FAIL: Runner returned incorrect result
Config = AttentionConfiguration(datatype='f16', g=5, seq_len_q=1, seq_len_k=331, num_heads_q=1, num_heads_kv=1, head_dim_qk=69, head_dim_v=208, with_attn_scale=False, with_attn_bias=False, trans_q=False, trans_k=True, trans_v=True, trans_o=False, causal=False, return_lse=True, split_kv=8, current_seqlen=[255, 18, 268, 69, 317], arch='gfx1100', chip='gfx1100', num_cu=70, num_chiplets=1, perfconfig='attn:v1:128,64,32,2,1,16,32,1,1,4,4')
Command line = -operation attention -t f16 --arch gfx1100 --num_cu 70 --num_chiplets 1 -g 5 -seq_len_q 1 -seq_len_k 331 -num_heads_q 1 -num_heads_kv 1 -head_dim_qk 69 -head_dim_v 208 -with-attn-scale=False -with-attn-bias=False -transQ=False -transK=True -transV=True -transO=False -causal=False -return_lse=True -split_kv=8 --perf_config=attn:v1:128,64,32,2,1,16,32,1,1,4,4 --current_seq_len=255,18,268,69,317 -pv
Output = Number of elements: 8320
maxAbsDiff info: maxAbsDiff = 0.006836 (valNum = 0.08496, gpuNum = 0.07812), average absDiff = 1.7e-03
maxRelDiff info: maxRelDiff = 8.0e-02 (valNum = 0.0849609375, gpuNum = 0.0781250000), average relDiff = 2.0e-02
RMS = 2.3e-02
Histogram of relDiff: 
        relDiff = 0     : 1112/8320 (13.365385%)
     0 < relDiff < 1e-06: 0/8320 (0.000000%)
1e-06 < relDiff <= 1e-05: 0/8320 (0.000000%)
1e-05 < relDiff <= 1e-04: 0/8320 (0.000000%)
1e-04 < relDiff <= 1e-03: 2216/8320 (26.634615%)
1e-03 < relDiff <= 1e-02: 1112/8320 (13.365385%)
1e-02 < relDiff <= 1e-01: 3880/8320 (46.634615%)
1e-01 < relDiff <= 1e+00: 0/8320 (0.000000%)
1e+00 < relDiff < inf   : 0/8320 (0.000000%)
        relDiff = inf   : 0/8320 (0.000000%)
[0 1 1]

Lowering rejected config as not applicable
Command line = -operation attention -t f32 --arch gfx1100 --num_cu 70 --num_chiplets 1 -g 5 -seq_len_q 111 -seq_len_k 336 -num_heads_q 8 -num_heads_kv 2 -head_dim_qk 37 -head_dim_v 104 -with-attn-scale=True -with-attn-bias=False -transQ=False -transK=True -transV=True -transO=False -causal=False -return_lse=True -split_kv=4 --perf_config=attn:v1:16,256,16,1,1,4,32,1,2,8,1 -pv -relDiff_threshold 1e-4
Errors = loc("<stdin>":25:1): error: ttg.shared (131072) exceeds LDS limit (65536) for amdgcn-amd-amdhsa:gfx1100
Lowering not applicable.

----------------------------------------------------------------------------------------------------
NOT_APPLICABLE: AttentionConfiguration(datatype='f32', g=5, seq_len_q=111, seq_len_k=336, num_heads_q=8, num_heads_kv=2, head_dim_qk=37, head_dim_v=104, with_attn_scale=True, with_attn_bias=False, trans_q=False, trans_k=True, trans_v=True, trans_o=False, causal=False, return_lse=True, split_kv=4, current_seqlen=None, arch='gfx1100', chip='gfx1100', num_cu=70, num_chiplets=1, perfconfig='attn:v1:16,256,16,1,1,4,32,1,2,8,1')
Lowering rejected config as not applicable
Command line = -operation attention -t f32 --arch gfx1100 --num_cu 70 --num_chiplets 1 -g 8 -seq_len_q 1 -seq_len_k 448 -num_heads_q 16 -num_heads_kv 2 -head_dim_qk 85 -head_dim_v 241 -with-attn-scale=True -with-attn-bias=True -transQ=True -transK=False -transV=True -transO=True -causal=False -return_lse=False -split_kv=1 --perf_config=attn:v1:128,64,64,2,1,8,16,1,3,0,8 --current_seq_len=186,48,163,224,188,235,304,375 -pv -relDiff_threshold 1e-4
Errors = loc("<stdin>":28:1): error: ttg.shared (98304) exceeds LDS limit (65536) for amdgcn-amd-amdhsa:gfx1100
Lowering not applicable.

----------------------------------------------------------------------------------------------------
NOT_APPLICABLE: AttentionConfiguration(datatype='f32', g=8, seq_len_q=1, seq_len_k=448, num_heads_q=16, num_heads_kv=2, head_dim_qk=85, head_dim_v=241, with_attn_scale=True, with_attn_bias=True, trans_q=True, trans_k=False, trans_v=True, trans_o=True, causal=False, return_lse=False, split_kv=1, current_seqlen=[186, 48, 163, 224, 188, 235, 304, 375], arch='gfx1100', chip='gfx1100', num_cu=70, num_chiplets=1, perfconfig='attn:v1:128,64,64,2,1,8,16,1,3,0,8')
Lowering rejected config as not applicable
Command line = -operation attention -t bf16 --arch gfx1100 --num_cu 70 --num_chiplets 1 -g 3 -seq_len_q 104 -seq_len_k 957 -num_heads_q 4 -num_heads_kv 2 -head_dim_qk 149 -head_dim_v 21 -with-attn-scale=False -with-attn-bias=False -transQ=True -transK=False -transV=False -transO=True -causal=True -return_lse=True -split_kv=8 --perf_config=attn:v1:128,256,128,1,1,8,32,1,2,0,0 -pv -RMS_threshold 1e-2
Errors = loc("<stdin>":24:1): error: ttg.shared (98304) exceeds LDS limit (65536) for amdgcn-amd-amdhsa:gfx1100
Lowering not applicable.

----------------------------------------------------------------------------------------------------
NOT_APPLICABLE: AttentionConfiguration(datatype='bf16', g=3, seq_len_q=104, seq_len_k=957, num_heads_q=4, num_heads_kv=2, head_dim_qk=149, head_dim_v=21, with_attn_scale=False, with_attn_bias=False, trans_q=True, trans_k=False, trans_v=False, trans_o=True, causal=True, return_lse=True, split_kv=8, current_seqlen=None, arch='gfx1100', chip='gfx1100', num_cu=70, num_chiplets=1, perfconfig='attn:v1:128,256,128,1,1,8,32,1,2,0,0')
----------------------------------------------------------------------------------------------------
PASS: AttentionConfiguration(datatype='f16', g=8, seq_len_q=176, seq_len_k=414, num_heads_q=16, num_heads_kv=8, head_dim_qk=24, head_dim_v=40, with_attn_scale=True, with_attn_bias=False, trans_q=False, trans_k=True, trans_v=False, trans_o=True, causal=False, return_lse=False, split_kv=1, current_seqlen=None, arch='gfx1100', chip='gfx1100', num_cu=70, num_chiplets=1, perfconfig='attn:v1:16,32,16,1,1,8,16,1,1,2,1')
----------------------------------------------------------------------------------------------------
PASS: AttentionConfiguration(datatype='i8', g=4, seq_len_q=5, seq_len_k=393, num_heads_q=64, num_heads_kv=16, head_dim_qk=233, head_dim_v=246, with_attn_scale=True, with_attn_bias=False, trans_q=False, trans_k=False, trans_v=False, trans_o=True, causal=True, return_lse=True, split_kv=2, current_seqlen=None, arch='gfx1100', chip='gfx1100', num_cu=70, num_chiplets=1, perfconfig='attn:v1:16,16,128,2,1,4,32,1,3,1,4')
----------------------------------------------------------------------------------------------------
PASS: AttentionConfiguration(datatype='i8', g=8, seq_len_q=231, seq_len_k=319, num_heads_q=16, num_heads_kv=8, head_dim_qk=225, head_dim_v=64, with_attn_scale=True, with_attn_bias=True, trans_q=False, trans_k=True, trans_v=False, trans_o=False, causal=False, return_lse=True, split_kv=1, current_seqlen=None, arch='gfx1100', chip='gfx1100', num_cu=70, num_chiplets=1, perfconfig='attn:v1:256,64,32,1,1,2,0,1,1,2,0')
----------------------------------------------------------------------------------------------------
PASS: AttentionConfiguration(datatype='i8', g=6, seq_len_q=331, seq_len_k=657, num_heads_q=128, num_heads_kv=16, head_dim_qk=115, head_dim_v=80, with_attn_scale=True, with_attn_bias=False, trans_q=True, trans_k=True, trans_v=False, trans_o=False, causal=False, return_lse=False, split_kv=1, current_seqlen=None, arch='gfx1100', chip='gfx1100', num_cu=70, num_chiplets=1, perfconfig='attn:v1:16,64,32,1,1,4,32,1,2,8,1')
----------------------------------------------------------------------------------------------------
PASS: AttentionConfiguration(datatype='i8', g=4, seq_len_q=20, seq_len_k=280, num_heads_q=32, num_heads_kv=16, head_dim_qk=143, head_dim_v=206, with_attn_scale=False, with_attn_bias=True, trans_q=True, trans_k=True, trans_v=True, trans_o=False, causal=True, return_lse=True, split_kv=8, current_seqlen=None, arch='gfx1100', chip='gfx1100', num_cu=70, num_chiplets=1, perfconfig='attn:v1:128,64,128,1,1,1,32,1,1,2,8')
----------------------------------------------------------------------------------------------------
PASS: AttentionConfiguration(datatype='bf16', g=1, seq_len_q=1, seq_len_k=1368, num_heads_q=32, num_heads_kv=16, head_dim_qk=150, head_dim_v=206, with_attn_scale=False, with_attn_bias=True, trans_q=True, trans_k=True, trans_v=False, trans_o=True, causal=False, return_lse=False, split_kv=1, current_seqlen=[998], arch='gfx1100', chip='gfx1100', num_cu=70, num_chiplets=1, perfconfig='attn:v1:32,128,128,2,1,16,32,1,2,0,1')
----------------------------------------------------------------------------------------------------
PASS: AttentionConfiguration(datatype='i8', g=3, seq_len_q=1, seq_len_k=552, num_heads_q=8, num_heads_kv=2, head_dim_qk=38, head_dim_v=25, with_attn_scale=True, with_attn_bias=False, trans_q=True, trans_k=True, trans_v=True, trans_o=False, causal=False, return_lse=False, split_kv=1, current_seqlen=[502, 341, 256], arch='gfx1100', chip='gfx1100', num_cu=70, num_chiplets=1, perfconfig='attn:v1:32,128,32,2,1,8,16,1,1,1,0')
----------------------------------------------------------------------------------------------------
FAIL: AttentionConfiguration(datatype='f16', g=5, seq_len_q=1, seq_len_k=331, num_heads_q=1, num_heads_kv=1, head_dim_qk=69, head_dim_v=208, with_attn_scale=False, with_attn_bias=False, trans_q=False, trans_k=True, trans_v=True, trans_o=False, causal=False, return_lse=True, split_kv=8, current_seqlen=[255, 18, 268, 69, 317], arch='gfx1100', chip='gfx1100', num_cu=70, num_chiplets=1, perfconfig='attn:v1:128,64,32,2,1,16,32,1,1,4,4')
----------------------------------------------------------------------------------------------------
PASS: AttentionConfiguration(datatype='f16', g=7, seq_len_q=1, seq_len_k=182, num_heads_q=64, num_heads_kv=8, head_dim_qk=72, head_dim_v=37, with_attn_scale=False, with_attn_bias=False, trans_q=True, trans_k=False, trans_v=False, trans_o=False, causal=False, return_lse=True, split_kv=4, current_seqlen=[144, 30, 114, 9, 71, 91, 66], arch='gfx1100', chip='gfx1100', num_cu=70, num_chiplets=1, perfconfig='attn:v1:16,32,128,1,1,4,32,1,2,0,2')
FAIL: Runner returned incorrect result
Config = AttentionConfiguration(datatype='f16', g=7, seq_len_q=1, seq_len_k=117, num_heads_q=64, num_heads_kv=4, head_dim_qk=91, head_dim_v=61, with_attn_scale=False, with_attn_bias=True, trans_q=False, trans_k=False, trans_v=True, trans_o=True, causal=False, return_lse=True, split_kv=8, current_seqlen=None, arch='gfx1100', chip='gfx1100', num_cu=70, num_chiplets=1, perfconfig='attn:v1:64,32,16,2,1,8,32,1,1,0,1')
Command line = -operation attention -t f16 --arch gfx1100 --num_cu 70 --num_chiplets 1 -g 7 -seq_len_q 1 -seq_len_k 117 -num_heads_q 64 -num_heads_kv 4 -head_dim_qk 91 -head_dim_v 61 -with-attn-scale=False -with-attn-bias=True -transQ=False -transK=False -transV=True -transO=True -causal=False -return_lse=True -split_kv=8 --perf_config=attn:v1:64,32,16,2,1,8,32,1,1,0,1 -pv
Output = Number of elements: 218624
maxAbsDiff info: maxAbsDiff = 0.001953 (valNum = 0.71680, gpuNum = 0.71484), average absDiff = 1.5e-03
maxRelDiff info: maxRelDiff = 2.7e-03 (valNum = 0.7167968750, gpuNum = 0.7148437500), average relDiff = 2.0e-03
RMS = 2.1e-03
Histogram of relDiff: 
        relDiff = 0     : 0/218624 (0.000000%)
     0 < relDiff < 1e-06: 0/218624 (0.000000%)
1e-06 < relDiff <= 1e-05: 0/218624 (0.000000%)
1e-05 < relDiff <= 1e-04: 0/218624 (0.000000%)
1e-04 < relDiff <= 1e-03: 0/218624 (0.000000%)
1e-03 < relDiff <= 1e-02: 218624/218624 (100.000000%)
1e-02 < relDiff <= 1e-01: 0/218624 (0.000000%)
1e-01 < relDiff <= 1e+00: 0/218624 (0.000000%)
1e+00 < relDiff < inf   : 0/218624 (0.000000%)
        relDiff = inf   : 0/218624 (0.000000%)
[0 1 1]

----------------------------------------------------------------------------------------------------
PASS: AttentionConfiguration(datatype='f16', g=6, seq_len_q=71, seq_len_k=465, num_heads_q=1, num_heads_kv=1, head_dim_qk=187, head_dim_v=80, with_attn_scale=True, with_attn_bias=False, trans_q=True, trans_k=False, trans_v=False, trans_o=False, causal=False, return_lse=False, split_kv=1, current_seqlen=None, arch='gfx1100', chip='gfx1100', num_cu=70, num_chiplets=1, perfconfig='attn:v1:32,16,32,1,1,1,16,1,3,2,4')
----------------------------------------------------------------------------------------------------
PASS: AttentionConfiguration(datatype='bf16', g=5, seq_len_q=97, seq_len_k=398, num_heads_q=128, num_heads_kv=32, head_dim_qk=77, head_dim_v=25, with_attn_scale=False, with_attn_bias=True, trans_q=True, trans_k=True, trans_v=True, trans_o=False, causal=False, return_lse=False, split_kv=1, current_seqlen=None, arch='gfx1100', chip='gfx1100', num_cu=70, num_chiplets=1, perfconfig='attn:v1:128,128,32,1,1,16,0,1,3,8,4')
----------------------------------------------------------------------------------------------------
PASS: AttentionConfiguration(datatype='f16', g=2, seq_len_q=1, seq_len_k=338, num_heads_q=32, num_heads_kv=16, head_dim_qk=97, head_dim_v=163, with_attn_scale=True, with_attn_bias=True, trans_q=True, trans_k=True, trans_v=False, trans_o=False, causal=False, return_lse=True, split_kv=4, current_seqlen=[332, 250], arch='gfx1100', chip='gfx1100', num_cu=70, num_chiplets=1, perfconfig='attn:v1:16,128,32,1,1,2,32,1,2,1,8')
----------------------------------------------------------------------------------------------------
PASS: AttentionConfiguration(datatype='i8', g=6, seq_len_q=259, seq_len_k=501, num_heads_q=32, num_heads_kv=4, head_dim_qk=88, head_dim_v=140, with_attn_scale=False, with_attn_bias=False, trans_q=True, trans_k=True, trans_v=False, trans_o=True, causal=False, return_lse=True, split_kv=1, current_seqlen=None, arch='gfx1100', chip='gfx1100', num_cu=70, num_chiplets=1, perfconfig='attn:v1:128,64,64,2,1,2,0,1,3,0,0')
----------------------------------------------------------------------------------------------------
PASS: AttentionConfiguration(datatype='i8', g=8, seq_len_q=1, seq_len_k=9, num_heads_q=1, num_heads_kv=1, head_dim_qk=106, head_dim_v=74, with_attn_scale=False, with_attn_bias=False, trans_q=False, trans_k=False, trans_v=False, trans_o=False, causal=False, return_lse=True, split_kv=8, current_seqlen=[5, 2, 4, 5, 7, 8, 2, 1], arch='gfx1100', chip='gfx1100', num_cu=70, num_chiplets=1, perfconfig='attn:v1:64,16,16,2,1,16,32,1,3,0,8')
----------------------------------------------------------------------------------------------------
FAIL: AttentionConfiguration(datatype='f16', g=7, seq_len_q=1, seq_len_k=117, num_heads_q=64, num_heads_kv=4, head_dim_qk=91, head_dim_v=61, with_attn_scale=False, with_attn_bias=True, trans_q=False, trans_k=False, trans_v=True, trans_o=True, causal=False, return_lse=True, split_kv=8, current_seqlen=None, arch='gfx1100', chip='gfx1100', num_cu=70, num_chiplets=1, perfconfig='attn:v1:64,32,16,2,1,8,32,1,1,0,1')
----------------------------------------------------------------------------------------------------
PASS: AttentionConfiguration(datatype='f32', g=4, seq_len_q=1, seq_len_k=663, num_heads_q=32, num_heads_kv=16, head_dim_qk=56, head_dim_v=152, with_attn_scale=True, with_attn_bias=False, trans_q=False, trans_k=False, trans_v=True, trans_o=True, causal=False, return_lse=False, split_kv=1, current_seqlen=[232, 342, 180, 332], arch='gfx1100', chip='gfx1100', num_cu=70, num_chiplets=1, perfconfig='attn:v1:32,32,128,2,1,8,16,1,2,2,1')
Lowering rejected config as not applicable
Command line = -operation attention -t i8 --arch gfx1100 --num_cu 70 --num_chiplets 1 -g 8 -seq_len_q 229 -seq_len_k 451 -num_heads_q 16 -num_heads_kv 2 -head_dim_qk 251 -head_dim_v 125 -with-attn-scale=True -with-attn-bias=False -transQ=False -transK=False -transV=True -transO=False -causal=True -return_lse=True -split_kv=16 --perf_config=attn:v1:256,256,64,2,1,8,0,1,1,1,4 -pv
Errors = loc("<stdin>":30:1): error: ttg.shared (131072) exceeds LDS limit (65536) for amdgcn-amd-amdhsa:gfx1100
Lowering not applicable.

----------------------------------------------------------------------------------------------------
NOT_APPLICABLE: AttentionConfiguration(datatype='i8', g=8, seq_len_q=229, seq_len_k=451, num_heads_q=16, num_heads_kv=2, head_dim_qk=251, head_dim_v=125, with_attn_scale=True, with_attn_bias=False, trans_q=False, trans_k=False, trans_v=True, trans_o=False, causal=True, return_lse=True, split_kv=16, current_seqlen=None, arch='gfx1100', chip='gfx1100', num_cu=70, num_chiplets=1, perfconfig='attn:v1:256,256,64,2,1,8,0,1,1,1,4')
----------------------------------------------------------------------------------------------------
PASS: AttentionConfiguration(datatype='bf16', g=8, seq_len_q=144, seq_len_k=367, num_heads_q=1, num_heads_kv=1, head_dim_qk=114, head_dim_v=247, with_attn_scale=False, with_attn_bias=True, trans_q=True, trans_k=True, trans_v=True, trans_o=False, causal=False, return_lse=False, split_kv=1, current_seqlen=None, arch='gfx1100', chip='gfx1100', num_cu=70, num_chiplets=1, perfconfig='attn:v1:64,32,128,2,1,2,16,1,1,1,4')
----------------------------------------------------------------------------------------------------
PASS: AttentionConfiguration(datatype='i8', g=5, seq_len_q=1, seq_len_k=696, num_heads_q=1, num_heads_kv=1, head_dim_qk=67, head_dim_v=212, with_attn_scale=False, with_attn_bias=True, trans_q=True, trans_k=True, trans_v=True, trans_o=False, causal=False, return_lse=False, split_kv=1, current_seqlen=[160, 471, 484, 508, 665], arch='gfx1100', chip='gfx1100', num_cu=70, num_chiplets=1, perfconfig='attn:v1:64,16,32,2,1,2,32,1,2,8,4')
----------------------------------------------------------------------------------------------------
PASS: AttentionConfiguration(datatype='f32', g=4, seq_len_q=1, seq_len_k=370, num_heads_q=64, num_heads_kv=32, head_dim_qk=52, head_dim_v=135, with_attn_scale=False, with_attn_bias=False, trans_q=False, trans_k=True, trans_v=True, trans_o=True, causal=False, return_lse=False, split_kv=1, current_seqlen=[231, 36, 352, 126], arch='gfx1100', chip='gfx1100', num_cu=70, num_chiplets=1, perfconfig='attn:v1:128,32,128,2,1,4,16,1,2,0,8')
----------------------------------------------------------------------------------------------------
PASS: AttentionConfiguration(datatype='f16', g=8, seq_len_q=222, seq_len_k=106, num_heads_q=16, num_heads_kv=8, head_dim_qk=55, head_dim_v=54, with_attn_scale=False, with_attn_bias=False, trans_q=True, trans_k=True, trans_v=False, trans_o=True, causal=False, return_lse=False, split_kv=1, current_seqlen=None, arch='gfx1100', chip='gfx1100', num_cu=70, num_chiplets=1, perfconfig='attn:v1:128,128,16,2,1,1,32,1,1,2,1')
Lowering rejected config as not applicable
Command line = -operation attention -t f32 --arch gfx1100 --num_cu 70 --num_chiplets 1 -g 5 -seq_len_q 1 -seq_len_k 202 -num_heads_q 64 -num_heads_kv 4 -head_dim_qk 179 -head_dim_v 70 -with-attn-scale=True -with-attn-bias=False -transQ=False -transK=True -transV=False -transO=True -causal=False -return_lse=True -split_kv=1 --perf_config=attn:v1:256,64,128,2,1,8,16,1,2,0,2 --current_seq_len=16,139,139,117,138 -pv -relDiff_threshold 1e-4
Errors = loc("<stdin>":30:1): error: ttg.shared (163840) exceeds LDS limit (65536) for amdgcn-amd-amdhsa:gfx1100
Lowering not applicable.

----------------------------------------------------------------------------------------------------
NOT_APPLICABLE: AttentionConfiguration(datatype='f32', g=5, seq_len_q=1, seq_len_k=202, num_heads_q=64, num_heads_kv=4, head_dim_qk=179, head_dim_v=70, with_attn_scale=True, with_attn_bias=False, trans_q=False, trans_k=True, trans_v=False, trans_o=True, causal=False, return_lse=True, split_kv=1, current_seqlen=[16, 139, 139, 117, 138], arch='gfx1100', chip='gfx1100', num_cu=70, num_chiplets=1, perfconfig='attn:v1:256,64,128,2,1,8,16,1,2,0,2')
FAIL: Timeout in rocmlir-driver stage (120s)
Config = AttentionConfiguration(datatype='i8', g=8, seq_len_q=175, seq_len_k=97, num_heads_q=1, num_heads_kv=1, head_dim_qk=116, head_dim_v=130, with_attn_scale=True, with_attn_bias=False, trans_q=True, trans_k=True, trans_v=False, trans_o=False, causal=False, return_lse=False, split_kv=1, current_seqlen=None, arch='gfx1100', chip='gfx1100', num_cu=70, num_chiplets=1, perfconfig='attn:v1:256,16,16,2,1,2,16,1,1,2,2')
Command line = -operation attention -t i8 --arch gfx1100 --num_cu 70 --num_chiplets 1 -g 8 -seq_len_q 175 -seq_len_k 97 -num_heads_q 1 -num_heads_kv 1 -head_dim_qk 116 -head_dim_v 130 -with-attn-scale=True -with-attn-bias=False -transQ=True -transK=True -transV=False -transO=False -causal=False -return_lse=False -split_kv=1 --perf_config=attn:v1:256,16,16,2,1,2,16,1,1,2,2 -pv
FAIL: Timeout in rocmlir-driver stage (120s)
Config = AttentionConfiguration(datatype='f32', g=4, seq_len_q=1, seq_len_k=14, num_heads_q=8, num_heads_kv=2, head_dim_qk=132, head_dim_v=220, with_attn_scale=True, with_attn_bias=True, trans_q=False, trans_k=False, trans_v=False, trans_o=False, causal=False, return_lse=False, split_kv=1, current_seqlen=[2, 8, 3, 5], arch='gfx1100', chip='gfx1100', num_cu=70, num_chiplets=1, perfconfig='attn:v1:128,128,32,1,1,2,0,1,2,1,1')
Command line = -operation attention -t f32 --arch gfx1100 --num_cu 70 --num_chiplets 1 -g 4 -seq_len_q 1 -seq_len_k 14 -num_heads_q 8 -num_heads_kv 2 -head_dim_qk 132 -head_dim_v 220 -with-attn-scale=True -with-attn-bias=True -transQ=False -transK=False -transV=False -transO=False -causal=False -return_lse=False -split_kv=1 --perf_config=attn:v1:128,128,32,1,1,2,0,1,2,1,1 --current_seq_len=2,8,3,5 -pv -relDiff_threshold 1e-4
FAIL: Timeout in rocmlir-driver stage (120s)
Config = AttentionConfiguration(datatype='f16', g=6, seq_len_q=249, seq_len_k=468, num_heads_q=16, num_heads_kv=2, head_dim_qk=152, head_dim_v=114, with_attn_scale=True, with_attn_bias=False, trans_q=True, trans_k=False, trans_v=False, trans_o=True, causal=False, return_lse=True, split_kv=4, current_seqlen=None, arch='gfx1100', chip='gfx1100', num_cu=70, num_chiplets=1, perfconfig='attn:v1:256,256,16,2,1,1,16,1,2,4,4')
Command line = -operation attention -t f16 --arch gfx1100 --num_cu 70 --num_chiplets 1 -g 6 -seq_len_q 249 -seq_len_k 468 -num_heads_q 16 -num_heads_kv 2 -head_dim_qk 152 -head_dim_v 114 -with-attn-scale=True -with-attn-bias=False -transQ=True -transK=False -transV=False -transO=True -causal=False -return_lse=True -split_kv=4 --perf_config=attn:v1:256,256,16,2,1,1,16,1,2,4,4 -pv
----------------------------------------------------------------------------------------------------
PASS: AttentionConfiguration(datatype='f32', g=8, seq_len_q=1, seq_len_k=331, num_heads_q=1, num_heads_kv=1, head_dim_qk=112, head_dim_v=70, with_attn_scale=False, with_attn_bias=False, trans_q=True, trans_k=False, trans_v=True, trans_o=False, causal=False, return_lse=True, split_kv=8, current_seqlen=[301, 194, 275, 182, 276, 108, 224, 230], arch='gfx1100', chip='gfx1100', num_cu=70, num_chiplets=1, perfconfig='attn:v1:32,16,16,2,1,16,32,1,1,4,1')
----------------------------------------------------------------------------------------------------
PASS: AttentionConfiguration(datatype='f32', g=7, seq_len_q=6, seq_len_k=186, num_heads_q=1, num_heads_kv=1, head_dim_qk=151, head_dim_v=66, with_attn_scale=False, with_attn_bias=True, trans_q=False, trans_k=False, trans_v=True, trans_o=False, causal=True, return_lse=True, split_kv=2, current_seqlen=None, arch='gfx1100', chip='gfx1100', num_cu=70, num_chiplets=1, perfconfig='attn:v1:64,16,32,2,1,16,16,1,2,8,1')
----------------------------------------------------------------------------------------------------
PASS: AttentionConfiguration(datatype='bf16', g=1, seq_len_q=37, seq_len_k=3065, num_heads_q=1, num_heads_kv=1, head_dim_qk=86, head_dim_v=69, with_attn_scale=False, with_attn_bias=True, trans_q=False, trans_k=True, trans_v=False, trans_o=True, causal=False, return_lse=True, split_kv=32, current_seqlen=None, arch='gfx1100', chip='gfx1100', num_cu=70, num_chiplets=1, perfconfig='attn:v1:16,256,32,1,1,8,32,1,1,8,2')
----------------------------------------------------------------------------------------------------
PASS: AttentionConfiguration(datatype='bf16', g=8, seq_len_q=86, seq_len_k=456, num_heads_q=1, num_heads_kv=1, head_dim_qk=105, head_dim_v=97, with_attn_scale=True, with_attn_bias=False, trans_q=True, trans_k=False, trans_v=True, trans_o=True, causal=True, return_lse=True, split_kv=4, current_seqlen=None, arch='gfx1100', chip='gfx1100', num_cu=70, num_chiplets=1, perfconfig='attn:v1:128,128,16,1,1,16,0,1,3,4,0')
----------------------------------------------------------------------------------------------------
PASS: AttentionConfiguration(datatype='f32', g=7, seq_len_q=348, seq_len_k=122, num_heads_q=16, num_heads_kv=4, head_dim_qk=251, head_dim_v=4, with_attn_scale=False, with_attn_bias=True, trans_q=True, trans_k=False, trans_v=True, trans_o=False, causal=False, return_lse=False, split_kv=1, current_seqlen=None, arch='gfx1100', chip='gfx1100', num_cu=70, num_chiplets=1, perfconfig='attn:v1:128,128,64,2,1,16,0,1,1,4,8')
----------------------------------------------------------------------------------------------------
FAIL: AttentionConfiguration(datatype='i8', g=8, seq_len_q=175, seq_len_k=97, num_heads_q=1, num_heads_kv=1, head_dim_qk=116, head_dim_v=130, with_attn_scale=True, with_attn_bias=False, trans_q=True, trans_k=True, trans_v=False, trans_o=False, causal=False, return_lse=False, split_kv=1, current_seqlen=None, arch='gfx1100', chip='gfx1100', num_cu=70, num_chiplets=1, perfconfig='attn:v1:256,16,16,2,1,2,16,1,1,2,2')
----------------------------------------------------------------------------------------------------
FAIL: AttentionConfiguration(datatype='f32', g=4, seq_len_q=1, seq_len_k=14, num_heads_q=8, num_heads_kv=2, head_dim_qk=132, head_dim_v=220, with_attn_scale=True, with_attn_bias=True, trans_q=False, trans_k=False, trans_v=False, trans_o=False, causal=False, return_lse=False, split_kv=1, current_seqlen=[2, 8, 3, 5], arch='gfx1100', chip='gfx1100', num_cu=70, num_chiplets=1, perfconfig='attn:v1:128,128,32,1,1,2,0,1,2,1,1')
----------------------------------------------------------------------------------------------------
PASS: AttentionConfiguration(datatype='f16', g=8, seq_len_q=1, seq_len_k=214, num_heads_q=32, num_heads_kv=8, head_dim_qk=25, head_dim_v=215, with_attn_scale=True, with_attn_bias=False, trans_q=True, trans_k=False, trans_v=False, trans_o=True, causal=False, return_lse=False, split_kv=1, current_seqlen=[181, 135, 15, 124, 54, 180, 71, 92], arch='gfx1100', chip='gfx1100', num_cu=70, num_chiplets=1, perfconfig='attn:v1:16,32,64,1,1,8,16,1,3,0,0')
----------------------------------------------------------------------------------------------------
PASS: AttentionConfiguration(datatype='bf16', g=2, seq_len_q=1, seq_len_k=968, num_heads_q=1, num_heads_kv=1, head_dim_qk=15, head_dim_v=203, with_attn_scale=False, with_attn_bias=False, trans_q=True, trans_k=True, trans_v=False, trans_o=True, causal=False, return_lse=False, split_kv=1, current_seqlen=[764, 933], arch='gfx1100', chip='gfx1100', num_cu=70, num_chiplets=1, perfconfig='attn:v1:64,128,128,2,1,16,32,1,1,4,2')
----------------------------------------------------------------------------------------------------
PASS: AttentionConfiguration(datatype='bf16', g=4, seq_len_q=570, seq_len_k=258, num_heads_q=1, num_heads_kv=1, head_dim_qk=255, head_dim_v=4, with_attn_scale=False, with_attn_bias=True, trans_q=True, trans_k=False, trans_v=True, trans_o=False, causal=True, return_lse=False, split_kv=1, current_seqlen=None, arch='gfx1100', chip='gfx1100', num_cu=70, num_chiplets=1, perfconfig='attn:v1:64,16,128,2,1,2,0,1,2,8,8')
----------------------------------------------------------------------------------------------------
PASS: AttentionConfiguration(datatype='bf16', g=8, seq_len_q=1, seq_len_k=188, num_heads_q=128, num_heads_kv=32, head_dim_qk=150, head_dim_v=104, with_attn_scale=True, with_attn_bias=True, trans_q=False, trans_k=False, trans_v=False, trans_o=False, causal=True, return_lse=True, split_kv=8, current_seqlen=None, arch='gfx1100', chip='gfx1100', num_cu=70, num_chiplets=1, perfconfig='attn:v1:64,16,128,2,1,2,0,1,1,8,8')
----------------------------------------------------------------------------------------------------
PASS: AttentionConfiguration(datatype='f16', g=7, seq_len_q=1, seq_len_k=561, num_heads_q=64, num_heads_kv=32, head_dim_qk=223, head_dim_v=64, with_attn_scale=True, with_attn_bias=True, trans_q=False, trans_k=False, trans_v=False, trans_o=True, causal=False, return_lse=True, split_kv=1, current_seqlen=[1, 218, 138, 325, 83, 456, 122], arch='gfx1100', chip='gfx1100', num_cu=70, num_chiplets=1, perfconfig='attn:v1:128,128,32,2,1,4,32,1,2,8,4')
----------------------------------------------------------------------------------------------------
PASS: AttentionConfiguration(datatype='f32', g=5, seq_len_q=1, seq_len_k=130, num_heads_q=1, num_heads_kv=1, head_dim_qk=209, head_dim_v=121, with_attn_scale=False, with_attn_bias=False, trans_q=False, trans_k=False, trans_v=True, trans_o=True, causal=False, return_lse=True, split_kv=32, current_seqlen=[60, 102, 28, 68, 119], arch='gfx1100', chip='gfx1100', num_cu=70, num_chiplets=1, perfconfig='attn:v1:16,128,32,2,1,2,32,1,3,1,2')
----------------------------------------------------------------------------------------------------
PASS: AttentionConfiguration(datatype='f32', g=4, seq_len_q=201, seq_len_k=785, num_heads_q=64, num_heads_kv=32, head_dim_qk=226, head_dim_v=191, with_attn_scale=False, with_attn_bias=False, trans_q=True, trans_k=False, trans_v=True, trans_o=True, causal=False, return_lse=False, split_kv=1, current_seqlen=None, arch='gfx1100', chip='gfx1100', num_cu=70, num_chiplets=1, perfconfig='attn:v1:32,64,64,1,1,8,16,1,3,1,1')
----------------------------------------------------------------------------------------------------
FAIL: AttentionConfiguration(datatype='f16', g=6, seq_len_q=249, seq_len_k=468, num_heads_q=16, num_heads_kv=2, head_dim_qk=152, head_dim_v=114, with_attn_scale=True, with_attn_bias=False, trans_q=True, trans_k=False, trans_v=False, trans_o=True, causal=False, return_lse=True, split_kv=4, current_seqlen=None, arch='gfx1100', chip='gfx1100', num_cu=70, num_chiplets=1, perfconfig='attn:v1:256,256,16,2,1,1,16,1,2,4,4')
----------------------------------------------------------------------------------------------------
PASS: AttentionConfiguration(datatype='f32', g=8, seq_len_q=1, seq_len_k=408, num_heads_q=16, num_heads_kv=8, head_dim_qk=10, head_dim_v=141, with_attn_scale=False, with_attn_bias=True, trans_q=False, trans_k=False, trans_v=True, trans_o=False, causal=False, return_lse=False, split_kv=1, current_seqlen=[294, 8, 10, 141, 94, 392, 216, 394], arch='gfx1100', chip='gfx1100', num_cu=70, num_chiplets=1, perfconfig='attn:v1:16,32,64,1,1,16,16,1,2,0,1')
----------------------------------------------------------------------------------------------------
PASS: AttentionConfiguration(datatype='bf16', g=2, seq_len_q=1, seq_len_k=336, num_heads_q=1, num_heads_kv=1, head_dim_qk=219, head_dim_v=69, with_attn_scale=True, with_attn_bias=False, trans_q=True, trans_k=True, trans_v=False, trans_o=True, causal=False, return_lse=False, split_kv=1, current_seqlen=[224, 8], arch='gfx1100', chip='gfx1100', num_cu=70, num_chiplets=1, perfconfig='attn:v1:32,16,16,2,1,2,32,1,1,8,1')
----------------------------------------------------------------------------------------------------
PASS: AttentionConfiguration(datatype='f16', g=4, seq_len_q=1, seq_len_k=200, num_heads_q=1, num_heads_kv=1, head_dim_qk=228, head_dim_v=37, with_attn_scale=True, with_attn_bias=False, trans_q=True, trans_k=False, trans_v=True, trans_o=False, causal=False, return_lse=True, split_kv=1, current_seqlen=[81, 37, 162, 146], arch='gfx1100', chip='gfx1100', num_cu=70, num_chiplets=1, perfconfig='attn:v1:64,128,64,2,1,8,0,1,1,8,4')
----------------------------------------------------------------------------------------------------
PASS: AttentionConfiguration(datatype='bf16', g=4, seq_len_q=186, seq_len_k=976, num_heads_q=1, num_heads_kv=1, head_dim_qk=84, head_dim_v=45, with_attn_scale=True, with_attn_bias=True, trans_q=True, trans_k=False, trans_v=False, trans_o=False, causal=False, return_lse=False, split_kv=1, current_seqlen=None, arch='gfx1100', chip='gfx1100', num_cu=70, num_chiplets=1, perfconfig='attn:v1:16,64,64,1,1,8,32,1,2,4,1')
----------------------------------------------------------------------------------------------------
PASS: AttentionConfiguration(datatype='f16', g=4, seq_len_q=1, seq_len_k=798, num_heads_q=1, num_heads_kv=1, head_dim_qk=123, head_dim_v=166, with_attn_scale=True, with_attn_bias=False, trans_q=True, trans_k=True, trans_v=False, trans_o=False, causal=False, return_lse=True, split_kv=1, current_seqlen=[493, 675, 319, 17], arch='gfx1100', chip='gfx1100', num_cu=70, num_chiplets=1, perfconfig='attn:v1:64,64,16,2,1,4,16,1,3,8,1')
----------------------------------------------------------------------------------------------------
PASS: AttentionConfiguration(datatype='bf16', g=1, seq_len_q=1, seq_len_k=1505, num_heads_q=1, num_heads_kv=1, head_dim_qk=210, head_dim_v=107, with_attn_scale=False, with_attn_bias=False, trans_q=False, trans_k=False, trans_v=False, trans_o=False, causal=False, return_lse=True, split_kv=8, current_seqlen=[1360], arch='gfx1100', chip='gfx1100', num_cu=70, num_chiplets=1, perfconfig='attn:v1:32,128,64,1,1,2,32,1,3,8,8')
----------------------------------------------------------------------------------------------------
PASS: AttentionConfiguration(datatype='i8', g=5, seq_len_q=46, seq_len_k=566, num_heads_q=1, num_heads_kv=1, head_dim_qk=186, head_dim_v=111, with_attn_scale=False, with_attn_bias=False, trans_q=False, trans_k=True, trans_v=False, trans_o=False, causal=True, return_lse=True, split_kv=32, current_seqlen=None, arch='gfx1100', chip='gfx1100', num_cu=70, num_chiplets=1, perfconfig='attn:v1:128,128,128,1,1,8,32,1,2,1,0')
----------------------------------------------------------------------------------------------------
PASS: AttentionConfiguration(datatype='f32', g=8, seq_len_q=1, seq_len_k=67, num_heads_q=32, num_heads_kv=8, head_dim_qk=111, head_dim_v=253, with_attn_scale=True, with_attn_bias=True, trans_q=True, trans_k=False, trans_v=True, trans_o=False, causal=False, return_lse=False, split_kv=1, current_seqlen=[13, 38, 63, 12, 60, 20, 64, 56], arch='gfx1100', chip='gfx1100', num_cu=70, num_chiplets=1, perfconfig='attn:v1:128,16,128,1,1,4,16,1,2,0,0')
----------------------------------------------------------------------------------------------------
PASS: AttentionConfiguration(datatype='f32', g=3, seq_len_q=284, seq_len_k=719, num_heads_q=1, num_heads_kv=1, head_dim_qk=94, head_dim_v=83, with_attn_scale=True, with_attn_bias=True, trans_q=True, trans_k=True, trans_v=False, trans_o=True, causal=True, return_lse=False, split_kv=1, current_seqlen=None, arch='gfx1100', chip='gfx1100', num_cu=70, num_chiplets=1, perfconfig='attn:v1:16,16,16,1,1,16,16,1,2,1,1')
----------------------------------------------------------------------------------------------------
PASS: AttentionConfiguration(datatype='f32', g=6, seq_len_q=1, seq_len_k=82, num_heads_q=1, num_heads_kv=1, head_dim_qk=251, head_dim_v=98, with_attn_scale=False, with_attn_bias=False, trans_q=False, trans_k=True, trans_v=True, trans_o=True, causal=False, return_lse=True, split_kv=4, current_seqlen=[40, 52, 20, 60, 70, 15], arch='gfx1100', chip='gfx1100', num_cu=70, num_chiplets=1, perfconfig='attn:v1:32,32,16,2,1,16,0,1,3,2,0')
----------------------------------------------------------------------------------------------------
PASS: AttentionConfiguration(datatype='i8', g=8, seq_len_q=1, seq_len_k=180, num_heads_q=32, num_heads_kv=4, head_dim_qk=214, head_dim_v=233, with_attn_scale=True, with_attn_bias=True, trans_q=True, trans_k=True, trans_v=True, trans_o=True, causal=False, return_lse=False, split_kv=1, current_seqlen=[4, 148, 13, 130, 152, 38, 25, 139], arch='gfx1100', chip='gfx1100', num_cu=70, num_chiplets=1, perfconfig='attn:v1:64,32,128,2,1,16,0,1,1,8,8')
----------------------------------------------------------------------------------------------------
PASS: AttentionConfiguration(datatype='i8', g=8, seq_len_q=1, seq_len_k=307, num_heads_q=16, num_heads_kv=2, head_dim_qk=105, head_dim_v=145, with_attn_scale=False, with_attn_bias=False, trans_q=False, trans_k=False, trans_v=True, trans_o=False, causal=False, return_lse=False, split_kv=1, current_seqlen=[132, 97, 232, 83, 68, 154, 29, 76], arch='gfx1100', chip='gfx1100', num_cu=70, num_chiplets=1, perfconfig='attn:v1:16,32,16,2,1,2,32,1,3,1,1')
----------------------------------------------------------------------------------------------------
PASS: AttentionConfiguration(datatype='f16', g=3, seq_len_q=1, seq_len_k=557, num_heads_q=4, num_heads_kv=2, head_dim_qk=226, head_dim_v=248, with_attn_scale=True, with_attn_bias=True, trans_q=True, trans_k=False, trans_v=False, trans_o=False, causal=False, return_lse=False, split_kv=1, current_seqlen=[31, 523, 309], arch='gfx1100', chip='gfx1100', num_cu=70, num_chiplets=1, perfconfig='attn:v1:32,32,128,1,1,2,32,1,1,1,1')
----------------------------------------------------------------------------------------------------
PASS: AttentionConfiguration(datatype='i8', g=3, seq_len_q=22, seq_len_k=851, num_heads_q=1, num_heads_kv=1, head_dim_qk=205, head_dim_v=256, with_attn_scale=True, with_attn_bias=True, trans_q=False, trans_k=False, trans_v=False, trans_o=False, causal=False, return_lse=True, split_kv=32, current_seqlen=None, arch='gfx1100', chip='gfx1100', num_cu=70, num_chiplets=1, perfconfig='attn:v1:128,64,32,2,1,8,0,1,3,4,0')
----------------------------------------------------------------------------------------------------
PASS: AttentionConfiguration(datatype='f32', g=7, seq_len_q=1, seq_len_k=444, num_heads_q=128, num_heads_kv=4, head_dim_qk=166, head_dim_v=106, with_attn_scale=False, with_attn_bias=True, trans_q=False, trans_k=True, trans_v=True, trans_o=False, causal=False, return_lse=False, split_kv=1, current_seqlen=[273, 66, 121, 258, 386, 380, 62], arch='gfx1100', chip='gfx1100', num_cu=70, num_chiplets=1, perfconfig='attn:v1:32,128,32,1,1,8,16,1,2,1,4')
Lowering rejected config as not applicable
Command line = -operation attention -t bf16 --arch gfx1100 --num_cu 70 --num_chiplets 1 -g 1 -seq_len_q 1 -seq_len_k 2770 -num_heads_q 1 -num_heads_kv 1 -head_dim_qk 137 -head_dim_v 75 -with-attn-scale=False -with-attn-bias=True -transQ=False -transK=False -transV=True -transO=True -causal=False -return_lse=False -split_kv=1 --perf_config=attn:v1:128,256,64,2,1,2,0,1,3,8,4 --current_seq_len=51 -pv -RMS_threshold 1e-2
Errors = loc("<stdin>":21:1): error: ttg.shared (98304) exceeds LDS limit (65536) for amdgcn-amd-amdhsa:gfx1100
Lowering not applicable.

----------------------------------------------------------------------------------------------------
NOT_APPLICABLE: AttentionConfiguration(datatype='bf16', g=1, seq_len_q=1, seq_len_k=2770, num_heads_q=1, num_heads_kv=1, head_dim_qk=137, head_dim_v=75, with_attn_scale=False, with_attn_bias=True, trans_q=False, trans_k=False, trans_v=True, trans_o=True, causal=False, return_lse=False, split_kv=1, current_seqlen=[51], arch='gfx1100', chip='gfx1100', num_cu=70, num_chiplets=1, perfconfig='attn:v1:128,256,64,2,1,2,0,1,3,8,4')
Lowering rejected config as not applicable
Command line = -operation attention -t f32 --arch gfx1100 --num_cu 70 --num_chiplets 1 -g 3 -seq_len_q 1 -seq_len_k 588 -num_heads_q 128 -num_heads_kv 64 -head_dim_qk 225 -head_dim_v 146 -with-attn-scale=False -with-attn-bias=False -transQ=False -transK=False -transV=True -transO=True -causal=False -return_lse=True -split_kv=8 --perf_config=attn:v1:32,256,16,2,1,16,0,1,1,2,1 --current_seq_len=109,445,208 -pv -relDiff_threshold 1e-4
Errors = loc("<stdin>":31:1): error: ttg.shared (262144) exceeds LDS limit (65536) for amdgcn-amd-amdhsa:gfx1100
Lowering not applicable.

----------------------------------------------------------------------------------------------------
NOT_APPLICABLE: AttentionConfiguration(datatype='f32', g=3, seq_len_q=1, seq_len_k=588, num_heads_q=128, num_heads_kv=64, head_dim_qk=225, head_dim_v=146, with_attn_scale=False, with_attn_bias=False, trans_q=False, trans_k=False, trans_v=True, trans_o=True, causal=False, return_lse=True, split_kv=8, current_seqlen=[109, 445, 208], arch='gfx1100', chip='gfx1100', num_cu=70, num_chiplets=1, perfconfig='attn:v1:32,256,16,2,1,16,0,1,1,2,1')
----------------------------------------------------------------------------------------------------
PASS: AttentionConfiguration(datatype='f32', g=7, seq_len_q=17, seq_len_k=136, num_heads_q=8, num_heads_kv=4, head_dim_qk=173, head_dim_v=81, with_attn_scale=False, with_attn_bias=False, trans_q=False, trans_k=False, trans_v=False, trans_o=True, causal=True, return_lse=True, split_kv=16, current_seqlen=None, arch='gfx1100', chip='gfx1100', num_cu=70, num_chiplets=1, perfconfig='attn:v1:64,64,16,2,1,16,16,1,3,2,2')
Lowering rejected config as not applicable
Command line = -operation attention -t f32 --arch gfx1100 --num_cu 70 --num_chiplets 1 -g 8 -seq_len_q 105 -seq_len_k 150 -num_heads_q 16 -num_heads_kv 4 -head_dim_qk 12 -head_dim_v 89 -with-attn-scale=False -with-attn-bias=True -transQ=False -transK=False -transV=True -transO=False -causal=True -return_lse=False -split_kv=1 --perf_config=attn:v1:256,128,64,2,1,8,0,1,3,2,0 -pv -relDiff_threshold 1e-4
Errors = loc("<stdin>":19:1): error: ttg.shared (327680) exceeds LDS limit (65536) for amdgcn-amd-amdhsa:gfx1100
Lowering not applicable.

----------------------------------------------------------------------------------------------------
NOT_APPLICABLE: AttentionConfiguration(datatype='f32', g=8, seq_len_q=105, seq_len_k=150, num_heads_q=16, num_heads_kv=4, head_dim_qk=12, head_dim_v=89, with_attn_scale=False, with_attn_bias=True, trans_q=False, trans_k=False, trans_v=True, trans_o=False, causal=True, return_lse=False, split_kv=1, current_seqlen=None, arch='gfx1100', chip='gfx1100', num_cu=70, num_chiplets=1, perfconfig='attn:v1:256,128,64,2,1,8,0,1,3,2,0')
----------------------------------------------------------------------------------------------------
PASS: AttentionConfiguration(datatype='f32', g=5, seq_len_q=1, seq_len_k=511, num_heads_q=32, num_heads_kv=8, head_dim_qk=168, head_dim_v=9, with_attn_scale=True, with_attn_bias=True, trans_q=False, trans_k=False, trans_v=True, trans_o=False, causal=False, return_lse=True, split_kv=16, current_seqlen=[448, 283, 339, 159, 78], arch='gfx1100', chip='gfx1100', num_cu=70, num_chiplets=1, perfconfig='attn:v1:16,64,32,2,1,4,16,1,2,1,8')
Lowering rejected config as not applicable
Command line = -operation attention -t f32 --arch gfx1100 --num_cu 70 --num_chiplets 1 -g 5 -seq_len_q 351 -seq_len_k 464 -num_heads_q 1 -num_heads_kv 1 -head_dim_qk 190 -head_dim_v 71 -with-attn-scale=True -with-attn-bias=True -transQ=False -transK=False -transV=True -transO=True -causal=False -return_lse=False -split_kv=1 --perf_config=attn:v1:64,256,32,1,1,1,0,1,2,1,1 -pv -relDiff_threshold 1e-4
Errors = loc("<stdin>":14:1): error: ttg.shared (131072) exceeds LDS limit (65536) for amdgcn-amd-amdhsa:gfx1100
Lowering not applicable.

----------------------------------------------------------------------------------------------------
NOT_APPLICABLE: AttentionConfiguration(datatype='f32', g=5, seq_len_q=351, seq_len_k=464, num_heads_q=1, num_heads_kv=1, head_dim_qk=190, head_dim_v=71, with_attn_scale=True, with_attn_bias=True, trans_q=False, trans_k=False, trans_v=True, trans_o=True, causal=False, return_lse=False, split_kv=1, current_seqlen=None, arch='gfx1100', chip='gfx1100', num_cu=70, num_chiplets=1, perfconfig='attn:v1:64,256,32,1,1,1,0,1,2,1,1')
----------------------------------------------------------------------------------------------------
PASS: AttentionConfiguration(datatype='bf16', g=2, seq_len_q=1, seq_len_k=1546, num_heads_q=1, num_heads_kv=1, head_dim_qk=170, head_dim_v=124, with_attn_scale=False, with_attn_bias=False, trans_q=False, trans_k=True, trans_v=False, trans_o=False, causal=False, return_lse=True, split_kv=32, current_seqlen=[308, 876], arch='gfx1100', chip='gfx1100', num_cu=70, num_chiplets=1, perfconfig='attn:v1:64,16,128,1,1,1,0,1,3,4,8')
----------------------------------------------------------------------------------------------------
PASS: AttentionConfiguration(datatype='f16', g=4, seq_len_q=1, seq_len_k=323, num_heads_q=1, num_heads_kv=1, head_dim_qk=196, head_dim_v=104, with_attn_scale=False, with_attn_bias=False, trans_q=True, trans_k=True, trans_v=False, trans_o=False, causal=False, return_lse=True, split_kv=16, current_seqlen=[166, 230, 146, 81], arch='gfx1100', chip='gfx1100', num_cu=70, num_chiplets=1, perfconfig='attn:v1:64,64,128,1,1,1,16,1,2,1,1')
----------------------------------------------------------------------------------------------------
PASS: AttentionConfiguration(datatype='f32', g=3, seq_len_q=1, seq_len_k=1055, num_heads_q=1, num_heads_kv=1, head_dim_qk=32, head_dim_v=177, with_attn_scale=True, with_attn_bias=True, trans_q=False, trans_k=True, trans_v=False, trans_o=True, causal=False, return_lse=True, split_kv=2, current_seqlen=[377, 758, 330], arch='gfx1100', chip='gfx1100', num_cu=70, num_chiplets=1, perfconfig='attn:v1:32,32,64,2,1,2,0,1,2,2,8')
Lowering rejected config as not applicable
Command line = -operation attention -t f32 --arch gfx1100 --num_cu 70 --num_chiplets 1 -g 3 -seq_len_q 75 -seq_len_k 1327 -num_heads_q 64 -num_heads_kv 32 -head_dim_qk 247 -head_dim_v 131 -with-attn-scale=True -with-attn-bias=True -transQ=False -transK=True -transV=True -transO=True -causal=False -return_lse=True -split_kv=8 --perf_config=attn:v1:256,32,64,2,1,16,32,1,3,0,8 -pv -relDiff_threshold 1e-4
Errors = loc("<stdin>":25:1): error: ttg.shared (147456) exceeds LDS limit (65536) for amdgcn-amd-amdhsa:gfx1100
Lowering not applicable.

----------------------------------------------------------------------------------------------------
NOT_APPLICABLE: AttentionConfiguration(datatype='f32', g=3, seq_len_q=75, seq_len_k=1327, num_heads_q=64, num_heads_kv=32, head_dim_qk=247, head_dim_v=131, with_attn_scale=True, with_attn_bias=True, trans_q=False, trans_k=True, trans_v=True, trans_o=True, causal=False, return_lse=True, split_kv=8, current_seqlen=None, arch='gfx1100', chip='gfx1100', num_cu=70, num_chiplets=1, perfconfig='attn:v1:256,32,64,2,1,16,32,1,3,0,8')
Lowering rejected config as not applicable
Command line = -operation attention -t bf16 --arch gfx1100 --num_cu 70 --num_chiplets 1 -g 6 -seq_len_q 577 -seq_len_k 19 -num_heads_q 1 -num_heads_kv 1 -head_dim_qk 171 -head_dim_v 187 -with-attn-scale=False -with-attn-bias=True -transQ=False -transK=False -transV=False -transO=True -causal=True -return_lse=False -split_kv=1 --perf_config=attn:v1:32,256,128,1,1,4,16,1,2,1,8 -pv -RMS_threshold 1e-2
Errors = loc("<stdin>":16:1): error: ttg.shared (131072) exceeds LDS limit (65536) for amdgcn-amd-amdhsa:gfx1100
Lowering not applicable.

----------------------------------------------------------------------------------------------------
NOT_APPLICABLE: AttentionConfiguration(datatype='bf16', g=6, seq_len_q=577, seq_len_k=19, num_heads_q=1, num_heads_kv=1, head_dim_qk=171, head_dim_v=187, with_attn_scale=False, with_attn_bias=True, trans_q=False, trans_k=False, trans_v=False, trans_o=True, causal=True, return_lse=False, split_kv=1, current_seqlen=None, arch='gfx1100', chip='gfx1100', num_cu=70, num_chiplets=1, perfconfig='attn:v1:32,256,128,1,1,4,16,1,2,1,8')
----------------------------------------------------------------------------------------------------
PASS: AttentionConfiguration(datatype='f32', g=7, seq_len_q=3, seq_len_k=428, num_heads_q=1, num_heads_kv=1, head_dim_qk=123, head_dim_v=50, with_attn_scale=True, with_attn_bias=False, trans_q=True, trans_k=True, trans_v=False, trans_o=False, causal=True, return_lse=True, split_kv=2, current_seqlen=None, arch='gfx1100', chip='gfx1100', num_cu=70, num_chiplets=1, perfconfig='attn:v1:128,16,32,1,1,4,16,1,2,8,0')
----------------------------------------------------------------------------------------------------
PASS: AttentionConfiguration(datatype='f16', g=5, seq_len_q=1, seq_len_k=201, num_heads_q=128, num_heads_kv=32, head_dim_qk=224, head_dim_v=126, with_attn_scale=False, with_attn_bias=True, trans_q=True, trans_k=False, trans_v=True, trans_o=False, causal=False, return_lse=True, split_kv=32, current_seqlen=[36, 133, 186, 85, 4], arch='gfx1100', chip='gfx1100', num_cu=70, num_chiplets=1, perfconfig='attn:v1:32,128,64,1,1,8,0,1,2,8,8')
----------------------------------------------------------------------------------------------------
PASS: AttentionConfiguration(datatype='bf16', g=5, seq_len_q=214, seq_len_k=92, num_heads_q=1, num_heads_kv=1, head_dim_qk=175, head_dim_v=155, with_attn_scale=True, with_attn_bias=False, trans_q=False, trans_k=True, trans_v=True, trans_o=True, causal=False, return_lse=True, split_kv=4, current_seqlen=None, arch='gfx1100', chip='gfx1100', num_cu=70, num_chiplets=1, perfconfig='attn:v1:16,32,32,2,1,16,32,1,2,0,8')
Lowering rejected config as not applicable
Command line = -operation attention -t f32 --arch gfx1100 --num_cu 70 --num_chiplets 1 -g 3 -seq_len_q 1 -seq_len_k 366 -num_heads_q 128 -num_heads_kv 2 -head_dim_qk 61 -head_dim_v 226 -with-attn-scale=False -with-attn-bias=True -transQ=True -transK=True -transV=True -transO=True -causal=False -return_lse=False -split_kv=1 --perf_config=attn:v1:256,128,64,1,1,4,0,1,3,0,1 --current_seq_len=320,253,145 -pv -relDiff_threshold 1e-4
Errors = loc("<stdin>":28:1): error: ttg.shared (458752) exceeds LDS limit (65536) for amdgcn-amd-amdhsa:gfx1100
Lowering not applicable.

----------------------------------------------------------------------------------------------------
NOT_APPLICABLE: AttentionConfiguration(datatype='f32', g=3, seq_len_q=1, seq_len_k=366, num_heads_q=128, num_heads_kv=2, head_dim_qk=61, head_dim_v=226, with_attn_scale=False, with_attn_bias=True, trans_q=True, trans_k=True, trans_v=True, trans_o=True, causal=False, return_lse=False, split_kv=1, current_seqlen=[320, 253, 145], arch='gfx1100', chip='gfx1100', num_cu=70, num_chiplets=1, perfconfig='attn:v1:256,128,64,1,1,4,0,1,3,0,1')
----------------------------------------------------------------------------------------------------
PASS: AttentionConfiguration(datatype='f32', g=3, seq_len_q=1, seq_len_k=413, num_heads_q=32, num_heads_kv=4, head_dim_qk=103, head_dim_v=208, with_attn_scale=True, with_attn_bias=True, trans_q=True, trans_k=False, trans_v=True, trans_o=False, causal=False, return_lse=True, split_kv=32, current_seqlen=[154, 154, 339], arch='gfx1100', chip='gfx1100', num_cu=70, num_chiplets=1, perfconfig='attn:v1:128,64,32,2,1,8,32,1,1,2,0')
----------------------------------------------------------------------------------------------------
PASS: AttentionConfiguration(datatype='i8', g=5, seq_len_q=167, seq_len_k=528, num_heads_q=128, num_heads_kv=8, head_dim_qk=117, head_dim_v=177, with_attn_scale=True, with_attn_bias=False, trans_q=False, trans_k=True, trans_v=False, trans_o=True, causal=False, return_lse=True, split_kv=2, current_seqlen=None, arch='gfx1100', chip='gfx1100', num_cu=70, num_chiplets=1, perfconfig='attn:v1:32,64,32,2,1,4,32,1,3,8,4')
----------------------------------------------------------------------------------------------------
PASS: AttentionConfiguration(datatype='f16', g=1, seq_len_q=1158, seq_len_k=68, num_heads_q=1, num_heads_kv=1, head_dim_qk=176, head_dim_v=88, with_attn_scale=False, with_attn_bias=False, trans_q=True, trans_k=False, trans_v=False, trans_o=False, causal=True, return_lse=False, split_kv=1, current_seqlen=None, arch='gfx1100', chip='gfx1100', num_cu=70, num_chiplets=1, perfconfig='attn:v1:64,256,16,2,1,4,16,1,1,0,1')
----------------------------------------------------------------------------------------------------
PASS: AttentionConfiguration(datatype='bf16', g=6, seq_len_q=30, seq_len_k=449, num_heads_q=1, num_heads_kv=1, head_dim_qk=45, head_dim_v=86, with_attn_scale=True, with_attn_bias=True, trans_q=True, trans_k=True, trans_v=False, trans_o=True, causal=True, return_lse=True, split_kv=4, current_seqlen=None, arch='gfx1100', chip='gfx1100', num_cu=70, num_chiplets=1, perfconfig='attn:v1:16,32,32,2,1,4,16,1,2,1,4')
----------------------------------------------------------------------------------------------------
PASS: AttentionConfiguration(datatype='i8', g=6, seq_len_q=12, seq_len_k=460, num_heads_q=32, num_heads_kv=16, head_dim_qk=114, head_dim_v=225, with_attn_scale=False, with_attn_bias=False, trans_q=True, trans_k=False, trans_v=False, trans_o=True, causal=True, return_lse=True, split_kv=2, current_seqlen=None, arch='gfx1100', chip='gfx1100', num_cu=70, num_chiplets=1, perfconfig='attn:v1:16,32,32,1,1,8,32,1,1,8,2')
----------------------------------------------------------------------------------------------------
PASS: AttentionConfiguration(datatype='f32', g=7, seq_len_q=242, seq_len_k=493, num_heads_q=128, num_heads_kv=4, head_dim_qk=41, head_dim_v=33, with_attn_scale=True, with_attn_bias=False, trans_q=False, trans_k=True, trans_v=True, trans_o=True, causal=False, return_lse=False, split_kv=1, current_seqlen=None, arch='gfx1100', chip='gfx1100', num_cu=70, num_chiplets=1, perfconfig='attn:v1:64,16,64,1,1,4,16,1,2,0,1')
Lowering rejected config as not applicable
Command line = -operation attention -t i8 --arch gfx1100 --num_cu 70 --num_chiplets 1 -g 3 -seq_len_q 1 -seq_len_k 1114 -num_heads_q 1 -num_heads_kv 1 -head_dim_qk 20 -head_dim_v 159 -with-attn-scale=False -with-attn-bias=True -transQ=False -transK=True -transV=True -transO=False -causal=False -return_lse=True -split_kv=4 --perf_config=attn:v1:64,128,128,1,1,1,0,1,2,0,2 --current_seq_len=987,105,192 -pv
Errors = loc("<stdin>":34:1): error: ttg.shared (98304) exceeds LDS limit (65536) for amdgcn-amd-amdhsa:gfx1100
Lowering not applicable.

FAIL: Timeout in rocmlir-driver stage (120s)
Config = AttentionConfiguration(datatype='i8', g=4, seq_len_q=1, seq_len_k=854, num_heads_q=64, num_heads_kv=16, head_dim_qk=60, head_dim_v=213, with_attn_scale=True, with_attn_bias=True, trans_q=False, trans_k=False, trans_v=True, trans_o=True, causal=False, return_lse=False, split_kv=1, current_seqlen=[726, 38, 295, 802], arch='gfx1100', chip='gfx1100', num_cu=70, num_chiplets=1, perfconfig='attn:v1:128,32,128,1,1,1,0,1,2,8,8')
Command line = -operation attention -t i8 --arch gfx1100 --num_cu 70 --num_chiplets 1 -g 4 -seq_len_q 1 -seq_len_k 854 -num_heads_q 64 -num_heads_kv 16 -head_dim_qk 60 -head_dim_v 213 -with-attn-scale=True -with-attn-bias=True -transQ=False -transK=False -transV=True -transO=True -causal=False -return_lse=False -split_kv=1 --perf_config=attn:v1:128,32,128,1,1,1,0,1,2,8,8 --current_seq_len=726,38,295,802 -pv
FAIL: Timeout in rocmlir-driver stage (120s)
Config = AttentionConfiguration(datatype='f16', g=3, seq_len_q=192, seq_len_k=695, num_heads_q=1, num_heads_kv=1, head_dim_qk=124, head_dim_v=144, with_attn_scale=True, with_attn_bias=True, trans_q=False, trans_k=True, trans_v=True, trans_o=False, causal=False, return_lse=True, split_kv=4, current_seqlen=None, arch='gfx1100', chip='gfx1100', num_cu=70, num_chiplets=1, perfconfig='attn:v1:256,128,128,2,1,1,32,1,1,8,1')
Command line = -operation attention -t f16 --arch gfx1100 --num_cu 70 --num_chiplets 1 -g 3 -seq_len_q 192 -seq_len_k 695 -num_heads_q 1 -num_heads_kv 1 -head_dim_qk 124 -head_dim_v 144 -with-attn-scale=True -with-attn-bias=True -transQ=False -transK=True -transV=True -transO=False -causal=False -return_lse=True -split_kv=4 --perf_config=attn:v1:256,128,128,2,1,1,32,1,1,8,1 -pv
----------------------------------------------------------------------------------------------------
NOT_APPLICABLE: AttentionConfiguration(datatype='i8', g=3, seq_len_q=1, seq_len_k=1114, num_heads_q=1, num_heads_kv=1, head_dim_qk=20, head_dim_v=159, with_attn_scale=False, with_attn_bias=True, trans_q=False, trans_k=True, trans_v=True, trans_o=False, causal=False, return_lse=True, split_kv=4, current_seqlen=[987, 105, 192], arch='gfx1100', chip='gfx1100', num_cu=70, num_chiplets=1, perfconfig='attn:v1:64,128,128,1,1,1,0,1,2,0,2')
----------------------------------------------------------------------------------------------------
PASS: AttentionConfiguration(datatype='i8', g=8, seq_len_q=250, seq_len_k=105, num_heads_q=128, num_heads_kv=8, head_dim_qk=59, head_dim_v=217, with_attn_scale=True, with_attn_bias=True, trans_q=True, trans_k=False, trans_v=True, trans_o=True, causal=True, return_lse=False, split_kv=1, current_seqlen=None, arch='gfx1100', chip='gfx1100', num_cu=70, num_chiplets=1, perfconfig='attn:v1:16,32,64,1,1,2,32,1,2,4,4')
----------------------------------------------------------------------------------------------------
FAIL: AttentionConfiguration(datatype='i8', g=4, seq_len_q=1, seq_len_k=854, num_heads_q=64, num_heads_kv=16, head_dim_qk=60, head_dim_v=213, with_attn_scale=True, with_attn_bias=True, trans_q=False, trans_k=False, trans_v=True, trans_o=True, causal=False, return_lse=False, split_kv=1, current_seqlen=[726, 38, 295, 802], arch='gfx1100', chip='gfx1100', num_cu=70, num_chiplets=1, perfconfig='attn:v1:128,32,128,1,1,1,0,1,2,8,8')
----------------------------------------------------------------------------------------------------
FAIL: AttentionConfiguration(datatype='f16', g=3, seq_len_q=192, seq_len_k=695, num_heads_q=1, num_heads_kv=1, head_dim_qk=124, head_dim_v=144, with_attn_scale=True, with_attn_bias=True, trans_q=False, trans_k=True, trans_v=True, trans_o=False, causal=False, return_lse=True, split_kv=4, current_seqlen=None, arch='gfx1100', chip='gfx1100', num_cu=70, num_chiplets=1, perfconfig='attn:v1:256,128,128,2,1,1,32,1,1,8,1')
----------------------------------------------------------------------------------------------------
PASS: AttentionConfiguration(datatype='i8', g=7, seq_len_q=1, seq_len_k=10, num_heads_q=16, num_heads_kv=8, head_dim_qk=24, head_dim_v=222, with_attn_scale=False, with_attn_bias=False, trans_q=False, trans_k=False, trans_v=True, trans_o=False, causal=False, return_lse=False, split_kv=1, current_seqlen=[2, 3, 5, 3, 3, 3, 5], arch='gfx1100', chip='gfx1100', num_cu=70, num_chiplets=1, perfconfig='attn:v1:16,16,64,1,1,16,32,1,3,2,4')
----------------------------------------------------------------------------------------------------
PASS: AttentionConfiguration(datatype='f16', g=1, seq_len_q=1, seq_len_k=250, num_heads_q=64, num_heads_kv=32, head_dim_qk=91, head_dim_v=199, with_attn_scale=False, with_attn_bias=True, trans_q=False, trans_k=True, trans_v=False, trans_o=True, causal=False, return_lse=False, split_kv=1, current_seqlen=[215], arch='gfx1100', chip='gfx1100', num_cu=70, num_chiplets=1, perfconfig='attn:v1:32,64,16,2,1,4,16,1,3,2,2')
----------------------------------------------------------------------------------------------------
PASS: AttentionConfiguration(datatype='f16', g=2, seq_len_q=3, seq_len_k=1741, num_heads_q=128, num_heads_kv=4, head_dim_qk=46, head_dim_v=248, with_attn_scale=False, with_attn_bias=True, trans_q=True, trans_k=False, trans_v=True, trans_o=False, causal=True, return_lse=True, split_kv=1, current_seqlen=None, arch='gfx1100', chip='gfx1100', num_cu=70, num_chiplets=1, perfconfig='attn:v1:16,32,16,1,1,2,0,1,2,2,0')
Lowering rejected config as not applicable
Command line = -operation attention -t i8 --arch gfx1100 --num_cu 70 --num_chiplets 1 -g 1 -seq_len_q 46 -seq_len_k 3003 -num_heads_q 1 -num_heads_kv 1 -head_dim_qk 13 -head_dim_v 181 -with-attn-scale=False -with-attn-bias=False -transQ=True -transK=False -transV=True -transO=False -causal=False -return_lse=False -split_kv=1 --perf_config=attn:v1:64,128,128,1,1,4,0,1,3,1,8 -pv
Errors = loc("<stdin>":16:1): error: ttg.shared (196608) exceeds LDS limit (65536) for amdgcn-amd-amdhsa:gfx1100
Lowering not applicable.

----------------------------------------------------------------------------------------------------
NOT_APPLICABLE: AttentionConfiguration(datatype='i8', g=1, seq_len_q=46, seq_len_k=3003, num_heads_q=1, num_heads_kv=1, head_dim_qk=13, head_dim_v=181, with_attn_scale=False, with_attn_bias=False, trans_q=True, trans_k=False, trans_v=True, trans_o=False, causal=False, return_lse=False, split_kv=1, current_seqlen=None, arch='gfx1100', chip='gfx1100', num_cu=70, num_chiplets=1, perfconfig='attn:v1:64,128,128,1,1,4,0,1,3,1,8')
----------------------------------------------------------------------------------------------------
PASS: AttentionConfiguration(datatype='i8', g=2, seq_len_q=18, seq_len_k=1912, num_heads_q=128, num_heads_kv=8, head_dim_qk=242, head_dim_v=163, with_attn_scale=False, with_attn_bias=True, trans_q=False, trans_k=False, trans_v=False, trans_o=False, causal=True, return_lse=True, split_kv=2, current_seqlen=None, arch='gfx1100', chip='gfx1100', num_cu=70, num_chiplets=1, perfconfig='attn:v1:16,32,16,1,1,2,32,1,1,1,4')
Lowering rejected config as not applicable
Command line = -operation attention -t f16 --arch gfx1100 --num_cu 70 --num_chiplets 1 -g 1 -seq_len_q 1 -seq_len_k 813 -num_heads_q 1 -num_heads_kv 1 -head_dim_qk 221 -head_dim_v 175 -with-attn-scale=False -with-attn-bias=False -transQ=False -transK=True -transV=False -transO=True -causal=False -return_lse=False -split_kv=1 --perf_config=attn:v1:256,256,32,1,1,2,16,1,2,8,2 --current_seq_len=724 -pv
Errors = loc("<stdin>":21:1): error: ttg.shared (131072) exceeds LDS limit (65536) for amdgcn-amd-amdhsa:gfx1100
Lowering not applicable.

----------------------------------------------------------------------------------------------------
NOT_APPLICABLE: AttentionConfiguration(datatype='f16', g=1, seq_len_q=1, seq_len_k=813, num_heads_q=1, num_heads_kv=1, head_dim_qk=221, head_dim_v=175, with_attn_scale=False, with_attn_bias=False, trans_q=False, trans_k=True, trans_v=False, trans_o=True, causal=False, return_lse=False, split_kv=1, current_seqlen=[724], arch='gfx1100', chip='gfx1100', num_cu=70, num_chiplets=1, perfconfig='attn:v1:256,256,32,1,1,2,16,1,2,8,2')
----------------------------------------------------------------------------------------------------
PASS: AttentionConfiguration(datatype='bf16', g=5, seq_len_q=1, seq_len_k=152, num_heads_q=32, num_heads_kv=16, head_dim_qk=212, head_dim_v=80, with_attn_scale=False, with_attn_bias=True, trans_q=False, trans_k=False, trans_v=True, trans_o=True, causal=False, return_lse=False, split_kv=1, current_seqlen=[64, 86, 130, 79, 71], arch='gfx1100', chip='gfx1100', num_cu=70, num_chiplets=1, perfconfig='attn:v1:256,128,16,1,1,1,16,1,3,2,0')
----------------------------------------------------------------------------------------------------
PASS: AttentionConfiguration(datatype='f32', g=2, seq_len_q=124, seq_len_k=1868, num_heads_q=1, num_heads_kv=1, head_dim_qk=79, head_dim_v=11, with_attn_scale=False, with_attn_bias=False, trans_q=True, trans_k=True, trans_v=True, trans_o=True, causal=True, return_lse=True, split_kv=32, current_seqlen=None, arch='gfx1100', chip='gfx1100', num_cu=70, num_chiplets=1, perfconfig='attn:v1:64,128,64,1,1,1,16,1,2,0,8')
----------------------------------------------------------------------------------------------------
PASS: AttentionConfiguration(datatype='i8', g=7, seq_len_q=1, seq_len_k=34, num_heads_q=1, num_heads_kv=1, head_dim_qk=39, head_dim_v=104, with_attn_scale=True, with_attn_bias=True, trans_q=False, trans_k=True, trans_v=True, trans_o=False, causal=False, return_lse=False, split_kv=1, current_seqlen=[16, 11, 1, 2, 22, 6, 15], arch='gfx1100', chip='gfx1100', num_cu=70, num_chiplets=1, perfconfig='attn:v1:32,128,64,2,1,8,16,1,1,4,1')
FAIL: Runner returned incorrect result
Config = AttentionConfiguration(datatype='f16', g=7, seq_len_q=1, seq_len_k=77, num_heads_q=1, num_heads_kv=1, head_dim_qk=202, head_dim_v=86, with_attn_scale=True, with_attn_bias=False, trans_q=True, trans_k=True, trans_v=False, trans_o=True, causal=False, return_lse=True, split_kv=16, current_seqlen=[7, 25, 34, 35, 3, 17, 38], arch='gfx1100', chip='gfx1100', num_cu=70, num_chiplets=1, perfconfig='attn:v1:16,128,128,1,1,16,16,1,2,0,0')
Command line = -operation attention -t f16 --arch gfx1100 --num_cu 70 --num_chiplets 1 -g 7 -seq_len_q 1 -seq_len_k 77 -num_heads_q 1 -num_heads_kv 1 -head_dim_qk 202 -head_dim_v 86 -with-attn-scale=True -with-attn-bias=False -transQ=True -transK=True -transV=False -transO=True -causal=False -return_lse=True -split_kv=16 --perf_config=attn:v1:16,128,128,1,1,16,16,1,2,0,0 --current_seq_len=7,25,34,35,3,17,38 -pv
Output = Number of elements: 9632
maxAbsDiff info: maxAbsDiff = 0.000244 (valNum = 0.48413, gpuNum = 0.48389), average absDiff = nan
maxRelDiff info: maxRelDiff = 5.0e-04 (valNum = 0.4841308594, gpuNum = 0.4838867188), average relDiff = nan
RMS = nan
Histogram of relDiff: 
        relDiff = 0     : 5536/9632 (57.475083%)
     0 < relDiff < 1e-06: 2752/9632 (28.571429%)
1e-06 < relDiff <= 1e-05: 0/9632 (0.000000%)
1e-05 < relDiff <= 1e-04: 0/9632 (0.000000%)
1e-04 < relDiff <= 1e-03: 1344/9632 (13.953488%)
1e-03 < relDiff <= 1e-02: 0/9632 (0.000000%)
1e-02 < relDiff <= 1e-01: 0/9632 (0.000000%)
1e-01 < relDiff <= 1e+00: 0/9632 (0.000000%)
1e+00 < relDiff < inf   : 0/9632 (0.000000%)
        relDiff = inf   : 0/9632 (0.000000%)
[0 1 1]

----------------------------------------------------------------------------------------------------
PASS: AttentionConfiguration(datatype='bf16', g=5, seq_len_q=1, seq_len_k=623, num_heads_q=8, num_heads_kv=2, head_dim_qk=210, head_dim_v=47, with_attn_scale=False, with_attn_bias=True, trans_q=True, trans_k=True, trans_v=True, trans_o=False, causal=False, return_lse=False, split_kv=1, current_seqlen=[317, 228, 258, 479, 545], arch='gfx1100', chip='gfx1100', num_cu=70, num_chiplets=1, perfconfig='attn:v1:64,16,32,2,1,2,32,1,3,2,4')
----------------------------------------------------------------------------------------------------
PASS: AttentionConfiguration(datatype='i8', g=4, seq_len_q=1, seq_len_k=243, num_heads_q=1, num_heads_kv=1, head_dim_qk=155, head_dim_v=134, with_attn_scale=True, with_attn_bias=False, trans_q=True, trans_k=True, trans_v=True, trans_o=False, causal=False, return_lse=True, split_kv=8, current_seqlen=[163, 5, 198, 235], arch='gfx1100', chip='gfx1100', num_cu=70, num_chiplets=1, perfconfig='attn:v1:64,32,64,2,1,4,16,1,3,4,4')
----------------------------------------------------------------------------------------------------
FAIL: AttentionConfiguration(datatype='f16', g=7, seq_len_q=1, seq_len_k=77, num_heads_q=1, num_heads_kv=1, head_dim_qk=202, head_dim_v=86, with_attn_scale=True, with_attn_bias=False, trans_q=True, trans_k=True, trans_v=False, trans_o=True, causal=False, return_lse=True, split_kv=16, current_seqlen=[7, 25, 34, 35, 3, 17, 38], arch='gfx1100', chip='gfx1100', num_cu=70, num_chiplets=1, perfconfig='attn:v1:16,128,128,1,1,16,16,1,2,0,0')
----------------------------------------------------------------------------------------------------
PASS: AttentionConfiguration(datatype='bf16', g=6, seq_len_q=319, seq_len_k=169, num_heads_q=8, num_heads_kv=2, head_dim_qk=55, head_dim_v=3, with_attn_scale=True, with_attn_bias=True, trans_q=False, trans_k=True, trans_v=False, trans_o=True, causal=True, return_lse=True, split_kv=1, current_seqlen=None, arch='gfx1100', chip='gfx1100', num_cu=70, num_chiplets=1, perfconfig='attn:v1:128,64,128,1,1,4,16,1,1,0,4')
----------------------------------------------------------------------------------------------------
PASS: AttentionConfiguration(datatype='i8', g=4, seq_len_q=12, seq_len_k=994, num_heads_q=128, num_heads_kv=8, head_dim_qk=57, head_dim_v=35, with_attn_scale=False, with_attn_bias=False, trans_q=False, trans_k=False, trans_v=False, trans_o=False, causal=True, return_lse=True, split_kv=16, current_seqlen=None, arch='gfx1100', chip='gfx1100', num_cu=70, num_chiplets=1, perfconfig='attn:v1:256,16,64,1,1,2,16,1,2,2,1')
----------------------------------------------------------------------------------------------------
PASS: AttentionConfiguration(datatype='i8', g=4, seq_len_q=271, seq_len_k=806, num_heads_q=16, num_heads_kv=8, head_dim_qk=101, head_dim_v=83, with_attn_scale=False, with_attn_bias=True, trans_q=False, trans_k=True, trans_v=True, trans_o=False, causal=False, return_lse=True, split_kv=8, current_seqlen=None, arch='gfx1100', chip='gfx1100', num_cu=70, num_chiplets=1, perfconfig='attn:v1:32,16,128,2,1,8,32,1,1,8,8')
----------------------------------------------------------------------------------------------------
PASS: AttentionConfiguration(datatype='f16', g=3, seq_len_q=1, seq_len_k=1277, num_heads_q=16, num_heads_kv=8, head_dim_qk=83, head_dim_v=31, with_attn_scale=True, with_attn_bias=True, trans_q=False, trans_k=True, trans_v=False, trans_o=True, causal=False, return_lse=True, split_kv=1, current_seqlen=[1150, 854, 187], arch='gfx1100', chip='gfx1100', num_cu=70, num_chiplets=1, perfconfig='attn:v1:256,64,32,1,1,2,0,1,1,0,0')
Lowering rejected config as not applicable
Command line = -operation attention -t f32 --arch gfx1100 --num_cu 70 --num_chiplets 1 -g 8 -seq_len_q 1 -seq_len_k 400 -num_heads_q 64 -num_heads_kv 8 -head_dim_qk 154 -head_dim_v 243 -with-attn-scale=True -with-attn-bias=False -transQ=False -transK=True -transV=True -transO=True -causal=False -return_lse=True -split_kv=2 --perf_config=attn:v1:16,128,32,1,1,16,16,1,2,2,2 --current_seq_len=45,22,95,367,375,323,293,185 -pv -relDiff_threshold 1e-4
Errors = loc("<stdin>":33:1): error: ttg.shared (131072) exceeds LDS limit (65536) for amdgcn-amd-amdhsa:gfx1100
Lowering not applicable.

----------------------------------------------------------------------------------------------------
NOT_APPLICABLE: AttentionConfiguration(datatype='f32', g=8, seq_len_q=1, seq_len_k=400, num_heads_q=64, num_heads_kv=8, head_dim_qk=154, head_dim_v=243, with_attn_scale=True, with_attn_bias=False, trans_q=False, trans_k=True, trans_v=True, trans_o=True, causal=False, return_lse=True, split_kv=2, current_seqlen=[45, 22, 95, 367, 375, 323, 293, 185], arch='gfx1100', chip='gfx1100', num_cu=70, num_chiplets=1, perfconfig='attn:v1:16,128,32,1,1,16,16,1,2,2,2')
----------------------------------------------------------------------------------------------------
PASS: AttentionConfiguration(datatype='f16', g=6, seq_len_q=489, seq_len_k=19, num_heads_q=1, num_heads_kv=1, head_dim_qk=79, head_dim_v=244, with_attn_scale=True, with_attn_bias=True, trans_q=True, trans_k=False, trans_v=True, trans_o=True, causal=False, return_lse=False, split_kv=1, current_seqlen=None, arch='gfx1100', chip='gfx1100', num_cu=70, num_chiplets=1, perfconfig='attn:v1:32,64,64,1,1,4,16,1,3,4,1')
----------------------------------------------------------------------------------------------------
PASS: AttentionConfiguration(datatype='i8', g=4, seq_len_q=8, seq_len_k=247, num_heads_q=1, num_heads_kv=1, head_dim_qk=43, head_dim_v=175, with_attn_scale=True, with_attn_bias=False, trans_q=False, trans_k=False, trans_v=True, trans_o=True, causal=True, return_lse=True, split_kv=32, current_seqlen=None, arch='gfx1100', chip='gfx1100', num_cu=70, num_chiplets=1, perfconfig='attn:v1:16,16,128,1,1,8,32,1,3,1,4')
Lowering rejected config as not applicable
Command line = -operation attention -t f32 --arch gfx1100 --num_cu 70 --num_chiplets 1 -g 7 -seq_len_q 20 -seq_len_k 122 -num_heads_q 8 -num_heads_kv 2 -head_dim_qk 40 -head_dim_v 209 -with-attn-scale=False -with-attn-bias=False -transQ=True -transK=False -transV=True -transO=False -causal=False -return_lse=False -split_kv=1 --perf_config=attn:v1:128,256,32,1,1,2,0,1,3,0,1 -pv -relDiff_threshold 1e-4
Errors = loc("<stdin>":17:1): error: ttg.shared (262144) exceeds LDS limit (65536) for amdgcn-amd-amdhsa:gfx1100
Lowering not applicable.

----------------------------------------------------------------------------------------------------
NOT_APPLICABLE: AttentionConfiguration(datatype='f32', g=7, seq_len_q=20, seq_len_k=122, num_heads_q=8, num_heads_kv=2, head_dim_qk=40, head_dim_v=209, with_attn_scale=False, with_attn_bias=False, trans_q=True, trans_k=False, trans_v=True, trans_o=False, causal=False, return_lse=False, split_kv=1, current_seqlen=None, arch='gfx1100', chip='gfx1100', num_cu=70, num_chiplets=1, perfconfig='attn:v1:128,256,32,1,1,2,0,1,3,0,1')
----------------------------------------------------------------------------------------------------
PASS: AttentionConfiguration(datatype='i8', g=3, seq_len_q=385, seq_len_k=126, num_heads_q=16, num_heads_kv=4, head_dim_qk=76, head_dim_v=72, with_attn_scale=True, with_attn_bias=False, trans_q=False, trans_k=True, trans_v=True, trans_o=True, causal=False, return_lse=True, split_kv=1, current_seqlen=None, arch='gfx1100', chip='gfx1100', num_cu=70, num_chiplets=1, perfconfig='attn:v1:128,128,16,1,1,4,0,1,1,4,8')
----------------------------------------------------------------------------------------------------
PASS: AttentionConfiguration(datatype='i8', g=2, seq_len_q=1, seq_len_k=1137, num_heads_q=1, num_heads_kv=1, head_dim_qk=179, head_dim_v=213, with_attn_scale=False, with_attn_bias=True, trans_q=False, trans_k=True, trans_v=True, trans_o=False, causal=False, return_lse=False, split_kv=1, current_seqlen=[543, 219], arch='gfx1100', chip='gfx1100', num_cu=70, num_chiplets=1, perfconfig='attn:v1:128,32,16,1,1,4,32,1,3,4,4')
----------------------------------------------------------------------------------------------------
PASS: AttentionConfiguration(datatype='f32', g=8, seq_len_q=390, seq_len_k=367, num_heads_q=64, num_heads_kv=4, head_dim_qk=249, head_dim_v=222, with_attn_scale=False, with_attn_bias=True, trans_q=True, trans_k=False, trans_v=False, trans_o=True, causal=True, return_lse=False, split_kv=1, current_seqlen=None, arch='gfx1100', chip='gfx1100', num_cu=70, num_chiplets=1, perfconfig='attn:v1:16,64,64,2,1,8,0,1,1,2,0')
----------------------------------------------------------------------------------------------------
PASS: AttentionConfiguration(datatype='bf16', g=3, seq_len_q=1, seq_len_k=69, num_heads_q=1, num_heads_kv=1, head_dim_qk=86, head_dim_v=187, with_attn_scale=True, with_attn_bias=False, trans_q=False, trans_k=True, trans_v=True, trans_o=False, causal=False, return_lse=False, split_kv=1, current_seqlen=[25, 63, 44], arch='gfx1100', chip='gfx1100', num_cu=70, num_chiplets=1, perfconfig='attn:v1:128,128,128,2,1,1,16,1,1,2,8')
----------------------------------------------------------------------------------------------------
PASS: AttentionConfiguration(datatype='f32', g=1, seq_len_q=1, seq_len_k=3120, num_heads_q=1, num_heads_kv=1, head_dim_qk=40, head_dim_v=31, with_attn_scale=False, with_attn_bias=False, trans_q=False, trans_k=False, trans_v=False, trans_o=True, causal=False, return_lse=True, split_kv=1, current_seqlen=[2424], arch='gfx1100', chip='gfx1100', num_cu=70, num_chiplets=1, perfconfig='attn:v1:32,128,32,1,1,8,32,1,3,2,0')
----------------------------------------------------------------------------------------------------
PASS: AttentionConfiguration(datatype='i8', g=8, seq_len_q=1, seq_len_k=292, num_heads_q=128, num_heads_kv=32, head_dim_qk=188, head_dim_v=28, with_attn_scale=False, with_attn_bias=True, trans_q=False, trans_k=True, trans_v=False, trans_o=True, causal=False, return_lse=False, split_kv=1, current_seqlen=[15, 85, 5, 108, 262, 252, 120, 44], arch='gfx1100', chip='gfx1100', num_cu=70, num_chiplets=1, perfconfig='attn:v1:256,16,16,2,1,16,0,1,1,4,2')
----------------------------------------------------------------------------------------------------
PASS: AttentionConfiguration(datatype='i8', g=4, seq_len_q=1, seq_len_k=672, num_heads_q=1, num_heads_kv=1, head_dim_qk=148, head_dim_v=185, with_attn_scale=False, with_attn_bias=False, trans_q=False, trans_k=False, trans_v=True, trans_o=True, causal=False, return_lse=False, split_kv=1, current_seqlen=[665, 478, 217, 24], arch='gfx1100', chip='gfx1100', num_cu=70, num_chiplets=1, perfconfig='attn:v1:64,16,32,2,1,8,0,1,3,4,2')
----------------------------------------------------------------------------------------------------
PASS: AttentionConfiguration(datatype='f16', g=3, seq_len_q=96, seq_len_k=333, num_heads_q=1, num_heads_kv=1, head_dim_qk=79, head_dim_v=165, with_attn_scale=True, with_attn_bias=True, trans_q=False, trans_k=False, trans_v=True, trans_o=False, causal=False, return_lse=False, split_kv=1, current_seqlen=None, arch='gfx1100', chip='gfx1100', num_cu=70, num_chiplets=1, perfconfig='attn:v1:64,64,16,1,1,16,16,1,1,4,0')
----------------------------------------------------------------------------------------------------
PASS: AttentionConfiguration(datatype='f32', g=1, seq_len_q=2, seq_len_k=965, num_heads_q=1, num_heads_kv=1, head_dim_qk=214, head_dim_v=174, with_attn_scale=True, with_attn_bias=False, trans_q=False, trans_k=False, trans_v=True, trans_o=True, causal=False, return_lse=False, split_kv=1, current_seqlen=None, arch='gfx1100', chip='gfx1100', num_cu=70, num_chiplets=1, perfconfig='attn:v1:16,64,16,2,1,1,0,1,3,2,1')
----------------------------------------------------------------------------------------------------
PASS: AttentionConfiguration(datatype='bf16', g=8, seq_len_q=279, seq_len_k=325, num_heads_q=64, num_heads_kv=32, head_dim_qk=171, head_dim_v=55, with_attn_scale=False, with_attn_bias=False, trans_q=True, trans_k=False, trans_v=True, trans_o=False, causal=False, return_lse=True, split_kv=8, current_seqlen=None, arch='gfx1100', chip='gfx1100', num_cu=70, num_chiplets=1, perfconfig='attn:v1:128,256,16,1,1,8,16,1,1,4,0')
----------------------------------------------------------------------------------------------------
PASS: AttentionConfiguration(datatype='bf16', g=2, seq_len_q=1, seq_len_k=1916, num_heads_q=16, num_heads_kv=8, head_dim_qk=164, head_dim_v=210, with_attn_scale=False, with_attn_bias=True, trans_q=False, trans_k=True, trans_v=True, trans_o=False, causal=False, return_lse=False, split_kv=1, current_seqlen=[1307, 263], arch='gfx1100', chip='gfx1100', num_cu=70, num_chiplets=1, perfconfig='attn:v1:256,128,16,1,1,4,32,1,3,8,8')
----------------------------------------------------------------------------------------------------
PASS: AttentionConfiguration(datatype='i8', g=6, seq_len_q=1, seq_len_k=319, num_heads_q=32, num_heads_kv=8, head_dim_qk=15, head_dim_v=120, with_attn_scale=False, with_attn_bias=True, trans_q=False, trans_k=False, trans_v=True, trans_o=False, causal=False, return_lse=True, split_kv=4, current_seqlen=[122, 107, 59, 23, 78, 85], arch='gfx1100', chip='gfx1100', num_cu=70, num_chiplets=1, perfconfig='attn:v1:256,16,16,1,1,2,16,1,2,1,8')
----------------------------------------------------------------------------------------------------
PASS: AttentionConfiguration(datatype='f16', g=4, seq_len_q=34, seq_len_k=343, num_heads_q=1, num_heads_kv=1, head_dim_qk=226, head_dim_v=6, with_attn_scale=True, with_attn_bias=True, trans_q=False, trans_k=True, trans_v=True, trans_o=False, causal=True, return_lse=True, split_kv=2, current_seqlen=None, arch='gfx1100', chip='gfx1100', num_cu=70, num_chiplets=1, perfconfig='attn:v1:16,64,32,2,1,16,0,1,2,8,2')
----------------------------------------------------------------------------------------------------
PASS: AttentionConfiguration(datatype='bf16', g=8, seq_len_q=1, seq_len_k=34, num_heads_q=1, num_heads_kv=1, head_dim_qk=223, head_dim_v=249, with_attn_scale=True, with_attn_bias=True, trans_q=True, trans_k=True, trans_v=False, trans_o=False, causal=False, return_lse=True, split_kv=16, current_seqlen=[16, 22, 3, 2, 2, 29, 4, 6], arch='gfx1100', chip='gfx1100', num_cu=70, num_chiplets=1, perfconfig='attn:v1:32,16,128,1,1,4,16,1,2,1,2')
----------------------------------------------------------------------------------------------------
PASS: AttentionConfiguration(datatype='f16', g=3, seq_len_q=1, seq_len_k=1186, num_heads_q=128, num_heads_kv=16, head_dim_qk=93, head_dim_v=250, with_attn_scale=False, with_attn_bias=False, trans_q=False, trans_k=True, trans_v=False, trans_o=True, causal=False, return_lse=True, split_kv=4, current_seqlen=[826, 642, 469], arch='gfx1100', chip='gfx1100', num_cu=70, num_chiplets=1, perfconfig='attn:v1:64,16,64,1,1,16,16,1,2,8,2')
----------------------------------------------------------------------------------------------------
PASS: AttentionConfiguration(datatype='f32', g=5, seq_len_q=299, seq_len_k=673, num_heads_q=1, num_heads_kv=1, head_dim_qk=104, head_dim_v=140, with_attn_scale=False, with_attn_bias=False, trans_q=False, trans_k=True, trans_v=False, trans_o=True, causal=False, return_lse=True, split_kv=4, current_seqlen=None, arch='gfx1100', chip='gfx1100', num_cu=70, num_chiplets=1, perfconfig='attn:v1:32,64,16,1,1,16,0,1,1,2,4')
----------------------------------------------------------------------------------------------------
PASS: AttentionConfiguration(datatype='i8', g=7, seq_len_q=1, seq_len_k=519, num_heads_q=1, num_heads_kv=1, head_dim_qk=2, head_dim_v=42, with_attn_scale=True, with_attn_bias=True, trans_q=False, trans_k=True, trans_v=False, trans_o=True, causal=False, return_lse=False, split_kv=1, current_seqlen=[204, 73, 54, 227, 250, 180, 264], arch='gfx1100', chip='gfx1100', num_cu=70, num_chiplets=1, perfconfig='attn:v1:256,32,128,2,1,16,0,1,3,8,4')
----------------------------------------------------------------------------------------------------
PASS: AttentionConfiguration(datatype='f16', g=3, seq_len_q=1, seq_len_k=369, num_heads_q=1, num_heads_kv=1, head_dim_qk=117, head_dim_v=186, with_attn_scale=False, with_attn_bias=False, trans_q=True, trans_k=False, trans_v=False, trans_o=False, causal=False, return_lse=True, split_kv=8, current_seqlen=[142, 83, 53], arch='gfx1100', chip='gfx1100', num_cu=70, num_chiplets=1, perfconfig='attn:v1:16,32,64,1,1,1,0,1,3,8,1')
Lowering rejected config as not applicable
Command line = -operation attention -t i8 --arch gfx1100 --num_cu 70 --num_chiplets 1 -g 5 -seq_len_q 129 -seq_len_k 80 -num_heads_q 64 -num_heads_kv 4 -head_dim_qk 7 -head_dim_v 156 -with-attn-scale=False -with-attn-bias=False -transQ=True -transK=True -transV=False -transO=True -causal=True -return_lse=True -split_kv=8 --perf_config=attn:v1:16,256,128,1,1,4,16,1,3,8,2 -pv
Errors = loc("<stdin>":28:1): error: ttg.shared (344064) exceeds LDS limit (65536) for amdgcn-amd-amdhsa:gfx1100
Lowering not applicable.

----------------------------------------------------------------------------------------------------
NOT_APPLICABLE: AttentionConfiguration(datatype='i8', g=5, seq_len_q=129, seq_len_k=80, num_heads_q=64, num_heads_kv=4, head_dim_qk=7, head_dim_v=156, with_attn_scale=False, with_attn_bias=False, trans_q=True, trans_k=True, trans_v=False, trans_o=True, causal=True, return_lse=True, split_kv=8, current_seqlen=None, arch='gfx1100', chip='gfx1100', num_cu=70, num_chiplets=1, perfconfig='attn:v1:16,256,128,1,1,4,16,1,3,8,2')
----------------------------------------------------------------------------------------------------
PASS: AttentionConfiguration(datatype='bf16', g=3, seq_len_q=582, seq_len_k=66, num_heads_q=128, num_heads_kv=16, head_dim_qk=110, head_dim_v=88, with_attn_scale=True, with_attn_bias=True, trans_q=False, trans_k=True, trans_v=True, trans_o=False, causal=False, return_lse=True, split_kv=8, current_seqlen=None, arch='gfx1100', chip='gfx1100', num_cu=70, num_chiplets=1, perfconfig='attn:v1:128,64,16,2,1,2,32,1,2,1,1')
----------------------------------------------------------------------------------------------------
PASS: AttentionConfiguration(datatype='f16', g=1, seq_len_q=5, seq_len_k=1035, num_heads_q=1, num_heads_kv=1, head_dim_qk=216, head_dim_v=194, with_attn_scale=True, with_attn_bias=False, trans_q=True, trans_k=True, trans_v=True, trans_o=False, causal=True, return_lse=True, split_kv=16, current_seqlen=None, arch='gfx1100', chip='gfx1100', num_cu=70, num_chiplets=1, perfconfig='attn:v1:128,32,128,2,1,16,0,1,1,1,0')
----------------------------------------------------------------------------------------------------
PASS: AttentionConfiguration(datatype='i8', g=8, seq_len_q=1, seq_len_k=143, num_heads_q=1, num_heads_kv=1, head_dim_qk=49, head_dim_v=165, with_attn_scale=False, with_attn_bias=True, trans_q=False, trans_k=True, trans_v=False, trans_o=True, causal=False, return_lse=False, split_kv=1, current_seqlen=[88, 13, 28, 97, 98, 126, 32, 105], arch='gfx1100', chip='gfx1100', num_cu=70, num_chiplets=1, perfconfig='attn:v1:32,64,16,2,1,16,0,1,3,4,0')
----------------------------------------------------------------------------------------------------
PASS: AttentionConfiguration(datatype='i8', g=2, seq_len_q=1, seq_len_k=1937, num_heads_q=1, num_heads_kv=1, head_dim_qk=9, head_dim_v=152, with_attn_scale=False, with_attn_bias=True, trans_q=False, trans_k=True, trans_v=False, trans_o=True, causal=False, return_lse=False, split_kv=1, current_seqlen=[949, 638], arch='gfx1100', chip='gfx1100', num_cu=70, num_chiplets=1, perfconfig='attn:v1:128,64,32,1,1,16,16,1,1,4,2')
----------------------------------------------------------------------------------------------------
PASS: AttentionConfiguration(datatype='i8', g=7, seq_len_q=1, seq_len_k=311, num_heads_q=64, num_heads_kv=32, head_dim_qk=117, head_dim_v=195, with_attn_scale=True, with_attn_bias=False, trans_q=False, trans_k=True, trans_v=True, trans_o=False, causal=False, return_lse=True, split_kv=4, current_seqlen=[265, 131, 48, 85, 278, 131, 195], arch='gfx1100', chip='gfx1100', num_cu=70, num_chiplets=1, perfconfig='attn:v1:16,16,16,2,1,16,0,1,1,2,1')
Lowering rejected config as not applicable
Command line = -operation attention -t i8 --arch gfx1100 --num_cu 70 --num_chiplets 1 -g 8 -seq_len_q 282 -seq_len_k 69 -num_heads_q 128 -num_heads_kv 8 -head_dim_qk 215 -head_dim_v 175 -with-attn-scale=True -with-attn-bias=False -transQ=False -transK=True -transV=True -transO=True -causal=True -return_lse=False -split_kv=1 --perf_config=attn:v1:32,256,64,1,1,2,16,1,3,8,8 -pv
Errors = loc("<stdin>":24:1): error: ttg.shared (131072) exceeds LDS limit (65536) for amdgcn-amd-amdhsa:gfx1100
Lowering not applicable.

----------------------------------------------------------------------------------------------------
NOT_APPLICABLE: AttentionConfiguration(datatype='i8', g=8, seq_len_q=282, seq_len_k=69, num_heads_q=128, num_heads_kv=8, head_dim_qk=215, head_dim_v=175, with_attn_scale=True, with_attn_bias=False, trans_q=False, trans_k=True, trans_v=True, trans_o=True, causal=True, return_lse=False, split_kv=1, current_seqlen=None, arch='gfx1100', chip='gfx1100', num_cu=70, num_chiplets=1, perfconfig='attn:v1:32,256,64,1,1,2,16,1,3,8,8')
----------------------------------------------------------------------------------------------------
PASS: AttentionConfiguration(datatype='f32', g=5, seq_len_q=1, seq_len_k=225, num_heads_q=1, num_heads_kv=1, head_dim_qk=244, head_dim_v=121, with_attn_scale=False, with_attn_bias=False, trans_q=True, trans_k=True, trans_v=True, trans_o=False, causal=False, return_lse=False, split_kv=1, current_seqlen=[70, 168, 90, 94, 12], arch='gfx1100', chip='gfx1100', num_cu=70, num_chiplets=1, perfconfig='attn:v1:32,16,32,2,1,1,16,1,3,8,1')
----------------------------------------------------------------------------------------------------
PASS: AttentionConfiguration(datatype='i8', g=2, seq_len_q=59, seq_len_k=1604, num_heads_q=16, num_heads_kv=4, head_dim_qk=124, head_dim_v=180, with_attn_scale=False, with_attn_bias=True, trans_q=False, trans_k=False, trans_v=True, trans_o=False, causal=True, return_lse=True, split_kv=8, current_seqlen=None, arch='gfx1100', chip='gfx1100', num_cu=70, num_chiplets=1, perfconfig='attn:v1:32,128,32,2,1,4,16,1,1,0,0')
----------------------------------------------------------------------------------------------------
PASS: AttentionConfiguration(datatype='i8', g=4, seq_len_q=1, seq_len_k=832, num_heads_q=32, num_heads_kv=4, head_dim_qk=64, head_dim_v=109, with_attn_scale=True, with_attn_bias=False, trans_q=True, trans_k=False, trans_v=True, trans_o=False, causal=False, return_lse=False, split_kv=1, current_seqlen=[346, 807, 177, 186], arch='gfx1100', chip='gfx1100', num_cu=70, num_chiplets=1, perfconfig='attn:v1:128,64,32,1,1,1,16,1,1,1,4')
Lowering rejected config as not applicable
Command line = -operation attention -t f16 --arch gfx1100 --num_cu 70 --num_chiplets 1 -g 3 -seq_len_q 551 -seq_len_k 450 -num_heads_q 1 -num_heads_kv 1 -head_dim_qk 148 -head_dim_v 146 -with-attn-scale=True -with-attn-bias=False -transQ=False -transK=False -transV=False -transO=False -causal=True -return_lse=True -split_kv=1 --perf_config=attn:v1:128,16,128,1,1,16,32,1,3,1,8 -pv
Errors = loc("<stdin>":19:1): error: ttg.shared (73728) exceeds LDS limit (65536) for amdgcn-amd-amdhsa:gfx1100
Lowering not applicable.

----------------------------------------------------------------------------------------------------
NOT_APPLICABLE: AttentionConfiguration(datatype='f16', g=3, seq_len_q=551, seq_len_k=450, num_heads_q=1, num_heads_kv=1, head_dim_qk=148, head_dim_v=146, with_attn_scale=True, with_attn_bias=False, trans_q=False, trans_k=False, trans_v=False, trans_o=False, causal=True, return_lse=True, split_kv=1, current_seqlen=None, arch='gfx1100', chip='gfx1100', num_cu=70, num_chiplets=1, perfconfig='attn:v1:128,16,128,1,1,16,32,1,3,1,8')
Lowering rejected config as not applicable
Command line = -operation attention -t f16 --arch gfx1100 --num_cu 70 --num_chiplets 1 -g 8 -seq_len_q 1 -seq_len_k 316 -num_heads_q 128 -num_heads_kv 32 -head_dim_qk 151 -head_dim_v 179 -with-attn-scale=False -with-attn-bias=False -transQ=False -transK=True -transV=True -transO=False -causal=False -return_lse=True -split_kv=4 --perf_config=attn:v1:16,256,128,2,1,4,0,1,1,0,4 --current_seq_len=275,123,44,232,303,20,170,314 -pv
Errors = loc("<stdin>":31:1): error: ttg.shared (131072) exceeds LDS limit (65536) for amdgcn-amd-amdhsa:gfx1100
Lowering not applicable.

----------------------------------------------------------------------------------------------------
NOT_APPLICABLE: AttentionConfiguration(datatype='f16', g=8, seq_len_q=1, seq_len_k=316, num_heads_q=128, num_heads_kv=32, head_dim_qk=151, head_dim_v=179, with_attn_scale=False, with_attn_bias=False, trans_q=False, trans_k=True, trans_v=True, trans_o=False, causal=False, return_lse=True, split_kv=4, current_seqlen=[275, 123, 44, 232, 303, 20, 170, 314], arch='gfx1100', chip='gfx1100', num_cu=70, num_chiplets=1, perfconfig='attn:v1:16,256,128,2,1,4,0,1,1,0,4')
Lowering rejected config as not applicable
Command line = -operation attention -t f16 --arch gfx1100 --num_cu 70 --num_chiplets 1 -g 8 -seq_len_q 1 -seq_len_k 471 -num_heads_q 32 -num_heads_kv 8 -head_dim_qk 195 -head_dim_v 142 -with-attn-scale=True -with-attn-bias=True -transQ=False -transK=False -transV=False -transO=False -causal=False -return_lse=True -split_kv=1 --perf_config=attn:v1:32,128,128,1,1,2,16,1,3,1,0 --current_seq_len=448,277,305,9,73,141,446,342 -pv
Errors = loc("<stdin>":30:1): error: ttg.shared (81920) exceeds LDS limit (65536) for amdgcn-amd-amdhsa:gfx1100
Lowering not applicable.

----------------------------------------------------------------------------------------------------
NOT_APPLICABLE: AttentionConfiguration(datatype='f16', g=8, seq_len_q=1, seq_len_k=471, num_heads_q=32, num_heads_kv=8, head_dim_qk=195, head_dim_v=142, with_attn_scale=True, with_attn_bias=True, trans_q=False, trans_k=False, trans_v=False, trans_o=False, causal=False, return_lse=True, split_kv=1, current_seqlen=[448, 277, 305, 9, 73, 141, 446, 342], arch='gfx1100', chip='gfx1100', num_cu=70, num_chiplets=1, perfconfig='attn:v1:32,128,128,1,1,2,16,1,3,1,0')
----------------------------------------------------------------------------------------------------
PASS: AttentionConfiguration(datatype='f32', g=8, seq_len_q=294, seq_len_k=401, num_heads_q=1, num_heads_kv=1, head_dim_qk=60, head_dim_v=178, with_attn_scale=True, with_attn_bias=True, trans_q=True, trans_k=False, trans_v=True, trans_o=False, causal=False, return_lse=False, split_kv=1, current_seqlen=None, arch='gfx1100', chip='gfx1100', num_cu=70, num_chiplets=1, perfconfig='attn:v1:32,64,32,1,1,16,32,1,1,2,2')
----------------------------------------------------------------------------------------------------
PASS: AttentionConfiguration(datatype='i8', g=4, seq_len_q=1, seq_len_k=389, num_heads_q=16, num_heads_kv=8, head_dim_qk=213, head_dim_v=254, with_attn_scale=False, with_attn_bias=False, trans_q=True, trans_k=False, trans_v=True, trans_o=True, causal=False, return_lse=False, split_kv=1, current_seqlen=[377, 56, 156, 219], arch='gfx1100', chip='gfx1100', num_cu=70, num_chiplets=1, perfconfig='attn:v1:32,32,16,1,1,2,32,1,2,1,8')
----------------------------------------------------------------------------------------------------
PASS: AttentionConfiguration(datatype='f16', g=6, seq_len_q=1, seq_len_k=338, num_heads_q=1, num_heads_kv=1, head_dim_qk=16, head_dim_v=158, with_attn_scale=True, with_attn_bias=True, trans_q=False, trans_k=True, trans_v=False, trans_o=True, causal=False, return_lse=True, split_kv=2, current_seqlen=[231, 67, 279, 322, 52, 37], arch='gfx1100', chip='gfx1100', num_cu=70, num_chiplets=1, perfconfig='attn:v1:16,128,128,2,1,4,0,1,1,8,4')
Lowering rejected config as not applicable
Command line = -operation attention -t bf16 --arch gfx1100 --num_cu 70 --num_chiplets 1 -g 7 -seq_len_q 33 -seq_len_k 173 -num_heads_q 1 -num_heads_kv 1 -head_dim_qk 66 -head_dim_v 153 -with-attn-scale=False -with-attn-bias=False -transQ=True -transK=True -transV=False -transO=False -causal=False -return_lse=True -split_kv=1 --perf_config=attn:v1:256,256,32,1,1,8,16,1,1,1,2 -pv -RMS_threshold 1e-2
Errors = loc("<stdin>":15:1): error: ttg.shared (131072) exceeds LDS limit (65536) for amdgcn-amd-amdhsa:gfx1100
Lowering not applicable.

----------------------------------------------------------------------------------------------------
NOT_APPLICABLE: AttentionConfiguration(datatype='bf16', g=7, seq_len_q=33, seq_len_k=173, num_heads_q=1, num_heads_kv=1, head_dim_qk=66, head_dim_v=153, with_attn_scale=False, with_attn_bias=False, trans_q=True, trans_k=True, trans_v=False, trans_o=False, causal=False, return_lse=True, split_kv=1, current_seqlen=None, arch='gfx1100', chip='gfx1100', num_cu=70, num_chiplets=1, perfconfig='attn:v1:256,256,32,1,1,8,16,1,1,1,2')
----------------------------------------------------------------------------------------------------
PASS: AttentionConfiguration(datatype='bf16', g=2, seq_len_q=1, seq_len_k=187, num_heads_q=1, num_heads_kv=1, head_dim_qk=103, head_dim_v=88, with_attn_scale=False, with_attn_bias=False, trans_q=False, trans_k=True, trans_v=False, trans_o=True, causal=False, return_lse=True, split_kv=1, current_seqlen=[30, 120], arch='gfx1100', chip='gfx1100', num_cu=70, num_chiplets=1, perfconfig='attn:v1:128,16,64,1,1,1,32,1,2,1,1')
----------------------------------------------------------------------------------------------------
PASS: AttentionConfiguration(datatype='f16', g=2, seq_len_q=1, seq_len_k=814, num_heads_q=1, num_heads_kv=1, head_dim_qk=56, head_dim_v=219, with_attn_scale=True, with_attn_bias=False, trans_q=False, trans_k=True, trans_v=False, trans_o=False, causal=False, return_lse=False, split_kv=1, current_seqlen=[213, 86], arch='gfx1100', chip='gfx1100', num_cu=70, num_chiplets=1, perfconfig='attn:v1:64,64,16,1,1,8,32,1,2,8,2')
----------------------------------------------------------------------------------------------------
PASS: AttentionConfiguration(datatype='f16', g=1, seq_len_q=1, seq_len_k=1378, num_heads_q=32, num_heads_kv=16, head_dim_qk=202, head_dim_v=83, with_attn_scale=False, with_attn_bias=True, trans_q=True, trans_k=False, trans_v=False, trans_o=True, causal=False, return_lse=True, split_kv=32, current_seqlen=[883], arch='gfx1100', chip='gfx1100', num_cu=70, num_chiplets=1, perfconfig='attn:v1:16,64,32,2,1,2,16,1,2,8,8')
----------------------------------------------------------------------------------------------------
PASS: AttentionConfiguration(datatype='bf16', g=2, seq_len_q=45, seq_len_k=1951, num_heads_q=32, num_heads_kv=16, head_dim_qk=47, head_dim_v=5, with_attn_scale=False, with_attn_bias=False, trans_q=False, trans_k=True, trans_v=True, trans_o=True, causal=False, return_lse=False, split_kv=1, current_seqlen=None, arch='gfx1100', chip='gfx1100', num_cu=70, num_chiplets=1, perfconfig='attn:v1:256,32,128,2,1,2,32,1,2,8,4')
----------------------------------------------------------------------------------------------------
PASS: AttentionConfiguration(datatype='i8', g=7, seq_len_q=28, seq_len_k=544, num_heads_q=64, num_heads_kv=32, head_dim_qk=126, head_dim_v=140, with_attn_scale=False, with_attn_bias=False, trans_q=False, trans_k=True, trans_v=False, trans_o=False, causal=True, return_lse=True, split_kv=4, current_seqlen=None, arch='gfx1100', chip='gfx1100', num_cu=70, num_chiplets=1, perfconfig='attn:v1:64,32,16,2,1,2,0,1,3,0,8')
----------------------------------------------------------------------------------------------------
PASS: AttentionConfiguration(datatype='f16', g=5, seq_len_q=497, seq_len_k=487, num_heads_q=64, num_heads_kv=16, head_dim_qk=14, head_dim_v=64, with_attn_scale=False, with_attn_bias=False, trans_q=False, trans_k=True, trans_v=False, trans_o=True, causal=False, return_lse=False, split_kv=1, current_seqlen=None, arch='gfx1100', chip='gfx1100', num_cu=70, num_chiplets=1, perfconfig='attn:v1:32,16,64,1,1,16,32,1,3,2,8')
----------------------------------------------------------------------------------------------------
PASS: AttentionConfiguration(datatype='bf16', g=6, seq_len_q=1, seq_len_k=140, num_heads_q=1, num_heads_kv=1, head_dim_qk=66, head_dim_v=22, with_attn_scale=False, with_attn_bias=True, trans_q=True, trans_k=True, trans_v=False, trans_o=False, causal=False, return_lse=False, split_kv=1, current_seqlen=[80, 113, 100, 36, 22, 33], arch='gfx1100', chip='gfx1100', num_cu=70, num_chiplets=1, perfconfig='attn:v1:128,256,64,1,1,2,16,1,1,4,8')
----------------------------------------------------------------------------------------------------
PASS: AttentionConfiguration(datatype='f32', g=8, seq_len_q=19, seq_len_k=117, num_heads_q=1, num_heads_kv=1, head_dim_qk=71, head_dim_v=241, with_attn_scale=True, with_attn_bias=False, trans_q=True, trans_k=False, trans_v=True, trans_o=False, causal=True, return_lse=True, split_kv=8, current_seqlen=None, arch='gfx1100', chip='gfx1100', num_cu=70, num_chiplets=1, perfconfig='attn:v1:64,32,128,1,1,2,0,1,2,4,4')
----------------------------------------------------------------------------------------------------
PASS: AttentionConfiguration(datatype='i8', g=7, seq_len_q=1, seq_len_k=120, num_heads_q=1, num_heads_kv=1, head_dim_qk=229, head_dim_v=186, with_attn_scale=True, with_attn_bias=False, trans_q=True, trans_k=False, trans_v=False, trans_o=False, causal=False, return_lse=True, split_kv=4, current_seqlen=[66, 10, 82, 103, 92, 79, 35], arch='gfx1100', chip='gfx1100', num_cu=70, num_chiplets=1, perfconfig='attn:v1:64,64,16,1,1,1,32,1,3,0,1')
Lowering rejected config as not applicable
Command line = -operation attention -t f32 --arch gfx1100 --num_cu 70 --num_chiplets 1 -g 2 -seq_len_q 61 -seq_len_k 1952 -num_heads_q 64 -num_heads_kv 8 -head_dim_qk 216 -head_dim_v 107 -with-attn-scale=False -with-attn-bias=False -transQ=True -transK=False -transV=False -transO=True -causal=True -return_lse=True -split_kv=32 --perf_config=attn:v1:64,256,128,1,1,16,0,1,3,4,4 -pv -relDiff_threshold 1e-4
Errors = loc("<stdin>":24:1): error: ttg.shared (327680) exceeds LDS limit (65536) for amdgcn-amd-amdhsa:gfx1100
Lowering not applicable.

----------------------------------------------------------------------------------------------------
NOT_APPLICABLE: AttentionConfiguration(datatype='f32', g=2, seq_len_q=61, seq_len_k=1952, num_heads_q=64, num_heads_kv=8, head_dim_qk=216, head_dim_v=107, with_attn_scale=False, with_attn_bias=False, trans_q=True, trans_k=False, trans_v=False, trans_o=True, causal=True, return_lse=True, split_kv=32, current_seqlen=None, arch='gfx1100', chip='gfx1100', num_cu=70, num_chiplets=1, perfconfig='attn:v1:64,256,128,1,1,16,0,1,3,4,4')
----------------------------------------------------------------------------------------------------
PASS: AttentionConfiguration(datatype='bf16', g=7, seq_len_q=1, seq_len_k=83, num_heads_q=1, num_heads_kv=1, head_dim_qk=110, head_dim_v=144, with_attn_scale=True, with_attn_bias=True, trans_q=True, trans_k=False, trans_v=True, trans_o=False, causal=False, return_lse=False, split_kv=1, current_seqlen=[24, 5, 50, 66, 18, 21, 8], arch='gfx1100', chip='gfx1100', num_cu=70, num_chiplets=1, perfconfig='attn:v1:32,64,32,2,1,8,0,1,3,8,0')
----------------------------------------------------------------------------------------------------
PASS: AttentionConfiguration(datatype='i8', g=4, seq_len_q=1, seq_len_k=190, num_heads_q=64, num_heads_kv=2, head_dim_qk=60, head_dim_v=161, with_attn_scale=False, with_attn_bias=False, trans_q=True, trans_k=True, trans_v=False, trans_o=False, causal=False, return_lse=True, split_kv=4, current_seqlen=[150, 5, 157, 187], arch='gfx1100', chip='gfx1100', num_cu=70, num_chiplets=1, perfconfig='attn:v1:32,64,32,2,1,8,16,1,1,4,4')
----------------------------------------------------------------------------------------------------
PASS: AttentionConfiguration(datatype='i8', g=8, seq_len_q=1, seq_len_k=206, num_heads_q=4, num_heads_kv=2, head_dim_qk=48, head_dim_v=21, with_attn_scale=False, with_attn_bias=True, trans_q=True, trans_k=False, trans_v=True, trans_o=True, causal=False, return_lse=False, split_kv=1, current_seqlen=[16, 190, 127, 133, 160, 92, 184, 58], arch='gfx1100', chip='gfx1100', num_cu=70, num_chiplets=1, perfconfig='attn:v1:256,32,32,1,1,1,0,1,2,2,4')
----------------------------------------------------------------------------------------------------
PASS: AttentionConfiguration(datatype='f16', g=6, seq_len_q=1, seq_len_k=133, num_heads_q=1, num_heads_kv=1, head_dim_qk=81, head_dim_v=83, with_attn_scale=False, with_attn_bias=True, trans_q=True, trans_k=False, trans_v=False, trans_o=True, causal=False, return_lse=True, split_kv=1, current_seqlen=[2, 57, 126, 21, 21, 124], arch='gfx1100', chip='gfx1100', num_cu=70, num_chiplets=1, perfconfig='attn:v1:64,256,32,2,1,2,32,1,1,1,2')
----------------------------------------------------------------------------------------------------
PASS: AttentionConfiguration(datatype='i8', g=8, seq_len_q=1, seq_len_k=242, num_heads_q=1, num_heads_kv=1, head_dim_qk=48, head_dim_v=77, with_attn_scale=False, with_attn_bias=False, trans_q=False, trans_k=True, trans_v=True, trans_o=True, causal=False, return_lse=False, split_kv=1, current_seqlen=[62, 234, 214, 140, 123, 22, 157, 122], arch='gfx1100', chip='gfx1100', num_cu=70, num_chiplets=1, perfconfig='attn:v1:64,64,128,1,1,1,16,1,3,0,0')
----------------------------------------------------------------------------------------------------
PASS: AttentionConfiguration(datatype='bf16', g=1, seq_len_q=1, seq_len_k=3297, num_heads_q=1, num_heads_kv=1, head_dim_qk=129, head_dim_v=120, with_attn_scale=True, with_attn_bias=True, trans_q=True, trans_k=True, trans_v=True, trans_o=False, causal=False, return_lse=True, split_kv=1, current_seqlen=[1909], arch='gfx1100', chip='gfx1100', num_cu=70, num_chiplets=1, perfconfig='attn:v1:32,256,128,2,1,4,32,1,1,0,4')
----------------------------------------------------------------------------------------------------
PASS: AttentionConfiguration(datatype='i8', g=7, seq_len_q=1, seq_len_k=359, num_heads_q=16, num_heads_kv=8, head_dim_qk=153, head_dim_v=87, with_attn_scale=True, with_attn_bias=True, trans_q=True, trans_k=True, trans_v=False, trans_o=True, causal=False, return_lse=True, split_kv=1, current_seqlen=[264, 73, 336, 125, 75, 84, 92], arch='gfx1100', chip='gfx1100', num_cu=70, num_chiplets=1, perfconfig='attn:v1:128,64,64,1,1,1,16,1,2,2,1')
Lowering rejected config as not applicable
Command line = -operation attention -t bf16 --arch gfx1100 --num_cu 70 --num_chiplets 1 -g 2 -seq_len_q 77 -seq_len_k 1615 -num_heads_q 32 -num_heads_kv 16 -head_dim_qk 199 -head_dim_v 206 -with-attn-scale=False -with-attn-bias=True -transQ=False -transK=True -transV=False -transO=False -causal=False -return_lse=False -split_kv=1 --perf_config=attn:v1:128,256,64,1,1,16,32,1,3,2,8 -pv -RMS_threshold 1e-2
Errors = loc("<stdin>":19:1): error: ttg.shared (131072) exceeds LDS limit (65536) for amdgcn-amd-amdhsa:gfx1100
Lowering not applicable.

----------------------------------------------------------------------------------------------------
NOT_APPLICABLE: AttentionConfiguration(datatype='bf16', g=2, seq_len_q=77, seq_len_k=1615, num_heads_q=32, num_heads_kv=16, head_dim_qk=199, head_dim_v=206, with_attn_scale=False, with_attn_bias=True, trans_q=False, trans_k=True, trans_v=False, trans_o=False, causal=False, return_lse=False, split_kv=1, current_seqlen=None, arch='gfx1100', chip='gfx1100', num_cu=70, num_chiplets=1, perfconfig='attn:v1:128,256,64,1,1,16,32,1,3,2,8')
----------------------------------------------------------------------------------------------------
PASS: AttentionConfiguration(datatype='f16', g=2, seq_len_q=220, seq_len_k=1035, num_heads_q=1, num_heads_kv=1, head_dim_qk=180, head_dim_v=168, with_attn_scale=True, with_attn_bias=True, trans_q=True, trans_k=False, trans_v=False, trans_o=False, causal=True, return_lse=False, split_kv=1, current_seqlen=None, arch='gfx1100', chip='gfx1100', num_cu=70, num_chiplets=1, perfconfig='attn:v1:16,32,64,2,1,8,32,1,3,8,8')
----------------------------------------------------------------------------------------------------
PASS: AttentionConfiguration(datatype='f16', g=1, seq_len_q=1, seq_len_k=851, num_heads_q=128, num_heads_kv=16, head_dim_qk=175, head_dim_v=211, with_attn_scale=True, with_attn_bias=True, trans_q=False, trans_k=False, trans_v=True, trans_o=False, causal=False, return_lse=True, split_kv=2, current_seqlen=[297], arch='gfx1100', chip='gfx1100', num_cu=70, num_chiplets=1, perfconfig='attn:v1:64,64,32,2,1,16,16,1,1,0,1')
----------------------------------------------------------------------------------------------------
PASS: AttentionConfiguration(datatype='f32', g=2, seq_len_q=16, seq_len_k=372, num_heads_q=1, num_heads_kv=1, head_dim_qk=130, head_dim_v=107, with_attn_scale=False, with_attn_bias=False, trans_q=False, trans_k=False, trans_v=True, trans_o=True, causal=True, return_lse=True, split_kv=16, current_seqlen=None, arch='gfx1100', chip='gfx1100', num_cu=70, num_chiplets=1, perfconfig='attn:v1:32,16,32,2,1,1,0,1,2,4,0')
----------------------------------------------------------------------------------------------------
PASS: AttentionConfiguration(datatype='i8', g=3, seq_len_q=281, seq_len_k=602, num_heads_q=1, num_heads_kv=1, head_dim_qk=187, head_dim_v=122, with_attn_scale=True, with_attn_bias=False, trans_q=True, trans_k=True, trans_v=False, trans_o=True, causal=True, return_lse=False, split_kv=1, current_seqlen=None, arch='gfx1100', chip='gfx1100', num_cu=70, num_chiplets=1, perfconfig='attn:v1:64,64,64,1,1,2,0,1,3,0,0')
Lowering rejected config as not applicable
Command line = -operation attention -t f16 --arch gfx1100 --num_cu 70 --num_chiplets 1 -g 7 -seq_len_q 15 -seq_len_k 420 -num_heads_q 8 -num_heads_kv 4 -head_dim_qk 14 -head_dim_v 99 -with-attn-scale=False -with-attn-bias=False -transQ=False -transK=False -transV=False -transO=True -causal=True -return_lse=True -split_kv=2 --perf_config=attn:v1:128,256,16,1,1,2,0,1,3,1,8 -pv
Errors = loc("<stdin>":24:1): error: ttg.shared (147456) exceeds LDS limit (65536) for amdgcn-amd-amdhsa:gfx1100
Lowering not applicable.

----------------------------------------------------------------------------------------------------
NOT_APPLICABLE: AttentionConfiguration(datatype='f16', g=7, seq_len_q=15, seq_len_k=420, num_heads_q=8, num_heads_kv=4, head_dim_qk=14, head_dim_v=99, with_attn_scale=False, with_attn_bias=False, trans_q=False, trans_k=False, trans_v=False, trans_o=True, causal=True, return_lse=True, split_kv=2, current_seqlen=None, arch='gfx1100', chip='gfx1100', num_cu=70, num_chiplets=1, perfconfig='attn:v1:128,256,16,1,1,2,0,1,3,1,8')
----------------------------------------------------------------------------------------------------
PASS: AttentionConfiguration(datatype='bf16', g=6, seq_len_q=1, seq_len_k=343, num_heads_q=1, num_heads_kv=1, head_dim_qk=164, head_dim_v=148, with_attn_scale=True, with_attn_bias=False, trans_q=True, trans_k=False, trans_v=True, trans_o=False, causal=False, return_lse=True, split_kv=16, current_seqlen=[69, 129, 2, 24, 296, 50], arch='gfx1100', chip='gfx1100', num_cu=70, num_chiplets=1, perfconfig='attn:v1:64,128,64,1,1,2,32,1,1,2,2')
----------------------------------------------------------------------------------------------------
PASS: AttentionConfiguration(datatype='f16', g=8, seq_len_q=14, seq_len_k=41, num_heads_q=1, num_heads_kv=1, head_dim_qk=243, head_dim_v=164, with_attn_scale=False, with_attn_bias=False, trans_q=True, trans_k=True, trans_v=True, trans_o=True, causal=False, return_lse=True, split_kv=4, current_seqlen=None, arch='gfx1100', chip='gfx1100', num_cu=70, num_chiplets=1, perfconfig='attn:v1:256,128,64,1,1,2,32,1,2,4,1')
----------------------------------------------------------------------------------------------------
PASS: AttentionConfiguration(datatype='f16', g=6, seq_len_q=1, seq_len_k=374, num_heads_q=64, num_heads_kv=8, head_dim_qk=46, head_dim_v=110, with_attn_scale=False, with_attn_bias=False, trans_q=False, trans_k=False, trans_v=False, trans_o=False, causal=False, return_lse=False, split_kv=1, current_seqlen=[117, 321, 144, 326, 36, 69], arch='gfx1100', chip='gfx1100', num_cu=70, num_chiplets=1, perfconfig='attn:v1:64,32,16,2,1,16,16,1,1,2,8')
Lowering rejected config as not applicable
Command line = -operation attention -t f32 --arch gfx1100 --num_cu 70 --num_chiplets 1 -g 7 -seq_len_q 1 -seq_len_k 577 -num_heads_q 1 -num_heads_kv 1 -head_dim_qk 244 -head_dim_v 10 -with-attn-scale=True -with-attn-bias=False -transQ=False -transK=True -transV=False -transO=False -causal=False -return_lse=False -split_kv=1 --perf_config=attn:v1:64,128,128,2,1,1,32,1,3,1,8 --current_seq_len=193,384,73,393,495,221,114 -pv -relDiff_threshold 1e-4
Errors = loc("<stdin>":25:1): error: ttg.shared (196608) exceeds LDS limit (65536) for amdgcn-amd-amdhsa:gfx1100
Lowering not applicable.

----------------------------------------------------------------------------------------------------
NOT_APPLICABLE: AttentionConfiguration(datatype='f32', g=7, seq_len_q=1, seq_len_k=577, num_heads_q=1, num_heads_kv=1, head_dim_qk=244, head_dim_v=10, with_attn_scale=True, with_attn_bias=False, trans_q=False, trans_k=True, trans_v=False, trans_o=False, causal=False, return_lse=False, split_kv=1, current_seqlen=[193, 384, 73, 393, 495, 221, 114], arch='gfx1100', chip='gfx1100', num_cu=70, num_chiplets=1, perfconfig='attn:v1:64,128,128,2,1,1,32,1,3,1,8')
----------------------------------------------------------------------------------------------------
PASS: AttentionConfiguration(datatype='i8', g=5, seq_len_q=1, seq_len_k=209, num_heads_q=4, num_heads_kv=2, head_dim_qk=26, head_dim_v=55, with_attn_scale=True, with_attn_bias=False, trans_q=True, trans_k=True, trans_v=False, trans_o=False, causal=False, return_lse=False, split_kv=1, current_seqlen=[13, 146, 186, 135, 134], arch='gfx1100', chip='gfx1100', num_cu=70, num_chiplets=1, perfconfig='attn:v1:32,32,128,2,1,2,16,1,2,2,4')
Lowering rejected config as not applicable
Command line = -operation attention -t i8 --arch gfx1100 --num_cu 70 --num_chiplets 1 -g 2 -seq_len_q 1 -seq_len_k 1490 -num_heads_q 64 -num_heads_kv 4 -head_dim_qk 82 -head_dim_v 167 -with-attn-scale=True -with-attn-bias=True -transQ=False -transK=False -transV=False -transO=False -causal=False -return_lse=True -split_kv=2 --perf_config=attn:v1:16,256,128,1,1,16,32,1,3,4,1 --current_seq_len=902,693 -pv
Errors = loc("<stdin>":37:1): error: ttg.shared (344064) exceeds LDS limit (65536) for amdgcn-amd-amdhsa:gfx1100
Lowering not applicable.

----------------------------------------------------------------------------------------------------
NOT_APPLICABLE: AttentionConfiguration(datatype='i8', g=2, seq_len_q=1, seq_len_k=1490, num_heads_q=64, num_heads_kv=4, head_dim_qk=82, head_dim_v=167, with_attn_scale=True, with_attn_bias=True, trans_q=False, trans_k=False, trans_v=False, trans_o=False, causal=False, return_lse=True, split_kv=2, current_seqlen=[902, 693], arch='gfx1100', chip='gfx1100', num_cu=70, num_chiplets=1, perfconfig='attn:v1:16,256,128,1,1,16,32,1,3,4,1')
----------------------------------------------------------------------------------------------------
PASS: AttentionConfiguration(datatype='f16', g=2, seq_len_q=1, seq_len_k=733, num_heads_q=1, num_heads_kv=1, head_dim_qk=241, head_dim_v=124, with_attn_scale=False, with_attn_bias=False, trans_q=True, trans_k=False, trans_v=True, trans_o=False, causal=False, return_lse=False, split_kv=1, current_seqlen=[613, 61], arch='gfx1100', chip='gfx1100', num_cu=70, num_chiplets=1, perfconfig='attn:v1:16,128,16,1,1,1,16,1,3,0,1')
FAIL: Runner returned incorrect result
Config = AttentionConfiguration(datatype='f16', g=7, seq_len_q=165, seq_len_k=447, num_heads_q=64, num_heads_kv=32, head_dim_qk=206, head_dim_v=136, with_attn_scale=True, with_attn_bias=False, trans_q=False, trans_k=True, trans_v=True, trans_o=False, causal=False, return_lse=True, split_kv=16, current_seqlen=None, arch='gfx1100', chip='gfx1100', num_cu=70, num_chiplets=1, perfconfig='attn:v1:128,64,16,1,1,16,32,1,1,0,2')
Command line = -operation attention -t f16 --arch gfx1100 --num_cu 70 --num_chiplets 1 -g 7 -seq_len_q 165 -seq_len_k 447 -num_heads_q 64 -num_heads_kv 32 -head_dim_qk 206 -head_dim_v 136 -with-attn-scale=True -with-attn-bias=False -transQ=False -transK=True -transV=True -transO=False -causal=False -return_lse=True -split_kv=16 --perf_config=attn:v1:128,64,16,1,1,16,32,1,1,0,2 -pv
Output = Number of elements: 160849920
maxAbsDiff info: maxAbsDiff = 0.001221 (valNum = 0.39893, gpuNum = 0.40015), average absDiff = 5.7e-04
maxRelDiff info: maxRelDiff = 3.1e-03 (valNum = 0.3989257812, gpuNum = 0.4001464844), average relDiff = 1.2e-03
RMS = 1.0e-03
Histogram of relDiff: 
        relDiff = 0     : 53616640/160849920 (33.333333%)
     0 < relDiff < 1e-06: 0/160849920 (0.000000%)
1e-06 < relDiff <= 1e-05: 0/160849920 (0.000000%)
1e-05 < relDiff <= 1e-04: 0/160849920 (0.000000%)
1e-04 < relDiff <= 1e-03: 53616640/160849920 (33.333333%)
1e-03 < relDiff <= 1e-02: 53616640/160849920 (33.333333%)
1e-02 < relDiff <= 1e-01: 0/160849920 (0.000000%)
1e-01 < relDiff <= 1e+00: 0/160849920 (0.000000%)
1e+00 < relDiff < inf   : 0/160849920 (0.000000%)
        relDiff = inf   : 0/160849920 (0.000000%)
[0 1 1]

FAIL: Timeout in rocmlir-driver stage (120s)
Config = AttentionConfiguration(datatype='i8', g=2, seq_len_q=142, seq_len_k=903, num_heads_q=128, num_heads_kv=16, head_dim_qk=183, head_dim_v=239, with_attn_scale=False, with_attn_bias=True, trans_q=True, trans_k=True, trans_v=True, trans_o=True, causal=True, return_lse=False, split_kv=1, current_seqlen=None, arch='gfx1100', chip='gfx1100', num_cu=70, num_chiplets=1, perfconfig='attn:v1:128,128,32,1,1,2,32,1,3,8,1')
Command line = -operation attention -t i8 --arch gfx1100 --num_cu 70 --num_chiplets 1 -g 2 -seq_len_q 142 -seq_len_k 903 -num_heads_q 128 -num_heads_kv 16 -head_dim_qk 183 -head_dim_v 239 -with-attn-scale=False -with-attn-bias=True -transQ=True -transK=True -transV=True -transO=True -causal=True -return_lse=False -split_kv=1 --perf_config=attn:v1:128,128,32,1,1,2,32,1,3,8,1 -pv
Lowering rejected config as not applicable
Command line = -operation attention -t bf16 --arch gfx1100 --num_cu 70 --num_chiplets 1 -g 7 -seq_len_q 261 -seq_len_k 307 -num_heads_q 64 -num_heads_kv 32 -head_dim_qk 198 -head_dim_v 168 -with-attn-scale=False -with-attn-bias=False -transQ=True -transK=True -transV=False -transO=False -causal=True -return_lse=False -split_kv=1 --perf_config=attn:v1:128,256,16,1,1,2,0,1,3,0,4 -pv -RMS_threshold 1e-2
Errors = loc("<stdin>":18:1): error: ttg.shared (131072) exceeds LDS limit (65536) for amdgcn-amd-amdhsa:gfx1100
Lowering not applicable.

----------------------------------------------------------------------------------------------------
NOT_APPLICABLE: AttentionConfiguration(datatype='bf16', g=7, seq_len_q=261, seq_len_k=307, num_heads_q=64, num_heads_kv=32, head_dim_qk=198, head_dim_v=168, with_attn_scale=False, with_attn_bias=False, trans_q=True, trans_k=True, trans_v=False, trans_o=False, causal=True, return_lse=False, split_kv=1, current_seqlen=None, arch='gfx1100', chip='gfx1100', num_cu=70, num_chiplets=1, perfconfig='attn:v1:128,256,16,1,1,2,0,1,3,0,4')
----------------------------------------------------------------------------------------------------
PASS: AttentionConfiguration(datatype='f16', g=7, seq_len_q=403, seq_len_k=345, num_heads_q=1, num_heads_kv=1, head_dim_qk=114, head_dim_v=172, with_attn_scale=False, with_attn_bias=False, trans_q=True, trans_k=False, trans_v=False, trans_o=True, causal=True, return_lse=False, split_kv=1, current_seqlen=None, arch='gfx1100', chip='gfx1100', num_cu=70, num_chiplets=1, perfconfig='attn:v1:64,16,16,2,1,1,16,1,3,8,4')
----------------------------------------------------------------------------------------------------
FAIL: AttentionConfiguration(datatype='f16', g=7, seq_len_q=165, seq_len_k=447, num_heads_q=64, num_heads_kv=32, head_dim_qk=206, head_dim_v=136, with_attn_scale=True, with_attn_bias=False, trans_q=False, trans_k=True, trans_v=True, trans_o=False, causal=False, return_lse=True, split_kv=16, current_seqlen=None, arch='gfx1100', chip='gfx1100', num_cu=70, num_chiplets=1, perfconfig='attn:v1:128,64,16,1,1,16,32,1,1,0,2')
Lowering rejected config as not applicable
Command line = -operation attention -t f32 --arch gfx1100 --num_cu 70 --num_chiplets 1 -g 4 -seq_len_q 474 -seq_len_k 387 -num_heads_q 1 -num_heads_kv 1 -head_dim_qk 76 -head_dim_v 142 -with-attn-scale=True -with-attn-bias=False -transQ=False -transK=False -transV=True -transO=False -causal=False -return_lse=True -split_kv=4 --perf_config=attn:v1:256,32,128,2,1,16,0,1,1,8,0 -pv -relDiff_threshold 1e-4
Errors = loc("<stdin>":24:1): error: ttg.shared (131072) exceeds LDS limit (65536) for amdgcn-amd-amdhsa:gfx1100
Lowering not applicable.

----------------------------------------------------------------------------------------------------
NOT_APPLICABLE: AttentionConfiguration(datatype='f32', g=4, seq_len_q=474, seq_len_k=387, num_heads_q=1, num_heads_kv=1, head_dim_qk=76, head_dim_v=142, with_attn_scale=True, with_attn_bias=False, trans_q=False, trans_k=False, trans_v=True, trans_o=False, causal=False, return_lse=True, split_kv=4, current_seqlen=None, arch='gfx1100', chip='gfx1100', num_cu=70, num_chiplets=1, perfconfig='attn:v1:256,32,128,2,1,16,0,1,1,8,0')
Lowering rejected config as not applicable
Command line = -operation attention -t f16 --arch gfx1100 --num_cu 70 --num_chiplets 1 -g 4 -seq_len_q 1 -seq_len_k 749 -num_heads_q 1 -num_heads_kv 1 -head_dim_qk 213 -head_dim_v 168 -with-attn-scale=False -with-attn-bias=False -transQ=True -transK=False -transV=True -transO=True -causal=False -return_lse=True -split_kv=32 --perf_config=attn:v1:128,256,128,2,1,8,32,1,3,0,1 --current_seq_len=448,550,306,175 -pv
Errors = loc("<stdin>":27:1): error: ttg.shared (196608) exceeds LDS limit (65536) for amdgcn-amd-amdhsa:gfx1100
Lowering not applicable.

----------------------------------------------------------------------------------------------------
NOT_APPLICABLE: AttentionConfiguration(datatype='f16', g=4, seq_len_q=1, seq_len_k=749, num_heads_q=1, num_heads_kv=1, head_dim_qk=213, head_dim_v=168, with_attn_scale=False, with_attn_bias=False, trans_q=True, trans_k=False, trans_v=True, trans_o=True, causal=False, return_lse=True, split_kv=32, current_seqlen=[448, 550, 306, 175], arch='gfx1100', chip='gfx1100', num_cu=70, num_chiplets=1, perfconfig='attn:v1:128,256,128,2,1,8,32,1,3,0,1')
----------------------------------------------------------------------------------------------------
PASS: AttentionConfiguration(datatype='i8', g=4, seq_len_q=135, seq_len_k=848, num_heads_q=1, num_heads_kv=1, head_dim_qk=43, head_dim_v=206, with_attn_scale=False, with_attn_bias=False, trans_q=False, trans_k=True, trans_v=True, trans_o=True, causal=True, return_lse=False, split_kv=1, current_seqlen=None, arch='gfx1100', chip='gfx1100', num_cu=70, num_chiplets=1, perfconfig='attn:v1:16,32,128,1,1,2,0,1,2,1,1')
Lowering rejected config as not applicable
Command line = -operation attention -t bf16 --arch gfx1100 --num_cu 70 --num_chiplets 1 -g 5 -seq_len_q 1 -seq_len_k 46 -num_heads_q 1 -num_heads_kv 1 -head_dim_qk 229 -head_dim_v 175 -with-attn-scale=False -with-attn-bias=False -transQ=False -transK=True -transV=True -transO=False -causal=False -return_lse=False -split_kv=1 --perf_config=attn:v1:256,64,128,1,1,1,16,1,2,8,1 --current_seq_len=12,5,20,17,16 -pv -RMS_threshold 1e-2
Errors = loc("<stdin>":23:1): error: ttg.shared (81920) exceeds LDS limit (65536) for amdgcn-amd-amdhsa:gfx1100
Lowering not applicable.

----------------------------------------------------------------------------------------------------
NOT_APPLICABLE: AttentionConfiguration(datatype='bf16', g=5, seq_len_q=1, seq_len_k=46, num_heads_q=1, num_heads_kv=1, head_dim_qk=229, head_dim_v=175, with_attn_scale=False, with_attn_bias=False, trans_q=False, trans_k=True, trans_v=True, trans_o=False, causal=False, return_lse=False, split_kv=1, current_seqlen=[12, 5, 20, 17, 16], arch='gfx1100', chip='gfx1100', num_cu=70, num_chiplets=1, perfconfig='attn:v1:256,64,128,1,1,1,16,1,2,8,1')
----------------------------------------------------------------------------------------------------
PASS: AttentionConfiguration(datatype='bf16', g=3, seq_len_q=4, seq_len_k=579, num_heads_q=16, num_heads_kv=2, head_dim_qk=169, head_dim_v=151, with_attn_scale=True, with_attn_bias=False, trans_q=True, trans_k=True, trans_v=False, trans_o=True, causal=True, return_lse=True, split_kv=2, current_seqlen=None, arch='gfx1100', chip='gfx1100', num_cu=70, num_chiplets=1, perfconfig='attn:v1:64,32,128,2,1,1,16,1,2,8,0')
----------------------------------------------------------------------------------------------------
PASS: AttentionConfiguration(datatype='i8', g=5, seq_len_q=1, seq_len_k=281, num_heads_q=16, num_heads_kv=4, head_dim_qk=147, head_dim_v=212, with_attn_scale=True, with_attn_bias=False, trans_q=True, trans_k=True, trans_v=False, trans_o=True, causal=False, return_lse=True, split_kv=8, current_seqlen=[5, 123, 267, 229, 35], arch='gfx1100', chip='gfx1100', num_cu=70, num_chiplets=1, perfconfig='attn:v1:16,128,128,2,1,1,32,1,2,4,8')
----------------------------------------------------------------------------------------------------
PASS: AttentionConfiguration(datatype='i8', g=6, seq_len_q=476, seq_len_k=351, num_heads_q=1, num_heads_kv=1, head_dim_qk=34, head_dim_v=93, with_attn_scale=False, with_attn_bias=True, trans_q=False, trans_k=False, trans_v=True, trans_o=True, causal=True, return_lse=False, split_kv=1, current_seqlen=None, arch='gfx1100', chip='gfx1100', num_cu=70, num_chiplets=1, perfconfig='attn:v1:256,64,16,1,1,2,0,1,3,1,2')
----------------------------------------------------------------------------------------------------
FAIL: AttentionConfiguration(datatype='i8', g=2, seq_len_q=142, seq_len_k=903, num_heads_q=128, num_heads_kv=16, head_dim_qk=183, head_dim_v=239, with_attn_scale=False, with_attn_bias=True, trans_q=True, trans_k=True, trans_v=True, trans_o=True, causal=True, return_lse=False, split_kv=1, current_seqlen=None, arch='gfx1100', chip='gfx1100', num_cu=70, num_chiplets=1, perfconfig='attn:v1:128,128,32,1,1,2,32,1,3,8,1')
FAIL: Runner returned incorrect result
Config = AttentionConfiguration(datatype='bf16', g=5, seq_len_q=1, seq_len_k=231, num_heads_q=1, num_heads_kv=1, head_dim_qk=162, head_dim_v=8, with_attn_scale=False, with_attn_bias=False, trans_q=True, trans_k=True, trans_v=False, trans_o=False, causal=False, return_lse=True, split_kv=8, current_seqlen=[27, 4, 171, 172, 66], arch='gfx1100', chip='gfx1100', num_cu=70, num_chiplets=1, perfconfig='attn:v1:64,16,32,2,1,2,0,1,1,1,4')
Command line = -operation attention -t bf16 --arch gfx1100 --num_cu 70 --num_chiplets 1 -g 5 -seq_len_q 1 -seq_len_k 231 -num_heads_q 1 -num_heads_kv 1 -head_dim_qk 162 -head_dim_v 8 -with-attn-scale=False -with-attn-bias=False -transQ=True -transK=True -transV=False -transO=False -causal=False -return_lse=True -split_kv=8 --perf_config=attn:v1:64,16,32,2,1,2,0,1,1,1,4 --current_seq_len=27,4,171,172,66 -pv -RMS_threshold 1e-2
Output = Number of elements: 320
maxAbsDiff info: maxAbsDiff = 0.028809 (valNum = 0.04443, gpuNum = 0.01562), average absDiff = 9.2e-03
maxRelDiff info: maxRelDiff = 6.5e-01 (valNum = 0.0444335938, gpuNum = 0.0156250000), average relDiff = 1.3e-01
RMS = 4.5e-02
Histogram of relDiff: 
        relDiff = 0     : 48/320 (15.000000%)
     0 < relDiff < 1e-06: 0/320 (0.000000%)
1e-06 < relDiff <= 1e-05: 0/320 (0.000000%)
1e-05 < relDiff <= 1e-04: 0/320 (0.000000%)
1e-04 < relDiff <= 1e-03: 0/320 (0.000000%)
1e-03 < relDiff <= 1e-02: 0/320 (0.000000%)
1e-02 < relDiff <= 1e-01: 152/320 (47.500000%)
1e-01 < relDiff <= 1e+00: 104/320 (32.500000%)
1e+00 < relDiff < inf   : 0/320 (0.000000%)
        relDiff = inf   : 16/320 (5.000000%)
[0 1 1]

Lowering rejected config as not applicable
Command line = -operation attention -t f16 --arch gfx1100 --num_cu 70 --num_chiplets 1 -g 6 -seq_len_q 1 -seq_len_k 436 -num_heads_q 1 -num_heads_kv 1 -head_dim_qk 155 -head_dim_v 256 -with-attn-scale=False -with-attn-bias=True -transQ=False -transK=True -transV=False -transO=False -causal=False -return_lse=True -split_kv=1 --perf_config=attn:v1:128,256,128,1,1,16,32,1,3,4,8 --current_seq_len=174,296,378,270,83,210 -pv
Errors = loc("<stdin>":26:1): error: ttg.shared (196608) exceeds LDS limit (65536) for amdgcn-amd-amdhsa:gfx1100
Lowering not applicable.

----------------------------------------------------------------------------------------------------
NOT_APPLICABLE: AttentionConfiguration(datatype='f16', g=6, seq_len_q=1, seq_len_k=436, num_heads_q=1, num_heads_kv=1, head_dim_qk=155, head_dim_v=256, with_attn_scale=False, with_attn_bias=True, trans_q=False, trans_k=True, trans_v=False, trans_o=False, causal=False, return_lse=True, split_kv=1, current_seqlen=[174, 296, 378, 270, 83, 210], arch='gfx1100', chip='gfx1100', num_cu=70, num_chiplets=1, perfconfig='attn:v1:128,256,128,1,1,16,32,1,3,4,8')
----------------------------------------------------------------------------------------------------
FAIL: AttentionConfiguration(datatype='bf16', g=5, seq_len_q=1, seq_len_k=231, num_heads_q=1, num_heads_kv=1, head_dim_qk=162, head_dim_v=8, with_attn_scale=False, with_attn_bias=False, trans_q=True, trans_k=True, trans_v=False, trans_o=False, causal=False, return_lse=True, split_kv=8, current_seqlen=[27, 4, 171, 172, 66], arch='gfx1100', chip='gfx1100', num_cu=70, num_chiplets=1, perfconfig='attn:v1:64,16,32,2,1,2,0,1,1,1,4')
Lowering rejected config as not applicable
Command line = -operation attention -t bf16 --arch gfx1100 --num_cu 70 --num_chiplets 1 -g 6 -seq_len_q 369 -seq_len_k 495 -num_heads_q 64 -num_heads_kv 2 -head_dim_qk 22 -head_dim_v 111 -with-attn-scale=False -with-attn-bias=True -transQ=True -transK=False -transV=True -transO=False -causal=True -return_lse=False -split_kv=1 --perf_config=attn:v1:128,256,64,1,1,8,32,1,1,8,1 -pv -RMS_threshold 1e-2
Errors = loc("<stdin>":20:1): error: ttg.shared (131072) exceeds LDS limit (65536) for amdgcn-amd-amdhsa:gfx1100
Lowering not applicable.

----------------------------------------------------------------------------------------------------
NOT_APPLICABLE: AttentionConfiguration(datatype='bf16', g=6, seq_len_q=369, seq_len_k=495, num_heads_q=64, num_heads_kv=2, head_dim_qk=22, head_dim_v=111, with_attn_scale=False, with_attn_bias=True, trans_q=True, trans_k=False, trans_v=True, trans_o=False, causal=True, return_lse=False, split_kv=1, current_seqlen=None, arch='gfx1100', chip='gfx1100', num_cu=70, num_chiplets=1, perfconfig='attn:v1:128,256,64,1,1,8,32,1,1,8,1')
----------------------------------------------------------------------------------------------------
PASS: AttentionConfiguration(datatype='f16', g=8, seq_len_q=1, seq_len_k=91, num_heads_q=1, num_heads_kv=1, head_dim_qk=59, head_dim_v=179, with_attn_scale=False, with_attn_bias=False, trans_q=True, trans_k=True, trans_v=True, trans_o=False, causal=False, return_lse=True, split_kv=4, current_seqlen=[3, 61, 4, 44, 18, 17, 82, 36], arch='gfx1100', chip='gfx1100', num_cu=70, num_chiplets=1, perfconfig='attn:v1:16,64,16,1,1,16,32,1,3,8,1')
----------------------------------------------------------------------------------------------------
PASS: AttentionConfiguration(datatype='i8', g=3, seq_len_q=1, seq_len_k=373, num_heads_q=32, num_heads_kv=8, head_dim_qk=245, head_dim_v=102, with_attn_scale=False, with_attn_bias=True, trans_q=True, trans_k=True, trans_v=False, trans_o=True, causal=False, return_lse=True, split_kv=16, current_seqlen=[272, 287, 224], arch='gfx1100', chip='gfx1100', num_cu=70, num_chiplets=1, perfconfig='attn:v1:256,32,128,1,1,16,16,1,1,8,2')
----------------------------------------------------------------------------------------------------
PASS: AttentionConfiguration(datatype='bf16', g=5, seq_len_q=342, seq_len_k=423, num_heads_q=1, num_heads_kv=1, head_dim_qk=175, head_dim_v=202, with_attn_scale=True, with_attn_bias=True, trans_q=True, trans_k=True, trans_v=False, trans_o=True, causal=True, return_lse=True, split_kv=1, current_seqlen=None, arch='gfx1100', chip='gfx1100', num_cu=70, num_chiplets=1, perfconfig='attn:v1:16,128,64,2,1,4,32,1,1,8,1')
----------------------------------------------------------------------------------------------------
PASS: AttentionConfiguration(datatype='bf16', g=7, seq_len_q=1, seq_len_k=346, num_heads_q=1, num_heads_kv=1, head_dim_qk=37, head_dim_v=115, with_attn_scale=False, with_attn_bias=True, trans_q=False, trans_k=True, trans_v=False, trans_o=True, causal=False, return_lse=True, split_kv=16, current_seqlen=[96, 299, 327, 115, 218, 15, 210], arch='gfx1100', chip='gfx1100', num_cu=70, num_chiplets=1, perfconfig='attn:v1:128,16,16,2,1,2,16,1,1,2,2')
----------------------------------------------------------------------------------------------------
PASS: AttentionConfiguration(datatype='bf16', g=1, seq_len_q=1, seq_len_k=1098, num_heads_q=1, num_heads_kv=1, head_dim_qk=95, head_dim_v=38, with_attn_scale=False, with_attn_bias=True, trans_q=False, trans_k=False, trans_v=True, trans_o=True, causal=False, return_lse=False, split_kv=1, current_seqlen=[431], arch='gfx1100', chip='gfx1100', num_cu=70, num_chiplets=1, perfconfig='attn:v1:128,256,64,2,1,2,16,1,1,2,1')
Lowering rejected config as not applicable
Command line = -operation attention -t f32 --arch gfx1100 --num_cu 70 --num_chiplets 1 -g 1 -seq_len_q 38 -seq_len_k 2675 -num_heads_q 64 -num_heads_kv 8 -head_dim_qk 187 -head_dim_v 173 -with-attn-scale=False -with-attn-bias=False -transQ=True -transK=True -transV=True -transO=False -causal=False -return_lse=True -split_kv=16 --perf_config=attn:v1:128,256,16,1,1,16,16,1,1,4,0 -pv -relDiff_threshold 1e-4
Errors = loc("<stdin>":23:1): error: ttg.shared (262144) exceeds LDS limit (65536) for amdgcn-amd-amdhsa:gfx1100
Lowering not applicable.

----------------------------------------------------------------------------------------------------
NOT_APPLICABLE: AttentionConfiguration(datatype='f32', g=1, seq_len_q=38, seq_len_k=2675, num_heads_q=64, num_heads_kv=8, head_dim_qk=187, head_dim_v=173, with_attn_scale=False, with_attn_bias=False, trans_q=True, trans_k=True, trans_v=True, trans_o=False, causal=False, return_lse=True, split_kv=16, current_seqlen=None, arch='gfx1100', chip='gfx1100', num_cu=70, num_chiplets=1, perfconfig='attn:v1:128,256,16,1,1,16,16,1,1,4,0')
Lowering rejected config as not applicable
Command line = -operation attention -t f32 --arch gfx1100 --num_cu 70 --num_chiplets 1 -g 7 -seq_len_q 1 -seq_len_k 274 -num_heads_q 64 -num_heads_kv 2 -head_dim_qk 174 -head_dim_v 102 -with-attn-scale=False -with-attn-bias=False -transQ=False -transK=True -transV=True -transO=True -causal=False -return_lse=False -split_kv=1 --perf_config=attn:v1:16,256,64,1,1,2,16,1,2,0,4 --current_seq_len=156,37,84,166,193,34,214 -pv -relDiff_threshold 1e-4
Errors = loc("<stdin>":26:1): error: ttg.shared (131072) exceeds LDS limit (65536) for amdgcn-amd-amdhsa:gfx1100
Lowering not applicable.

----------------------------------------------------------------------------------------------------
NOT_APPLICABLE: AttentionConfiguration(datatype='f32', g=7, seq_len_q=1, seq_len_k=274, num_heads_q=64, num_heads_kv=2, head_dim_qk=174, head_dim_v=102, with_attn_scale=False, with_attn_bias=False, trans_q=False, trans_k=True, trans_v=True, trans_o=True, causal=False, return_lse=False, split_kv=1, current_seqlen=[156, 37, 84, 166, 193, 34, 214], arch='gfx1100', chip='gfx1100', num_cu=70, num_chiplets=1, perfconfig='attn:v1:16,256,64,1,1,2,16,1,2,0,4')
----------------------------------------------------------------------------------------------------
PASS: AttentionConfiguration(datatype='bf16', g=7, seq_len_q=1, seq_len_k=464, num_heads_q=32, num_heads_kv=4, head_dim_qk=157, head_dim_v=46, with_attn_scale=False, with_attn_bias=True, trans_q=True, trans_k=True, trans_v=True, trans_o=True, causal=False, return_lse=False, split_kv=1, current_seqlen=[88, 46, 45, 162, 140, 102, 39], arch='gfx1100', chip='gfx1100', num_cu=70, num_chiplets=1, perfconfig='attn:v1:32,64,16,2,1,2,16,1,1,8,1')
----------------------------------------------------------------------------------------------------
PASS: AttentionConfiguration(datatype='f16', g=7, seq_len_q=249, seq_len_k=203, num_heads_q=1, num_heads_kv=1, head_dim_qk=227, head_dim_v=179, with_attn_scale=False, with_attn_bias=False, trans_q=True, trans_k=False, trans_v=False, trans_o=False, causal=True, return_lse=False, split_kv=1, current_seqlen=None, arch='gfx1100', chip='gfx1100', num_cu=70, num_chiplets=1, perfconfig='attn:v1:32,32,32,1,1,16,0,1,1,2,4')
----------------------------------------------------------------------------------------------------
PASS: AttentionConfiguration(datatype='bf16', g=5, seq_len_q=12, seq_len_k=117, num_heads_q=128, num_heads_kv=2, head_dim_qk=150, head_dim_v=191, with_attn_scale=False, with_attn_bias=False, trans_q=False, trans_k=True, trans_v=False, trans_o=False, causal=True, return_lse=True, split_kv=16, current_seqlen=None, arch='gfx1100', chip='gfx1100', num_cu=70, num_chiplets=1, perfconfig='attn:v1:256,64,128,2,1,16,32,1,1,2,0')
----------------------------------------------------------------------------------------------------
PASS: AttentionConfiguration(datatype='bf16', g=6, seq_len_q=462, seq_len_k=470, num_heads_q=1, num_heads_kv=1, head_dim_qk=209, head_dim_v=14, with_attn_scale=False, with_attn_bias=False, trans_q=False, trans_k=False, trans_v=False, trans_o=False, causal=True, return_lse=False, split_kv=1, current_seqlen=None, arch='gfx1100', chip='gfx1100', num_cu=70, num_chiplets=1, perfconfig='attn:v1:64,64,64,1,1,1,0,1,3,4,2')
----------------------------------------------------------------------------------------------------
PASS: AttentionConfiguration(datatype='f32', g=8, seq_len_q=1, seq_len_k=487, num_heads_q=1, num_heads_kv=1, head_dim_qk=111, head_dim_v=120, with_attn_scale=False, with_attn_bias=False, trans_q=False, trans_k=True, trans_v=False, trans_o=False, causal=False, return_lse=False, split_kv=1, current_seqlen=[385, 299, 241, 454, 116, 170, 35, 249], arch='gfx1100', chip='gfx1100', num_cu=70, num_chiplets=1, perfconfig='attn:v1:128,64,16,2,1,2,32,1,3,1,8')
----------------------------------------------------------------------------------------------------
PASS: AttentionConfiguration(datatype='f32', g=1, seq_len_q=10, seq_len_k=221, num_heads_q=1, num_heads_kv=1, head_dim_qk=132, head_dim_v=138, with_attn_scale=True, with_attn_bias=True, trans_q=True, trans_k=True, trans_v=True, trans_o=False, causal=True, return_lse=True, split_kv=16, current_seqlen=None, arch='gfx1100', chip='gfx1100', num_cu=70, num_chiplets=1, perfconfig='attn:v1:128,16,64,1,1,2,16,1,2,2,4')
----------------------------------------------------------------------------------------------------
PASS: AttentionConfiguration(datatype='f16', g=2, seq_len_q=207, seq_len_k=875, num_heads_q=1, num_heads_kv=1, head_dim_qk=104, head_dim_v=84, with_attn_scale=True, with_attn_bias=True, trans_q=True, trans_k=False, trans_v=False, trans_o=False, causal=True, return_lse=True, split_kv=1, current_seqlen=None, arch='gfx1100', chip='gfx1100', num_cu=70, num_chiplets=1, perfconfig='attn:v1:16,64,16,1,1,8,16,1,2,2,1')
----------------------------------------------------------------------------------------------------
PASS: AttentionConfiguration(datatype='bf16', g=7, seq_len_q=1, seq_len_k=192, num_heads_q=32, num_heads_kv=2, head_dim_qk=53, head_dim_v=160, with_attn_scale=True, with_attn_bias=False, trans_q=True, trans_k=False, trans_v=True, trans_o=False, causal=False, return_lse=True, split_kv=32, current_seqlen=[171, 157, 84, 33, 170, 115, 162], arch='gfx1100', chip='gfx1100', num_cu=70, num_chiplets=1, perfconfig='attn:v1:64,128,32,1,1,16,16,1,3,4,4')
----------------------------------------------------------------------------------------------------
PASS: AttentionConfiguration(datatype='bf16', g=3, seq_len_q=1, seq_len_k=470, num_heads_q=1, num_heads_kv=1, head_dim_qk=50, head_dim_v=104, with_attn_scale=True, with_attn_bias=False, trans_q=False, trans_k=True, trans_v=True, trans_o=False, causal=False, return_lse=False, split_kv=1, current_seqlen=[43, 287, 144], arch='gfx1100', chip='gfx1100', num_cu=70, num_chiplets=1, perfconfig='attn:v1:64,64,64,2,1,16,16,1,3,2,2')
----------------------------------------------------------------------------------------------------
PASS: AttentionConfiguration(datatype='bf16', g=4, seq_len_q=1, seq_len_k=540, num_heads_q=8, num_heads_kv=2, head_dim_qk=148, head_dim_v=35, with_attn_scale=True, with_attn_bias=True, trans_q=True, trans_k=False, trans_v=False, trans_o=True, causal=False, return_lse=True, split_kv=32, current_seqlen=[471, 290, 25, 346], arch='gfx1100', chip='gfx1100', num_cu=70, num_chiplets=1, perfconfig='attn:v1:256,16,64,2,1,8,0,1,2,8,4')
----------------------------------------------------------------------------------------------------
PASS: AttentionConfiguration(datatype='bf16', g=4, seq_len_q=134, seq_len_k=784, num_heads_q=32, num_heads_kv=8, head_dim_qk=12, head_dim_v=54, with_attn_scale=True, with_attn_bias=False, trans_q=True, trans_k=False, trans_v=False, trans_o=True, causal=False, return_lse=False, split_kv=1, current_seqlen=None, arch='gfx1100', chip='gfx1100', num_cu=70, num_chiplets=1, perfconfig='attn:v1:16,128,64,2,1,1,0,1,1,2,4')
----------------------------------------------------------------------------------------------------
PASS: AttentionConfiguration(datatype='i8', g=8, seq_len_q=163, seq_len_k=66, num_heads_q=1, num_heads_kv=1, head_dim_qk=172, head_dim_v=46, with_attn_scale=True, with_attn_bias=False, trans_q=False, trans_k=False, trans_v=True, trans_o=True, causal=False, return_lse=False, split_kv=1, current_seqlen=None, arch='gfx1100', chip='gfx1100', num_cu=70, num_chiplets=1, perfconfig='attn:v1:256,64,128,1,1,2,0,1,2,0,2')
----------------------------------------------------------------------------------------------------
PASS: AttentionConfiguration(datatype='f16', g=7, seq_len_q=415, seq_len_k=366, num_heads_q=64, num_heads_kv=4, head_dim_qk=94, head_dim_v=34, with_attn_scale=False, with_attn_bias=False, trans_q=True, trans_k=False, trans_v=False, trans_o=True, causal=True, return_lse=False, split_kv=1, current_seqlen=None, arch='gfx1100', chip='gfx1100', num_cu=70, num_chiplets=1, perfconfig='attn:v1:128,16,32,1,1,16,0,1,1,0,2')
----------------------------------------------------------------------------------------------------
PASS: AttentionConfiguration(datatype='i8', g=1, seq_len_q=36, seq_len_k=1721, num_heads_q=1, num_heads_kv=1, head_dim_qk=94, head_dim_v=95, with_attn_scale=True, with_attn_bias=True, trans_q=False, trans_k=False, trans_v=False, trans_o=True, causal=True, return_lse=False, split_kv=1, current_seqlen=None, arch='gfx1100', chip='gfx1100', num_cu=70, num_chiplets=1, perfconfig='attn:v1:256,64,128,2,1,2,0,1,1,1,0')
----------------------------------------------------------------------------------------------------
PASS: AttentionConfiguration(datatype='f32', g=7, seq_len_q=313, seq_len_k=392, num_heads_q=4, num_heads_kv=2, head_dim_qk=238, head_dim_v=10, with_attn_scale=True, with_attn_bias=True, trans_q=True, trans_k=False, trans_v=False, trans_o=True, causal=True, return_lse=False, split_kv=1, current_seqlen=None, arch='gfx1100', chip='gfx1100', num_cu=70, num_chiplets=1, perfconfig='attn:v1:32,128,16,2,1,16,32,1,1,8,1')
FAIL: Timeout in rocmlir-driver stage (120s)
Config = AttentionConfiguration(datatype='i8', g=4, seq_len_q=1, seq_len_k=335, num_heads_q=16, num_heads_kv=2, head_dim_qk=7, head_dim_v=241, with_attn_scale=False, with_attn_bias=True, trans_q=True, trans_k=True, trans_v=False, trans_o=True, causal=False, return_lse=True, split_kv=1, current_seqlen=[256, 208, 1, 328], arch='gfx1100', chip='gfx1100', num_cu=70, num_chiplets=1, perfconfig='attn:v1:128,32,32,2,1,1,16,1,3,4,1')
Command line = -operation attention -t i8 --arch gfx1100 --num_cu 70 --num_chiplets 1 -g 4 -seq_len_q 1 -seq_len_k 335 -num_heads_q 16 -num_heads_kv 2 -head_dim_qk 7 -head_dim_v 241 -with-attn-scale=False -with-attn-bias=True -transQ=True -transK=True -transV=False -transO=True -causal=False -return_lse=True -split_kv=1 --perf_config=attn:v1:128,32,32,2,1,1,16,1,3,4,1 --current_seq_len=256,208,1,328 -pv
----------------------------------------------------------------------------------------------------
PASS: AttentionConfiguration(datatype='bf16', g=7, seq_len_q=1, seq_len_k=446, num_heads_q=1, num_heads_kv=1, head_dim_qk=235, head_dim_v=128, with_attn_scale=False, with_attn_bias=True, trans_q=True, trans_k=False, trans_v=True, trans_o=True, causal=False, return_lse=True, split_kv=32, current_seqlen=[87, 211, 186, 374, 434, 76, 9], arch='gfx1100', chip='gfx1100', num_cu=70, num_chiplets=1, perfconfig='attn:v1:64,256,16,2,1,16,32,1,1,8,8')
----------------------------------------------------------------------------------------------------
PASS: AttentionConfiguration(datatype='f32', g=4, seq_len_q=1, seq_len_k=27, num_heads_q=1, num_heads_kv=1, head_dim_qk=213, head_dim_v=51, with_attn_scale=True, with_attn_bias=True, trans_q=True, trans_k=True, trans_v=True, trans_o=False, causal=False, return_lse=True, split_kv=16, current_seqlen=[20, 12, 24, 14], arch='gfx1100', chip='gfx1100', num_cu=70, num_chiplets=1, perfconfig='attn:v1:64,16,64,1,1,1,0,1,2,1,2')
----------------------------------------------------------------------------------------------------
PASS: AttentionConfiguration(datatype='bf16', g=4, seq_len_q=830, seq_len_k=9, num_heads_q=1, num_heads_kv=1, head_dim_qk=157, head_dim_v=192, with_attn_scale=False, with_attn_bias=True, trans_q=True, trans_k=True, trans_v=True, trans_o=False, causal=True, return_lse=True, split_kv=1, current_seqlen=None, arch='gfx1100', chip='gfx1100', num_cu=70, num_chiplets=1, perfconfig='attn:v1:32,64,64,2,1,1,16,1,3,1,1')
----------------------------------------------------------------------------------------------------
PASS: AttentionConfiguration(datatype='f32', g=4, seq_len_q=1, seq_len_k=826, num_heads_q=8, num_heads_kv=4, head_dim_qk=239, head_dim_v=73, with_attn_scale=False, with_attn_bias=False, trans_q=False, trans_k=False, trans_v=True, trans_o=True, causal=False, return_lse=True, split_kv=2, current_seqlen=[742, 405, 361, 766], arch='gfx1100', chip='gfx1100', num_cu=70, num_chiplets=1, perfconfig='attn:v1:32,64,64,1,1,1,32,1,3,1,4')
----------------------------------------------------------------------------------------------------
PASS: AttentionConfiguration(datatype='f32', g=2, seq_len_q=1, seq_len_k=1518, num_heads_q=16, num_heads_kv=2, head_dim_qk=23, head_dim_v=198, with_attn_scale=False, with_attn_bias=True, trans_q=False, trans_k=True, trans_v=False, trans_o=False, causal=False, return_lse=False, split_kv=1, current_seqlen=[36, 94], arch='gfx1100', chip='gfx1100', num_cu=70, num_chiplets=1, perfconfig='attn:v1:16,128,16,1,1,1,32,1,1,4,1')
----------------------------------------------------------------------------------------------------
PASS: AttentionConfiguration(datatype='bf16', g=6, seq_len_q=8, seq_len_k=576, num_heads_q=64, num_heads_kv=32, head_dim_qk=106, head_dim_v=107, with_attn_scale=False, with_attn_bias=False, trans_q=True, trans_k=True, trans_v=False, trans_o=False, causal=True, return_lse=True, split_kv=4, current_seqlen=None, arch='gfx1100', chip='gfx1100', num_cu=70, num_chiplets=1, perfconfig='attn:v1:256,64,32,1,1,2,16,1,3,1,2')
----------------------------------------------------------------------------------------------------
FAIL: AttentionConfiguration(datatype='i8', g=4, seq_len_q=1, seq_len_k=335, num_heads_q=16, num_heads_kv=2, head_dim_qk=7, head_dim_v=241, with_attn_scale=False, with_attn_bias=True, trans_q=True, trans_k=True, trans_v=False, trans_o=True, causal=False, return_lse=True, split_kv=1, current_seqlen=[256, 208, 1, 328], arch='gfx1100', chip='gfx1100', num_cu=70, num_chiplets=1, perfconfig='attn:v1:128,32,32,2,1,1,16,1,3,4,1')
Lowering rejected config as not applicable
Command line = -operation attention -t f32 --arch gfx1100 --num_cu 70 --num_chiplets 1 -g 2 -seq_len_q 1183 -seq_len_k 182 -num_heads_q 128 -num_heads_kv 64 -head_dim_qk 64 -head_dim_v 47 -with-attn-scale=False -with-attn-bias=False -transQ=True -transK=True -transV=False -transO=True -causal=False -return_lse=False -split_kv=1 --perf_config=attn:v1:16,128,64,1,1,4,32,1,3,4,4 -pv -relDiff_threshold 1e-4
Errors = loc("<stdin>":17:1): error: ttg.shared (139264) exceeds LDS limit (65536) for amdgcn-amd-amdhsa:gfx1100
Lowering not applicable.

----------------------------------------------------------------------------------------------------
NOT_APPLICABLE: AttentionConfiguration(datatype='f32', g=2, seq_len_q=1183, seq_len_k=182, num_heads_q=128, num_heads_kv=64, head_dim_qk=64, head_dim_v=47, with_attn_scale=False, with_attn_bias=False, trans_q=True, trans_k=True, trans_v=False, trans_o=True, causal=False, return_lse=False, split_kv=1, current_seqlen=None, arch='gfx1100', chip='gfx1100', num_cu=70, num_chiplets=1, perfconfig='attn:v1:16,128,64,1,1,4,32,1,3,4,4')
----------------------------------------------------------------------------------------------------
PASS: AttentionConfiguration(datatype='f32', g=6, seq_len_q=1, seq_len_k=172, num_heads_q=16, num_heads_kv=4, head_dim_qk=217, head_dim_v=90, with_attn_scale=False, with_attn_bias=False, trans_q=True, trans_k=False, trans_v=False, trans_o=True, causal=False, return_lse=False, split_kv=1, current_seqlen=[90, 118, 169, 166, 132, 69], arch='gfx1100', chip='gfx1100', num_cu=70, num_chiplets=1, perfconfig='attn:v1:32,16,128,1,1,16,16,1,3,8,4')
----------------------------------------------------------------------------------------------------
PASS: AttentionConfiguration(datatype='i8', g=4, seq_len_q=274, seq_len_k=893, num_heads_q=1, num_heads_kv=1, head_dim_qk=31, head_dim_v=105, with_attn_scale=True, with_attn_bias=False, trans_q=True, trans_k=False, trans_v=True, trans_o=True, causal=False, return_lse=False, split_kv=1, current_seqlen=None, arch='gfx1100', chip='gfx1100', num_cu=70, num_chiplets=1, perfconfig='attn:v1:16,64,32,2,1,16,0,1,1,1,8')
----------------------------------------------------------------------------------------------------
PASS: AttentionConfiguration(datatype='f16', g=7, seq_len_q=1, seq_len_k=111, num_heads_q=128, num_heads_kv=32, head_dim_qk=119, head_dim_v=235, with_attn_scale=False, with_attn_bias=True, trans_q=False, trans_k=False, trans_v=True, trans_o=False, causal=False, return_lse=True, split_kv=4, current_seqlen=[58, 31, 48, 64, 5, 41, 92], arch='gfx1100', chip='gfx1100', num_cu=70, num_chiplets=1, perfconfig='attn:v1:32,128,64,2,1,16,32,1,2,0,4')
----------------------------------------------------------------------------------------------------
PASS: AttentionConfiguration(datatype='bf16', g=5, seq_len_q=708, seq_len_k=185, num_heads_q=8, num_heads_kv=4, head_dim_qk=218, head_dim_v=152, with_attn_scale=True, with_attn_bias=True, trans_q=False, trans_k=True, trans_v=False, trans_o=False, causal=False, return_lse=True, split_kv=4, current_seqlen=None, arch='gfx1100', chip='gfx1100', num_cu=70, num_chiplets=1, perfconfig='attn:v1:16,16,16,2,1,2,0,1,3,0,0')
----------------------------------------------------------------------------------------------------
PASS: AttentionConfiguration(datatype='f32', g=7, seq_len_q=1, seq_len_k=298, num_heads_q=128, num_heads_kv=4, head_dim_qk=251, head_dim_v=124, with_attn_scale=True, with_attn_bias=False, trans_q=True, trans_k=False, trans_v=False, trans_o=False, causal=False, return_lse=False, split_kv=1, current_seqlen=[268, 162, 218, 250, 177, 273, 90], arch='gfx1100', chip='gfx1100', num_cu=70, num_chiplets=1, perfconfig='attn:v1:256,32,32,2,1,4,32,1,1,8,2')
----------------------------------------------------------------------------------------------------
PASS: AttentionConfiguration(datatype='f32', g=7, seq_len_q=364, seq_len_k=328, num_heads_q=64, num_heads_kv=2, head_dim_qk=133, head_dim_v=166, with_attn_scale=True, with_attn_bias=True, trans_q=True, trans_k=True, trans_v=True, trans_o=True, causal=True, return_lse=False, split_kv=1, current_seqlen=None, arch='gfx1100', chip='gfx1100', num_cu=70, num_chiplets=1, perfconfig='attn:v1:16,16,32,1,1,1,32,1,3,0,2')
FAIL: Runner returned incorrect result
Config = AttentionConfiguration(datatype='bf16', g=3, seq_len_q=1, seq_len_k=117, num_heads_q=64, num_heads_kv=2, head_dim_qk=30, head_dim_v=125, with_attn_scale=False, with_attn_bias=False, trans_q=True, trans_k=True, trans_v=True, trans_o=False, causal=False, return_lse=True, split_kv=32, current_seqlen=[62, 46, 54], arch='gfx1100', chip='gfx1100', num_cu=70, num_chiplets=1, perfconfig='attn:v1:256,32,64,1,1,8,32,1,1,4,0')
Command line = -operation attention -t bf16 --arch gfx1100 --num_cu 70 --num_chiplets 1 -g 3 -seq_len_q 1 -seq_len_k 117 -num_heads_q 64 -num_heads_kv 2 -head_dim_qk 30 -head_dim_v 125 -with-attn-scale=False -with-attn-bias=False -transQ=True -transK=True -transV=True -transO=False -causal=False -return_lse=True -split_kv=32 --perf_config=attn:v1:256,32,64,1,1,8,32,1,1,4,0 --current_seq_len=62,46,54 -pv -RMS_threshold 1e-2
Output = Number of elements: 768000
maxAbsDiff info: maxAbsDiff = 0.028320 (valNum = 0.09082, gpuNum = 0.06250), average absDiff = 1.9e-02
maxRelDiff info: maxRelDiff = 3.1e-01 (valNum = 0.0908203125, gpuNum = 0.0625000000), average relDiff = 2.2e-01
RMS = 2.3e-01
Histogram of relDiff: 
        relDiff = 0     : 0/768000 (0.000000%)
     0 < relDiff < 1e-06: 0/768000 (0.000000%)
1e-06 < relDiff <= 1e-05: 0/768000 (0.000000%)
1e-05 < relDiff <= 1e-04: 0/768000 (0.000000%)
1e-04 < relDiff <= 1e-03: 0/768000 (0.000000%)
1e-03 < relDiff <= 1e-02: 0/768000 (0.000000%)
1e-02 < relDiff <= 1e-01: 256000/768000 (33.333333%)
1e-01 < relDiff <= 1e+00: 512000/768000 (66.666667%)
1e+00 < relDiff < inf   : 0/768000 (0.000000%)
        relDiff = inf   : 0/768000 (0.000000%)
[0 1 1]

FAIL: Runner returned incorrect result
Config = AttentionConfiguration(datatype='i8', g=3, seq_len_q=7, seq_len_k=470, num_heads_q=8, num_heads_kv=4, head_dim_qk=193, head_dim_v=40, with_attn_scale=True, with_attn_bias=True, trans_q=False, trans_k=True, trans_v=False, trans_o=True, causal=False, return_lse=False, split_kv=1, current_seqlen=None, arch='gfx1100', chip='gfx1100', num_cu=70, num_chiplets=1, perfconfig='attn:v1:256,16,64,1,1,1,0,1,2,0,1')
Command line = -operation attention -t i8 --arch gfx1100 --num_cu 70 --num_chiplets 1 -g 3 -seq_len_q 7 -seq_len_k 470 -num_heads_q 8 -num_heads_kv 4 -head_dim_qk 193 -head_dim_v 40 -with-attn-scale=True -with-attn-bias=True -transQ=False -transK=True -transV=False -transO=True -causal=False -return_lse=False -split_kv=1 --perf_config=attn:v1:256,16,64,1,1,1,0,1,2,0,1 -pv
Output = Number of elements: 6720
maxAbsDiff info: maxAbsDiff = 0.003906 (valNum = -0.99805, gpuNum = -0.99414), average absDiff = 4.3e-04
maxRelDiff info: maxRelDiff = 4.4e-03 (valNum = 0.5004882812, gpuNum = 0.4982910156), average relDiff = 5.7e-04
RMS = 1.1e-03
Histogram of relDiff: 
        relDiff = 0     : 5020/6720 (74.702381%)
     0 < relDiff < 1e-06: 0/6720 (0.000000%)
1e-06 < relDiff <= 1e-05: 0/6720 (0.000000%)
1e-05 < relDiff <= 1e-04: 0/6720 (0.000000%)
1e-04 < relDiff <= 1e-03: 900/6720 (13.392857%)
1e-03 < relDiff <= 1e-02: 800/6720 (11.904762%)
1e-02 < relDiff <= 1e-01: 0/6720 (0.000000%)
1e-01 < relDiff <= 1e+00: 0/6720 (0.000000%)
1e+00 < relDiff < inf   : 0/6720 (0.000000%)
        relDiff = inf   : 0/6720 (0.000000%)
[0 1 1]

----------------------------------------------------------------------------------------------------
PASS: AttentionConfiguration(datatype='f16', g=5, seq_len_q=1, seq_len_k=515, num_heads_q=1, num_heads_kv=1, head_dim_qk=164, head_dim_v=197, with_attn_scale=True, with_attn_bias=True, trans_q=False, trans_k=True, trans_v=False, trans_o=False, causal=False, return_lse=False, split_kv=1, current_seqlen=[280, 354, 54, 398, 139], arch='gfx1100', chip='gfx1100', num_cu=70, num_chiplets=1, perfconfig='attn:v1:128,32,16,2,1,2,32,1,1,0,0')
Lowering rejected config as not applicable
Command line = -operation attention -t i8 --arch gfx1100 --num_cu 70 --num_chiplets 1 -g 2 -seq_len_q 1 -seq_len_k 427 -num_heads_q 32 -num_heads_kv 16 -head_dim_qk 33 -head_dim_v 116 -with-attn-scale=True -with-attn-bias=True -transQ=True -transK=False -transV=True -transO=False -causal=False -return_lse=False -split_kv=1 --perf_config=attn:v1:256,256,32,1,1,16,32,1,3,4,2 --current_seq_len=345,416 -pv
Errors = loc("<stdin>":32:1): error: ttg.shared (262144) exceeds LDS limit (65536) for amdgcn-amd-amdhsa:gfx1100
Lowering not applicable.

----------------------------------------------------------------------------------------------------
NOT_APPLICABLE: AttentionConfiguration(datatype='i8', g=2, seq_len_q=1, seq_len_k=427, num_heads_q=32, num_heads_kv=16, head_dim_qk=33, head_dim_v=116, with_attn_scale=True, with_attn_bias=True, trans_q=True, trans_k=False, trans_v=True, trans_o=False, causal=False, return_lse=False, split_kv=1, current_seqlen=[345, 416], arch='gfx1100', chip='gfx1100', num_cu=70, num_chiplets=1, perfconfig='attn:v1:256,256,32,1,1,16,32,1,3,4,2')
----------------------------------------------------------------------------------------------------
PASS: AttentionConfiguration(datatype='bf16', g=4, seq_len_q=14, seq_len_k=608, num_heads_q=1, num_heads_kv=1, head_dim_qk=253, head_dim_v=32, with_attn_scale=True, with_attn_bias=True, trans_q=False, trans_k=False, trans_v=False, trans_o=False, causal=True, return_lse=True, split_kv=8, current_seqlen=None, arch='gfx1100', chip='gfx1100', num_cu=70, num_chiplets=1, perfconfig='attn:v1:16,16,32,2,1,4,32,1,1,0,0')
----------------------------------------------------------------------------------------------------
FAIL: AttentionConfiguration(datatype='bf16', g=3, seq_len_q=1, seq_len_k=117, num_heads_q=64, num_heads_kv=2, head_dim_qk=30, head_dim_v=125, with_attn_scale=False, with_attn_bias=False, trans_q=True, trans_k=True, trans_v=True, trans_o=False, causal=False, return_lse=True, split_kv=32, current_seqlen=[62, 46, 54], arch='gfx1100', chip='gfx1100', num_cu=70, num_chiplets=1, perfconfig='attn:v1:256,32,64,1,1,8,32,1,1,4,0')
----------------------------------------------------------------------------------------------------
PASS: AttentionConfiguration(datatype='i8', g=4, seq_len_q=1, seq_len_k=294, num_heads_q=8, num_heads_kv=4, head_dim_qk=224, head_dim_v=250, with_attn_scale=False, with_attn_bias=False, trans_q=False, trans_k=True, trans_v=True, trans_o=True, causal=False, return_lse=True, split_kv=1, current_seqlen=[47, 150, 257, 12], arch='gfx1100', chip='gfx1100', num_cu=70, num_chiplets=1, perfconfig='attn:v1:128,128,16,2,1,8,0,1,1,8,4')
----------------------------------------------------------------------------------------------------
PASS: AttentionConfiguration(datatype='bf16', g=8, seq_len_q=1, seq_len_k=89, num_heads_q=1, num_heads_kv=1, head_dim_qk=92, head_dim_v=217, with_attn_scale=False, with_attn_bias=False, trans_q=False, trans_k=True, trans_v=False, trans_o=False, causal=False, return_lse=False, split_kv=1, current_seqlen=[19, 85, 7, 32, 42, 6, 34, 33], arch='gfx1100', chip='gfx1100', num_cu=70, num_chiplets=1, perfconfig='attn:v1:128,16,128,1,1,2,32,1,1,8,4')
----------------------------------------------------------------------------------------------------
PASS: AttentionConfiguration(datatype='i8', g=1, seq_len_q=1, seq_len_k=1091, num_heads_q=32, num_heads_kv=2, head_dim_qk=38, head_dim_v=28, with_attn_scale=False, with_attn_bias=True, trans_q=False, trans_k=True, trans_v=True, trans_o=True, causal=False, return_lse=True, split_kv=32, current_seqlen=[302], arch='gfx1100', chip='gfx1100', num_cu=70, num_chiplets=1, perfconfig='attn:v1:16,128,128,2,1,1,32,1,2,2,4')
----------------------------------------------------------------------------------------------------
PASS: AttentionConfiguration(datatype='bf16', g=3, seq_len_q=1, seq_len_k=384, num_heads_q=16, num_heads_kv=8, head_dim_qk=136, head_dim_v=170, with_attn_scale=True, with_attn_bias=True, trans_q=True, trans_k=False, trans_v=False, trans_o=True, causal=False, return_lse=True, split_kv=1, current_seqlen=[17, 49, 141], arch='gfx1100', chip='gfx1100', num_cu=70, num_chiplets=1, perfconfig='attn:v1:64,128,16,2,1,1,0,1,1,4,2')
----------------------------------------------------------------------------------------------------
FAIL: AttentionConfiguration(datatype='i8', g=3, seq_len_q=7, seq_len_k=470, num_heads_q=8, num_heads_kv=4, head_dim_qk=193, head_dim_v=40, with_attn_scale=True, with_attn_bias=True, trans_q=False, trans_k=True, trans_v=False, trans_o=True, causal=False, return_lse=False, split_kv=1, current_seqlen=None, arch='gfx1100', chip='gfx1100', num_cu=70, num_chiplets=1, perfconfig='attn:v1:256,16,64,1,1,1,0,1,2,0,1')
Lowering rejected config as not applicable
Command line = -operation attention -t f32 --arch gfx1100 --num_cu 70 --num_chiplets 1 -g 7 -seq_len_q 1 -seq_len_k 499 -num_heads_q 32 -num_heads_kv 2 -head_dim_qk 233 -head_dim_v 231 -with-attn-scale=False -with-attn-bias=True -transQ=True -transK=True -transV=False -transO=True -causal=False -return_lse=False -split_kv=1 --perf_config=attn:v1:256,16,128,1,1,8,16,1,2,1,2 --current_seq_len=279,463,167,317,131,197,399 -pv -relDiff_threshold 1e-4
Errors = loc("<stdin>":28:1): error: ttg.shared (139264) exceeds LDS limit (65536) for amdgcn-amd-amdhsa:gfx1100
Lowering not applicable.

----------------------------------------------------------------------------------------------------
NOT_APPLICABLE: AttentionConfiguration(datatype='f32', g=7, seq_len_q=1, seq_len_k=499, num_heads_q=32, num_heads_kv=2, head_dim_qk=233, head_dim_v=231, with_attn_scale=False, with_attn_bias=True, trans_q=True, trans_k=True, trans_v=False, trans_o=True, causal=False, return_lse=False, split_kv=1, current_seqlen=[279, 463, 167, 317, 131, 197, 399], arch='gfx1100', chip='gfx1100', num_cu=70, num_chiplets=1, perfconfig='attn:v1:256,16,128,1,1,8,16,1,2,1,2')
Lowering rejected config as not applicable
Command line = -operation attention -t f32 --arch gfx1100 --num_cu 70 --num_chiplets 1 -g 5 -seq_len_q 1 -seq_len_k 627 -num_heads_q 1 -num_heads_kv 1 -head_dim_qk 230 -head_dim_v 208 -with-attn-scale=False -with-attn-bias=True -transQ=False -transK=True -transV=False -transO=False -causal=False -return_lse=True -split_kv=32 --perf_config=attn:v1:32,256,128,2,1,4,32,1,1,2,1 --current_seq_len=323,105,319,610,289 -pv -relDiff_threshold 1e-4
Errors = loc("<stdin>":29:1): error: ttg.shared (262144) exceeds LDS limit (65536) for amdgcn-amd-amdhsa:gfx1100
Lowering not applicable.

----------------------------------------------------------------------------------------------------
NOT_APPLICABLE: AttentionConfiguration(datatype='f32', g=5, seq_len_q=1, seq_len_k=627, num_heads_q=1, num_heads_kv=1, head_dim_qk=230, head_dim_v=208, with_attn_scale=False, with_attn_bias=True, trans_q=False, trans_k=True, trans_v=False, trans_o=False, causal=False, return_lse=True, split_kv=32, current_seqlen=[323, 105, 319, 610, 289], arch='gfx1100', chip='gfx1100', num_cu=70, num_chiplets=1, perfconfig='attn:v1:32,256,128,2,1,4,32,1,1,2,1')
FAIL: Runner returned incorrect result
Config = AttentionConfiguration(datatype='f32', g=3, seq_len_q=25, seq_len_k=1197, num_heads_q=1, num_heads_kv=1, head_dim_qk=12, head_dim_v=188, with_attn_scale=False, with_attn_bias=True, trans_q=False, trans_k=False, trans_v=True, trans_o=False, causal=False, return_lse=True, split_kv=32, current_seqlen=None, arch='gfx1100', chip='gfx1100', num_cu=70, num_chiplets=1, perfconfig='attn:v1:128,64,128,1,1,2,32,1,1,0,8')
Command line = -operation attention -t f32 --arch gfx1100 --num_cu 70 --num_chiplets 1 -g 3 -seq_len_q 25 -seq_len_k 1197 -num_heads_q 1 -num_heads_kv 1 -head_dim_qk 12 -head_dim_v 188 -with-attn-scale=False -with-attn-bias=True -transQ=False -transK=False -transV=True -transO=False -causal=False -return_lse=True -split_kv=32 --perf_config=attn:v1:128,64,128,1,1,2,32,1,1,0,8 -pv -relDiff_threshold 1e-4
Output = Number of elements: 451200
maxAbsDiff info: maxAbsDiff = 0.000212 (valNum = 0.62506, gpuNum = 0.62485), average absDiff = 2.1e-04
maxRelDiff info: maxRelDiff = 3.4e-04 (valNum = 0.6250638962, gpuNum = 0.6248517632), average relDiff = 3.4e-04
RMS = 3.4e-04
Histogram of relDiff: 
        relDiff = 0     : 0/451200 (0.000000%)
     0 < relDiff < 1e-06: 0/451200 (0.000000%)
1e-06 < relDiff <= 1e-05: 0/451200 (0.000000%)
1e-05 < relDiff <= 1e-04: 0/451200 (0.000000%)
1e-04 < relDiff <= 1e-03: 451200/451200 (100.000000%)
1e-03 < relDiff <= 1e-02: 0/451200 (0.000000%)
1e-02 < relDiff <= 1e-01: 0/451200 (0.000000%)
1e-01 < relDiff <= 1e+00: 0/451200 (0.000000%)
1e+00 < relDiff < inf   : 0/451200 (0.000000%)
        relDiff = inf   : 0/451200 (0.000000%)
[0 1 0]

FAIL: Timeout in rocmlir-driver stage (120s)
Config = AttentionConfiguration(datatype='bf16', g=1, seq_len_q=15, seq_len_k=117, num_heads_q=1, num_heads_kv=1, head_dim_qk=237, head_dim_v=147, with_attn_scale=True, with_attn_bias=True, trans_q=True, trans_k=True, trans_v=True, trans_o=True, causal=True, return_lse=True, split_kv=32, current_seqlen=None, arch='gfx1100', chip='gfx1100', num_cu=70, num_chiplets=1, perfconfig='attn:v1:256,64,32,2,1,1,16,1,2,2,8')
Command line = -operation attention -t bf16 --arch gfx1100 --num_cu 70 --num_chiplets 1 -g 1 -seq_len_q 15 -seq_len_k 117 -num_heads_q 1 -num_heads_kv 1 -head_dim_qk 237 -head_dim_v 147 -with-attn-scale=True -with-attn-bias=True -transQ=True -transK=True -transV=True -transO=True -causal=True -return_lse=True -split_kv=32 --perf_config=attn:v1:256,64,32,2,1,1,16,1,2,2,8 -pv -RMS_threshold 1e-2
FAIL: Runner returned incorrect result
Config = AttentionConfiguration(datatype='f16', g=6, seq_len_q=1, seq_len_k=622, num_heads_q=8, num_heads_kv=4, head_dim_qk=105, head_dim_v=52, with_attn_scale=False, with_attn_bias=False, trans_q=False, trans_k=True, trans_v=True, trans_o=False, causal=False, return_lse=True, split_kv=2, current_seqlen=[535, 118, 433, 540, 149, 409], arch='gfx1100', chip='gfx1100', num_cu=70, num_chiplets=1, perfconfig='attn:v1:256,128,32,1,1,4,16,1,2,2,4')
Command line = -operation attention -t f16 --arch gfx1100 --num_cu 70 --num_chiplets 1 -g 6 -seq_len_q 1 -seq_len_k 622 -num_heads_q 8 -num_heads_kv 4 -head_dim_qk 105 -head_dim_v 52 -with-attn-scale=False -with-attn-bias=False -transQ=False -transK=True -transV=True -transO=False -causal=False -return_lse=True -split_kv=2 --perf_config=attn:v1:256,128,32,1,1,4,16,1,2,2,4 --current_seq_len=535,118,433,540,149,409 -pv
Output = Number of elements: 4992
maxAbsDiff info: maxAbsDiff = 0.008423 (valNum = 0.08337, gpuNum = 0.09180), average absDiff = 9.7e-04
maxRelDiff info: maxRelDiff = 1.0e-01 (valNum = 0.0833740234, gpuNum = 0.0917968750), average relDiff = 1.2e-02
RMS = 2.7e-02
Histogram of relDiff: 
        relDiff = 0     : 1664/4992 (33.333333%)
     0 < relDiff < 1e-06: 0/4992 (0.000000%)
1e-06 < relDiff <= 1e-05: 0/4992 (0.000000%)
1e-05 < relDiff <= 1e-04: 0/4992 (0.000000%)
1e-04 < relDiff <= 1e-03: 2216/4992 (44.391026%)
1e-03 < relDiff <= 1e-02: 280/4992 (5.608974%)
1e-02 < relDiff <= 1e-01: 556/4992 (11.137821%)
1e-01 < relDiff <= 1e+00: 276/4992 (5.528846%)
1e+00 < relDiff < inf   : 0/4992 (0.000000%)
        relDiff = inf   : 0/4992 (0.000000%)
[0 1 1]

----------------------------------------------------------------------------------------------------
PASS: AttentionConfiguration(datatype='i8', g=7, seq_len_q=1, seq_len_k=374, num_heads_q=1, num_heads_kv=1, head_dim_qk=242, head_dim_v=204, with_attn_scale=False, with_attn_bias=False, trans_q=True, trans_k=True, trans_v=True, trans_o=True, causal=False, return_lse=False, split_kv=1, current_seqlen=[300, 29, 167, 187, 58, 41, 152], arch='gfx1100', chip='gfx1100', num_cu=70, num_chiplets=1, perfconfig='attn:v1:16,16,128,1,1,1,0,1,2,1,0')
Lowering rejected config as not applicable
Command line = -operation attention -t f32 --arch gfx1100 --num_cu 70 --num_chiplets 1 -g 1 -seq_len_q 1 -seq_len_k 2123 -num_heads_q 1 -num_heads_kv 1 -head_dim_qk 190 -head_dim_v 33 -with-attn-scale=True -with-attn-bias=True -transQ=False -transK=True -transV=True -transO=True -causal=False -return_lse=False -split_kv=1 --perf_config=attn:v1:64,256,128,1,1,1,32,1,1,2,2 --current_seq_len=20 -pv -relDiff_threshold 1e-4
Errors = loc("<stdin>":22:1): error: ttg.shared (131072) exceeds LDS limit (65536) for amdgcn-amd-amdhsa:gfx1100
Lowering not applicable.

----------------------------------------------------------------------------------------------------
NOT_APPLICABLE: AttentionConfiguration(datatype='f32', g=1, seq_len_q=1, seq_len_k=2123, num_heads_q=1, num_heads_kv=1, head_dim_qk=190, head_dim_v=33, with_attn_scale=True, with_attn_bias=True, trans_q=False, trans_k=True, trans_v=True, trans_o=True, causal=False, return_lse=False, split_kv=1, current_seqlen=[20], arch='gfx1100', chip='gfx1100', num_cu=70, num_chiplets=1, perfconfig='attn:v1:64,256,128,1,1,1,32,1,1,2,2')
----------------------------------------------------------------------------------------------------
PASS: AttentionConfiguration(datatype='i8', g=2, seq_len_q=13, seq_len_k=270, num_heads_q=128, num_heads_kv=32, head_dim_qk=234, head_dim_v=101, with_attn_scale=False, with_attn_bias=False, trans_q=True, trans_k=True, trans_v=True, trans_o=False, causal=True, return_lse=True, split_kv=4, current_seqlen=None, arch='gfx1100', chip='gfx1100', num_cu=70, num_chiplets=1, perfconfig='attn:v1:128,16,128,2,1,1,16,1,1,0,4')
----------------------------------------------------------------------------------------------------
FAIL: AttentionConfiguration(datatype='f32', g=3, seq_len_q=25, seq_len_k=1197, num_heads_q=1, num_heads_kv=1, head_dim_qk=12, head_dim_v=188, with_attn_scale=False, with_attn_bias=True, trans_q=False, trans_k=False, trans_v=True, trans_o=False, causal=False, return_lse=True, split_kv=32, current_seqlen=None, arch='gfx1100', chip='gfx1100', num_cu=70, num_chiplets=1, perfconfig='attn:v1:128,64,128,1,1,2,32,1,1,0,8')
----------------------------------------------------------------------------------------------------
PASS: AttentionConfiguration(datatype='f32', g=5, seq_len_q=1, seq_len_k=317, num_heads_q=1, num_heads_kv=1, head_dim_qk=130, head_dim_v=32, with_attn_scale=True, with_attn_bias=True, trans_q=False, trans_k=True, trans_v=False, trans_o=False, causal=False, return_lse=False, split_kv=1, current_seqlen=[49, 244, 254, 186, 48], arch='gfx1100', chip='gfx1100', num_cu=70, num_chiplets=1, perfconfig='attn:v1:64,256,16,2,1,1,16,1,2,4,2')
----------------------------------------------------------------------------------------------------
FAIL: AttentionConfiguration(datatype='bf16', g=1, seq_len_q=15, seq_len_k=117, num_heads_q=1, num_heads_kv=1, head_dim_qk=237, head_dim_v=147, with_attn_scale=True, with_attn_bias=True, trans_q=True, trans_k=True, trans_v=True, trans_o=True, causal=True, return_lse=True, split_kv=32, current_seqlen=None, arch='gfx1100', chip='gfx1100', num_cu=70, num_chiplets=1, perfconfig='attn:v1:256,64,32,2,1,1,16,1,2,2,8')
Lowering rejected config as not applicable
Command line = -operation attention -t i8 --arch gfx1100 --num_cu 70 --num_chiplets 1 -g 7 -seq_len_q 50 -seq_len_k 394 -num_heads_q 1 -num_heads_kv 1 -head_dim_qk 58 -head_dim_v 36 -with-attn-scale=False -with-attn-bias=True -transQ=True -transK=True -transV=True -transO=False -causal=False -return_lse=True -split_kv=4 --perf_config=attn:v1:64,256,128,1,1,8,32,1,2,4,4 -pv
Errors = loc("<stdin>":29:1): error: ttg.shared (98304) exceeds LDS limit (65536) for amdgcn-amd-amdhsa:gfx1100
Lowering not applicable.

----------------------------------------------------------------------------------------------------
NOT_APPLICABLE: AttentionConfiguration(datatype='i8', g=7, seq_len_q=50, seq_len_k=394, num_heads_q=1, num_heads_kv=1, head_dim_qk=58, head_dim_v=36, with_attn_scale=False, with_attn_bias=True, trans_q=True, trans_k=True, trans_v=True, trans_o=False, causal=False, return_lse=True, split_kv=4, current_seqlen=None, arch='gfx1100', chip='gfx1100', num_cu=70, num_chiplets=1, perfconfig='attn:v1:64,256,128,1,1,8,32,1,2,4,4')
----------------------------------------------------------------------------------------------------
PASS: AttentionConfiguration(datatype='bf16', g=7, seq_len_q=1, seq_len_k=160, num_heads_q=64, num_heads_kv=32, head_dim_qk=207, head_dim_v=150, with_attn_scale=False, with_attn_bias=True, trans_q=True, trans_k=True, trans_v=False, trans_o=False, causal=False, return_lse=True, split_kv=1, current_seqlen=[154, 107, 99, 62, 48, 92, 92], arch='gfx1100', chip='gfx1100', num_cu=70, num_chiplets=1, perfconfig='attn:v1:16,32,16,1,1,8,32,1,2,4,1')
----------------------------------------------------------------------------------------------------
PASS: AttentionConfiguration(datatype='bf16', g=3, seq_len_q=1, seq_len_k=794, num_heads_q=128, num_heads_kv=64, head_dim_qk=201, head_dim_v=102, with_attn_scale=True, with_attn_bias=False, trans_q=True, trans_k=False, trans_v=False, trans_o=True, causal=False, return_lse=False, split_kv=1, current_seqlen=[566, 102, 413], arch='gfx1100', chip='gfx1100', num_cu=70, num_chiplets=1, perfconfig='attn:v1:32,16,32,1,1,8,32,1,2,2,1')
Lowering rejected config as not applicable
Command line = -operation attention -t i8 --arch gfx1100 --num_cu 70 --num_chiplets 1 -g 8 -seq_len_q 1 -seq_len_k 208 -num_heads_q 16 -num_heads_kv 2 -head_dim_qk 12 -head_dim_v 238 -with-attn-scale=False -with-attn-bias=False -transQ=True -transK=False -transV=True -transO=False -causal=False -return_lse=False -split_kv=1 --perf_config=attn:v1:128,256,32,1,1,8,0,1,1,0,1 --current_seq_len=48,1,192,89,44,74,121,21 -pv
Errors = loc("<stdin>":30:1): error: ttg.shared (131072) exceeds LDS limit (65536) for amdgcn-amd-amdhsa:gfx1100
Lowering not applicable.

----------------------------------------------------------------------------------------------------
NOT_APPLICABLE: AttentionConfiguration(datatype='i8', g=8, seq_len_q=1, seq_len_k=208, num_heads_q=16, num_heads_kv=2, head_dim_qk=12, head_dim_v=238, with_attn_scale=False, with_attn_bias=False, trans_q=True, trans_k=False, trans_v=True, trans_o=False, causal=False, return_lse=False, split_kv=1, current_seqlen=[48, 1, 192, 89, 44, 74, 121, 21], arch='gfx1100', chip='gfx1100', num_cu=70, num_chiplets=1, perfconfig='attn:v1:128,256,32,1,1,8,0,1,1,0,1')
----------------------------------------------------------------------------------------------------
FAIL: AttentionConfiguration(datatype='f16', g=6, seq_len_q=1, seq_len_k=622, num_heads_q=8, num_heads_kv=4, head_dim_qk=105, head_dim_v=52, with_attn_scale=False, with_attn_bias=False, trans_q=False, trans_k=True, trans_v=True, trans_o=False, causal=False, return_lse=True, split_kv=2, current_seqlen=[535, 118, 433, 540, 149, 409], arch='gfx1100', chip='gfx1100', num_cu=70, num_chiplets=1, perfconfig='attn:v1:256,128,32,1,1,4,16,1,2,2,4')
----------------------------------------------------------------------------------------------------
PASS: AttentionConfiguration(datatype='f32', g=1, seq_len_q=262, seq_len_k=780, num_heads_q=64, num_heads_kv=16, head_dim_qk=207, head_dim_v=6, with_attn_scale=True, with_attn_bias=True, trans_q=True, trans_k=False, trans_v=False, trans_o=False, causal=True, return_lse=True, split_kv=1, current_seqlen=None, arch='gfx1100', chip='gfx1100', num_cu=70, num_chiplets=1, perfconfig='attn:v1:128,64,16,2,1,4,16,1,1,1,2')
FAIL: Runner returned incorrect result
Config = AttentionConfiguration(datatype='f16', g=1, seq_len_q=91, seq_len_k=2184, num_heads_q=1, num_heads_kv=1, head_dim_qk=151, head_dim_v=25, with_attn_scale=True, with_attn_bias=False, trans_q=False, trans_k=True, trans_v=True, trans_o=False, causal=False, return_lse=False, split_kv=1, current_seqlen=None, arch='gfx1100', chip='gfx1100', num_cu=70, num_chiplets=1, perfconfig='attn:v1:32,16,128,1,1,2,32,1,1,4,8')
Command line = -operation attention -t f16 --arch gfx1100 --num_cu 70 --num_chiplets 1 -g 1 -seq_len_q 91 -seq_len_k 2184 -num_heads_q 1 -num_heads_kv 1 -head_dim_qk 151 -head_dim_v 25 -with-attn-scale=True -with-attn-bias=False -transQ=False -transK=True -transV=True -transO=False -causal=False -return_lse=False -split_kv=1 --perf_config=attn:v1:32,16,128,1,1,2,32,1,1,4,8 -pv
Output = Number of elements: 2275
maxAbsDiff info: maxAbsDiff = 0.001465 (valNum = 0.50000, gpuNum = 0.49854), average absDiff = 5.2e-04
maxRelDiff info: maxRelDiff = 2.9e-03 (valNum = 0.5000000000, gpuNum = 0.4985351562), average relDiff = 1.2e-03
RMS = 1.1e-03
Histogram of relDiff: 
        relDiff = 0     : 750/2275 (32.967033%)
     0 < relDiff < 1e-06: 0/2275 (0.000000%)
1e-06 < relDiff <= 1e-05: 0/2275 (0.000000%)
1e-05 < relDiff <= 1e-04: 0/2275 (0.000000%)
1e-04 < relDiff <= 1e-03: 775/2275 (34.065934%)
1e-03 < relDiff <= 1e-02: 750/2275 (32.967033%)
1e-02 < relDiff <= 1e-01: 0/2275 (0.000000%)
1e-01 < relDiff <= 1e+00: 0/2275 (0.000000%)
1e+00 < relDiff < inf   : 0/2275 (0.000000%)
        relDiff = inf   : 0/2275 (0.000000%)
[0 1 1]

----------------------------------------------------------------------------------------------------
PASS: AttentionConfiguration(datatype='bf16', g=3, seq_len_q=1, seq_len_k=55, num_heads_q=32, num_heads_kv=8, head_dim_qk=112, head_dim_v=112, with_attn_scale=True, with_attn_bias=False, trans_q=True, trans_k=True, trans_v=True, trans_o=False, causal=False, return_lse=True, split_kv=4, current_seqlen=[17, 20, 29], arch='gfx1100', chip='gfx1100', num_cu=70, num_chiplets=1, perfconfig='attn:v1:16,256,16,2,1,2,32,1,2,0,8')
Lowering rejected config as not applicable
Command line = -operation attention -t f16 --arch gfx1100 --num_cu 70 --num_chiplets 1 -g 7 -seq_len_q 1 -seq_len_k 58 -num_heads_q 64 -num_heads_kv 4 -head_dim_qk 225 -head_dim_v 147 -with-attn-scale=False -with-attn-bias=True -transQ=False -transK=False -transV=False -transO=False -causal=False -return_lse=False -split_kv=1 --perf_config=attn:v1:64,128,128,2,1,1,32,1,3,4,8 --current_seq_len=10,55,48,29,40,48,38 -pv
Errors = loc("<stdin>":28:1): error: ttg.shared (98304) exceeds LDS limit (65536) for amdgcn-amd-amdhsa:gfx1100
Lowering not applicable.

----------------------------------------------------------------------------------------------------
NOT_APPLICABLE: AttentionConfiguration(datatype='f16', g=7, seq_len_q=1, seq_len_k=58, num_heads_q=64, num_heads_kv=4, head_dim_qk=225, head_dim_v=147, with_attn_scale=False, with_attn_bias=True, trans_q=False, trans_k=False, trans_v=False, trans_o=False, causal=False, return_lse=False, split_kv=1, current_seqlen=[10, 55, 48, 29, 40, 48, 38], arch='gfx1100', chip='gfx1100', num_cu=70, num_chiplets=1, perfconfig='attn:v1:64,128,128,2,1,1,32,1,3,4,8')
Lowering rejected config as not applicable
Command line = -operation attention -t f32 --arch gfx1100 --num_cu 70 --num_chiplets 1 -g 4 -seq_len_q 46 -seq_len_k 532 -num_heads_q 128 -num_heads_kv 4 -head_dim_qk 178 -head_dim_v 22 -with-attn-scale=False -with-attn-bias=False -transQ=False -transK=False -transV=False -transO=False -causal=True -return_lse=True -split_kv=1 --perf_config=attn:v1:256,128,16,2,1,4,16,1,2,8,2 -pv -relDiff_threshold 1e-4
Errors = loc("<stdin>":20:1): error: ttg.shared (131072) exceeds LDS limit (65536) for amdgcn-amd-amdhsa:gfx1100
Lowering not applicable.

----------------------------------------------------------------------------------------------------
NOT_APPLICABLE: AttentionConfiguration(datatype='f32', g=4, seq_len_q=46, seq_len_k=532, num_heads_q=128, num_heads_kv=4, head_dim_qk=178, head_dim_v=22, with_attn_scale=False, with_attn_bias=False, trans_q=False, trans_k=False, trans_v=False, trans_o=False, causal=True, return_lse=True, split_kv=1, current_seqlen=None, arch='gfx1100', chip='gfx1100', num_cu=70, num_chiplets=1, perfconfig='attn:v1:256,128,16,2,1,4,16,1,2,8,2')
----------------------------------------------------------------------------------------------------
FAIL: AttentionConfiguration(datatype='f16', g=1, seq_len_q=91, seq_len_k=2184, num_heads_q=1, num_heads_kv=1, head_dim_qk=151, head_dim_v=25, with_attn_scale=True, with_attn_bias=False, trans_q=False, trans_k=True, trans_v=True, trans_o=False, causal=False, return_lse=False, split_kv=1, current_seqlen=None, arch='gfx1100', chip='gfx1100', num_cu=70, num_chiplets=1, perfconfig='attn:v1:32,16,128,1,1,2,32,1,1,4,8')
Lowering rejected config as not applicable
Command line = -operation attention -t f32 --arch gfx1100 --num_cu 70 --num_chiplets 1 -g 5 -seq_len_q 472 -seq_len_k 203 -num_heads_q 1 -num_heads_kv 1 -head_dim_qk 65 -head_dim_v 184 -with-attn-scale=False -with-attn-bias=True -transQ=True -transK=True -transV=False -transO=True -causal=True -return_lse=False -split_kv=1 --perf_config=attn:v1:256,64,128,2,1,16,0,1,3,0,4 -pv -relDiff_threshold 1e-4
Errors = loc("<stdin>":16:1): error: ttg.shared (262144) exceeds LDS limit (65536) for amdgcn-amd-amdhsa:gfx1100
Lowering not applicable.

----------------------------------------------------------------------------------------------------
NOT_APPLICABLE: AttentionConfiguration(datatype='f32', g=5, seq_len_q=472, seq_len_k=203, num_heads_q=1, num_heads_kv=1, head_dim_qk=65, head_dim_v=184, with_attn_scale=False, with_attn_bias=True, trans_q=True, trans_k=True, trans_v=False, trans_o=True, causal=True, return_lse=False, split_kv=1, current_seqlen=None, arch='gfx1100', chip='gfx1100', num_cu=70, num_chiplets=1, perfconfig='attn:v1:256,64,128,2,1,16,0,1,3,0,4')
----------------------------------------------------------------------------------------------------
PASS: AttentionConfiguration(datatype='bf16', g=6, seq_len_q=1, seq_len_k=16, num_heads_q=64, num_heads_kv=2, head_dim_qk=104, head_dim_v=24, with_attn_scale=True, with_attn_bias=False, trans_q=True, trans_k=True, trans_v=False, trans_o=False, causal=False, return_lse=False, split_kv=1, current_seqlen=[15, 2, 12, 13, 5, 8], arch='gfx1100', chip='gfx1100', num_cu=70, num_chiplets=1, perfconfig='attn:v1:32,128,32,2,1,8,16,1,2,2,4')
----------------------------------------------------------------------------------------------------
PASS: AttentionConfiguration(datatype='f16', g=6, seq_len_q=1, seq_len_k=327, num_heads_q=1, num_heads_kv=1, head_dim_qk=190, head_dim_v=49, with_attn_scale=True, with_attn_bias=False, trans_q=False, trans_k=True, trans_v=False, trans_o=False, causal=False, return_lse=True, split_kv=2, current_seqlen=[9, 77, 11, 5, 185, 43], arch='gfx1100', chip='gfx1100', num_cu=70, num_chiplets=1, perfconfig='attn:v1:16,16,128,2,1,8,0,1,3,4,4')
Lowering rejected config as not applicable
Command line = -operation attention -t f32 --arch gfx1100 --num_cu 70 --num_chiplets 1 -g 7 -seq_len_q 1 -seq_len_k 80 -num_heads_q 1 -num_heads_kv 1 -head_dim_qk 23 -head_dim_v 206 -with-attn-scale=False -with-attn-bias=False -transQ=True -transK=True -transV=True -transO=True -causal=False -return_lse=False -split_kv=1 --perf_config=attn:v1:64,256,128,1,1,1,16,1,1,1,1 --current_seq_len=72,49,5,2,44,9,45 -pv -relDiff_threshold 1e-4
Errors = loc("<stdin>":23:1): error: ttg.shared (262144) exceeds LDS limit (65536) for amdgcn-amd-amdhsa:gfx1100
Lowering not applicable.

----------------------------------------------------------------------------------------------------
NOT_APPLICABLE: AttentionConfiguration(datatype='f32', g=7, seq_len_q=1, seq_len_k=80, num_heads_q=1, num_heads_kv=1, head_dim_qk=23, head_dim_v=206, with_attn_scale=False, with_attn_bias=False, trans_q=True, trans_k=True, trans_v=True, trans_o=True, causal=False, return_lse=False, split_kv=1, current_seqlen=[72, 49, 5, 2, 44, 9, 45], arch='gfx1100', chip='gfx1100', num_cu=70, num_chiplets=1, perfconfig='attn:v1:64,256,128,1,1,1,16,1,1,1,1')
Lowering rejected config as not applicable
Command line = -operation attention -t f16 --arch gfx1100 --num_cu 70 --num_chiplets 1 -g 1 -seq_len_q 1 -seq_len_k 2537 -num_heads_q 128 -num_heads_kv 32 -head_dim_qk 31 -head_dim_v 13 -with-attn-scale=True -with-attn-bias=False -transQ=True -transK=False -transV=True -transO=False -causal=False -return_lse=False -split_kv=1 --perf_config=attn:v1:256,128,128,1,1,1,32,1,3,1,4 --current_seq_len=2070 -pv
Errors = loc("<stdin>":27:1): error: ttg.shared (81920) exceeds LDS limit (65536) for amdgcn-amd-amdhsa:gfx1100
Lowering not applicable.

----------------------------------------------------------------------------------------------------
NOT_APPLICABLE: AttentionConfiguration(datatype='f16', g=1, seq_len_q=1, seq_len_k=2537, num_heads_q=128, num_heads_kv=32, head_dim_qk=31, head_dim_v=13, with_attn_scale=True, with_attn_bias=False, trans_q=True, trans_k=False, trans_v=True, trans_o=False, causal=False, return_lse=False, split_kv=1, current_seqlen=[2070], arch='gfx1100', chip='gfx1100', num_cu=70, num_chiplets=1, perfconfig='attn:v1:256,128,128,1,1,1,32,1,3,1,4')
FAIL: Runner returned incorrect result
Config = AttentionConfiguration(datatype='f16', g=7, seq_len_q=1, seq_len_k=151, num_heads_q=64, num_heads_kv=2, head_dim_qk=154, head_dim_v=34, with_attn_scale=True, with_attn_bias=False, trans_q=False, trans_k=True, trans_v=False, trans_o=False, causal=False, return_lse=True, split_kv=8, current_seqlen=[13, 102, 30, 68, 85, 139, 8], arch='gfx1100', chip='gfx1100', num_cu=70, num_chiplets=1, perfconfig='attn:v1:32,16,32,2,1,4,0,1,3,2,8')
Command line = -operation attention -t f16 --arch gfx1100 --num_cu 70 --num_chiplets 1 -g 7 -seq_len_q 1 -seq_len_k 151 -num_heads_q 64 -num_heads_kv 2 -head_dim_qk 154 -head_dim_v 34 -with-attn-scale=True -with-attn-bias=False -transQ=False -transK=True -transV=False -transO=False -causal=False -return_lse=True -split_kv=8 --perf_config=attn:v1:32,16,32,2,1,4,0,1,3,2,8 --current_seq_len=13,102,30,68,85,139,8 -pv
Output = Number of elements: 121856
maxAbsDiff info: maxAbsDiff = 0.027344 (valNum = -0.60986, gpuNum = -0.58252), average absDiff = 8.9e-04
maxRelDiff info: maxRelDiff = 1.4e-01 (valNum = 0.1655273438, gpuNum = 0.1423339844), average relDiff = 2.8e-03
RMS = 3.6e-03
Histogram of relDiff: 
        relDiff = 0     : 80968/121856 (66.445641%)
     0 < relDiff < 1e-06: 0/121856 (0.000000%)
1e-06 < relDiff <= 1e-05: 0/121856 (0.000000%)
1e-05 < relDiff <= 1e-04: 0/121856 (0.000000%)
1e-04 < relDiff <= 1e-03: 26808/121856 (21.999737%)
1e-03 < relDiff <= 1e-02: 8008/121856 (6.571691%)
1e-02 < relDiff <= 1e-01: 5104/121856 (4.188550%)
1e-01 < relDiff <= 1e+00: 968/121856 (0.794380%)
1e+00 < relDiff < inf   : 0/121856 (0.000000%)
        relDiff = inf   : 0/121856 (0.000000%)
[0 1 1]

----------------------------------------------------------------------------------------------------
PASS: AttentionConfiguration(datatype='i8', g=5, seq_len_q=218, seq_len_k=531, num_heads_q=64, num_heads_kv=32, head_dim_qk=254, head_dim_v=215, with_attn_scale=False, with_attn_bias=True, trans_q=True, trans_k=False, trans_v=False, trans_o=False, causal=False, return_lse=False, split_kv=1, current_seqlen=None, arch='gfx1100', chip='gfx1100', num_cu=70, num_chiplets=1, perfconfig='attn:v1:16,256,32,1,1,1,16,1,2,8,4')
----------------------------------------------------------------------------------------------------
PASS: AttentionConfiguration(datatype='f16', g=5, seq_len_q=1, seq_len_k=388, num_heads_q=1, num_heads_kv=1, head_dim_qk=137, head_dim_v=249, with_attn_scale=True, with_attn_bias=True, trans_q=False, trans_k=True, trans_v=True, trans_o=True, causal=False, return_lse=True, split_kv=1, current_seqlen=[360, 320, 152, 332, 54], arch='gfx1100', chip='gfx1100', num_cu=70, num_chiplets=1, perfconfig='attn:v1:32,16,64,1,1,2,16,1,2,0,1')
----------------------------------------------------------------------------------------------------
FAIL: AttentionConfiguration(datatype='f16', g=7, seq_len_q=1, seq_len_k=151, num_heads_q=64, num_heads_kv=2, head_dim_qk=154, head_dim_v=34, with_attn_scale=True, with_attn_bias=False, trans_q=False, trans_k=True, trans_v=False, trans_o=False, causal=False, return_lse=True, split_kv=8, current_seqlen=[13, 102, 30, 68, 85, 139, 8], arch='gfx1100', chip='gfx1100', num_cu=70, num_chiplets=1, perfconfig='attn:v1:32,16,32,2,1,4,0,1,3,2,8')
----------------------------------------------------------------------------------------------------
PASS: AttentionConfiguration(datatype='f16', g=3, seq_len_q=1, seq_len_k=553, num_heads_q=16, num_heads_kv=2, head_dim_qk=101, head_dim_v=49, with_attn_scale=True, with_attn_bias=True, trans_q=False, trans_k=True, trans_v=True, trans_o=True, causal=False, return_lse=True, split_kv=32, current_seqlen=[549, 233, 345], arch='gfx1100', chip='gfx1100', num_cu=70, num_chiplets=1, perfconfig='attn:v1:32,16,32,1,1,4,16,1,2,1,0')
----------------------------------------------------------------------------------------------------
PASS: AttentionConfiguration(datatype='bf16', g=4, seq_len_q=1, seq_len_k=128, num_heads_q=1, num_heads_kv=1, head_dim_qk=209, head_dim_v=85, with_attn_scale=True, with_attn_bias=False, trans_q=False, trans_k=False, trans_v=True, trans_o=True, causal=False, return_lse=True, split_kv=4, current_seqlen=[21, 24, 3, 79], arch='gfx1100', chip='gfx1100', num_cu=70, num_chiplets=1, perfconfig='attn:v1:32,32,64,1,1,1,16,1,2,8,8')
----------------------------------------------------------------------------------------------------
PASS: AttentionConfiguration(datatype='bf16', g=5, seq_len_q=1, seq_len_k=471, num_heads_q=16, num_heads_kv=2, head_dim_qk=253, head_dim_v=244, with_attn_scale=False, with_attn_bias=False, trans_q=True, trans_k=False, trans_v=False, trans_o=False, causal=False, return_lse=True, split_kv=16, current_seqlen=[323, 436, 140, 165, 348], arch='gfx1100', chip='gfx1100', num_cu=70, num_chiplets=1, perfconfig='attn:v1:32,32,64,1,1,2,16,1,3,2,2')
----------------------------------------------------------------------------------------------------
PASS: AttentionConfiguration(datatype='bf16', g=5, seq_len_q=10, seq_len_k=367, num_heads_q=16, num_heads_kv=4, head_dim_qk=52, head_dim_v=141, with_attn_scale=True, with_attn_bias=True, trans_q=True, trans_k=False, trans_v=False, trans_o=False, causal=False, return_lse=True, split_kv=16, current_seqlen=None, arch='gfx1100', chip='gfx1100', num_cu=70, num_chiplets=1, perfconfig='attn:v1:64,16,128,2,1,2,32,1,1,1,1')
----------------------------------------------------------------------------------------------------
PASS: AttentionConfiguration(datatype='i8', g=8, seq_len_q=311, seq_len_k=484, num_heads_q=1, num_heads_kv=1, head_dim_qk=122, head_dim_v=201, with_attn_scale=False, with_attn_bias=False, trans_q=True, trans_k=False, trans_v=False, trans_o=True, causal=False, return_lse=True, split_kv=32, current_seqlen=None, arch='gfx1100', chip='gfx1100', num_cu=70, num_chiplets=1, perfconfig='attn:v1:128,32,128,1,1,2,0,1,3,4,8')
----------------------------------------------------------------------------------------------------
PASS: AttentionConfiguration(datatype='i8', g=7, seq_len_q=546, seq_len_k=57, num_heads_q=1, num_heads_kv=1, head_dim_qk=32, head_dim_v=14, with_attn_scale=False, with_attn_bias=True, trans_q=True, trans_k=False, trans_v=True, trans_o=True, causal=True, return_lse=False, split_kv=1, current_seqlen=None, arch='gfx1100', chip='gfx1100', num_cu=70, num_chiplets=1, perfconfig='attn:v1:256,128,32,1,1,2,32,1,1,0,1')
----------------------------------------------------------------------------------------------------
PASS: AttentionConfiguration(datatype='i8', g=7, seq_len_q=274, seq_len_k=95, num_heads_q=1, num_heads_kv=1, head_dim_qk=228, head_dim_v=97, with_attn_scale=True, with_attn_bias=True, trans_q=True, trans_k=True, trans_v=False, trans_o=False, causal=True, return_lse=True, split_kv=1, current_seqlen=None, arch='gfx1100', chip='gfx1100', num_cu=70, num_chiplets=1, perfconfig='attn:v1:64,16,16,2,1,16,0,1,3,1,8')
----------------------------------------------------------------------------------------------------
PASS: AttentionConfiguration(datatype='bf16', g=7, seq_len_q=73, seq_len_k=493, num_heads_q=1, num_heads_kv=1, head_dim_qk=133, head_dim_v=190, with_attn_scale=True, with_attn_bias=False, trans_q=False, trans_k=True, trans_v=True, trans_o=True, causal=True, return_lse=False, split_kv=1, current_seqlen=None, arch='gfx1100', chip='gfx1100', num_cu=70, num_chiplets=1, perfconfig='attn:v1:64,32,64,2,1,4,16,1,1,0,4')
----------------------------------------------------------------------------------------------------
PASS: AttentionConfiguration(datatype='i8', g=7, seq_len_q=297, seq_len_k=333, num_heads_q=1, num_heads_kv=1, head_dim_qk=57, head_dim_v=86, with_attn_scale=True, with_attn_bias=False, trans_q=False, trans_k=True, trans_v=True, trans_o=False, causal=False, return_lse=True, split_kv=1, current_seqlen=None, arch='gfx1100', chip='gfx1100', num_cu=70, num_chiplets=1, perfconfig='attn:v1:128,64,16,2,1,8,0,1,3,2,1')
Lowering rejected config as not applicable
Command line = -operation attention -t i8 --arch gfx1100 --num_cu 70 --num_chiplets 1 -g 7 -seq_len_q 74 -seq_len_k 549 -num_heads_q 1 -num_heads_kv 1 -head_dim_qk 149 -head_dim_v 242 -with-attn-scale=False -with-attn-bias=False -transQ=False -transK=False -transV=False -transO=False -causal=False -return_lse=True -split_kv=32 --perf_config=attn:v1:32,256,128,1,1,1,16,1,1,4,0 -pv
Errors = loc("<stdin>":27:1): error: ttg.shared (131072) exceeds LDS limit (65536) for amdgcn-amd-amdhsa:gfx1100
Lowering not applicable.

----------------------------------------------------------------------------------------------------
NOT_APPLICABLE: AttentionConfiguration(datatype='i8', g=7, seq_len_q=74, seq_len_k=549, num_heads_q=1, num_heads_kv=1, head_dim_qk=149, head_dim_v=242, with_attn_scale=False, with_attn_bias=False, trans_q=False, trans_k=False, trans_v=False, trans_o=False, causal=False, return_lse=True, split_kv=32, current_seqlen=None, arch='gfx1100', chip='gfx1100', num_cu=70, num_chiplets=1, perfconfig='attn:v1:32,256,128,1,1,1,16,1,1,4,0')
----------------------------------------------------------------------------------------------------
PASS: AttentionConfiguration(datatype='f32', g=2, seq_len_q=149, seq_len_k=1501, num_heads_q=1, num_heads_kv=1, head_dim_qk=256, head_dim_v=112, with_attn_scale=False, with_attn_bias=True, trans_q=False, trans_k=False, trans_v=True, trans_o=False, causal=False, return_lse=False, split_kv=1, current_seqlen=None, arch='gfx1100', chip='gfx1100', num_cu=70, num_chiplets=1, perfconfig='attn:v1:64,128,32,2,1,8,0,1,3,4,1')
FAIL: Timeout in rocmlir-driver stage (120s)
Config = AttentionConfiguration(datatype='f32', g=2, seq_len_q=140, seq_len_k=1332, num_heads_q=1, num_heads_kv=1, head_dim_qk=209, head_dim_v=163, with_attn_scale=False, with_attn_bias=True, trans_q=True, trans_k=True, trans_v=False, trans_o=False, causal=True, return_lse=False, split_kv=1, current_seqlen=None, arch='gfx1100', chip='gfx1100', num_cu=70, num_chiplets=1, perfconfig='attn:v1:256,64,16,2,1,1,32,1,1,0,2')
Command line = -operation attention -t f32 --arch gfx1100 --num_cu 70 --num_chiplets 1 -g 2 -seq_len_q 140 -seq_len_k 1332 -num_heads_q 1 -num_heads_kv 1 -head_dim_qk 209 -head_dim_v 163 -with-attn-scale=False -with-attn-bias=True -transQ=True -transK=True -transV=False -transO=False -causal=True -return_lse=False -split_kv=1 --perf_config=attn:v1:256,64,16,2,1,1,32,1,1,0,2 -pv -relDiff_threshold 1e-4
Lowering rejected config as not applicable
Command line = -operation attention -t i8 --arch gfx1100 --num_cu 70 --num_chiplets 1 -g 5 -seq_len_q 1 -seq_len_k 695 -num_heads_q 64 -num_heads_kv 2 -head_dim_qk 68 -head_dim_v 250 -with-attn-scale=False -with-attn-bias=True -transQ=True -transK=True -transV=False -transO=True -causal=False -return_lse=True -split_kv=32 --perf_config=attn:v1:128,256,32,1,1,1,0,1,2,0,8 --current_seq_len=485,180,103,368,164 -pv
Errors = loc("<stdin>":37:1): error: ttg.shared (131072) exceeds LDS limit (65536) for amdgcn-amd-amdhsa:gfx1100
Lowering not applicable.

----------------------------------------------------------------------------------------------------
NOT_APPLICABLE: AttentionConfiguration(datatype='i8', g=5, seq_len_q=1, seq_len_k=695, num_heads_q=64, num_heads_kv=2, head_dim_qk=68, head_dim_v=250, with_attn_scale=False, with_attn_bias=True, trans_q=True, trans_k=True, trans_v=False, trans_o=True, causal=False, return_lse=True, split_kv=32, current_seqlen=[485, 180, 103, 368, 164], arch='gfx1100', chip='gfx1100', num_cu=70, num_chiplets=1, perfconfig='attn:v1:128,256,32,1,1,1,0,1,2,0,8')
----------------------------------------------------------------------------------------------------
PASS: AttentionConfiguration(datatype='f16', g=3, seq_len_q=1, seq_len_k=63, num_heads_q=8, num_heads_kv=2, head_dim_qk=252, head_dim_v=9, with_attn_scale=True, with_attn_bias=False, trans_q=False, trans_k=True, trans_v=True, trans_o=True, causal=False, return_lse=False, split_kv=1, current_seqlen=[19, 21, 51], arch='gfx1100', chip='gfx1100', num_cu=70, num_chiplets=1, perfconfig='attn:v1:256,64,16,1,1,1,32,1,1,1,1')
----------------------------------------------------------------------------------------------------
FAIL: AttentionConfiguration(datatype='f32', g=2, seq_len_q=140, seq_len_k=1332, num_heads_q=1, num_heads_kv=1, head_dim_qk=209, head_dim_v=163, with_attn_scale=False, with_attn_bias=True, trans_q=True, trans_k=True, trans_v=False, trans_o=False, causal=True, return_lse=False, split_kv=1, current_seqlen=None, arch='gfx1100', chip='gfx1100', num_cu=70, num_chiplets=1, perfconfig='attn:v1:256,64,16,2,1,1,32,1,1,0,2')
Lowering rejected config as not applicable
Command line = -operation attention -t f16 --arch gfx1100 --num_cu 70 --num_chiplets 1 -g 8 -seq_len_q 74 -seq_len_k 233 -num_heads_q 1 -num_heads_kv 1 -head_dim_qk 188 -head_dim_v 117 -with-attn-scale=False -with-attn-bias=False -transQ=True -transK=True -transV=True -transO=True -causal=True -return_lse=True -split_kv=32 --perf_config=attn:v1:64,256,128,2,1,16,16,1,3,8,1 -pv
Errors = loc("<stdin>":23:1): error: ttg.shared (163840) exceeds LDS limit (65536) for amdgcn-amd-amdhsa:gfx1100
Lowering not applicable.

----------------------------------------------------------------------------------------------------
NOT_APPLICABLE: AttentionConfiguration(datatype='f16', g=8, seq_len_q=74, seq_len_k=233, num_heads_q=1, num_heads_kv=1, head_dim_qk=188, head_dim_v=117, with_attn_scale=False, with_attn_bias=False, trans_q=True, trans_k=True, trans_v=True, trans_o=True, causal=True, return_lse=True, split_kv=32, current_seqlen=None, arch='gfx1100', chip='gfx1100', num_cu=70, num_chiplets=1, perfconfig='attn:v1:64,256,128,2,1,16,16,1,3,8,1')
----------------------------------------------------------------------------------------------------
PASS: AttentionConfiguration(datatype='f16', g=2, seq_len_q=80, seq_len_k=521, num_heads_q=1, num_heads_kv=1, head_dim_qk=21, head_dim_v=100, with_attn_scale=True, with_attn_bias=True, trans_q=True, trans_k=False, trans_v=True, trans_o=True, causal=False, return_lse=True, split_kv=1, current_seqlen=None, arch='gfx1100', chip='gfx1100', num_cu=70, num_chiplets=1, perfconfig='attn:v1:64,32,16,1,1,16,16,1,2,4,8')
----------------------------------------------------------------------------------------------------
PASS: AttentionConfiguration(datatype='bf16', g=8, seq_len_q=1, seq_len_k=449, num_heads_q=32, num_heads_kv=2, head_dim_qk=219, head_dim_v=111, with_attn_scale=False, with_attn_bias=False, trans_q=False, trans_k=False, trans_v=True, trans_o=False, causal=False, return_lse=False, split_kv=1, current_seqlen=[143, 38, 258, 128, 261, 333, 152, 63], arch='gfx1100', chip='gfx1100', num_cu=70, num_chiplets=1, perfconfig='attn:v1:128,64,32,2,1,8,16,1,2,1,4')
----------------------------------------------------------------------------------------------------
PASS: AttentionConfiguration(datatype='f16', g=4, seq_len_q=1, seq_len_k=541, num_heads_q=128, num_heads_kv=64, head_dim_qk=194, head_dim_v=35, with_attn_scale=False, with_attn_bias=False, trans_q=True, trans_k=True, trans_v=True, trans_o=False, causal=False, return_lse=True, split_kv=32, current_seqlen=[202, 155, 73, 206], arch='gfx1100', chip='gfx1100', num_cu=70, num_chiplets=1, perfconfig='attn:v1:16,64,64,2,1,4,0,1,3,2,2')
----------------------------------------------------------------------------------------------------
PASS: AttentionConfiguration(datatype='bf16', g=1, seq_len_q=1, seq_len_k=2529, num_heads_q=128, num_heads_kv=8, head_dim_qk=133, head_dim_v=3, with_attn_scale=True, with_attn_bias=False, trans_q=False, trans_k=False, trans_v=False, trans_o=False, causal=False, return_lse=True, split_kv=16, current_seqlen=[4], arch='gfx1100', chip='gfx1100', num_cu=70, num_chiplets=1, perfconfig='attn:v1:256,16,16,2,1,2,0,1,1,1,1')
Lowering rejected config as not applicable
Command line = -operation attention -t i8 --arch gfx1100 --num_cu 70 --num_chiplets 1 -g 7 -seq_len_q 213 -seq_len_k 524 -num_heads_q 64 -num_heads_kv 8 -head_dim_qk 205 -head_dim_v 97 -with-attn-scale=True -with-attn-bias=True -transQ=True -transK=False -transV=True -transO=False -causal=False -return_lse=True -split_kv=4 --perf_config=attn:v1:256,256,64,2,1,4,16,1,1,8,2 -pv
Errors = loc("<stdin>":30:1): error: ttg.shared (131072) exceeds LDS limit (65536) for amdgcn-amd-amdhsa:gfx1100
Lowering not applicable.

----------------------------------------------------------------------------------------------------
NOT_APPLICABLE: AttentionConfiguration(datatype='i8', g=7, seq_len_q=213, seq_len_k=524, num_heads_q=64, num_heads_kv=8, head_dim_qk=205, head_dim_v=97, with_attn_scale=True, with_attn_bias=True, trans_q=True, trans_k=False, trans_v=True, trans_o=False, causal=False, return_lse=True, split_kv=4, current_seqlen=None, arch='gfx1100', chip='gfx1100', num_cu=70, num_chiplets=1, perfconfig='attn:v1:256,256,64,2,1,4,16,1,1,8,2')
----------------------------------------------------------------------------------------------------
PASS: AttentionConfiguration(datatype='i8', g=2, seq_len_q=1, seq_len_k=1184, num_heads_q=1, num_heads_kv=1, head_dim_qk=36, head_dim_v=177, with_attn_scale=True, with_attn_bias=True, trans_q=False, trans_k=False, trans_v=False, trans_o=True, causal=False, return_lse=True, split_kv=1, current_seqlen=[136, 465], arch='gfx1100', chip='gfx1100', num_cu=70, num_chiplets=1, perfconfig='attn:v1:32,32,128,1,1,1,32,1,3,8,2')
----------------------------------------------------------------------------------------------------
PASS: AttentionConfiguration(datatype='bf16', g=6, seq_len_q=1, seq_len_k=249, num_heads_q=128, num_heads_kv=2, head_dim_qk=99, head_dim_v=133, with_attn_scale=False, with_attn_bias=True, trans_q=True, trans_k=True, trans_v=False, trans_o=False, causal=False, return_lse=False, split_kv=1, current_seqlen=[72, 167, 177, 112, 11, 24], arch='gfx1100', chip='gfx1100', num_cu=70, num_chiplets=1, perfconfig='attn:v1:128,64,128,2,1,2,16,1,1,0,8')
Lowering rejected config as not applicable
Command line = -operation attention -t f32 --arch gfx1100 --num_cu 70 --num_chiplets 1 -g 2 -seq_len_q 1 -seq_len_k 1480 -num_heads_q 1 -num_heads_kv 1 -head_dim_qk 8 -head_dim_v 126 -with-attn-scale=False -with-attn-bias=False -transQ=False -transK=False -transV=True -transO=False -causal=False -return_lse=False -split_kv=1 --perf_config=attn:v1:128,256,64,1,1,8,16,1,1,8,4 --current_seq_len=783,216 -pv -relDiff_threshold 1e-4
Errors = loc("<stdin>":23:1): error: ttg.shared (131072) exceeds LDS limit (65536) for amdgcn-amd-amdhsa:gfx1100
Lowering not applicable.

FAIL: Runner returned incorrect result
Config = AttentionConfiguration(datatype='f32', g=4, seq_len_q=1, seq_len_k=310, num_heads_q=8, num_heads_kv=2, head_dim_qk=91, head_dim_v=76, with_attn_scale=True, with_attn_bias=False, trans_q=True, trans_k=True, trans_v=True, trans_o=False, causal=False, return_lse=False, split_kv=1, current_seqlen=[160, 13, 182, 85], arch='gfx1100', chip='gfx1100', num_cu=70, num_chiplets=1, perfconfig='attn:v1:32,16,32,2,1,4,0,1,2,4,0')
Command line = -operation attention -t f32 --arch gfx1100 --num_cu 70 --num_chiplets 1 -g 4 -seq_len_q 1 -seq_len_k 310 -num_heads_q 8 -num_heads_kv 2 -head_dim_qk 91 -head_dim_v 76 -with-attn-scale=True -with-attn-bias=False -transQ=True -transK=True -transV=True -transO=False -causal=False -return_lse=False -split_kv=1 --perf_config=attn:v1:32,16,32,2,1,4,0,1,2,4,0 --current_seq_len=160,13,182,85 -pv -relDiff_threshold 1e-4
Output = Number of elements: 2432
maxAbsDiff info: maxAbsDiff = 0.000002 (valNum = -0.99879, gpuNum = -0.99879), average absDiff = 2.8e-07
maxRelDiff info: maxRelDiff = 1.3e-04 (valNum = -0.0018841545, gpuNum = -0.0018843997), average relDiff = 1.9e-06
RMS = 4.5e-07
Histogram of relDiff: 
        relDiff = 0     : 304/2432 (12.500000%)
     0 < relDiff < 1e-06: 1696/2432 (69.736842%)
1e-06 < relDiff <= 1e-05: 407/2432 (16.735197%)
1e-05 < relDiff <= 1e-04: 0/2432 (0.000000%)
1e-04 < relDiff <= 1e-03: 25/2432 (1.027961%)
1e-03 < relDiff <= 1e-02: 0/2432 (0.000000%)
1e-02 < relDiff <= 1e-01: 0/2432 (0.000000%)
1e-01 < relDiff <= 1e+00: 0/2432 (0.000000%)
1e+00 < relDiff < inf   : 0/2432 (0.000000%)
        relDiff = inf   : 0/2432 (0.000000%)
[1 1 0]

FAIL: Runner returned incorrect result
Config = AttentionConfiguration(datatype='i8', g=3, seq_len_q=935, seq_len_k=152, num_heads_q=128, num_heads_kv=8, head_dim_qk=216, head_dim_v=172, with_attn_scale=True, with_attn_bias=False, trans_q=True, trans_k=False, trans_v=False, trans_o=False, causal=True, return_lse=False, split_kv=1, current_seqlen=None, arch='gfx1100', chip='gfx1100', num_cu=70, num_chiplets=1, perfconfig='attn:v1:64,128,128,1,1,16,16,1,2,1,4')
Command line = -operation attention -t i8 --arch gfx1100 --num_cu 70 --num_chiplets 1 -g 3 -seq_len_q 935 -seq_len_k 152 -num_heads_q 128 -num_heads_kv 8 -head_dim_qk 216 -head_dim_v 172 -with-attn-scale=True -with-attn-bias=False -transQ=True -transK=False -transV=False -transO=False -causal=True -return_lse=False -split_kv=1 --perf_config=attn:v1:64,128,128,1,1,16,16,1,2,1,4 -pv
Output = Number of elements: 61754880
maxAbsDiff info: maxAbsDiff = 0.160156 (valNum = -1.00000, gpuNum = -0.83984), average absDiff = 3.4e-02
maxRelDiff info: maxRelDiff = 1.6e-01 (valNum = 0.7500000000, gpuNum = 0.6298828125), average relDiff = 4.5e-02
RMS = 6.5e-02
Histogram of relDiff: 
        relDiff = 0     : 42116608/61754880 (68.199643%)
     0 < relDiff < 1e-06: 0/61754880 (0.000000%)
1e-06 < relDiff <= 1e-05: 0/61754880 (0.000000%)
1e-05 < relDiff <= 1e-04: 0/61754880 (0.000000%)
1e-04 < relDiff <= 1e-03: 1893376/61754880 (3.065954%)
1e-03 < relDiff <= 1e-02: 0/61754880 (0.000000%)
1e-02 < relDiff <= 1e-01: 264192/61754880 (0.427807%)
1e-01 < relDiff <= 1e+00: 17480704/61754880 (28.306595%)
1e+00 < relDiff < inf   : 0/61754880 (0.000000%)
        relDiff = inf   : 0/61754880 (0.000000%)
[0 1 1]

----------------------------------------------------------------------------------------------------
NOT_APPLICABLE: AttentionConfiguration(datatype='f32', g=2, seq_len_q=1, seq_len_k=1480, num_heads_q=1, num_heads_kv=1, head_dim_qk=8, head_dim_v=126, with_attn_scale=False, with_attn_bias=False, trans_q=False, trans_k=False, trans_v=True, trans_o=False, causal=False, return_lse=False, split_kv=1, current_seqlen=[783, 216], arch='gfx1100', chip='gfx1100', num_cu=70, num_chiplets=1, perfconfig='attn:v1:128,256,64,1,1,8,16,1,1,8,4')
----------------------------------------------------------------------------------------------------
PASS: AttentionConfiguration(datatype='f16', g=2, seq_len_q=1, seq_len_k=943, num_heads_q=128, num_heads_kv=32, head_dim_qk=192, head_dim_v=7, with_attn_scale=False, with_attn_bias=False, trans_q=True, trans_k=True, trans_v=False, trans_o=True, causal=False, return_lse=False, split_kv=1, current_seqlen=[159, 639], arch='gfx1100', chip='gfx1100', num_cu=70, num_chiplets=1, perfconfig='attn:v1:16,256,64,2,1,8,16,1,1,2,0')
----------------------------------------------------------------------------------------------------
PASS: AttentionConfiguration(datatype='f16', g=7, seq_len_q=1, seq_len_k=261, num_heads_q=1, num_heads_kv=1, head_dim_qk=255, head_dim_v=188, with_attn_scale=False, with_attn_bias=True, trans_q=False, trans_k=True, trans_v=True, trans_o=False, causal=False, return_lse=False, split_kv=1, current_seqlen=[34, 206, 49, 209, 192, 104, 84], arch='gfx1100', chip='gfx1100', num_cu=70, num_chiplets=1, perfconfig='attn:v1:16,32,64,2,1,4,32,1,3,0,4')
----------------------------------------------------------------------------------------------------
PASS: AttentionConfiguration(datatype='bf16', g=5, seq_len_q=1, seq_len_k=412, num_heads_q=64, num_heads_kv=4, head_dim_qk=37, head_dim_v=92, with_attn_scale=True, with_attn_bias=True, trans_q=True, trans_k=True, trans_v=True, trans_o=True, causal=False, return_lse=False, split_kv=1, current_seqlen=[198, 264, 225, 23, 184], arch='gfx1100', chip='gfx1100', num_cu=70, num_chiplets=1, perfconfig='attn:v1:32,64,32,1,1,2,0,1,1,1,8')
----------------------------------------------------------------------------------------------------
FAIL: AttentionConfiguration(datatype='f32', g=4, seq_len_q=1, seq_len_k=310, num_heads_q=8, num_heads_kv=2, head_dim_qk=91, head_dim_v=76, with_attn_scale=True, with_attn_bias=False, trans_q=True, trans_k=True, trans_v=True, trans_o=False, causal=False, return_lse=False, split_kv=1, current_seqlen=[160, 13, 182, 85], arch='gfx1100', chip='gfx1100', num_cu=70, num_chiplets=1, perfconfig='attn:v1:32,16,32,2,1,4,0,1,2,4,0')
----------------------------------------------------------------------------------------------------
PASS: AttentionConfiguration(datatype='i8', g=3, seq_len_q=1, seq_len_k=1108, num_heads_q=8, num_heads_kv=2, head_dim_qk=254, head_dim_v=60, with_attn_scale=True, with_attn_bias=True, trans_q=True, trans_k=True, trans_v=False, trans_o=True, causal=False, return_lse=True, split_kv=1, current_seqlen=[491, 453, 595], arch='gfx1100', chip='gfx1100', num_cu=70, num_chiplets=1, perfconfig='attn:v1:128,16,128,2,1,1,32,1,1,0,2')
----------------------------------------------------------------------------------------------------
PASS: AttentionConfiguration(datatype='bf16', g=6, seq_len_q=1, seq_len_k=359, num_heads_q=8, num_heads_kv=4, head_dim_qk=107, head_dim_v=69, with_attn_scale=True, with_attn_bias=False, trans_q=False, trans_k=False, trans_v=False, trans_o=False, causal=False, return_lse=True, split_kv=2, current_seqlen=[44, 174, 241, 231, 333, 87], arch='gfx1100', chip='gfx1100', num_cu=70, num_chiplets=1, perfconfig='attn:v1:64,64,128,2,1,8,32,1,2,2,8')
----------------------------------------------------------------------------------------------------
FAIL: AttentionConfiguration(datatype='i8', g=3, seq_len_q=935, seq_len_k=152, num_heads_q=128, num_heads_kv=8, head_dim_qk=216, head_dim_v=172, with_attn_scale=True, with_attn_bias=False, trans_q=True, trans_k=False, trans_v=False, trans_o=False, causal=True, return_lse=False, split_kv=1, current_seqlen=None, arch='gfx1100', chip='gfx1100', num_cu=70, num_chiplets=1, perfconfig='attn:v1:64,128,128,1,1,16,16,1,2,1,4')
Lowering rejected config as not applicable
Command line = -operation attention -t bf16 --arch gfx1100 --num_cu 70 --num_chiplets 1 -g 1 -seq_len_q 1 -seq_len_k 3197 -num_heads_q 4 -num_heads_kv 2 -head_dim_qk 13 -head_dim_v 180 -with-attn-scale=True -with-attn-bias=True -transQ=False -transK=False -transV=False -transO=True -causal=False -return_lse=False -split_kv=1 --perf_config=attn:v1:64,128,128,1,1,8,0,1,2,0,2 --current_seq_len=601 -pv -RMS_threshold 1e-2
Errors = loc("<stdin>":27:1): error: ttg.shared (131072) exceeds LDS limit (65536) for amdgcn-amd-amdhsa:gfx1100
Lowering not applicable.

----------------------------------------------------------------------------------------------------
NOT_APPLICABLE: AttentionConfiguration(datatype='bf16', g=1, seq_len_q=1, seq_len_k=3197, num_heads_q=4, num_heads_kv=2, head_dim_qk=13, head_dim_v=180, with_attn_scale=True, with_attn_bias=True, trans_q=False, trans_k=False, trans_v=False, trans_o=True, causal=False, return_lse=False, split_kv=1, current_seqlen=[601], arch='gfx1100', chip='gfx1100', num_cu=70, num_chiplets=1, perfconfig='attn:v1:64,128,128,1,1,8,0,1,2,0,2')
----------------------------------------------------------------------------------------------------
PASS: AttentionConfiguration(datatype='f16', g=2, seq_len_q=2, seq_len_k=1485, num_heads_q=1, num_heads_kv=1, head_dim_qk=144, head_dim_v=68, with_attn_scale=True, with_attn_bias=False, trans_q=True, trans_k=False, trans_v=True, trans_o=False, causal=False, return_lse=False, split_kv=1, current_seqlen=None, arch='gfx1100', chip='gfx1100', num_cu=70, num_chiplets=1, perfconfig='attn:v1:64,64,32,2,1,8,0,1,2,1,1')
----------------------------------------------------------------------------------------------------
PASS: AttentionConfiguration(datatype='f32', g=2, seq_len_q=1, seq_len_k=1096, num_heads_q=128, num_heads_kv=16, head_dim_qk=196, head_dim_v=43, with_attn_scale=True, with_attn_bias=True, trans_q=False, trans_k=True, trans_v=True, trans_o=True, causal=False, return_lse=False, split_kv=1, current_seqlen=[158, 740], arch='gfx1100', chip='gfx1100', num_cu=70, num_chiplets=1, perfconfig='attn:v1:32,32,64,2,1,4,32,1,3,0,0')
----------------------------------------------------------------------------------------------------
PASS: AttentionConfiguration(datatype='bf16', g=5, seq_len_q=1, seq_len_k=84, num_heads_q=128, num_heads_kv=32, head_dim_qk=90, head_dim_v=114, with_attn_scale=False, with_attn_bias=False, trans_q=False, trans_k=True, trans_v=True, trans_o=False, causal=False, return_lse=True, split_kv=1, current_seqlen=[65, 53, 61, 27, 7], arch='gfx1100', chip='gfx1100', num_cu=70, num_chiplets=1, perfconfig='attn:v1:16,64,16,2,1,2,32,1,2,1,2')
----------------------------------------------------------------------------------------------------
PASS: AttentionConfiguration(datatype='bf16', g=7, seq_len_q=258, seq_len_k=365, num_heads_q=1, num_heads_kv=1, head_dim_qk=177, head_dim_v=149, with_attn_scale=False, with_attn_bias=True, trans_q=False, trans_k=False, trans_v=False, trans_o=False, causal=True, return_lse=True, split_kv=1, current_seqlen=None, arch='gfx1100', chip='gfx1100', num_cu=70, num_chiplets=1, perfconfig='attn:v1:128,32,32,2,1,8,16,1,1,4,2')
----------------------------------------------------------------------------------------------------
PASS: AttentionConfiguration(datatype='f32', g=2, seq_len_q=116, seq_len_k=1809, num_heads_q=64, num_heads_kv=32, head_dim_qk=139, head_dim_v=130, with_attn_scale=True, with_attn_bias=True, trans_q=True, trans_k=False, trans_v=True, trans_o=True, causal=True, return_lse=False, split_kv=1, current_seqlen=None, arch='gfx1100', chip='gfx1100', num_cu=70, num_chiplets=1, perfconfig='attn:v1:16,32,128,2,1,8,0,1,3,4,1')
FAIL: Runner returned incorrect result
Config = AttentionConfiguration(datatype='f16', g=8, seq_len_q=394, seq_len_k=182, num_heads_q=1, num_heads_kv=1, head_dim_qk=136, head_dim_v=9, with_attn_scale=True, with_attn_bias=True, trans_q=True, trans_k=True, trans_v=True, trans_o=True, causal=False, return_lse=False, split_kv=1, current_seqlen=None, arch='gfx1100', chip='gfx1100', num_cu=70, num_chiplets=1, perfconfig='attn:v1:128,64,64,2,1,1,0,1,3,0,8')
Command line = -operation attention -t f16 --arch gfx1100 --num_cu 70 --num_chiplets 1 -g 8 -seq_len_q 394 -seq_len_k 182 -num_heads_q 1 -num_heads_kv 1 -head_dim_qk 136 -head_dim_v 9 -with-attn-scale=True -with-attn-bias=True -transQ=True -transK=True -transV=True -transO=True -causal=False -return_lse=False -split_kv=1 --perf_config=attn:v1:128,64,64,2,1,1,0,1,3,0,8 -pv
Output = Number of elements: 28368
maxAbsDiff info: maxAbsDiff = 0.299805 (valNum = -0.99951, gpuNum = -0.69971), average absDiff = 8.3e-02
maxRelDiff info: maxRelDiff = 3.0e-01 (valNum = -0.9995117188, gpuNum = -0.6997070312), average relDiff = 1.1e-01
RMS = 1.4e-01
Histogram of relDiff: 
        relDiff = 0     : 12996/28368 (45.812183%)
     0 < relDiff < 1e-06: 0/28368 (0.000000%)
1e-06 < relDiff <= 1e-05: 0/28368 (0.000000%)
1e-05 < relDiff <= 1e-04: 0/28368 (0.000000%)
1e-04 < relDiff <= 1e-03: 4734/28368 (16.687817%)
1e-03 < relDiff <= 1e-02: 0/28368 (0.000000%)
1e-02 < relDiff <= 1e-01: 0/28368 (0.000000%)
1e-01 < relDiff <= 1e+00: 10638/28368 (37.500000%)
1e+00 < relDiff < inf   : 0/28368 (0.000000%)
        relDiff = inf   : 0/28368 (0.000000%)
[0 1 1]

----------------------------------------------------------------------------------------------------
PASS: AttentionConfiguration(datatype='bf16', g=3, seq_len_q=1, seq_len_k=1250, num_heads_q=1, num_heads_kv=1, head_dim_qk=104, head_dim_v=77, with_attn_scale=False, with_attn_bias=True, trans_q=True, trans_k=False, trans_v=False, trans_o=False, causal=False, return_lse=True, split_kv=4, current_seqlen=[267, 205, 1133], arch='gfx1100', chip='gfx1100', num_cu=70, num_chiplets=1, perfconfig='attn:v1:256,32,16,2,1,2,32,1,2,8,0')
----------------------------------------------------------------------------------------------------
PASS: AttentionConfiguration(datatype='f32', g=5, seq_len_q=11, seq_len_k=183, num_heads_q=1, num_heads_kv=1, head_dim_qk=113, head_dim_v=145, with_attn_scale=True, with_attn_bias=True, trans_q=True, trans_k=True, trans_v=False, trans_o=False, causal=True, return_lse=True, split_kv=8, current_seqlen=None, arch='gfx1100', chip='gfx1100', num_cu=70, num_chiplets=1, perfconfig='attn:v1:128,32,64,1,1,4,0,1,2,8,8')
Lowering rejected config as not applicable
Command line = -operation attention -t f16 --arch gfx1100 --num_cu 70 --num_chiplets 1 -g 3 -seq_len_q 1 -seq_len_k 296 -num_heads_q 4 -num_heads_kv 2 -head_dim_qk 129 -head_dim_v 92 -with-attn-scale=True -with-attn-bias=True -transQ=True -transK=True -transV=True -transO=False -causal=False -return_lse=False -split_kv=1 --perf_config=attn:v1:64,128,128,2,1,8,32,1,3,2,0 --current_seq_len=155,170,25 -pv
Errors = loc("<stdin>":28:1): error: ttg.shared (98304) exceeds LDS limit (65536) for amdgcn-amd-amdhsa:gfx1100
Lowering not applicable.

----------------------------------------------------------------------------------------------------
NOT_APPLICABLE: AttentionConfiguration(datatype='f16', g=3, seq_len_q=1, seq_len_k=296, num_heads_q=4, num_heads_kv=2, head_dim_qk=129, head_dim_v=92, with_attn_scale=True, with_attn_bias=True, trans_q=True, trans_k=True, trans_v=True, trans_o=False, causal=False, return_lse=False, split_kv=1, current_seqlen=[155, 170, 25], arch='gfx1100', chip='gfx1100', num_cu=70, num_chiplets=1, perfconfig='attn:v1:64,128,128,2,1,8,32,1,3,2,0')
----------------------------------------------------------------------------------------------------
PASS: AttentionConfiguration(datatype='bf16', g=1, seq_len_q=1, seq_len_k=2251, num_heads_q=1, num_heads_kv=1, head_dim_qk=208, head_dim_v=113, with_attn_scale=False, with_attn_bias=True, trans_q=True, trans_k=True, trans_v=False, trans_o=False, causal=False, return_lse=False, split_kv=1, current_seqlen=[2219], arch='gfx1100', chip='gfx1100', num_cu=70, num_chiplets=1, perfconfig='attn:v1:64,64,16,2,1,4,32,1,2,0,8')
----------------------------------------------------------------------------------------------------
PASS: AttentionConfiguration(datatype='f16', g=8, seq_len_q=223, seq_len_k=402, num_heads_q=1, num_heads_kv=1, head_dim_qk=29, head_dim_v=143, with_attn_scale=True, with_attn_bias=False, trans_q=False, trans_k=True, trans_v=False, trans_o=True, causal=False, return_lse=False, split_kv=1, current_seqlen=None, arch='gfx1100', chip='gfx1100', num_cu=70, num_chiplets=1, perfconfig='attn:v1:16,32,16,1,1,16,0,1,2,1,4')
Lowering rejected config as not applicable
Command line = -operation attention -t f32 --arch gfx1100 --num_cu 70 --num_chiplets 1 -g 3 -seq_len_q 213 -seq_len_k 952 -num_heads_q 1 -num_heads_kv 1 -head_dim_qk 179 -head_dim_v 26 -with-attn-scale=True -with-attn-bias=True -transQ=False -transK=True -transV=False -transO=False -causal=False -return_lse=True -split_kv=2 --perf_config=attn:v1:256,64,32,2,1,1,32,1,3,8,1 -pv -relDiff_threshold 1e-4
Errors = loc("<stdin>":24:1): error: ttg.shared (81920) exceeds LDS limit (65536) for amdgcn-amd-amdhsa:gfx1100
Lowering not applicable.

----------------------------------------------------------------------------------------------------
NOT_APPLICABLE: AttentionConfiguration(datatype='f32', g=3, seq_len_q=213, seq_len_k=952, num_heads_q=1, num_heads_kv=1, head_dim_qk=179, head_dim_v=26, with_attn_scale=True, with_attn_bias=True, trans_q=False, trans_k=True, trans_v=False, trans_o=False, causal=False, return_lse=True, split_kv=2, current_seqlen=None, arch='gfx1100', chip='gfx1100', num_cu=70, num_chiplets=1, perfconfig='attn:v1:256,64,32,2,1,1,32,1,3,8,1')
----------------------------------------------------------------------------------------------------
PASS: AttentionConfiguration(datatype='i8', g=3, seq_len_q=1, seq_len_k=347, num_heads_q=1, num_heads_kv=1, head_dim_qk=190, head_dim_v=126, with_attn_scale=True, with_attn_bias=False, trans_q=True, trans_k=False, trans_v=False, trans_o=False, causal=False, return_lse=False, split_kv=1, current_seqlen=[132, 24, 265], arch='gfx1100', chip='gfx1100', num_cu=70, num_chiplets=1, perfconfig='attn:v1:128,64,128,2,1,8,0,1,2,4,4')
----------------------------------------------------------------------------------------------------
PASS: AttentionConfiguration(datatype='i8', g=4, seq_len_q=133, seq_len_k=819, num_heads_q=1, num_heads_kv=1, head_dim_qk=146, head_dim_v=113, with_attn_scale=True, with_attn_bias=False, trans_q=True, trans_k=False, trans_v=False, trans_o=False, causal=True, return_lse=False, split_kv=1, current_seqlen=None, arch='gfx1100', chip='gfx1100', num_cu=70, num_chiplets=1, perfconfig='attn:v1:64,64,128,2,1,4,16,1,3,4,2')
----------------------------------------------------------------------------------------------------
PASS: AttentionConfiguration(datatype='bf16', g=7, seq_len_q=404, seq_len_k=445, num_heads_q=1, num_heads_kv=1, head_dim_qk=174, head_dim_v=176, with_attn_scale=False, with_attn_bias=False, trans_q=True, trans_k=True, trans_v=True, trans_o=False, causal=False, return_lse=True, split_kv=2, current_seqlen=None, arch='gfx1100', chip='gfx1100', num_cu=70, num_chiplets=1, perfconfig='attn:v1:16,64,64,2,1,1,0,1,1,2,8')
----------------------------------------------------------------------------------------------------
FAIL: AttentionConfiguration(datatype='f16', g=8, seq_len_q=394, seq_len_k=182, num_heads_q=1, num_heads_kv=1, head_dim_qk=136, head_dim_v=9, with_attn_scale=True, with_attn_bias=True, trans_q=True, trans_k=True, trans_v=True, trans_o=True, causal=False, return_lse=False, split_kv=1, current_seqlen=None, arch='gfx1100', chip='gfx1100', num_cu=70, num_chiplets=1, perfconfig='attn:v1:128,64,64,2,1,1,0,1,3,0,8')
Lowering rejected config as not applicable
Command line = -operation attention -t bf16 --arch gfx1100 --num_cu 70 --num_chiplets 1 -g 3 -seq_len_q 324 -seq_len_k 779 -num_heads_q 1 -num_heads_kv 1 -head_dim_qk 40 -head_dim_v 32 -with-attn-scale=True -with-attn-bias=False -transQ=False -transK=False -transV=True -transO=False -causal=False -return_lse=True -split_kv=2 --perf_config=attn:v1:32,128,128,2,1,2,32,1,3,1,4 -pv -RMS_threshold 1e-2
Errors = loc("<stdin>":24:1): error: ttg.shared (98304) exceeds LDS limit (65536) for amdgcn-amd-amdhsa:gfx1100
Lowering not applicable.

----------------------------------------------------------------------------------------------------
NOT_APPLICABLE: AttentionConfiguration(datatype='bf16', g=3, seq_len_q=324, seq_len_k=779, num_heads_q=1, num_heads_kv=1, head_dim_qk=40, head_dim_v=32, with_attn_scale=True, with_attn_bias=False, trans_q=False, trans_k=False, trans_v=True, trans_o=False, causal=False, return_lse=True, split_kv=2, current_seqlen=None, arch='gfx1100', chip='gfx1100', num_cu=70, num_chiplets=1, perfconfig='attn:v1:32,128,128,2,1,2,32,1,3,1,4')
----------------------------------------------------------------------------------------------------
PASS: AttentionConfiguration(datatype='f16', g=3, seq_len_q=1, seq_len_k=346, num_heads_q=128, num_heads_kv=4, head_dim_qk=168, head_dim_v=16, with_attn_scale=True, with_attn_bias=True, trans_q=True, trans_k=False, trans_v=False, trans_o=False, causal=False, return_lse=True, split_kv=2, current_seqlen=[64, 252, 306], arch='gfx1100', chip='gfx1100', num_cu=70, num_chiplets=1, perfconfig='attn:v1:256,16,32,2,1,2,32,1,2,4,4')
FAIL: Runner returned incorrect result
Config = AttentionConfiguration(datatype='f16', g=6, seq_len_q=149, seq_len_k=125, num_heads_q=1, num_heads_kv=1, head_dim_qk=187, head_dim_v=212, with_attn_scale=True, with_attn_bias=True, trans_q=True, trans_k=False, trans_v=True, trans_o=False, causal=False, return_lse=False, split_kv=1, current_seqlen=None, arch='gfx1100', chip='gfx1100', num_cu=70, num_chiplets=1, perfconfig='attn:v1:16,32,32,2,1,16,32,1,2,2,2')
Command line = -operation attention -t f16 --arch gfx1100 --num_cu 70 --num_chiplets 1 -g 6 -seq_len_q 149 -seq_len_k 125 -num_heads_q 1 -num_heads_kv 1 -head_dim_qk 187 -head_dim_v 212 -with-attn-scale=True -with-attn-bias=True -transQ=True -transK=False -transV=True -transO=False -causal=False -return_lse=False -split_kv=1 --perf_config=attn:v1:16,32,32,2,1,16,32,1,2,2,2 -pv
Output = Number of elements: 189528
maxAbsDiff info: maxAbsDiff = 0.238281 (valNum = -1.00000, gpuNum = -0.76172), average absDiff = 5.8e-02
maxRelDiff info: maxRelDiff = 2.4e-01 (valNum = -1.0000000000, gpuNum = -0.7617187500), average relDiff = 7.7e-02
RMS = 1.0e-01
Histogram of relDiff: 
        relDiff = 0     : 98378/189528 (51.906842%)
     0 < relDiff < 1e-06: 0/189528 (0.000000%)
1e-06 < relDiff <= 1e-05: 0/189528 (0.000000%)
1e-05 < relDiff <= 1e-04: 0/189528 (0.000000%)
1e-04 < relDiff <= 1e-03: 27974/189528 (14.759824%)
1e-03 < relDiff <= 1e-02: 0/189528 (0.000000%)
1e-02 < relDiff <= 1e-01: 0/189528 (0.000000%)
1e-01 < relDiff <= 1e+00: 63176/189528 (33.333333%)
1e+00 < relDiff < inf   : 0/189528 (0.000000%)
        relDiff = inf   : 0/189528 (0.000000%)
[0 1 1]

----------------------------------------------------------------------------------------------------
PASS: AttentionConfiguration(datatype='f16', g=7, seq_len_q=1, seq_len_k=230, num_heads_q=32, num_heads_kv=4, head_dim_qk=214, head_dim_v=97, with_attn_scale=True, with_attn_bias=False, trans_q=True, trans_k=False, trans_v=False, trans_o=True, causal=False, return_lse=True, split_kv=4, current_seqlen=[91, 185, 77, 104, 199, 98, 113], arch='gfx1100', chip='gfx1100', num_cu=70, num_chiplets=1, perfconfig='attn:v1:256,64,64,1,1,16,32,1,2,8,4')
----------------------------------------------------------------------------------------------------
PASS: AttentionConfiguration(datatype='f16', g=8, seq_len_q=1, seq_len_k=233, num_heads_q=1, num_heads_kv=1, head_dim_qk=39, head_dim_v=48, with_attn_scale=False, with_attn_bias=False, trans_q=False, trans_k=False, trans_v=True, trans_o=True, causal=False, return_lse=True, split_kv=2, current_seqlen=[132, 204, 68, 32, 190, 191, 30, 133], arch='gfx1100', chip='gfx1100', num_cu=70, num_chiplets=1, perfconfig='attn:v1:64,128,64,2,1,2,16,1,3,2,2')
----------------------------------------------------------------------------------------------------
PASS: AttentionConfiguration(datatype='f16', g=5, seq_len_q=1, seq_len_k=794, num_heads_q=64, num_heads_kv=32, head_dim_qk=103, head_dim_v=101, with_attn_scale=True, with_attn_bias=False, trans_q=True, trans_k=True, trans_v=True, trans_o=True, causal=False, return_lse=False, split_kv=1, current_seqlen=[409, 555, 555, 415, 6], arch='gfx1100', chip='gfx1100', num_cu=70, num_chiplets=1, perfconfig='attn:v1:16,128,32,1,1,1,0,1,2,2,2')
Lowering rejected config as not applicable
Command line = -operation attention -t bf16 --arch gfx1100 --num_cu 70 --num_chiplets 1 -g 2 -seq_len_q 1 -seq_len_k 2020 -num_heads_q 32 -num_heads_kv 2 -head_dim_qk 1 -head_dim_v 186 -with-attn-scale=False -with-attn-bias=True -transQ=True -transK=False -transV=False -transO=False -causal=False -return_lse=False -split_kv=1 --perf_config=attn:v1:256,64,16,2,1,2,32,1,3,2,1 --current_seq_len=1364,2013 -pv -RMS_threshold 1e-2
Errors = loc("<stdin>":27:1): error: ttg.shared (86016) exceeds LDS limit (65536) for amdgcn-amd-amdhsa:gfx1100
Lowering not applicable.

----------------------------------------------------------------------------------------------------
NOT_APPLICABLE: AttentionConfiguration(datatype='bf16', g=2, seq_len_q=1, seq_len_k=2020, num_heads_q=32, num_heads_kv=2, head_dim_qk=1, head_dim_v=186, with_attn_scale=False, with_attn_bias=True, trans_q=True, trans_k=False, trans_v=False, trans_o=False, causal=False, return_lse=False, split_kv=1, current_seqlen=[1364, 2013], arch='gfx1100', chip='gfx1100', num_cu=70, num_chiplets=1, perfconfig='attn:v1:256,64,16,2,1,2,32,1,3,2,1')
----------------------------------------------------------------------------------------------------
PASS: AttentionConfiguration(datatype='i8', g=4, seq_len_q=709, seq_len_k=89, num_heads_q=4, num_heads_kv=2, head_dim_qk=145, head_dim_v=189, with_attn_scale=False, with_attn_bias=False, trans_q=True, trans_k=False, trans_v=True, trans_o=True, causal=False, return_lse=False, split_kv=1, current_seqlen=None, arch='gfx1100', chip='gfx1100', num_cu=70, num_chiplets=1, perfconfig='attn:v1:256,64,32,1,1,8,0,1,3,4,1')
----------------------------------------------------------------------------------------------------
PASS: AttentionConfiguration(datatype='i8', g=4, seq_len_q=134, seq_len_k=833, num_heads_q=128, num_heads_kv=32, head_dim_qk=186, head_dim_v=231, with_attn_scale=False, with_attn_bias=True, trans_q=False, trans_k=False, trans_v=False, trans_o=True, causal=True, return_lse=True, split_kv=32, current_seqlen=None, arch='gfx1100', chip='gfx1100', num_cu=70, num_chiplets=1, perfconfig='attn:v1:32,256,32,1,1,1,0,1,2,1,2')
Lowering rejected config as not applicable
Command line = -operation attention -t f16 --arch gfx1100 --num_cu 70 --num_chiplets 1 -g 3 -seq_len_q 1 -seq_len_k 1035 -num_heads_q 8 -num_heads_kv 4 -head_dim_qk 90 -head_dim_v 134 -with-attn-scale=False -with-attn-bias=True -transQ=False -transK=False -transV=True -transO=True -causal=False -return_lse=True -split_kv=1 --perf_config=attn:v1:256,64,64,1,1,16,0,1,3,2,0 --current_seq_len=192,928,159 -pv
Errors = loc("<stdin>":30:1): error: ttg.shared (81920) exceeds LDS limit (65536) for amdgcn-amd-amdhsa:gfx1100
Lowering not applicable.

----------------------------------------------------------------------------------------------------
NOT_APPLICABLE: AttentionConfiguration(datatype='f16', g=3, seq_len_q=1, seq_len_k=1035, num_heads_q=8, num_heads_kv=4, head_dim_qk=90, head_dim_v=134, with_attn_scale=False, with_attn_bias=True, trans_q=False, trans_k=False, trans_v=True, trans_o=True, causal=False, return_lse=True, split_kv=1, current_seqlen=[192, 928, 159], arch='gfx1100', chip='gfx1100', num_cu=70, num_chiplets=1, perfconfig='attn:v1:256,64,64,1,1,16,0,1,3,2,0')
----------------------------------------------------------------------------------------------------
PASS: AttentionConfiguration(datatype='i8', g=8, seq_len_q=1, seq_len_k=109, num_heads_q=1, num_heads_kv=1, head_dim_qk=143, head_dim_v=35, with_attn_scale=True, with_attn_bias=True, trans_q=False, trans_k=True, trans_v=False, trans_o=False, causal=False, return_lse=False, split_kv=1, current_seqlen=[83, 29, 108, 28, 22, 56, 61, 97], arch='gfx1100', chip='gfx1100', num_cu=70, num_chiplets=1, perfconfig='attn:v1:32,16,16,1,1,1,16,1,1,0,4')
----------------------------------------------------------------------------------------------------
FAIL: AttentionConfiguration(datatype='f16', g=6, seq_len_q=149, seq_len_k=125, num_heads_q=1, num_heads_kv=1, head_dim_qk=187, head_dim_v=212, with_attn_scale=True, with_attn_bias=True, trans_q=True, trans_k=False, trans_v=True, trans_o=False, causal=False, return_lse=False, split_kv=1, current_seqlen=None, arch='gfx1100', chip='gfx1100', num_cu=70, num_chiplets=1, perfconfig='attn:v1:16,32,32,2,1,16,32,1,2,2,2')
----------------------------------------------------------------------------------------------------
PASS: AttentionConfiguration(datatype='i8', g=5, seq_len_q=16, seq_len_k=793, num_heads_q=1, num_heads_kv=1, head_dim_qk=154, head_dim_v=45, with_attn_scale=True, with_attn_bias=True, trans_q=False, trans_k=True, trans_v=True, trans_o=True, causal=True, return_lse=True, split_kv=2, current_seqlen=None, arch='gfx1100', chip='gfx1100', num_cu=70, num_chiplets=1, perfconfig='attn:v1:16,16,128,1,1,4,32,1,2,1,2')
Lowering rejected config as not applicable
Command line = -operation attention -t f16 --arch gfx1100 --num_cu 70 --num_chiplets 1 -g 1 -seq_len_q 1 -seq_len_k 2125 -num_heads_q 32 -num_heads_kv 2 -head_dim_qk 140 -head_dim_v 140 -with-attn-scale=True -with-attn-bias=True -transQ=False -transK=False -transV=False -transO=False -causal=False -return_lse=True -split_kv=4 --perf_config=attn:v1:64,256,64,1,1,2,32,1,3,0,0 --current_seq_len=822 -pv
Errors = loc("<stdin>":32:1): error: ttg.shared (131072) exceeds LDS limit (65536) for amdgcn-amd-amdhsa:gfx1100
Lowering not applicable.

----------------------------------------------------------------------------------------------------
NOT_APPLICABLE: AttentionConfiguration(datatype='f16', g=1, seq_len_q=1, seq_len_k=2125, num_heads_q=32, num_heads_kv=2, head_dim_qk=140, head_dim_v=140, with_attn_scale=True, with_attn_bias=True, trans_q=False, trans_k=False, trans_v=False, trans_o=False, causal=False, return_lse=True, split_kv=4, current_seqlen=[822], arch='gfx1100', chip='gfx1100', num_cu=70, num_chiplets=1, perfconfig='attn:v1:64,256,64,1,1,2,32,1,3,0,0')
----------------------------------------------------------------------------------------------------
PASS: AttentionConfiguration(datatype='f16', g=1, seq_len_q=63, seq_len_k=3052, num_heads_q=32, num_heads_kv=8, head_dim_qk=118, head_dim_v=239, with_attn_scale=False, with_attn_bias=False, trans_q=True, trans_k=False, trans_v=True, trans_o=True, causal=False, return_lse=True, split_kv=16, current_seqlen=None, arch='gfx1100', chip='gfx1100', num_cu=70, num_chiplets=1, perfconfig='attn:v1:64,16,32,2,1,16,32,1,1,1,1')
FAIL: Runner returned incorrect result
Config = AttentionConfiguration(datatype='f32', g=7, seq_len_q=397, seq_len_k=410, num_heads_q=1, num_heads_kv=1, head_dim_qk=129, head_dim_v=146, with_attn_scale=False, with_attn_bias=False, trans_q=True, trans_k=True, trans_v=False, trans_o=False, causal=True, return_lse=False, split_kv=1, current_seqlen=None, arch='gfx1100', chip='gfx1100', num_cu=70, num_chiplets=1, perfconfig='attn:v1:128,16,128,2,1,8,32,1,1,1,4')
Command line = -operation attention -t f32 --arch gfx1100 --num_cu 70 --num_chiplets 1 -g 7 -seq_len_q 397 -seq_len_k 410 -num_heads_q 1 -num_heads_kv 1 -head_dim_qk 129 -head_dim_v 146 -with-attn-scale=False -with-attn-bias=False -transQ=True -transK=True -transV=False -transO=False -causal=True -return_lse=False -split_kv=1 --perf_config=attn:v1:128,16,128,2,1,8,32,1,1,1,4 -pv -relDiff_threshold 1e-4
Output = Number of elements: 405734
maxAbsDiff info: maxAbsDiff = 0.000000 (valNum = 0.08445, gpuNum = 0.08445), average absDiff = 4.6e-08
maxRelDiff info: maxRelDiff = 1.0e+00 (valNum = 0.0000000149, gpuNum = 0.0000000000), average relDiff = 1.5e-03
RMS = 6.3e-08
Histogram of relDiff: 
        relDiff = 0     : 64043/405734 (15.784479%)
     0 < relDiff < 1e-06: 275941/405734 (68.010322%)
1e-06 < relDiff <= 1e-05: 65069/405734 (16.037355%)
1e-05 < relDiff <= 1e-04: 0/405734 (0.000000%)
1e-04 < relDiff <= 1e-03: 0/405734 (0.000000%)
1e-03 < relDiff <= 1e-02: 0/405734 (0.000000%)
1e-02 < relDiff <= 1e-01: 0/405734 (0.000000%)
1e-01 < relDiff <= 1e+00: 681/405734 (0.167844%)
1e+00 < relDiff < inf   : 0/405734 (0.000000%)
        relDiff = inf   : 0/405734 (0.000000%)
[1 1 0]

FAIL: Timeout in rocmlir-driver stage (120s)
Config = AttentionConfiguration(datatype='i8', g=8, seq_len_q=1, seq_len_k=154, num_heads_q=128, num_heads_kv=64, head_dim_qk=248, head_dim_v=114, with_attn_scale=False, with_attn_bias=True, trans_q=False, trans_k=False, trans_v=False, trans_o=False, causal=False, return_lse=False, split_kv=1, current_seqlen=[38, 30, 138, 86, 58, 124, 115, 136], arch='gfx1100', chip='gfx1100', num_cu=70, num_chiplets=1, perfconfig='attn:v1:256,256,128,1,1,1,32,1,1,8,4')
Command line = -operation attention -t i8 --arch gfx1100 --num_cu 70 --num_chiplets 1 -g 8 -seq_len_q 1 -seq_len_k 154 -num_heads_q 128 -num_heads_kv 64 -head_dim_qk 248 -head_dim_v 114 -with-attn-scale=False -with-attn-bias=True -transQ=False -transK=False -transV=False -transO=False -causal=False -return_lse=False -split_kv=1 --perf_config=attn:v1:256,256,128,1,1,1,32,1,1,8,4 --current_seq_len=38,30,138,86,58,124,115,136 -pv
----------------------------------------------------------------------------------------------------
PASS: AttentionConfiguration(datatype='f32', g=5, seq_len_q=1, seq_len_k=158, num_heads_q=1, num_heads_kv=1, head_dim_qk=92, head_dim_v=94, with_attn_scale=True, with_attn_bias=True, trans_q=True, trans_k=True, trans_v=True, trans_o=False, causal=False, return_lse=False, split_kv=1, current_seqlen=[100, 49, 46, 64, 52], arch='gfx1100', chip='gfx1100', num_cu=70, num_chiplets=1, perfconfig='attn:v1:64,64,16,1,1,2,16,1,3,0,0')
----------------------------------------------------------------------------------------------------
PASS: AttentionConfiguration(datatype='f32', g=6, seq_len_q=253, seq_len_k=410, num_heads_q=32, num_heads_kv=2, head_dim_qk=182, head_dim_v=39, with_attn_scale=True, with_attn_bias=False, trans_q=True, trans_k=False, trans_v=False, trans_o=True, causal=False, return_lse=True, split_kv=1, current_seqlen=None, arch='gfx1100', chip='gfx1100', num_cu=70, num_chiplets=1, perfconfig='attn:v1:128,64,16,2,1,2,0,1,3,1,1')
Lowering rejected config as not applicable
Command line = -operation attention -t f16 --arch gfx1100 --num_cu 70 --num_chiplets 1 -g 7 -seq_len_q 1 -seq_len_k 98 -num_heads_q 1 -num_heads_kv 1 -head_dim_qk 76 -head_dim_v 62 -with-attn-scale=True -with-attn-bias=True -transQ=True -transK=True -transV=False -transO=False -causal=False -return_lse=False -split_kv=1 --perf_config=attn:v1:256,128,64,1,1,8,16,1,2,0,8 --current_seq_len=79,95,41,72,5,60,17 -pv
Errors = loc("<stdin>":25:1): error: ttg.shared (131072) exceeds LDS limit (65536) for amdgcn-amd-amdhsa:gfx1100
Lowering not applicable.

----------------------------------------------------------------------------------------------------
NOT_APPLICABLE: AttentionConfiguration(datatype='f16', g=7, seq_len_q=1, seq_len_k=98, num_heads_q=1, num_heads_kv=1, head_dim_qk=76, head_dim_v=62, with_attn_scale=True, with_attn_bias=True, trans_q=True, trans_k=True, trans_v=False, trans_o=False, causal=False, return_lse=False, split_kv=1, current_seqlen=[79, 95, 41, 72, 5, 60, 17], arch='gfx1100', chip='gfx1100', num_cu=70, num_chiplets=1, perfconfig='attn:v1:256,128,64,1,1,8,16,1,2,0,8')
Lowering rejected config as not applicable
Command line = -operation attention -t bf16 --arch gfx1100 --num_cu 70 --num_chiplets 1 -g 6 -seq_len_q 1 -seq_len_k 506 -num_heads_q 1 -num_heads_kv 1 -head_dim_qk 64 -head_dim_v 230 -with-attn-scale=True -with-attn-bias=False -transQ=False -transK=False -transV=True -transO=False -causal=False -return_lse=False -split_kv=1 --perf_config=attn:v1:128,64,128,1,1,8,0,1,2,0,2 --current_seq_len=253,412,15,367,72,19 -pv -RMS_threshold 1e-2
Errors = loc("<stdin>":25:1): error: ttg.shared (81920) exceeds LDS limit (65536) for amdgcn-amd-amdhsa:gfx1100
Lowering not applicable.

----------------------------------------------------------------------------------------------------
NOT_APPLICABLE: AttentionConfiguration(datatype='bf16', g=6, seq_len_q=1, seq_len_k=506, num_heads_q=1, num_heads_kv=1, head_dim_qk=64, head_dim_v=230, with_attn_scale=True, with_attn_bias=False, trans_q=False, trans_k=False, trans_v=True, trans_o=False, causal=False, return_lse=False, split_kv=1, current_seqlen=[253, 412, 15, 367, 72, 19], arch='gfx1100', chip='gfx1100', num_cu=70, num_chiplets=1, perfconfig='attn:v1:128,64,128,1,1,8,0,1,2,0,2')
Lowering rejected config as not applicable
Command line = -operation attention -t i8 --arch gfx1100 --num_cu 70 --num_chiplets 1 -g 4 -seq_len_q 1 -seq_len_k 618 -num_heads_q 1 -num_heads_kv 1 -head_dim_qk 67 -head_dim_v 211 -with-attn-scale=True -with-attn-bias=False -transQ=True -transK=True -transV=False -transO=True -causal=False -return_lse=True -split_kv=4 --perf_config=attn:v1:32,128,128,2,1,4,0,1,3,4,2 --current_seq_len=516,492,586,48 -pv
Errors = loc("<stdin>":34:1): error: ttg.shared (180224) exceeds LDS limit (65536) for amdgcn-amd-amdhsa:gfx1100
Lowering not applicable.

----------------------------------------------------------------------------------------------------
NOT_APPLICABLE: AttentionConfiguration(datatype='i8', g=4, seq_len_q=1, seq_len_k=618, num_heads_q=1, num_heads_kv=1, head_dim_qk=67, head_dim_v=211, with_attn_scale=True, with_attn_bias=False, trans_q=True, trans_k=True, trans_v=False, trans_o=True, causal=False, return_lse=True, split_kv=4, current_seqlen=[516, 492, 586, 48], arch='gfx1100', chip='gfx1100', num_cu=70, num_chiplets=1, perfconfig='attn:v1:32,128,128,2,1,4,0,1,3,4,2')
----------------------------------------------------------------------------------------------------
PASS: AttentionConfiguration(datatype='f16', g=6, seq_len_q=530, seq_len_k=127, num_heads_q=8, num_heads_kv=2, head_dim_qk=170, head_dim_v=80, with_attn_scale=True, with_attn_bias=True, trans_q=False, trans_k=True, trans_v=True, trans_o=True, causal=False, return_lse=True, split_kv=16, current_seqlen=None, arch='gfx1100', chip='gfx1100', num_cu=70, num_chiplets=1, perfconfig='attn:v1:64,32,32,2,1,2,0,1,2,1,1')
----------------------------------------------------------------------------------------------------
FAIL: AttentionConfiguration(datatype='f32', g=7, seq_len_q=397, seq_len_k=410, num_heads_q=1, num_heads_kv=1, head_dim_qk=129, head_dim_v=146, with_attn_scale=False, with_attn_bias=False, trans_q=True, trans_k=True, trans_v=False, trans_o=False, causal=True, return_lse=False, split_kv=1, current_seqlen=None, arch='gfx1100', chip='gfx1100', num_cu=70, num_chiplets=1, perfconfig='attn:v1:128,16,128,2,1,8,32,1,1,1,4')
Lowering rejected config as not applicable
Command line = -operation attention -t f16 --arch gfx1100 --num_cu 70 --num_chiplets 1 -g 5 -seq_len_q 3 -seq_len_k 593 -num_heads_q 16 -num_heads_kv 4 -head_dim_qk 256 -head_dim_v 178 -with-attn-scale=False -with-attn-bias=False -transQ=False -transK=True -transV=False -transO=True -causal=False -return_lse=True -split_kv=4 --perf_config=attn:v1:256,256,128,2,1,4,32,1,2,0,4 -pv
Errors = loc("<stdin>":23:1): error: ttg.shared (131072) exceeds LDS limit (65536) for amdgcn-amd-amdhsa:gfx1100
Lowering not applicable.

----------------------------------------------------------------------------------------------------
NOT_APPLICABLE: AttentionConfiguration(datatype='f16', g=5, seq_len_q=3, seq_len_k=593, num_heads_q=16, num_heads_kv=4, head_dim_qk=256, head_dim_v=178, with_attn_scale=False, with_attn_bias=False, trans_q=False, trans_k=True, trans_v=False, trans_o=True, causal=False, return_lse=True, split_kv=4, current_seqlen=None, arch='gfx1100', chip='gfx1100', num_cu=70, num_chiplets=1, perfconfig='attn:v1:256,256,128,2,1,4,32,1,2,0,4')
----------------------------------------------------------------------------------------------------
PASS: AttentionConfiguration(datatype='i8', g=3, seq_len_q=1, seq_len_k=1089, num_heads_q=1, num_heads_kv=1, head_dim_qk=211, head_dim_v=224, with_attn_scale=True, with_attn_bias=False, trans_q=True, trans_k=True, trans_v=True, trans_o=False, causal=False, return_lse=True, split_kv=16, current_seqlen=[319, 928, 681], arch='gfx1100', chip='gfx1100', num_cu=70, num_chiplets=1, perfconfig='attn:v1:32,128,64,2,1,2,16,1,2,2,1')
----------------------------------------------------------------------------------------------------
FAIL: AttentionConfiguration(datatype='i8', g=8, seq_len_q=1, seq_len_k=154, num_heads_q=128, num_heads_kv=64, head_dim_qk=248, head_dim_v=114, with_attn_scale=False, with_attn_bias=True, trans_q=False, trans_k=False, trans_v=False, trans_o=False, causal=False, return_lse=False, split_kv=1, current_seqlen=[38, 30, 138, 86, 58, 124, 115, 136], arch='gfx1100', chip='gfx1100', num_cu=70, num_chiplets=1, perfconfig='attn:v1:256,256,128,1,1,1,32,1,1,8,4')
Lowering rejected config as not applicable
Command line = -operation attention -t f32 --arch gfx1100 --num_cu 70 --num_chiplets 1 -g 6 -seq_len_q 438 -seq_len_k 226 -num_heads_q 16 -num_heads_kv 4 -head_dim_qk 112 -head_dim_v 66 -with-attn-scale=True -with-attn-bias=False -transQ=True -transK=True -transV=False -transO=False -causal=False -return_lse=True -split_kv=1 --perf_config=attn:v1:32,256,64,1,1,2,32,1,3,1,8 -pv -relDiff_threshold 1e-4
Errors = loc("<stdin>":22:1): error: ttg.shared (147456) exceeds LDS limit (65536) for amdgcn-amd-amdhsa:gfx1100
Lowering not applicable.

----------------------------------------------------------------------------------------------------
NOT_APPLICABLE: AttentionConfiguration(datatype='f32', g=6, seq_len_q=438, seq_len_k=226, num_heads_q=16, num_heads_kv=4, head_dim_qk=112, head_dim_v=66, with_attn_scale=True, with_attn_bias=False, trans_q=True, trans_k=True, trans_v=False, trans_o=False, causal=False, return_lse=True, split_kv=1, current_seqlen=None, arch='gfx1100', chip='gfx1100', num_cu=70, num_chiplets=1, perfconfig='attn:v1:32,256,64,1,1,2,32,1,3,1,8')
----------------------------------------------------------------------------------------------------
PASS: AttentionConfiguration(datatype='f16', g=8, seq_len_q=87, seq_len_k=267, num_heads_q=1, num_heads_kv=1, head_dim_qk=129, head_dim_v=91, with_attn_scale=False, with_attn_bias=True, trans_q=False, trans_k=True, trans_v=True, trans_o=False, causal=False, return_lse=False, split_kv=1, current_seqlen=None, arch='gfx1100', chip='gfx1100', num_cu=70, num_chiplets=1, perfconfig='attn:v1:16,32,16,2,1,8,16,1,3,0,2')
----------------------------------------------------------------------------------------------------
PASS: AttentionConfiguration(datatype='bf16', g=7, seq_len_q=1, seq_len_k=98, num_heads_q=1, num_heads_kv=1, head_dim_qk=72, head_dim_v=228, with_attn_scale=True, with_attn_bias=False, trans_q=True, trans_k=True, trans_v=False, trans_o=False, causal=False, return_lse=True, split_kv=8, current_seqlen=[66, 49, 10, 70, 51, 15, 17], arch='gfx1100', chip='gfx1100', num_cu=70, num_chiplets=1, perfconfig='attn:v1:32,32,32,2,1,2,0,1,1,4,2')
----------------------------------------------------------------------------------------------------
PASS: AttentionConfiguration(datatype='f16', g=3, seq_len_q=108, seq_len_k=554, num_heads_q=1, num_heads_kv=1, head_dim_qk=123, head_dim_v=235, with_attn_scale=False, with_attn_bias=False, trans_q=True, trans_k=False, trans_v=True, trans_o=True, causal=False, return_lse=True, split_kv=2, current_seqlen=None, arch='gfx1100', chip='gfx1100', num_cu=70, num_chiplets=1, perfconfig='attn:v1:128,16,128,2,1,8,32,1,2,4,0')
----------------------------------------------------------------------------------------------------
PASS: AttentionConfiguration(datatype='bf16', g=1, seq_len_q=82, seq_len_k=1545, num_heads_q=128, num_heads_kv=8, head_dim_qk=179, head_dim_v=152, with_attn_scale=False, with_attn_bias=False, trans_q=False, trans_k=False, trans_v=True, trans_o=True, causal=False, return_lse=False, split_kv=1, current_seqlen=None, arch='gfx1100', chip='gfx1100', num_cu=70, num_chiplets=1, perfconfig='attn:v1:32,16,32,1,1,4,32,1,2,8,8')
----------------------------------------------------------------------------------------------------
PASS: AttentionConfiguration(datatype='bf16', g=1, seq_len_q=64, seq_len_k=3599, num_heads_q=8, num_heads_kv=2, head_dim_qk=23, head_dim_v=197, with_attn_scale=True, with_attn_bias=True, trans_q=False, trans_k=False, trans_v=False, trans_o=False, causal=True, return_lse=True, split_kv=32, current_seqlen=None, arch='gfx1100', chip='gfx1100', num_cu=70, num_chiplets=1, perfconfig='attn:v1:128,128,64,2,1,4,0,1,1,1,0')
----------------------------------------------------------------------------------------------------
PASS: AttentionConfiguration(datatype='i8', g=7, seq_len_q=279, seq_len_k=400, num_heads_q=64, num_heads_kv=4, head_dim_qk=195, head_dim_v=92, with_attn_scale=False, with_attn_bias=True, trans_q=False, trans_k=False, trans_v=False, trans_o=True, causal=True, return_lse=False, split_kv=1, current_seqlen=None, arch='gfx1100', chip='gfx1100', num_cu=70, num_chiplets=1, perfconfig='attn:v1:32,256,32,2,1,1,0,1,1,8,0')
----------------------------------------------------------------------------------------------------
PASS: AttentionConfiguration(datatype='f32', g=2, seq_len_q=518, seq_len_k=174, num_heads_q=1, num_heads_kv=1, head_dim_qk=214, head_dim_v=117, with_attn_scale=True, with_attn_bias=False, trans_q=True, trans_k=True, trans_v=True, trans_o=True, causal=False, return_lse=False, split_kv=1, current_seqlen=None, arch='gfx1100', chip='gfx1100', num_cu=70, num_chiplets=1, perfconfig='attn:v1:64,128,32,2,1,2,32,1,1,1,0')
Lowering rejected config as not applicable
Command line = -operation attention -t f16 --arch gfx1100 --num_cu 70 --num_chiplets 1 -g 5 -seq_len_q 1 -seq_len_k 21 -num_heads_q 128 -num_heads_kv 2 -head_dim_qk 44 -head_dim_v 111 -with-attn-scale=False -with-attn-bias=True -transQ=False -transK=False -transV=False -transO=False -causal=False -return_lse=True -split_kv=4 --perf_config=attn:v1:16,256,64,2,1,8,16,1,3,4,2 --current_seq_len=13,10,6,16,4 -pv
Errors = loc("<stdin>":33:1): error: ttg.shared (212992) exceeds LDS limit (65536) for amdgcn-amd-amdhsa:gfx1100
Lowering not applicable.

----------------------------------------------------------------------------------------------------
NOT_APPLICABLE: AttentionConfiguration(datatype='f16', g=5, seq_len_q=1, seq_len_k=21, num_heads_q=128, num_heads_kv=2, head_dim_qk=44, head_dim_v=111, with_attn_scale=False, with_attn_bias=True, trans_q=False, trans_k=False, trans_v=False, trans_o=False, causal=False, return_lse=True, split_kv=4, current_seqlen=[13, 10, 6, 16, 4], arch='gfx1100', chip='gfx1100', num_cu=70, num_chiplets=1, perfconfig='attn:v1:16,256,64,2,1,8,16,1,3,4,2')
Lowering rejected config as not applicable
Command line = -operation attention -t bf16 --arch gfx1100 --num_cu 70 --num_chiplets 1 -g 8 -seq_len_q 1 -seq_len_k 343 -num_heads_q 128 -num_heads_kv 64 -head_dim_qk 189 -head_dim_v 210 -with-attn-scale=True -with-attn-bias=False -transQ=False -transK=True -transV=False -transO=False -causal=False -return_lse=False -split_kv=1 --perf_config=attn:v1:64,256,32,1,1,4,0,1,3,0,8 --current_seq_len=127,130,210,140,224,20,49,250 -pv -RMS_threshold 1e-2
Errors = loc("<stdin>":28:1): error: ttg.shared (131072) exceeds LDS limit (65536) for amdgcn-amd-amdhsa:gfx1100
Lowering not applicable.

----------------------------------------------------------------------------------------------------
NOT_APPLICABLE: AttentionConfiguration(datatype='bf16', g=8, seq_len_q=1, seq_len_k=343, num_heads_q=128, num_heads_kv=64, head_dim_qk=189, head_dim_v=210, with_attn_scale=True, with_attn_bias=False, trans_q=False, trans_k=True, trans_v=False, trans_o=False, causal=False, return_lse=False, split_kv=1, current_seqlen=[127, 130, 210, 140, 224, 20, 49, 250], arch='gfx1100', chip='gfx1100', num_cu=70, num_chiplets=1, perfconfig='attn:v1:64,256,32,1,1,4,0,1,3,0,8')
----------------------------------------------------------------------------------------------------
PASS: AttentionConfiguration(datatype='f32', g=8, seq_len_q=1, seq_len_k=456, num_heads_q=128, num_heads_kv=64, head_dim_qk=116, head_dim_v=16, with_attn_scale=False, with_attn_bias=False, trans_q=True, trans_k=True, trans_v=True, trans_o=False, causal=False, return_lse=True, split_kv=32, current_seqlen=[221, 279, 106, 298, 218, 420, 375, 32], arch='gfx1100', chip='gfx1100', num_cu=70, num_chiplets=1, perfconfig='attn:v1:256,64,16,1,1,4,32,1,1,1,8')
----------------------------------------------------------------------------------------------------
PASS: AttentionConfiguration(datatype='i8', g=6, seq_len_q=101, seq_len_k=371, num_heads_q=4, num_heads_kv=2, head_dim_qk=95, head_dim_v=94, with_attn_scale=False, with_attn_bias=True, trans_q=False, trans_k=False, trans_v=False, trans_o=False, causal=True, return_lse=True, split_kv=16, current_seqlen=None, arch='gfx1100', chip='gfx1100', num_cu=70, num_chiplets=1, perfconfig='attn:v1:64,256,64,2,1,4,32,1,2,1,8')
FAIL: Runner returned incorrect result
Config = AttentionConfiguration(datatype='i8', g=6, seq_len_q=1, seq_len_k=9, num_heads_q=1, num_heads_kv=1, head_dim_qk=178, head_dim_v=28, with_attn_scale=False, with_attn_bias=False, trans_q=False, trans_k=True, trans_v=False, trans_o=True, causal=False, return_lse=True, split_kv=32, current_seqlen=[7, 7, 1, 5, 3, 1], arch='gfx1100', chip='gfx1100', num_cu=70, num_chiplets=1, perfconfig='attn:v1:128,256,64,1,1,4,0,1,1,2,1')
Command line = -operation attention -t i8 --arch gfx1100 --num_cu 70 --num_chiplets 1 -g 6 -seq_len_q 1 -seq_len_k 9 -num_heads_q 1 -num_heads_kv 1 -head_dim_qk 178 -head_dim_v 28 -with-attn-scale=False -with-attn-bias=False -transQ=False -transK=True -transV=False -transO=True -causal=False -return_lse=True -split_kv=32 --perf_config=attn:v1:128,256,64,1,1,4,0,1,1,2,1 --current_seq_len=7,7,1,5,3,1 -pv
Output = Number of elements: 5376
maxAbsDiff info: maxAbsDiff = 0.000000 (valNum = 0.00000, gpuNum = 0.00000), average absDiff = nan
maxRelDiff info: maxRelDiff = 0.0e+00 (valNum = 0.0000000000, gpuNum = 0.0000000000), average relDiff = nan
RMS = nan
Histogram of relDiff: 
        relDiff = 0     : 3584/5376 (66.666667%)
     0 < relDiff < 1e-06: 1792/5376 (33.333333%)
1e-06 < relDiff <= 1e-05: 0/5376 (0.000000%)
1e-05 < relDiff <= 1e-04: 0/5376 (0.000000%)
1e-04 < relDiff <= 1e-03: 0/5376 (0.000000%)
1e-03 < relDiff <= 1e-02: 0/5376 (0.000000%)
1e-02 < relDiff <= 1e-01: 0/5376 (0.000000%)
1e-01 < relDiff <= 1e+00: 0/5376 (0.000000%)
1e+00 < relDiff < inf   : 0/5376 (0.000000%)
        relDiff = inf   : 0/5376 (0.000000%)
[0 1 1]

----------------------------------------------------------------------------------------------------
PASS: AttentionConfiguration(datatype='i8', g=7, seq_len_q=1, seq_len_k=405, num_heads_q=128, num_heads_kv=8, head_dim_qk=97, head_dim_v=144, with_attn_scale=True, with_attn_bias=False, trans_q=True, trans_k=True, trans_v=True, trans_o=True, causal=False, return_lse=True, split_kv=8, current_seqlen=[359, 378, 290, 348, 229, 130, 233], arch='gfx1100', chip='gfx1100', num_cu=70, num_chiplets=1, perfconfig='attn:v1:128,64,16,2,1,4,0,1,1,1,2')
----------------------------------------------------------------------------------------------------
PASS: AttentionConfiguration(datatype='f16', g=8, seq_len_q=19, seq_len_k=228, num_heads_q=128, num_heads_kv=4, head_dim_qk=102, head_dim_v=197, with_attn_scale=False, with_attn_bias=False, trans_q=True, trans_k=True, trans_v=True, trans_o=False, causal=True, return_lse=True, split_kv=2, current_seqlen=None, arch='gfx1100', chip='gfx1100', num_cu=70, num_chiplets=1, perfconfig='attn:v1:32,32,16,2,1,1,32,1,1,1,4')
----------------------------------------------------------------------------------------------------
FAIL: AttentionConfiguration(datatype='i8', g=6, seq_len_q=1, seq_len_k=9, num_heads_q=1, num_heads_kv=1, head_dim_qk=178, head_dim_v=28, with_attn_scale=False, with_attn_bias=False, trans_q=False, trans_k=True, trans_v=False, trans_o=True, causal=False, return_lse=True, split_kv=32, current_seqlen=[7, 7, 1, 5, 3, 1], arch='gfx1100', chip='gfx1100', num_cu=70, num_chiplets=1, perfconfig='attn:v1:128,256,64,1,1,4,0,1,1,2,1')
----------------------------------------------------------------------------------------------------
PASS: AttentionConfiguration(datatype='bf16', g=7, seq_len_q=1, seq_len_k=425, num_heads_q=128, num_heads_kv=4, head_dim_qk=140, head_dim_v=104, with_attn_scale=True, with_attn_bias=False, trans_q=True, trans_k=True, trans_v=True, trans_o=False, causal=False, return_lse=False, split_kv=1, current_seqlen=[98, 173, 390, 196, 153, 122, 237], arch='gfx1100', chip='gfx1100', num_cu=70, num_chiplets=1, perfconfig='attn:v1:32,256,16,1,1,2,16,1,3,8,4')
Lowering rejected config as not applicable
Command line = -operation attention -t f32 --arch gfx1100 --num_cu 70 --num_chiplets 1 -g 2 -seq_len_q 601 -seq_len_k 37 -num_heads_q 1 -num_heads_kv 1 -head_dim_qk 11 -head_dim_v 206 -with-attn-scale=True -with-attn-bias=False -transQ=False -transK=True -transV=False -transO=False -causal=True -return_lse=False -split_kv=1 --perf_config=attn:v1:256,128,128,2,1,16,32,1,1,0,2 -pv -relDiff_threshold 1e-4
Errors = loc("<stdin>":16:1): error: ttg.shared (131072) exceeds LDS limit (65536) for amdgcn-amd-amdhsa:gfx1100
Lowering not applicable.

----------------------------------------------------------------------------------------------------
NOT_APPLICABLE: AttentionConfiguration(datatype='f32', g=2, seq_len_q=601, seq_len_k=37, num_heads_q=1, num_heads_kv=1, head_dim_qk=11, head_dim_v=206, with_attn_scale=True, with_attn_bias=False, trans_q=False, trans_k=True, trans_v=False, trans_o=False, causal=True, return_lse=False, split_kv=1, current_seqlen=None, arch='gfx1100', chip='gfx1100', num_cu=70, num_chiplets=1, perfconfig='attn:v1:256,128,128,2,1,16,32,1,1,0,2')
----------------------------------------------------------------------------------------------------
PASS: AttentionConfiguration(datatype='f32', g=8, seq_len_q=1, seq_len_k=313, num_heads_q=32, num_heads_kv=8, head_dim_qk=60, head_dim_v=154, with_attn_scale=False, with_attn_bias=False, trans_q=False, trans_k=False, trans_v=True, trans_o=True, causal=False, return_lse=False, split_kv=1, current_seqlen=[53, 127, 64, 271, 102, 58, 244, 192], arch='gfx1100', chip='gfx1100', num_cu=70, num_chiplets=1, perfconfig='attn:v1:16,64,32,2,1,8,16,1,1,0,2')
Lowering rejected config as not applicable
Command line = -operation attention -t bf16 --arch gfx1100 --num_cu 70 --num_chiplets 1 -g 7 -seq_len_q 1 -seq_len_k 370 -num_heads_q 64 -num_heads_kv 4 -head_dim_qk 17 -head_dim_v 213 -with-attn-scale=True -with-attn-bias=True -transQ=False -transK=True -transV=True -transO=False -causal=False -return_lse=False -split_kv=1 --perf_config=attn:v1:64,256,32,1,1,8,0,1,1,8,1 --current_seq_len=363,291,184,269,135,346,275 -pv -RMS_threshold 1e-2
Errors = loc("<stdin>":28:1): error: ttg.shared (131072) exceeds LDS limit (65536) for amdgcn-amd-amdhsa:gfx1100
Lowering not applicable.

----------------------------------------------------------------------------------------------------
NOT_APPLICABLE: AttentionConfiguration(datatype='bf16', g=7, seq_len_q=1, seq_len_k=370, num_heads_q=64, num_heads_kv=4, head_dim_qk=17, head_dim_v=213, with_attn_scale=True, with_attn_bias=True, trans_q=False, trans_k=True, trans_v=True, trans_o=False, causal=False, return_lse=False, split_kv=1, current_seqlen=[363, 291, 184, 269, 135, 346, 275], arch='gfx1100', chip='gfx1100', num_cu=70, num_chiplets=1, perfconfig='attn:v1:64,256,32,1,1,8,0,1,1,8,1')
----------------------------------------------------------------------------------------------------
PASS: AttentionConfiguration(datatype='bf16', g=7, seq_len_q=1, seq_len_k=21, num_heads_q=1, num_heads_kv=1, head_dim_qk=217, head_dim_v=99, with_attn_scale=False, with_attn_bias=False, trans_q=True, trans_k=False, trans_v=True, trans_o=False, causal=False, return_lse=True, split_kv=32, current_seqlen=[5, 3, 3, 16, 10, 3, 14], arch='gfx1100', chip='gfx1100', num_cu=70, num_chiplets=1, perfconfig='attn:v1:128,64,64,1,1,16,0,1,2,4,2')
----------------------------------------------------------------------------------------------------
PASS: AttentionConfiguration(datatype='i8', g=3, seq_len_q=1, seq_len_k=1052, num_heads_q=128, num_heads_kv=8, head_dim_qk=185, head_dim_v=43, with_attn_scale=True, with_attn_bias=True, trans_q=False, trans_k=True, trans_v=True, trans_o=False, causal=False, return_lse=False, split_kv=1, current_seqlen=[580, 405, 394], arch='gfx1100', chip='gfx1100', num_cu=70, num_chiplets=1, perfconfig='attn:v1:32,128,128,1,1,4,16,1,3,1,1')
Lowering rejected config as not applicable
Command line = -operation attention -t f32 --arch gfx1100 --num_cu 70 --num_chiplets 1 -g 7 -seq_len_q 1 -seq_len_k 507 -num_heads_q 128 -num_heads_kv 4 -head_dim_qk 60 -head_dim_v 137 -with-attn-scale=False -with-attn-bias=True -transQ=True -transK=False -transV=False -transO=True -causal=False -return_lse=True -split_kv=16 --perf_config=attn:v1:128,128,32,1,1,1,0,1,3,4,1 --current_seq_len=170,379,142,139,116,40,270 -pv -relDiff_threshold 1e-4
Errors = loc("<stdin>":33:1): error: ttg.shared (131072) exceeds LDS limit (65536) for amdgcn-amd-amdhsa:gfx1100
Lowering not applicable.

----------------------------------------------------------------------------------------------------
NOT_APPLICABLE: AttentionConfiguration(datatype='f32', g=7, seq_len_q=1, seq_len_k=507, num_heads_q=128, num_heads_kv=4, head_dim_qk=60, head_dim_v=137, with_attn_scale=False, with_attn_bias=True, trans_q=True, trans_k=False, trans_v=False, trans_o=True, causal=False, return_lse=True, split_kv=16, current_seqlen=[170, 379, 142, 139, 116, 40, 270], arch='gfx1100', chip='gfx1100', num_cu=70, num_chiplets=1, perfconfig='attn:v1:128,128,32,1,1,1,0,1,3,4,1')
Lowering rejected config as not applicable
Command line = -operation attention -t f32 --arch gfx1100 --num_cu 70 --num_chiplets 1 -g 8 -seq_len_q 1 -seq_len_k 26 -num_heads_q 1 -num_heads_kv 1 -head_dim_qk 241 -head_dim_v 187 -with-attn-scale=True -with-attn-bias=True -transQ=True -transK=True -transV=True -transO=False -causal=True -return_lse=True -split_kv=16 --perf_config=attn:v1:256,32,128,2,1,1,16,1,2,4,1 -pv -relDiff_threshold 1e-4
Errors = loc("<stdin>":22:1): error: ttg.shared (147456) exceeds LDS limit (65536) for amdgcn-amd-amdhsa:gfx1100
Lowering not applicable.

FAIL: Runner returned incorrect result
Config = AttentionConfiguration(datatype='i8', g=8, seq_len_q=66, seq_len_k=82, num_heads_q=128, num_heads_kv=2, head_dim_qk=40, head_dim_v=114, with_attn_scale=False, with_attn_bias=False, trans_q=True, trans_k=True, trans_v=False, trans_o=False, causal=True, return_lse=True, split_kv=4, current_seqlen=None, arch='gfx1100', chip='gfx1100', num_cu=70, num_chiplets=1, perfconfig='attn:v1:64,256,16,1,1,2,16,1,1,4,8')
Command line = -operation attention -t i8 --arch gfx1100 --num_cu 70 --num_chiplets 1 -g 8 -seq_len_q 66 -seq_len_k 82 -num_heads_q 128 -num_heads_kv 2 -head_dim_qk 40 -head_dim_v 114 -with-attn-scale=False -with-attn-bias=False -transQ=True -transK=True -transV=False -transO=False -causal=True -return_lse=True -split_kv=4 --perf_config=attn:v1:64,256,16,1,1,2,16,1,1,4,8 -pv
Output = Number of elements: 30818304
maxAbsDiff info: maxAbsDiff = 0.018555 (valNum = -1.00000, gpuNum = -0.98145), average absDiff = 1.4e-03
maxRelDiff info: maxRelDiff = 1.9e-02 (valNum = 0.5000000000, gpuNum = 0.4907226562), average relDiff = 1.9e-03
RMS = 2.7e-03
Histogram of relDiff: 
        relDiff = 0     : 20331520/30818304 (65.972222%)
     0 < relDiff < 1e-06: 0/30818304 (0.000000%)
1e-06 < relDiff <= 1e-05: 0/30818304 (0.000000%)
1e-05 < relDiff <= 1e-04: 0/30818304 (0.000000%)
1e-04 < relDiff <= 1e-03: 214016/30818304 (0.694444%)
1e-03 < relDiff <= 1e-02: 10126848/30818304 (32.859848%)
1e-02 < relDiff <= 1e-01: 145920/30818304 (0.473485%)
1e-01 < relDiff <= 1e+00: 0/30818304 (0.000000%)
1e+00 < relDiff < inf   : 0/30818304 (0.000000%)
        relDiff = inf   : 0/30818304 (0.000000%)
[0 1 1]

----------------------------------------------------------------------------------------------------
NOT_APPLICABLE: AttentionConfiguration(datatype='f32', g=8, seq_len_q=1, seq_len_k=26, num_heads_q=1, num_heads_kv=1, head_dim_qk=241, head_dim_v=187, with_attn_scale=True, with_attn_bias=True, trans_q=True, trans_k=True, trans_v=True, trans_o=False, causal=True, return_lse=True, split_kv=16, current_seqlen=None, arch='gfx1100', chip='gfx1100', num_cu=70, num_chiplets=1, perfconfig='attn:v1:256,32,128,2,1,1,16,1,2,4,1')
----------------------------------------------------------------------------------------------------
PASS: AttentionConfiguration(datatype='f32', g=2, seq_len_q=1, seq_len_k=2015, num_heads_q=1, num_heads_kv=1, head_dim_qk=134, head_dim_v=96, with_attn_scale=False, with_attn_bias=False, trans_q=False, trans_k=False, trans_v=True, trans_o=True, causal=False, return_lse=False, split_kv=1, current_seqlen=[322, 1104], arch='gfx1100', chip='gfx1100', num_cu=70, num_chiplets=1, perfconfig='attn:v1:64,64,32,2,1,2,16,1,3,2,4')
----------------------------------------------------------------------------------------------------
PASS: AttentionConfiguration(datatype='i8', g=2, seq_len_q=1, seq_len_k=793, num_heads_q=1, num_heads_kv=1, head_dim_qk=14, head_dim_v=77, with_attn_scale=False, with_attn_bias=False, trans_q=False, trans_k=False, trans_v=True, trans_o=True, causal=False, return_lse=True, split_kv=4, current_seqlen=[85, 73], arch='gfx1100', chip='gfx1100', num_cu=70, num_chiplets=1, perfconfig='attn:v1:64,32,32,2,1,8,0,1,1,1,2')
----------------------------------------------------------------------------------------------------
PASS: AttentionConfiguration(datatype='i8', g=2, seq_len_q=154, seq_len_k=657, num_heads_q=1, num_heads_kv=1, head_dim_qk=251, head_dim_v=122, with_attn_scale=False, with_attn_bias=True, trans_q=True, trans_k=False, trans_v=True, trans_o=False, causal=False, return_lse=True, split_kv=1, current_seqlen=None, arch='gfx1100', chip='gfx1100', num_cu=70, num_chiplets=1, perfconfig='attn:v1:32,16,32,2,1,8,32,1,3,8,0')
----------------------------------------------------------------------------------------------------
PASS: AttentionConfiguration(datatype='f16', g=1, seq_len_q=1, seq_len_k=2365, num_heads_q=32, num_heads_kv=4, head_dim_qk=2, head_dim_v=195, with_attn_scale=False, with_attn_bias=False, trans_q=False, trans_k=True, trans_v=False, trans_o=False, causal=False, return_lse=False, split_kv=1, current_seqlen=[20], arch='gfx1100', chip='gfx1100', num_cu=70, num_chiplets=1, perfconfig='attn:v1:256,16,128,2,1,16,16,1,2,0,2')
----------------------------------------------------------------------------------------------------
PASS: AttentionConfiguration(datatype='bf16', g=7, seq_len_q=1, seq_len_k=425, num_heads_q=32, num_heads_kv=16, head_dim_qk=168, head_dim_v=86, with_attn_scale=False, with_attn_bias=True, trans_q=False, trans_k=True, trans_v=False, trans_o=False, causal=False, return_lse=True, split_kv=8, current_seqlen=[1, 230, 351, 193, 348, 306, 43], arch='gfx1100', chip='gfx1100', num_cu=70, num_chiplets=1, perfconfig='attn:v1:32,256,16,2,1,16,16,1,3,0,2')
----------------------------------------------------------------------------------------------------
PASS: AttentionConfiguration(datatype='bf16', g=7, seq_len_q=526, seq_len_k=178, num_heads_q=1, num_heads_kv=1, head_dim_qk=177, head_dim_v=222, with_attn_scale=False, with_attn_bias=True, trans_q=True, trans_k=False, trans_v=False, trans_o=True, causal=False, return_lse=False, split_kv=1, current_seqlen=None, arch='gfx1100', chip='gfx1100', num_cu=70, num_chiplets=1, perfconfig='attn:v1:128,16,64,1,1,16,32,1,2,1,0')
----------------------------------------------------------------------------------------------------
PASS: AttentionConfiguration(datatype='i8', g=1, seq_len_q=1, seq_len_k=2907, num_heads_q=8, num_heads_kv=2, head_dim_qk=167, head_dim_v=107, with_attn_scale=True, with_attn_bias=True, trans_q=False, trans_k=True, trans_v=True, trans_o=True, causal=False, return_lse=True, split_kv=32, current_seqlen=[707], arch='gfx1100', chip='gfx1100', num_cu=70, num_chiplets=1, perfconfig='attn:v1:64,64,16,2,1,1,0,1,2,0,0')
----------------------------------------------------------------------------------------------------
FAIL: AttentionConfiguration(datatype='i8', g=8, seq_len_q=66, seq_len_k=82, num_heads_q=128, num_heads_kv=2, head_dim_qk=40, head_dim_v=114, with_attn_scale=False, with_attn_bias=False, trans_q=True, trans_k=True, trans_v=False, trans_o=False, causal=True, return_lse=True, split_kv=4, current_seqlen=None, arch='gfx1100', chip='gfx1100', num_cu=70, num_chiplets=1, perfconfig='attn:v1:64,256,16,1,1,2,16,1,1,4,8')
----------------------------------------------------------------------------------------------------
PASS: AttentionConfiguration(datatype='f16', g=7, seq_len_q=277, seq_len_k=573, num_heads_q=32, num_heads_kv=4, head_dim_qk=206, head_dim_v=250, with_attn_scale=False, with_attn_bias=False, trans_q=True, trans_k=False, trans_v=True, trans_o=False, causal=False, return_lse=False, split_kv=1, current_seqlen=None, arch='gfx1100', chip='gfx1100', num_cu=70, num_chiplets=1, perfconfig='attn:v1:256,16,16,2,1,16,16,1,1,0,0')
----------------------------------------------------------------------------------------------------
PASS: AttentionConfiguration(datatype='i8', g=3, seq_len_q=264, seq_len_k=17, num_heads_q=1, num_heads_kv=1, head_dim_qk=240, head_dim_v=129, with_attn_scale=False, with_attn_bias=True, trans_q=False, trans_k=True, trans_v=False, trans_o=False, causal=False, return_lse=False, split_kv=1, current_seqlen=None, arch='gfx1100', chip='gfx1100', num_cu=70, num_chiplets=1, perfconfig='attn:v1:16,16,16,2,1,8,16,1,1,0,8')
----------------------------------------------------------------------------------------------------
PASS: AttentionConfiguration(datatype='bf16', g=7, seq_len_q=271, seq_len_k=567, num_heads_q=1, num_heads_kv=1, head_dim_qk=127, head_dim_v=18, with_attn_scale=False, with_attn_bias=True, trans_q=False, trans_k=False, trans_v=True, trans_o=True, causal=True, return_lse=False, split_kv=1, current_seqlen=None, arch='gfx1100', chip='gfx1100', num_cu=70, num_chiplets=1, perfconfig='attn:v1:128,32,16,1,1,8,0,1,2,2,4')
----------------------------------------------------------------------------------------------------
PASS: AttentionConfiguration(datatype='bf16', g=6, seq_len_q=477, seq_len_k=174, num_heads_q=8, num_heads_kv=2, head_dim_qk=57, head_dim_v=184, with_attn_scale=True, with_attn_bias=True, trans_q=False, trans_k=False, trans_v=True, trans_o=False, causal=False, return_lse=False, split_kv=1, current_seqlen=None, arch='gfx1100', chip='gfx1100', num_cu=70, num_chiplets=1, perfconfig='attn:v1:32,128,16,1,1,4,32,1,1,2,1')
----------------------------------------------------------------------------------------------------
PASS: AttentionConfiguration(datatype='bf16', g=3, seq_len_q=42, seq_len_k=790, num_heads_q=64, num_heads_kv=4, head_dim_qk=129, head_dim_v=121, with_attn_scale=False, with_attn_bias=True, trans_q=True, trans_k=False, trans_v=True, trans_o=True, causal=False, return_lse=False, split_kv=1, current_seqlen=None, arch='gfx1100', chip='gfx1100', num_cu=70, num_chiplets=1, perfconfig='attn:v1:128,16,16,1,1,1,0,1,1,8,8')
----------------------------------------------------------------------------------------------------
PASS: AttentionConfiguration(datatype='f16', g=4, seq_len_q=54, seq_len_k=887, num_heads_q=128, num_heads_kv=64, head_dim_qk=206, head_dim_v=143, with_attn_scale=True, with_attn_bias=True, trans_q=False, trans_k=True, trans_v=False, trans_o=False, causal=True, return_lse=False, split_kv=1, current_seqlen=None, arch='gfx1100', chip='gfx1100', num_cu=70, num_chiplets=1, perfconfig='attn:v1:256,64,128,2,1,16,16,1,1,1,4')
FAIL: Timeout in rocmlir-driver stage (120s)
Config = AttentionConfiguration(datatype='f16', g=6, seq_len_q=383, seq_len_k=73, num_heads_q=32, num_heads_kv=16, head_dim_qk=249, head_dim_v=79, with_attn_scale=True, with_attn_bias=False, trans_q=False, trans_k=True, trans_v=True, trans_o=True, causal=True, return_lse=False, split_kv=1, current_seqlen=None, arch='gfx1100', chip='gfx1100', num_cu=70, num_chiplets=1, perfconfig='attn:v1:256,64,32,2,1,2,32,1,1,0,0')
Command line = -operation attention -t f16 --arch gfx1100 --num_cu 70 --num_chiplets 1 -g 6 -seq_len_q 383 -seq_len_k 73 -num_heads_q 32 -num_heads_kv 16 -head_dim_qk 249 -head_dim_v 79 -with-attn-scale=True -with-attn-bias=False -transQ=False -transK=True -transV=True -transO=True -causal=True -return_lse=False -split_kv=1 --perf_config=attn:v1:256,64,32,2,1,2,32,1,1,0,0 -pv
FAIL: Timeout in rocmlir-driver stage (120s)
Config = AttentionConfiguration(datatype='i8', g=4, seq_len_q=1, seq_len_k=55, num_heads_q=1, num_heads_kv=1, head_dim_qk=195, head_dim_v=39, with_attn_scale=True, with_attn_bias=False, trans_q=False, trans_k=False, trans_v=True, trans_o=False, causal=False, return_lse=True, split_kv=8, current_seqlen=[48, 12, 48, 12], arch='gfx1100', chip='gfx1100', num_cu=70, num_chiplets=1, perfconfig='attn:v1:256,256,64,1,1,1,32,1,1,2,1')
Command line = -operation attention -t i8 --arch gfx1100 --num_cu 70 --num_chiplets 1 -g 4 -seq_len_q 1 -seq_len_k 55 -num_heads_q 1 -num_heads_kv 1 -head_dim_qk 195 -head_dim_v 39 -with-attn-scale=True -with-attn-bias=False -transQ=False -transK=False -transV=True -transO=False -causal=False -return_lse=True -split_kv=8 --perf_config=attn:v1:256,256,64,1,1,1,32,1,1,2,1 --current_seq_len=48,12,48,12 -pv
FAIL: Runner returned incorrect result
Config = AttentionConfiguration(datatype='i8', g=8, seq_len_q=1, seq_len_k=112, num_heads_q=1, num_heads_kv=1, head_dim_qk=6, head_dim_v=89, with_attn_scale=True, with_attn_bias=True, trans_q=False, trans_k=True, trans_v=True, trans_o=False, causal=False, return_lse=True, split_kv=2, current_seqlen=[30, 24, 100, 108, 38, 18, 16, 77], arch='gfx1100', chip='gfx1100', num_cu=70, num_chiplets=1, perfconfig='attn:v1:128,64,64,1,1,4,16,1,3,4,0')
Command line = -operation attention -t i8 --arch gfx1100 --num_cu 70 --num_chiplets 1 -g 8 -seq_len_q 1 -seq_len_k 112 -num_heads_q 1 -num_heads_kv 1 -head_dim_qk 6 -head_dim_v 89 -with-attn-scale=True -with-attn-bias=True -transQ=False -transK=True -transV=True -transO=False -causal=False -return_lse=True -split_kv=2 --perf_config=attn:v1:128,64,64,1,1,4,16,1,3,4,0 --current_seq_len=30,24,100,108,38,18,16,77 -pv
Output = Number of elements: 1424
maxAbsDiff info: maxAbsDiff = 0.011230 (valNum = -0.71191, gpuNum = -0.72314), average absDiff = 1.4e-03
maxRelDiff info: maxRelDiff = 3.8e-02 (valNum = 0.2531738281, gpuNum = 0.2626953125), average relDiff = 3.4e-03
RMS = 4.4e-03
Histogram of relDiff: 
        relDiff = 0     : 888/1424 (62.359551%)
     0 < relDiff < 1e-06: 0/1424 (0.000000%)
1e-06 < relDiff <= 1e-05: 0/1424 (0.000000%)
1e-05 < relDiff <= 1e-04: 0/1424 (0.000000%)
1e-04 < relDiff <= 1e-03: 180/1424 (12.640449%)
1e-03 < relDiff <= 1e-02: 178/1424 (12.500000%)
1e-02 < relDiff <= 1e-01: 178/1424 (12.500000%)
1e-01 < relDiff <= 1e+00: 0/1424 (0.000000%)
1e+00 < relDiff < inf   : 0/1424 (0.000000%)
        relDiff = inf   : 0/1424 (0.000000%)
[0 1 1]

----------------------------------------------------------------------------------------------------
PASS: AttentionConfiguration(datatype='f32', g=8, seq_len_q=448, seq_len_k=403, num_heads_q=128, num_heads_kv=32, head_dim_qk=46, head_dim_v=175, with_attn_scale=True, with_attn_bias=False, trans_q=True, trans_k=False, trans_v=True, trans_o=False, causal=False, return_lse=False, split_kv=1, current_seqlen=None, arch='gfx1100', chip='gfx1100', num_cu=70, num_chiplets=1, perfconfig='attn:v1:32,16,32,1,1,1,32,1,1,0,8')
----------------------------------------------------------------------------------------------------
FAIL: AttentionConfiguration(datatype='f16', g=6, seq_len_q=383, seq_len_k=73, num_heads_q=32, num_heads_kv=16, head_dim_qk=249, head_dim_v=79, with_attn_scale=True, with_attn_bias=False, trans_q=False, trans_k=True, trans_v=True, trans_o=True, causal=True, return_lse=False, split_kv=1, current_seqlen=None, arch='gfx1100', chip='gfx1100', num_cu=70, num_chiplets=1, perfconfig='attn:v1:256,64,32,2,1,2,32,1,1,0,0')
----------------------------------------------------------------------------------------------------
FAIL: AttentionConfiguration(datatype='i8', g=4, seq_len_q=1, seq_len_k=55, num_heads_q=1, num_heads_kv=1, head_dim_qk=195, head_dim_v=39, with_attn_scale=True, with_attn_bias=False, trans_q=False, trans_k=False, trans_v=True, trans_o=False, causal=False, return_lse=True, split_kv=8, current_seqlen=[48, 12, 48, 12], arch='gfx1100', chip='gfx1100', num_cu=70, num_chiplets=1, perfconfig='attn:v1:256,256,64,1,1,1,32,1,1,2,1')
Lowering rejected config as not applicable
Command line = -operation attention -t f16 --arch gfx1100 --num_cu 70 --num_chiplets 1 -g 2 -seq_len_q 1 -seq_len_k 1815 -num_heads_q 64 -num_heads_kv 8 -head_dim_qk 162 -head_dim_v 157 -with-attn-scale=True -with-attn-bias=False -transQ=False -transK=True -transV=True -transO=True -causal=False -return_lse=True -split_kv=16 --perf_config=attn:v1:64,256,32,2,1,8,32,1,2,2,8 --current_seq_len=1173,1784 -pv
Errors = loc("<stdin>":33:1): error: ttg.shared (131072) exceeds LDS limit (65536) for amdgcn-amd-amdhsa:gfx1100
Lowering not applicable.

----------------------------------------------------------------------------------------------------
NOT_APPLICABLE: AttentionConfiguration(datatype='f16', g=2, seq_len_q=1, seq_len_k=1815, num_heads_q=64, num_heads_kv=8, head_dim_qk=162, head_dim_v=157, with_attn_scale=True, with_attn_bias=False, trans_q=False, trans_k=True, trans_v=True, trans_o=True, causal=False, return_lse=True, split_kv=16, current_seqlen=[1173, 1784], arch='gfx1100', chip='gfx1100', num_cu=70, num_chiplets=1, perfconfig='attn:v1:64,256,32,2,1,8,32,1,2,2,8')
----------------------------------------------------------------------------------------------------
PASS: AttentionConfiguration(datatype='bf16', g=7, seq_len_q=1, seq_len_k=37, num_heads_q=64, num_heads_kv=32, head_dim_qk=154, head_dim_v=7, with_attn_scale=True, with_attn_bias=True, trans_q=False, trans_k=True, trans_v=True, trans_o=True, causal=False, return_lse=False, split_kv=1, current_seqlen=[35, 7, 16, 18, 32, 34, 13], arch='gfx1100', chip='gfx1100', num_cu=70, num_chiplets=1, perfconfig='attn:v1:32,32,64,1,1,16,16,1,1,8,0')
----------------------------------------------------------------------------------------------------
PASS: AttentionConfiguration(datatype='i8', g=4, seq_len_q=1, seq_len_k=451, num_heads_q=16, num_heads_kv=4, head_dim_qk=231, head_dim_v=229, with_attn_scale=True, with_attn_bias=True, trans_q=True, trans_k=False, trans_v=True, trans_o=False, causal=False, return_lse=True, split_kv=8, current_seqlen=[132, 3, 428, 71], arch='gfx1100', chip='gfx1100', num_cu=70, num_chiplets=1, perfconfig='attn:v1:32,16,64,1,1,2,0,1,3,4,4')
----------------------------------------------------------------------------------------------------
FAIL: AttentionConfiguration(datatype='i8', g=8, seq_len_q=1, seq_len_k=112, num_heads_q=1, num_heads_kv=1, head_dim_qk=6, head_dim_v=89, with_attn_scale=True, with_attn_bias=True, trans_q=False, trans_k=True, trans_v=True, trans_o=False, causal=False, return_lse=True, split_kv=2, current_seqlen=[30, 24, 100, 108, 38, 18, 16, 77], arch='gfx1100', chip='gfx1100', num_cu=70, num_chiplets=1, perfconfig='attn:v1:128,64,64,1,1,4,16,1,3,4,0')
----------------------------------------------------------------------------------------------------
PASS: AttentionConfiguration(datatype='bf16', g=5, seq_len_q=239, seq_len_k=717, num_heads_q=1, num_heads_kv=1, head_dim_qk=67, head_dim_v=176, with_attn_scale=True, with_attn_bias=False, trans_q=False, trans_k=True, trans_v=False, trans_o=False, causal=True, return_lse=False, split_kv=1, current_seqlen=None, arch='gfx1100', chip='gfx1100', num_cu=70, num_chiplets=1, perfconfig='attn:v1:32,32,16,2,1,1,32,1,2,2,8')
----------------------------------------------------------------------------------------------------
PASS: AttentionConfiguration(datatype='f16', g=1, seq_len_q=1351, seq_len_k=177, num_heads_q=1, num_heads_kv=1, head_dim_qk=7, head_dim_v=197, with_attn_scale=False, with_attn_bias=True, trans_q=True, trans_k=False, trans_v=False, trans_o=False, causal=False, return_lse=False, split_kv=1, current_seqlen=None, arch='gfx1100', chip='gfx1100', num_cu=70, num_chiplets=1, perfconfig='attn:v1:32,16,64,2,1,1,16,1,3,1,8')
----------------------------------------------------------------------------------------------------
PASS: AttentionConfiguration(datatype='bf16', g=3, seq_len_q=1, seq_len_k=475, num_heads_q=1, num_heads_kv=1, head_dim_qk=249, head_dim_v=144, with_attn_scale=True, with_attn_bias=False, trans_q=False, trans_k=True, trans_v=True, trans_o=True, causal=False, return_lse=False, split_kv=1, current_seqlen=[210, 131, 351], arch='gfx1100', chip='gfx1100', num_cu=70, num_chiplets=1, perfconfig='attn:v1:128,128,16,1,1,4,32,1,2,4,8')
----------------------------------------------------------------------------------------------------
PASS: AttentionConfiguration(datatype='f32', g=6, seq_len_q=1, seq_len_k=202, num_heads_q=1, num_heads_kv=1, head_dim_qk=242, head_dim_v=22, with_attn_scale=True, with_attn_bias=False, trans_q=True, trans_k=False, trans_v=True, trans_o=False, causal=False, return_lse=True, split_kv=8, current_seqlen=[87, 61, 53, 124, 2, 37], arch='gfx1100', chip='gfx1100', num_cu=70, num_chiplets=1, perfconfig='attn:v1:32,128,128,1,1,2,0,1,1,8,8')
Lowering rejected config as not applicable
Command line = -operation attention -t f32 --arch gfx1100 --num_cu 70 --num_chiplets 1 -g 3 -seq_len_q 661 -seq_len_k 9 -num_heads_q 64 -num_heads_kv 4 -head_dim_qk 59 -head_dim_v 235 -with-attn-scale=False -with-attn-bias=False -transQ=True -transK=True -transV=False -transO=False -causal=False -return_lse=True -split_kv=32 --perf_config=attn:v1:256,32,32,1,1,4,0,1,3,8,8 -pv -relDiff_threshold 1e-4
Errors = loc("<stdin>":23:1): error: ttg.shared (73728) exceeds LDS limit (65536) for amdgcn-amd-amdhsa:gfx1100
Lowering not applicable.

----------------------------------------------------------------------------------------------------
NOT_APPLICABLE: AttentionConfiguration(datatype='f32', g=3, seq_len_q=661, seq_len_k=9, num_heads_q=64, num_heads_kv=4, head_dim_qk=59, head_dim_v=235, with_attn_scale=False, with_attn_bias=False, trans_q=True, trans_k=True, trans_v=False, trans_o=False, causal=False, return_lse=True, split_kv=32, current_seqlen=None, arch='gfx1100', chip='gfx1100', num_cu=70, num_chiplets=1, perfconfig='attn:v1:256,32,32,1,1,4,0,1,3,8,8')
----------------------------------------------------------------------------------------------------
PASS: AttentionConfiguration(datatype='bf16', g=1, seq_len_q=57, seq_len_k=1978, num_heads_q=16, num_heads_kv=8, head_dim_qk=144, head_dim_v=14, with_attn_scale=False, with_attn_bias=True, trans_q=False, trans_k=False, trans_v=False, trans_o=False, causal=True, return_lse=False, split_kv=1, current_seqlen=None, arch='gfx1100', chip='gfx1100', num_cu=70, num_chiplets=1, perfconfig='attn:v1:32,128,32,1,1,16,32,1,2,0,1')
----------------------------------------------------------------------------------------------------
PASS: AttentionConfiguration(datatype='f16', g=7, seq_len_q=1, seq_len_k=378, num_heads_q=1, num_heads_kv=1, head_dim_qk=192, head_dim_v=55, with_attn_scale=True, with_attn_bias=False, trans_q=True, trans_k=True, trans_v=False, trans_o=False, causal=False, return_lse=False, split_kv=1, current_seqlen=[215, 151, 291, 332, 211, 6, 210], arch='gfx1100', chip='gfx1100', num_cu=70, num_chiplets=1, perfconfig='attn:v1:128,32,128,1,1,4,16,1,1,8,8')
Lowering rejected config as not applicable
Command line = -operation attention -t f32 --arch gfx1100 --num_cu 70 --num_chiplets 1 -g 6 -seq_len_q 1 -seq_len_k 205 -num_heads_q 1 -num_heads_kv 1 -head_dim_qk 100 -head_dim_v 186 -with-attn-scale=False -with-attn-bias=True -transQ=False -transK=False -transV=False -transO=False -causal=False -return_lse=True -split_kv=2 --perf_config=attn:v1:64,256,32,2,1,2,32,1,3,8,2 --current_seq_len=184,97,73,101,42,155 -pv -relDiff_threshold 1e-4
Errors = loc("<stdin>":29:1): error: ttg.shared (262144) exceeds LDS limit (65536) for amdgcn-amd-amdhsa:gfx1100
Lowering not applicable.

----------------------------------------------------------------------------------------------------
NOT_APPLICABLE: AttentionConfiguration(datatype='f32', g=6, seq_len_q=1, seq_len_k=205, num_heads_q=1, num_heads_kv=1, head_dim_qk=100, head_dim_v=186, with_attn_scale=False, with_attn_bias=True, trans_q=False, trans_k=False, trans_v=False, trans_o=False, causal=False, return_lse=True, split_kv=2, current_seqlen=[184, 97, 73, 101, 42, 155], arch='gfx1100', chip='gfx1100', num_cu=70, num_chiplets=1, perfconfig='attn:v1:64,256,32,2,1,2,32,1,3,8,2')
----------------------------------------------------------------------------------------------------
PASS: AttentionConfiguration(datatype='i8', g=8, seq_len_q=356, seq_len_k=477, num_heads_q=1, num_heads_kv=1, head_dim_qk=151, head_dim_v=34, with_attn_scale=True, with_attn_bias=True, trans_q=False, trans_k=False, trans_v=False, trans_o=False, causal=True, return_lse=False, split_kv=1, current_seqlen=None, arch='gfx1100', chip='gfx1100', num_cu=70, num_chiplets=1, perfconfig='attn:v1:64,128,128,1,1,8,0,1,2,8,4')
Lowering rejected config as not applicable
Command line = -operation attention -t f32 --arch gfx1100 --num_cu 70 --num_chiplets 1 -g 6 -seq_len_q 1 -seq_len_k 650 -num_heads_q 1 -num_heads_kv 1 -head_dim_qk 207 -head_dim_v 139 -with-attn-scale=True -with-attn-bias=False -transQ=False -transK=False -transV=True -transO=True -causal=False -return_lse=False -split_kv=1 --perf_config=attn:v1:64,256,32,1,1,1,16,1,1,8,4 --current_seq_len=156,471,52,212,43,224 -pv -relDiff_threshold 1e-4
Errors = loc("<stdin>":25:1): error: ttg.shared (262144) exceeds LDS limit (65536) for amdgcn-amd-amdhsa:gfx1100
Lowering not applicable.

----------------------------------------------------------------------------------------------------
NOT_APPLICABLE: AttentionConfiguration(datatype='f32', g=6, seq_len_q=1, seq_len_k=650, num_heads_q=1, num_heads_kv=1, head_dim_qk=207, head_dim_v=139, with_attn_scale=True, with_attn_bias=False, trans_q=False, trans_k=False, trans_v=True, trans_o=True, causal=False, return_lse=False, split_kv=1, current_seqlen=[156, 471, 52, 212, 43, 224], arch='gfx1100', chip='gfx1100', num_cu=70, num_chiplets=1, perfconfig='attn:v1:64,256,32,1,1,1,16,1,1,8,4')
----------------------------------------------------------------------------------------------------
PASS: AttentionConfiguration(datatype='f16', g=7, seq_len_q=54, seq_len_k=564, num_heads_q=1, num_heads_kv=1, head_dim_qk=192, head_dim_v=111, with_attn_scale=True, with_attn_bias=False, trans_q=False, trans_k=False, trans_v=False, trans_o=False, causal=False, return_lse=False, split_kv=1, current_seqlen=None, arch='gfx1100', chip='gfx1100', num_cu=70, num_chiplets=1, perfconfig='attn:v1:32,256,16,2,1,4,32,1,3,2,4')
Lowering rejected config as not applicable
Command line = -operation attention -t f16 --arch gfx1100 --num_cu 70 --num_chiplets 1 -g 2 -seq_len_q 66 -seq_len_k 1938 -num_heads_q 16 -num_heads_kv 4 -head_dim_qk 71 -head_dim_v 12 -with-attn-scale=False -with-attn-bias=True -transQ=True -transK=True -transV=False -transO=True -causal=True -return_lse=True -split_kv=1 --perf_config=attn:v1:256,256,64,1,1,1,32,1,3,2,0 -pv
Errors = loc("<stdin>":23:1): error: ttg.shared (131072) exceeds LDS limit (65536) for amdgcn-amd-amdhsa:gfx1100
Lowering not applicable.

----------------------------------------------------------------------------------------------------
NOT_APPLICABLE: AttentionConfiguration(datatype='f16', g=2, seq_len_q=66, seq_len_k=1938, num_heads_q=16, num_heads_kv=4, head_dim_qk=71, head_dim_v=12, with_attn_scale=False, with_attn_bias=True, trans_q=True, trans_k=True, trans_v=False, trans_o=True, causal=True, return_lse=True, split_kv=1, current_seqlen=None, arch='gfx1100', chip='gfx1100', num_cu=70, num_chiplets=1, perfconfig='attn:v1:256,256,64,1,1,1,32,1,3,2,0')
Lowering rejected config as not applicable
Command line = -operation attention -t f32 --arch gfx1100 --num_cu 70 --num_chiplets 1 -g 1 -seq_len_q 1 -seq_len_k 3648 -num_heads_q 1 -num_heads_kv 1 -head_dim_qk 167 -head_dim_v 161 -with-attn-scale=False -with-attn-bias=False -transQ=False -transK=True -transV=False -transO=True -causal=False -return_lse=True -split_kv=16 --perf_config=attn:v1:32,256,32,2,1,8,0,1,2,4,2 --current_seq_len=3642 -pv -relDiff_threshold 1e-4
Errors = loc("<stdin>":25:1): error: ttg.shared (262144) exceeds LDS limit (65536) for amdgcn-amd-amdhsa:gfx1100
Lowering not applicable.

----------------------------------------------------------------------------------------------------
NOT_APPLICABLE: AttentionConfiguration(datatype='f32', g=1, seq_len_q=1, seq_len_k=3648, num_heads_q=1, num_heads_kv=1, head_dim_qk=167, head_dim_v=161, with_attn_scale=False, with_attn_bias=False, trans_q=False, trans_k=True, trans_v=False, trans_o=True, causal=False, return_lse=True, split_kv=16, current_seqlen=[3642], arch='gfx1100', chip='gfx1100', num_cu=70, num_chiplets=1, perfconfig='attn:v1:32,256,32,2,1,8,0,1,2,4,2')
Lowering rejected config as not applicable
Command line = -operation attention -t bf16 --arch gfx1100 --num_cu 70 --num_chiplets 1 -g 5 -seq_len_q 1 -seq_len_k 589 -num_heads_q 32 -num_heads_kv 16 -head_dim_qk 30 -head_dim_v 116 -with-attn-scale=True -with-attn-bias=True -transQ=True -transK=False -transV=False -transO=False -causal=False -return_lse=True -split_kv=2 --perf_config=attn:v1:128,64,64,1,1,4,16,1,3,1,4 --current_seq_len=539,175,124,369,345 -pv -RMS_threshold 1e-2
Errors = loc("<stdin>":33:1): error: ttg.shared (81920) exceeds LDS limit (65536) for amdgcn-amd-amdhsa:gfx1100
Lowering not applicable.

----------------------------------------------------------------------------------------------------
NOT_APPLICABLE: AttentionConfiguration(datatype='bf16', g=5, seq_len_q=1, seq_len_k=589, num_heads_q=32, num_heads_kv=16, head_dim_qk=30, head_dim_v=116, with_attn_scale=True, with_attn_bias=True, trans_q=True, trans_k=False, trans_v=False, trans_o=False, causal=False, return_lse=True, split_kv=2, current_seqlen=[539, 175, 124, 369, 345], arch='gfx1100', chip='gfx1100', num_cu=70, num_chiplets=1, perfconfig='attn:v1:128,64,64,1,1,4,16,1,3,1,4')
----------------------------------------------------------------------------------------------------
PASS: AttentionConfiguration(datatype='bf16', g=6, seq_len_q=303, seq_len_k=560, num_heads_q=1, num_heads_kv=1, head_dim_qk=255, head_dim_v=191, with_attn_scale=True, with_attn_bias=True, trans_q=True, trans_k=False, trans_v=False, trans_o=True, causal=False, return_lse=False, split_kv=1, current_seqlen=None, arch='gfx1100', chip='gfx1100', num_cu=70, num_chiplets=1, perfconfig='attn:v1:64,16,16,2,1,16,0,1,3,0,1')
FAIL: Timeout in rocmlir-driver stage (120s)
Config = AttentionConfiguration(datatype='f16', g=7, seq_len_q=1, seq_len_k=559, num_heads_q=1, num_heads_kv=1, head_dim_qk=246, head_dim_v=99, with_attn_scale=False, with_attn_bias=False, trans_q=False, trans_k=False, trans_v=False, trans_o=True, causal=False, return_lse=True, split_kv=2, current_seqlen=[369, 204, 67, 421, 454, 208, 328], arch='gfx1100', chip='gfx1100', num_cu=70, num_chiplets=1, perfconfig='attn:v1:256,32,64,1,1,1,16,1,1,1,1')
Command line = -operation attention -t f16 --arch gfx1100 --num_cu 70 --num_chiplets 1 -g 7 -seq_len_q 1 -seq_len_k 559 -num_heads_q 1 -num_heads_kv 1 -head_dim_qk 246 -head_dim_v 99 -with-attn-scale=False -with-attn-bias=False -transQ=False -transK=False -transV=False -transO=True -causal=False -return_lse=True -split_kv=2 --perf_config=attn:v1:256,32,64,1,1,1,16,1,1,1,1 --current_seq_len=369,204,67,421,454,208,328 -pv
FAIL: Runner returned incorrect result
Config = AttentionConfiguration(datatype='f16', g=2, seq_len_q=1, seq_len_k=673, num_heads_q=4, num_heads_kv=2, head_dim_qk=148, head_dim_v=9, with_attn_scale=False, with_attn_bias=False, trans_q=False, trans_k=True, trans_v=False, trans_o=True, causal=False, return_lse=True, split_kv=1, current_seqlen=[373, 261], arch='gfx1100', chip='gfx1100', num_cu=70, num_chiplets=1, perfconfig='attn:v1:32,64,128,2,1,16,16,1,3,2,8')
Command line = -operation attention -t f16 --arch gfx1100 --num_cu 70 --num_chiplets 1 -g 2 -seq_len_q 1 -seq_len_k 673 -num_heads_q 4 -num_heads_kv 2 -head_dim_qk 148 -head_dim_v 9 -with-attn-scale=False -with-attn-bias=False -transQ=False -transK=True -transV=False -transO=True -causal=False -return_lse=True -split_kv=1 --perf_config=attn:v1:32,64,128,2,1,16,16,1,3,2,8 --current_seq_len=373,261 -pv
Output = [1 1 1]
Number of elements: 8
maxAbsDiff info: maxAbsDiff = 0.125000 (valNum = 94.62500, gpuNum = 94.75000), average absDiff = 9.4e-02
maxRelDiff info: maxRelDiff = 1.3e-03 (valNum = 94.1875000000, gpuNum = 94.3125000000), average relDiff = 1.0e-03
RMS = 1.0e-03
Histogram of relDiff: 
        relDiff = 0     : 0/8 (0.000000%)
     0 < relDiff < 1e-06: 0/8 (0.000000%)
1e-06 < relDiff <= 1e-05: 0/8 (0.000000%)
1e-05 < relDiff <= 1e-04: 0/8 (0.000000%)
1e-04 < relDiff <= 1e-03: 4/8 (50.000000%)
1e-03 < relDiff <= 1e-02: 4/8 (50.000000%)
1e-02 < relDiff <= 1e-01: 0/8 (0.000000%)
1e-01 < relDiff <= 1e+00: 0/8 (0.000000%)
1e+00 < relDiff < inf   : 0/8 (0.000000%)
        relDiff = inf   : 0/8 (0.000000%)
[0 1 1]

----------------------------------------------------------------------------------------------------
PASS: AttentionConfiguration(datatype='bf16', g=5, seq_len_q=1, seq_len_k=49, num_heads_q=1, num_heads_kv=1, head_dim_qk=8, head_dim_v=66, with_attn_scale=True, with_attn_bias=False, trans_q=False, trans_k=False, trans_v=False, trans_o=False, causal=False, return_lse=True, split_kv=4, current_seqlen=[38, 9, 10, 24, 13], arch='gfx1100', chip='gfx1100', num_cu=70, num_chiplets=1, perfconfig='attn:v1:32,32,128,1,1,8,32,1,2,8,0')
----------------------------------------------------------------------------------------------------
PASS: AttentionConfiguration(datatype='bf16', g=3, seq_len_q=1, seq_len_k=232, num_heads_q=1, num_heads_kv=1, head_dim_qk=72, head_dim_v=115, with_attn_scale=False, with_attn_bias=True, trans_q=False, trans_k=True, trans_v=True, trans_o=True, causal=False, return_lse=True, split_kv=1, current_seqlen=[192, 94, 50], arch='gfx1100', chip='gfx1100', num_cu=70, num_chiplets=1, perfconfig='attn:v1:256,128,32,2,1,8,16,1,3,2,4')
----------------------------------------------------------------------------------------------------
PASS: AttentionConfiguration(datatype='bf16', g=5, seq_len_q=402, seq_len_k=449, num_heads_q=32, num_heads_kv=2, head_dim_qk=173, head_dim_v=73, with_attn_scale=False, with_attn_bias=True, trans_q=True, trans_k=False, trans_v=True, trans_o=True, causal=True, return_lse=False, split_kv=1, current_seqlen=None, arch='gfx1100', chip='gfx1100', num_cu=70, num_chiplets=1, perfconfig='attn:v1:16,128,16,2,1,8,32,1,2,2,4')
----------------------------------------------------------------------------------------------------
PASS: AttentionConfiguration(datatype='bf16', g=7, seq_len_q=1, seq_len_k=215, num_heads_q=64, num_heads_kv=8, head_dim_qk=64, head_dim_v=215, with_attn_scale=True, with_attn_bias=False, trans_q=True, trans_k=True, trans_v=False, trans_o=False, causal=False, return_lse=False, split_kv=1, current_seqlen=[36, 97, 24, 197, 202, 149, 197], arch='gfx1100', chip='gfx1100', num_cu=70, num_chiplets=1, perfconfig='attn:v1:256,64,16,2,1,4,0,1,3,0,4')
----------------------------------------------------------------------------------------------------
FAIL: AttentionConfiguration(datatype='f16', g=7, seq_len_q=1, seq_len_k=559, num_heads_q=1, num_heads_kv=1, head_dim_qk=246, head_dim_v=99, with_attn_scale=False, with_attn_bias=False, trans_q=False, trans_k=False, trans_v=False, trans_o=True, causal=False, return_lse=True, split_kv=2, current_seqlen=[369, 204, 67, 421, 454, 208, 328], arch='gfx1100', chip='gfx1100', num_cu=70, num_chiplets=1, perfconfig='attn:v1:256,32,64,1,1,1,16,1,1,1,1')
Lowering rejected config as not applicable
Command line = -operation attention -t f16 --arch gfx1100 --num_cu 70 --num_chiplets 1 -g 8 -seq_len_q 1 -seq_len_k 49 -num_heads_q 1 -num_heads_kv 1 -head_dim_qk 17 -head_dim_v 17 -with-attn-scale=False -with-attn-bias=True -transQ=False -transK=True -transV=False -transO=False -causal=False -return_lse=False -split_kv=1 --perf_config=attn:v1:256,256,16,1,1,16,0,1,2,4,2 --current_seq_len=12,13,42,46,32,12,21,22 -pv
Errors = loc("<stdin>":24:1): error: ttg.shared (262144) exceeds LDS limit (65536) for amdgcn-amd-amdhsa:gfx1100
Lowering not applicable.

----------------------------------------------------------------------------------------------------
NOT_APPLICABLE: AttentionConfiguration(datatype='f16', g=8, seq_len_q=1, seq_len_k=49, num_heads_q=1, num_heads_kv=1, head_dim_qk=17, head_dim_v=17, with_attn_scale=False, with_attn_bias=True, trans_q=False, trans_k=True, trans_v=False, trans_o=False, causal=False, return_lse=False, split_kv=1, current_seqlen=[12, 13, 42, 46, 32, 12, 21, 22], arch='gfx1100', chip='gfx1100', num_cu=70, num_chiplets=1, perfconfig='attn:v1:256,256,16,1,1,16,0,1,2,4,2')
----------------------------------------------------------------------------------------------------
PASS: AttentionConfiguration(datatype='f32', g=3, seq_len_q=1, seq_len_k=695, num_heads_q=1, num_heads_kv=1, head_dim_qk=53, head_dim_v=108, with_attn_scale=False, with_attn_bias=True, trans_q=False, trans_k=False, trans_v=True, trans_o=False, causal=False, return_lse=False, split_kv=1, current_seqlen=[282, 122, 206], arch='gfx1100', chip='gfx1100', num_cu=70, num_chiplets=1, perfconfig='attn:v1:16,128,32,2,1,16,0,1,2,0,1')
----------------------------------------------------------------------------------------------------
FAIL: AttentionConfiguration(datatype='f16', g=2, seq_len_q=1, seq_len_k=673, num_heads_q=4, num_heads_kv=2, head_dim_qk=148, head_dim_v=9, with_attn_scale=False, with_attn_bias=False, trans_q=False, trans_k=True, trans_v=False, trans_o=True, causal=False, return_lse=True, split_kv=1, current_seqlen=[373, 261], arch='gfx1100', chip='gfx1100', num_cu=70, num_chiplets=1, perfconfig='attn:v1:32,64,128,2,1,16,16,1,3,2,8')
----------------------------------------------------------------------------------------------------
PASS: AttentionConfiguration(datatype='i8', g=2, seq_len_q=162, seq_len_k=1541, num_heads_q=16, num_heads_kv=8, head_dim_qk=126, head_dim_v=8, with_attn_scale=True, with_attn_bias=True, trans_q=False, trans_k=False, trans_v=True, trans_o=True, causal=False, return_lse=False, split_kv=1, current_seqlen=None, arch='gfx1100', chip='gfx1100', num_cu=70, num_chiplets=1, perfconfig='attn:v1:64,16,16,2,1,2,32,1,2,1,0')
----------------------------------------------------------------------------------------------------
PASS: AttentionConfiguration(datatype='bf16', g=7, seq_len_q=314, seq_len_k=388, num_heads_q=1, num_heads_kv=1, head_dim_qk=228, head_dim_v=53, with_attn_scale=True, with_attn_bias=False, trans_q=True, trans_k=False, trans_v=True, trans_o=False, causal=False, return_lse=False, split_kv=1, current_seqlen=None, arch='gfx1100', chip='gfx1100', num_cu=70, num_chiplets=1, perfconfig='attn:v1:16,128,64,2,1,4,0,1,1,8,0')
----------------------------------------------------------------------------------------------------
PASS: AttentionConfiguration(datatype='i8', g=3, seq_len_q=90, seq_len_k=1031, num_heads_q=16, num_heads_kv=4, head_dim_qk=39, head_dim_v=184, with_attn_scale=True, with_attn_bias=True, trans_q=False, trans_k=False, trans_v=False, trans_o=True, causal=False, return_lse=True, split_kv=8, current_seqlen=None, arch='gfx1100', chip='gfx1100', num_cu=70, num_chiplets=1, perfconfig='attn:v1:16,64,16,1,1,8,32,1,2,8,2')
----------------------------------------------------------------------------------------------------
PASS: AttentionConfiguration(datatype='f16', g=6, seq_len_q=1, seq_len_k=456, num_heads_q=1, num_heads_kv=1, head_dim_qk=157, head_dim_v=157, with_attn_scale=True, with_attn_bias=False, trans_q=False, trans_k=True, trans_v=False, trans_o=True, causal=False, return_lse=True, split_kv=8, current_seqlen=[283, 402, 411, 443, 50, 175], arch='gfx1100', chip='gfx1100', num_cu=70, num_chiplets=1, perfconfig='attn:v1:64,128,128,1,1,2,0,1,1,4,4')
----------------------------------------------------------------------------------------------------
PASS: AttentionConfiguration(datatype='f32', g=7, seq_len_q=579, seq_len_k=400, num_heads_q=128, num_heads_kv=8, head_dim_qk=134, head_dim_v=97, with_attn_scale=False, with_attn_bias=True, trans_q=False, trans_k=False, trans_v=False, trans_o=False, causal=False, return_lse=False, split_kv=1, current_seqlen=None, arch='gfx1100', chip='gfx1100', num_cu=70, num_chiplets=1, perfconfig='attn:v1:64,128,64,2,1,4,32,1,1,8,0')
Lowering rejected config as not applicable
Command line = -operation attention -t f16 --arch gfx1100 --num_cu 70 --num_chiplets 1 -g 7 -seq_len_q 1 -seq_len_k 464 -num_heads_q 1 -num_heads_kv 1 -head_dim_qk 63 -head_dim_v 196 -with-attn-scale=False -with-attn-bias=False -transQ=True -transK=False -transV=True -transO=False -causal=False -return_lse=True -split_kv=4 --perf_config=attn:v1:16,64,128,1,1,2,0,1,3,8,4 --current_seq_len=130,100,61,425,31,305,433 -pv
Errors = loc("<stdin>":27:1): error: ttg.shared (98304) exceeds LDS limit (65536) for amdgcn-amd-amdhsa:gfx1100
Lowering not applicable.

----------------------------------------------------------------------------------------------------
NOT_APPLICABLE: AttentionConfiguration(datatype='f16', g=7, seq_len_q=1, seq_len_k=464, num_heads_q=1, num_heads_kv=1, head_dim_qk=63, head_dim_v=196, with_attn_scale=False, with_attn_bias=False, trans_q=True, trans_k=False, trans_v=True, trans_o=False, causal=False, return_lse=True, split_kv=4, current_seqlen=[130, 100, 61, 425, 31, 305, 433], arch='gfx1100', chip='gfx1100', num_cu=70, num_chiplets=1, perfconfig='attn:v1:16,64,128,1,1,2,0,1,3,8,4')
Lowering rejected config as not applicable
Command line = -operation attention -t f32 --arch gfx1100 --num_cu 70 --num_chiplets 1 -g 5 -seq_len_q 260 -seq_len_k 654 -num_heads_q 64 -num_heads_kv 16 -head_dim_qk 42 -head_dim_v 134 -with-attn-scale=True -with-attn-bias=False -transQ=True -transK=True -transV=False -transO=True -causal=False -return_lse=False -split_kv=1 --perf_config=attn:v1:32,256,16,2,1,2,0,1,2,4,4 -pv -relDiff_threshold 1e-4
Errors = loc("<stdin>":19:1): error: ttg.shared (262144) exceeds LDS limit (65536) for amdgcn-amd-amdhsa:gfx1100
Lowering not applicable.

----------------------------------------------------------------------------------------------------
NOT_APPLICABLE: AttentionConfiguration(datatype='f32', g=5, seq_len_q=260, seq_len_k=654, num_heads_q=64, num_heads_kv=16, head_dim_qk=42, head_dim_v=134, with_attn_scale=True, with_attn_bias=False, trans_q=True, trans_k=True, trans_v=False, trans_o=True, causal=False, return_lse=False, split_kv=1, current_seqlen=None, arch='gfx1100', chip='gfx1100', num_cu=70, num_chiplets=1, perfconfig='attn:v1:32,256,16,2,1,2,0,1,2,4,4')
Lowering rejected config as not applicable
Command line = -operation attention -t i8 --arch gfx1100 --num_cu 70 --num_chiplets 1 -g 6 -seq_len_q 1 -seq_len_k 578 -num_heads_q 1 -num_heads_kv 1 -head_dim_qk 78 -head_dim_v 173 -with-attn-scale=False -with-attn-bias=False -transQ=False -transK=True -transV=False -transO=False -causal=False -return_lse=False -split_kv=1 --perf_config=attn:v1:64,256,64,1,1,4,0,1,1,2,0 --current_seq_len=126,71,322,378,256,73 -pv
Errors = loc("<stdin>":25:1): error: ttg.shared (131072) exceeds LDS limit (65536) for amdgcn-amd-amdhsa:gfx1100
Lowering not applicable.

----------------------------------------------------------------------------------------------------
NOT_APPLICABLE: AttentionConfiguration(datatype='i8', g=6, seq_len_q=1, seq_len_k=578, num_heads_q=1, num_heads_kv=1, head_dim_qk=78, head_dim_v=173, with_attn_scale=False, with_attn_bias=False, trans_q=False, trans_k=True, trans_v=False, trans_o=False, causal=False, return_lse=False, split_kv=1, current_seqlen=[126, 71, 322, 378, 256, 73], arch='gfx1100', chip='gfx1100', num_cu=70, num_chiplets=1, perfconfig='attn:v1:64,256,64,1,1,4,0,1,1,2,0')
Lowering rejected config as not applicable
Command line = -operation attention -t f32 --arch gfx1100 --num_cu 70 --num_chiplets 1 -g 2 -seq_len_q 1 -seq_len_k 1064 -num_heads_q 128 -num_heads_kv 2 -head_dim_qk 25 -head_dim_v 149 -with-attn-scale=False -with-attn-bias=False -transQ=False -transK=False -transV=True -transO=True -causal=False -return_lse=True -split_kv=8 --perf_config=attn:v1:64,32,128,1,1,1,0,1,3,1,1 --current_seq_len=175,469 -pv -relDiff_threshold 1e-4
Errors = loc("<stdin>":31:1): error: ttg.shared (106496) exceeds LDS limit (65536) for amdgcn-amd-amdhsa:gfx1100
Lowering not applicable.

----------------------------------------------------------------------------------------------------
NOT_APPLICABLE: AttentionConfiguration(datatype='f32', g=2, seq_len_q=1, seq_len_k=1064, num_heads_q=128, num_heads_kv=2, head_dim_qk=25, head_dim_v=149, with_attn_scale=False, with_attn_bias=False, trans_q=False, trans_k=False, trans_v=True, trans_o=True, causal=False, return_lse=True, split_kv=8, current_seqlen=[175, 469], arch='gfx1100', chip='gfx1100', num_cu=70, num_chiplets=1, perfconfig='attn:v1:64,32,128,1,1,1,0,1,3,1,1')
----------------------------------------------------------------------------------------------------
PASS: AttentionConfiguration(datatype='i8', g=3, seq_len_q=189, seq_len_k=1100, num_heads_q=1, num_heads_kv=1, head_dim_qk=125, head_dim_v=185, with_attn_scale=False, with_attn_bias=False, trans_q=False, trans_k=True, trans_v=False, trans_o=True, causal=False, return_lse=False, split_kv=1, current_seqlen=None, arch='gfx1100', chip='gfx1100', num_cu=70, num_chiplets=1, perfconfig='attn:v1:16,128,64,1,1,16,32,1,2,4,1')
----------------------------------------------------------------------------------------------------
PASS: AttentionConfiguration(datatype='i8', g=4, seq_len_q=1, seq_len_k=643, num_heads_q=8, num_heads_kv=4, head_dim_qk=212, head_dim_v=217, with_attn_scale=True, with_attn_bias=False, trans_q=True, trans_k=False, trans_v=False, trans_o=True, causal=False, return_lse=True, split_kv=4, current_seqlen=[10, 103, 290, 277], arch='gfx1100', chip='gfx1100', num_cu=70, num_chiplets=1, perfconfig='attn:v1:128,32,16,1,1,8,32,1,3,2,8')
Lowering rejected config as not applicable
Command line = -operation attention -t bf16 --arch gfx1100 --num_cu 70 --num_chiplets 1 -g 7 -seq_len_q 166 -seq_len_k 554 -num_heads_q 16 -num_heads_kv 2 -head_dim_qk 15 -head_dim_v 65 -with-attn-scale=False -with-attn-bias=True -transQ=True -transK=False -transV=False -transO=True -causal=True -return_lse=False -split_kv=1 --perf_config=attn:v1:256,128,16,2,1,4,0,1,2,0,0 -pv -RMS_threshold 1e-2
Errors = loc("<stdin>":20:1): error: ttg.shared (167936) exceeds LDS limit (65536) for amdgcn-amd-amdhsa:gfx1100
Lowering not applicable.

----------------------------------------------------------------------------------------------------
NOT_APPLICABLE: AttentionConfiguration(datatype='bf16', g=7, seq_len_q=166, seq_len_k=554, num_heads_q=16, num_heads_kv=2, head_dim_qk=15, head_dim_v=65, with_attn_scale=False, with_attn_bias=True, trans_q=True, trans_k=False, trans_v=False, trans_o=True, causal=True, return_lse=False, split_kv=1, current_seqlen=None, arch='gfx1100', chip='gfx1100', num_cu=70, num_chiplets=1, perfconfig='attn:v1:256,128,16,2,1,4,0,1,2,0,0')
----------------------------------------------------------------------------------------------------
PASS: AttentionConfiguration(datatype='bf16', g=6, seq_len_q=225, seq_len_k=253, num_heads_q=64, num_heads_kv=2, head_dim_qk=254, head_dim_v=83, with_attn_scale=True, with_attn_bias=False, trans_q=False, trans_k=True, trans_v=False, trans_o=False, causal=False, return_lse=True, split_kv=1, current_seqlen=None, arch='gfx1100', chip='gfx1100', num_cu=70, num_chiplets=1, perfconfig='attn:v1:16,32,128,2,1,1,0,1,2,2,4')
----------------------------------------------------------------------------------------------------
PASS: AttentionConfiguration(datatype='f16', g=2, seq_len_q=102, seq_len_k=1882, num_heads_q=1, num_heads_kv=1, head_dim_qk=87, head_dim_v=118, with_attn_scale=False, with_attn_bias=False, trans_q=True, trans_k=False, trans_v=False, trans_o=True, causal=False, return_lse=False, split_kv=1, current_seqlen=None, arch='gfx1100', chip='gfx1100', num_cu=70, num_chiplets=1, perfconfig='attn:v1:128,32,32,1,1,16,32,1,1,8,1')
----------------------------------------------------------------------------------------------------
PASS: AttentionConfiguration(datatype='i8', g=8, seq_len_q=1, seq_len_k=287, num_heads_q=16, num_heads_kv=4, head_dim_qk=183, head_dim_v=52, with_attn_scale=True, with_attn_bias=True, trans_q=False, trans_k=True, trans_v=False, trans_o=True, causal=False, return_lse=False, split_kv=1, current_seqlen=[129, 246, 57, 218, 212, 157, 254, 127], arch='gfx1100', chip='gfx1100', num_cu=70, num_chiplets=1, perfconfig='attn:v1:256,16,64,2,1,16,16,1,3,0,0')
----------------------------------------------------------------------------------------------------
PASS: AttentionConfiguration(datatype='bf16', g=4, seq_len_q=1, seq_len_k=559, num_heads_q=128, num_heads_kv=64, head_dim_qk=27, head_dim_v=60, with_attn_scale=False, with_attn_bias=True, trans_q=True, trans_k=False, trans_v=False, trans_o=True, causal=False, return_lse=False, split_kv=1, current_seqlen=[336, 545, 387, 146], arch='gfx1100', chip='gfx1100', num_cu=70, num_chiplets=1, perfconfig='attn:v1:64,64,64,2,1,8,0,1,1,1,8')
----------------------------------------------------------------------------------------------------
PASS: AttentionConfiguration(datatype='f32', g=3, seq_len_q=109, seq_len_k=1245, num_heads_q=8, num_heads_kv=4, head_dim_qk=80, head_dim_v=6, with_attn_scale=True, with_attn_bias=False, trans_q=False, trans_k=True, trans_v=False, trans_o=False, causal=False, return_lse=True, split_kv=2, current_seqlen=None, arch='gfx1100', chip='gfx1100', num_cu=70, num_chiplets=1, perfconfig='attn:v1:32,64,32,2,1,4,0,1,1,4,0')
----------------------------------------------------------------------------------------------------
PASS: AttentionConfiguration(datatype='bf16', g=8, seq_len_q=126, seq_len_k=239, num_heads_q=16, num_heads_kv=2, head_dim_qk=45, head_dim_v=57, with_attn_scale=False, with_attn_bias=True, trans_q=True, trans_k=False, trans_v=False, trans_o=True, causal=False, return_lse=True, split_kv=4, current_seqlen=None, arch='gfx1100', chip='gfx1100', num_cu=70, num_chiplets=1, perfconfig='attn:v1:128,32,32,2,1,8,32,1,3,2,0')
----------------------------------------------------------------------------------------------------
PASS: AttentionConfiguration(datatype='bf16', g=7, seq_len_q=278, seq_len_k=569, num_heads_q=1, num_heads_kv=1, head_dim_qk=178, head_dim_v=41, with_attn_scale=True, with_attn_bias=True, trans_q=False, trans_k=True, trans_v=False, trans_o=False, causal=True, return_lse=False, split_kv=1, current_seqlen=None, arch='gfx1100', chip='gfx1100', num_cu=70, num_chiplets=1, perfconfig='attn:v1:32,32,128,1,1,1,0,1,2,8,2')
----------------------------------------------------------------------------------------------------
PASS: AttentionConfiguration(datatype='bf16', g=2, seq_len_q=9, seq_len_k=63, num_heads_q=64, num_heads_kv=16, head_dim_qk=240, head_dim_v=138, with_attn_scale=False, with_attn_bias=True, trans_q=True, trans_k=False, trans_v=False, trans_o=False, causal=True, return_lse=True, split_kv=2, current_seqlen=None, arch='gfx1100', chip='gfx1100', num_cu=70, num_chiplets=1, perfconfig='attn:v1:64,16,128,2,1,16,0,1,3,0,0')
----------------------------------------------------------------------------------------------------
PASS: AttentionConfiguration(datatype='i8', g=5, seq_len_q=129, seq_len_k=665, num_heads_q=1, num_heads_kv=1, head_dim_qk=66, head_dim_v=213, with_attn_scale=True, with_attn_bias=True, trans_q=True, trans_k=True, trans_v=False, trans_o=False, causal=False, return_lse=True, split_kv=4, current_seqlen=None, arch='gfx1100', chip='gfx1100', num_cu=70, num_chiplets=1, perfconfig='attn:v1:128,32,128,2,1,4,0,1,1,1,4')
----------------------------------------------------------------------------------------------------
PASS: AttentionConfiguration(datatype='f16', g=3, seq_len_q=1, seq_len_k=448, num_heads_q=8, num_heads_kv=4, head_dim_qk=216, head_dim_v=17, with_attn_scale=False, with_attn_bias=False, trans_q=True, trans_k=True, trans_v=True, trans_o=True, causal=False, return_lse=True, split_kv=16, current_seqlen=[256, 78, 344], arch='gfx1100', chip='gfx1100', num_cu=70, num_chiplets=1, perfconfig='attn:v1:32,32,128,1,1,4,16,1,1,0,1')
----------------------------------------------------------------------------------------------------
PASS: AttentionConfiguration(datatype='bf16', g=4, seq_len_q=624, seq_len_k=77, num_heads_q=32, num_heads_kv=16, head_dim_qk=73, head_dim_v=45, with_attn_scale=False, with_attn_bias=False, trans_q=True, trans_k=True, trans_v=False, trans_o=True, causal=False, return_lse=False, split_kv=1, current_seqlen=None, arch='gfx1100', chip='gfx1100', num_cu=70, num_chiplets=1, perfconfig='attn:v1:32,32,128,2,1,16,32,1,2,8,1')
----------------------------------------------------------------------------------------------------
PASS: AttentionConfiguration(datatype='i8', g=1, seq_len_q=1, seq_len_k=136, num_heads_q=1, num_heads_kv=1, head_dim_qk=187, head_dim_v=99, with_attn_scale=False, with_attn_bias=True, trans_q=True, trans_k=True, trans_v=False, trans_o=False, causal=False, return_lse=True, split_kv=32, current_seqlen=[69], arch='gfx1100', chip='gfx1100', num_cu=70, num_chiplets=1, perfconfig='attn:v1:64,128,128,1,1,4,32,1,3,2,8')
----------------------------------------------------------------------------------------------------
PASS: AttentionConfiguration(datatype='f16', g=4, seq_len_q=1, seq_len_k=845, num_heads_q=1, num_heads_kv=1, head_dim_qk=203, head_dim_v=42, with_attn_scale=True, with_attn_bias=True, trans_q=True, trans_k=False, trans_v=True, trans_o=True, causal=False, return_lse=False, split_kv=1, current_seqlen=[677, 122, 32, 373], arch='gfx1100', chip='gfx1100', num_cu=70, num_chiplets=1, perfconfig='attn:v1:256,32,16,2,1,4,0,1,2,1,0')
----------------------------------------------------------------------------------------------------
PASS: AttentionConfiguration(datatype='i8', g=8, seq_len_q=430, seq_len_k=194, num_heads_q=8, num_heads_kv=4, head_dim_qk=228, head_dim_v=55, with_attn_scale=False, with_attn_bias=True, trans_q=False, trans_k=True, trans_v=False, trans_o=True, causal=True, return_lse=False, split_kv=1, current_seqlen=None, arch='gfx1100', chip='gfx1100', num_cu=70, num_chiplets=1, perfconfig='attn:v1:32,128,128,1,1,4,16,1,2,0,8')
----------------------------------------------------------------------------------------------------
PASS: AttentionConfiguration(datatype='i8', g=2, seq_len_q=263, seq_len_k=993, num_heads_q=32, num_heads_kv=4, head_dim_qk=216, head_dim_v=109, with_attn_scale=False, with_attn_bias=True, trans_q=True, trans_k=True, trans_v=True, trans_o=True, causal=True, return_lse=True, split_kv=1, current_seqlen=None, arch='gfx1100', chip='gfx1100', num_cu=70, num_chiplets=1, perfconfig='attn:v1:16,32,16,2,1,1,0,1,2,1,2')
----------------------------------------------------------------------------------------------------
PASS: AttentionConfiguration(datatype='bf16', g=3, seq_len_q=1, seq_len_k=462, num_heads_q=128, num_heads_kv=8, head_dim_qk=151, head_dim_v=139, with_attn_scale=False, with_attn_bias=True, trans_q=False, trans_k=True, trans_v=False, trans_o=True, causal=False, return_lse=False, split_kv=1, current_seqlen=[384, 343, 296], arch='gfx1100', chip='gfx1100', num_cu=70, num_chiplets=1, perfconfig='attn:v1:128,16,64,1,1,1,32,1,3,4,1')
----------------------------------------------------------------------------------------------------
PASS: AttentionConfiguration(datatype='bf16', g=7, seq_len_q=1, seq_len_k=96, num_heads_q=128, num_heads_kv=32, head_dim_qk=74, head_dim_v=126, with_attn_scale=True, with_attn_bias=True, trans_q=False, trans_k=False, trans_v=True, trans_o=True, causal=False, return_lse=False, split_kv=1, current_seqlen=[70, 68, 72, 78, 66, 16, 19], arch='gfx1100', chip='gfx1100', num_cu=70, num_chiplets=1, perfconfig='attn:v1:128,256,64,2,1,1,16,1,2,2,2')
Lowering rejected config as not applicable
Command line = -operation attention -t f32 --arch gfx1100 --num_cu 70 --num_chiplets 1 -g 4 -seq_len_q 1 -seq_len_k 80 -num_heads_q 128 -num_heads_kv 16 -head_dim_qk 14 -head_dim_v 62 -with-attn-scale=False -with-attn-bias=False -transQ=True -transK=True -transV=False -transO=True -causal=False -return_lse=False -split_kv=1 --perf_config=attn:v1:256,16,128,2,1,2,0,1,3,8,1 --current_seq_len=37,11,29,10 -pv -relDiff_threshold 1e-4
Errors = loc("<stdin>":26:1): error: ttg.shared (131072) exceeds LDS limit (65536) for amdgcn-amd-amdhsa:gfx1100
Lowering not applicable.

----------------------------------------------------------------------------------------------------
NOT_APPLICABLE: AttentionConfiguration(datatype='f32', g=4, seq_len_q=1, seq_len_k=80, num_heads_q=128, num_heads_kv=16, head_dim_qk=14, head_dim_v=62, with_attn_scale=False, with_attn_bias=False, trans_q=True, trans_k=True, trans_v=False, trans_o=True, causal=False, return_lse=False, split_kv=1, current_seqlen=[37, 11, 29, 10], arch='gfx1100', chip='gfx1100', num_cu=70, num_chiplets=1, perfconfig='attn:v1:256,16,128,2,1,2,0,1,3,8,1')
----------------------------------------------------------------------------------------------------
PASS: AttentionConfiguration(datatype='bf16', g=2, seq_len_q=1, seq_len_k=319, num_heads_q=1, num_heads_kv=1, head_dim_qk=3, head_dim_v=87, with_attn_scale=False, with_attn_bias=False, trans_q=True, trans_k=True, trans_v=False, trans_o=False, causal=True, return_lse=True, split_kv=2, current_seqlen=None, arch='gfx1100', chip='gfx1100', num_cu=70, num_chiplets=1, perfconfig='attn:v1:16,16,16,1,1,1,0,1,2,0,4')
Lowering rejected config as not applicable
Command line = -operation attention -t i8 --arch gfx1100 --num_cu 70 --num_chiplets 1 -g 4 -seq_len_q 1 -seq_len_k 21 -num_heads_q 1 -num_heads_kv 1 -head_dim_qk 70 -head_dim_v 144 -with-attn-scale=False -with-attn-bias=False -transQ=False -transK=True -transV=True -transO=False -causal=False -return_lse=True -split_kv=4 --perf_config=attn:v1:64,256,32,2,1,4,32,1,3,0,8 --current_seq_len=7,9,13,3 -pv
Errors = loc("<stdin>":31:1): error: ttg.shared (131072) exceeds LDS limit (65536) for amdgcn-amd-amdhsa:gfx1100
Lowering not applicable.

----------------------------------------------------------------------------------------------------
NOT_APPLICABLE: AttentionConfiguration(datatype='i8', g=4, seq_len_q=1, seq_len_k=21, num_heads_q=1, num_heads_kv=1, head_dim_qk=70, head_dim_v=144, with_attn_scale=False, with_attn_bias=False, trans_q=False, trans_k=True, trans_v=True, trans_o=False, causal=False, return_lse=True, split_kv=4, current_seqlen=[7, 9, 13, 3], arch='gfx1100', chip='gfx1100', num_cu=70, num_chiplets=1, perfconfig='attn:v1:64,256,32,2,1,4,32,1,3,0,8')
----------------------------------------------------------------------------------------------------
PASS: AttentionConfiguration(datatype='f32', g=6, seq_len_q=1, seq_len_k=163, num_heads_q=1, num_heads_kv=1, head_dim_qk=102, head_dim_v=244, with_attn_scale=False, with_attn_bias=True, trans_q=True, trans_k=False, trans_v=False, trans_o=True, causal=False, return_lse=False, split_kv=1, current_seqlen=[80, 117, 136, 139, 131, 30], arch='gfx1100', chip='gfx1100', num_cu=70, num_chiplets=1, perfconfig='attn:v1:32,16,128,2,1,4,16,1,3,0,2')
Lowering rejected config as not applicable
Command line = -operation attention -t f32 --arch gfx1100 --num_cu 70 --num_chiplets 1 -g 2 -seq_len_q 1 -seq_len_k 1628 -num_heads_q 1 -num_heads_kv 1 -head_dim_qk 155 -head_dim_v 39 -with-attn-scale=False -with-attn-bias=True -transQ=True -transK=False -transV=True -transO=True -causal=False -return_lse=True -split_kv=4 --perf_config=attn:v1:256,256,64,1,1,4,16,1,1,0,1 --current_seq_len=40,1107 -pv -relDiff_threshold 1e-4
Errors = loc("<stdin>":29:1): error: ttg.shared (262144) exceeds LDS limit (65536) for amdgcn-amd-amdhsa:gfx1100
Lowering not applicable.

----------------------------------------------------------------------------------------------------
NOT_APPLICABLE: AttentionConfiguration(datatype='f32', g=2, seq_len_q=1, seq_len_k=1628, num_heads_q=1, num_heads_kv=1, head_dim_qk=155, head_dim_v=39, with_attn_scale=False, with_attn_bias=True, trans_q=True, trans_k=False, trans_v=True, trans_o=True, causal=False, return_lse=True, split_kv=4, current_seqlen=[40, 1107], arch='gfx1100', chip='gfx1100', num_cu=70, num_chiplets=1, perfconfig='attn:v1:256,256,64,1,1,4,16,1,1,0,1')
----------------------------------------------------------------------------------------------------
PASS: AttentionConfiguration(datatype='f16', g=8, seq_len_q=1, seq_len_k=169, num_heads_q=8, num_heads_kv=4, head_dim_qk=189, head_dim_v=200, with_attn_scale=True, with_attn_bias=True, trans_q=True, trans_k=False, trans_v=True, trans_o=False, causal=False, return_lse=True, split_kv=4, current_seqlen=[13, 159, 45, 40, 78, 76, 65, 74], arch='gfx1100', chip='gfx1100', num_cu=70, num_chiplets=1, perfconfig='attn:v1:32,16,64,2,1,16,0,1,1,4,0')
----------------------------------------------------------------------------------------------------
PASS: AttentionConfiguration(datatype='i8', g=5, seq_len_q=100, seq_len_k=592, num_heads_q=128, num_heads_kv=16, head_dim_qk=242, head_dim_v=88, with_attn_scale=False, with_attn_bias=False, trans_q=False, trans_k=True, trans_v=False, trans_o=False, causal=False, return_lse=False, split_kv=1, current_seqlen=None, arch='gfx1100', chip='gfx1100', num_cu=70, num_chiplets=1, perfconfig='attn:v1:64,32,64,2,1,4,0,1,2,2,8')
----------------------------------------------------------------------------------------------------
PASS: AttentionConfiguration(datatype='i8', g=5, seq_len_q=266, seq_len_k=512, num_heads_q=8, num_heads_kv=4, head_dim_qk=46, head_dim_v=85, with_attn_scale=True, with_attn_bias=True, trans_q=False, trans_k=False, trans_v=True, trans_o=False, causal=False, return_lse=True, split_kv=2, current_seqlen=None, arch='gfx1100', chip='gfx1100', num_cu=70, num_chiplets=1, perfconfig='attn:v1:128,64,128,2,1,2,32,1,3,1,4')
Lowering rejected config as not applicable
Command line = -operation attention -t f32 --arch gfx1100 --num_cu 70 --num_chiplets 1 -g 2 -seq_len_q 79 -seq_len_k 32 -num_heads_q 64 -num_heads_kv 2 -head_dim_qk 185 -head_dim_v 11 -with-attn-scale=True -with-attn-bias=True -transQ=False -transK=False -transV=False -transO=False -causal=True -return_lse=True -split_kv=16 --perf_config=attn:v1:16,128,128,1,1,4,32,1,3,4,1 -pv -relDiff_threshold 1e-4
Errors = loc("<stdin>":26:1): error: ttg.shared (147456) exceeds LDS limit (65536) for amdgcn-amd-amdhsa:gfx1100
Lowering not applicable.

----------------------------------------------------------------------------------------------------
NOT_APPLICABLE: AttentionConfiguration(datatype='f32', g=2, seq_len_q=79, seq_len_k=32, num_heads_q=64, num_heads_kv=2, head_dim_qk=185, head_dim_v=11, with_attn_scale=True, with_attn_bias=True, trans_q=False, trans_k=False, trans_v=False, trans_o=False, causal=True, return_lse=True, split_kv=16, current_seqlen=None, arch='gfx1100', chip='gfx1100', num_cu=70, num_chiplets=1, perfconfig='attn:v1:16,128,128,1,1,4,32,1,3,4,1')
Lowering rejected config as not applicable
Command line = -operation attention -t i8 --arch gfx1100 --num_cu 70 --num_chiplets 1 -g 6 -seq_len_q 93 -seq_len_k 90 -num_heads_q 128 -num_heads_kv 64 -head_dim_qk 57 -head_dim_v 116 -with-attn-scale=False -with-attn-bias=True -transQ=False -transK=False -transV=False -transO=True -causal=False -return_lse=True -split_kv=16 --perf_config=attn:v1:16,128,128,2,1,16,32,1,3,0,0 -pv
Errors = loc("<stdin>":30:1): error: ttg.shared (106496) exceeds LDS limit (65536) for amdgcn-amd-amdhsa:gfx1100
Lowering not applicable.

----------------------------------------------------------------------------------------------------
NOT_APPLICABLE: AttentionConfiguration(datatype='i8', g=6, seq_len_q=93, seq_len_k=90, num_heads_q=128, num_heads_kv=64, head_dim_qk=57, head_dim_v=116, with_attn_scale=False, with_attn_bias=True, trans_q=False, trans_k=False, trans_v=False, trans_o=True, causal=False, return_lse=True, split_kv=16, current_seqlen=None, arch='gfx1100', chip='gfx1100', num_cu=70, num_chiplets=1, perfconfig='attn:v1:16,128,128,2,1,16,32,1,3,0,0')
Lowering rejected config as not applicable
Command line = -operation attention -t f32 --arch gfx1100 --num_cu 70 --num_chiplets 1 -g 3 -seq_len_q 26 -seq_len_k 59 -num_heads_q 1 -num_heads_kv 1 -head_dim_qk 108 -head_dim_v 71 -with-attn-scale=True -with-attn-bias=True -transQ=False -transK=True -transV=True -transO=False -causal=True -return_lse=True -split_kv=16 --perf_config=attn:v1:256,32,64,2,1,2,32,1,3,2,0 -pv -relDiff_threshold 1e-4
Errors = loc("<stdin>":25:1): error: ttg.shared (147456) exceeds LDS limit (65536) for amdgcn-amd-amdhsa:gfx1100
Lowering not applicable.

----------------------------------------------------------------------------------------------------
NOT_APPLICABLE: AttentionConfiguration(datatype='f32', g=3, seq_len_q=26, seq_len_k=59, num_heads_q=1, num_heads_kv=1, head_dim_qk=108, head_dim_v=71, with_attn_scale=True, with_attn_bias=True, trans_q=False, trans_k=True, trans_v=True, trans_o=False, causal=True, return_lse=True, split_kv=16, current_seqlen=None, arch='gfx1100', chip='gfx1100', num_cu=70, num_chiplets=1, perfconfig='attn:v1:256,32,64,2,1,2,32,1,3,2,0')
----------------------------------------------------------------------------------------------------
PASS: AttentionConfiguration(datatype='bf16', g=5, seq_len_q=1, seq_len_k=655, num_heads_q=1, num_heads_kv=1, head_dim_qk=97, head_dim_v=59, with_attn_scale=False, with_attn_bias=False, trans_q=False, trans_k=False, trans_v=True, trans_o=True, causal=False, return_lse=True, split_kv=4, current_seqlen=[86, 363, 295, 519, 464], arch='gfx1100', chip='gfx1100', num_cu=70, num_chiplets=1, perfconfig='attn:v1:32,128,16,1,1,4,16,1,3,8,0')
----------------------------------------------------------------------------------------------------
PASS: AttentionConfiguration(datatype='i8', g=1, seq_len_q=1, seq_len_k=2855, num_heads_q=128, num_heads_kv=8, head_dim_qk=170, head_dim_v=95, with_attn_scale=False, with_attn_bias=True, trans_q=False, trans_k=True, trans_v=True, trans_o=True, causal=False, return_lse=False, split_kv=1, current_seqlen=[1325], arch='gfx1100', chip='gfx1100', num_cu=70, num_chiplets=1, perfconfig='attn:v1:64,32,32,2,1,4,0,1,2,4,2')
----------------------------------------------------------------------------------------------------
PASS: AttentionConfiguration(datatype='f16', g=6, seq_len_q=1, seq_len_k=537, num_heads_q=1, num_heads_kv=1, head_dim_qk=62, head_dim_v=100, with_attn_scale=False, with_attn_bias=True, trans_q=True, trans_k=True, trans_v=False, trans_o=True, causal=False, return_lse=False, split_kv=1, current_seqlen=[455, 349, 27, 278, 390, 33], arch='gfx1100', chip='gfx1100', num_cu=70, num_chiplets=1, perfconfig='attn:v1:256,128,32,1,1,4,16,1,2,1,1')
----------------------------------------------------------------------------------------------------
PASS: AttentionConfiguration(datatype='i8', g=7, seq_len_q=191, seq_len_k=183, num_heads_q=128, num_heads_kv=2, head_dim_qk=24, head_dim_v=177, with_attn_scale=True, with_attn_bias=False, trans_q=False, trans_k=False, trans_v=False, trans_o=False, causal=True, return_lse=False, split_kv=1, current_seqlen=None, arch='gfx1100', chip='gfx1100', num_cu=70, num_chiplets=1, perfconfig='attn:v1:16,128,32,1,1,2,16,1,1,8,0')
----------------------------------------------------------------------------------------------------
PASS: AttentionConfiguration(datatype='f32', g=6, seq_len_q=1, seq_len_k=9, num_heads_q=128, num_heads_kv=2, head_dim_qk=8, head_dim_v=189, with_attn_scale=False, with_attn_bias=True, trans_q=True, trans_k=False, trans_v=True, trans_o=False, causal=False, return_lse=True, split_kv=1, current_seqlen=[6, 8, 7, 3, 6, 3], arch='gfx1100', chip='gfx1100', num_cu=70, num_chiplets=1, perfconfig='attn:v1:64,16,128,2,1,1,16,1,3,0,4')
Lowering rejected config as not applicable
Command line = -operation attention -t i8 --arch gfx1100 --num_cu 70 --num_chiplets 1 -g 7 -seq_len_q 1 -seq_len_k 291 -num_heads_q 1 -num_heads_kv 1 -head_dim_qk 112 -head_dim_v 201 -with-attn-scale=False -with-attn-bias=False -transQ=False -transK=True -transV=False -transO=False -causal=False -return_lse=True -split_kv=1 --perf_config=attn:v1:16,256,16,1,1,8,32,1,3,1,2 --current_seq_len=11,226,132,131,64,118,163 -pv
Errors = loc("<stdin>":26:1): error: ttg.shared (131072) exceeds LDS limit (65536) for amdgcn-amd-amdhsa:gfx1100
Lowering not applicable.

----------------------------------------------------------------------------------------------------
NOT_APPLICABLE: AttentionConfiguration(datatype='i8', g=7, seq_len_q=1, seq_len_k=291, num_heads_q=1, num_heads_kv=1, head_dim_qk=112, head_dim_v=201, with_attn_scale=False, with_attn_bias=False, trans_q=False, trans_k=True, trans_v=False, trans_o=False, causal=False, return_lse=True, split_kv=1, current_seqlen=[11, 226, 132, 131, 64, 118, 163], arch='gfx1100', chip='gfx1100', num_cu=70, num_chiplets=1, perfconfig='attn:v1:16,256,16,1,1,8,32,1,3,1,2')
Lowering rejected config as not applicable
Command line = -operation attention -t bf16 --arch gfx1100 --num_cu 70 --num_chiplets 1 -g 2 -seq_len_q 97 -seq_len_k 959 -num_heads_q 128 -num_heads_kv 4 -head_dim_qk 62 -head_dim_v 173 -with-attn-scale=False -with-attn-bias=False -transQ=False -transK=False -transV=True -transO=False -causal=True -return_lse=True -split_kv=8 --perf_config=attn:v1:64,128,64,2,1,16,32,1,3,1,2 -pv -RMS_threshold 1e-2
Errors = loc("<stdin>":24:1): error: ttg.shared (180224) exceeds LDS limit (65536) for amdgcn-amd-amdhsa:gfx1100
Lowering not applicable.

----------------------------------------------------------------------------------------------------
NOT_APPLICABLE: AttentionConfiguration(datatype='bf16', g=2, seq_len_q=97, seq_len_k=959, num_heads_q=128, num_heads_kv=4, head_dim_qk=62, head_dim_v=173, with_attn_scale=False, with_attn_bias=False, trans_q=False, trans_k=False, trans_v=True, trans_o=False, causal=True, return_lse=True, split_kv=8, current_seqlen=None, arch='gfx1100', chip='gfx1100', num_cu=70, num_chiplets=1, perfconfig='attn:v1:64,128,64,2,1,16,32,1,3,1,2')
----------------------------------------------------------------------------------------------------
PASS: AttentionConfiguration(datatype='bf16', g=6, seq_len_q=1, seq_len_k=516, num_heads_q=1, num_heads_kv=1, head_dim_qk=62, head_dim_v=38, with_attn_scale=True, with_attn_bias=True, trans_q=True, trans_k=True, trans_v=True, trans_o=True, causal=False, return_lse=False, split_kv=1, current_seqlen=[131, 280, 61, 94, 438, 454], arch='gfx1100', chip='gfx1100', num_cu=70, num_chiplets=1, perfconfig='attn:v1:64,16,16,2,1,1,16,1,1,2,8')
----------------------------------------------------------------------------------------------------
PASS: AttentionConfiguration(datatype='bf16', g=8, seq_len_q=1, seq_len_k=371, num_heads_q=32, num_heads_kv=16, head_dim_qk=186, head_dim_v=76, with_attn_scale=False, with_attn_bias=True, trans_q=False, trans_k=False, trans_v=True, trans_o=False, causal=False, return_lse=True, split_kv=16, current_seqlen=[366, 189, 108, 271, 124, 270, 136, 146], arch='gfx1100', chip='gfx1100', num_cu=70, num_chiplets=1, perfconfig='attn:v1:32,16,128,1,1,2,0,1,2,1,1')
----------------------------------------------------------------------------------------------------
PASS: AttentionConfiguration(datatype='i8', g=5, seq_len_q=773, seq_len_k=158, num_heads_q=1, num_heads_kv=1, head_dim_qk=139, head_dim_v=245, with_attn_scale=False, with_attn_bias=True, trans_q=False, trans_k=True, trans_v=False, trans_o=True, causal=False, return_lse=True, split_kv=1, current_seqlen=None, arch='gfx1100', chip='gfx1100', num_cu=70, num_chiplets=1, perfconfig='attn:v1:32,32,32,1,1,16,0,1,3,4,1')
----------------------------------------------------------------------------------------------------
PASS: AttentionConfiguration(datatype='i8', g=1, seq_len_q=1, seq_len_k=3657, num_heads_q=64, num_heads_kv=32, head_dim_qk=245, head_dim_v=222, with_attn_scale=True, with_attn_bias=False, trans_q=True, trans_k=False, trans_v=True, trans_o=True, causal=True, return_lse=True, split_kv=16, current_seqlen=None, arch='gfx1100', chip='gfx1100', num_cu=70, num_chiplets=1, perfconfig='attn:v1:128,16,128,2,1,8,0,1,1,0,4')
FAIL: Runner returned incorrect result
Config = AttentionConfiguration(datatype='f16', g=2, seq_len_q=1, seq_len_k=334, num_heads_q=1, num_heads_kv=1, head_dim_qk=219, head_dim_v=196, with_attn_scale=False, with_attn_bias=True, trans_q=True, trans_k=True, trans_v=False, trans_o=False, causal=False, return_lse=True, split_kv=4, current_seqlen=[174, 52], arch='gfx1100', chip='gfx1100', num_cu=70, num_chiplets=1, perfconfig='attn:v1:128,32,16,1,1,1,16,1,1,1,1')
Command line = -operation attention -t f16 --arch gfx1100 --num_cu 70 --num_chiplets 1 -g 2 -seq_len_q 1 -seq_len_k 334 -num_heads_q 1 -num_heads_kv 1 -head_dim_qk 219 -head_dim_v 196 -with-attn-scale=False -with-attn-bias=True -transQ=True -transK=True -transV=False -transO=False -causal=False -return_lse=True -split_kv=4 --perf_config=attn:v1:128,32,16,1,1,1,16,1,1,1,1 --current_seq_len=174,52 -pv
Output = Number of elements: 1568
maxAbsDiff info: maxAbsDiff = 0.013824 (valNum = -0.05508, gpuNum = -0.04126), average absDiff = 5.8e-03
maxRelDiff info: maxRelDiff = 2.5e-01 (valNum = -0.0550842285, gpuNum = -0.0412597656), average relDiff = 5.9e-02
RMS = 1.6e-02
Histogram of relDiff: 
        relDiff = 0     : 264/1568 (16.836735%)
     0 < relDiff < 1e-06: 0/1568 (0.000000%)
1e-06 < relDiff <= 1e-05: 0/1568 (0.000000%)
1e-05 < relDiff <= 1e-04: 0/1568 (0.000000%)
1e-04 < relDiff <= 1e-03: 0/1568 (0.000000%)
1e-03 < relDiff <= 1e-02: 524/1568 (33.418367%)
1e-02 < relDiff <= 1e-01: 520/1568 (33.163265%)
1e-01 < relDiff <= 1e+00: 260/1568 (16.581633%)
1e+00 < relDiff < inf   : 0/1568 (0.000000%)
        relDiff = inf   : 0/1568 (0.000000%)
[0 1 1]

FAIL: Timeout in rocmlir-driver stage (120s)
Config = AttentionConfiguration(datatype='f32', g=4, seq_len_q=254, seq_len_k=622, num_heads_q=64, num_heads_kv=32, head_dim_qk=67, head_dim_v=78, with_attn_scale=False, with_attn_bias=False, trans_q=False, trans_k=False, trans_v=False, trans_o=False, causal=True, return_lse=False, split_kv=1, current_seqlen=None, arch='gfx1100', chip='gfx1100', num_cu=70, num_chiplets=1, perfconfig='attn:v1:64,128,64,2,1,1,32,1,1,4,8')
Command line = -operation attention -t f32 --arch gfx1100 --num_cu 70 --num_chiplets 1 -g 4 -seq_len_q 254 -seq_len_k 622 -num_heads_q 64 -num_heads_kv 32 -head_dim_qk 67 -head_dim_v 78 -with-attn-scale=False -with-attn-bias=False -transQ=False -transK=False -transV=False -transO=False -causal=True -return_lse=False -split_kv=1 --perf_config=attn:v1:64,128,64,2,1,1,32,1,1,4,8 -pv -relDiff_threshold 1e-4
----------------------------------------------------------------------------------------------------
PASS: AttentionConfiguration(datatype='i8', g=6, seq_len_q=103, seq_len_k=332, num_heads_q=1, num_heads_kv=1, head_dim_qk=186, head_dim_v=189, with_attn_scale=True, with_attn_bias=False, trans_q=True, trans_k=True, trans_v=True, trans_o=False, causal=True, return_lse=True, split_kv=4, current_seqlen=None, arch='gfx1100', chip='gfx1100', num_cu=70, num_chiplets=1, perfconfig='attn:v1:32,128,16,2,1,4,16,1,2,0,4')
----------------------------------------------------------------------------------------------------
PASS: AttentionConfiguration(datatype='bf16', g=8, seq_len_q=50, seq_len_k=332, num_heads_q=128, num_heads_kv=2, head_dim_qk=126, head_dim_v=216, with_attn_scale=True, with_attn_bias=True, trans_q=True, trans_k=False, trans_v=True, trans_o=False, causal=True, return_lse=True, split_kv=32, current_seqlen=None, arch='gfx1100', chip='gfx1100', num_cu=70, num_chiplets=1, perfconfig='attn:v1:16,64,16,2,1,16,0,1,2,1,2')
Lowering rejected config as not applicable
Command line = -operation attention -t f32 --arch gfx1100 --num_cu 70 --num_chiplets 1 -g 1 -seq_len_q 1 -seq_len_k 2198 -num_heads_q 8 -num_heads_kv 2 -head_dim_qk 14 -head_dim_v 250 -with-attn-scale=False -with-attn-bias=False -transQ=True -transK=False -transV=False -transO=True -causal=False -return_lse=True -split_kv=2 --perf_config=attn:v1:256,64,64,2,1,16,16,1,3,8,0 --current_seq_len=1543 -pv -relDiff_threshold 1e-4
Errors = loc("<stdin>":30:1): error: ttg.shared (229376) exceeds LDS limit (65536) for amdgcn-amd-amdhsa:gfx1100
Lowering not applicable.

----------------------------------------------------------------------------------------------------
NOT_APPLICABLE: AttentionConfiguration(datatype='f32', g=1, seq_len_q=1, seq_len_k=2198, num_heads_q=8, num_heads_kv=2, head_dim_qk=14, head_dim_v=250, with_attn_scale=False, with_attn_bias=False, trans_q=True, trans_k=False, trans_v=False, trans_o=True, causal=False, return_lse=True, split_kv=2, current_seqlen=[1543], arch='gfx1100', chip='gfx1100', num_cu=70, num_chiplets=1, perfconfig='attn:v1:256,64,64,2,1,16,16,1,3,8,0')
----------------------------------------------------------------------------------------------------
PASS: AttentionConfiguration(datatype='bf16', g=1, seq_len_q=1, seq_len_k=2756, num_heads_q=1, num_heads_kv=1, head_dim_qk=126, head_dim_v=103, with_attn_scale=False, with_attn_bias=False, trans_q=False, trans_k=True, trans_v=True, trans_o=True, causal=False, return_lse=False, split_kv=1, current_seqlen=[482], arch='gfx1100', chip='gfx1100', num_cu=70, num_chiplets=1, perfconfig='attn:v1:64,32,32,1,1,4,0,1,2,0,1')
----------------------------------------------------------------------------------------------------
PASS: AttentionConfiguration(datatype='bf16', g=2, seq_len_q=1, seq_len_k=595, num_heads_q=16, num_heads_kv=2, head_dim_qk=253, head_dim_v=62, with_attn_scale=True, with_attn_bias=True, trans_q=True, trans_k=False, trans_v=False, trans_o=False, causal=False, return_lse=True, split_kv=32, current_seqlen=[539, 526], arch='gfx1100', chip='gfx1100', num_cu=70, num_chiplets=1, perfconfig='attn:v1:64,16,32,2,1,16,16,1,2,1,2')
----------------------------------------------------------------------------------------------------
PASS: AttentionConfiguration(datatype='f16', g=1, seq_len_q=1, seq_len_k=2828, num_heads_q=1, num_heads_kv=1, head_dim_qk=44, head_dim_v=124, with_attn_scale=True, with_attn_bias=False, trans_q=True, trans_k=True, trans_v=True, trans_o=True, causal=False, return_lse=True, split_kv=2, current_seqlen=[291], arch='gfx1100', chip='gfx1100', num_cu=70, num_chiplets=1, perfconfig='attn:v1:32,256,32,1,1,2,16,1,3,2,0')
----------------------------------------------------------------------------------------------------
PASS: AttentionConfiguration(datatype='f32', g=2, seq_len_q=1, seq_len_k=58, num_heads_q=128, num_heads_kv=2, head_dim_qk=78, head_dim_v=106, with_attn_scale=False, with_attn_bias=True, trans_q=True, trans_k=True, trans_v=True, trans_o=True, causal=False, return_lse=False, split_kv=1, current_seqlen=[25, 19], arch='gfx1100', chip='gfx1100', num_cu=70, num_chiplets=1, perfconfig='attn:v1:32,32,32,1,1,2,16,1,1,0,1')
----------------------------------------------------------------------------------------------------
PASS: AttentionConfiguration(datatype='i8', g=2, seq_len_q=1, seq_len_k=1322, num_heads_q=64, num_heads_kv=4, head_dim_qk=107, head_dim_v=197, with_attn_scale=True, with_attn_bias=True, trans_q=True, trans_k=False, trans_v=False, trans_o=False, causal=False, return_lse=True, split_kv=2, current_seqlen=[540, 319], arch='gfx1100', chip='gfx1100', num_cu=70, num_chiplets=1, perfconfig='attn:v1:128,128,64,1,1,2,0,1,3,4,8')
----------------------------------------------------------------------------------------------------
FAIL: AttentionConfiguration(datatype='f16', g=2, seq_len_q=1, seq_len_k=334, num_heads_q=1, num_heads_kv=1, head_dim_qk=219, head_dim_v=196, with_attn_scale=False, with_attn_bias=True, trans_q=True, trans_k=True, trans_v=False, trans_o=False, causal=False, return_lse=True, split_kv=4, current_seqlen=[174, 52], arch='gfx1100', chip='gfx1100', num_cu=70, num_chiplets=1, perfconfig='attn:v1:128,32,16,1,1,1,16,1,1,1,1')
----------------------------------------------------------------------------------------------------
FAIL: AttentionConfiguration(datatype='f32', g=4, seq_len_q=254, seq_len_k=622, num_heads_q=64, num_heads_kv=32, head_dim_qk=67, head_dim_v=78, with_attn_scale=False, with_attn_bias=False, trans_q=False, trans_k=False, trans_v=False, trans_o=False, causal=True, return_lse=False, split_kv=1, current_seqlen=None, arch='gfx1100', chip='gfx1100', num_cu=70, num_chiplets=1, perfconfig='attn:v1:64,128,64,2,1,1,32,1,1,4,8')
Lowering rejected config as not applicable
Command line = -operation attention -t bf16 --arch gfx1100 --num_cu 70 --num_chiplets 1 -g 8 -seq_len_q 1 -seq_len_k 285 -num_heads_q 16 -num_heads_kv 2 -head_dim_qk 172 -head_dim_v 131 -with-attn-scale=False -with-attn-bias=False -transQ=False -transK=False -transV=False -transO=True -causal=False -return_lse=False -split_kv=1 --perf_config=attn:v1:16,256,32,1,1,8,0,1,2,2,8 --current_seq_len=143,96,148,98,208,77,268,183 -pv -RMS_threshold 1e-2
Errors = loc("<stdin>":26:1): error: ttg.shared (131072) exceeds LDS limit (65536) for amdgcn-amd-amdhsa:gfx1100
Lowering not applicable.

----------------------------------------------------------------------------------------------------
NOT_APPLICABLE: AttentionConfiguration(datatype='bf16', g=8, seq_len_q=1, seq_len_k=285, num_heads_q=16, num_heads_kv=2, head_dim_qk=172, head_dim_v=131, with_attn_scale=False, with_attn_bias=False, trans_q=False, trans_k=False, trans_v=False, trans_o=True, causal=False, return_lse=False, split_kv=1, current_seqlen=[143, 96, 148, 98, 208, 77, 268, 183], arch='gfx1100', chip='gfx1100', num_cu=70, num_chiplets=1, perfconfig='attn:v1:16,256,32,1,1,8,0,1,2,2,8')
Lowering rejected config as not applicable
Command line = -operation attention -t f32 --arch gfx1100 --num_cu 70 --num_chiplets 1 -g 5 -seq_len_q 105 -seq_len_k 681 -num_heads_q 1 -num_heads_kv 1 -head_dim_qk 90 -head_dim_v 200 -with-attn-scale=True -with-attn-bias=True -transQ=True -transK=True -transV=False -transO=False -causal=False -return_lse=False -split_kv=1 --perf_config=attn:v1:32,256,32,2,1,8,16,1,2,8,8 -pv -relDiff_threshold 1e-4
Errors = loc("<stdin>":14:1): error: ttg.shared (262144) exceeds LDS limit (65536) for amdgcn-amd-amdhsa:gfx1100
Lowering not applicable.

----------------------------------------------------------------------------------------------------
NOT_APPLICABLE: AttentionConfiguration(datatype='f32', g=5, seq_len_q=105, seq_len_k=681, num_heads_q=1, num_heads_kv=1, head_dim_qk=90, head_dim_v=200, with_attn_scale=True, with_attn_bias=True, trans_q=True, trans_k=True, trans_v=False, trans_o=False, causal=False, return_lse=False, split_kv=1, current_seqlen=None, arch='gfx1100', chip='gfx1100', num_cu=70, num_chiplets=1, perfconfig='attn:v1:32,256,32,2,1,8,16,1,2,8,8')
----------------------------------------------------------------------------------------------------
PASS: AttentionConfiguration(datatype='i8', g=7, seq_len_q=1, seq_len_k=360, num_heads_q=8, num_heads_kv=4, head_dim_qk=213, head_dim_v=141, with_attn_scale=False, with_attn_bias=False, trans_q=True, trans_k=True, trans_v=True, trans_o=False, causal=False, return_lse=False, split_kv=1, current_seqlen=[313, 217, 355, 314, 30, 91, 87], arch='gfx1100', chip='gfx1100', num_cu=70, num_chiplets=1, perfconfig='attn:v1:16,32,16,1,1,8,32,1,1,2,8')
----------------------------------------------------------------------------------------------------
PASS: AttentionConfiguration(datatype='bf16', g=6, seq_len_q=1, seq_len_k=75, num_heads_q=128, num_heads_kv=8, head_dim_qk=227, head_dim_v=157, with_attn_scale=False, with_attn_bias=False, trans_q=False, trans_k=False, trans_v=False, trans_o=False, causal=False, return_lse=False, split_kv=1, current_seqlen=[17, 31, 22, 50, 15, 52], arch='gfx1100', chip='gfx1100', num_cu=70, num_chiplets=1, perfconfig='attn:v1:16,32,32,2,1,16,16,1,2,4,8')
----------------------------------------------------------------------------------------------------
PASS: AttentionConfiguration(datatype='bf16', g=6, seq_len_q=1, seq_len_k=585, num_heads_q=64, num_heads_kv=2, head_dim_qk=178, head_dim_v=42, with_attn_scale=True, with_attn_bias=True, trans_q=True, trans_k=True, trans_v=True, trans_o=True, causal=False, return_lse=True, split_kv=4, current_seqlen=[482, 251, 421, 110, 223, 443], arch='gfx1100', chip='gfx1100', num_cu=70, num_chiplets=1, perfconfig='attn:v1:32,16,128,2,1,4,0,1,2,2,1')
----------------------------------------------------------------------------------------------------
PASS: AttentionConfiguration(datatype='i8', g=8, seq_len_q=1, seq_len_k=242, num_heads_q=1, num_heads_kv=1, head_dim_qk=200, head_dim_v=124, with_attn_scale=True, with_attn_bias=True, trans_q=True, trans_k=False, trans_v=True, trans_o=False, causal=False, return_lse=True, split_kv=1, current_seqlen=[119, 228, 38, 144, 229, 236, 88, 106], arch='gfx1100', chip='gfx1100', num_cu=70, num_chiplets=1, perfconfig='attn:v1:16,128,128,1,1,1,0,1,1,2,2')
----------------------------------------------------------------------------------------------------
PASS: AttentionConfiguration(datatype='bf16', g=4, seq_len_q=1, seq_len_k=348, num_heads_q=16, num_heads_kv=8, head_dim_qk=3, head_dim_v=90, with_attn_scale=False, with_attn_bias=False, trans_q=False, trans_k=True, trans_v=False, trans_o=False, causal=False, return_lse=True, split_kv=32, current_seqlen=[313, 191, 303, 164], arch='gfx1100', chip='gfx1100', num_cu=70, num_chiplets=1, perfconfig='attn:v1:256,64,64,1,1,2,0,1,1,4,1')
----------------------------------------------------------------------------------------------------
PASS: AttentionConfiguration(datatype='bf16', g=3, seq_len_q=36, seq_len_k=741, num_heads_q=16, num_heads_kv=2, head_dim_qk=24, head_dim_v=241, with_attn_scale=False, with_attn_bias=False, trans_q=False, trans_k=False, trans_v=False, trans_o=True, causal=False, return_lse=True, split_kv=8, current_seqlen=None, arch='gfx1100', chip='gfx1100', num_cu=70, num_chiplets=1, perfconfig='attn:v1:64,16,64,2,1,1,32,1,1,4,2')
Lowering rejected config as not applicable
Command line = -operation attention -t f16 --arch gfx1100 --num_cu 70 --num_chiplets 1 -g 5 -seq_len_q 1 -seq_len_k 801 -num_heads_q 1 -num_heads_kv 1 -head_dim_qk 153 -head_dim_v 152 -with-attn-scale=False -with-attn-bias=True -transQ=True -transK=True -transV=True -transO=True -causal=False -return_lse=False -split_kv=1 --perf_config=attn:v1:256,16,128,2,1,16,32,1,3,2,8 --current_seq_len=382,111,677,14,433 -pv
Errors = loc("<stdin>":25:1): error: ttg.shared (139264) exceeds LDS limit (65536) for amdgcn-amd-amdhsa:gfx1100
Lowering not applicable.

----------------------------------------------------------------------------------------------------
NOT_APPLICABLE: AttentionConfiguration(datatype='f16', g=5, seq_len_q=1, seq_len_k=801, num_heads_q=1, num_heads_kv=1, head_dim_qk=153, head_dim_v=152, with_attn_scale=False, with_attn_bias=True, trans_q=True, trans_k=True, trans_v=True, trans_o=True, causal=False, return_lse=False, split_kv=1, current_seqlen=[382, 111, 677, 14, 433], arch='gfx1100', chip='gfx1100', num_cu=70, num_chiplets=1, perfconfig='attn:v1:256,16,128,2,1,16,32,1,3,2,8')
Lowering rejected config as not applicable
Command line = -operation attention -t f16 --arch gfx1100 --num_cu 70 --num_chiplets 1 -g 5 -seq_len_q 1 -seq_len_k 116 -num_heads_q 128 -num_heads_kv 8 -head_dim_qk 96 -head_dim_v 12 -with-attn-scale=False -with-attn-bias=False -transQ=True -transK=False -transV=True -transO=True -causal=False -return_lse=True -split_kv=32 --perf_config=attn:v1:16,128,128,2,1,1,32,1,3,4,8 --current_seq_len=43,55,3,50,13 -pv
Errors = loc("<stdin>":31:1): error: ttg.shared (73728) exceeds LDS limit (65536) for amdgcn-amd-amdhsa:gfx1100
Lowering not applicable.

----------------------------------------------------------------------------------------------------
NOT_APPLICABLE: AttentionConfiguration(datatype='f16', g=5, seq_len_q=1, seq_len_k=116, num_heads_q=128, num_heads_kv=8, head_dim_qk=96, head_dim_v=12, with_attn_scale=False, with_attn_bias=False, trans_q=True, trans_k=False, trans_v=True, trans_o=True, causal=False, return_lse=True, split_kv=32, current_seqlen=[43, 55, 3, 50, 13], arch='gfx1100', chip='gfx1100', num_cu=70, num_chiplets=1, perfconfig='attn:v1:16,128,128,2,1,1,32,1,3,4,8')
----------------------------------------------------------------------------------------------------
PASS: AttentionConfiguration(datatype='f16', g=1, seq_len_q=1, seq_len_k=3725, num_heads_q=1, num_heads_kv=1, head_dim_qk=71, head_dim_v=127, with_attn_scale=True, with_attn_bias=True, trans_q=False, trans_k=True, trans_v=True, trans_o=False, causal=False, return_lse=False, split_kv=1, current_seqlen=[2217], arch='gfx1100', chip='gfx1100', num_cu=70, num_chiplets=1, perfconfig='attn:v1:32,32,128,1,1,4,32,1,3,4,8')
Lowering rejected config as not applicable
Command line = -operation attention -t f32 --arch gfx1100 --num_cu 70 --num_chiplets 1 -g 3 -seq_len_q 642 -seq_len_k 87 -num_heads_q 1 -num_heads_kv 1 -head_dim_qk 39 -head_dim_v 145 -with-attn-scale=True -with-attn-bias=False -transQ=True -transK=False -transV=False -transO=False -causal=True -return_lse=False -split_kv=1 --perf_config=attn:v1:256,128,128,1,1,4,32,1,1,1,8 -pv -relDiff_threshold 1e-4
Errors = loc("<stdin>":16:1): error: ttg.shared (131072) exceeds LDS limit (65536) for amdgcn-amd-amdhsa:gfx1100
Lowering not applicable.

----------------------------------------------------------------------------------------------------
NOT_APPLICABLE: AttentionConfiguration(datatype='f32', g=3, seq_len_q=642, seq_len_k=87, num_heads_q=1, num_heads_kv=1, head_dim_qk=39, head_dim_v=145, with_attn_scale=True, with_attn_bias=False, trans_q=True, trans_k=False, trans_v=False, trans_o=False, causal=True, return_lse=False, split_kv=1, current_seqlen=None, arch='gfx1100', chip='gfx1100', num_cu=70, num_chiplets=1, perfconfig='attn:v1:256,128,128,1,1,4,32,1,1,1,8')
----------------------------------------------------------------------------------------------------
PASS: AttentionConfiguration(datatype='bf16', g=2, seq_len_q=1, seq_len_k=1826, num_heads_q=1, num_heads_kv=1, head_dim_qk=177, head_dim_v=108, with_attn_scale=False, with_attn_bias=False, trans_q=True, trans_k=True, trans_v=True, trans_o=True, causal=False, return_lse=False, split_kv=1, current_seqlen=[1136, 1139], arch='gfx1100', chip='gfx1100', num_cu=70, num_chiplets=1, perfconfig='attn:v1:128,32,128,1,1,2,32,1,2,8,2')
FAIL: Timeout in rocmlir-driver stage (120s)
Config = AttentionConfiguration(datatype='f32', g=7, seq_len_q=25, seq_len_k=327, num_heads_q=128, num_heads_kv=2, head_dim_qk=136, head_dim_v=148, with_attn_scale=False, with_attn_bias=True, trans_q=False, trans_k=True, trans_v=True, trans_o=True, causal=True, return_lse=True, split_kv=2, current_seqlen=None, arch='gfx1100', chip='gfx1100', num_cu=70, num_chiplets=1, perfconfig='attn:v1:128,64,128,1,1,1,0,1,1,0,4')
Command line = -operation attention -t f32 --arch gfx1100 --num_cu 70 --num_chiplets 1 -g 7 -seq_len_q 25 -seq_len_k 327 -num_heads_q 128 -num_heads_kv 2 -head_dim_qk 136 -head_dim_v 148 -with-attn-scale=False -with-attn-bias=True -transQ=False -transK=True -transV=True -transO=True -causal=True -return_lse=True -split_kv=2 --perf_config=attn:v1:128,64,128,1,1,1,0,1,1,0,4 -pv -relDiff_threshold 1e-4
----------------------------------------------------------------------------------------------------
PASS: AttentionConfiguration(datatype='i8', g=7, seq_len_q=69, seq_len_k=339, num_heads_q=128, num_heads_kv=32, head_dim_qk=31, head_dim_v=31, with_attn_scale=True, with_attn_bias=False, trans_q=False, trans_k=False, trans_v=True, trans_o=False, causal=True, return_lse=False, split_kv=1, current_seqlen=None, arch='gfx1100', chip='gfx1100', num_cu=70, num_chiplets=1, perfconfig='attn:v1:16,64,16,2,1,4,16,1,3,0,1')
----------------------------------------------------------------------------------------------------
PASS: AttentionConfiguration(datatype='i8', g=6, seq_len_q=441, seq_len_k=373, num_heads_q=64, num_heads_kv=16, head_dim_qk=121, head_dim_v=150, with_attn_scale=True, with_attn_bias=False, trans_q=True, trans_k=True, trans_v=False, trans_o=False, causal=True, return_lse=True, split_kv=1, current_seqlen=None, arch='gfx1100', chip='gfx1100', num_cu=70, num_chiplets=1, perfconfig='attn:v1:16,16,128,2,1,1,0,1,2,8,0')
----------------------------------------------------------------------------------------------------
FAIL: AttentionConfiguration(datatype='f32', g=7, seq_len_q=25, seq_len_k=327, num_heads_q=128, num_heads_kv=2, head_dim_qk=136, head_dim_v=148, with_attn_scale=False, with_attn_bias=True, trans_q=False, trans_k=True, trans_v=True, trans_o=True, causal=True, return_lse=True, split_kv=2, current_seqlen=None, arch='gfx1100', chip='gfx1100', num_cu=70, num_chiplets=1, perfconfig='attn:v1:128,64,128,1,1,1,0,1,1,0,4')
Lowering rejected config as not applicable
Command line = -operation attention -t f32 --arch gfx1100 --num_cu 70 --num_chiplets 1 -g 4 -seq_len_q 1 -seq_len_k 560 -num_heads_q 128 -num_heads_kv 2 -head_dim_qk 53 -head_dim_v 210 -with-attn-scale=False -with-attn-bias=False -transQ=False -transK=True -transV=False -transO=True -causal=False -return_lse=True -split_kv=2 --perf_config=attn:v1:64,128,16,1,1,8,16,1,1,2,0 --current_seq_len=222,331,481,238 -pv -relDiff_threshold 1e-4
Errors = loc("<stdin>":31:1): error: ttg.shared (131072) exceeds LDS limit (65536) for amdgcn-amd-amdhsa:gfx1100
Lowering not applicable.

----------------------------------------------------------------------------------------------------
NOT_APPLICABLE: AttentionConfiguration(datatype='f32', g=4, seq_len_q=1, seq_len_k=560, num_heads_q=128, num_heads_kv=2, head_dim_qk=53, head_dim_v=210, with_attn_scale=False, with_attn_bias=False, trans_q=False, trans_k=True, trans_v=False, trans_o=True, causal=False, return_lse=True, split_kv=2, current_seqlen=[222, 331, 481, 238], arch='gfx1100', chip='gfx1100', num_cu=70, num_chiplets=1, perfconfig='attn:v1:64,128,16,1,1,8,16,1,1,2,0')
Lowering rejected config as not applicable
Command line = -operation attention -t i8 --arch gfx1100 --num_cu 70 --num_chiplets 1 -g 2 -seq_len_q 134 -seq_len_k 1128 -num_heads_q 1 -num_heads_kv 1 -head_dim_qk 135 -head_dim_v 256 -with-attn-scale=True -with-attn-bias=True -transQ=True -transK=True -transV=True -transO=False -causal=False -return_lse=True -split_kv=16 --perf_config=attn:v1:32,256,16,1,1,4,0,1,2,0,1 -pv
Errors = loc("<stdin>":29:1): error: ttg.shared (131072) exceeds LDS limit (65536) for amdgcn-amd-amdhsa:gfx1100
Lowering not applicable.

----------------------------------------------------------------------------------------------------
NOT_APPLICABLE: AttentionConfiguration(datatype='i8', g=2, seq_len_q=134, seq_len_k=1128, num_heads_q=1, num_heads_kv=1, head_dim_qk=135, head_dim_v=256, with_attn_scale=True, with_attn_bias=True, trans_q=True, trans_k=True, trans_v=True, trans_o=False, causal=False, return_lse=True, split_kv=16, current_seqlen=None, arch='gfx1100', chip='gfx1100', num_cu=70, num_chiplets=1, perfconfig='attn:v1:32,256,16,1,1,4,0,1,2,0,1')
Lowering rejected config as not applicable
Command line = -operation attention -t f32 --arch gfx1100 --num_cu 70 --num_chiplets 1 -g 1 -seq_len_q 1 -seq_len_k 2888 -num_heads_q 1 -num_heads_kv 1 -head_dim_qk 174 -head_dim_v 153 -with-attn-scale=False -with-attn-bias=True -transQ=False -transK=True -transV=False -transO=True -causal=False -return_lse=False -split_kv=1 --perf_config=attn:v1:16,256,128,1,1,1,0,1,3,4,1 --current_seq_len=259 -pv -relDiff_threshold 1e-4
Errors = loc("<stdin>":22:1): error: ttg.shared (278528) exceeds LDS limit (65536) for amdgcn-amd-amdhsa:gfx1100
Lowering not applicable.

----------------------------------------------------------------------------------------------------
NOT_APPLICABLE: AttentionConfiguration(datatype='f32', g=1, seq_len_q=1, seq_len_k=2888, num_heads_q=1, num_heads_kv=1, head_dim_qk=174, head_dim_v=153, with_attn_scale=False, with_attn_bias=True, trans_q=False, trans_k=True, trans_v=False, trans_o=True, causal=False, return_lse=False, split_kv=1, current_seqlen=[259], arch='gfx1100', chip='gfx1100', num_cu=70, num_chiplets=1, perfconfig='attn:v1:16,256,128,1,1,1,0,1,3,4,1')
Lowering rejected config as not applicable
Command line = -operation attention -t f32 --arch gfx1100 --num_cu 70 --num_chiplets 1 -g 4 -seq_len_q 1 -seq_len_k 327 -num_heads_q 1 -num_heads_kv 1 -head_dim_qk 205 -head_dim_v 105 -with-attn-scale=True -with-attn-bias=False -transQ=True -transK=True -transV=False -transO=True -causal=False -return_lse=True -split_kv=4 --perf_config=attn:v1:128,256,32,1,1,4,0,1,3,1,4 --current_seq_len=84,44,197,84 -pv -relDiff_threshold 1e-4
Errors = loc("<stdin>":29:1): error: ttg.shared (131072) exceeds LDS limit (65536) for amdgcn-amd-amdhsa:gfx1100
Lowering not applicable.

----------------------------------------------------------------------------------------------------
NOT_APPLICABLE: AttentionConfiguration(datatype='f32', g=4, seq_len_q=1, seq_len_k=327, num_heads_q=1, num_heads_kv=1, head_dim_qk=205, head_dim_v=105, with_attn_scale=True, with_attn_bias=False, trans_q=True, trans_k=True, trans_v=False, trans_o=True, causal=False, return_lse=True, split_kv=4, current_seqlen=[84, 44, 197, 84], arch='gfx1100', chip='gfx1100', num_cu=70, num_chiplets=1, perfconfig='attn:v1:128,256,32,1,1,4,0,1,3,1,4')
----------------------------------------------------------------------------------------------------
PASS: AttentionConfiguration(datatype='bf16', g=3, seq_len_q=52, seq_len_k=697, num_heads_q=64, num_heads_kv=8, head_dim_qk=255, head_dim_v=84, with_attn_scale=True, with_attn_bias=False, trans_q=True, trans_k=False, trans_v=False, trans_o=False, causal=False, return_lse=False, split_kv=1, current_seqlen=None, arch='gfx1100', chip='gfx1100', num_cu=70, num_chiplets=1, perfconfig='attn:v1:64,16,64,2,1,16,0,1,2,1,8')
----------------------------------------------------------------------------------------------------
PASS: AttentionConfiguration(datatype='bf16', g=4, seq_len_q=1, seq_len_k=696, num_heads_q=1, num_heads_kv=1, head_dim_qk=186, head_dim_v=195, with_attn_scale=True, with_attn_bias=False, trans_q=False, trans_k=True, trans_v=False, trans_o=True, causal=False, return_lse=True, split_kv=4, current_seqlen=[272, 652, 82, 260], arch='gfx1100', chip='gfx1100', num_cu=70, num_chiplets=1, perfconfig='attn:v1:128,64,128,1,1,4,16,1,2,1,2')
----------------------------------------------------------------------------------------------------
PASS: AttentionConfiguration(datatype='f16', g=5, seq_len_q=172, seq_len_k=343, num_heads_q=8, num_heads_kv=2, head_dim_qk=42, head_dim_v=16, with_attn_scale=True, with_attn_bias=False, trans_q=True, trans_k=False, trans_v=False, trans_o=True, causal=True, return_lse=False, split_kv=1, current_seqlen=None, arch='gfx1100', chip='gfx1100', num_cu=70, num_chiplets=1, perfconfig='attn:v1:32,256,64,2,1,1,0,1,1,0,0')
----------------------------------------------------------------------------------------------------
PASS: AttentionConfiguration(datatype='f32', g=5, seq_len_q=1, seq_len_k=138, num_heads_q=64, num_heads_kv=2, head_dim_qk=228, head_dim_v=74, with_attn_scale=False, with_attn_bias=True, trans_q=False, trans_k=False, trans_v=False, trans_o=False, causal=False, return_lse=False, split_kv=1, current_seqlen=[129, 88, 20, 110, 1], arch='gfx1100', chip='gfx1100', num_cu=70, num_chiplets=1, perfconfig='attn:v1:256,64,32,1,1,4,0,1,2,1,1')
Lowering rejected config as not applicable
Command line = -operation attention -t f32 --arch gfx1100 --num_cu 70 --num_chiplets 1 -g 3 -seq_len_q 151 -seq_len_k 1141 -num_heads_q 4 -num_heads_kv 2 -head_dim_qk 17 -head_dim_v 208 -with-attn-scale=False -with-attn-bias=False -transQ=True -transK=False -transV=False -transO=True -causal=True -return_lse=False -split_kv=1 --perf_config=attn:v1:16,32,32,2,1,1,32,1,3,8,8 -pv -relDiff_threshold 1e-4
Errors = loc("<stdin>":17:1): error: ttg.shared (75776) exceeds LDS limit (65536) for amdgcn-amd-amdhsa:gfx1100
Lowering not applicable.

----------------------------------------------------------------------------------------------------
NOT_APPLICABLE: AttentionConfiguration(datatype='f32', g=3, seq_len_q=151, seq_len_k=1141, num_heads_q=4, num_heads_kv=2, head_dim_qk=17, head_dim_v=208, with_attn_scale=False, with_attn_bias=False, trans_q=True, trans_k=False, trans_v=False, trans_o=True, causal=True, return_lse=False, split_kv=1, current_seqlen=None, arch='gfx1100', chip='gfx1100', num_cu=70, num_chiplets=1, perfconfig='attn:v1:16,32,32,2,1,1,32,1,3,8,8')
Lowering rejected config as not applicable
Command line = -operation attention -t bf16 --arch gfx1100 --num_cu 70 --num_chiplets 1 -g 4 -seq_len_q 642 -seq_len_k 15 -num_heads_q 64 -num_heads_kv 16 -head_dim_qk 189 -head_dim_v 5 -with-attn-scale=False -with-attn-bias=True -transQ=True -transK=False -transV=False -transO=True -causal=True -return_lse=False -split_kv=1 --perf_config=attn:v1:256,16,64,2,1,2,0,1,3,8,8 -pv -RMS_threshold 1e-2
Errors = loc("<stdin>":20:1): error: ttg.shared (69632) exceeds LDS limit (65536) for amdgcn-amd-amdhsa:gfx1100
Lowering not applicable.

----------------------------------------------------------------------------------------------------
NOT_APPLICABLE: AttentionConfiguration(datatype='bf16', g=4, seq_len_q=642, seq_len_k=15, num_heads_q=64, num_heads_kv=16, head_dim_qk=189, head_dim_v=5, with_attn_scale=False, with_attn_bias=True, trans_q=True, trans_k=False, trans_v=False, trans_o=True, causal=True, return_lse=False, split_kv=1, current_seqlen=None, arch='gfx1100', chip='gfx1100', num_cu=70, num_chiplets=1, perfconfig='attn:v1:256,16,64,2,1,2,0,1,3,8,8')
----------------------------------------------------------------------------------------------------
PASS: AttentionConfiguration(datatype='bf16', g=4, seq_len_q=93, seq_len_k=23, num_heads_q=64, num_heads_kv=2, head_dim_qk=89, head_dim_v=230, with_attn_scale=True, with_attn_bias=True, trans_q=True, trans_k=True, trans_v=False, trans_o=True, causal=True, return_lse=True, split_kv=2, current_seqlen=None, arch='gfx1100', chip='gfx1100', num_cu=70, num_chiplets=1, perfconfig='attn:v1:32,128,32,2,1,4,32,1,1,2,0')
----------------------------------------------------------------------------------------------------
PASS: AttentionConfiguration(datatype='f16', g=8, seq_len_q=390, seq_len_k=102, num_heads_q=1, num_heads_kv=1, head_dim_qk=193, head_dim_v=240, with_attn_scale=False, with_attn_bias=False, trans_q=False, trans_k=True, trans_v=False, trans_o=True, causal=False, return_lse=True, split_kv=8, current_seqlen=None, arch='gfx1100', chip='gfx1100', num_cu=70, num_chiplets=1, perfconfig='attn:v1:256,32,32,1,1,16,0,1,1,1,2')
Lowering rejected config as not applicable
Command line = -operation attention -t f16 --arch gfx1100 --num_cu 70 --num_chiplets 1 -g 7 -seq_len_q 294 -seq_len_k 102 -num_heads_q 1 -num_heads_kv 1 -head_dim_qk 157 -head_dim_v 134 -with-attn-scale=True -with-attn-bias=False -transQ=True -transK=False -transV=True -transO=False -causal=True -return_lse=False -split_kv=1 --perf_config=attn:v1:64,256,32,1,1,2,32,1,3,8,8 -pv
Errors = loc("<stdin>":16:1): error: ttg.shared (131072) exceeds LDS limit (65536) for amdgcn-amd-amdhsa:gfx1100
Lowering not applicable.

----------------------------------------------------------------------------------------------------
NOT_APPLICABLE: AttentionConfiguration(datatype='f16', g=7, seq_len_q=294, seq_len_k=102, num_heads_q=1, num_heads_kv=1, head_dim_qk=157, head_dim_v=134, with_attn_scale=True, with_attn_bias=False, trans_q=True, trans_k=False, trans_v=True, trans_o=False, causal=True, return_lse=False, split_kv=1, current_seqlen=None, arch='gfx1100', chip='gfx1100', num_cu=70, num_chiplets=1, perfconfig='attn:v1:64,256,32,1,1,2,32,1,3,8,8')
----------------------------------------------------------------------------------------------------
PASS: AttentionConfiguration(datatype='i8', g=3, seq_len_q=235, seq_len_k=646, num_heads_q=1, num_heads_kv=1, head_dim_qk=224, head_dim_v=207, with_attn_scale=True, with_attn_bias=False, trans_q=False, trans_k=False, trans_v=True, trans_o=False, causal=True, return_lse=False, split_kv=1, current_seqlen=None, arch='gfx1100', chip='gfx1100', num_cu=70, num_chiplets=1, perfconfig='attn:v1:64,32,128,2,1,2,32,1,1,2,2')
----------------------------------------------------------------------------------------------------
PASS: AttentionConfiguration(datatype='i8', g=8, seq_len_q=397, seq_len_k=485, num_heads_q=32, num_heads_kv=8, head_dim_qk=45, head_dim_v=59, with_attn_scale=False, with_attn_bias=True, trans_q=False, trans_k=False, trans_v=False, trans_o=False, causal=False, return_lse=False, split_kv=1, current_seqlen=None, arch='gfx1100', chip='gfx1100', num_cu=70, num_chiplets=1, perfconfig='attn:v1:64,32,32,2,1,8,0,1,2,4,4')
----------------------------------------------------------------------------------------------------
PASS: AttentionConfiguration(datatype='f16', g=3, seq_len_q=168, seq_len_k=490, num_heads_q=64, num_heads_kv=32, head_dim_qk=183, head_dim_v=44, with_attn_scale=True, with_attn_bias=True, trans_q=False, trans_k=False, trans_v=False, trans_o=False, causal=True, return_lse=False, split_kv=1, current_seqlen=None, arch='gfx1100', chip='gfx1100', num_cu=70, num_chiplets=1, perfconfig='attn:v1:128,32,32,1,1,2,32,1,2,1,4')
----------------------------------------------------------------------------------------------------
PASS: AttentionConfiguration(datatype='f32', g=5, seq_len_q=1, seq_len_k=666, num_heads_q=1, num_heads_kv=1, head_dim_qk=228, head_dim_v=157, with_attn_scale=True, with_attn_bias=True, trans_q=True, trans_k=True, trans_v=False, trans_o=True, causal=False, return_lse=False, split_kv=1, current_seqlen=[571, 611, 567, 76, 605], arch='gfx1100', chip='gfx1100', num_cu=70, num_chiplets=1, perfconfig='attn:v1:32,16,64,2,1,16,32,1,2,8,2')
----------------------------------------------------------------------------------------------------
PASS: AttentionConfiguration(datatype='bf16', g=7, seq_len_q=149, seq_len_k=49, num_heads_q=32, num_heads_kv=2, head_dim_qk=248, head_dim_v=137, with_attn_scale=False, with_attn_bias=False, trans_q=False, trans_k=True, trans_v=False, trans_o=True, causal=True, return_lse=False, split_kv=1, current_seqlen=None, arch='gfx1100', chip='gfx1100', num_cu=70, num_chiplets=1, perfconfig='attn:v1:16,32,32,1,1,4,16,1,1,1,2')
----------------------------------------------------------------------------------------------------
PASS: AttentionConfiguration(datatype='bf16', g=2, seq_len_q=1, seq_len_k=465, num_heads_q=128, num_heads_kv=64, head_dim_qk=223, head_dim_v=65, with_attn_scale=False, with_attn_bias=False, trans_q=True, trans_k=False, trans_v=False, trans_o=True, causal=False, return_lse=True, split_kv=1, current_seqlen=[22, 133], arch='gfx1100', chip='gfx1100', num_cu=70, num_chiplets=1, perfconfig='attn:v1:64,256,32,2,1,16,16,1,3,2,0')
FAIL: Timeout in rocmlir-driver stage (120s)
Config = AttentionConfiguration(datatype='f32', g=4, seq_len_q=1, seq_len_k=778, num_heads_q=128, num_heads_kv=2, head_dim_qk=225, head_dim_v=195, with_attn_scale=False, with_attn_bias=False, trans_q=True, trans_k=True, trans_v=False, trans_o=True, causal=False, return_lse=False, split_kv=1, current_seqlen=[755, 413, 243, 451], arch='gfx1100', chip='gfx1100', num_cu=70, num_chiplets=1, perfconfig='attn:v1:256,64,16,2,1,1,32,1,3,4,4')
Command line = -operation attention -t f32 --arch gfx1100 --num_cu 70 --num_chiplets 1 -g 4 -seq_len_q 1 -seq_len_k 778 -num_heads_q 128 -num_heads_kv 2 -head_dim_qk 225 -head_dim_v 195 -with-attn-scale=False -with-attn-bias=False -transQ=True -transK=True -transV=False -transO=True -causal=False -return_lse=False -split_kv=1 --perf_config=attn:v1:256,64,16,2,1,1,32,1,3,4,4 --current_seq_len=755,413,243,451 -pv -relDiff_threshold 1e-4
FAIL: Runner returned incorrect result
Config = AttentionConfiguration(datatype='f16', g=5, seq_len_q=1, seq_len_k=516, num_heads_q=1, num_heads_kv=1, head_dim_qk=21, head_dim_v=85, with_attn_scale=False, with_attn_bias=True, trans_q=False, trans_k=False, trans_v=False, trans_o=True, causal=False, return_lse=True, split_kv=8, current_seqlen=[444, 104, 482, 72, 466], arch='gfx1100', chip='gfx1100', num_cu=70, num_chiplets=1, perfconfig='attn:v1:128,32,16,2,1,8,0,1,3,0,8')
Command line = -operation attention -t f16 --arch gfx1100 --num_cu 70 --num_chiplets 1 -g 5 -seq_len_q 1 -seq_len_k 516 -num_heads_q 1 -num_heads_kv 1 -head_dim_qk 21 -head_dim_v 85 -with-attn-scale=False -with-attn-bias=True -transQ=False -transK=False -transV=False -transO=True -causal=False -return_lse=True -split_kv=8 --perf_config=attn:v1:128,32,16,2,1,8,0,1,3,0,8 --current_seq_len=444,104,482,72,466 -pv
Output = Number of elements: 3400
maxAbsDiff info: maxAbsDiff = 0.037842 (valNum = -0.40942, gpuNum = -0.37158), average absDiff = 9.2e-03
maxRelDiff info: maxRelDiff = 2.2e+01 (valNum = 0.0000858307, gpuNum = -0.0018129349), average relDiff = 3.6e+00
RMS = 2.3e-02
Histogram of relDiff: 
        relDiff = 0     : 0/3400 (0.000000%)
     0 < relDiff < 1e-06: 0/3400 (0.000000%)
1e-06 < relDiff <= 1e-05: 0/3400 (0.000000%)
1e-05 < relDiff <= 1e-04: 0/3400 (0.000000%)
1e-04 < relDiff <= 1e-03: 464/3400 (13.647059%)
1e-03 < relDiff <= 1e-02: 1144/3400 (33.647059%)
1e-02 < relDiff <= 1e-01: 672/3400 (19.764706%)
1e-01 < relDiff <= 1e+00: 0/3400 (0.000000%)
1e+00 < relDiff < inf   : 1120/3400 (32.941176%)
        relDiff = inf   : 0/3400 (0.000000%)
[0 1 1]

----------------------------------------------------------------------------------------------------
PASS: AttentionConfiguration(datatype='i8', g=6, seq_len_q=499, seq_len_k=486, num_heads_q=1, num_heads_kv=1, head_dim_qk=227, head_dim_v=207, with_attn_scale=False, with_attn_bias=False, trans_q=True, trans_k=False, trans_v=False, trans_o=True, causal=False, return_lse=False, split_kv=1, current_seqlen=None, arch='gfx1100', chip='gfx1100', num_cu=70, num_chiplets=1, perfconfig='attn:v1:128,32,16,2,1,8,32,1,1,0,4')
----------------------------------------------------------------------------------------------------
PASS: AttentionConfiguration(datatype='f32', g=5, seq_len_q=21, seq_len_k=784, num_heads_q=128, num_heads_kv=8, head_dim_qk=94, head_dim_v=206, with_attn_scale=True, with_attn_bias=False, trans_q=True, trans_k=False, trans_v=False, trans_o=True, causal=False, return_lse=False, split_kv=1, current_seqlen=None, arch='gfx1100', chip='gfx1100', num_cu=70, num_chiplets=1, perfconfig='attn:v1:32,32,16,1,1,16,32,1,2,2,8')
Lowering rejected config as not applicable
Command line = -operation attention -t f32 --arch gfx1100 --num_cu 70 --num_chiplets 1 -g 5 -seq_len_q 1 -seq_len_k 458 -num_heads_q 128 -num_heads_kv 32 -head_dim_qk 30 -head_dim_v 145 -with-attn-scale=True -with-attn-bias=True -transQ=False -transK=True -transV=False -transO=False -causal=False -return_lse=True -split_kv=2 --perf_config=attn:v1:128,256,128,1,1,1,16,1,1,4,0 --current_seq_len=110,414,71,280,381 -pv -relDiff_threshold 1e-4
Errors = loc("<stdin>":33:1): error: ttg.shared (262144) exceeds LDS limit (65536) for amdgcn-amd-amdhsa:gfx1100
Lowering not applicable.

----------------------------------------------------------------------------------------------------
NOT_APPLICABLE: AttentionConfiguration(datatype='f32', g=5, seq_len_q=1, seq_len_k=458, num_heads_q=128, num_heads_kv=32, head_dim_qk=30, head_dim_v=145, with_attn_scale=True, with_attn_bias=True, trans_q=False, trans_k=True, trans_v=False, trans_o=False, causal=False, return_lse=True, split_kv=2, current_seqlen=[110, 414, 71, 280, 381], arch='gfx1100', chip='gfx1100', num_cu=70, num_chiplets=1, perfconfig='attn:v1:128,256,128,1,1,1,16,1,1,4,0')
----------------------------------------------------------------------------------------------------
PASS: AttentionConfiguration(datatype='bf16', g=7, seq_len_q=442, seq_len_k=443, num_heads_q=32, num_heads_kv=16, head_dim_qk=254, head_dim_v=218, with_attn_scale=False, with_attn_bias=True, trans_q=False, trans_k=False, trans_v=True, trans_o=False, causal=False, return_lse=True, split_kv=8, current_seqlen=None, arch='gfx1100', chip='gfx1100', num_cu=70, num_chiplets=1, perfconfig='attn:v1:16,32,32,2,1,4,32,1,3,8,2')
----------------------------------------------------------------------------------------------------
FAIL: AttentionConfiguration(datatype='f32', g=4, seq_len_q=1, seq_len_k=778, num_heads_q=128, num_heads_kv=2, head_dim_qk=225, head_dim_v=195, with_attn_scale=False, with_attn_bias=False, trans_q=True, trans_k=True, trans_v=False, trans_o=True, causal=False, return_lse=False, split_kv=1, current_seqlen=[755, 413, 243, 451], arch='gfx1100', chip='gfx1100', num_cu=70, num_chiplets=1, perfconfig='attn:v1:256,64,16,2,1,1,32,1,3,4,4')
----------------------------------------------------------------------------------------------------
PASS: AttentionConfiguration(datatype='f16', g=4, seq_len_q=1, seq_len_k=69, num_heads_q=64, num_heads_kv=4, head_dim_qk=73, head_dim_v=22, with_attn_scale=True, with_attn_bias=False, trans_q=False, trans_k=True, trans_v=True, trans_o=False, causal=False, return_lse=True, split_kv=2, current_seqlen=[29, 48, 64, 28], arch='gfx1100', chip='gfx1100', num_cu=70, num_chiplets=1, perfconfig='attn:v1:32,64,16,2,1,4,16,1,3,2,8')
----------------------------------------------------------------------------------------------------
FAIL: AttentionConfiguration(datatype='f16', g=5, seq_len_q=1, seq_len_k=516, num_heads_q=1, num_heads_kv=1, head_dim_qk=21, head_dim_v=85, with_attn_scale=False, with_attn_bias=True, trans_q=False, trans_k=False, trans_v=False, trans_o=True, causal=False, return_lse=True, split_kv=8, current_seqlen=[444, 104, 482, 72, 466], arch='gfx1100', chip='gfx1100', num_cu=70, num_chiplets=1, perfconfig='attn:v1:128,32,16,2,1,8,0,1,3,0,8')
----------------------------------------------------------------------------------------------------
PASS: AttentionConfiguration(datatype='f16', g=4, seq_len_q=1, seq_len_k=428, num_heads_q=1, num_heads_kv=1, head_dim_qk=71, head_dim_v=26, with_attn_scale=False, with_attn_bias=True, trans_q=False, trans_k=False, trans_v=True, trans_o=True, causal=False, return_lse=False, split_kv=1, current_seqlen=[76, 168, 362, 333], arch='gfx1100', chip='gfx1100', num_cu=70, num_chiplets=1, perfconfig='attn:v1:64,64,128,2,1,8,0,1,2,1,8')
----------------------------------------------------------------------------------------------------
PASS: AttentionConfiguration(datatype='i8', g=4, seq_len_q=421, seq_len_k=496, num_heads_q=1, num_heads_kv=1, head_dim_qk=126, head_dim_v=77, with_attn_scale=True, with_attn_bias=True, trans_q=True, trans_k=True, trans_v=False, trans_o=True, causal=False, return_lse=False, split_kv=1, current_seqlen=None, arch='gfx1100', chip='gfx1100', num_cu=70, num_chiplets=1, perfconfig='attn:v1:64,256,16,2,1,16,32,1,3,0,4')
----------------------------------------------------------------------------------------------------
PASS: AttentionConfiguration(datatype='bf16', g=1, seq_len_q=1, seq_len_k=3854, num_heads_q=1, num_heads_kv=1, head_dim_qk=26, head_dim_v=139, with_attn_scale=False, with_attn_bias=False, trans_q=False, trans_k=True, trans_v=False, trans_o=False, causal=False, return_lse=False, split_kv=1, current_seqlen=[1412], arch='gfx1100', chip='gfx1100', num_cu=70, num_chiplets=1, perfconfig='attn:v1:16,128,16,2,1,4,0,1,3,8,1')
----------------------------------------------------------------------------------------------------
PASS: AttentionConfiguration(datatype='f32', g=7, seq_len_q=495, seq_len_k=210, num_heads_q=64, num_heads_kv=32, head_dim_qk=12, head_dim_v=51, with_attn_scale=False, with_attn_bias=True, trans_q=True, trans_k=False, trans_v=True, trans_o=False, causal=True, return_lse=False, split_kv=1, current_seqlen=None, arch='gfx1100', chip='gfx1100', num_cu=70, num_chiplets=1, perfconfig='attn:v1:16,64,64,1,1,16,32,1,1,2,4')
----------------------------------------------------------------------------------------------------
PASS: AttentionConfiguration(datatype='i8', g=2, seq_len_q=8, seq_len_k=1814, num_heads_q=128, num_heads_kv=64, head_dim_qk=210, head_dim_v=217, with_attn_scale=False, with_attn_bias=False, trans_q=True, trans_k=True, trans_v=False, trans_o=False, causal=True, return_lse=True, split_kv=16, current_seqlen=None, arch='gfx1100', chip='gfx1100', num_cu=70, num_chiplets=1, perfconfig='attn:v1:16,16,64,2,1,2,32,1,1,0,0')
Lowering rejected config as not applicable
Command line = -operation attention -t bf16 --arch gfx1100 --num_cu 70 --num_chiplets 1 -g 4 -seq_len_q 495 -seq_len_k 475 -num_heads_q 8 -num_heads_kv 2 -head_dim_qk 91 -head_dim_v 212 -with-attn-scale=True -with-attn-bias=True -transQ=True -transK=False -transV=False -transO=True -causal=True -return_lse=False -split_kv=1 --perf_config=attn:v1:256,128,128,1,1,2,0,1,2,8,0 -pv -RMS_threshold 1e-2
Errors = loc("<stdin>":20:1): error: ttg.shared (131072) exceeds LDS limit (65536) for amdgcn-amd-amdhsa:gfx1100
Lowering not applicable.

----------------------------------------------------------------------------------------------------
NOT_APPLICABLE: AttentionConfiguration(datatype='bf16', g=4, seq_len_q=495, seq_len_k=475, num_heads_q=8, num_heads_kv=2, head_dim_qk=91, head_dim_v=212, with_attn_scale=True, with_attn_bias=True, trans_q=True, trans_k=False, trans_v=False, trans_o=True, causal=True, return_lse=False, split_kv=1, current_seqlen=None, arch='gfx1100', chip='gfx1100', num_cu=70, num_chiplets=1, perfconfig='attn:v1:256,128,128,1,1,2,0,1,2,8,0')
FAIL: Runner returned incorrect result
Config = AttentionConfiguration(datatype='f32', g=6, seq_len_q=1, seq_len_k=516, num_heads_q=128, num_heads_kv=32, head_dim_qk=228, head_dim_v=69, with_attn_scale=True, with_attn_bias=True, trans_q=False, trans_k=False, trans_v=True, trans_o=False, causal=False, return_lse=True, split_kv=2, current_seqlen=[127, 451, 45, 57, 337, 402], arch='gfx1100', chip='gfx1100', num_cu=70, num_chiplets=1, perfconfig='attn:v1:64,16,32,2,1,8,0,1,1,1,1')
Command line = -operation attention -t f32 --arch gfx1100 --num_cu 70 --num_chiplets 1 -g 6 -seq_len_q 1 -seq_len_k 516 -num_heads_q 128 -num_heads_kv 32 -head_dim_qk 228 -head_dim_v 69 -with-attn-scale=True -with-attn-bias=True -transQ=False -transK=False -transV=True -transO=False -causal=False -return_lse=True -split_kv=2 --perf_config=attn:v1:64,16,32,2,1,8,0,1,1,1,1 --current_seq_len=127,451,45,57,337,402 -pv -relDiff_threshold 1e-4
Output = Number of elements: 105984
maxAbsDiff info: maxAbsDiff = 0.000225 (valNum = -0.99753, gpuNum = -0.99775), average absDiff = 7.6e-05
maxRelDiff info: maxRelDiff = 2.3e-04 (valNum = -0.9975270629, gpuNum = -0.9977515936), average relDiff = 7.6e-05
RMS = 1.3e-04
Histogram of relDiff: 
        relDiff = 0     : 0/105984 (0.000000%)
     0 < relDiff < 1e-06: 17664/105984 (16.666667%)
1e-06 < relDiff <= 1e-05: 52992/105984 (50.000000%)
1e-05 < relDiff <= 1e-04: 0/105984 (0.000000%)
1e-04 < relDiff <= 1e-03: 35328/105984 (33.333333%)
1e-03 < relDiff <= 1e-02: 0/105984 (0.000000%)
1e-02 < relDiff <= 1e-01: 0/105984 (0.000000%)
1e-01 < relDiff <= 1e+00: 0/105984 (0.000000%)
1e+00 < relDiff < inf   : 0/105984 (0.000000%)
        relDiff = inf   : 0/105984 (0.000000%)
[0 1 0]

FAIL: Runner returned incorrect result
Config = AttentionConfiguration(datatype='i8', g=3, seq_len_q=33, seq_len_k=44, num_heads_q=1, num_heads_kv=1, head_dim_qk=105, head_dim_v=119, with_attn_scale=True, with_attn_bias=False, trans_q=True, trans_k=True, trans_v=True, trans_o=False, causal=True, return_lse=True, split_kv=4, current_seqlen=None, arch='gfx1100', chip='gfx1100', num_cu=70, num_chiplets=1, perfconfig='attn:v1:128,64,16,1,1,1,16,1,1,8,2')
Command line = -operation attention -t i8 --arch gfx1100 --num_cu 70 --num_chiplets 1 -g 3 -seq_len_q 33 -seq_len_k 44 -num_heads_q 1 -num_heads_kv 1 -head_dim_qk 105 -head_dim_v 119 -with-attn-scale=True -with-attn-bias=False -transQ=True -transK=True -transV=True -transO=False -causal=True -return_lse=True -split_kv=4 --perf_config=attn:v1:128,64,16,1,1,1,16,1,1,8,2 -pv
Output = Number of elements: 47124
maxAbsDiff info: maxAbsDiff = 0.000488 (valNum = -0.99902, gpuNum = -0.99951), average absDiff = nan
maxRelDiff info: maxRelDiff = 4.9e-04 (valNum = -0.9990234375, gpuNum = -0.9995117188), average relDiff = nan
RMS = nan
Histogram of relDiff: 
        relDiff = 0     : 43316/47124 (91.919192%)
     0 < relDiff < 1e-06: 1428/47124 (3.030303%)
1e-06 < relDiff <= 1e-05: 0/47124 (0.000000%)
1e-05 < relDiff <= 1e-04: 0/47124 (0.000000%)
1e-04 < relDiff <= 1e-03: 2380/47124 (5.050505%)
1e-03 < relDiff <= 1e-02: 0/47124 (0.000000%)
1e-02 < relDiff <= 1e-01: 0/47124 (0.000000%)
1e-01 < relDiff <= 1e+00: 0/47124 (0.000000%)
1e+00 < relDiff < inf   : 0/47124 (0.000000%)
        relDiff = inf   : 0/47124 (0.000000%)
[0 1 1]

FAIL: Timeout in rocmlir-driver stage (120s)
Config = AttentionConfiguration(datatype='i8', g=3, seq_len_q=14, seq_len_k=875, num_heads_q=64, num_heads_kv=2, head_dim_qk=20, head_dim_v=164, with_attn_scale=False, with_attn_bias=True, trans_q=False, trans_k=True, trans_v=True, trans_o=False, causal=True, return_lse=False, split_kv=1, current_seqlen=None, arch='gfx1100', chip='gfx1100', num_cu=70, num_chiplets=1, perfconfig='attn:v1:128,128,64,2,1,1,32,1,1,1,2')
Command line = -operation attention -t i8 --arch gfx1100 --num_cu 70 --num_chiplets 1 -g 3 -seq_len_q 14 -seq_len_k 875 -num_heads_q 64 -num_heads_kv 2 -head_dim_qk 20 -head_dim_v 164 -with-attn-scale=False -with-attn-bias=True -transQ=False -transK=True -transV=True -transO=False -causal=True -return_lse=False -split_kv=1 --perf_config=attn:v1:128,128,64,2,1,1,32,1,1,1,2 -pv
Lowering rejected config as not applicable
Command line = -operation attention -t f32 --arch gfx1100 --num_cu 70 --num_chiplets 1 -g 7 -seq_len_q 1 -seq_len_k 205 -num_heads_q 1 -num_heads_kv 1 -head_dim_qk 220 -head_dim_v 139 -with-attn-scale=True -with-attn-bias=False -transQ=True -transK=False -transV=False -transO=False -causal=False -return_lse=False -split_kv=1 --perf_config=attn:v1:32,128,64,2,1,16,0,1,2,1,0 --current_seq_len=101,28,189,158,142,128,140 -pv -relDiff_threshold 1e-4
Errors = loc("<stdin>":25:1): error: ttg.shared (131072) exceeds LDS limit (65536) for amdgcn-amd-amdhsa:gfx1100
Lowering not applicable.

----------------------------------------------------------------------------------------------------
NOT_APPLICABLE: AttentionConfiguration(datatype='f32', g=7, seq_len_q=1, seq_len_k=205, num_heads_q=1, num_heads_kv=1, head_dim_qk=220, head_dim_v=139, with_attn_scale=True, with_attn_bias=False, trans_q=True, trans_k=False, trans_v=False, trans_o=False, causal=False, return_lse=False, split_kv=1, current_seqlen=[101, 28, 189, 158, 142, 128, 140], arch='gfx1100', chip='gfx1100', num_cu=70, num_chiplets=1, perfconfig='attn:v1:32,128,64,2,1,16,0,1,2,1,0')
Lowering rejected config as not applicable
Command line = -operation attention -t f32 --arch gfx1100 --num_cu 70 --num_chiplets 1 -g 1 -seq_len_q 28 -seq_len_k 2910 -num_heads_q 128 -num_heads_kv 16 -head_dim_qk 110 -head_dim_v 14 -with-attn-scale=False -with-attn-bias=False -transQ=True -transK=True -transV=False -transO=True -causal=True -return_lse=False -split_kv=1 --perf_config=attn:v1:16,128,128,1,1,1,16,1,2,8,8 -pv -relDiff_threshold 1e-4
Errors = loc("<stdin>":17:1): error: ttg.shared (81920) exceeds LDS limit (65536) for amdgcn-amd-amdhsa:gfx1100
Lowering not applicable.

----------------------------------------------------------------------------------------------------
NOT_APPLICABLE: AttentionConfiguration(datatype='f32', g=1, seq_len_q=28, seq_len_k=2910, num_heads_q=128, num_heads_kv=16, head_dim_qk=110, head_dim_v=14, with_attn_scale=False, with_attn_bias=False, trans_q=True, trans_k=True, trans_v=False, trans_o=True, causal=True, return_lse=False, split_kv=1, current_seqlen=None, arch='gfx1100', chip='gfx1100', num_cu=70, num_chiplets=1, perfconfig='attn:v1:16,128,128,1,1,1,16,1,2,8,8')
----------------------------------------------------------------------------------------------------
FAIL: AttentionConfiguration(datatype='f32', g=6, seq_len_q=1, seq_len_k=516, num_heads_q=128, num_heads_kv=32, head_dim_qk=228, head_dim_v=69, with_attn_scale=True, with_attn_bias=True, trans_q=False, trans_k=False, trans_v=True, trans_o=False, causal=False, return_lse=True, split_kv=2, current_seqlen=[127, 451, 45, 57, 337, 402], arch='gfx1100', chip='gfx1100', num_cu=70, num_chiplets=1, perfconfig='attn:v1:64,16,32,2,1,8,0,1,1,1,1')
----------------------------------------------------------------------------------------------------
PASS: AttentionConfiguration(datatype='f32', g=2, seq_len_q=1, seq_len_k=813, num_heads_q=64, num_heads_kv=8, head_dim_qk=30, head_dim_v=60, with_attn_scale=True, with_attn_bias=True, trans_q=False, trans_k=True, trans_v=False, trans_o=False, causal=False, return_lse=True, split_kv=8, current_seqlen=[247, 218], arch='gfx1100', chip='gfx1100', num_cu=70, num_chiplets=1, perfconfig='attn:v1:16,16,32,2,1,16,16,1,3,0,8')
----------------------------------------------------------------------------------------------------
PASS: AttentionConfiguration(datatype='i8', g=5, seq_len_q=1, seq_len_k=277, num_heads_q=1, num_heads_kv=1, head_dim_qk=146, head_dim_v=7, with_attn_scale=True, with_attn_bias=True, trans_q=True, trans_k=True, trans_v=True, trans_o=False, causal=False, return_lse=True, split_kv=8, current_seqlen=[125, 32, 18, 75, 120], arch='gfx1100', chip='gfx1100', num_cu=70, num_chiplets=1, perfconfig='attn:v1:64,16,16,2,1,2,16,1,1,1,8')
Lowering rejected config as not applicable
Command line = -operation attention -t i8 --arch gfx1100 --num_cu 70 --num_chiplets 1 -g 4 -seq_len_q 1 -seq_len_k 306 -num_heads_q 1 -num_heads_kv 1 -head_dim_qk 92 -head_dim_v 160 -with-attn-scale=False -with-attn-bias=False -transQ=True -transK=True -transV=True -transO=False -causal=False -return_lse=False -split_kv=1 --perf_config=attn:v1:32,128,128,1,1,2,16,1,2,1,8 --current_seq_len=269,256,30,45 -pv
Errors = loc("<stdin>":25:1): error: ttg.shared (98304) exceeds LDS limit (65536) for amdgcn-amd-amdhsa:gfx1100
Lowering not applicable.

----------------------------------------------------------------------------------------------------
NOT_APPLICABLE: AttentionConfiguration(datatype='i8', g=4, seq_len_q=1, seq_len_k=306, num_heads_q=1, num_heads_kv=1, head_dim_qk=92, head_dim_v=160, with_attn_scale=False, with_attn_bias=False, trans_q=True, trans_k=True, trans_v=True, trans_o=False, causal=False, return_lse=False, split_kv=1, current_seqlen=[269, 256, 30, 45], arch='gfx1100', chip='gfx1100', num_cu=70, num_chiplets=1, perfconfig='attn:v1:32,128,128,1,1,2,16,1,2,1,8')
----------------------------------------------------------------------------------------------------
FAIL: AttentionConfiguration(datatype='i8', g=3, seq_len_q=33, seq_len_k=44, num_heads_q=1, num_heads_kv=1, head_dim_qk=105, head_dim_v=119, with_attn_scale=True, with_attn_bias=False, trans_q=True, trans_k=True, trans_v=True, trans_o=False, causal=True, return_lse=True, split_kv=4, current_seqlen=None, arch='gfx1100', chip='gfx1100', num_cu=70, num_chiplets=1, perfconfig='attn:v1:128,64,16,1,1,1,16,1,1,8,2')
----------------------------------------------------------------------------------------------------
FAIL: AttentionConfiguration(datatype='i8', g=3, seq_len_q=14, seq_len_k=875, num_heads_q=64, num_heads_kv=2, head_dim_qk=20, head_dim_v=164, with_attn_scale=False, with_attn_bias=True, trans_q=False, trans_k=True, trans_v=True, trans_o=False, causal=True, return_lse=False, split_kv=1, current_seqlen=None, arch='gfx1100', chip='gfx1100', num_cu=70, num_chiplets=1, perfconfig='attn:v1:128,128,64,2,1,1,32,1,1,1,2')
Lowering rejected config as not applicable
Command line = -operation attention -t f32 --arch gfx1100 --num_cu 70 --num_chiplets 1 -g 4 -seq_len_q 305 -seq_len_k 670 -num_heads_q 64 -num_heads_kv 32 -head_dim_qk 241 -head_dim_v 136 -with-attn-scale=False -with-attn-bias=False -transQ=False -transK=False -transV=False -transO=False -causal=False -return_lse=True -split_kv=4 --perf_config=attn:v1:64,128,128,2,1,16,0,1,1,0,1 -pv -relDiff_threshold 1e-4
Errors = loc("<stdin>":23:1): error: ttg.shared (131072) exceeds LDS limit (65536) for amdgcn-amd-amdhsa:gfx1100
Lowering not applicable.

----------------------------------------------------------------------------------------------------
NOT_APPLICABLE: AttentionConfiguration(datatype='f32', g=4, seq_len_q=305, seq_len_k=670, num_heads_q=64, num_heads_kv=32, head_dim_qk=241, head_dim_v=136, with_attn_scale=False, with_attn_bias=False, trans_q=False, trans_k=False, trans_v=False, trans_o=False, causal=False, return_lse=True, split_kv=4, current_seqlen=None, arch='gfx1100', chip='gfx1100', num_cu=70, num_chiplets=1, perfconfig='attn:v1:64,128,128,2,1,16,0,1,1,0,1')
Lowering rejected config as not applicable
Command line = -operation attention -t f32 --arch gfx1100 --num_cu 70 --num_chiplets 1 -g 5 -seq_len_q 300 -seq_len_k 427 -num_heads_q 64 -num_heads_kv 8 -head_dim_qk 134 -head_dim_v 146 -with-attn-scale=True -with-attn-bias=False -transQ=True -transK=False -transV=False -transO=False -causal=False -return_lse=False -split_kv=1 --perf_config=attn:v1:32,128,32,1,1,4,32,1,3,0,4 -pv -relDiff_threshold 1e-4
Errors = loc("<stdin>":19:1): error: ttg.shared (131072) exceeds LDS limit (65536) for amdgcn-amd-amdhsa:gfx1100
Lowering not applicable.

FAIL: Runner returned incorrect result
Config = AttentionConfiguration(datatype='f16', g=1, seq_len_q=88, seq_len_k=2202, num_heads_q=128, num_heads_kv=4, head_dim_qk=209, head_dim_v=243, with_attn_scale=True, with_attn_bias=True, trans_q=False, trans_k=True, trans_v=True, trans_o=False, causal=False, return_lse=False, split_kv=1, current_seqlen=None, arch='gfx1100', chip='gfx1100', num_cu=70, num_chiplets=1, perfconfig='attn:v1:64,16,64,1,1,1,0,1,3,0,4')
Command line = -operation attention -t f16 --arch gfx1100 --num_cu 70 --num_chiplets 1 -g 1 -seq_len_q 88 -seq_len_k 2202 -num_heads_q 128 -num_heads_kv 4 -head_dim_qk 209 -head_dim_v 243 -with-attn-scale=True -with-attn-bias=True -transQ=False -transK=True -transV=True -transO=False -causal=False -return_lse=False -split_kv=1 --perf_config=attn:v1:64,16,64,1,1,1,0,1,3,0,4 -pv
Output = Number of elements: 2737152
maxAbsDiff info: maxAbsDiff = 0.001953 (valNum = 0.50000, gpuNum = 0.49805), average absDiff = 7.3e-04
maxRelDiff info: maxRelDiff = 3.9e-03 (valNum = 0.5000000000, gpuNum = 0.4980468750), average relDiff = 1.5e-03
RMS = 1.5e-03
Histogram of relDiff: 
        relDiff = 0     : 912222/2737152 (33.327415%)
     0 < relDiff < 1e-06: 0/2737152 (0.000000%)
1e-06 < relDiff <= 1e-05: 0/2737152 (0.000000%)
1e-05 < relDiff <= 1e-04: 0/2737152 (0.000000%)
1e-04 < relDiff <= 1e-03: 912465/2737152 (33.336293%)
1e-03 < relDiff <= 1e-02: 912465/2737152 (33.336293%)
1e-02 < relDiff <= 1e-01: 0/2737152 (0.000000%)
1e-01 < relDiff <= 1e+00: 0/2737152 (0.000000%)
1e+00 < relDiff < inf   : 0/2737152 (0.000000%)
        relDiff = inf   : 0/2737152 (0.000000%)
[0 1 1]

----------------------------------------------------------------------------------------------------
NOT_APPLICABLE: AttentionConfiguration(datatype='f32', g=5, seq_len_q=300, seq_len_k=427, num_heads_q=64, num_heads_kv=8, head_dim_qk=134, head_dim_v=146, with_attn_scale=True, with_attn_bias=False, trans_q=True, trans_k=False, trans_v=False, trans_o=False, causal=False, return_lse=False, split_kv=1, current_seqlen=None, arch='gfx1100', chip='gfx1100', num_cu=70, num_chiplets=1, perfconfig='attn:v1:32,128,32,1,1,4,32,1,3,0,4')
Lowering rejected config as not applicable
Command line = -operation attention -t f16 --arch gfx1100 --num_cu 70 --num_chiplets 1 -g 4 -seq_len_q 1 -seq_len_k 615 -num_heads_q 1 -num_heads_kv 1 -head_dim_qk 7 -head_dim_v 43 -with-attn-scale=False -with-attn-bias=False -transQ=True -transK=True -transV=True -transO=True -causal=False -return_lse=True -split_kv=1 --perf_config=attn:v1:128,256,64,1,1,16,0,1,2,8,2 --current_seq_len=297,319,29,41 -pv
Errors = loc("<stdin>":24:1): error: ttg.shared (131072) exceeds LDS limit (65536) for amdgcn-amd-amdhsa:gfx1100
Lowering not applicable.

----------------------------------------------------------------------------------------------------
NOT_APPLICABLE: AttentionConfiguration(datatype='f16', g=4, seq_len_q=1, seq_len_k=615, num_heads_q=1, num_heads_kv=1, head_dim_qk=7, head_dim_v=43, with_attn_scale=False, with_attn_bias=False, trans_q=True, trans_k=True, trans_v=True, trans_o=True, causal=False, return_lse=True, split_kv=1, current_seqlen=[297, 319, 29, 41], arch='gfx1100', chip='gfx1100', num_cu=70, num_chiplets=1, perfconfig='attn:v1:128,256,64,1,1,16,0,1,2,8,2')
----------------------------------------------------------------------------------------------------
PASS: AttentionConfiguration(datatype='i8', g=1, seq_len_q=1, seq_len_k=623, num_heads_q=1, num_heads_kv=1, head_dim_qk=10, head_dim_v=242, with_attn_scale=False, with_attn_bias=True, trans_q=True, trans_k=False, trans_v=True, trans_o=False, causal=False, return_lse=True, split_kv=2, current_seqlen=[528], arch='gfx1100', chip='gfx1100', num_cu=70, num_chiplets=1, perfconfig='attn:v1:32,64,16,1,1,16,0,1,2,1,1')
Lowering rejected config as not applicable
Command line = -operation attention -t i8 --arch gfx1100 --num_cu 70 --num_chiplets 1 -g 2 -seq_len_q 27 -seq_len_k 1001 -num_heads_q 1 -num_heads_kv 1 -head_dim_qk 143 -head_dim_v 240 -with-attn-scale=False -with-attn-bias=False -transQ=True -transK=False -transV=True -transO=False -causal=False -return_lse=True -split_kv=16 --perf_config=attn:v1:64,256,128,1,1,4,32,1,1,2,4 -pv
Errors = loc("<stdin>":27:1): error: ttg.shared (131072) exceeds LDS limit (65536) for amdgcn-amd-amdhsa:gfx1100
Lowering not applicable.

----------------------------------------------------------------------------------------------------
NOT_APPLICABLE: AttentionConfiguration(datatype='i8', g=2, seq_len_q=27, seq_len_k=1001, num_heads_q=1, num_heads_kv=1, head_dim_qk=143, head_dim_v=240, with_attn_scale=False, with_attn_bias=False, trans_q=True, trans_k=False, trans_v=True, trans_o=False, causal=False, return_lse=True, split_kv=16, current_seqlen=None, arch='gfx1100', chip='gfx1100', num_cu=70, num_chiplets=1, perfconfig='attn:v1:64,256,128,1,1,4,32,1,1,2,4')
----------------------------------------------------------------------------------------------------
PASS: AttentionConfiguration(datatype='i8', g=6, seq_len_q=1, seq_len_k=18, num_heads_q=1, num_heads_kv=1, head_dim_qk=204, head_dim_v=69, with_attn_scale=False, with_attn_bias=False, trans_q=False, trans_k=False, trans_v=False, trans_o=False, causal=False, return_lse=True, split_kv=32, current_seqlen=[14, 12, 10, 12, 17, 9], arch='gfx1100', chip='gfx1100', num_cu=70, num_chiplets=1, perfconfig='attn:v1:128,64,16,2,1,8,16,1,3,4,4')
----------------------------------------------------------------------------------------------------
PASS: AttentionConfiguration(datatype='bf16', g=4, seq_len_q=8, seq_len_k=546, num_heads_q=32, num_heads_kv=8, head_dim_qk=66, head_dim_v=193, with_attn_scale=False, with_attn_bias=True, trans_q=True, trans_k=True, trans_v=False, trans_o=False, causal=False, return_lse=True, split_kv=2, current_seqlen=None, arch='gfx1100', chip='gfx1100', num_cu=70, num_chiplets=1, perfconfig='attn:v1:64,64,32,2,1,8,16,1,1,8,1')
----------------------------------------------------------------------------------------------------
FAIL: AttentionConfiguration(datatype='f16', g=1, seq_len_q=88, seq_len_k=2202, num_heads_q=128, num_heads_kv=4, head_dim_qk=209, head_dim_v=243, with_attn_scale=True, with_attn_bias=True, trans_q=False, trans_k=True, trans_v=True, trans_o=False, causal=False, return_lse=False, split_kv=1, current_seqlen=None, arch='gfx1100', chip='gfx1100', num_cu=70, num_chiplets=1, perfconfig='attn:v1:64,16,64,1,1,1,0,1,3,0,4')
Lowering rejected config as not applicable
Command line = -operation attention -t f32 --arch gfx1100 --num_cu 70 --num_chiplets 1 -g 3 -seq_len_q 715 -seq_len_k 254 -num_heads_q 1 -num_heads_kv 1 -head_dim_qk 249 -head_dim_v 240 -with-attn-scale=True -with-attn-bias=True -transQ=False -transK=True -transV=True -transO=True -causal=False -return_lse=False -split_kv=1 --perf_config=attn:v1:128,32,128,1,1,4,32,1,2,0,1 -pv -relDiff_threshold 1e-4
Errors = loc("<stdin>":14:1): error: ttg.shared (131072) exceeds LDS limit (65536) for amdgcn-amd-amdhsa:gfx1100
Lowering not applicable.

----------------------------------------------------------------------------------------------------
NOT_APPLICABLE: AttentionConfiguration(datatype='f32', g=3, seq_len_q=715, seq_len_k=254, num_heads_q=1, num_heads_kv=1, head_dim_qk=249, head_dim_v=240, with_attn_scale=True, with_attn_bias=True, trans_q=False, trans_k=True, trans_v=True, trans_o=True, causal=False, return_lse=False, split_kv=1, current_seqlen=None, arch='gfx1100', chip='gfx1100', num_cu=70, num_chiplets=1, perfconfig='attn:v1:128,32,128,1,1,4,32,1,2,0,1')
----------------------------------------------------------------------------------------------------
PASS: AttentionConfiguration(datatype='i8', g=6, seq_len_q=26, seq_len_k=161, num_heads_q=16, num_heads_kv=2, head_dim_qk=1, head_dim_v=154, with_attn_scale=True, with_attn_bias=False, trans_q=True, trans_k=False, trans_v=False, trans_o=False, causal=True, return_lse=False, split_kv=1, current_seqlen=None, arch='gfx1100', chip='gfx1100', num_cu=70, num_chiplets=1, perfconfig='attn:v1:16,16,32,2,1,4,16,1,1,2,0')
----------------------------------------------------------------------------------------------------
PASS: AttentionConfiguration(datatype='i8', g=1, seq_len_q=1, seq_len_k=2316, num_heads_q=1, num_heads_kv=1, head_dim_qk=240, head_dim_v=19, with_attn_scale=True, with_attn_bias=False, trans_q=True, trans_k=True, trans_v=True, trans_o=True, causal=False, return_lse=True, split_kv=4, current_seqlen=[1920], arch='gfx1100', chip='gfx1100', num_cu=70, num_chiplets=1, perfconfig='attn:v1:128,128,64,2,1,8,16,1,3,8,1')
Lowering rejected config as not applicable
Command line = -operation attention -t bf16 --arch gfx1100 --num_cu 70 --num_chiplets 1 -g 3 -seq_len_q 1 -seq_len_k 652 -num_heads_q 1 -num_heads_kv 1 -head_dim_qk 104 -head_dim_v 21 -with-attn-scale=False -with-attn-bias=False -transQ=False -transK=True -transV=False -transO=True -causal=False -return_lse=True -split_kv=1 --perf_config=attn:v1:32,256,128,2,1,4,0,1,3,1,8 --current_seq_len=245,172,438 -pv -RMS_threshold 1e-2
Errors = loc("<stdin>":24:1): error: ttg.shared (180224) exceeds LDS limit (65536) for amdgcn-amd-amdhsa:gfx1100
Lowering not applicable.

----------------------------------------------------------------------------------------------------
NOT_APPLICABLE: AttentionConfiguration(datatype='bf16', g=3, seq_len_q=1, seq_len_k=652, num_heads_q=1, num_heads_kv=1, head_dim_qk=104, head_dim_v=21, with_attn_scale=False, with_attn_bias=False, trans_q=False, trans_k=True, trans_v=False, trans_o=True, causal=False, return_lse=True, split_kv=1, current_seqlen=[245, 172, 438], arch='gfx1100', chip='gfx1100', num_cu=70, num_chiplets=1, perfconfig='attn:v1:32,256,128,2,1,4,0,1,3,1,8')
----------------------------------------------------------------------------------------------------
PASS: AttentionConfiguration(datatype='bf16', g=7, seq_len_q=408, seq_len_k=349, num_heads_q=1, num_heads_kv=1, head_dim_qk=235, head_dim_v=62, with_attn_scale=True, with_attn_bias=False, trans_q=True, trans_k=True, trans_v=False, trans_o=False, causal=True, return_lse=True, split_kv=1, current_seqlen=None, arch='gfx1100', chip='gfx1100', num_cu=70, num_chiplets=1, perfconfig='attn:v1:16,32,32,2,1,2,32,1,2,2,0')
----------------------------------------------------------------------------------------------------
PASS: AttentionConfiguration(datatype='i8', g=1, seq_len_q=24, seq_len_k=3094, num_heads_q=32, num_heads_kv=16, head_dim_qk=152, head_dim_v=137, with_attn_scale=True, with_attn_bias=False, trans_q=False, trans_k=False, trans_v=True, trans_o=True, causal=False, return_lse=True, split_kv=32, current_seqlen=None, arch='gfx1100', chip='gfx1100', num_cu=70, num_chiplets=1, perfconfig='attn:v1:32,128,128,2,1,4,32,1,1,8,4')
Lowering rejected config as not applicable
Command line = -operation attention -t f16 --arch gfx1100 --num_cu 70 --num_chiplets 1 -g 1 -seq_len_q 12 -seq_len_k 4089 -num_heads_q 1 -num_heads_kv 1 -head_dim_qk 123 -head_dim_v 219 -with-attn-scale=True -with-attn-bias=False -transQ=True -transK=True -transV=True -transO=False -causal=True -return_lse=True -split_kv=1 --perf_config=attn:v1:128,256,16,2,1,2,16,1,3,4,0 -pv
Errors = loc("<stdin>":17:1): error: ttg.shared (131072) exceeds LDS limit (65536) for amdgcn-amd-amdhsa:gfx1100
Lowering not applicable.

----------------------------------------------------------------------------------------------------
NOT_APPLICABLE: AttentionConfiguration(datatype='f16', g=1, seq_len_q=12, seq_len_k=4089, num_heads_q=1, num_heads_kv=1, head_dim_qk=123, head_dim_v=219, with_attn_scale=True, with_attn_bias=False, trans_q=True, trans_k=True, trans_v=True, trans_o=False, causal=True, return_lse=True, split_kv=1, current_seqlen=None, arch='gfx1100', chip='gfx1100', num_cu=70, num_chiplets=1, perfconfig='attn:v1:128,256,16,2,1,2,16,1,3,4,0')
----------------------------------------------------------------------------------------------------
PASS: AttentionConfiguration(datatype='i8', g=4, seq_len_q=155, seq_len_k=749, num_heads_q=128, num_heads_kv=2, head_dim_qk=119, head_dim_v=95, with_attn_scale=True, with_attn_bias=True, trans_q=True, trans_k=False, trans_v=True, trans_o=False, causal=False, return_lse=True, split_kv=8, current_seqlen=None, arch='gfx1100', chip='gfx1100', num_cu=70, num_chiplets=1, perfconfig='attn:v1:16,256,128,2,1,2,0,1,1,0,8')
Lowering rejected config as not applicable
Command line = -operation attention -t bf16 --arch gfx1100 --num_cu 70 --num_chiplets 1 -g 4 -seq_len_q 177 -seq_len_k 819 -num_heads_q 1 -num_heads_kv 1 -head_dim_qk 248 -head_dim_v 193 -with-attn-scale=False -with-attn-bias=False -transQ=True -transK=False -transV=True -transO=False -causal=True -return_lse=True -split_kv=1 --perf_config=attn:v1:32,256,32,1,1,16,0,1,2,0,1 -pv -RMS_threshold 1e-2
Errors = loc("<stdin>":17:1): error: ttg.shared (131072) exceeds LDS limit (65536) for amdgcn-amd-amdhsa:gfx1100
Lowering not applicable.

----------------------------------------------------------------------------------------------------
NOT_APPLICABLE: AttentionConfiguration(datatype='bf16', g=4, seq_len_q=177, seq_len_k=819, num_heads_q=1, num_heads_kv=1, head_dim_qk=248, head_dim_v=193, with_attn_scale=False, with_attn_bias=False, trans_q=True, trans_k=False, trans_v=True, trans_o=False, causal=True, return_lse=True, split_kv=1, current_seqlen=None, arch='gfx1100', chip='gfx1100', num_cu=70, num_chiplets=1, perfconfig='attn:v1:32,256,32,1,1,16,0,1,2,0,1')
----------------------------------------------------------------------------------------------------
PASS: AttentionConfiguration(datatype='i8', g=2, seq_len_q=29, seq_len_k=1940, num_heads_q=1, num_heads_kv=1, head_dim_qk=212, head_dim_v=88, with_attn_scale=False, with_attn_bias=False, trans_q=False, trans_k=True, trans_v=False, trans_o=False, causal=True, return_lse=False, split_kv=1, current_seqlen=None, arch='gfx1100', chip='gfx1100', num_cu=70, num_chiplets=1, perfconfig='attn:v1:16,64,64,1,1,16,16,1,1,4,0')
----------------------------------------------------------------------------------------------------
PASS: AttentionConfiguration(datatype='bf16', g=3, seq_len_q=1, seq_len_k=863, num_heads_q=1, num_heads_kv=1, head_dim_qk=114, head_dim_v=242, with_attn_scale=True, with_attn_bias=False, trans_q=True, trans_k=False, trans_v=False, trans_o=False, causal=False, return_lse=True, split_kv=16, current_seqlen=[194, 241, 46], arch='gfx1100', chip='gfx1100', num_cu=70, num_chiplets=1, perfconfig='attn:v1:16,32,64,2,1,4,0,1,2,8,0')
----------------------------------------------------------------------------------------------------
PASS: AttentionConfiguration(datatype='bf16', g=5, seq_len_q=1, seq_len_k=203, num_heads_q=64, num_heads_kv=8, head_dim_qk=195, head_dim_v=193, with_attn_scale=False, with_attn_bias=False, trans_q=True, trans_k=True, trans_v=True, trans_o=True, causal=False, return_lse=False, split_kv=1, current_seqlen=[72, 93, 44, 68, 134], arch='gfx1100', chip='gfx1100', num_cu=70, num_chiplets=1, perfconfig='attn:v1:128,16,64,2,1,8,32,1,1,8,1')
----------------------------------------------------------------------------------------------------
PASS: AttentionConfiguration(datatype='i8', g=4, seq_len_q=1, seq_len_k=967, num_heads_q=1, num_heads_kv=1, head_dim_qk=147, head_dim_v=83, with_attn_scale=True, with_attn_bias=False, trans_q=False, trans_k=True, trans_v=False, trans_o=False, causal=False, return_lse=True, split_kv=2, current_seqlen=[681, 568, 457, 224], arch='gfx1100', chip='gfx1100', num_cu=70, num_chiplets=1, perfconfig='attn:v1:128,16,16,2,1,4,0,1,1,8,4')
----------------------------------------------------------------------------------------------------
PASS: AttentionConfiguration(datatype='i8', g=8, seq_len_q=363, seq_len_k=113, num_heads_q=64, num_heads_kv=16, head_dim_qk=45, head_dim_v=62, with_attn_scale=True, with_attn_bias=True, trans_q=True, trans_k=False, trans_v=True, trans_o=False, causal=False, return_lse=False, split_kv=1, current_seqlen=None, arch='gfx1100', chip='gfx1100', num_cu=70, num_chiplets=1, perfconfig='attn:v1:128,256,16,1,1,8,16,1,3,1,8')
----------------------------------------------------------------------------------------------------
PASS: AttentionConfiguration(datatype='i8', g=3, seq_len_q=649, seq_len_k=390, num_heads_q=64, num_heads_kv=4, head_dim_qk=67, head_dim_v=171, with_attn_scale=False, with_attn_bias=True, trans_q=False, trans_k=False, trans_v=False, trans_o=True, causal=False, return_lse=True, split_kv=16, current_seqlen=None, arch='gfx1100', chip='gfx1100', num_cu=70, num_chiplets=1, perfconfig='attn:v1:32,16,64,1,1,2,16,1,3,8,2')
----------------------------------------------------------------------------------------------------
PASS: AttentionConfiguration(datatype='f16', g=4, seq_len_q=206, seq_len_k=772, num_heads_q=128, num_heads_kv=2, head_dim_qk=50, head_dim_v=250, with_attn_scale=False, with_attn_bias=False, trans_q=True, trans_k=False, trans_v=True, trans_o=False, causal=False, return_lse=False, split_kv=1, current_seqlen=None, arch='gfx1100', chip='gfx1100', num_cu=70, num_chiplets=1, perfconfig='attn:v1:64,16,32,2,1,4,16,1,2,0,1')
Lowering rejected config as not applicable
Command line = -operation attention -t f32 --arch gfx1100 --num_cu 70 --num_chiplets 1 -g 7 -seq_len_q 242 -seq_len_k 260 -num_heads_q 1 -num_heads_kv 1 -head_dim_qk 167 -head_dim_v 182 -with-attn-scale=False -with-attn-bias=True -transQ=True -transK=False -transV=True -transO=True -causal=True -return_lse=True -split_kv=1 --perf_config=attn:v1:32,256,64,2,1,16,0,1,1,2,2 -pv -relDiff_threshold 1e-4
Errors = loc("<stdin>":19:1): error: ttg.shared (262144) exceeds LDS limit (65536) for amdgcn-amd-amdhsa:gfx1100
Lowering not applicable.

----------------------------------------------------------------------------------------------------
NOT_APPLICABLE: AttentionConfiguration(datatype='f32', g=7, seq_len_q=242, seq_len_k=260, num_heads_q=1, num_heads_kv=1, head_dim_qk=167, head_dim_v=182, with_attn_scale=False, with_attn_bias=True, trans_q=True, trans_k=False, trans_v=True, trans_o=True, causal=True, return_lse=True, split_kv=1, current_seqlen=None, arch='gfx1100', chip='gfx1100', num_cu=70, num_chiplets=1, perfconfig='attn:v1:32,256,64,2,1,16,0,1,1,2,2')
----------------------------------------------------------------------------------------------------
PASS: AttentionConfiguration(datatype='bf16', g=1, seq_len_q=40, seq_len_k=3109, num_heads_q=1, num_heads_kv=1, head_dim_qk=186, head_dim_v=26, with_attn_scale=True, with_attn_bias=True, trans_q=False, trans_k=False, trans_v=True, trans_o=True, causal=False, return_lse=False, split_kv=1, current_seqlen=None, arch='gfx1100', chip='gfx1100', num_cu=70, num_chiplets=1, perfconfig='attn:v1:32,16,32,2,1,16,0,1,2,2,1')
----------------------------------------------------------------------------------------------------
PASS: AttentionConfiguration(datatype='f16', g=4, seq_len_q=1, seq_len_k=126, num_heads_q=32, num_heads_kv=8, head_dim_qk=88, head_dim_v=100, with_attn_scale=False, with_attn_bias=True, trans_q=False, trans_k=True, trans_v=True, trans_o=False, causal=False, return_lse=True, split_kv=8, current_seqlen=[58, 41, 33, 62], arch='gfx1100', chip='gfx1100', num_cu=70, num_chiplets=1, perfconfig='attn:v1:256,64,32,2,1,16,0,1,3,4,0')
----------------------------------------------------------------------------------------------------
PASS: AttentionConfiguration(datatype='i8', g=8, seq_len_q=62, seq_len_k=384, num_heads_q=16, num_heads_kv=2, head_dim_qk=82, head_dim_v=170, with_attn_scale=False, with_attn_bias=True, trans_q=False, trans_k=False, trans_v=True, trans_o=False, causal=False, return_lse=False, split_kv=1, current_seqlen=None, arch='gfx1100', chip='gfx1100', num_cu=70, num_chiplets=1, perfconfig='attn:v1:64,32,64,1,1,8,0,1,2,4,0')
----------------------------------------------------------------------------------------------------
PASS: AttentionConfiguration(datatype='bf16', g=5, seq_len_q=1, seq_len_k=388, num_heads_q=16, num_heads_kv=8, head_dim_qk=186, head_dim_v=90, with_attn_scale=True, with_attn_bias=False, trans_q=True, trans_k=False, trans_v=False, trans_o=True, causal=False, return_lse=False, split_kv=1, current_seqlen=[273, 76, 53, 25, 190], arch='gfx1100', chip='gfx1100', num_cu=70, num_chiplets=1, perfconfig='attn:v1:64,32,32,2,1,1,0,1,3,0,1')
----------------------------------------------------------------------------------------------------
PASS: AttentionConfiguration(datatype='i8', g=5, seq_len_q=1, seq_len_k=720, num_heads_q=1, num_heads_kv=1, head_dim_qk=99, head_dim_v=117, with_attn_scale=True, with_attn_bias=True, trans_q=True, trans_k=False, trans_v=False, trans_o=False, causal=False, return_lse=True, split_kv=16, current_seqlen=[151, 696, 174, 413, 36], arch='gfx1100', chip='gfx1100', num_cu=70, num_chiplets=1, perfconfig='attn:v1:128,128,64,1,1,8,32,1,3,0,8')
Lowering rejected config as not applicable
Command line = -operation attention -t f32 --arch gfx1100 --num_cu 70 --num_chiplets 1 -g 6 -seq_len_q 267 -seq_len_k 118 -num_heads_q 1 -num_heads_kv 1 -head_dim_qk 53 -head_dim_v 245 -with-attn-scale=False -with-attn-bias=True -transQ=True -transK=False -transV=False -transO=False -causal=True -return_lse=True -split_kv=1 --perf_config=attn:v1:256,256,64,2,1,2,32,1,2,8,8 -pv -relDiff_threshold 1e-4
Errors = loc("<stdin>":19:1): error: ttg.shared (589824) exceeds LDS limit (65536) for amdgcn-amd-amdhsa:gfx1100
Lowering not applicable.

----------------------------------------------------------------------------------------------------
NOT_APPLICABLE: AttentionConfiguration(datatype='f32', g=6, seq_len_q=267, seq_len_k=118, num_heads_q=1, num_heads_kv=1, head_dim_qk=53, head_dim_v=245, with_attn_scale=False, with_attn_bias=True, trans_q=True, trans_k=False, trans_v=False, trans_o=False, causal=True, return_lse=True, split_kv=1, current_seqlen=None, arch='gfx1100', chip='gfx1100', num_cu=70, num_chiplets=1, perfconfig='attn:v1:256,256,64,2,1,2,32,1,2,8,8')
----------------------------------------------------------------------------------------------------
PASS: AttentionConfiguration(datatype='f32', g=5, seq_len_q=1, seq_len_k=304, num_heads_q=1, num_heads_kv=1, head_dim_qk=24, head_dim_v=90, with_attn_scale=True, with_attn_bias=False, trans_q=False, trans_k=True, trans_v=True, trans_o=True, causal=False, return_lse=False, split_kv=1, current_seqlen=[218, 254, 152, 224, 70], arch='gfx1100', chip='gfx1100', num_cu=70, num_chiplets=1, perfconfig='attn:v1:128,16,32,2,1,1,0,1,2,2,1')
Lowering rejected config as not applicable
Command line = -operation attention -t f16 --arch gfx1100 --num_cu 70 --num_chiplets 1 -g 8 -seq_len_q 88 -seq_len_k 133 -num_heads_q 8 -num_heads_kv 4 -head_dim_qk 251 -head_dim_v 246 -with-attn-scale=True -with-attn-bias=False -transQ=False -transK=False -transV=False -transO=True -causal=False -return_lse=False -split_kv=1 --perf_config=attn:v1:256,128,128,1,1,16,0,1,1,0,0 -pv
Errors = loc("<stdin>":19:1): error: ttg.shared (131072) exceeds LDS limit (65536) for amdgcn-amd-amdhsa:gfx1100
Lowering not applicable.

----------------------------------------------------------------------------------------------------
NOT_APPLICABLE: AttentionConfiguration(datatype='f16', g=8, seq_len_q=88, seq_len_k=133, num_heads_q=8, num_heads_kv=4, head_dim_qk=251, head_dim_v=246, with_attn_scale=True, with_attn_bias=False, trans_q=False, trans_k=False, trans_v=False, trans_o=True, causal=False, return_lse=False, split_kv=1, current_seqlen=None, arch='gfx1100', chip='gfx1100', num_cu=70, num_chiplets=1, perfconfig='attn:v1:256,128,128,1,1,16,0,1,1,0,0')
----------------------------------------------------------------------------------------------------
PASS: AttentionConfiguration(datatype='i8', g=3, seq_len_q=21, seq_len_k=1256, num_heads_q=1, num_heads_kv=1, head_dim_qk=228, head_dim_v=42, with_attn_scale=True, with_attn_bias=True, trans_q=False, trans_k=True, trans_v=False, trans_o=False, causal=True, return_lse=True, split_kv=32, current_seqlen=None, arch='gfx1100', chip='gfx1100', num_cu=70, num_chiplets=1, perfconfig='attn:v1:16,32,16,1,1,4,16,1,1,1,4')
Lowering rejected config as not applicable
Command line = -operation attention -t i8 --arch gfx1100 --num_cu 70 --num_chiplets 1 -g 5 -seq_len_q 259 -seq_len_k 448 -num_heads_q 1 -num_heads_kv 1 -head_dim_qk 252 -head_dim_v 68 -with-attn-scale=True -with-attn-bias=True -transQ=False -transK=True -transV=True -transO=False -causal=True -return_lse=False -split_kv=1 --perf_config=attn:v1:256,256,16,2,1,8,32,1,2,4,1 -pv
Errors = loc("<stdin>":20:1): error: ttg.shared (131072) exceeds LDS limit (65536) for amdgcn-amd-amdhsa:gfx1100
Lowering not applicable.

----------------------------------------------------------------------------------------------------
NOT_APPLICABLE: AttentionConfiguration(datatype='i8', g=5, seq_len_q=259, seq_len_k=448, num_heads_q=1, num_heads_kv=1, head_dim_qk=252, head_dim_v=68, with_attn_scale=True, with_attn_bias=True, trans_q=False, trans_k=True, trans_v=True, trans_o=False, causal=True, return_lse=False, split_kv=1, current_seqlen=None, arch='gfx1100', chip='gfx1100', num_cu=70, num_chiplets=1, perfconfig='attn:v1:256,256,16,2,1,8,32,1,2,4,1')
----------------------------------------------------------------------------------------------------
PASS: AttentionConfiguration(datatype='bf16', g=2, seq_len_q=124, seq_len_k=1113, num_heads_q=8, num_heads_kv=2, head_dim_qk=62, head_dim_v=63, with_attn_scale=True, with_attn_bias=True, trans_q=False, trans_k=True, trans_v=True, trans_o=True, causal=False, return_lse=False, split_kv=1, current_seqlen=None, arch='gfx1100', chip='gfx1100', num_cu=70, num_chiplets=1, perfconfig='attn:v1:128,64,16,1,1,16,0,1,3,8,2')
FAIL: Runner returned incorrect result
Config = AttentionConfiguration(datatype='bf16', g=3, seq_len_q=457, seq_len_k=107, num_heads_q=128, num_heads_kv=8, head_dim_qk=40, head_dim_v=22, with_attn_scale=True, with_attn_bias=True, trans_q=False, trans_k=True, trans_v=True, trans_o=False, causal=False, return_lse=True, split_kv=8, current_seqlen=None, arch='gfx1100', chip='gfx1100', num_cu=70, num_chiplets=1, perfconfig='attn:v1:256,16,64,1,1,2,16,1,1,2,8')
Command line = -operation attention -t bf16 --arch gfx1100 --num_cu 70 --num_chiplets 1 -g 3 -seq_len_q 457 -seq_len_k 107 -num_heads_q 128 -num_heads_kv 8 -head_dim_qk 40 -head_dim_v 22 -with-attn-scale=True -with-attn-bias=True -transQ=False -transK=True -transV=True -transO=False -causal=False -return_lse=True -split_kv=8 --perf_config=attn:v1:256,16,64,1,1,2,16,1,1,2,8 -pv -RMS_threshold 1e-2
Output = Number of elements: 30885888
maxAbsDiff info: maxAbsDiff = 0.046875 (valNum = -0.67969, gpuNum = -0.72656), average absDiff = 8.7e-03
maxRelDiff info: maxRelDiff = 1.7e-01 (valNum = 0.2265625000, gpuNum = 0.2656250000), average relDiff = 1.8e-02
RMS = 1.4e-02
Histogram of relDiff: 
        relDiff = 0     : 9046592/30885888 (29.290374%)
     0 < relDiff < 1e-06: 0/30885888 (0.000000%)
1e-06 < relDiff <= 1e-05: 0/30885888 (0.000000%)
1e-05 < relDiff <= 1e-04: 0/30885888 (0.000000%)
1e-04 < relDiff <= 1e-03: 0/30885888 (0.000000%)
1e-03 < relDiff <= 1e-02: 10451328/30885888 (33.838522%)
1e-02 < relDiff <= 1e-01: 10139712/30885888 (32.829595%)
1e-01 < relDiff <= 1e+00: 1248256/30885888 (4.041509%)
1e+00 < relDiff < inf   : 0/30885888 (0.000000%)
        relDiff = inf   : 0/30885888 (0.000000%)
[0 1 1]

Lowering rejected config as not applicable
Command line = -operation attention -t f32 --arch gfx1100 --num_cu 70 --num_chiplets 1 -g 4 -seq_len_q 1 -seq_len_k 8 -num_heads_q 128 -num_heads_kv 8 -head_dim_qk 46 -head_dim_v 94 -with-attn-scale=False -with-attn-bias=False -transQ=True -transK=True -transV=True -transO=False -causal=False -return_lse=True -split_kv=1 --perf_config=attn:v1:256,128,64,1,1,4,32,1,2,8,2 --current_seq_len=1,3,7,2 -pv -relDiff_threshold 1e-4
Errors = loc("<stdin>":28:1): error: ttg.shared (229376) exceeds LDS limit (65536) for amdgcn-amd-amdhsa:gfx1100
Lowering not applicable.

----------------------------------------------------------------------------------------------------
NOT_APPLICABLE: AttentionConfiguration(datatype='f32', g=4, seq_len_q=1, seq_len_k=8, num_heads_q=128, num_heads_kv=8, head_dim_qk=46, head_dim_v=94, with_attn_scale=False, with_attn_bias=False, trans_q=True, trans_k=True, trans_v=True, trans_o=False, causal=False, return_lse=True, split_kv=1, current_seqlen=[1, 3, 7, 2], arch='gfx1100', chip='gfx1100', num_cu=70, num_chiplets=1, perfconfig='attn:v1:256,128,64,1,1,4,32,1,2,8,2')
----------------------------------------------------------------------------------------------------
PASS: AttentionConfiguration(datatype='bf16', g=5, seq_len_q=1, seq_len_k=678, num_heads_q=1, num_heads_kv=1, head_dim_qk=135, head_dim_v=5, with_attn_scale=False, with_attn_bias=False, trans_q=False, trans_k=False, trans_v=False, trans_o=True, causal=False, return_lse=False, split_kv=1, current_seqlen=[251, 627, 37, 571, 46], arch='gfx1100', chip='gfx1100', num_cu=70, num_chiplets=1, perfconfig='attn:v1:64,256,16,2,1,2,0,1,1,1,2')
----------------------------------------------------------------------------------------------------
PASS: AttentionConfiguration(datatype='bf16', g=3, seq_len_q=7, seq_len_k=751, num_heads_q=1, num_heads_kv=1, head_dim_qk=69, head_dim_v=170, with_attn_scale=True, with_attn_bias=True, trans_q=True, trans_k=False, trans_v=True, trans_o=False, causal=True, return_lse=True, split_kv=2, current_seqlen=None, arch='gfx1100', chip='gfx1100', num_cu=70, num_chiplets=1, perfconfig='attn:v1:64,32,64,1,1,16,0,1,3,0,0')
----------------------------------------------------------------------------------------------------
PASS: AttentionConfiguration(datatype='bf16', g=1, seq_len_q=1, seq_len_k=3255, num_heads_q=1, num_heads_kv=1, head_dim_qk=120, head_dim_v=168, with_attn_scale=False, with_attn_bias=False, trans_q=True, trans_k=False, trans_v=False, trans_o=True, causal=False, return_lse=True, split_kv=1, current_seqlen=[1534], arch='gfx1100', chip='gfx1100', num_cu=70, num_chiplets=1, perfconfig='attn:v1:32,16,128,2,1,1,0,1,3,4,8')
Lowering rejected config as not applicable
Command line = -operation attention -t f32 --arch gfx1100 --num_cu 70 --num_chiplets 1 -g 7 -seq_len_q 73 -seq_len_k 365 -num_heads_q 64 -num_heads_kv 16 -head_dim_qk 222 -head_dim_v 138 -with-attn-scale=True -with-attn-bias=False -transQ=True -transK=True -transV=True -transO=False -causal=False -return_lse=True -split_kv=4 --perf_config=attn:v1:256,64,128,2,1,16,16,1,2,8,8 -pv -relDiff_threshold 1e-4
Errors = loc("<stdin>":25:1): error: ttg.shared (163840) exceeds LDS limit (65536) for amdgcn-amd-amdhsa:gfx1100
Lowering not applicable.

----------------------------------------------------------------------------------------------------
NOT_APPLICABLE: AttentionConfiguration(datatype='f32', g=7, seq_len_q=73, seq_len_k=365, num_heads_q=64, num_heads_kv=16, head_dim_qk=222, head_dim_v=138, with_attn_scale=True, with_attn_bias=False, trans_q=True, trans_k=True, trans_v=True, trans_o=False, causal=False, return_lse=True, split_kv=4, current_seqlen=None, arch='gfx1100', chip='gfx1100', num_cu=70, num_chiplets=1, perfconfig='attn:v1:256,64,128,2,1,16,16,1,2,8,8')
----------------------------------------------------------------------------------------------------
PASS: AttentionConfiguration(datatype='f16', g=7, seq_len_q=315, seq_len_k=500, num_heads_q=1, num_heads_kv=1, head_dim_qk=129, head_dim_v=72, with_attn_scale=False, with_attn_bias=False, trans_q=True, trans_k=False, trans_v=True, trans_o=False, causal=True, return_lse=False, split_kv=1, current_seqlen=None, arch='gfx1100', chip='gfx1100', num_cu=70, num_chiplets=1, perfconfig='attn:v1:32,16,16,1,1,16,16,1,1,1,2')
----------------------------------------------------------------------------------------------------
PASS: AttentionConfiguration(datatype='bf16', g=7, seq_len_q=1, seq_len_k=27, num_heads_q=8, num_heads_kv=4, head_dim_qk=178, head_dim_v=199, with_attn_scale=False, with_attn_bias=False, trans_q=True, trans_k=True, trans_v=True, trans_o=True, causal=False, return_lse=True, split_kv=32, current_seqlen=[17, 11, 15, 15, 18, 20, 16], arch='gfx1100', chip='gfx1100', num_cu=70, num_chiplets=1, perfconfig='attn:v1:128,16,32,2,1,8,32,1,3,0,2')
----------------------------------------------------------------------------------------------------
PASS: AttentionConfiguration(datatype='bf16', g=7, seq_len_q=1, seq_len_k=431, num_heads_q=1, num_heads_kv=1, head_dim_qk=105, head_dim_v=88, with_attn_scale=False, with_attn_bias=True, trans_q=True, trans_k=True, trans_v=False, trans_o=True, causal=False, return_lse=False, split_kv=1, current_seqlen=[314, 128, 347, 104, 347, 103, 94], arch='gfx1100', chip='gfx1100', num_cu=70, num_chiplets=1, perfconfig='attn:v1:32,256,32,2,1,4,0,1,3,2,2')
----------------------------------------------------------------------------------------------------
PASS: AttentionConfiguration(datatype='i8', g=1, seq_len_q=1, seq_len_k=2023, num_heads_q=1, num_heads_kv=1, head_dim_qk=203, head_dim_v=32, with_attn_scale=False, with_attn_bias=True, trans_q=True, trans_k=False, trans_v=True, trans_o=True, causal=False, return_lse=True, split_kv=1, current_seqlen=[1658], arch='gfx1100', chip='gfx1100', num_cu=70, num_chiplets=1, perfconfig='attn:v1:64,128,32,1,1,1,0,1,1,4,0')
----------------------------------------------------------------------------------------------------
PASS: AttentionConfiguration(datatype='i8', g=7, seq_len_q=415, seq_len_k=581, num_heads_q=1, num_heads_kv=1, head_dim_qk=149, head_dim_v=207, with_attn_scale=True, with_attn_bias=True, trans_q=True, trans_k=False, trans_v=True, trans_o=True, causal=True, return_lse=False, split_kv=1, current_seqlen=None, arch='gfx1100', chip='gfx1100', num_cu=70, num_chiplets=1, perfconfig='attn:v1:256,16,32,2,1,8,0,1,1,4,1')
----------------------------------------------------------------------------------------------------
FAIL: AttentionConfiguration(datatype='bf16', g=3, seq_len_q=457, seq_len_k=107, num_heads_q=128, num_heads_kv=8, head_dim_qk=40, head_dim_v=22, with_attn_scale=True, with_attn_bias=True, trans_q=False, trans_k=True, trans_v=True, trans_o=False, causal=False, return_lse=True, split_kv=8, current_seqlen=None, arch='gfx1100', chip='gfx1100', num_cu=70, num_chiplets=1, perfconfig='attn:v1:256,16,64,1,1,2,16,1,1,2,8')
----------------------------------------------------------------------------------------------------
PASS: AttentionConfiguration(datatype='f32', g=7, seq_len_q=492, seq_len_k=244, num_heads_q=16, num_heads_kv=4, head_dim_qk=127, head_dim_v=64, with_attn_scale=False, with_attn_bias=True, trans_q=False, trans_k=False, trans_v=False, trans_o=False, causal=False, return_lse=False, split_kv=1, current_seqlen=None, arch='gfx1100', chip='gfx1100', num_cu=70, num_chiplets=1, perfconfig='attn:v1:128,32,16,1,1,1,0,1,1,2,4')
Lowering rejected config as not applicable
Command line = -operation attention -t f32 --arch gfx1100 --num_cu 70 --num_chiplets 1 -g 1 -seq_len_q 1 -seq_len_k 1861 -num_heads_q 1 -num_heads_kv 1 -head_dim_qk 182 -head_dim_v 96 -with-attn-scale=False -with-attn-bias=True -transQ=True -transK=True -transV=True -transO=True -causal=False -return_lse=True -split_kv=2 --perf_config=attn:v1:32,256,16,1,1,2,16,1,2,8,4 --current_seq_len=1836 -pv -relDiff_threshold 1e-4
Errors = loc("<stdin>":27:1): error: ttg.shared (131072) exceeds LDS limit (65536) for amdgcn-amd-amdhsa:gfx1100
Lowering not applicable.

----------------------------------------------------------------------------------------------------
NOT_APPLICABLE: AttentionConfiguration(datatype='f32', g=1, seq_len_q=1, seq_len_k=1861, num_heads_q=1, num_heads_kv=1, head_dim_qk=182, head_dim_v=96, with_attn_scale=False, with_attn_bias=True, trans_q=True, trans_k=True, trans_v=True, trans_o=True, causal=False, return_lse=True, split_kv=2, current_seqlen=[1836], arch='gfx1100', chip='gfx1100', num_cu=70, num_chiplets=1, perfconfig='attn:v1:32,256,16,1,1,2,16,1,2,8,4')
----------------------------------------------------------------------------------------------------
PASS: AttentionConfiguration(datatype='i8', g=8, seq_len_q=1, seq_len_k=485, num_heads_q=1, num_heads_kv=1, head_dim_qk=213, head_dim_v=89, with_attn_scale=True, with_attn_bias=False, trans_q=True, trans_k=True, trans_v=False, trans_o=False, causal=False, return_lse=False, split_kv=1, current_seqlen=[351, 384, 252, 477, 422, 123, 5, 127], arch='gfx1100', chip='gfx1100', num_cu=70, num_chiplets=1, perfconfig='attn:v1:64,16,32,1,1,8,16,1,1,8,2')
----------------------------------------------------------------------------------------------------
PASS: AttentionConfiguration(datatype='i8', g=6, seq_len_q=1, seq_len_k=249, num_heads_q=32, num_heads_kv=2, head_dim_qk=117, head_dim_v=197, with_attn_scale=False, with_attn_bias=False, trans_q=False, trans_k=True, trans_v=True, trans_o=False, causal=False, return_lse=False, split_kv=1, current_seqlen=[123, 118, 17, 245, 145, 167], arch='gfx1100', chip='gfx1100', num_cu=70, num_chiplets=1, perfconfig='attn:v1:16,128,64,2,1,16,16,1,1,2,1')
Lowering rejected config as not applicable
Command line = -operation attention -t f32 --arch gfx1100 --num_cu 70 --num_chiplets 1 -g 3 -seq_len_q 315 -seq_len_k 548 -num_heads_q 64 -num_heads_kv 32 -head_dim_qk 253 -head_dim_v 110 -with-attn-scale=False -with-attn-bias=True -transQ=False -transK=True -transV=True -transO=False -causal=False -return_lse=True -split_kv=32 --perf_config=attn:v1:64,128,128,1,1,2,0,1,2,4,1 -pv -relDiff_threshold 1e-4
Errors = loc("<stdin>":25:1): error: ttg.shared (98304) exceeds LDS limit (65536) for amdgcn-amd-amdhsa:gfx1100
Lowering not applicable.

----------------------------------------------------------------------------------------------------
NOT_APPLICABLE: AttentionConfiguration(datatype='f32', g=3, seq_len_q=315, seq_len_k=548, num_heads_q=64, num_heads_kv=32, head_dim_qk=253, head_dim_v=110, with_attn_scale=False, with_attn_bias=True, trans_q=False, trans_k=True, trans_v=True, trans_o=False, causal=False, return_lse=True, split_kv=32, current_seqlen=None, arch='gfx1100', chip='gfx1100', num_cu=70, num_chiplets=1, perfconfig='attn:v1:64,128,128,1,1,2,0,1,2,4,1')
----------------------------------------------------------------------------------------------------
PASS: AttentionConfiguration(datatype='i8', g=7, seq_len_q=1, seq_len_k=411, num_heads_q=1, num_heads_kv=1, head_dim_qk=252, head_dim_v=242, with_attn_scale=False, with_attn_bias=True, trans_q=True, trans_k=True, trans_v=True, trans_o=False, causal=False, return_lse=False, split_kv=1, current_seqlen=[46, 155, 304, 78, 360, 396, 396], arch='gfx1100', chip='gfx1100', num_cu=70, num_chiplets=1, perfconfig='attn:v1:32,16,64,2,1,2,0,1,1,8,8')
----------------------------------------------------------------------------------------------------
PASS: AttentionConfiguration(datatype='bf16', g=7, seq_len_q=1, seq_len_k=159, num_heads_q=1, num_heads_kv=1, head_dim_qk=38, head_dim_v=242, with_attn_scale=False, with_attn_bias=False, trans_q=True, trans_k=False, trans_v=False, trans_o=False, causal=False, return_lse=False, split_kv=1, current_seqlen=[71, 54, 116, 47, 54, 119, 105], arch='gfx1100', chip='gfx1100', num_cu=70, num_chiplets=1, perfconfig='attn:v1:128,128,64,1,1,16,32,1,1,8,0')
Lowering rejected config as not applicable
Command line = -operation attention -t f16 --arch gfx1100 --num_cu 70 --num_chiplets 1 -g 6 -seq_len_q 1 -seq_len_k 286 -num_heads_q 1 -num_heads_kv 1 -head_dim_qk 62 -head_dim_v 227 -with-attn-scale=True -with-attn-bias=True -transQ=False -transK=True -transV=True -transO=False -causal=False -return_lse=True -split_kv=2 --perf_config=attn:v1:128,256,64,2,1,16,16,1,3,4,4 --current_seq_len=151,107,284,103,9,4 -pv
Errors = loc("<stdin>":29:1): error: ttg.shared (458752) exceeds LDS limit (65536) for amdgcn-amd-amdhsa:gfx1100
Lowering not applicable.

----------------------------------------------------------------------------------------------------
NOT_APPLICABLE: AttentionConfiguration(datatype='f16', g=6, seq_len_q=1, seq_len_k=286, num_heads_q=1, num_heads_kv=1, head_dim_qk=62, head_dim_v=227, with_attn_scale=True, with_attn_bias=True, trans_q=False, trans_k=True, trans_v=True, trans_o=False, causal=False, return_lse=True, split_kv=2, current_seqlen=[151, 107, 284, 103, 9, 4], arch='gfx1100', chip='gfx1100', num_cu=70, num_chiplets=1, perfconfig='attn:v1:128,256,64,2,1,16,16,1,3,4,4')
----------------------------------------------------------------------------------------------------
PASS: AttentionConfiguration(datatype='f32', g=7, seq_len_q=455, seq_len_k=548, num_heads_q=128, num_heads_kv=16, head_dim_qk=110, head_dim_v=151, with_attn_scale=True, with_attn_bias=False, trans_q=False, trans_k=False, trans_v=False, trans_o=True, causal=False, return_lse=False, split_kv=1, current_seqlen=None, arch='gfx1100', chip='gfx1100', num_cu=70, num_chiplets=1, perfconfig='attn:v1:128,16,32,2,1,16,0,1,1,4,1')
Lowering rejected config as not applicable
Command line = -operation attention -t f32 --arch gfx1100 --num_cu 70 --num_chiplets 1 -g 5 -seq_len_q 1 -seq_len_k 342 -num_heads_q 32 -num_heads_kv 16 -head_dim_qk 195 -head_dim_v 84 -with-attn-scale=True -with-attn-bias=True -transQ=False -transK=True -transV=True -transO=False -causal=False -return_lse=False -split_kv=1 --perf_config=attn:v1:256,16,128,1,1,8,32,1,1,1,2 --current_seq_len=234,98,209,293,41 -pv -relDiff_threshold 1e-4
Errors = loc("<stdin>":28:1): error: ttg.shared (131072) exceeds LDS limit (65536) for amdgcn-amd-amdhsa:gfx1100
Lowering not applicable.

----------------------------------------------------------------------------------------------------
NOT_APPLICABLE: AttentionConfiguration(datatype='f32', g=5, seq_len_q=1, seq_len_k=342, num_heads_q=32, num_heads_kv=16, head_dim_qk=195, head_dim_v=84, with_attn_scale=True, with_attn_bias=True, trans_q=False, trans_k=True, trans_v=True, trans_o=False, causal=False, return_lse=False, split_kv=1, current_seqlen=[234, 98, 209, 293, 41], arch='gfx1100', chip='gfx1100', num_cu=70, num_chiplets=1, perfconfig='attn:v1:256,16,128,1,1,8,32,1,1,1,2')
Lowering rejected config as not applicable
Command line = -operation attention -t f32 --arch gfx1100 --num_cu 70 --num_chiplets 1 -g 4 -seq_len_q 124 -seq_len_k 897 -num_heads_q 1 -num_heads_kv 1 -head_dim_qk 38 -head_dim_v 25 -with-attn-scale=False -with-attn-bias=True -transQ=True -transK=True -transV=False -transO=False -causal=True -return_lse=True -split_kv=1 --perf_config=attn:v1:128,256,64,1,1,16,16,1,1,2,1 -pv -relDiff_threshold 1e-4
Errors = loc("<stdin>":19:1): error: ttg.shared (131072) exceeds LDS limit (65536) for amdgcn-amd-amdhsa:gfx1100
Lowering not applicable.

----------------------------------------------------------------------------------------------------
NOT_APPLICABLE: AttentionConfiguration(datatype='f32', g=4, seq_len_q=124, seq_len_k=897, num_heads_q=1, num_heads_kv=1, head_dim_qk=38, head_dim_v=25, with_attn_scale=False, with_attn_bias=True, trans_q=True, trans_k=True, trans_v=False, trans_o=False, causal=True, return_lse=True, split_kv=1, current_seqlen=None, arch='gfx1100', chip='gfx1100', num_cu=70, num_chiplets=1, perfconfig='attn:v1:128,256,64,1,1,16,16,1,1,2,1')
FAIL: Timeout in rocmlir-driver stage (120s)
Config = AttentionConfiguration(datatype='f32', g=1, seq_len_q=435, seq_len_k=200, num_heads_q=1, num_heads_kv=1, head_dim_qk=184, head_dim_v=72, with_attn_scale=False, with_attn_bias=True, trans_q=True, trans_k=True, trans_v=False, trans_o=True, causal=False, return_lse=False, split_kv=1, current_seqlen=None, arch='gfx1100', chip='gfx1100', num_cu=70, num_chiplets=1, perfconfig='attn:v1:128,128,32,1,1,1,32,1,1,8,1')
Command line = -operation attention -t f32 --arch gfx1100 --num_cu 70 --num_chiplets 1 -g 1 -seq_len_q 435 -seq_len_k 200 -num_heads_q 1 -num_heads_kv 1 -head_dim_qk 184 -head_dim_v 72 -with-attn-scale=False -with-attn-bias=True -transQ=True -transK=True -transV=False -transO=True -causal=False -return_lse=False -split_kv=1 --perf_config=attn:v1:128,128,32,1,1,1,32,1,1,8,1 -pv -relDiff_threshold 1e-4
FAIL: Timeout in rocmlir-driver stage (120s)
Config = AttentionConfiguration(datatype='i8', g=8, seq_len_q=1, seq_len_k=476, num_heads_q=1, num_heads_kv=1, head_dim_qk=237, head_dim_v=180, with_attn_scale=False, with_attn_bias=True, trans_q=False, trans_k=True, trans_v=True, trans_o=False, causal=False, return_lse=False, split_kv=1, current_seqlen=[309, 338, 127, 215, 377, 273, 55, 235], arch='gfx1100', chip='gfx1100', num_cu=70, num_chiplets=1, perfconfig='attn:v1:128,128,16,1,1,1,16,1,3,8,8')
Command line = -operation attention -t i8 --arch gfx1100 --num_cu 70 --num_chiplets 1 -g 8 -seq_len_q 1 -seq_len_k 476 -num_heads_q 1 -num_heads_kv 1 -head_dim_qk 237 -head_dim_v 180 -with-attn-scale=False -with-attn-bias=True -transQ=False -transK=True -transV=True -transO=False -causal=False -return_lse=False -split_kv=1 --perf_config=attn:v1:128,128,16,1,1,1,16,1,3,8,8 --current_seq_len=309,338,127,215,377,273,55,235 -pv
----------------------------------------------------------------------------------------------------
PASS: AttentionConfiguration(datatype='f16', g=2, seq_len_q=46, seq_len_k=1900, num_heads_q=1, num_heads_kv=1, head_dim_qk=117, head_dim_v=106, with_attn_scale=False, with_attn_bias=True, trans_q=True, trans_k=False, trans_v=True, trans_o=True, causal=False, return_lse=True, split_kv=32, current_seqlen=None, arch='gfx1100', chip='gfx1100', num_cu=70, num_chiplets=1, perfconfig='attn:v1:256,32,64,1,1,8,0,1,1,4,4')
----------------------------------------------------------------------------------------------------
PASS: AttentionConfiguration(datatype='i8', g=1, seq_len_q=15, seq_len_k=2233, num_heads_q=1, num_heads_kv=1, head_dim_qk=88, head_dim_v=235, with_attn_scale=True, with_attn_bias=False, trans_q=True, trans_k=True, trans_v=False, trans_o=False, causal=True, return_lse=True, split_kv=16, current_seqlen=None, arch='gfx1100', chip='gfx1100', num_cu=70, num_chiplets=1, perfconfig='attn:v1:64,16,64,1,1,2,0,1,2,0,4')
----------------------------------------------------------------------------------------------------
PASS: AttentionConfiguration(datatype='i8', g=3, seq_len_q=89, seq_len_k=1019, num_heads_q=1, num_heads_kv=1, head_dim_qk=150, head_dim_v=209, with_attn_scale=False, with_attn_bias=False, trans_q=False, trans_k=False, trans_v=True, trans_o=False, causal=False, return_lse=False, split_kv=1, current_seqlen=None, arch='gfx1100', chip='gfx1100', num_cu=70, num_chiplets=1, perfconfig='attn:v1:32,32,32,2,1,1,16,1,3,1,1')
----------------------------------------------------------------------------------------------------
PASS: AttentionConfiguration(datatype='i8', g=6, seq_len_q=582, seq_len_k=273, num_heads_q=1, num_heads_kv=1, head_dim_qk=129, head_dim_v=244, with_attn_scale=True, with_attn_bias=False, trans_q=False, trans_k=True, trans_v=False, trans_o=True, causal=False, return_lse=False, split_kv=1, current_seqlen=None, arch='gfx1100', chip='gfx1100', num_cu=70, num_chiplets=1, perfconfig='attn:v1:128,64,32,1,1,4,0,1,2,0,0')
----------------------------------------------------------------------------------------------------
PASS: AttentionConfiguration(datatype='i8', g=3, seq_len_q=1, seq_len_k=479, num_heads_q=1, num_heads_kv=1, head_dim_qk=48, head_dim_v=161, with_attn_scale=False, with_attn_bias=True, trans_q=False, trans_k=False, trans_v=False, trans_o=False, causal=False, return_lse=True, split_kv=16, current_seqlen=[192, 166, 92], arch='gfx1100', chip='gfx1100', num_cu=70, num_chiplets=1, perfconfig='attn:v1:128,32,16,2,1,2,32,1,1,1,1')
----------------------------------------------------------------------------------------------------
FAIL: AttentionConfiguration(datatype='f32', g=1, seq_len_q=435, seq_len_k=200, num_heads_q=1, num_heads_kv=1, head_dim_qk=184, head_dim_v=72, with_attn_scale=False, with_attn_bias=True, trans_q=True, trans_k=True, trans_v=False, trans_o=True, causal=False, return_lse=False, split_kv=1, current_seqlen=None, arch='gfx1100', chip='gfx1100', num_cu=70, num_chiplets=1, perfconfig='attn:v1:128,128,32,1,1,1,32,1,1,8,1')
Lowering rejected config as not applicable
Command line = -operation attention -t f32 --arch gfx1100 --num_cu 70 --num_chiplets 1 -g 5 -seq_len_q 1 -seq_len_k 511 -num_heads_q 1 -num_heads_kv 1 -head_dim_qk 230 -head_dim_v 43 -with-attn-scale=False -with-attn-bias=True -transQ=True -transK=True -transV=True -transO=False -causal=False -return_lse=False -split_kv=1 --perf_config=attn:v1:32,64,128,2,1,16,32,1,3,8,8 --current_seq_len=215,298,320,370,468 -pv -relDiff_threshold 1e-4
Errors = loc("<stdin>":25:1): error: ttg.shared (98304) exceeds LDS limit (65536) for amdgcn-amd-amdhsa:gfx1100
Lowering not applicable.

----------------------------------------------------------------------------------------------------
NOT_APPLICABLE: AttentionConfiguration(datatype='f32', g=5, seq_len_q=1, seq_len_k=511, num_heads_q=1, num_heads_kv=1, head_dim_qk=230, head_dim_v=43, with_attn_scale=False, with_attn_bias=True, trans_q=True, trans_k=True, trans_v=True, trans_o=False, causal=False, return_lse=False, split_kv=1, current_seqlen=[215, 298, 320, 370, 468], arch='gfx1100', chip='gfx1100', num_cu=70, num_chiplets=1, perfconfig='attn:v1:32,64,128,2,1,16,32,1,3,8,8')
Lowering rejected config as not applicable
Command line = -operation attention -t i8 --arch gfx1100 --num_cu 70 --num_chiplets 1 -g 8 -seq_len_q 187 -seq_len_k 308 -num_heads_q 1 -num_heads_kv 1 -head_dim_qk 8 -head_dim_v 45 -with-attn-scale=False -with-attn-bias=True -transQ=False -transK=True -transV=False -transO=False -causal=True -return_lse=True -split_kv=8 --perf_config=attn:v1:256,256,16,2,1,16,32,1,1,0,8 -pv
Errors = loc("<stdin>":29:1): error: ttg.shared (262144) exceeds LDS limit (65536) for amdgcn-amd-amdhsa:gfx1100
Lowering not applicable.

----------------------------------------------------------------------------------------------------
NOT_APPLICABLE: AttentionConfiguration(datatype='i8', g=8, seq_len_q=187, seq_len_k=308, num_heads_q=1, num_heads_kv=1, head_dim_qk=8, head_dim_v=45, with_attn_scale=False, with_attn_bias=True, trans_q=False, trans_k=True, trans_v=False, trans_o=False, causal=True, return_lse=True, split_kv=8, current_seqlen=None, arch='gfx1100', chip='gfx1100', num_cu=70, num_chiplets=1, perfconfig='attn:v1:256,256,16,2,1,16,32,1,1,0,8')
----------------------------------------------------------------------------------------------------
PASS: AttentionConfiguration(datatype='f16', g=3, seq_len_q=1, seq_len_k=551, num_heads_q=32, num_heads_kv=2, head_dim_qk=127, head_dim_v=187, with_attn_scale=False, with_attn_bias=False, trans_q=True, trans_k=False, trans_v=False, trans_o=False, causal=False, return_lse=True, split_kv=4, current_seqlen=[426, 331, 543], arch='gfx1100', chip='gfx1100', num_cu=70, num_chiplets=1, perfconfig='attn:v1:128,32,32,2,1,8,32,1,3,4,1')
----------------------------------------------------------------------------------------------------
PASS: AttentionConfiguration(datatype='f16', g=4, seq_len_q=1, seq_len_k=489, num_heads_q=128, num_heads_kv=16, head_dim_qk=78, head_dim_v=153, with_attn_scale=False, with_attn_bias=False, trans_q=False, trans_k=True, trans_v=False, trans_o=False, causal=False, return_lse=True, split_kv=8, current_seqlen=[148, 408, 462, 363], arch='gfx1100', chip='gfx1100', num_cu=70, num_chiplets=1, perfconfig='attn:v1:16,32,128,1,1,2,0,1,1,8,8')
----------------------------------------------------------------------------------------------------
PASS: AttentionConfiguration(datatype='i8', g=2, seq_len_q=6, seq_len_k=398, num_heads_q=1, num_heads_kv=1, head_dim_qk=63, head_dim_v=91, with_attn_scale=True, with_attn_bias=False, trans_q=False, trans_k=True, trans_v=False, trans_o=False, causal=True, return_lse=True, split_kv=2, current_seqlen=None, arch='gfx1100', chip='gfx1100', num_cu=70, num_chiplets=1, perfconfig='attn:v1:32,64,128,2,1,2,0,1,1,2,8')
----------------------------------------------------------------------------------------------------
PASS: AttentionConfiguration(datatype='f16', g=5, seq_len_q=372, seq_len_k=85, num_heads_q=1, num_heads_kv=1, head_dim_qk=3, head_dim_v=85, with_attn_scale=True, with_attn_bias=True, trans_q=True, trans_k=False, trans_v=False, trans_o=True, causal=True, return_lse=False, split_kv=1, current_seqlen=None, arch='gfx1100', chip='gfx1100', num_cu=70, num_chiplets=1, perfconfig='attn:v1:128,32,32,2,1,2,32,1,3,1,0')
----------------------------------------------------------------------------------------------------
PASS: AttentionConfiguration(datatype='f32', g=3, seq_len_q=71, seq_len_k=751, num_heads_q=64, num_heads_kv=8, head_dim_qk=147, head_dim_v=103, with_attn_scale=False, with_attn_bias=False, trans_q=True, trans_k=False, trans_v=True, trans_o=True, causal=False, return_lse=True, split_kv=32, current_seqlen=None, arch='gfx1100', chip='gfx1100', num_cu=70, num_chiplets=1, perfconfig='attn:v1:128,128,64,2,1,16,16,1,1,4,1')
FAIL: Runner returned incorrect result
Config = AttentionConfiguration(datatype='f16', g=7, seq_len_q=1, seq_len_k=31, num_heads_q=8, num_heads_kv=2, head_dim_qk=154, head_dim_v=88, with_attn_scale=True, with_attn_bias=False, trans_q=True, trans_k=True, trans_v=False, trans_o=True, causal=False, return_lse=True, split_kv=16, current_seqlen=[1, 12, 21, 10, 20, 5, 18], arch='gfx1100', chip='gfx1100', num_cu=70, num_chiplets=1, perfconfig='attn:v1:32,64,16,1,1,4,32,1,2,8,1')
Command line = -operation attention -t f16 --arch gfx1100 --num_cu 70 --num_chiplets 1 -g 7 -seq_len_q 1 -seq_len_k 31 -num_heads_q 8 -num_heads_kv 2 -head_dim_qk 154 -head_dim_v 88 -with-attn-scale=True -with-attn-bias=False -transQ=True -transK=True -transV=False -transO=True -causal=False -return_lse=True -split_kv=16 --perf_config=attn:v1:32,64,16,1,1,4,32,1,2,8,1 --current_seq_len=1,12,21,10,20,5,18 -pv
Output = Number of elements: 78848
maxAbsDiff info: maxAbsDiff = 0.000488 (valNum = -0.60107, gpuNum = -0.60059), average absDiff = nan
maxRelDiff info: maxRelDiff = 8.6e-04 (valNum = -0.5693359375, gpuNum = -0.5698242188), average relDiff = nan
RMS = nan
Histogram of relDiff: 
        relDiff = 0     : 40800/78848 (51.745130%)
     0 < relDiff < 1e-06: 26752/78848 (33.928571%)
1e-06 < relDiff <= 1e-05: 0/78848 (0.000000%)
1e-05 < relDiff <= 1e-04: 0/78848 (0.000000%)
1e-04 < relDiff <= 1e-03: 11296/78848 (14.326299%)
1e-03 < relDiff <= 1e-02: 0/78848 (0.000000%)
1e-02 < relDiff <= 1e-01: 0/78848 (0.000000%)
1e-01 < relDiff <= 1e+00: 0/78848 (0.000000%)
1e+00 < relDiff < inf   : 0/78848 (0.000000%)
        relDiff = inf   : 0/78848 (0.000000%)
[0 1 1]

----------------------------------------------------------------------------------------------------
FAIL: AttentionConfiguration(datatype='i8', g=8, seq_len_q=1, seq_len_k=476, num_heads_q=1, num_heads_kv=1, head_dim_qk=237, head_dim_v=180, with_attn_scale=False, with_attn_bias=True, trans_q=False, trans_k=True, trans_v=True, trans_o=False, causal=False, return_lse=False, split_kv=1, current_seqlen=[309, 338, 127, 215, 377, 273, 55, 235], arch='gfx1100', chip='gfx1100', num_cu=70, num_chiplets=1, perfconfig='attn:v1:128,128,16,1,1,1,16,1,3,8,8')
----------------------------------------------------------------------------------------------------
PASS: AttentionConfiguration(datatype='i8', g=1, seq_len_q=1, seq_len_k=1865, num_heads_q=1, num_heads_kv=1, head_dim_qk=135, head_dim_v=98, with_attn_scale=True, with_attn_bias=True, trans_q=False, trans_k=True, trans_v=True, trans_o=True, causal=False, return_lse=True, split_kv=16, current_seqlen=[55], arch='gfx1100', chip='gfx1100', num_cu=70, num_chiplets=1, perfconfig='attn:v1:64,128,32,2,1,16,32,1,1,4,4')
Lowering rejected config as not applicable
Command line = -operation attention -t f16 --arch gfx1100 --num_cu 70 --num_chiplets 1 -g 5 -seq_len_q 1 -seq_len_k 523 -num_heads_q 1 -num_heads_kv 1 -head_dim_qk 59 -head_dim_v 124 -with-attn-scale=True -with-attn-bias=False -transQ=False -transK=True -transV=True -transO=True -causal=False -return_lse=False -split_kv=1 --perf_config=attn:v1:256,256,16,1,1,8,16,1,3,8,4 --current_seq_len=440,360,490,313,350 -pv
Errors = loc("<stdin>":25:1): error: ttg.shared (131072) exceeds LDS limit (65536) for amdgcn-amd-amdhsa:gfx1100
Lowering not applicable.

----------------------------------------------------------------------------------------------------
NOT_APPLICABLE: AttentionConfiguration(datatype='f16', g=5, seq_len_q=1, seq_len_k=523, num_heads_q=1, num_heads_kv=1, head_dim_qk=59, head_dim_v=124, with_attn_scale=True, with_attn_bias=False, trans_q=False, trans_k=True, trans_v=True, trans_o=True, causal=False, return_lse=False, split_kv=1, current_seqlen=[440, 360, 490, 313, 350], arch='gfx1100', chip='gfx1100', num_cu=70, num_chiplets=1, perfconfig='attn:v1:256,256,16,1,1,8,16,1,3,8,4')
----------------------------------------------------------------------------------------------------
PASS: AttentionConfiguration(datatype='bf16', g=5, seq_len_q=1, seq_len_k=196, num_heads_q=1, num_heads_kv=1, head_dim_qk=33, head_dim_v=82, with_attn_scale=True, with_attn_bias=False, trans_q=False, trans_k=True, trans_v=False, trans_o=False, causal=False, return_lse=True, split_kv=8, current_seqlen=[109, 86, 118, 119, 108], arch='gfx1100', chip='gfx1100', num_cu=70, num_chiplets=1, perfconfig='attn:v1:16,128,32,1,1,4,32,1,3,4,2')
----------------------------------------------------------------------------------------------------
PASS: AttentionConfiguration(datatype='f16', g=7, seq_len_q=1, seq_len_k=419, num_heads_q=8, num_heads_kv=2, head_dim_qk=239, head_dim_v=16, with_attn_scale=True, with_attn_bias=True, trans_q=True, trans_k=True, trans_v=True, trans_o=True, causal=False, return_lse=True, split_kv=4, current_seqlen=[221, 163, 262, 167, 60, 113, 24], arch='gfx1100', chip='gfx1100', num_cu=70, num_chiplets=1, perfconfig='attn:v1:128,16,32,2,1,2,16,1,3,2,8')
----------------------------------------------------------------------------------------------------
PASS: AttentionConfiguration(datatype='i8', g=5, seq_len_q=35, seq_len_k=586, num_heads_q=128, num_heads_kv=8, head_dim_qk=82, head_dim_v=10, with_attn_scale=False, with_attn_bias=True, trans_q=True, trans_k=True, trans_v=False, trans_o=True, causal=True, return_lse=True, split_kv=8, current_seqlen=None, arch='gfx1100', chip='gfx1100', num_cu=70, num_chiplets=1, perfconfig='attn:v1:64,64,16,2,1,16,16,1,1,0,1')
----------------------------------------------------------------------------------------------------
PASS: AttentionConfiguration(datatype='bf16', g=3, seq_len_q=178, seq_len_k=775, num_heads_q=32, num_heads_kv=16, head_dim_qk=183, head_dim_v=32, with_attn_scale=False, with_attn_bias=True, trans_q=False, trans_k=True, trans_v=True, trans_o=False, causal=False, return_lse=True, split_kv=8, current_seqlen=None, arch='gfx1100', chip='gfx1100', num_cu=70, num_chiplets=1, perfconfig='attn:v1:256,16,16,1,1,16,32,1,1,1,2')
----------------------------------------------------------------------------------------------------
PASS: AttentionConfiguration(datatype='f16', g=4, seq_len_q=147, seq_len_k=362, num_heads_q=1, num_heads_kv=1, head_dim_qk=32, head_dim_v=160, with_attn_scale=False, with_attn_bias=True, trans_q=False, trans_k=True, trans_v=False, trans_o=False, causal=False, return_lse=False, split_kv=1, current_seqlen=None, arch='gfx1100', chip='gfx1100', num_cu=70, num_chiplets=1, perfconfig='attn:v1:64,32,32,1,1,1,32,1,1,4,2')
----------------------------------------------------------------------------------------------------
PASS: AttentionConfiguration(datatype='bf16', g=8, seq_len_q=1, seq_len_k=257, num_heads_q=1, num_heads_kv=1, head_dim_qk=60, head_dim_v=79, with_attn_scale=True, with_attn_bias=False, trans_q=False, trans_k=False, trans_v=True, trans_o=False, causal=False, return_lse=True, split_kv=2, current_seqlen=[189, 131, 241, 20, 149, 133, 57, 158], arch='gfx1100', chip='gfx1100', num_cu=70, num_chiplets=1, perfconfig='attn:v1:128,64,16,2,1,1,16,1,2,0,2')
Lowering rejected config as not applicable
Command line = -operation attention -t f32 --arch gfx1100 --num_cu 70 --num_chiplets 1 -g 1 -seq_len_q 1 -seq_len_k 2101 -num_heads_q 1 -num_heads_kv 1 -head_dim_qk 97 -head_dim_v 182 -with-attn-scale=True -with-attn-bias=False -transQ=True -transK=False -transV=True -transO=True -causal=False -return_lse=False -split_kv=1 --perf_config=attn:v1:64,128,128,1,1,2,32,1,1,8,4 --current_seq_len=1512 -pv -relDiff_threshold 1e-4
Errors = loc("<stdin>":22:1): error: ttg.shared (131072) exceeds LDS limit (65536) for amdgcn-amd-amdhsa:gfx1100
Lowering not applicable.

----------------------------------------------------------------------------------------------------
NOT_APPLICABLE: AttentionConfiguration(datatype='f32', g=1, seq_len_q=1, seq_len_k=2101, num_heads_q=1, num_heads_kv=1, head_dim_qk=97, head_dim_v=182, with_attn_scale=True, with_attn_bias=False, trans_q=True, trans_k=False, trans_v=True, trans_o=True, causal=False, return_lse=False, split_kv=1, current_seqlen=[1512], arch='gfx1100', chip='gfx1100', num_cu=70, num_chiplets=1, perfconfig='attn:v1:64,128,128,1,1,2,32,1,1,8,4')
----------------------------------------------------------------------------------------------------
FAIL: AttentionConfiguration(datatype='f16', g=7, seq_len_q=1, seq_len_k=31, num_heads_q=8, num_heads_kv=2, head_dim_qk=154, head_dim_v=88, with_attn_scale=True, with_attn_bias=False, trans_q=True, trans_k=True, trans_v=False, trans_o=True, causal=False, return_lse=True, split_kv=16, current_seqlen=[1, 12, 21, 10, 20, 5, 18], arch='gfx1100', chip='gfx1100', num_cu=70, num_chiplets=1, perfconfig='attn:v1:32,64,16,1,1,4,32,1,2,8,1')
Lowering rejected config as not applicable
Command line = -operation attention -t bf16 --arch gfx1100 --num_cu 70 --num_chiplets 1 -g 8 -seq_len_q 1 -seq_len_k 502 -num_heads_q 1 -num_heads_kv 1 -head_dim_qk 18 -head_dim_v 55 -with-attn-scale=False -with-attn-bias=False -transQ=True -transK=False -transV=False -transO=False -causal=False -return_lse=True -split_kv=4 --perf_config=attn:v1:32,256,128,2,1,4,32,1,3,0,2 --current_seq_len=252,241,251,442,447,279,72,141 -pv -RMS_threshold 1e-2
Errors = loc("<stdin>":27:1): error: ttg.shared (212992) exceeds LDS limit (65536) for amdgcn-amd-amdhsa:gfx1100
Lowering not applicable.

----------------------------------------------------------------------------------------------------
NOT_APPLICABLE: AttentionConfiguration(datatype='bf16', g=8, seq_len_q=1, seq_len_k=502, num_heads_q=1, num_heads_kv=1, head_dim_qk=18, head_dim_v=55, with_attn_scale=False, with_attn_bias=False, trans_q=True, trans_k=False, trans_v=False, trans_o=False, causal=False, return_lse=True, split_kv=4, current_seqlen=[252, 241, 251, 442, 447, 279, 72, 141], arch='gfx1100', chip='gfx1100', num_cu=70, num_chiplets=1, perfconfig='attn:v1:32,256,128,2,1,4,32,1,3,0,2')
----------------------------------------------------------------------------------------------------
PASS: AttentionConfiguration(datatype='f16', g=5, seq_len_q=1, seq_len_k=58, num_heads_q=64, num_heads_kv=32, head_dim_qk=31, head_dim_v=23, with_attn_scale=False, with_attn_bias=False, trans_q=True, trans_k=True, trans_v=True, trans_o=False, causal=False, return_lse=True, split_kv=8, current_seqlen=[47, 15, 38, 34, 19], arch='gfx1100', chip='gfx1100', num_cu=70, num_chiplets=1, perfconfig='attn:v1:32,128,64,2,1,1,32,1,2,2,1')
----------------------------------------------------------------------------------------------------
PASS: AttentionConfiguration(datatype='bf16', g=1, seq_len_q=1, seq_len_k=2183, num_heads_q=1, num_heads_kv=1, head_dim_qk=125, head_dim_v=158, with_attn_scale=False, with_attn_bias=False, trans_q=False, trans_k=True, trans_v=False, trans_o=True, causal=False, return_lse=True, split_kv=2, current_seqlen=[1362], arch='gfx1100', chip='gfx1100', num_cu=70, num_chiplets=1, perfconfig='attn:v1:64,128,64,2,1,4,32,1,1,2,2')
----------------------------------------------------------------------------------------------------
PASS: AttentionConfiguration(datatype='bf16', g=7, seq_len_q=35, seq_len_k=560, num_heads_q=128, num_heads_kv=64, head_dim_qk=116, head_dim_v=221, with_attn_scale=False, with_attn_bias=True, trans_q=False, trans_k=True, trans_v=True, trans_o=True, causal=True, return_lse=True, split_kv=4, current_seqlen=None, arch='gfx1100', chip='gfx1100', num_cu=70, num_chiplets=1, perfconfig='attn:v1:32,128,128,1,1,2,0,1,1,2,8')
----------------------------------------------------------------------------------------------------
PASS: AttentionConfiguration(datatype='f16', g=7, seq_len_q=1, seq_len_k=491, num_heads_q=1, num_heads_kv=1, head_dim_qk=253, head_dim_v=84, with_attn_scale=True, with_attn_bias=False, trans_q=False, trans_k=True, trans_v=False, trans_o=True, causal=False, return_lse=True, split_kv=2, current_seqlen=[304, 46, 290, 339, 177, 136, 153], arch='gfx1100', chip='gfx1100', num_cu=70, num_chiplets=1, perfconfig='attn:v1:128,64,32,2,1,2,16,1,2,0,1')
----------------------------------------------------------------------------------------------------
PASS: AttentionConfiguration(datatype='f32', g=6, seq_len_q=609, seq_len_k=384, num_heads_q=64, num_heads_kv=16, head_dim_qk=117, head_dim_v=42, with_attn_scale=True, with_attn_bias=True, trans_q=True, trans_k=False, trans_v=False, trans_o=True, causal=False, return_lse=True, split_kv=1, current_seqlen=None, arch='gfx1100', chip='gfx1100', num_cu=70, num_chiplets=1, perfconfig='attn:v1:64,256,32,2,1,8,16,1,2,2,4')
Lowering rejected config as not applicable
Command line = -operation attention -t f32 --arch gfx1100 --num_cu 70 --num_chiplets 1 -g 2 -seq_len_q 1 -seq_len_k 1949 -num_heads_q 1 -num_heads_kv 1 -head_dim_qk 199 -head_dim_v 203 -with-attn-scale=True -with-attn-bias=True -transQ=True -transK=False -transV=False -transO=False -causal=False -return_lse=False -split_kv=1 --perf_config=attn:v1:16,256,128,2,1,16,16,1,1,4,0 --current_seq_len=1327,474 -pv -relDiff_threshold 1e-4
Errors = loc("<stdin>":25:1): error: ttg.shared (262144) exceeds LDS limit (65536) for amdgcn-amd-amdhsa:gfx1100
Lowering not applicable.

----------------------------------------------------------------------------------------------------
NOT_APPLICABLE: AttentionConfiguration(datatype='f32', g=2, seq_len_q=1, seq_len_k=1949, num_heads_q=1, num_heads_kv=1, head_dim_qk=199, head_dim_v=203, with_attn_scale=True, with_attn_bias=True, trans_q=True, trans_k=False, trans_v=False, trans_o=False, causal=False, return_lse=False, split_kv=1, current_seqlen=[1327, 474], arch='gfx1100', chip='gfx1100', num_cu=70, num_chiplets=1, perfconfig='attn:v1:16,256,128,2,1,16,16,1,1,4,0')
Lowering rejected config as not applicable
Command line = -operation attention -t i8 --arch gfx1100 --num_cu 70 --num_chiplets 1 -g 6 -seq_len_q 1 -seq_len_k 145 -num_heads_q 1 -num_heads_kv 1 -head_dim_qk 75 -head_dim_v 198 -with-attn-scale=False -with-attn-bias=False -transQ=True -transK=False -transV=False -transO=False -causal=False -return_lse=True -split_kv=2 --perf_config=attn:v1:16,256,16,1,1,8,0,1,2,2,1 --current_seq_len=40,128,129,16,103,58 -pv
Errors = loc("<stdin>":31:1): error: ttg.shared (131072) exceeds LDS limit (65536) for amdgcn-amd-amdhsa:gfx1100
Lowering not applicable.

----------------------------------------------------------------------------------------------------
NOT_APPLICABLE: AttentionConfiguration(datatype='i8', g=6, seq_len_q=1, seq_len_k=145, num_heads_q=1, num_heads_kv=1, head_dim_qk=75, head_dim_v=198, with_attn_scale=False, with_attn_bias=False, trans_q=True, trans_k=False, trans_v=False, trans_o=False, causal=False, return_lse=True, split_kv=2, current_seqlen=[40, 128, 129, 16, 103, 58], arch='gfx1100', chip='gfx1100', num_cu=70, num_chiplets=1, perfconfig='attn:v1:16,256,16,1,1,8,0,1,2,2,1')
----------------------------------------------------------------------------------------------------
PASS: AttentionConfiguration(datatype='f16', g=1, seq_len_q=5, seq_len_k=1783, num_heads_q=1, num_heads_kv=1, head_dim_qk=35, head_dim_v=151, with_attn_scale=True, with_attn_bias=False, trans_q=True, trans_k=True, trans_v=False, trans_o=False, causal=False, return_lse=False, split_kv=1, current_seqlen=None, arch='gfx1100', chip='gfx1100', num_cu=70, num_chiplets=1, perfconfig='attn:v1:16,16,128,2,1,8,0,1,2,8,0')
----------------------------------------------------------------------------------------------------
PASS: AttentionConfiguration(datatype='f16', g=2, seq_len_q=1, seq_len_k=816, num_heads_q=1, num_heads_kv=1, head_dim_qk=123, head_dim_v=221, with_attn_scale=True, with_attn_bias=True, trans_q=True, trans_k=True, trans_v=True, trans_o=False, causal=False, return_lse=True, split_kv=8, current_seqlen=[696, 638], arch='gfx1100', chip='gfx1100', num_cu=70, num_chiplets=1, perfconfig='attn:v1:16,32,32,2,1,1,0,1,1,0,8')
----------------------------------------------------------------------------------------------------
PASS: AttentionConfiguration(datatype='f16', g=7, seq_len_q=13, seq_len_k=70, num_heads_q=1, num_heads_kv=1, head_dim_qk=112, head_dim_v=242, with_attn_scale=True, with_attn_bias=False, trans_q=True, trans_k=False, trans_v=True, trans_o=False, causal=True, return_lse=True, split_kv=4, current_seqlen=None, arch='gfx1100', chip='gfx1100', num_cu=70, num_chiplets=1, perfconfig='attn:v1:256,64,16,1,1,16,32,1,1,1,0')
----------------------------------------------------------------------------------------------------
PASS: AttentionConfiguration(datatype='f16', g=3, seq_len_q=115, seq_len_k=459, num_heads_q=128, num_heads_kv=16, head_dim_qk=40, head_dim_v=122, with_attn_scale=False, with_attn_bias=True, trans_q=False, trans_k=False, trans_v=False, trans_o=False, causal=True, return_lse=False, split_kv=1, current_seqlen=None, arch='gfx1100', chip='gfx1100', num_cu=70, num_chiplets=1, perfconfig='attn:v1:16,256,32,1,1,2,0,1,1,2,8')
----------------------------------------------------------------------------------------------------
PASS: AttentionConfiguration(datatype='f16', g=2, seq_len_q=198, seq_len_k=1058, num_heads_q=32, num_heads_kv=8, head_dim_qk=106, head_dim_v=224, with_attn_scale=False, with_attn_bias=True, trans_q=False, trans_k=False, trans_v=True, trans_o=True, causal=False, return_lse=True, split_kv=8, current_seqlen=None, arch='gfx1100', chip='gfx1100', num_cu=70, num_chiplets=1, perfconfig='attn:v1:64,128,32,1,1,2,16,1,1,1,4')
----------------------------------------------------------------------------------------------------
PASS: AttentionConfiguration(datatype='f16', g=5, seq_len_q=1, seq_len_k=640, num_heads_q=64, num_heads_kv=16, head_dim_qk=160, head_dim_v=176, with_attn_scale=True, with_attn_bias=False, trans_q=False, trans_k=False, trans_v=False, trans_o=False, causal=False, return_lse=True, split_kv=8, current_seqlen=[395, 274, 122, 342, 43], arch='gfx1100', chip='gfx1100', num_cu=70, num_chiplets=1, perfconfig='attn:v1:64,64,16,1,1,1,0,1,2,0,1')
Lowering rejected config as not applicable
Command line = -operation attention -t f32 --arch gfx1100 --num_cu 70 --num_chiplets 1 -g 8 -seq_len_q 118 -seq_len_k 3 -num_heads_q 32 -num_heads_kv 2 -head_dim_qk 234 -head_dim_v 111 -with-attn-scale=False -with-attn-bias=False -transQ=True -transK=True -transV=False -transO=True -causal=True -return_lse=True -split_kv=2 --perf_config=attn:v1:64,128,128,1,1,4,0,1,2,4,8 -pv -relDiff_threshold 1e-4
Errors = loc("<stdin>":24:1): error: ttg.shared (98304) exceeds LDS limit (65536) for amdgcn-amd-amdhsa:gfx1100
Lowering not applicable.

----------------------------------------------------------------------------------------------------
NOT_APPLICABLE: AttentionConfiguration(datatype='f32', g=8, seq_len_q=118, seq_len_k=3, num_heads_q=32, num_heads_kv=2, head_dim_qk=234, head_dim_v=111, with_attn_scale=False, with_attn_bias=False, trans_q=True, trans_k=True, trans_v=False, trans_o=True, causal=True, return_lse=True, split_kv=2, current_seqlen=None, arch='gfx1100', chip='gfx1100', num_cu=70, num_chiplets=1, perfconfig='attn:v1:64,128,128,1,1,4,0,1,2,4,8')
Lowering rejected config as not applicable
Command line = -operation attention -t i8 --arch gfx1100 --num_cu 70 --num_chiplets 1 -g 1 -seq_len_q 1 -seq_len_k 220 -num_heads_q 32 -num_heads_kv 8 -head_dim_qk 245 -head_dim_v 174 -with-attn-scale=False -with-attn-bias=False -transQ=True -transK=True -transV=True -transO=False -causal=False -return_lse=False -split_kv=1 --perf_config=attn:v1:256,128,128,1,1,16,32,1,2,8,4 --current_seq_len=181 -pv
Errors = loc("<stdin>":29:1): error: ttg.shared (131072) exceeds LDS limit (65536) for amdgcn-amd-amdhsa:gfx1100
Lowering not applicable.

----------------------------------------------------------------------------------------------------
NOT_APPLICABLE: AttentionConfiguration(datatype='i8', g=1, seq_len_q=1, seq_len_k=220, num_heads_q=32, num_heads_kv=8, head_dim_qk=245, head_dim_v=174, with_attn_scale=False, with_attn_bias=False, trans_q=True, trans_k=True, trans_v=True, trans_o=False, causal=False, return_lse=False, split_kv=1, current_seqlen=[181], arch='gfx1100', chip='gfx1100', num_cu=70, num_chiplets=1, perfconfig='attn:v1:256,128,128,1,1,16,32,1,2,8,4')
----------------------------------------------------------------------------------------------------
PASS: AttentionConfiguration(datatype='f32', g=6, seq_len_q=487, seq_len_k=428, num_heads_q=128, num_heads_kv=4, head_dim_qk=14, head_dim_v=6, with_attn_scale=False, with_attn_bias=False, trans_q=True, trans_k=True, trans_v=True, trans_o=False, causal=True, return_lse=False, split_kv=1, current_seqlen=None, arch='gfx1100', chip='gfx1100', num_cu=70, num_chiplets=1, perfconfig='attn:v1:16,32,128,2,1,8,0,1,1,0,8')
----------------------------------------------------------------------------------------------------
PASS: AttentionConfiguration(datatype='f32', g=2, seq_len_q=74, seq_len_k=2038, num_heads_q=8, num_heads_kv=2, head_dim_qk=244, head_dim_v=220, with_attn_scale=True, with_attn_bias=False, trans_q=False, trans_k=False, trans_v=False, trans_o=True, causal=False, return_lse=False, split_kv=1, current_seqlen=None, arch='gfx1100', chip='gfx1100', num_cu=70, num_chiplets=1, perfconfig='attn:v1:32,16,128,2,1,2,16,1,3,8,1')
----------------------------------------------------------------------------------------------------
PASS: AttentionConfiguration(datatype='bf16', g=6, seq_len_q=1, seq_len_k=12, num_heads_q=64, num_heads_kv=16, head_dim_qk=38, head_dim_v=213, with_attn_scale=True, with_attn_bias=True, trans_q=True, trans_k=False, trans_v=True, trans_o=False, causal=False, return_lse=True, split_kv=1, current_seqlen=[4, 2, 4, 7, 7, 1], arch='gfx1100', chip='gfx1100', num_cu=70, num_chiplets=1, perfconfig='attn:v1:128,128,64,2,1,4,0,1,1,8,4')
Lowering rejected config as not applicable
Command line = -operation attention -t i8 --arch gfx1100 --num_cu 70 --num_chiplets 1 -g 5 -seq_len_q 147 -seq_len_k 99 -num_heads_q 128 -num_heads_kv 16 -head_dim_qk 14 -head_dim_v 160 -with-attn-scale=True -with-attn-bias=False -transQ=True -transK=True -transV=True -transO=True -causal=False -return_lse=False -split_kv=1 --perf_config=attn:v1:128,256,16,2,1,2,16,1,1,0,4 -pv
Errors = loc("<stdin>":23:1): error: ttg.shared (131072) exceeds LDS limit (65536) for amdgcn-amd-amdhsa:gfx1100
Lowering not applicable.

----------------------------------------------------------------------------------------------------
NOT_APPLICABLE: AttentionConfiguration(datatype='i8', g=5, seq_len_q=147, seq_len_k=99, num_heads_q=128, num_heads_kv=16, head_dim_qk=14, head_dim_v=160, with_attn_scale=True, with_attn_bias=False, trans_q=True, trans_k=True, trans_v=True, trans_o=True, causal=False, return_lse=False, split_kv=1, current_seqlen=None, arch='gfx1100', chip='gfx1100', num_cu=70, num_chiplets=1, perfconfig='attn:v1:128,256,16,2,1,2,16,1,1,0,4')
----------------------------------------------------------------------------------------------------
PASS: AttentionConfiguration(datatype='bf16', g=8, seq_len_q=1, seq_len_k=361, num_heads_q=1, num_heads_kv=1, head_dim_qk=7, head_dim_v=109, with_attn_scale=True, with_attn_bias=False, trans_q=False, trans_k=True, trans_v=False, trans_o=False, causal=False, return_lse=False, split_kv=1, current_seqlen=[244, 244, 169, 134, 243, 84, 9, 223], arch='gfx1100', chip='gfx1100', num_cu=70, num_chiplets=1, perfconfig='attn:v1:128,64,64,1,1,1,0,1,1,0,1')
----------------------------------------------------------------------------------------------------
PASS: AttentionConfiguration(datatype='f16', g=5, seq_len_q=358, seq_len_k=538, num_heads_q=1, num_heads_kv=1, head_dim_qk=229, head_dim_v=255, with_attn_scale=False, with_attn_bias=True, trans_q=True, trans_k=False, trans_v=True, trans_o=False, causal=False, return_lse=False, split_kv=1, current_seqlen=None, arch='gfx1100', chip='gfx1100', num_cu=70, num_chiplets=1, perfconfig='attn:v1:256,128,64,2,1,4,32,1,1,4,4')
Lowering rejected config as not applicable
Command line = -operation attention -t f32 --arch gfx1100 --num_cu 70 --num_chiplets 1 -g 7 -seq_len_q 1 -seq_len_k 162 -num_heads_q 1 -num_heads_kv 1 -head_dim_qk 204 -head_dim_v 112 -with-attn-scale=False -with-attn-bias=True -transQ=True -transK=True -transV=True -transO=True -causal=False -return_lse=False -split_kv=1 --perf_config=attn:v1:256,16,128,2,1,4,32,1,1,8,2 --current_seq_len=95,111,23,27,161,9,59 -pv -relDiff_threshold 1e-4
Errors = loc("<stdin>":25:1): error: ttg.shared (131072) exceeds LDS limit (65536) for amdgcn-amd-amdhsa:gfx1100
Lowering not applicable.

----------------------------------------------------------------------------------------------------
NOT_APPLICABLE: AttentionConfiguration(datatype='f32', g=7, seq_len_q=1, seq_len_k=162, num_heads_q=1, num_heads_kv=1, head_dim_qk=204, head_dim_v=112, with_attn_scale=False, with_attn_bias=True, trans_q=True, trans_k=True, trans_v=True, trans_o=True, causal=False, return_lse=False, split_kv=1, current_seqlen=[95, 111, 23, 27, 161, 9, 59], arch='gfx1100', chip='gfx1100', num_cu=70, num_chiplets=1, perfconfig='attn:v1:256,16,128,2,1,4,32,1,1,8,2')
FAIL: Runner returned incorrect result
Config = AttentionConfiguration(datatype='f32', g=6, seq_len_q=1, seq_len_k=492, num_heads_q=8, num_heads_kv=4, head_dim_qk=125, head_dim_v=100, with_attn_scale=False, with_attn_bias=True, trans_q=True, trans_k=False, trans_v=True, trans_o=False, causal=False, return_lse=True, split_kv=2, current_seqlen=[70, 222, 110, 410, 447, 61], arch='gfx1100', chip='gfx1100', num_cu=70, num_chiplets=1, perfconfig='attn:v1:64,16,64,1,1,16,0,1,1,4,1')
Command line = -operation attention -t f32 --arch gfx1100 --num_cu 70 --num_chiplets 1 -g 6 -seq_len_q 1 -seq_len_k 492 -num_heads_q 8 -num_heads_kv 4 -head_dim_qk 125 -head_dim_v 100 -with-attn-scale=False -with-attn-bias=True -transQ=True -transK=False -transV=True -transO=False -causal=False -return_lse=True -split_kv=2 --perf_config=attn:v1:64,16,64,1,1,16,0,1,1,4,1 --current_seq_len=70,222,110,410,447,61 -pv -relDiff_threshold 1e-4
Output = Number of elements: 9600
maxAbsDiff info: maxAbsDiff = 0.000739 (valNum = 0.73333, gpuNum = 0.73259), average absDiff = 1.1e-04
maxRelDiff info: maxRelDiff = 1.0e-03 (valNum = 0.7333279848, gpuNum = 0.7325893641), average relDiff = 1.4e-04
RMS = 3.6e-04
Histogram of relDiff: 
        relDiff = 0     : 0/9600 (0.000000%)
     0 < relDiff < 1e-06: 3200/9600 (33.333333%)
1e-06 < relDiff <= 1e-05: 4800/9600 (50.000000%)
1e-05 < relDiff <= 1e-04: 0/9600 (0.000000%)
1e-04 < relDiff <= 1e-03: 1200/9600 (12.500000%)
1e-03 < relDiff <= 1e-02: 400/9600 (4.166667%)
1e-02 < relDiff <= 1e-01: 0/9600 (0.000000%)
1e-01 < relDiff <= 1e+00: 0/9600 (0.000000%)
1e+00 < relDiff < inf   : 0/9600 (0.000000%)
        relDiff = inf   : 0/9600 (0.000000%)
[0 1 0]

Lowering rejected config as not applicable
Command line = -operation attention -t f32 --arch gfx1100 --num_cu 70 --num_chiplets 1 -g 4 -seq_len_q 393 -seq_len_k 419 -num_heads_q 1 -num_heads_kv 1 -head_dim_qk 15 -head_dim_v 56 -with-attn-scale=False -with-attn-bias=False -transQ=False -transK=False -transV=True -transO=False -causal=True -return_lse=False -split_kv=1 --perf_config=attn:v1:64,256,64,2,1,8,32,1,2,1,1 -pv -relDiff_threshold 1e-4
Errors = loc("<stdin>":14:1): error: ttg.shared (196608) exceeds LDS limit (65536) for amdgcn-amd-amdhsa:gfx1100
Lowering not applicable.

----------------------------------------------------------------------------------------------------
NOT_APPLICABLE: AttentionConfiguration(datatype='f32', g=4, seq_len_q=393, seq_len_k=419, num_heads_q=1, num_heads_kv=1, head_dim_qk=15, head_dim_v=56, with_attn_scale=False, with_attn_bias=False, trans_q=False, trans_k=False, trans_v=True, trans_o=False, causal=True, return_lse=False, split_kv=1, current_seqlen=None, arch='gfx1100', chip='gfx1100', num_cu=70, num_chiplets=1, perfconfig='attn:v1:64,256,64,2,1,8,32,1,2,1,1')
Lowering rejected config as not applicable
Command line = -operation attention -t f16 --arch gfx1100 --num_cu 70 --num_chiplets 1 -g 2 -seq_len_q 47 -seq_len_k 197 -num_heads_q 1 -num_heads_kv 1 -head_dim_qk 191 -head_dim_v 209 -with-attn-scale=True -with-attn-bias=True -transQ=True -transK=False -transV=False -transO=True -causal=False -return_lse=True -split_kv=2 --perf_config=attn:v1:128,256,128,1,1,16,32,1,3,0,2 -pv
Errors = loc("<stdin>":24:1): error: ttg.shared (196608) exceeds LDS limit (65536) for amdgcn-amd-amdhsa:gfx1100
Lowering not applicable.

----------------------------------------------------------------------------------------------------
NOT_APPLICABLE: AttentionConfiguration(datatype='f16', g=2, seq_len_q=47, seq_len_k=197, num_heads_q=1, num_heads_kv=1, head_dim_qk=191, head_dim_v=209, with_attn_scale=True, with_attn_bias=True, trans_q=True, trans_k=False, trans_v=False, trans_o=True, causal=False, return_lse=True, split_kv=2, current_seqlen=None, arch='gfx1100', chip='gfx1100', num_cu=70, num_chiplets=1, perfconfig='attn:v1:128,256,128,1,1,16,32,1,3,0,2')
----------------------------------------------------------------------------------------------------
PASS: AttentionConfiguration(datatype='bf16', g=2, seq_len_q=1, seq_len_k=932, num_heads_q=1, num_heads_kv=1, head_dim_qk=206, head_dim_v=210, with_attn_scale=False, with_attn_bias=False, trans_q=False, trans_k=False, trans_v=True, trans_o=False, causal=False, return_lse=False, split_kv=1, current_seqlen=[731, 635], arch='gfx1100', chip='gfx1100', num_cu=70, num_chiplets=1, perfconfig='attn:v1:64,64,128,2,1,8,32,1,1,1,8')
Lowering rejected config as not applicable
Command line = -operation attention -t bf16 --arch gfx1100 --num_cu 70 --num_chiplets 1 -g 2 -seq_len_q 255 -seq_len_k 791 -num_heads_q 1 -num_heads_kv 1 -head_dim_qk 20 -head_dim_v 196 -with-attn-scale=True -with-attn-bias=True -transQ=True -transK=False -transV=False -transO=True -causal=False -return_lse=True -split_kv=2 --perf_config=attn:v1:128,128,32,1,1,8,32,1,2,1,1 -pv -RMS_threshold 1e-2
Errors = loc("<stdin>":24:1): error: ttg.shared (139264) exceeds LDS limit (65536) for amdgcn-amd-amdhsa:gfx1100
Lowering not applicable.

----------------------------------------------------------------------------------------------------
NOT_APPLICABLE: AttentionConfiguration(datatype='bf16', g=2, seq_len_q=255, seq_len_k=791, num_heads_q=1, num_heads_kv=1, head_dim_qk=20, head_dim_v=196, with_attn_scale=True, with_attn_bias=True, trans_q=True, trans_k=False, trans_v=False, trans_o=True, causal=False, return_lse=True, split_kv=2, current_seqlen=None, arch='gfx1100', chip='gfx1100', num_cu=70, num_chiplets=1, perfconfig='attn:v1:128,128,32,1,1,8,32,1,2,1,1')
----------------------------------------------------------------------------------------------------
PASS: AttentionConfiguration(datatype='bf16', g=2, seq_len_q=68, seq_len_k=1798, num_heads_q=1, num_heads_kv=1, head_dim_qk=81, head_dim_v=206, with_attn_scale=False, with_attn_bias=True, trans_q=True, trans_k=True, trans_v=False, trans_o=False, causal=False, return_lse=True, split_kv=4, current_seqlen=None, arch='gfx1100', chip='gfx1100', num_cu=70, num_chiplets=1, perfconfig='attn:v1:16,32,32,2,1,8,16,1,2,8,0')
----------------------------------------------------------------------------------------------------
PASS: AttentionConfiguration(datatype='bf16', g=7, seq_len_q=1, seq_len_k=190, num_heads_q=64, num_heads_kv=4, head_dim_qk=99, head_dim_v=70, with_attn_scale=True, with_attn_bias=False, trans_q=True, trans_k=False, trans_v=True, trans_o=False, causal=False, return_lse=True, split_kv=4, current_seqlen=[154, 48, 115, 1, 43, 84, 98], arch='gfx1100', chip='gfx1100', num_cu=70, num_chiplets=1, perfconfig='attn:v1:16,128,64,2,1,4,0,1,3,0,1')
----------------------------------------------------------------------------------------------------
PASS: AttentionConfiguration(datatype='i8', g=4, seq_len_q=678, seq_len_k=249, num_heads_q=64, num_heads_kv=8, head_dim_qk=77, head_dim_v=54, with_attn_scale=False, with_attn_bias=False, trans_q=True, trans_k=False, trans_v=False, trans_o=True, causal=True, return_lse=False, split_kv=1, current_seqlen=None, arch='gfx1100', chip='gfx1100', num_cu=70, num_chiplets=1, perfconfig='attn:v1:64,32,128,2,1,1,16,1,3,8,2')
Lowering rejected config as not applicable
Command line = -operation attention -t f32 --arch gfx1100 --num_cu 70 --num_chiplets 1 -g 1 -seq_len_q 1 -seq_len_k 2080 -num_heads_q 1 -num_heads_kv 1 -head_dim_qk 107 -head_dim_v 33 -with-attn-scale=True -with-attn-bias=True -transQ=False -transK=False -transV=False -transO=True -causal=False -return_lse=True -split_kv=16 --perf_config=attn:v1:256,128,16,1,1,4,16,1,2,1,2 --current_seq_len=1514 -pv -relDiff_threshold 1e-4
Errors = loc("<stdin>":26:1): error: ttg.shared (131072) exceeds LDS limit (65536) for amdgcn-amd-amdhsa:gfx1100
Lowering not applicable.

----------------------------------------------------------------------------------------------------
NOT_APPLICABLE: AttentionConfiguration(datatype='f32', g=1, seq_len_q=1, seq_len_k=2080, num_heads_q=1, num_heads_kv=1, head_dim_qk=107, head_dim_v=33, with_attn_scale=True, with_attn_bias=True, trans_q=False, trans_k=False, trans_v=False, trans_o=True, causal=False, return_lse=True, split_kv=16, current_seqlen=[1514], arch='gfx1100', chip='gfx1100', num_cu=70, num_chiplets=1, perfconfig='attn:v1:256,128,16,1,1,4,16,1,2,1,2')
----------------------------------------------------------------------------------------------------
FAIL: AttentionConfiguration(datatype='f32', g=6, seq_len_q=1, seq_len_k=492, num_heads_q=8, num_heads_kv=4, head_dim_qk=125, head_dim_v=100, with_attn_scale=False, with_attn_bias=True, trans_q=True, trans_k=False, trans_v=True, trans_o=False, causal=False, return_lse=True, split_kv=2, current_seqlen=[70, 222, 110, 410, 447, 61], arch='gfx1100', chip='gfx1100', num_cu=70, num_chiplets=1, perfconfig='attn:v1:64,16,64,1,1,16,0,1,1,4,1')
----------------------------------------------------------------------------------------------------
PASS: AttentionConfiguration(datatype='bf16', g=7, seq_len_q=1, seq_len_k=207, num_heads_q=64, num_heads_kv=32, head_dim_qk=95, head_dim_v=160, with_attn_scale=True, with_attn_bias=False, trans_q=True, trans_k=True, trans_v=True, trans_o=True, causal=False, return_lse=False, split_kv=1, current_seqlen=[2, 183, 24, 38, 185, 153, 165], arch='gfx1100', chip='gfx1100', num_cu=70, num_chiplets=1, perfconfig='attn:v1:64,16,16,1,1,4,16,1,1,4,8')
FAIL: Runner returned incorrect result
Config = AttentionConfiguration(datatype='i8', g=4, seq_len_q=899, seq_len_k=49, num_heads_q=32, num_heads_kv=8, head_dim_qk=177, head_dim_v=13, with_attn_scale=False, with_attn_bias=False, trans_q=True, trans_k=False, trans_v=False, trans_o=False, causal=True, return_lse=False, split_kv=1, current_seqlen=None, arch='gfx1100', chip='gfx1100', num_cu=70, num_chiplets=1, perfconfig='attn:v1:16,256,128,1,1,8,0,1,2,4,8')
Command line = -operation attention -t i8 --arch gfx1100 --num_cu 70 --num_chiplets 1 -g 4 -seq_len_q 899 -seq_len_k 49 -num_heads_q 32 -num_heads_kv 8 -head_dim_qk 177 -head_dim_v 13 -with-attn-scale=False -with-attn-bias=False -transQ=True -transK=False -transV=False -transO=False -causal=True -return_lse=False -split_kv=1 --perf_config=attn:v1:16,256,128,1,1,8,0,1,2,4,8 -pv
Output = Number of elements: 1495936
maxAbsDiff info: maxAbsDiff = 0.000488 (valNum = -0.99951, gpuNum = -1.00000), average absDiff = nan
maxRelDiff info: maxRelDiff = 4.9e-04 (valNum = -0.9995117188, gpuNum = -1.0000000000), average relDiff = nan
RMS = nan
Histogram of relDiff: 
        relDiff = 0     : 1490944/1495936 (99.666296%)
     0 < relDiff < 1e-06: 1664/1495936 (0.111235%)
1e-06 < relDiff <= 1e-05: 0/1495936 (0.000000%)
1e-05 < relDiff <= 1e-04: 0/1495936 (0.000000%)
1e-04 < relDiff <= 1e-03: 3328/1495936 (0.222469%)
1e-03 < relDiff <= 1e-02: 0/1495936 (0.000000%)
1e-02 < relDiff <= 1e-01: 0/1495936 (0.000000%)
1e-01 < relDiff <= 1e+00: 0/1495936 (0.000000%)
1e+00 < relDiff < inf   : 0/1495936 (0.000000%)
        relDiff = inf   : 0/1495936 (0.000000%)
[0 1 1]

Lowering rejected config as not applicable
Command line = -operation attention -t i8 --arch gfx1100 --num_cu 70 --num_chiplets 1 -g 2 -seq_len_q 1 -seq_len_k 1149 -num_heads_q 64 -num_heads_kv 32 -head_dim_qk 200 -head_dim_v 58 -with-attn-scale=True -with-attn-bias=True -transQ=True -transK=False -transV=False -transO=False -causal=False -return_lse=True -split_kv=32 --perf_config=attn:v1:16,256,128,1,1,1,0,1,3,4,0 --current_seq_len=955,834 -pv
Errors = loc("<stdin>":37:1): error: ttg.shared (69632) exceeds LDS limit (65536) for amdgcn-amd-amdhsa:gfx1100
Lowering not applicable.

----------------------------------------------------------------------------------------------------
NOT_APPLICABLE: AttentionConfiguration(datatype='i8', g=2, seq_len_q=1, seq_len_k=1149, num_heads_q=64, num_heads_kv=32, head_dim_qk=200, head_dim_v=58, with_attn_scale=True, with_attn_bias=True, trans_q=True, trans_k=False, trans_v=False, trans_o=False, causal=False, return_lse=True, split_kv=32, current_seqlen=[955, 834], arch='gfx1100', chip='gfx1100', num_cu=70, num_chiplets=1, perfconfig='attn:v1:16,256,128,1,1,1,0,1,3,4,0')
----------------------------------------------------------------------------------------------------
FAIL: AttentionConfiguration(datatype='i8', g=4, seq_len_q=899, seq_len_k=49, num_heads_q=32, num_heads_kv=8, head_dim_qk=177, head_dim_v=13, with_attn_scale=False, with_attn_bias=False, trans_q=True, trans_k=False, trans_v=False, trans_o=False, causal=True, return_lse=False, split_kv=1, current_seqlen=None, arch='gfx1100', chip='gfx1100', num_cu=70, num_chiplets=1, perfconfig='attn:v1:16,256,128,1,1,8,0,1,2,4,8')
----------------------------------------------------------------------------------------------------
PASS: AttentionConfiguration(datatype='i8', g=2, seq_len_q=1, seq_len_k=1546, num_heads_q=4, num_heads_kv=2, head_dim_qk=18, head_dim_v=27, with_attn_scale=False, with_attn_bias=True, trans_q=True, trans_k=False, trans_v=True, trans_o=True, causal=False, return_lse=True, split_kv=32, current_seqlen=[1167, 553], arch='gfx1100', chip='gfx1100', num_cu=70, num_chiplets=1, perfconfig='attn:v1:64,32,16,1,1,1,32,1,3,8,0')
----------------------------------------------------------------------------------------------------
PASS: AttentionConfiguration(datatype='bf16', g=5, seq_len_q=747, seq_len_k=190, num_heads_q=1, num_heads_kv=1, head_dim_qk=187, head_dim_v=67, with_attn_scale=False, with_attn_bias=False, trans_q=False, trans_k=True, trans_v=False, trans_o=True, causal=False, return_lse=False, split_kv=1, current_seqlen=None, arch='gfx1100', chip='gfx1100', num_cu=70, num_chiplets=1, perfconfig='attn:v1:32,128,16,1,1,2,0,1,1,2,8')
----------------------------------------------------------------------------------------------------
PASS: AttentionConfiguration(datatype='f16', g=1, seq_len_q=8, seq_len_k=3844, num_heads_q=64, num_heads_kv=4, head_dim_qk=100, head_dim_v=100, with_attn_scale=False, with_attn_bias=True, trans_q=True, trans_k=False, trans_v=False, trans_o=True, causal=False, return_lse=True, split_kv=8, current_seqlen=None, arch='gfx1100', chip='gfx1100', num_cu=70, num_chiplets=1, perfconfig='attn:v1:128,256,16,2,1,8,0,1,1,1,1')
Lowering rejected config as not applicable
Command line = -operation attention -t i8 --arch gfx1100 --num_cu 70 --num_chiplets 1 -g 2 -seq_len_q 47 -seq_len_k 918 -num_heads_q 128 -num_heads_kv 4 -head_dim_qk 161 -head_dim_v 212 -with-attn-scale=True -with-attn-bias=False -transQ=True -transK=True -transV=False -transO=True -causal=True -return_lse=True -split_kv=1 --perf_config=attn:v1:32,256,16,2,1,16,16,1,1,1,0 -pv
Errors = loc("<stdin>":27:1): error: ttg.shared (131072) exceeds LDS limit (65536) for amdgcn-amd-amdhsa:gfx1100
Lowering not applicable.

----------------------------------------------------------------------------------------------------
NOT_APPLICABLE: AttentionConfiguration(datatype='i8', g=2, seq_len_q=47, seq_len_k=918, num_heads_q=128, num_heads_kv=4, head_dim_qk=161, head_dim_v=212, with_attn_scale=True, with_attn_bias=False, trans_q=True, trans_k=True, trans_v=False, trans_o=True, causal=True, return_lse=True, split_kv=1, current_seqlen=None, arch='gfx1100', chip='gfx1100', num_cu=70, num_chiplets=1, perfconfig='attn:v1:32,256,16,2,1,16,16,1,1,1,0')
Lowering rejected config as not applicable
Command line = -operation attention -t f32 --arch gfx1100 --num_cu 70 --num_chiplets 1 -g 6 -seq_len_q 1 -seq_len_k 253 -num_heads_q 128 -num_heads_kv 64 -head_dim_qk 84 -head_dim_v 207 -with-attn-scale=False -with-attn-bias=False -transQ=True -transK=True -transV=False -transO=True -causal=False -return_lse=True -split_kv=4 --perf_config=attn:v1:256,64,64,2,1,16,0,1,3,1,8 --current_seq_len=185,233,161,15,91,45 -pv -relDiff_threshold 1e-4
Errors = loc("<stdin>":31:1): error: ttg.shared (163840) exceeds LDS limit (65536) for amdgcn-amd-amdhsa:gfx1100
Lowering not applicable.

----------------------------------------------------------------------------------------------------
NOT_APPLICABLE: AttentionConfiguration(datatype='f32', g=6, seq_len_q=1, seq_len_k=253, num_heads_q=128, num_heads_kv=64, head_dim_qk=84, head_dim_v=207, with_attn_scale=False, with_attn_bias=False, trans_q=True, trans_k=True, trans_v=False, trans_o=True, causal=False, return_lse=True, split_kv=4, current_seqlen=[185, 233, 161, 15, 91, 45], arch='gfx1100', chip='gfx1100', num_cu=70, num_chiplets=1, perfconfig='attn:v1:256,64,64,2,1,16,0,1,3,1,8')
Lowering rejected config as not applicable
Command line = -operation attention -t f32 --arch gfx1100 --num_cu 70 --num_chiplets 1 -g 2 -seq_len_q 1 -seq_len_k 539 -num_heads_q 1 -num_heads_kv 1 -head_dim_qk 236 -head_dim_v 83 -with-attn-scale=True -with-attn-bias=False -transQ=False -transK=False -transV=False -transO=False -causal=False -return_lse=True -split_kv=1 --perf_config=attn:v1:256,128,128,1,1,16,16,1,2,1,0 --current_seq_len=392,40 -pv -relDiff_threshold 1e-4
Errors = loc("<stdin>":26:1): error: ttg.shared (196608) exceeds LDS limit (65536) for amdgcn-amd-amdhsa:gfx1100
Lowering not applicable.

----------------------------------------------------------------------------------------------------
NOT_APPLICABLE: AttentionConfiguration(datatype='f32', g=2, seq_len_q=1, seq_len_k=539, num_heads_q=1, num_heads_kv=1, head_dim_qk=236, head_dim_v=83, with_attn_scale=True, with_attn_bias=False, trans_q=False, trans_k=False, trans_v=False, trans_o=False, causal=False, return_lse=True, split_kv=1, current_seqlen=[392, 40], arch='gfx1100', chip='gfx1100', num_cu=70, num_chiplets=1, perfconfig='attn:v1:256,128,128,1,1,16,16,1,2,1,0')
----------------------------------------------------------------------------------------------------
PASS: AttentionConfiguration(datatype='f32', g=4, seq_len_q=571, seq_len_k=209, num_heads_q=1, num_heads_kv=1, head_dim_qk=206, head_dim_v=82, with_attn_scale=False, with_attn_bias=False, trans_q=False, trans_k=True, trans_v=False, trans_o=False, causal=False, return_lse=False, split_kv=1, current_seqlen=None, arch='gfx1100', chip='gfx1100', num_cu=70, num_chiplets=1, perfconfig='attn:v1:32,32,16,2,1,4,32,1,1,1,0')
Lowering rejected config as not applicable
Command line = -operation attention -t f32 --arch gfx1100 --num_cu 70 --num_chiplets 1 -g 4 -seq_len_q 1 -seq_len_k 133 -num_heads_q 1 -num_heads_kv 1 -head_dim_qk 136 -head_dim_v 109 -with-attn-scale=True -with-attn-bias=False -transQ=True -transK=True -transV=True -transO=False -causal=False -return_lse=False -split_kv=1 --perf_config=attn:v1:128,256,16,1,1,2,16,1,3,0,2 --current_seq_len=89,71,78,15 -pv -relDiff_threshold 1e-4
Errors = loc("<stdin>":25:1): error: ttg.shared (131072) exceeds LDS limit (65536) for amdgcn-amd-amdhsa:gfx1100
Lowering not applicable.

FAIL: Runner returned incorrect result
Config = AttentionConfiguration(datatype='i8', g=5, seq_len_q=97, seq_len_k=736, num_heads_q=1, num_heads_kv=1, head_dim_qk=1, head_dim_v=83, with_attn_scale=False, with_attn_bias=True, trans_q=True, trans_k=False, trans_v=True, trans_o=True, causal=False, return_lse=True, split_kv=4, current_seqlen=None, arch='gfx1100', chip='gfx1100', num_cu=70, num_chiplets=1, perfconfig='attn:v1:128,16,32,2,1,16,32,1,1,0,8')
Command line = -operation attention -t i8 --arch gfx1100 --num_cu 70 --num_chiplets 1 -g 5 -seq_len_q 97 -seq_len_k 736 -num_heads_q 1 -num_heads_kv 1 -head_dim_qk 1 -head_dim_v 83 -with-attn-scale=False -with-attn-bias=True -transQ=True -transK=False -transV=True -transO=True -causal=False -return_lse=True -split_kv=4 --perf_config=attn:v1:128,16,32,2,1,16,32,1,1,0,8 -pv
Output = Number of elements: 161020
maxAbsDiff info: maxAbsDiff = 0.001709 (valNum = -0.41284, gpuNum = -0.41455), average absDiff = 7.0e-04
maxRelDiff info: maxRelDiff = 3.7e-02 (valNum = 0.0361633301, gpuNum = 0.0375061035), average relDiff = 4.2e-03
RMS = 1.1e-03
Histogram of relDiff: 
        relDiff = 0     : 25088/161020 (15.580673%)
     0 < relDiff < 1e-06: 0/161020 (0.000000%)
1e-06 < relDiff <= 1e-05: 0/161020 (0.000000%)
1e-05 < relDiff <= 1e-04: 0/161020 (0.000000%)
1e-04 < relDiff <= 1e-03: 53456/161020 (33.198360%)
1e-03 < relDiff <= 1e-02: 67692/161020 (42.039498%)
1e-02 < relDiff <= 1e-01: 14784/161020 (9.181468%)
1e-01 < relDiff <= 1e+00: 0/161020 (0.000000%)
1e+00 < relDiff < inf   : 0/161020 (0.000000%)
        relDiff = inf   : 0/161020 (0.000000%)
[0 1 1]

FAIL: Runner returned incorrect result
Config = AttentionConfiguration(datatype='i8', g=7, seq_len_q=80, seq_len_k=26, num_heads_q=1, num_heads_kv=1, head_dim_qk=153, head_dim_v=177, with_attn_scale=True, with_attn_bias=True, trans_q=False, trans_k=False, trans_v=False, trans_o=False, causal=True, return_lse=True, split_kv=32, current_seqlen=None, arch='gfx1100', chip='gfx1100', num_cu=70, num_chiplets=1, perfconfig='attn:v1:16,128,128,2,1,16,16,1,3,4,4')
Command line = -operation attention -t i8 --arch gfx1100 --num_cu 70 --num_chiplets 1 -g 7 -seq_len_q 80 -seq_len_k 26 -num_heads_q 1 -num_heads_kv 1 -head_dim_qk 153 -head_dim_v 177 -with-attn-scale=True -with-attn-bias=True -transQ=False -transK=False -transV=False -transO=False -causal=True -return_lse=True -split_kv=32 --perf_config=attn:v1:16,128,128,2,1,16,16,1,3,4,4 -pv
Output = Number of elements: 3171840
maxAbsDiff info: maxAbsDiff = 0.000000 (valNum = 0.00000, gpuNum = 0.00000), average absDiff = nan
maxRelDiff info: maxRelDiff = 0.0e+00 (valNum = 0.0000000000, gpuNum = 0.0000000000), average relDiff = nan
RMS = nan
Histogram of relDiff: 
        relDiff = 0     : 3132192/3171840 (98.750000%)
     0 < relDiff < 1e-06: 39648/3171840 (1.250000%)
1e-06 < relDiff <= 1e-05: 0/3171840 (0.000000%)
1e-05 < relDiff <= 1e-04: 0/3171840 (0.000000%)
1e-04 < relDiff <= 1e-03: 0/3171840 (0.000000%)
1e-03 < relDiff <= 1e-02: 0/3171840 (0.000000%)
1e-02 < relDiff <= 1e-01: 0/3171840 (0.000000%)
1e-01 < relDiff <= 1e+00: 0/3171840 (0.000000%)
1e+00 < relDiff < inf   : 0/3171840 (0.000000%)
        relDiff = inf   : 0/3171840 (0.000000%)
[0 1 1]

FAIL: Runner returned incorrect result
Config = AttentionConfiguration(datatype='i8', g=8, seq_len_q=191, seq_len_k=124, num_heads_q=1, num_heads_kv=1, head_dim_qk=207, head_dim_v=95, with_attn_scale=True, with_attn_bias=True, trans_q=False, trans_k=False, trans_v=True, trans_o=True, causal=False, return_lse=True, split_kv=8, current_seqlen=None, arch='gfx1100', chip='gfx1100', num_cu=70, num_chiplets=1, perfconfig='attn:v1:16,32,128,2,1,2,0,1,2,1,0')
Command line = -operation attention -t i8 --arch gfx1100 --num_cu 70 --num_chiplets 1 -g 8 -seq_len_q 191 -seq_len_k 124 -num_heads_q 1 -num_heads_kv 1 -head_dim_qk 207 -head_dim_v 95 -with-attn-scale=True -with-attn-bias=True -transQ=False -transK=False -transV=True -transO=True -causal=False -return_lse=True -split_kv=8 --perf_config=attn:v1:16,32,128,2,1,2,0,1,2,1,0 -pv
Output = Number of elements: 1161280
maxAbsDiff info: maxAbsDiff = 0.093262 (valNum = -0.99951, gpuNum = -1.09277), average absDiff = 2.3e-02
maxRelDiff info: maxRelDiff = 9.4e-02 (valNum = 0.7495117188, gpuNum = 0.8198242188), average relDiff = 3.1e-02
RMS = 3.8e-02
Histogram of relDiff: 
        relDiff = 0     : 774440/1161280 (66.688482%)
     0 < relDiff < 1e-06: 0/1161280 (0.000000%)
1e-06 < relDiff <= 1e-05: 0/1161280 (0.000000%)
1e-05 < relDiff <= 1e-04: 0/1161280 (0.000000%)
1e-04 < relDiff <= 1e-03: 0/1161280 (0.000000%)
1e-03 < relDiff <= 1e-02: 0/1161280 (0.000000%)
1e-02 < relDiff <= 1e-01: 386840/1161280 (33.311518%)
1e-01 < relDiff <= 1e+00: 0/1161280 (0.000000%)
1e+00 < relDiff < inf   : 0/1161280 (0.000000%)
        relDiff = inf   : 0/1161280 (0.000000%)
[0 1 1]

----------------------------------------------------------------------------------------------------
NOT_APPLICABLE: AttentionConfiguration(datatype='f32', g=4, seq_len_q=1, seq_len_k=133, num_heads_q=1, num_heads_kv=1, head_dim_qk=136, head_dim_v=109, with_attn_scale=True, with_attn_bias=False, trans_q=True, trans_k=True, trans_v=True, trans_o=False, causal=False, return_lse=False, split_kv=1, current_seqlen=[89, 71, 78, 15], arch='gfx1100', chip='gfx1100', num_cu=70, num_chiplets=1, perfconfig='attn:v1:128,256,16,1,1,2,16,1,3,0,2')
----------------------------------------------------------------------------------------------------
PASS: AttentionConfiguration(datatype='i8', g=1, seq_len_q=76, seq_len_k=2575, num_heads_q=1, num_heads_kv=1, head_dim_qk=254, head_dim_v=65, with_attn_scale=False, with_attn_bias=True, trans_q=True, trans_k=False, trans_v=False, trans_o=False, causal=False, return_lse=False, split_kv=1, current_seqlen=None, arch='gfx1100', chip='gfx1100', num_cu=70, num_chiplets=1, perfconfig='attn:v1:32,128,16,2,1,4,32,1,1,4,1')
----------------------------------------------------------------------------------------------------
FAIL: AttentionConfiguration(datatype='i8', g=5, seq_len_q=97, seq_len_k=736, num_heads_q=1, num_heads_kv=1, head_dim_qk=1, head_dim_v=83, with_attn_scale=False, with_attn_bias=True, trans_q=True, trans_k=False, trans_v=True, trans_o=True, causal=False, return_lse=True, split_kv=4, current_seqlen=None, arch='gfx1100', chip='gfx1100', num_cu=70, num_chiplets=1, perfconfig='attn:v1:128,16,32,2,1,16,32,1,1,0,8')
Lowering rejected config as not applicable
Command line = -operation attention -t f32 --arch gfx1100 --num_cu 70 --num_chiplets 1 -g 6 -seq_len_q 131 -seq_len_k 233 -num_heads_q 128 -num_heads_kv 16 -head_dim_qk 20 -head_dim_v 206 -with-attn-scale=False -with-attn-bias=False -transQ=True -transK=True -transV=True -transO=True -causal=True -return_lse=False -split_kv=1 --perf_config=attn:v1:256,256,128,1,1,8,16,1,3,1,4 -pv -relDiff_threshold 1e-4
Errors = loc("<stdin>":17:1): error: ttg.shared (1048576) exceeds LDS limit (65536) for amdgcn-amd-amdhsa:gfx1100
Lowering not applicable.

----------------------------------------------------------------------------------------------------
NOT_APPLICABLE: AttentionConfiguration(datatype='f32', g=6, seq_len_q=131, seq_len_k=233, num_heads_q=128, num_heads_kv=16, head_dim_qk=20, head_dim_v=206, with_attn_scale=False, with_attn_bias=False, trans_q=True, trans_k=True, trans_v=True, trans_o=True, causal=True, return_lse=False, split_kv=1, current_seqlen=None, arch='gfx1100', chip='gfx1100', num_cu=70, num_chiplets=1, perfconfig='attn:v1:256,256,128,1,1,8,16,1,3,1,4')
Lowering rejected config as not applicable
Command line = -operation attention -t f32 --arch gfx1100 --num_cu 70 --num_chiplets 1 -g 8 -seq_len_q 123 -seq_len_k 172 -num_heads_q 1 -num_heads_kv 1 -head_dim_qk 231 -head_dim_v 149 -with-attn-scale=False -with-attn-bias=False -transQ=True -transK=True -transV=True -transO=True -causal=True -return_lse=True -split_kv=8 --perf_config=attn:v1:256,128,128,1,1,16,32,1,1,2,4 -pv -relDiff_threshold 1e-4
Errors = loc("<stdin>":23:1): error: ttg.shared (262144) exceeds LDS limit (65536) for amdgcn-amd-amdhsa:gfx1100
Lowering not applicable.

----------------------------------------------------------------------------------------------------
NOT_APPLICABLE: AttentionConfiguration(datatype='f32', g=8, seq_len_q=123, seq_len_k=172, num_heads_q=1, num_heads_kv=1, head_dim_qk=231, head_dim_v=149, with_attn_scale=False, with_attn_bias=False, trans_q=True, trans_k=True, trans_v=True, trans_o=True, causal=True, return_lse=True, split_kv=8, current_seqlen=None, arch='gfx1100', chip='gfx1100', num_cu=70, num_chiplets=1, perfconfig='attn:v1:256,128,128,1,1,16,32,1,1,2,4')
Lowering rejected config as not applicable
Command line = -operation attention -t f32 --arch gfx1100 --num_cu 70 --num_chiplets 1 -g 8 -seq_len_q 191 -seq_len_k 146 -num_heads_q 1 -num_heads_kv 1 -head_dim_qk 121 -head_dim_v 199 -with-attn-scale=True -with-attn-bias=False -transQ=False -transK=False -transV=False -transO=True -causal=True -return_lse=False -split_kv=1 --perf_config=attn:v1:32,128,64,2,1,2,16,1,3,4,8 -pv -relDiff_threshold 1e-4
Errors = loc("<stdin>":16:1): error: ttg.shared (131072) exceeds LDS limit (65536) for amdgcn-amd-amdhsa:gfx1100
Lowering not applicable.

----------------------------------------------------------------------------------------------------
NOT_APPLICABLE: AttentionConfiguration(datatype='f32', g=8, seq_len_q=191, seq_len_k=146, num_heads_q=1, num_heads_kv=1, head_dim_qk=121, head_dim_v=199, with_attn_scale=True, with_attn_bias=False, trans_q=False, trans_k=False, trans_v=False, trans_o=True, causal=True, return_lse=False, split_kv=1, current_seqlen=None, arch='gfx1100', chip='gfx1100', num_cu=70, num_chiplets=1, perfconfig='attn:v1:32,128,64,2,1,2,16,1,3,4,8')
----------------------------------------------------------------------------------------------------
PASS: AttentionConfiguration(datatype='i8', g=8, seq_len_q=1, seq_len_k=98, num_heads_q=1, num_heads_kv=1, head_dim_qk=166, head_dim_v=188, with_attn_scale=True, with_attn_bias=True, trans_q=False, trans_k=False, trans_v=False, trans_o=False, causal=False, return_lse=False, split_kv=1, current_seqlen=[91, 14, 61, 36, 14, 5, 40, 90], arch='gfx1100', chip='gfx1100', num_cu=70, num_chiplets=1, perfconfig='attn:v1:64,32,128,2,1,8,32,1,2,2,2')
----------------------------------------------------------------------------------------------------
PASS: AttentionConfiguration(datatype='f32', g=4, seq_len_q=89, seq_len_k=432, num_heads_q=64, num_heads_kv=4, head_dim_qk=240, head_dim_v=60, with_attn_scale=True, with_attn_bias=True, trans_q=True, trans_k=True, trans_v=False, trans_o=True, causal=True, return_lse=False, split_kv=1, current_seqlen=None, arch='gfx1100', chip='gfx1100', num_cu=70, num_chiplets=1, perfconfig='attn:v1:16,128,16,1,1,16,32,1,1,2,1')
----------------------------------------------------------------------------------------------------
FAIL: AttentionConfiguration(datatype='i8', g=7, seq_len_q=80, seq_len_k=26, num_heads_q=1, num_heads_kv=1, head_dim_qk=153, head_dim_v=177, with_attn_scale=True, with_attn_bias=True, trans_q=False, trans_k=False, trans_v=False, trans_o=False, causal=True, return_lse=True, split_kv=32, current_seqlen=None, arch='gfx1100', chip='gfx1100', num_cu=70, num_chiplets=1, perfconfig='attn:v1:16,128,128,2,1,16,16,1,3,4,4')
----------------------------------------------------------------------------------------------------
FAIL: AttentionConfiguration(datatype='i8', g=8, seq_len_q=191, seq_len_k=124, num_heads_q=1, num_heads_kv=1, head_dim_qk=207, head_dim_v=95, with_attn_scale=True, with_attn_bias=True, trans_q=False, trans_k=False, trans_v=True, trans_o=True, causal=False, return_lse=True, split_kv=8, current_seqlen=None, arch='gfx1100', chip='gfx1100', num_cu=70, num_chiplets=1, perfconfig='attn:v1:16,32,128,2,1,2,0,1,2,1,0')
----------------------------------------------------------------------------------------------------
PASS: AttentionConfiguration(datatype='bf16', g=6, seq_len_q=312, seq_len_k=481, num_heads_q=16, num_heads_kv=2, head_dim_qk=224, head_dim_v=33, with_attn_scale=False, with_attn_bias=True, trans_q=True, trans_k=False, trans_v=False, trans_o=False, causal=False, return_lse=False, split_kv=1, current_seqlen=None, arch='gfx1100', chip='gfx1100', num_cu=70, num_chiplets=1, perfconfig='attn:v1:32,32,16,1,1,16,16,1,2,2,8')
----------------------------------------------------------------------------------------------------
PASS: AttentionConfiguration(datatype='f16', g=3, seq_len_q=1, seq_len_k=545, num_heads_q=32, num_heads_kv=8, head_dim_qk=165, head_dim_v=254, with_attn_scale=True, with_attn_bias=False, trans_q=True, trans_k=True, trans_v=True, trans_o=False, causal=False, return_lse=True, split_kv=32, current_seqlen=[175, 337, 423], arch='gfx1100', chip='gfx1100', num_cu=70, num_chiplets=1, perfconfig='attn:v1:64,128,32,1,1,4,32,1,3,4,8')
Lowering rejected config as not applicable
Command line = -operation attention -t bf16 --arch gfx1100 --num_cu 70 --num_chiplets 1 -g 8 -seq_len_q 1 -seq_len_k 116 -num_heads_q 32 -num_heads_kv 8 -head_dim_qk 162 -head_dim_v 203 -with-attn-scale=False -with-attn-bias=True -transQ=False -transK=True -transV=True -transO=True -causal=False -return_lse=False -split_kv=1 --perf_config=attn:v1:64,256,16,2,1,4,0,1,2,8,8 --current_seq_len=95,18,4,6,92,93,20,11 -pv -RMS_threshold 1e-2
Errors = loc("<stdin>":28:1): error: ttg.shared (131072) exceeds LDS limit (65536) for amdgcn-amd-amdhsa:gfx1100
Lowering not applicable.

----------------------------------------------------------------------------------------------------
NOT_APPLICABLE: AttentionConfiguration(datatype='bf16', g=8, seq_len_q=1, seq_len_k=116, num_heads_q=32, num_heads_kv=8, head_dim_qk=162, head_dim_v=203, with_attn_scale=False, with_attn_bias=True, trans_q=False, trans_k=True, trans_v=True, trans_o=True, causal=False, return_lse=False, split_kv=1, current_seqlen=[95, 18, 4, 6, 92, 93, 20, 11], arch='gfx1100', chip='gfx1100', num_cu=70, num_chiplets=1, perfconfig='attn:v1:64,256,16,2,1,4,0,1,2,8,8')
----------------------------------------------------------------------------------------------------
PASS: AttentionConfiguration(datatype='f16', g=2, seq_len_q=31, seq_len_k=775, num_heads_q=1, num_heads_kv=1, head_dim_qk=204, head_dim_v=237, with_attn_scale=False, with_attn_bias=True, trans_q=False, trans_k=False, trans_v=True, trans_o=False, causal=False, return_lse=True, split_kv=32, current_seqlen=None, arch='gfx1100', chip='gfx1100', num_cu=70, num_chiplets=1, perfconfig='attn:v1:16,16,128,1,1,8,0,1,3,8,0')
----------------------------------------------------------------------------------------------------
PASS: AttentionConfiguration(datatype='f16', g=6, seq_len_q=425, seq_len_k=310, num_heads_q=4, num_heads_kv=2, head_dim_qk=67, head_dim_v=6, with_attn_scale=False, with_attn_bias=False, trans_q=False, trans_k=False, trans_v=False, trans_o=False, causal=True, return_lse=False, split_kv=1, current_seqlen=None, arch='gfx1100', chip='gfx1100', num_cu=70, num_chiplets=1, perfconfig='attn:v1:256,16,32,2,1,8,16,1,2,4,8')
Lowering rejected config as not applicable
Command line = -operation attention -t f32 --arch gfx1100 --num_cu 70 --num_chiplets 1 -g 8 -seq_len_q 1 -seq_len_k 129 -num_heads_q 1 -num_heads_kv 1 -head_dim_qk 210 -head_dim_v 154 -with-attn-scale=False -with-attn-bias=True -transQ=False -transK=True -transV=True -transO=False -causal=False -return_lse=False -split_kv=1 --perf_config=attn:v1:256,256,64,1,1,8,0,1,1,2,2 --current_seq_len=89,121,74,115,30,26,89,96 -pv -relDiff_threshold 1e-4
Errors = loc("<stdin>":25:1): error: ttg.shared (262144) exceeds LDS limit (65536) for amdgcn-amd-amdhsa:gfx1100
Lowering not applicable.

----------------------------------------------------------------------------------------------------
NOT_APPLICABLE: AttentionConfiguration(datatype='f32', g=8, seq_len_q=1, seq_len_k=129, num_heads_q=1, num_heads_kv=1, head_dim_qk=210, head_dim_v=154, with_attn_scale=False, with_attn_bias=True, trans_q=False, trans_k=True, trans_v=True, trans_o=False, causal=False, return_lse=False, split_kv=1, current_seqlen=[89, 121, 74, 115, 30, 26, 89, 96], arch='gfx1100', chip='gfx1100', num_cu=70, num_chiplets=1, perfconfig='attn:v1:256,256,64,1,1,8,0,1,1,2,2')
Lowering rejected config as not applicable
Command line = -operation attention -t f32 --arch gfx1100 --num_cu 70 --num_chiplets 1 -g 8 -seq_len_q 1 -seq_len_k 319 -num_heads_q 1 -num_heads_kv 1 -head_dim_qk 106 -head_dim_v 167 -with-attn-scale=True -with-attn-bias=False -transQ=True -transK=False -transV=True -transO=True -causal=False -return_lse=True -split_kv=32 --perf_config=attn:v1:256,128,16,2,1,4,32,1,3,4,2 --current_seq_len=75,137,62,124,100,299,187,230 -pv -relDiff_threshold 1e-4
Errors = loc("<stdin>":29:1): error: ttg.shared (131072) exceeds LDS limit (65536) for amdgcn-amd-amdhsa:gfx1100
Lowering not applicable.

----------------------------------------------------------------------------------------------------
NOT_APPLICABLE: AttentionConfiguration(datatype='f32', g=8, seq_len_q=1, seq_len_k=319, num_heads_q=1, num_heads_kv=1, head_dim_qk=106, head_dim_v=167, with_attn_scale=True, with_attn_bias=False, trans_q=True, trans_k=False, trans_v=True, trans_o=True, causal=False, return_lse=True, split_kv=32, current_seqlen=[75, 137, 62, 124, 100, 299, 187, 230], arch='gfx1100', chip='gfx1100', num_cu=70, num_chiplets=1, perfconfig='attn:v1:256,128,16,2,1,4,32,1,3,4,2')
----------------------------------------------------------------------------------------------------
PASS: AttentionConfiguration(datatype='f16', g=8, seq_len_q=1, seq_len_k=349, num_heads_q=16, num_heads_kv=8, head_dim_qk=97, head_dim_v=177, with_attn_scale=False, with_attn_bias=False, trans_q=True, trans_k=True, trans_v=False, trans_o=False, causal=False, return_lse=True, split_kv=2, current_seqlen=[305, 96, 83, 317, 23, 82, 194, 152], arch='gfx1100', chip='gfx1100', num_cu=70, num_chiplets=1, perfconfig='attn:v1:256,32,64,1,1,4,0,1,2,1,1')
----------------------------------------------------------------------------------------------------
PASS: AttentionConfiguration(datatype='bf16', g=8, seq_len_q=46, seq_len_k=266, num_heads_q=16, num_heads_kv=2, head_dim_qk=57, head_dim_v=91, with_attn_scale=True, with_attn_bias=False, trans_q=False, trans_k=True, trans_v=False, trans_o=False, causal=False, return_lse=True, split_kv=8, current_seqlen=None, arch='gfx1100', chip='gfx1100', num_cu=70, num_chiplets=1, perfconfig='attn:v1:128,16,64,2,1,1,32,1,2,0,4')
----------------------------------------------------------------------------------------------------
PASS: AttentionConfiguration(datatype='f32', g=8, seq_len_q=431, seq_len_k=502, num_heads_q=128, num_heads_kv=16, head_dim_qk=198, head_dim_v=229, with_attn_scale=True, with_attn_bias=False, trans_q=True, trans_k=False, trans_v=False, trans_o=True, causal=True, return_lse=False, split_kv=1, current_seqlen=None, arch='gfx1100', chip='gfx1100', num_cu=70, num_chiplets=1, perfconfig='attn:v1:64,32,128,2,1,1,16,1,2,0,2')
----------------------------------------------------------------------------------------------------
PASS: AttentionConfiguration(datatype='bf16', g=2, seq_len_q=18, seq_len_k=1236, num_heads_q=1, num_heads_kv=1, head_dim_qk=148, head_dim_v=114, with_attn_scale=False, with_attn_bias=False, trans_q=True, trans_k=True, trans_v=False, trans_o=True, causal=True, return_lse=True, split_kv=8, current_seqlen=None, arch='gfx1100', chip='gfx1100', num_cu=70, num_chiplets=1, perfconfig='attn:v1:128,128,64,1,1,4,16,1,3,4,8')
Lowering rejected config as not applicable
Command line = -operation attention -t f32 --arch gfx1100 --num_cu 70 --num_chiplets 1 -g 5 -seq_len_q 1 -seq_len_k 596 -num_heads_q 8 -num_heads_kv 2 -head_dim_qk 121 -head_dim_v 151 -with-attn-scale=True -with-attn-bias=True -transQ=False -transK=True -transV=False -transO=True -causal=False -return_lse=False -split_kv=1 --perf_config=attn:v1:32,256,128,2,1,2,32,1,3,1,1 --current_seq_len=193,423,290,151,391 -pv -relDiff_threshold 1e-4
Errors = loc("<stdin>":28:1): error: ttg.shared (819200) exceeds LDS limit (65536) for amdgcn-amd-amdhsa:gfx1100
Lowering not applicable.

----------------------------------------------------------------------------------------------------
NOT_APPLICABLE: AttentionConfiguration(datatype='f32', g=5, seq_len_q=1, seq_len_k=596, num_heads_q=8, num_heads_kv=2, head_dim_qk=121, head_dim_v=151, with_attn_scale=True, with_attn_bias=True, trans_q=False, trans_k=True, trans_v=False, trans_o=True, causal=False, return_lse=False, split_kv=1, current_seqlen=[193, 423, 290, 151, 391], arch='gfx1100', chip='gfx1100', num_cu=70, num_chiplets=1, perfconfig='attn:v1:32,256,128,2,1,2,32,1,3,1,1')
FAIL: Runner returned incorrect result
Config = AttentionConfiguration(datatype='f16', g=7, seq_len_q=1, seq_len_k=162, num_heads_q=128, num_heads_kv=4, head_dim_qk=218, head_dim_v=49, with_attn_scale=True, with_attn_bias=False, trans_q=True, trans_k=True, trans_v=False, trans_o=False, causal=False, return_lse=True, split_kv=32, current_seqlen=[155, 154, 41, 100, 139, 27, 139], arch='gfx1100', chip='gfx1100', num_cu=70, num_chiplets=1, perfconfig='attn:v1:64,256,16,2,1,16,16,1,2,8,8')
Command line = -operation attention -t f16 --arch gfx1100 --num_cu 70 --num_chiplets 1 -g 7 -seq_len_q 1 -seq_len_k 162 -num_heads_q 128 -num_heads_kv 4 -head_dim_qk 218 -head_dim_v 49 -with-attn-scale=True -with-attn-bias=False -transQ=True -transK=True -transV=False -transO=False -causal=False -return_lse=True -split_kv=32 --perf_config=attn:v1:64,256,16,2,1,16,16,1,2,8,8 --current_seq_len=155,154,41,100,139,27,139 -pv
Output = Number of elements: 1404928
maxAbsDiff info: maxAbsDiff = 0.000488 (valNum = 0.73535, gpuNum = 0.73486), average absDiff = nan
maxRelDiff info: maxRelDiff = 6.6e-04 (valNum = 0.7353515625, gpuNum = 0.7348632812), average relDiff = nan
RMS = nan
Histogram of relDiff: 
        relDiff = 0     : 825184/1404928 (58.734967%)
     0 < relDiff < 1e-06: 468832/1404928 (33.370536%)
1e-06 < relDiff <= 1e-05: 0/1404928 (0.000000%)
1e-05 < relDiff <= 1e-04: 0/1404928 (0.000000%)
1e-04 < relDiff <= 1e-03: 110912/1404928 (7.894497%)
1e-03 < relDiff <= 1e-02: 0/1404928 (0.000000%)
1e-02 < relDiff <= 1e-01: 0/1404928 (0.000000%)
1e-01 < relDiff <= 1e+00: 0/1404928 (0.000000%)
1e+00 < relDiff < inf   : 0/1404928 (0.000000%)
        relDiff = inf   : 0/1404928 (0.000000%)
[0 1 1]

----------------------------------------------------------------------------------------------------
PASS: AttentionConfiguration(datatype='i8', g=5, seq_len_q=580, seq_len_k=440, num_heads_q=1, num_heads_kv=1, head_dim_qk=114, head_dim_v=20, with_attn_scale=True, with_attn_bias=False, trans_q=False, trans_k=False, trans_v=True, trans_o=True, causal=False, return_lse=True, split_kv=4, current_seqlen=None, arch='gfx1100', chip='gfx1100', num_cu=70, num_chiplets=1, perfconfig='attn:v1:128,128,16,2,1,4,16,1,3,0,2')
----------------------------------------------------------------------------------------------------
PASS: AttentionConfiguration(datatype='bf16', g=5, seq_len_q=21, seq_len_k=361, num_heads_q=1, num_heads_kv=1, head_dim_qk=186, head_dim_v=66, with_attn_scale=False, with_attn_bias=False, trans_q=True, trans_k=False, trans_v=False, trans_o=True, causal=True, return_lse=True, split_kv=16, current_seqlen=None, arch='gfx1100', chip='gfx1100', num_cu=70, num_chiplets=1, perfconfig='attn:v1:32,128,64,2,1,1,16,1,2,2,4')
----------------------------------------------------------------------------------------------------
PASS: AttentionConfiguration(datatype='bf16', g=4, seq_len_q=422, seq_len_k=208, num_heads_q=16, num_heads_kv=4, head_dim_qk=162, head_dim_v=117, with_attn_scale=True, with_attn_bias=False, trans_q=False, trans_k=False, trans_v=False, trans_o=False, causal=True, return_lse=False, split_kv=1, current_seqlen=None, arch='gfx1100', chip='gfx1100', num_cu=70, num_chiplets=1, perfconfig='attn:v1:64,64,16,2,1,1,0,1,1,4,2')
Lowering rejected config as not applicable
Command line = -operation attention -t f16 --arch gfx1100 --num_cu 70 --num_chiplets 1 -g 6 -seq_len_q 1 -seq_len_k 532 -num_heads_q 32 -num_heads_kv 16 -head_dim_qk 14 -head_dim_v 251 -with-attn-scale=True -with-attn-bias=True -transQ=True -transK=True -transV=True -transO=False -causal=False -return_lse=False -split_kv=1 --perf_config=attn:v1:256,256,32,1,1,8,0,1,2,1,2 --current_seq_len=224,268,283,120,419,118 -pv
Errors = loc("<stdin>":28:1): error: ttg.shared (409600) exceeds LDS limit (65536) for amdgcn-amd-amdhsa:gfx1100
Lowering not applicable.

----------------------------------------------------------------------------------------------------
NOT_APPLICABLE: AttentionConfiguration(datatype='f16', g=6, seq_len_q=1, seq_len_k=532, num_heads_q=32, num_heads_kv=16, head_dim_qk=14, head_dim_v=251, with_attn_scale=True, with_attn_bias=True, trans_q=True, trans_k=True, trans_v=True, trans_o=False, causal=False, return_lse=False, split_kv=1, current_seqlen=[224, 268, 283, 120, 419, 118], arch='gfx1100', chip='gfx1100', num_cu=70, num_chiplets=1, perfconfig='attn:v1:256,256,32,1,1,8,0,1,2,1,2')
----------------------------------------------------------------------------------------------------
PASS: AttentionConfiguration(datatype='i8', g=3, seq_len_q=236, seq_len_k=552, num_heads_q=128, num_heads_kv=64, head_dim_qk=235, head_dim_v=42, with_attn_scale=False, with_attn_bias=False, trans_q=True, trans_k=False, trans_v=False, trans_o=True, causal=False, return_lse=False, split_kv=1, current_seqlen=None, arch='gfx1100', chip='gfx1100', num_cu=70, num_chiplets=1, perfconfig='attn:v1:256,32,16,2,1,2,32,1,3,4,2')
----------------------------------------------------------------------------------------------------
PASS: AttentionConfiguration(datatype='i8', g=6, seq_len_q=393, seq_len_k=629, num_heads_q=128, num_heads_kv=2, head_dim_qk=164, head_dim_v=198, with_attn_scale=True, with_attn_bias=True, trans_q=False, trans_k=True, trans_v=False, trans_o=True, causal=True, return_lse=False, split_kv=1, current_seqlen=None, arch='gfx1100', chip='gfx1100', num_cu=70, num_chiplets=1, perfconfig='attn:v1:32,32,64,1,1,8,32,1,1,2,1')
Lowering rejected config as not applicable
Command line = -operation attention -t f32 --arch gfx1100 --num_cu 70 --num_chiplets 1 -g 7 -seq_len_q 78 -seq_len_k 290 -num_heads_q 128 -num_heads_kv 16 -head_dim_qk 190 -head_dim_v 122 -with-attn-scale=True -with-attn-bias=True -transQ=False -transK=False -transV=True -transO=False -causal=False -return_lse=True -split_kv=2 --perf_config=attn:v1:256,64,64,1,1,16,16,1,3,4,2 -pv -relDiff_threshold 1e-4
Errors = loc("<stdin>":25:1): error: ttg.shared (163840) exceeds LDS limit (65536) for amdgcn-amd-amdhsa:gfx1100
Lowering not applicable.

----------------------------------------------------------------------------------------------------
NOT_APPLICABLE: AttentionConfiguration(datatype='f32', g=7, seq_len_q=78, seq_len_k=290, num_heads_q=128, num_heads_kv=16, head_dim_qk=190, head_dim_v=122, with_attn_scale=True, with_attn_bias=True, trans_q=False, trans_k=False, trans_v=True, trans_o=False, causal=False, return_lse=True, split_kv=2, current_seqlen=None, arch='gfx1100', chip='gfx1100', num_cu=70, num_chiplets=1, perfconfig='attn:v1:256,64,64,1,1,16,16,1,3,4,2')
Lowering rejected config as not applicable
Command line = -operation attention -t f32 --arch gfx1100 --num_cu 70 --num_chiplets 1 -g 8 -seq_len_q 68 -seq_len_k 132 -num_heads_q 1 -num_heads_kv 1 -head_dim_qk 165 -head_dim_v 43 -with-attn-scale=True -with-attn-bias=True -transQ=True -transK=True -transV=True -transO=False -causal=False -return_lse=True -split_kv=1 --perf_config=attn:v1:256,256,64,1,1,16,0,1,3,4,0 -pv -relDiff_threshold 1e-4
Errors = loc("<stdin>":17:1): error: ttg.shared (262144) exceeds LDS limit (65536) for amdgcn-amd-amdhsa:gfx1100
Lowering not applicable.

----------------------------------------------------------------------------------------------------
NOT_APPLICABLE: AttentionConfiguration(datatype='f32', g=8, seq_len_q=68, seq_len_k=132, num_heads_q=1, num_heads_kv=1, head_dim_qk=165, head_dim_v=43, with_attn_scale=True, with_attn_bias=True, trans_q=True, trans_k=True, trans_v=True, trans_o=False, causal=False, return_lse=True, split_kv=1, current_seqlen=None, arch='gfx1100', chip='gfx1100', num_cu=70, num_chiplets=1, perfconfig='attn:v1:256,256,64,1,1,16,0,1,3,4,0')
Lowering rejected config as not applicable
Command line = -operation attention -t f32 --arch gfx1100 --num_cu 70 --num_chiplets 1 -g 3 -seq_len_q 1 -seq_len_k 1192 -num_heads_q 64 -num_heads_kv 2 -head_dim_qk 251 -head_dim_v 175 -with-attn-scale=True -with-attn-bias=True -transQ=True -transK=False -transV=False -transO=True -causal=False -return_lse=False -split_kv=1 --perf_config=attn:v1:16,256,16,2,1,1,0,1,1,0,4 --current_seq_len=105,271,671 -pv -relDiff_threshold 1e-4
Errors = loc("<stdin>":28:1): error: ttg.shared (262144) exceeds LDS limit (65536) for amdgcn-amd-amdhsa:gfx1100
Lowering not applicable.

----------------------------------------------------------------------------------------------------
NOT_APPLICABLE: AttentionConfiguration(datatype='f32', g=3, seq_len_q=1, seq_len_k=1192, num_heads_q=64, num_heads_kv=2, head_dim_qk=251, head_dim_v=175, with_attn_scale=True, with_attn_bias=True, trans_q=True, trans_k=False, trans_v=False, trans_o=True, causal=False, return_lse=False, split_kv=1, current_seqlen=[105, 271, 671], arch='gfx1100', chip='gfx1100', num_cu=70, num_chiplets=1, perfconfig='attn:v1:16,256,16,2,1,1,0,1,1,0,4')
----------------------------------------------------------------------------------------------------
FAIL: AttentionConfiguration(datatype='f16', g=7, seq_len_q=1, seq_len_k=162, num_heads_q=128, num_heads_kv=4, head_dim_qk=218, head_dim_v=49, with_attn_scale=True, with_attn_bias=False, trans_q=True, trans_k=True, trans_v=False, trans_o=False, causal=False, return_lse=True, split_kv=32, current_seqlen=[155, 154, 41, 100, 139, 27, 139], arch='gfx1100', chip='gfx1100', num_cu=70, num_chiplets=1, perfconfig='attn:v1:64,256,16,2,1,16,16,1,2,8,8')
FAIL: Runner returned incorrect result
Config = AttentionConfiguration(datatype='f16', g=8, seq_len_q=463, seq_len_k=392, num_heads_q=8, num_heads_kv=4, head_dim_qk=204, head_dim_v=75, with_attn_scale=False, with_attn_bias=True, trans_q=True, trans_k=True, trans_v=False, trans_o=False, causal=False, return_lse=False, split_kv=1, current_seqlen=None, arch='gfx1100', chip='gfx1100', num_cu=70, num_chiplets=1, perfconfig='attn:v1:64,16,16,1,1,8,32,1,1,4,1')
Command line = -operation attention -t f16 --arch gfx1100 --num_cu 70 --num_chiplets 1 -g 8 -seq_len_q 463 -seq_len_k 392 -num_heads_q 8 -num_heads_kv 4 -head_dim_qk 204 -head_dim_v 75 -with-attn-scale=False -with-attn-bias=True -transQ=True -transK=True -transV=False -transO=False -causal=False -return_lse=False -split_kv=1 --perf_config=attn:v1:64,16,16,1,1,8,32,1,1,4,1 -pv
Output = Number of elements: 2222400
maxAbsDiff info: maxAbsDiff = 0.021973 (valNum = -1.00000, gpuNum = -0.97803), average absDiff = 1.0e-02
maxRelDiff info: maxRelDiff = 2.2e-02 (valNum = 0.7500000000, gpuNum = 0.7333984375), average relDiff = 1.4e-02
RMS = 1.3e-02
Histogram of relDiff: 
        relDiff = 0     : 744000/2222400 (33.477322%)
     0 < relDiff < 1e-06: 0/2222400 (0.000000%)
1e-06 < relDiff <= 1e-05: 0/2222400 (0.000000%)
1e-05 < relDiff <= 1e-04: 0/2222400 (0.000000%)
1e-04 < relDiff <= 1e-03: 0/2222400 (0.000000%)
1e-03 < relDiff <= 1e-02: 0/2222400 (0.000000%)
1e-02 < relDiff <= 1e-01: 1478400/2222400 (66.522678%)
1e-01 < relDiff <= 1e+00: 0/2222400 (0.000000%)
1e+00 < relDiff < inf   : 0/2222400 (0.000000%)
        relDiff = inf   : 0/2222400 (0.000000%)
[0 1 1]

FAIL: Timeout in rocmlir-driver stage (120s)
Config = AttentionConfiguration(datatype='f32', g=5, seq_len_q=773, seq_len_k=34, num_heads_q=1, num_heads_kv=1, head_dim_qk=221, head_dim_v=234, with_attn_scale=True, with_attn_bias=False, trans_q=False, trans_k=False, trans_v=False, trans_o=False, causal=False, return_lse=False, split_kv=1, current_seqlen=None, arch='gfx1100', chip='gfx1100', num_cu=70, num_chiplets=1, perfconfig='attn:v1:128,128,64,1,1,1,16,1,2,4,1')
Command line = -operation attention -t f32 --arch gfx1100 --num_cu 70 --num_chiplets 1 -g 5 -seq_len_q 773 -seq_len_k 34 -num_heads_q 1 -num_heads_kv 1 -head_dim_qk 221 -head_dim_v 234 -with-attn-scale=True -with-attn-bias=False -transQ=False -transK=False -transV=False -transO=False -causal=False -return_lse=False -split_kv=1 --perf_config=attn:v1:128,128,64,1,1,1,16,1,2,4,1 -pv -relDiff_threshold 1e-4
----------------------------------------------------------------------------------------------------
PASS: AttentionConfiguration(datatype='bf16', g=6, seq_len_q=1, seq_len_k=442, num_heads_q=128, num_heads_kv=2, head_dim_qk=204, head_dim_v=146, with_attn_scale=True, with_attn_bias=True, trans_q=False, trans_k=True, trans_v=True, trans_o=True, causal=False, return_lse=False, split_kv=1, current_seqlen=[348, 389, 91, 331, 189, 375], arch='gfx1100', chip='gfx1100', num_cu=70, num_chiplets=1, perfconfig='attn:v1:64,32,128,1,1,2,16,1,3,0,0')
----------------------------------------------------------------------------------------------------
FAIL: AttentionConfiguration(datatype='f16', g=8, seq_len_q=463, seq_len_k=392, num_heads_q=8, num_heads_kv=4, head_dim_qk=204, head_dim_v=75, with_attn_scale=False, with_attn_bias=True, trans_q=True, trans_k=True, trans_v=False, trans_o=False, causal=False, return_lse=False, split_kv=1, current_seqlen=None, arch='gfx1100', chip='gfx1100', num_cu=70, num_chiplets=1, perfconfig='attn:v1:64,16,16,1,1,8,32,1,1,4,1')
----------------------------------------------------------------------------------------------------
PASS: AttentionConfiguration(datatype='f16', g=5, seq_len_q=1, seq_len_k=459, num_heads_q=1, num_heads_kv=1, head_dim_qk=128, head_dim_v=60, with_attn_scale=False, with_attn_bias=True, trans_q=True, trans_k=True, trans_v=True, trans_o=False, causal=False, return_lse=False, split_kv=1, current_seqlen=[388, 352, 1, 282, 82], arch='gfx1100', chip='gfx1100', num_cu=70, num_chiplets=1, perfconfig='attn:v1:256,128,16,1,1,4,16,1,2,2,1')
----------------------------------------------------------------------------------------------------
PASS: AttentionConfiguration(datatype='f32', g=7, seq_len_q=1, seq_len_k=377, num_heads_q=1, num_heads_kv=1, head_dim_qk=161, head_dim_v=145, with_attn_scale=False, with_attn_bias=True, trans_q=True, trans_k=False, trans_v=False, trans_o=True, causal=False, return_lse=False, split_kv=1, current_seqlen=[296, 234, 103, 242, 330, 122, 300], arch='gfx1100', chip='gfx1100', num_cu=70, num_chiplets=1, perfconfig='attn:v1:64,32,128,1,1,1,0,1,2,2,8')
Lowering rejected config as not applicable
Command line = -operation attention -t f32 --arch gfx1100 --num_cu 70 --num_chiplets 1 -g 7 -seq_len_q 138 -seq_len_k 341 -num_heads_q 1 -num_heads_kv 1 -head_dim_qk 99 -head_dim_v 138 -with-attn-scale=False -with-attn-bias=False -transQ=False -transK=False -transV=False -transO=False -causal=True -return_lse=True -split_kv=4 --perf_config=attn:v1:64,256,128,2,1,16,0,1,1,0,4 -pv -relDiff_threshold 1e-4
Errors = loc("<stdin>":23:1): error: ttg.shared (262144) exceeds LDS limit (65536) for amdgcn-amd-amdhsa:gfx1100
Lowering not applicable.

----------------------------------------------------------------------------------------------------
NOT_APPLICABLE: AttentionConfiguration(datatype='f32', g=7, seq_len_q=138, seq_len_k=341, num_heads_q=1, num_heads_kv=1, head_dim_qk=99, head_dim_v=138, with_attn_scale=False, with_attn_bias=False, trans_q=False, trans_k=False, trans_v=False, trans_o=False, causal=True, return_lse=True, split_kv=4, current_seqlen=None, arch='gfx1100', chip='gfx1100', num_cu=70, num_chiplets=1, perfconfig='attn:v1:64,256,128,2,1,16,0,1,1,0,4')
----------------------------------------------------------------------------------------------------
PASS: AttentionConfiguration(datatype='i8', g=3, seq_len_q=1, seq_len_k=641, num_heads_q=32, num_heads_kv=16, head_dim_qk=217, head_dim_v=27, with_attn_scale=False, with_attn_bias=False, trans_q=True, trans_k=False, trans_v=False, trans_o=False, causal=False, return_lse=False, split_kv=1, current_seqlen=[249, 417, 433], arch='gfx1100', chip='gfx1100', num_cu=70, num_chiplets=1, perfconfig='attn:v1:64,16,128,1,1,8,32,1,3,1,2')
----------------------------------------------------------------------------------------------------
PASS: AttentionConfiguration(datatype='i8', g=3, seq_len_q=1, seq_len_k=518, num_heads_q=64, num_heads_kv=32, head_dim_qk=246, head_dim_v=108, with_attn_scale=False, with_attn_bias=True, trans_q=True, trans_k=True, trans_v=False, trans_o=False, causal=False, return_lse=False, split_kv=1, current_seqlen=[135, 216, 118], arch='gfx1100', chip='gfx1100', num_cu=70, num_chiplets=1, perfconfig='attn:v1:256,16,128,1,1,8,0,1,2,4,2')
----------------------------------------------------------------------------------------------------
PASS: AttentionConfiguration(datatype='f32', g=3, seq_len_q=1, seq_len_k=1021, num_heads_q=128, num_heads_kv=64, head_dim_qk=203, head_dim_v=25, with_attn_scale=True, with_attn_bias=False, trans_q=True, trans_k=False, trans_v=False, trans_o=False, causal=False, return_lse=True, split_kv=2, current_seqlen=[481, 40, 813], arch='gfx1100', chip='gfx1100', num_cu=70, num_chiplets=1, perfconfig='attn:v1:32,32,64,1,1,16,0,1,3,1,2')
----------------------------------------------------------------------------------------------------
PASS: AttentionConfiguration(datatype='bf16', g=5, seq_len_q=104, seq_len_k=180, num_heads_q=1, num_heads_kv=1, head_dim_qk=107, head_dim_v=198, with_attn_scale=True, with_attn_bias=False, trans_q=True, trans_k=False, trans_v=False, trans_o=False, causal=True, return_lse=False, split_kv=1, current_seqlen=None, arch='gfx1100', chip='gfx1100', num_cu=70, num_chiplets=1, perfconfig='attn:v1:32,128,32,1,1,16,16,1,3,4,1')
----------------------------------------------------------------------------------------------------
PASS: AttentionConfiguration(datatype='bf16', g=2, seq_len_q=180, seq_len_k=1330, num_heads_q=1, num_heads_kv=1, head_dim_qk=108, head_dim_v=84, with_attn_scale=True, with_attn_bias=True, trans_q=False, trans_k=False, trans_v=True, trans_o=False, causal=False, return_lse=True, split_kv=4, current_seqlen=None, arch='gfx1100', chip='gfx1100', num_cu=70, num_chiplets=1, perfconfig='attn:v1:32,64,64,1,1,1,16,1,2,2,0')
----------------------------------------------------------------------------------------------------
PASS: AttentionConfiguration(datatype='f16', g=2, seq_len_q=98, seq_len_k=324, num_heads_q=64, num_heads_kv=4, head_dim_qk=101, head_dim_v=240, with_attn_scale=False, with_attn_bias=False, trans_q=False, trans_k=False, trans_v=False, trans_o=True, causal=True, return_lse=True, split_kv=8, current_seqlen=None, arch='gfx1100', chip='gfx1100', num_cu=70, num_chiplets=1, perfconfig='attn:v1:32,128,64,1,1,4,0,1,3,1,0')
----------------------------------------------------------------------------------------------------
FAIL: AttentionConfiguration(datatype='f32', g=5, seq_len_q=773, seq_len_k=34, num_heads_q=1, num_heads_kv=1, head_dim_qk=221, head_dim_v=234, with_attn_scale=True, with_attn_bias=False, trans_q=False, trans_k=False, trans_v=False, trans_o=False, causal=False, return_lse=False, split_kv=1, current_seqlen=None, arch='gfx1100', chip='gfx1100', num_cu=70, num_chiplets=1, perfconfig='attn:v1:128,128,64,1,1,1,16,1,2,4,1')
----------------------------------------------------------------------------------------------------
PASS: AttentionConfiguration(datatype='f32', g=1, seq_len_q=15, seq_len_k=2919, num_heads_q=1, num_heads_kv=1, head_dim_qk=79, head_dim_v=13, with_attn_scale=True, with_attn_bias=False, trans_q=True, trans_k=True, trans_v=True, trans_o=True, causal=False, return_lse=False, split_kv=1, current_seqlen=None, arch='gfx1100', chip='gfx1100', num_cu=70, num_chiplets=1, perfconfig='attn:v1:32,64,16,2,1,16,16,1,1,8,1')
----------------------------------------------------------------------------------------------------
PASS: AttentionConfiguration(datatype='bf16', g=4, seq_len_q=1, seq_len_k=426, num_heads_q=32, num_heads_kv=16, head_dim_qk=174, head_dim_v=139, with_attn_scale=False, with_attn_bias=False, trans_q=False, trans_k=False, trans_v=False, trans_o=True, causal=False, return_lse=False, split_kv=1, current_seqlen=[93, 229, 255, 86], arch='gfx1100', chip='gfx1100', num_cu=70, num_chiplets=1, perfconfig='attn:v1:16,32,16,2,1,16,16,1,1,2,1')
FAIL: Timeout in rocmlir-driver stage (120s)
Config = AttentionConfiguration(datatype='i8', g=2, seq_len_q=72, seq_len_k=774, num_heads_q=128, num_heads_kv=4, head_dim_qk=123, head_dim_v=161, with_attn_scale=True, with_attn_bias=True, trans_q=False, trans_k=True, trans_v=False, trans_o=False, causal=True, return_lse=False, split_kv=1, current_seqlen=None, arch='gfx1100', chip='gfx1100', num_cu=70, num_chiplets=1, perfconfig='attn:v1:256,16,16,2,1,1,32,1,1,4,8')
Command line = -operation attention -t i8 --arch gfx1100 --num_cu 70 --num_chiplets 1 -g 2 -seq_len_q 72 -seq_len_k 774 -num_heads_q 128 -num_heads_kv 4 -head_dim_qk 123 -head_dim_v 161 -with-attn-scale=True -with-attn-bias=True -transQ=False -transK=True -transV=False -transO=False -causal=True -return_lse=False -split_kv=1 --perf_config=attn:v1:256,16,16,2,1,1,32,1,1,4,8 -pv
FAIL: Runner returned incorrect result
Config = AttentionConfiguration(datatype='f16', g=6, seq_len_q=1, seq_len_k=349, num_heads_q=1, num_heads_kv=1, head_dim_qk=235, head_dim_v=43, with_attn_scale=True, with_attn_bias=False, trans_q=True, trans_k=False, trans_v=False, trans_o=True, causal=False, return_lse=True, split_kv=2, current_seqlen=[36, 121, 169, 303, 287, 183], arch='gfx1100', chip='gfx1100', num_cu=70, num_chiplets=1, perfconfig='attn:v1:64,16,16,1,1,16,32,1,2,8,1')
Command line = -operation attention -t f16 --arch gfx1100 --num_cu 70 --num_chiplets 1 -g 6 -seq_len_q 1 -seq_len_k 349 -num_heads_q 1 -num_heads_kv 1 -head_dim_qk 235 -head_dim_v 43 -with-attn-scale=True -with-attn-bias=False -transQ=True -transK=False -transV=False -transO=True -causal=False -return_lse=True -split_kv=2 --perf_config=attn:v1:64,16,16,1,1,16,32,1,2,8,1 --current_seq_len=36,121,169,303,287,183 -pv
Output = Number of elements: 516
maxAbsDiff info: maxAbsDiff = 0.013672 (valNum = -0.81641, gpuNum = -0.80273), average absDiff = 1.6e-03
maxRelDiff info: maxRelDiff = 3.4e-02 (valNum = 0.3425292969, gpuNum = 0.3308105469), average relDiff = 3.2e-03
RMS = 4.3e-03
Histogram of relDiff: 
        relDiff = 0     : 342/516 (66.279070%)
     0 < relDiff < 1e-06: 0/516 (0.000000%)
1e-06 < relDiff <= 1e-05: 0/516 (0.000000%)
1e-05 < relDiff <= 1e-04: 0/516 (0.000000%)
1e-04 < relDiff <= 1e-03: 58/516 (11.240310%)
1e-03 < relDiff <= 1e-02: 58/516 (11.240310%)
1e-02 < relDiff <= 1e-01: 58/516 (11.240310%)
1e-01 < relDiff <= 1e+00: 0/516 (0.000000%)
1e+00 < relDiff < inf   : 0/516 (0.000000%)
        relDiff = inf   : 0/516 (0.000000%)
[0 1 1]

FAIL: Timeout in rocmlir-driver stage (120s)
Config = AttentionConfiguration(datatype='f16', g=2, seq_len_q=150, seq_len_k=517, num_heads_q=128, num_heads_kv=8, head_dim_qk=238, head_dim_v=164, with_attn_scale=True, with_attn_bias=False, trans_q=True, trans_k=True, trans_v=True, trans_o=True, causal=False, return_lse=False, split_kv=1, current_seqlen=None, arch='gfx1100', chip='gfx1100', num_cu=70, num_chiplets=1, perfconfig='attn:v1:256,16,64,2,1,2,16,1,1,0,4')
Command line = -operation attention -t f16 --arch gfx1100 --num_cu 70 --num_chiplets 1 -g 2 -seq_len_q 150 -seq_len_k 517 -num_heads_q 128 -num_heads_kv 8 -head_dim_qk 238 -head_dim_v 164 -with-attn-scale=True -with-attn-bias=False -transQ=True -transK=True -transV=True -transO=True -causal=False -return_lse=False -split_kv=1 --perf_config=attn:v1:256,16,64,2,1,2,16,1,1,0,4 -pv
FAIL: Timeout in rocmlir-driver stage (120s)
Config = AttentionConfiguration(datatype='f16', g=5, seq_len_q=1, seq_len_k=399, num_heads_q=1, num_heads_kv=1, head_dim_qk=63, head_dim_v=133, with_attn_scale=True, with_attn_bias=False, trans_q=False, trans_k=False, trans_v=False, trans_o=True, causal=False, return_lse=False, split_kv=1, current_seqlen=[193, 44, 326, 314, 325], arch='gfx1100', chip='gfx1100', num_cu=70, num_chiplets=1, perfconfig='attn:v1:256,32,128,1,1,1,16,1,1,1,1')
Command line = -operation attention -t f16 --arch gfx1100 --num_cu 70 --num_chiplets 1 -g 5 -seq_len_q 1 -seq_len_k 399 -num_heads_q 1 -num_heads_kv 1 -head_dim_qk 63 -head_dim_v 133 -with-attn-scale=True -with-attn-bias=False -transQ=False -transK=False -transV=False -transO=True -causal=False -return_lse=False -split_kv=1 --perf_config=attn:v1:256,32,128,1,1,1,16,1,1,1,1 --current_seq_len=193,44,326,314,325 -pv
----------------------------------------------------------------------------------------------------
PASS: AttentionConfiguration(datatype='f32', g=7, seq_len_q=1, seq_len_k=354, num_heads_q=1, num_heads_kv=1, head_dim_qk=240, head_dim_v=253, with_attn_scale=False, with_attn_bias=False, trans_q=False, trans_k=False, trans_v=True, trans_o=False, causal=False, return_lse=False, split_kv=1, current_seqlen=[9, 263, 4, 11, 267, 34, 181], arch='gfx1100', chip='gfx1100', num_cu=70, num_chiplets=1, perfconfig='attn:v1:128,16,16,1,1,16,32,1,2,1,1')
----------------------------------------------------------------------------------------------------
PASS: AttentionConfiguration(datatype='bf16', g=6, seq_len_q=1, seq_len_k=229, num_heads_q=1, num_heads_kv=1, head_dim_qk=147, head_dim_v=113, with_attn_scale=False, with_attn_bias=True, trans_q=False, trans_k=False, trans_v=True, trans_o=True, causal=False, return_lse=False, split_kv=1, current_seqlen=[14, 138, 109, 147, 165, 61], arch='gfx1100', chip='gfx1100', num_cu=70, num_chiplets=1, perfconfig='attn:v1:32,64,16,2,1,2,16,1,1,0,1')
----------------------------------------------------------------------------------------------------
PASS: AttentionConfiguration(datatype='f32', g=2, seq_len_q=150, seq_len_k=762, num_heads_q=128, num_heads_kv=2, head_dim_qk=58, head_dim_v=64, with_attn_scale=True, with_attn_bias=False, trans_q=True, trans_k=False, trans_v=True, trans_o=True, causal=True, return_lse=False, split_kv=1, current_seqlen=None, arch='gfx1100', chip='gfx1100', num_cu=70, num_chiplets=1, perfconfig='attn:v1:64,32,64,1,1,8,0,1,2,2,2')
----------------------------------------------------------------------------------------------------
PASS: AttentionConfiguration(datatype='f16', g=5, seq_len_q=566, seq_len_k=286, num_heads_q=1, num_heads_kv=1, head_dim_qk=23, head_dim_v=77, with_attn_scale=True, with_attn_bias=True, trans_q=False, trans_k=True, trans_v=True, trans_o=False, causal=False, return_lse=False, split_kv=1, current_seqlen=None, arch='gfx1100', chip='gfx1100', num_cu=70, num_chiplets=1, perfconfig='attn:v1:128,128,16,2,1,4,16,1,1,1,1')
----------------------------------------------------------------------------------------------------
PASS: AttentionConfiguration(datatype='f32', g=1, seq_len_q=1, seq_len_k=704, num_heads_q=1, num_heads_kv=1, head_dim_qk=51, head_dim_v=127, with_attn_scale=False, with_attn_bias=True, trans_q=True, trans_k=True, trans_v=False, trans_o=False, causal=False, return_lse=False, split_kv=1, current_seqlen=[548], arch='gfx1100', chip='gfx1100', num_cu=70, num_chiplets=1, perfconfig='attn:v1:128,32,64,2,1,2,0,1,2,4,1')
----------------------------------------------------------------------------------------------------
FAIL: AttentionConfiguration(datatype='i8', g=2, seq_len_q=72, seq_len_k=774, num_heads_q=128, num_heads_kv=4, head_dim_qk=123, head_dim_v=161, with_attn_scale=True, with_attn_bias=True, trans_q=False, trans_k=True, trans_v=False, trans_o=False, causal=True, return_lse=False, split_kv=1, current_seqlen=None, arch='gfx1100', chip='gfx1100', num_cu=70, num_chiplets=1, perfconfig='attn:v1:256,16,16,2,1,1,32,1,1,4,8')
Lowering rejected config as not applicable
Command line = -operation attention -t f32 --arch gfx1100 --num_cu 70 --num_chiplets 1 -g 8 -seq_len_q 1 -seq_len_k 472 -num_heads_q 1 -num_heads_kv 1 -head_dim_qk 29 -head_dim_v 53 -with-attn-scale=False -with-attn-bias=False -transQ=False -transK=True -transV=False -transO=False -causal=False -return_lse=True -split_kv=8 --perf_config=attn:v1:32,256,128,1,1,8,32,1,3,4,1 --current_seq_len=31,147,379,116,372,265,379,189 -pv -relDiff_threshold 1e-4
Errors = loc("<stdin>":27:1): error: ttg.shared (425984) exceeds LDS limit (65536) for amdgcn-amd-amdhsa:gfx1100
Lowering not applicable.

----------------------------------------------------------------------------------------------------
NOT_APPLICABLE: AttentionConfiguration(datatype='f32', g=8, seq_len_q=1, seq_len_k=472, num_heads_q=1, num_heads_kv=1, head_dim_qk=29, head_dim_v=53, with_attn_scale=False, with_attn_bias=False, trans_q=False, trans_k=True, trans_v=False, trans_o=False, causal=False, return_lse=True, split_kv=8, current_seqlen=[31, 147, 379, 116, 372, 265, 379, 189], arch='gfx1100', chip='gfx1100', num_cu=70, num_chiplets=1, perfconfig='attn:v1:32,256,128,1,1,8,32,1,3,4,1')
----------------------------------------------------------------------------------------------------
FAIL: AttentionConfiguration(datatype='f16', g=6, seq_len_q=1, seq_len_k=349, num_heads_q=1, num_heads_kv=1, head_dim_qk=235, head_dim_v=43, with_attn_scale=True, with_attn_bias=False, trans_q=True, trans_k=False, trans_v=False, trans_o=True, causal=False, return_lse=True, split_kv=2, current_seqlen=[36, 121, 169, 303, 287, 183], arch='gfx1100', chip='gfx1100', num_cu=70, num_chiplets=1, perfconfig='attn:v1:64,16,16,1,1,16,32,1,2,8,1')
Lowering rejected config as not applicable
Command line = -operation attention -t f32 --arch gfx1100 --num_cu 70 --num_chiplets 1 -g 2 -seq_len_q 204 -seq_len_k 364 -num_heads_q 1 -num_heads_kv 1 -head_dim_qk 137 -head_dim_v 54 -with-attn-scale=True -with-attn-bias=True -transQ=True -transK=True -transV=True -transO=False -causal=False -return_lse=False -split_kv=1 --perf_config=attn:v1:64,256,128,2,1,4,16,1,2,8,1 -pv -relDiff_threshold 1e-4
Errors = loc("<stdin>":14:1): error: ttg.shared (163840) exceeds LDS limit (65536) for amdgcn-amd-amdhsa:gfx1100
Lowering not applicable.

----------------------------------------------------------------------------------------------------
NOT_APPLICABLE: AttentionConfiguration(datatype='f32', g=2, seq_len_q=204, seq_len_k=364, num_heads_q=1, num_heads_kv=1, head_dim_qk=137, head_dim_v=54, with_attn_scale=True, with_attn_bias=True, trans_q=True, trans_k=True, trans_v=True, trans_o=False, causal=False, return_lse=False, split_kv=1, current_seqlen=None, arch='gfx1100', chip='gfx1100', num_cu=70, num_chiplets=1, perfconfig='attn:v1:64,256,128,2,1,4,16,1,2,8,1')
----------------------------------------------------------------------------------------------------
PASS: AttentionConfiguration(datatype='bf16', g=2, seq_len_q=331, seq_len_k=272, num_heads_q=32, num_heads_kv=2, head_dim_qk=215, head_dim_v=214, with_attn_scale=True, with_attn_bias=True, trans_q=True, trans_k=True, trans_v=False, trans_o=True, causal=False, return_lse=False, split_kv=1, current_seqlen=None, arch='gfx1100', chip='gfx1100', num_cu=70, num_chiplets=1, perfconfig='attn:v1:128,128,128,2,1,16,16,1,2,8,4')
----------------------------------------------------------------------------------------------------
PASS: AttentionConfiguration(datatype='bf16', g=5, seq_len_q=612, seq_len_k=403, num_heads_q=1, num_heads_kv=1, head_dim_qk=8, head_dim_v=97, with_attn_scale=True, with_attn_bias=True, trans_q=False, trans_k=False, trans_v=True, trans_o=True, causal=True, return_lse=False, split_kv=1, current_seqlen=None, arch='gfx1100', chip='gfx1100', num_cu=70, num_chiplets=1, perfconfig='attn:v1:64,16,32,2,1,1,0,1,3,4,1')
----------------------------------------------------------------------------------------------------
FAIL: AttentionConfiguration(datatype='f16', g=2, seq_len_q=150, seq_len_k=517, num_heads_q=128, num_heads_kv=8, head_dim_qk=238, head_dim_v=164, with_attn_scale=True, with_attn_bias=False, trans_q=True, trans_k=True, trans_v=True, trans_o=True, causal=False, return_lse=False, split_kv=1, current_seqlen=None, arch='gfx1100', chip='gfx1100', num_cu=70, num_chiplets=1, perfconfig='attn:v1:256,16,64,2,1,2,16,1,1,0,4')
----------------------------------------------------------------------------------------------------
FAIL: AttentionConfiguration(datatype='f16', g=5, seq_len_q=1, seq_len_k=399, num_heads_q=1, num_heads_kv=1, head_dim_qk=63, head_dim_v=133, with_attn_scale=True, with_attn_bias=False, trans_q=False, trans_k=False, trans_v=False, trans_o=True, causal=False, return_lse=False, split_kv=1, current_seqlen=[193, 44, 326, 314, 325], arch='gfx1100', chip='gfx1100', num_cu=70, num_chiplets=1, perfconfig='attn:v1:256,32,128,1,1,1,16,1,1,1,1')
----------------------------------------------------------------------------------------------------
PASS: AttentionConfiguration(datatype='f16', g=8, seq_len_q=506, seq_len_k=239, num_heads_q=128, num_heads_kv=8, head_dim_qk=139, head_dim_v=110, with_attn_scale=False, with_attn_bias=False, trans_q=True, trans_k=False, trans_v=False, trans_o=True, causal=False, return_lse=False, split_kv=1, current_seqlen=None, arch='gfx1100', chip='gfx1100', num_cu=70, num_chiplets=1, perfconfig='attn:v1:128,128,64,1,1,1,0,1,2,4,1')
Lowering rejected config as not applicable
Command line = -operation attention -t f32 --arch gfx1100 --num_cu 70 --num_chiplets 1 -g 3 -seq_len_q 1 -seq_len_k 1167 -num_heads_q 1 -num_heads_kv 1 -head_dim_qk 47 -head_dim_v 7 -with-attn-scale=False -with-attn-bias=True -transQ=True -transK=False -transV=False -transO=False -causal=False -return_lse=False -split_kv=1 --perf_config=attn:v1:32,256,64,2,1,16,0,1,3,4,2 --current_seq_len=633,300,516 -pv -relDiff_threshold 1e-4
Errors = loc("<stdin>":25:1): error: ttg.shared (180224) exceeds LDS limit (65536) for amdgcn-amd-amdhsa:gfx1100
Lowering not applicable.

----------------------------------------------------------------------------------------------------
NOT_APPLICABLE: AttentionConfiguration(datatype='f32', g=3, seq_len_q=1, seq_len_k=1167, num_heads_q=1, num_heads_kv=1, head_dim_qk=47, head_dim_v=7, with_attn_scale=False, with_attn_bias=True, trans_q=True, trans_k=False, trans_v=False, trans_o=False, causal=False, return_lse=False, split_kv=1, current_seqlen=[633, 300, 516], arch='gfx1100', chip='gfx1100', num_cu=70, num_chiplets=1, perfconfig='attn:v1:32,256,64,2,1,16,0,1,3,4,2')
Lowering rejected config as not applicable
Command line = -operation attention -t f32 --arch gfx1100 --num_cu 70 --num_chiplets 1 -g 5 -seq_len_q 1 -seq_len_k 494 -num_heads_q 1 -num_heads_kv 1 -head_dim_qk 86 -head_dim_v 109 -with-attn-scale=False -with-attn-bias=True -transQ=False -transK=True -transV=False -transO=False -causal=False -return_lse=False -split_kv=1 --perf_config=attn:v1:256,16,32,2,1,2,0,1,3,2,2 --current_seq_len=386,351,362,359,492 -pv -relDiff_threshold 1e-4
Errors = loc("<stdin>":25:1): error: ttg.shared (69632) exceeds LDS limit (65536) for amdgcn-amd-amdhsa:gfx1100
Lowering not applicable.

----------------------------------------------------------------------------------------------------
NOT_APPLICABLE: AttentionConfiguration(datatype='f32', g=5, seq_len_q=1, seq_len_k=494, num_heads_q=1, num_heads_kv=1, head_dim_qk=86, head_dim_v=109, with_attn_scale=False, with_attn_bias=True, trans_q=False, trans_k=True, trans_v=False, trans_o=False, causal=False, return_lse=False, split_kv=1, current_seqlen=[386, 351, 362, 359, 492], arch='gfx1100', chip='gfx1100', num_cu=70, num_chiplets=1, perfconfig='attn:v1:256,16,32,2,1,2,0,1,3,2,2')
----------------------------------------------------------------------------------------------------
PASS: AttentionConfiguration(datatype='f32', g=7, seq_len_q=1, seq_len_k=7, num_heads_q=1, num_heads_kv=1, head_dim_qk=219, head_dim_v=36, with_attn_scale=False, with_attn_bias=True, trans_q=False, trans_k=False, trans_v=False, trans_o=False, causal=False, return_lse=False, split_kv=1, current_seqlen=[5, 3, 5, 5, 1, 5, 4], arch='gfx1100', chip='gfx1100', num_cu=70, num_chiplets=1, perfconfig='attn:v1:16,32,32,2,1,2,32,1,2,8,1')
----------------------------------------------------------------------------------------------------
PASS: AttentionConfiguration(datatype='f16', g=4, seq_len_q=1, seq_len_k=42, num_heads_q=1, num_heads_kv=1, head_dim_qk=235, head_dim_v=43, with_attn_scale=False, with_attn_bias=False, trans_q=False, trans_k=False, trans_v=True, trans_o=True, causal=False, return_lse=True, split_kv=2, current_seqlen=[36, 27, 38, 25], arch='gfx1100', chip='gfx1100', num_cu=70, num_chiplets=1, perfconfig='attn:v1:16,128,64,2,1,1,16,1,2,0,0')
----------------------------------------------------------------------------------------------------
PASS: AttentionConfiguration(datatype='f32', g=2, seq_len_q=1, seq_len_k=1782, num_heads_q=128, num_heads_kv=16, head_dim_qk=148, head_dim_v=185, with_attn_scale=True, with_attn_bias=False, trans_q=False, trans_k=False, trans_v=False, trans_o=True, causal=False, return_lse=False, split_kv=1, current_seqlen=[583, 1538], arch='gfx1100', chip='gfx1100', num_cu=70, num_chiplets=1, perfconfig='attn:v1:16,64,16,2,1,2,0,1,3,8,8')
----------------------------------------------------------------------------------------------------
PASS: AttentionConfiguration(datatype='f16', g=2, seq_len_q=9, seq_len_k=143, num_heads_q=64, num_heads_kv=16, head_dim_qk=251, head_dim_v=205, with_attn_scale=True, with_attn_bias=True, trans_q=False, trans_k=False, trans_v=False, trans_o=False, causal=True, return_lse=True, split_kv=2, current_seqlen=None, arch='gfx1100', chip='gfx1100', num_cu=70, num_chiplets=1, perfconfig='attn:v1:16,32,16,1,1,1,0,1,3,1,4')
Lowering rejected config as not applicable
Command line = -operation attention -t bf16 --arch gfx1100 --num_cu 70 --num_chiplets 1 -g 8 -seq_len_q 1 -seq_len_k 42 -num_heads_q 1 -num_heads_kv 1 -head_dim_qk 88 -head_dim_v 135 -with-attn-scale=False -with-attn-bias=True -transQ=True -transK=False -transV=True -transO=True -causal=False -return_lse=False -split_kv=1 --perf_config=attn:v1:32,256,64,1,1,1,16,1,2,0,4 --current_seq_len=16,6,23,34,31,26,40,25 -pv -RMS_threshold 1e-2
Errors = loc("<stdin>":25:1): error: ttg.shared (131072) exceeds LDS limit (65536) for amdgcn-amd-amdhsa:gfx1100
Lowering not applicable.

----------------------------------------------------------------------------------------------------
NOT_APPLICABLE: AttentionConfiguration(datatype='bf16', g=8, seq_len_q=1, seq_len_k=42, num_heads_q=1, num_heads_kv=1, head_dim_qk=88, head_dim_v=135, with_attn_scale=False, with_attn_bias=True, trans_q=True, trans_k=False, trans_v=True, trans_o=True, causal=False, return_lse=False, split_kv=1, current_seqlen=[16, 6, 23, 34, 31, 26, 40, 25], arch='gfx1100', chip='gfx1100', num_cu=70, num_chiplets=1, perfconfig='attn:v1:32,256,64,1,1,1,16,1,2,0,4')
----------------------------------------------------------------------------------------------------
PASS: AttentionConfiguration(datatype='f16', g=2, seq_len_q=1, seq_len_k=839, num_heads_q=8, num_heads_kv=4, head_dim_qk=115, head_dim_v=33, with_attn_scale=True, with_attn_bias=True, trans_q=False, trans_k=True, trans_v=False, trans_o=True, causal=False, return_lse=False, split_kv=1, current_seqlen=[760, 134], arch='gfx1100', chip='gfx1100', num_cu=70, num_chiplets=1, perfconfig='attn:v1:64,128,64,1,1,1,16,1,2,8,1')
----------------------------------------------------------------------------------------------------
PASS: AttentionConfiguration(datatype='f32', g=5, seq_len_q=1, seq_len_k=347, num_heads_q=1, num_heads_kv=1, head_dim_qk=87, head_dim_v=224, with_attn_scale=True, with_attn_bias=False, trans_q=True, trans_k=False, trans_v=True, trans_o=True, causal=False, return_lse=False, split_kv=1, current_seqlen=[114, 99, 181, 282, 46], arch='gfx1100', chip='gfx1100', num_cu=70, num_chiplets=1, perfconfig='attn:v1:16,16,32,1,1,4,32,1,3,1,0')
----------------------------------------------------------------------------------------------------
PASS: AttentionConfiguration(datatype='f32', g=5, seq_len_q=1, seq_len_k=764, num_heads_q=1, num_heads_kv=1, head_dim_qk=68, head_dim_v=6, with_attn_scale=False, with_attn_bias=False, trans_q=True, trans_k=True, trans_v=False, trans_o=True, causal=False, return_lse=False, split_kv=1, current_seqlen=[577, 96, 492, 610, 411], arch='gfx1100', chip='gfx1100', num_cu=70, num_chiplets=1, perfconfig='attn:v1:32,64,128,2,1,4,32,1,1,1,8')
FAIL: Runner returned incorrect result
Config = AttentionConfiguration(datatype='f16', g=8, seq_len_q=1, seq_len_k=288, num_heads_q=64, num_heads_kv=32, head_dim_qk=179, head_dim_v=196, with_attn_scale=True, with_attn_bias=True, trans_q=False, trans_k=False, trans_v=True, trans_o=True, causal=False, return_lse=True, split_kv=32, current_seqlen=[31, 236, 105, 236, 65, 38, 105, 127], arch='gfx1100', chip='gfx1100', num_cu=70, num_chiplets=1, perfconfig='attn:v1:128,16,64,2,1,4,32,1,3,8,0')
Command line = -operation attention -t f16 --arch gfx1100 --num_cu 70 --num_chiplets 1 -g 8 -seq_len_q 1 -seq_len_k 288 -num_heads_q 64 -num_heads_kv 32 -head_dim_qk 179 -head_dim_v 196 -with-attn-scale=True -with-attn-bias=True -transQ=False -transK=False -transV=True -transO=True -causal=False -return_lse=True -split_kv=32 --perf_config=attn:v1:128,16,64,2,1,4,32,1,3,8,0 --current_seq_len=31,236,105,236,65,38,105,127 -pv
Output = Number of elements: 3211264
maxAbsDiff info: maxAbsDiff = 0.002441 (valNum = -0.98193, gpuNum = -0.98438), average absDiff = 7.7e-04
maxRelDiff info: maxRelDiff = 2.5e-03 (valNum = -0.9819335938, gpuNum = -0.9843750000), average relDiff = 7.9e-04
RMS = 1.1e-03
Histogram of relDiff: 
        relDiff = 0     : 802816/3211264 (25.000000%)
     0 < relDiff < 1e-06: 0/3211264 (0.000000%)
1e-06 < relDiff <= 1e-05: 0/3211264 (0.000000%)
1e-05 < relDiff <= 1e-04: 0/3211264 (0.000000%)
1e-04 < relDiff <= 1e-03: 1605632/3211264 (50.000000%)
1e-03 < relDiff <= 1e-02: 802816/3211264 (25.000000%)
1e-02 < relDiff <= 1e-01: 0/3211264 (0.000000%)
1e-01 < relDiff <= 1e+00: 0/3211264 (0.000000%)
1e+00 < relDiff < inf   : 0/3211264 (0.000000%)
        relDiff = inf   : 0/3211264 (0.000000%)
[0 1 1]

FAIL: Runner returned incorrect result
Config = AttentionConfiguration(datatype='i8', g=2, seq_len_q=1, seq_len_k=1079, num_heads_q=64, num_heads_kv=2, head_dim_qk=156, head_dim_v=227, with_attn_scale=False, with_attn_bias=True, trans_q=True, trans_k=True, trans_v=False, trans_o=True, causal=False, return_lse=True, split_kv=16, current_seqlen=[395, 674], arch='gfx1100', chip='gfx1100', num_cu=70, num_chiplets=1, perfconfig='attn:v1:256,32,16,2,1,1,0,1,2,1,0')
Command line = -operation attention -t i8 --arch gfx1100 --num_cu 70 --num_chiplets 1 -g 2 -seq_len_q 1 -seq_len_k 1079 -num_heads_q 64 -num_heads_kv 2 -head_dim_qk 156 -head_dim_v 227 -with-attn-scale=False -with-attn-bias=True -transQ=True -transK=True -transV=False -transO=True -causal=False -return_lse=True -split_kv=16 --perf_config=attn:v1:256,32,16,2,1,1,0,1,2,1,0 --current_seq_len=395,674 -pv
Output = Number of elements: 464896
maxAbsDiff info: maxAbsDiff = 0.019516 (valNum = 0.02977, gpuNum = 0.01025), average absDiff = 5.0e-03
maxRelDiff info: maxRelDiff = 6.6e-01 (valNum = 0.0297698975, gpuNum = 0.0102539062), average relDiff = 8.4e-02
RMS = 1.8e-02
Histogram of relDiff: 
        relDiff = 0     : 103008/464896 (22.157214%)
     0 < relDiff < 1e-06: 0/464896 (0.000000%)
1e-06 < relDiff <= 1e-05: 0/464896 (0.000000%)
1e-05 < relDiff <= 1e-04: 0/464896 (0.000000%)
1e-04 < relDiff <= 1e-03: 51952/464896 (11.174972%)
1e-03 < relDiff <= 1e-02: 102864/464896 (22.126239%)
1e-02 < relDiff <= 1e-01: 154960/464896 (33.332186%)
1e-01 < relDiff <= 1e+00: 52112/464896 (11.209389%)
1e+00 < relDiff < inf   : 0/464896 (0.000000%)
        relDiff = inf   : 0/464896 (0.000000%)
[0 1 1]

Lowering rejected config as not applicable
Command line = -operation attention -t bf16 --arch gfx1100 --num_cu 70 --num_chiplets 1 -g 5 -seq_len_q 491 -seq_len_k 328 -num_heads_q 1 -num_heads_kv 1 -head_dim_qk 44 -head_dim_v 179 -with-attn-scale=False -with-attn-bias=False -transQ=False -transK=True -transV=True -transO=False -causal=False -return_lse=True -split_kv=1 --perf_config=attn:v1:64,256,64,1,1,8,32,1,3,2,1 -pv -RMS_threshold 1e-2
Errors = loc("<stdin>":15:1): error: ttg.shared (360448) exceeds LDS limit (65536) for amdgcn-amd-amdhsa:gfx1100
Lowering not applicable.

----------------------------------------------------------------------------------------------------
NOT_APPLICABLE: AttentionConfiguration(datatype='bf16', g=5, seq_len_q=491, seq_len_k=328, num_heads_q=1, num_heads_kv=1, head_dim_qk=44, head_dim_v=179, with_attn_scale=False, with_attn_bias=False, trans_q=False, trans_k=True, trans_v=True, trans_o=False, causal=False, return_lse=True, split_kv=1, current_seqlen=None, arch='gfx1100', chip='gfx1100', num_cu=70, num_chiplets=1, perfconfig='attn:v1:64,256,64,1,1,8,32,1,3,2,1')
----------------------------------------------------------------------------------------------------
FAIL: AttentionConfiguration(datatype='f16', g=8, seq_len_q=1, seq_len_k=288, num_heads_q=64, num_heads_kv=32, head_dim_qk=179, head_dim_v=196, with_attn_scale=True, with_attn_bias=True, trans_q=False, trans_k=False, trans_v=True, trans_o=True, causal=False, return_lse=True, split_kv=32, current_seqlen=[31, 236, 105, 236, 65, 38, 105, 127], arch='gfx1100', chip='gfx1100', num_cu=70, num_chiplets=1, perfconfig='attn:v1:128,16,64,2,1,4,32,1,3,8,0')
----------------------------------------------------------------------------------------------------
PASS: AttentionConfiguration(datatype='f32', g=1, seq_len_q=70, seq_len_k=2471, num_heads_q=64, num_heads_kv=32, head_dim_qk=153, head_dim_v=146, with_attn_scale=True, with_attn_bias=True, trans_q=False, trans_k=False, trans_v=False, trans_o=True, causal=True, return_lse=True, split_kv=1, current_seqlen=None, arch='gfx1100', chip='gfx1100', num_cu=70, num_chiplets=1, perfconfig='attn:v1:32,32,16,1,1,8,16,1,2,0,8')
----------------------------------------------------------------------------------------------------
PASS: AttentionConfiguration(datatype='i8', g=8, seq_len_q=376, seq_len_k=249, num_heads_q=16, num_heads_kv=4, head_dim_qk=34, head_dim_v=110, with_attn_scale=True, with_attn_bias=False, trans_q=True, trans_k=False, trans_v=True, trans_o=False, causal=True, return_lse=True, split_kv=1, current_seqlen=None, arch='gfx1100', chip='gfx1100', num_cu=70, num_chiplets=1, perfconfig='attn:v1:64,256,16,2,1,8,0,1,3,0,2')
----------------------------------------------------------------------------------------------------
PASS: AttentionConfiguration(datatype='f16', g=6, seq_len_q=85, seq_len_k=178, num_heads_q=128, num_heads_kv=4, head_dim_qk=71, head_dim_v=249, with_attn_scale=True, with_attn_bias=True, trans_q=False, trans_k=False, trans_v=True, trans_o=False, causal=True, return_lse=True, split_kv=1, current_seqlen=None, arch='gfx1100', chip='gfx1100', num_cu=70, num_chiplets=1, perfconfig='attn:v1:32,64,16,2,1,16,16,1,2,8,1')
----------------------------------------------------------------------------------------------------
FAIL: AttentionConfiguration(datatype='i8', g=2, seq_len_q=1, seq_len_k=1079, num_heads_q=64, num_heads_kv=2, head_dim_qk=156, head_dim_v=227, with_attn_scale=False, with_attn_bias=True, trans_q=True, trans_k=True, trans_v=False, trans_o=True, causal=False, return_lse=True, split_kv=16, current_seqlen=[395, 674], arch='gfx1100', chip='gfx1100', num_cu=70, num_chiplets=1, perfconfig='attn:v1:256,32,16,2,1,1,0,1,2,1,0')
Lowering rejected config as not applicable
Command line = -operation attention -t i8 --arch gfx1100 --num_cu 70 --num_chiplets 1 -g 7 -seq_len_q 537 -seq_len_k 6 -num_heads_q 32 -num_heads_kv 8 -head_dim_qk 32 -head_dim_v 195 -with-attn-scale=True -with-attn-bias=False -transQ=True -transK=True -transV=True -transO=False -causal=False -return_lse=False -split_kv=1 --perf_config=attn:v1:32,256,32,2,1,16,16,1,1,2,2 -pv
Errors = loc("<stdin>":23:1): error: ttg.shared (131072) exceeds LDS limit (65536) for amdgcn-amd-amdhsa:gfx1100
Lowering not applicable.

----------------------------------------------------------------------------------------------------
NOT_APPLICABLE: AttentionConfiguration(datatype='i8', g=7, seq_len_q=537, seq_len_k=6, num_heads_q=32, num_heads_kv=8, head_dim_qk=32, head_dim_v=195, with_attn_scale=True, with_attn_bias=False, trans_q=True, trans_k=True, trans_v=True, trans_o=False, causal=False, return_lse=False, split_kv=1, current_seqlen=None, arch='gfx1100', chip='gfx1100', num_cu=70, num_chiplets=1, perfconfig='attn:v1:32,256,32,2,1,16,16,1,1,2,2')
Lowering rejected config as not applicable
Command line = -operation attention -t bf16 --arch gfx1100 --num_cu 70 --num_chiplets 1 -g 3 -seq_len_q 22 -seq_len_k 199 -num_heads_q 8 -num_heads_kv 2 -head_dim_qk 172 -head_dim_v 40 -with-attn-scale=False -with-attn-bias=True -transQ=False -transK=False -transV=False -transO=False -causal=True -return_lse=True -split_kv=32 --perf_config=attn:v1:256,128,128,2,1,16,16,1,2,0,1 -pv -RMS_threshold 1e-2
Errors = loc("<stdin>":26:1): error: ttg.shared (98304) exceeds LDS limit (65536) for amdgcn-amd-amdhsa:gfx1100
Lowering not applicable.

----------------------------------------------------------------------------------------------------
NOT_APPLICABLE: AttentionConfiguration(datatype='bf16', g=3, seq_len_q=22, seq_len_k=199, num_heads_q=8, num_heads_kv=2, head_dim_qk=172, head_dim_v=40, with_attn_scale=False, with_attn_bias=True, trans_q=False, trans_k=False, trans_v=False, trans_o=False, causal=True, return_lse=True, split_kv=32, current_seqlen=None, arch='gfx1100', chip='gfx1100', num_cu=70, num_chiplets=1, perfconfig='attn:v1:256,128,128,2,1,16,16,1,2,0,1')
----------------------------------------------------------------------------------------------------
PASS: AttentionConfiguration(datatype='bf16', g=2, seq_len_q=40, seq_len_k=1792, num_heads_q=1, num_heads_kv=1, head_dim_qk=132, head_dim_v=38, with_attn_scale=False, with_attn_bias=True, trans_q=True, trans_k=True, trans_v=False, trans_o=True, causal=True, return_lse=False, split_kv=1, current_seqlen=None, arch='gfx1100', chip='gfx1100', num_cu=70, num_chiplets=1, perfconfig='attn:v1:64,16,32,1,1,16,16,1,2,0,0')
----------------------------------------------------------------------------------------------------
PASS: AttentionConfiguration(datatype='f16', g=6, seq_len_q=1, seq_len_k=344, num_heads_q=64, num_heads_kv=2, head_dim_qk=206, head_dim_v=149, with_attn_scale=False, with_attn_bias=False, trans_q=False, trans_k=True, trans_v=True, trans_o=True, causal=False, return_lse=True, split_kv=1, current_seqlen=[143, 244, 58, 195, 150, 96], arch='gfx1100', chip='gfx1100', num_cu=70, num_chiplets=1, perfconfig='attn:v1:32,16,32,2,1,8,32,1,3,2,1')
Lowering rejected config as not applicable
Command line = -operation attention -t f16 --arch gfx1100 --num_cu 70 --num_chiplets 1 -g 4 -seq_len_q 488 -seq_len_k 514 -num_heads_q 64 -num_heads_kv 16 -head_dim_qk 32 -head_dim_v 12 -with-attn-scale=False -with-attn-bias=False -transQ=False -transK=False -transV=False -transO=True -causal=True -return_lse=False -split_kv=1 --perf_config=attn:v1:32,256,64,2,1,2,0,1,3,1,4 -pv
Errors = loc("<stdin>":18:1): error: ttg.shared (81920) exceeds LDS limit (65536) for amdgcn-amd-amdhsa:gfx1100
Lowering not applicable.

----------------------------------------------------------------------------------------------------
NOT_APPLICABLE: AttentionConfiguration(datatype='f16', g=4, seq_len_q=488, seq_len_k=514, num_heads_q=64, num_heads_kv=16, head_dim_qk=32, head_dim_v=12, with_attn_scale=False, with_attn_bias=False, trans_q=False, trans_k=False, trans_v=False, trans_o=True, causal=True, return_lse=False, split_kv=1, current_seqlen=None, arch='gfx1100', chip='gfx1100', num_cu=70, num_chiplets=1, perfconfig='attn:v1:32,256,64,2,1,2,0,1,3,1,4')
FAIL: Runner returned incorrect result
Config = AttentionConfiguration(datatype='bf16', g=1, seq_len_q=1, seq_len_k=633, num_heads_q=1, num_heads_kv=1, head_dim_qk=20, head_dim_v=86, with_attn_scale=True, with_attn_bias=False, trans_q=False, trans_k=False, trans_v=True, trans_o=False, causal=False, return_lse=False, split_kv=1, current_seqlen=[581], arch='gfx1100', chip='gfx1100', num_cu=70, num_chiplets=1, perfconfig='attn:v1:128,64,128,2,1,16,0,1,1,0,1')
Command line = -operation attention -t bf16 --arch gfx1100 --num_cu 70 --num_chiplets 1 -g 1 -seq_len_q 1 -seq_len_k 633 -num_heads_q 1 -num_heads_kv 1 -head_dim_qk 20 -head_dim_v 86 -with-attn-scale=True -with-attn-bias=False -transQ=False -transK=False -transV=True -transO=False -causal=False -return_lse=False -split_kv=1 --perf_config=attn:v1:128,64,128,2,1,16,0,1,1,0,1 --current_seq_len=581 -pv -RMS_threshold 1e-2
Output = Number of elements: 86
maxAbsDiff info: maxAbsDiff = 0.002930 (valNum = -0.12988, gpuNum = -0.13281), average absDiff = 2.9e-03
maxRelDiff info: maxRelDiff = 2.3e-02 (valNum = -0.1298828125, gpuNum = -0.1328125000), average relDiff = 2.3e-02
RMS = 2.2e-02
Histogram of relDiff: 
        relDiff = 0     : 0/86 (0.000000%)
     0 < relDiff < 1e-06: 0/86 (0.000000%)
1e-06 < relDiff <= 1e-05: 0/86 (0.000000%)
1e-05 < relDiff <= 1e-04: 0/86 (0.000000%)
1e-04 < relDiff <= 1e-03: 0/86 (0.000000%)
1e-03 < relDiff <= 1e-02: 0/86 (0.000000%)
1e-02 < relDiff <= 1e-01: 86/86 (100.000000%)
1e-01 < relDiff <= 1e+00: 0/86 (0.000000%)
1e+00 < relDiff < inf   : 0/86 (0.000000%)
        relDiff = inf   : 0/86 (0.000000%)
[0 1 1]

----------------------------------------------------------------------------------------------------
PASS: AttentionConfiguration(datatype='i8', g=6, seq_len_q=1, seq_len_k=474, num_heads_q=64, num_heads_kv=16, head_dim_qk=147, head_dim_v=66, with_attn_scale=True, with_attn_bias=False, trans_q=False, trans_k=True, trans_v=True, trans_o=False, causal=False, return_lse=False, split_kv=1, current_seqlen=[462, 65, 207, 195, 468, 45], arch='gfx1100', chip='gfx1100', num_cu=70, num_chiplets=1, perfconfig='attn:v1:32,16,64,2,1,4,32,1,2,8,0')
----------------------------------------------------------------------------------------------------
PASS: AttentionConfiguration(datatype='bf16', g=6, seq_len_q=1, seq_len_k=293, num_heads_q=64, num_heads_kv=32, head_dim_qk=248, head_dim_v=136, with_attn_scale=False, with_attn_bias=False, trans_q=False, trans_k=False, trans_v=False, trans_o=True, causal=False, return_lse=True, split_kv=2, current_seqlen=[26, 29, 165, 119, 203, 261], arch='gfx1100', chip='gfx1100', num_cu=70, num_chiplets=1, perfconfig='attn:v1:32,16,64,2,1,2,16,1,2,1,1')
----------------------------------------------------------------------------------------------------
PASS: AttentionConfiguration(datatype='bf16', g=5, seq_len_q=79, seq_len_k=706, num_heads_q=32, num_heads_kv=16, head_dim_qk=89, head_dim_v=169, with_attn_scale=True, with_attn_bias=False, trans_q=False, trans_k=True, trans_v=False, trans_o=False, causal=True, return_lse=False, split_kv=1, current_seqlen=None, arch='gfx1100', chip='gfx1100', num_cu=70, num_chiplets=1, perfconfig='attn:v1:32,16,16,2,1,4,0,1,2,2,0')
----------------------------------------------------------------------------------------------------
PASS: AttentionConfiguration(datatype='bf16', g=1, seq_len_q=1, seq_len_k=3573, num_heads_q=1, num_heads_kv=1, head_dim_qk=33, head_dim_v=53, with_attn_scale=True, with_attn_bias=True, trans_q=False, trans_k=True, trans_v=False, trans_o=False, causal=False, return_lse=False, split_kv=1, current_seqlen=[2113], arch='gfx1100', chip='gfx1100', num_cu=70, num_chiplets=1, perfconfig='attn:v1:64,16,32,2,1,8,0,1,3,2,4')
----------------------------------------------------------------------------------------------------
FAIL: AttentionConfiguration(datatype='bf16', g=1, seq_len_q=1, seq_len_k=633, num_heads_q=1, num_heads_kv=1, head_dim_qk=20, head_dim_v=86, with_attn_scale=True, with_attn_bias=False, trans_q=False, trans_k=False, trans_v=True, trans_o=False, causal=False, return_lse=False, split_kv=1, current_seqlen=[581], arch='gfx1100', chip='gfx1100', num_cu=70, num_chiplets=1, perfconfig='attn:v1:128,64,128,2,1,16,0,1,1,0,1')
----------------------------------------------------------------------------------------------------
PASS: AttentionConfiguration(datatype='bf16', g=8, seq_len_q=3, seq_len_k=309, num_heads_q=1, num_heads_kv=1, head_dim_qk=27, head_dim_v=189, with_attn_scale=False, with_attn_bias=False, trans_q=True, trans_k=False, trans_v=True, trans_o=False, causal=True, return_lse=True, split_kv=2, current_seqlen=None, arch='gfx1100', chip='gfx1100', num_cu=70, num_chiplets=1, perfconfig='attn:v1:16,32,16,1,1,1,16,1,1,4,2')
----------------------------------------------------------------------------------------------------
PASS: AttentionConfiguration(datatype='f32', g=1, seq_len_q=37, seq_len_k=4084, num_heads_q=1, num_heads_kv=1, head_dim_qk=165, head_dim_v=47, with_attn_scale=False, with_attn_bias=True, trans_q=True, trans_k=False, trans_v=True, trans_o=False, causal=True, return_lse=False, split_kv=1, current_seqlen=None, arch='gfx1100', chip='gfx1100', num_cu=70, num_chiplets=1, perfconfig='attn:v1:32,32,128,2,1,4,16,1,1,0,2')
----------------------------------------------------------------------------------------------------
PASS: AttentionConfiguration(datatype='bf16', g=5, seq_len_q=508, seq_len_k=509, num_heads_q=8, num_heads_kv=4, head_dim_qk=21, head_dim_v=186, with_attn_scale=True, with_attn_bias=False, trans_q=False, trans_k=True, trans_v=True, trans_o=False, causal=True, return_lse=False, split_kv=1, current_seqlen=None, arch='gfx1100', chip='gfx1100', num_cu=70, num_chiplets=1, perfconfig='attn:v1:64,64,32,2,1,16,16,1,1,2,0')
----------------------------------------------------------------------------------------------------
PASS: AttentionConfiguration(datatype='bf16', g=4, seq_len_q=1, seq_len_k=813, num_heads_q=1, num_heads_kv=1, head_dim_qk=70, head_dim_v=77, with_attn_scale=True, with_attn_bias=True, trans_q=False, trans_k=False, trans_v=False, trans_o=False, causal=False, return_lse=False, split_kv=1, current_seqlen=[355, 71, 718, 417], arch='gfx1100', chip='gfx1100', num_cu=70, num_chiplets=1, perfconfig='attn:v1:16,128,32,1,1,1,32,1,2,0,8')
----------------------------------------------------------------------------------------------------
PASS: AttentionConfiguration(datatype='i8', g=6, seq_len_q=389, seq_len_k=232, num_heads_q=32, num_heads_kv=2, head_dim_qk=225, head_dim_v=114, with_attn_scale=True, with_attn_bias=False, trans_q=True, trans_k=False, trans_v=False, trans_o=True, causal=True, return_lse=True, split_kv=1, current_seqlen=None, arch='gfx1100', chip='gfx1100', num_cu=70, num_chiplets=1, perfconfig='attn:v1:64,32,128,1,1,1,32,1,1,1,4')
----------------------------------------------------------------------------------------------------
PASS: AttentionConfiguration(datatype='f32', g=6, seq_len_q=1, seq_len_k=374, num_heads_q=16, num_heads_kv=2, head_dim_qk=113, head_dim_v=64, with_attn_scale=False, with_attn_bias=True, trans_q=False, trans_k=False, trans_v=False, trans_o=True, causal=False, return_lse=False, split_kv=1, current_seqlen=[285, 290, 305, 106, 205, 127], arch='gfx1100', chip='gfx1100', num_cu=70, num_chiplets=1, perfconfig='attn:v1:128,128,32,1,1,4,16,1,1,1,8')
Lowering rejected config as not applicable
Command line = -operation attention -t bf16 --arch gfx1100 --num_cu 70 --num_chiplets 1 -g 3 -seq_len_q 189 -seq_len_k 1295 -num_heads_q 1 -num_heads_kv 1 -head_dim_qk 230 -head_dim_v 140 -with-attn-scale=True -with-attn-bias=False -transQ=False -transK=True -transV=False -transO=False -causal=False -return_lse=False -split_kv=1 --perf_config=attn:v1:256,16,128,2,1,16,32,1,3,2,2 -pv -RMS_threshold 1e-2
Errors = loc("<stdin>":14:1): error: ttg.shared (139264) exceeds LDS limit (65536) for amdgcn-amd-amdhsa:gfx1100
Lowering not applicable.

----------------------------------------------------------------------------------------------------
NOT_APPLICABLE: AttentionConfiguration(datatype='bf16', g=3, seq_len_q=189, seq_len_k=1295, num_heads_q=1, num_heads_kv=1, head_dim_qk=230, head_dim_v=140, with_attn_scale=True, with_attn_bias=False, trans_q=False, trans_k=True, trans_v=False, trans_o=False, causal=False, return_lse=False, split_kv=1, current_seqlen=None, arch='gfx1100', chip='gfx1100', num_cu=70, num_chiplets=1, perfconfig='attn:v1:256,16,128,2,1,16,32,1,3,2,2')
----------------------------------------------------------------------------------------------------
PASS: AttentionConfiguration(datatype='f16', g=3, seq_len_q=4, seq_len_k=1116, num_heads_q=1, num_heads_kv=1, head_dim_qk=50, head_dim_v=191, with_attn_scale=False, with_attn_bias=True, trans_q=True, trans_k=True, trans_v=False, trans_o=True, causal=False, return_lse=False, split_kv=1, current_seqlen=None, arch='gfx1100', chip='gfx1100', num_cu=70, num_chiplets=1, perfconfig='attn:v1:32,16,16,2,1,16,32,1,1,0,2')
----------------------------------------------------------------------------------------------------
PASS: AttentionConfiguration(datatype='i8', g=8, seq_len_q=116, seq_len_k=458, num_heads_q=1, num_heads_kv=1, head_dim_qk=157, head_dim_v=23, with_attn_scale=False, with_attn_bias=False, trans_q=False, trans_k=True, trans_v=False, trans_o=True, causal=True, return_lse=False, split_kv=1, current_seqlen=None, arch='gfx1100', chip='gfx1100', num_cu=70, num_chiplets=1, perfconfig='attn:v1:64,16,16,2,1,1,16,1,3,4,2')
----------------------------------------------------------------------------------------------------
PASS: AttentionConfiguration(datatype='f32', g=8, seq_len_q=1, seq_len_k=259, num_heads_q=1, num_heads_kv=1, head_dim_qk=137, head_dim_v=231, with_attn_scale=True, with_attn_bias=True, trans_q=True, trans_k=False, trans_v=True, trans_o=False, causal=False, return_lse=True, split_kv=32, current_seqlen=[16, 227, 191, 85, 207, 17, 38, 142], arch='gfx1100', chip='gfx1100', num_cu=70, num_chiplets=1, perfconfig='attn:v1:32,32,16,2,1,16,32,1,3,2,4')
----------------------------------------------------------------------------------------------------
PASS: AttentionConfiguration(datatype='bf16', g=4, seq_len_q=1, seq_len_k=89, num_heads_q=1, num_heads_kv=1, head_dim_qk=52, head_dim_v=39, with_attn_scale=False, with_attn_bias=True, trans_q=True, trans_k=True, trans_v=False, trans_o=True, causal=False, return_lse=True, split_kv=8, current_seqlen=[41, 5, 11, 75], arch='gfx1100', chip='gfx1100', num_cu=70, num_chiplets=1, perfconfig='attn:v1:16,32,128,2,1,2,16,1,2,8,8')
Lowering rejected config as not applicable
Command line = -operation attention -t f16 --arch gfx1100 --num_cu 70 --num_chiplets 1 -g 5 -seq_len_q 1 -seq_len_k 731 -num_heads_q 16 -num_heads_kv 8 -head_dim_qk 136 -head_dim_v 46 -with-attn-scale=False -with-attn-bias=False -transQ=False -transK=True -transV=True -transO=True -causal=False -return_lse=False -split_kv=1 --perf_config=attn:v1:64,256,128,1,1,2,32,1,3,2,4 --current_seq_len=606,369,688,485,338 -pv
Errors = loc("<stdin>":26:1): error: ttg.shared (163840) exceeds LDS limit (65536) for amdgcn-amd-amdhsa:gfx1100
Lowering not applicable.

----------------------------------------------------------------------------------------------------
NOT_APPLICABLE: AttentionConfiguration(datatype='f16', g=5, seq_len_q=1, seq_len_k=731, num_heads_q=16, num_heads_kv=8, head_dim_qk=136, head_dim_v=46, with_attn_scale=False, with_attn_bias=False, trans_q=False, trans_k=True, trans_v=True, trans_o=True, causal=False, return_lse=False, split_kv=1, current_seqlen=[606, 369, 688, 485, 338], arch='gfx1100', chip='gfx1100', num_cu=70, num_chiplets=1, perfconfig='attn:v1:64,256,128,1,1,2,32,1,3,2,4')
Lowering rejected config as not applicable
Command line = -operation attention -t f32 --arch gfx1100 --num_cu 70 --num_chiplets 1 -g 3 -seq_len_q 1 -seq_len_k 645 -num_heads_q 1 -num_heads_kv 1 -head_dim_qk 147 -head_dim_v 172 -with-attn-scale=False -with-attn-bias=True -transQ=False -transK=True -transV=True -transO=True -causal=False -return_lse=True -split_kv=8 --perf_config=attn:v1:256,128,64,2,1,1,32,1,3,4,2 --current_seq_len=243,214,529 -pv -relDiff_threshold 1e-4
Errors = loc("<stdin>":29:1): error: ttg.shared (196608) exceeds LDS limit (65536) for amdgcn-amd-amdhsa:gfx1100
Lowering not applicable.

----------------------------------------------------------------------------------------------------
NOT_APPLICABLE: AttentionConfiguration(datatype='f32', g=3, seq_len_q=1, seq_len_k=645, num_heads_q=1, num_heads_kv=1, head_dim_qk=147, head_dim_v=172, with_attn_scale=False, with_attn_bias=True, trans_q=False, trans_k=True, trans_v=True, trans_o=True, causal=False, return_lse=True, split_kv=8, current_seqlen=[243, 214, 529], arch='gfx1100', chip='gfx1100', num_cu=70, num_chiplets=1, perfconfig='attn:v1:256,128,64,2,1,1,32,1,3,4,2')
----------------------------------------------------------------------------------------------------
PASS: AttentionConfiguration(datatype='i8', g=8, seq_len_q=1, seq_len_k=436, num_heads_q=1, num_heads_kv=1, head_dim_qk=247, head_dim_v=190, with_attn_scale=True, with_attn_bias=True, trans_q=True, trans_k=True, trans_v=False, trans_o=True, causal=False, return_lse=True, split_kv=4, current_seqlen=[412, 264, 5, 344, 231, 345, 34, 321], arch='gfx1100', chip='gfx1100', num_cu=70, num_chiplets=1, perfconfig='attn:v1:256,16,16,2,1,2,16,1,2,0,0')
Lowering rejected config as not applicable
Command line = -operation attention -t f32 --arch gfx1100 --num_cu 70 --num_chiplets 1 -g 1 -seq_len_q 1 -seq_len_k 2071 -num_heads_q 16 -num_heads_kv 2 -head_dim_qk 254 -head_dim_v 43 -with-attn-scale=True -with-attn-bias=False -transQ=False -transK=False -transV=False -transO=False -causal=False -return_lse=True -split_kv=8 --perf_config=attn:v1:16,256,64,2,1,1,16,1,2,0,4 --current_seq_len=1435 -pv -relDiff_threshold 1e-4
Errors = loc("<stdin>":32:1): error: ttg.shared (69632) exceeds LDS limit (65536) for amdgcn-amd-amdhsa:gfx1100
Lowering not applicable.

----------------------------------------------------------------------------------------------------
NOT_APPLICABLE: AttentionConfiguration(datatype='f32', g=1, seq_len_q=1, seq_len_k=2071, num_heads_q=16, num_heads_kv=2, head_dim_qk=254, head_dim_v=43, with_attn_scale=True, with_attn_bias=False, trans_q=False, trans_k=False, trans_v=False, trans_o=False, causal=False, return_lse=True, split_kv=8, current_seqlen=[1435], arch='gfx1100', chip='gfx1100', num_cu=70, num_chiplets=1, perfconfig='attn:v1:16,256,64,2,1,1,16,1,2,0,4')
Lowering rejected config as not applicable
Command line = -operation attention -t i8 --arch gfx1100 --num_cu 70 --num_chiplets 1 -g 3 -seq_len_q 354 -seq_len_k 611 -num_heads_q 1 -num_heads_kv 1 -head_dim_qk 28 -head_dim_v 124 -with-attn-scale=True -with-attn-bias=True -transQ=False -transK=True -transV=False -transO=True -causal=True -return_lse=True -split_kv=1 --perf_config=attn:v1:64,128,128,2,1,4,16,1,2,0,8 -pv
Errors = loc("<stdin>":23:1): error: ttg.shared (81920) exceeds LDS limit (65536) for amdgcn-amd-amdhsa:gfx1100
Lowering not applicable.

----------------------------------------------------------------------------------------------------
NOT_APPLICABLE: AttentionConfiguration(datatype='i8', g=3, seq_len_q=354, seq_len_k=611, num_heads_q=1, num_heads_kv=1, head_dim_qk=28, head_dim_v=124, with_attn_scale=True, with_attn_bias=True, trans_q=False, trans_k=True, trans_v=False, trans_o=True, causal=True, return_lse=True, split_kv=1, current_seqlen=None, arch='gfx1100', chip='gfx1100', num_cu=70, num_chiplets=1, perfconfig='attn:v1:64,128,128,2,1,4,16,1,2,0,8')
----------------------------------------------------------------------------------------------------
PASS: AttentionConfiguration(datatype='f32', g=7, seq_len_q=243, seq_len_k=137, num_heads_q=1, num_heads_kv=1, head_dim_qk=202, head_dim_v=36, with_attn_scale=True, with_attn_bias=False, trans_q=True, trans_k=True, trans_v=True, trans_o=True, causal=True, return_lse=False, split_kv=1, current_seqlen=None, arch='gfx1100', chip='gfx1100', num_cu=70, num_chiplets=1, perfconfig='attn:v1:16,16,16,2,1,16,0,1,2,2,8')
----------------------------------------------------------------------------------------------------
PASS: AttentionConfiguration(datatype='i8', g=8, seq_len_q=1, seq_len_k=509, num_heads_q=1, num_heads_kv=1, head_dim_qk=120, head_dim_v=57, with_attn_scale=False, with_attn_bias=True, trans_q=False, trans_k=False, trans_v=False, trans_o=True, causal=False, return_lse=True, split_kv=16, current_seqlen=[32, 94, 288, 473, 270, 304, 62, 130], arch='gfx1100', chip='gfx1100', num_cu=70, num_chiplets=1, perfconfig='attn:v1:256,16,64,1,1,16,0,1,1,0,1')
----------------------------------------------------------------------------------------------------
PASS: AttentionConfiguration(datatype='f32', g=8, seq_len_q=216, seq_len_k=406, num_heads_q=16, num_heads_kv=2, head_dim_qk=123, head_dim_v=43, with_attn_scale=False, with_attn_bias=False, trans_q=False, trans_k=True, trans_v=True, trans_o=True, causal=False, return_lse=True, split_kv=2, current_seqlen=None, arch='gfx1100', chip='gfx1100', num_cu=70, num_chiplets=1, perfconfig='attn:v1:128,16,32,2,1,16,16,1,2,4,0')
----------------------------------------------------------------------------------------------------
PASS: AttentionConfiguration(datatype='i8', g=2, seq_len_q=1, seq_len_k=733, num_heads_q=1, num_heads_kv=1, head_dim_qk=187, head_dim_v=235, with_attn_scale=False, with_attn_bias=True, trans_q=False, trans_k=False, trans_v=False, trans_o=False, causal=False, return_lse=False, split_kv=1, current_seqlen=[225, 371], arch='gfx1100', chip='gfx1100', num_cu=70, num_chiplets=1, perfconfig='attn:v1:128,128,64,2,1,8,32,1,2,0,0')
----------------------------------------------------------------------------------------------------
PASS: AttentionConfiguration(datatype='f32', g=6, seq_len_q=507, seq_len_k=213, num_heads_q=64, num_heads_kv=4, head_dim_qk=131, head_dim_v=54, with_attn_scale=False, with_attn_bias=False, trans_q=False, trans_k=False, trans_v=False, trans_o=True, causal=True, return_lse=True, split_kv=1, current_seqlen=None, arch='gfx1100', chip='gfx1100', num_cu=70, num_chiplets=1, perfconfig='attn:v1:64,32,16,2,1,8,32,1,1,4,4')
Lowering rejected config as not applicable
Command line = -operation attention -t f32 --arch gfx1100 --num_cu 70 --num_chiplets 1 -g 8 -seq_len_q 106 -seq_len_k 214 -num_heads_q 64 -num_heads_kv 4 -head_dim_qk 37 -head_dim_v 226 -with-attn-scale=True -with-attn-bias=True -transQ=True -transK=True -transV=False -transO=False -causal=False -return_lse=False -split_kv=1 --perf_config=attn:v1:128,256,128,2,1,2,0,1,2,0,4 -pv -relDiff_threshold 1e-4
Errors = loc("<stdin>":19:1): error: ttg.shared (262144) exceeds LDS limit (65536) for amdgcn-amd-amdhsa:gfx1100
Lowering not applicable.

----------------------------------------------------------------------------------------------------
NOT_APPLICABLE: AttentionConfiguration(datatype='f32', g=8, seq_len_q=106, seq_len_k=214, num_heads_q=64, num_heads_kv=4, head_dim_qk=37, head_dim_v=226, with_attn_scale=True, with_attn_bias=True, trans_q=True, trans_k=True, trans_v=False, trans_o=False, causal=False, return_lse=False, split_kv=1, current_seqlen=None, arch='gfx1100', chip='gfx1100', num_cu=70, num_chiplets=1, perfconfig='attn:v1:128,256,128,2,1,2,0,1,2,0,4')
Lowering rejected config as not applicable
Command line = -operation attention -t i8 --arch gfx1100 --num_cu 70 --num_chiplets 1 -g 4 -seq_len_q 602 -seq_len_k 68 -num_heads_q 64 -num_heads_kv 16 -head_dim_qk 215 -head_dim_v 27 -with-attn-scale=False -with-attn-bias=False -transQ=True -transK=True -transV=False -transO=True -causal=True -return_lse=False -split_kv=1 --perf_config=attn:v1:256,128,128,2,1,16,0,1,3,4,0 -pv
Errors = loc("<stdin>":22:1): error: ttg.shared (131072) exceeds LDS limit (65536) for amdgcn-amd-amdhsa:gfx1100
Lowering not applicable.

----------------------------------------------------------------------------------------------------
NOT_APPLICABLE: AttentionConfiguration(datatype='i8', g=4, seq_len_q=602, seq_len_k=68, num_heads_q=64, num_heads_kv=16, head_dim_qk=215, head_dim_v=27, with_attn_scale=False, with_attn_bias=False, trans_q=True, trans_k=True, trans_v=False, trans_o=True, causal=True, return_lse=False, split_kv=1, current_seqlen=None, arch='gfx1100', chip='gfx1100', num_cu=70, num_chiplets=1, perfconfig='attn:v1:256,128,128,2,1,16,0,1,3,4,0')
----------------------------------------------------------------------------------------------------
PASS: AttentionConfiguration(datatype='i8', g=1, seq_len_q=20, seq_len_k=2826, num_heads_q=1, num_heads_kv=1, head_dim_qk=89, head_dim_v=102, with_attn_scale=False, with_attn_bias=True, trans_q=True, trans_k=False, trans_v=True, trans_o=True, causal=True, return_lse=False, split_kv=1, current_seqlen=None, arch='gfx1100', chip='gfx1100', num_cu=70, num_chiplets=1, perfconfig='attn:v1:16,32,64,2,1,16,16,1,1,8,2')
----------------------------------------------------------------------------------------------------
PASS: AttentionConfiguration(datatype='i8', g=2, seq_len_q=171, seq_len_k=380, num_heads_q=1, num_heads_kv=1, head_dim_qk=64, head_dim_v=231, with_attn_scale=True, with_attn_bias=True, trans_q=True, trans_k=True, trans_v=False, trans_o=False, causal=False, return_lse=False, split_kv=1, current_seqlen=None, arch='gfx1100', chip='gfx1100', num_cu=70, num_chiplets=1, perfconfig='attn:v1:64,32,16,2,1,8,32,1,2,2,0')
----------------------------------------------------------------------------------------------------
PASS: AttentionConfiguration(datatype='bf16', g=2, seq_len_q=303, seq_len_k=167, num_heads_q=1, num_heads_kv=1, head_dim_qk=120, head_dim_v=82, with_attn_scale=False, with_attn_bias=True, trans_q=False, trans_k=False, trans_v=False, trans_o=False, causal=False, return_lse=False, split_kv=1, current_seqlen=None, arch='gfx1100', chip='gfx1100', num_cu=70, num_chiplets=1, perfconfig='attn:v1:64,32,64,1,1,4,0,1,1,2,0')
----------------------------------------------------------------------------------------------------
PASS: AttentionConfiguration(datatype='bf16', g=1, seq_len_q=201, seq_len_k=1263, num_heads_q=8, num_heads_kv=4, head_dim_qk=180, head_dim_v=113, with_attn_scale=True, with_attn_bias=False, trans_q=False, trans_k=False, trans_v=False, trans_o=True, causal=True, return_lse=False, split_kv=1, current_seqlen=None, arch='gfx1100', chip='gfx1100', num_cu=70, num_chiplets=1, perfconfig='attn:v1:16,32,16,2,1,8,32,1,1,2,4')
----------------------------------------------------------------------------------------------------
PASS: AttentionConfiguration(datatype='f16', g=5, seq_len_q=1, seq_len_k=214, num_heads_q=16, num_heads_kv=2, head_dim_qk=127, head_dim_v=41, with_attn_scale=False, with_attn_bias=True, trans_q=True, trans_k=False, trans_v=False, trans_o=True, causal=False, return_lse=True, split_kv=8, current_seqlen=[191, 44, 17, 116, 93], arch='gfx1100', chip='gfx1100', num_cu=70, num_chiplets=1, perfconfig='attn:v1:32,32,32,2,1,1,0,1,1,0,8')
----------------------------------------------------------------------------------------------------
PASS: AttentionConfiguration(datatype='i8', g=6, seq_len_q=1, seq_len_k=131, num_heads_q=128, num_heads_kv=2, head_dim_qk=104, head_dim_v=150, with_attn_scale=False, with_attn_bias=False, trans_q=True, trans_k=True, trans_v=False, trans_o=False, causal=False, return_lse=False, split_kv=1, current_seqlen=[21, 14, 45, 42, 101, 36], arch='gfx1100', chip='gfx1100', num_cu=70, num_chiplets=1, perfconfig='attn:v1:64,128,64,2,1,2,16,1,2,8,2')
Lowering rejected config as not applicable
Command line = -operation attention -t i8 --arch gfx1100 --num_cu 70 --num_chiplets 1 -g 1 -seq_len_q 56 -seq_len_k 2372 -num_heads_q 64 -num_heads_kv 16 -head_dim_qk 206 -head_dim_v 234 -with-attn-scale=True -with-attn-bias=False -transQ=False -transK=True -transV=True -transO=True -causal=False -return_lse=False -split_kv=1 --perf_config=attn:v1:256,256,64,2,1,2,0,1,2,1,2 -pv
Errors = loc("<stdin>":23:1): error: ttg.shared (131072) exceeds LDS limit (65536) for amdgcn-amd-amdhsa:gfx1100
Lowering not applicable.

----------------------------------------------------------------------------------------------------
NOT_APPLICABLE: AttentionConfiguration(datatype='i8', g=1, seq_len_q=56, seq_len_k=2372, num_heads_q=64, num_heads_kv=16, head_dim_qk=206, head_dim_v=234, with_attn_scale=True, with_attn_bias=False, trans_q=False, trans_k=True, trans_v=True, trans_o=True, causal=False, return_lse=False, split_kv=1, current_seqlen=None, arch='gfx1100', chip='gfx1100', num_cu=70, num_chiplets=1, perfconfig='attn:v1:256,256,64,2,1,2,0,1,2,1,2')
Lowering rejected config as not applicable
Command line = -operation attention -t f32 --arch gfx1100 --num_cu 70 --num_chiplets 1 -g 3 -seq_len_q 471 -seq_len_k 496 -num_heads_q 16 -num_heads_kv 8 -head_dim_qk 192 -head_dim_v 126 -with-attn-scale=False -with-attn-bias=False -transQ=False -transK=False -transV=False -transO=True -causal=False -return_lse=True -split_kv=8 --perf_config=attn:v1:64,128,64,2,1,16,32,1,3,1,1 -pv -relDiff_threshold 1e-4
Errors = loc("<stdin>":23:1): error: ttg.shared (98304) exceeds LDS limit (65536) for amdgcn-amd-amdhsa:gfx1100
Lowering not applicable.

FAIL: Runner returned incorrect result
Config = AttentionConfiguration(datatype='i8', g=4, seq_len_q=459, seq_len_k=213, num_heads_q=1, num_heads_kv=1, head_dim_qk=54, head_dim_v=96, with_attn_scale=False, with_attn_bias=False, trans_q=True, trans_k=False, trans_v=True, trans_o=False, causal=False, return_lse=True, split_kv=16, current_seqlen=None, arch='gfx1100', chip='gfx1100', num_cu=70, num_chiplets=1, perfconfig='attn:v1:16,256,16,1,1,4,32,1,1,0,0')
Command line = -operation attention -t i8 --arch gfx1100 --num_cu 70 --num_chiplets 1 -g 4 -seq_len_q 459 -seq_len_k 213 -num_heads_q 1 -num_heads_kv 1 -head_dim_qk 54 -head_dim_v 96 -with-attn-scale=False -with-attn-bias=False -transQ=True -transK=False -transV=True -transO=False -causal=False -return_lse=True -split_kv=16 --perf_config=attn:v1:16,256,16,1,1,4,32,1,1,0,0 -pv
Output = Number of elements: 2820096
maxAbsDiff info: maxAbsDiff = 0.000000 (valNum = 0.00000, gpuNum = 0.00000), average absDiff = nan
maxRelDiff info: maxRelDiff = 0.0e+00 (valNum = 0.0000000000, gpuNum = 0.0000000000), average relDiff = nan
RMS = nan
Histogram of relDiff: 
        relDiff = 0     : 0/2820096 (0.000000%)
     0 < relDiff < 1e-06: 2820096/2820096 (100.000000%)
1e-06 < relDiff <= 1e-05: 0/2820096 (0.000000%)
1e-05 < relDiff <= 1e-04: 0/2820096 (0.000000%)
1e-04 < relDiff <= 1e-03: 0/2820096 (0.000000%)
1e-03 < relDiff <= 1e-02: 0/2820096 (0.000000%)
1e-02 < relDiff <= 1e-01: 0/2820096 (0.000000%)
1e-01 < relDiff <= 1e+00: 0/2820096 (0.000000%)
1e+00 < relDiff < inf   : 0/2820096 (0.000000%)
        relDiff = inf   : 0/2820096 (0.000000%)
[0 1 1]

----------------------------------------------------------------------------------------------------
NOT_APPLICABLE: AttentionConfiguration(datatype='f32', g=3, seq_len_q=471, seq_len_k=496, num_heads_q=16, num_heads_kv=8, head_dim_qk=192, head_dim_v=126, with_attn_scale=False, with_attn_bias=False, trans_q=False, trans_k=False, trans_v=False, trans_o=True, causal=False, return_lse=True, split_kv=8, current_seqlen=None, arch='gfx1100', chip='gfx1100', num_cu=70, num_chiplets=1, perfconfig='attn:v1:64,128,64,2,1,16,32,1,3,1,1')
Lowering rejected config as not applicable
Command line = -operation attention -t bf16 --arch gfx1100 --num_cu 70 --num_chiplets 1 -g 6 -seq_len_q 465 -seq_len_k 112 -num_heads_q 1 -num_heads_kv 1 -head_dim_qk 248 -head_dim_v 231 -with-attn-scale=False -with-attn-bias=False -transQ=False -transK=True -transV=True -transO=False -causal=False -return_lse=True -split_kv=32 --perf_config=attn:v1:64,256,16,1,1,8,16,1,1,2,1 -pv -RMS_threshold 1e-2
Errors = loc("<stdin>":22:1): error: ttg.shared (131072) exceeds LDS limit (65536) for amdgcn-amd-amdhsa:gfx1100
Lowering not applicable.

----------------------------------------------------------------------------------------------------
NOT_APPLICABLE: AttentionConfiguration(datatype='bf16', g=6, seq_len_q=465, seq_len_k=112, num_heads_q=1, num_heads_kv=1, head_dim_qk=248, head_dim_v=231, with_attn_scale=False, with_attn_bias=False, trans_q=False, trans_k=True, trans_v=True, trans_o=False, causal=False, return_lse=True, split_kv=32, current_seqlen=None, arch='gfx1100', chip='gfx1100', num_cu=70, num_chiplets=1, perfconfig='attn:v1:64,256,16,1,1,8,16,1,1,2,1')
----------------------------------------------------------------------------------------------------
PASS: AttentionConfiguration(datatype='bf16', g=4, seq_len_q=1, seq_len_k=1003, num_heads_q=128, num_heads_kv=32, head_dim_qk=184, head_dim_v=231, with_attn_scale=True, with_attn_bias=False, trans_q=True, trans_k=True, trans_v=True, trans_o=False, causal=False, return_lse=True, split_kv=32, current_seqlen=[526, 137, 40, 775], arch='gfx1100', chip='gfx1100', num_cu=70, num_chiplets=1, perfconfig='attn:v1:16,16,16,1,1,2,0,1,1,2,2')
----------------------------------------------------------------------------------------------------
FAIL: AttentionConfiguration(datatype='i8', g=4, seq_len_q=459, seq_len_k=213, num_heads_q=1, num_heads_kv=1, head_dim_qk=54, head_dim_v=96, with_attn_scale=False, with_attn_bias=False, trans_q=True, trans_k=False, trans_v=True, trans_o=False, causal=False, return_lse=True, split_kv=16, current_seqlen=None, arch='gfx1100', chip='gfx1100', num_cu=70, num_chiplets=1, perfconfig='attn:v1:16,256,16,1,1,4,32,1,1,0,0')
----------------------------------------------------------------------------------------------------
PASS: AttentionConfiguration(datatype='f16', g=4, seq_len_q=182, seq_len_k=45, num_heads_q=1, num_heads_kv=1, head_dim_qk=233, head_dim_v=93, with_attn_scale=False, with_attn_bias=True, trans_q=True, trans_k=False, trans_v=True, trans_o=True, causal=False, return_lse=False, split_kv=1, current_seqlen=None, arch='gfx1100', chip='gfx1100', num_cu=70, num_chiplets=1, perfconfig='attn:v1:64,16,64,1,1,1,0,1,3,1,1')
----------------------------------------------------------------------------------------------------
PASS: AttentionConfiguration(datatype='f32', g=2, seq_len_q=1, seq_len_k=1571, num_heads_q=64, num_heads_kv=8, head_dim_qk=214, head_dim_v=67, with_attn_scale=True, with_attn_bias=True, trans_q=True, trans_k=False, trans_v=True, trans_o=True, causal=False, return_lse=False, split_kv=1, current_seqlen=[489, 1080], arch='gfx1100', chip='gfx1100', num_cu=70, num_chiplets=1, perfconfig='attn:v1:128,32,16,2,1,2,32,1,2,2,8')
----------------------------------------------------------------------------------------------------
PASS: AttentionConfiguration(datatype='f32', g=8, seq_len_q=1, seq_len_k=421, num_heads_q=16, num_heads_kv=4, head_dim_qk=8, head_dim_v=223, with_attn_scale=True, with_attn_bias=False, trans_q=False, trans_k=True, trans_v=True, trans_o=False, causal=False, return_lse=False, split_kv=1, current_seqlen=[228, 194, 190, 168, 107, 297, 269, 372], arch='gfx1100', chip='gfx1100', num_cu=70, num_chiplets=1, perfconfig='attn:v1:32,32,64,1,1,1,32,1,1,1,4')
----------------------------------------------------------------------------------------------------
PASS: AttentionConfiguration(datatype='f32', g=2, seq_len_q=1, seq_len_k=1986, num_heads_q=1, num_heads_kv=1, head_dim_qk=167, head_dim_v=111, with_attn_scale=False, with_attn_bias=True, trans_q=True, trans_k=True, trans_v=False, trans_o=True, causal=False, return_lse=False, split_kv=1, current_seqlen=[503, 1936], arch='gfx1100', chip='gfx1100', num_cu=70, num_chiplets=1, perfconfig='attn:v1:32,128,128,1,1,4,16,1,1,8,0')
Lowering rejected config as not applicable
Command line = -operation attention -t f32 --arch gfx1100 --num_cu 70 --num_chiplets 1 -g 4 -seq_len_q 270 -seq_len_k 564 -num_heads_q 1 -num_heads_kv 1 -head_dim_qk 183 -head_dim_v 198 -with-attn-scale=False -with-attn-bias=False -transQ=True -transK=True -transV=True -transO=False -causal=True -return_lse=False -split_kv=1 --perf_config=attn:v1:256,64,128,1,1,8,32,1,1,0,1 -pv -relDiff_threshold 1e-4
Errors = loc("<stdin>":14:1): error: ttg.shared (131072) exceeds LDS limit (65536) for amdgcn-amd-amdhsa:gfx1100
Lowering not applicable.

----------------------------------------------------------------------------------------------------
NOT_APPLICABLE: AttentionConfiguration(datatype='f32', g=4, seq_len_q=270, seq_len_k=564, num_heads_q=1, num_heads_kv=1, head_dim_qk=183, head_dim_v=198, with_attn_scale=False, with_attn_bias=False, trans_q=True, trans_k=True, trans_v=True, trans_o=False, causal=True, return_lse=False, split_kv=1, current_seqlen=None, arch='gfx1100', chip='gfx1100', num_cu=70, num_chiplets=1, perfconfig='attn:v1:256,64,128,1,1,8,32,1,1,0,1')
----------------------------------------------------------------------------------------------------
PASS: AttentionConfiguration(datatype='bf16', g=8, seq_len_q=1, seq_len_k=12, num_heads_q=1, num_heads_kv=1, head_dim_qk=217, head_dim_v=120, with_attn_scale=True, with_attn_bias=False, trans_q=True, trans_k=True, trans_v=True, trans_o=False, causal=False, return_lse=False, split_kv=1, current_seqlen=[11, 6, 2, 6, 2, 9, 4, 11], arch='gfx1100', chip='gfx1100', num_cu=70, num_chiplets=1, perfconfig='attn:v1:32,256,32,1,1,4,0,1,1,4,2')
----------------------------------------------------------------------------------------------------
PASS: AttentionConfiguration(datatype='f16', g=7, seq_len_q=1, seq_len_k=499, num_heads_q=128, num_heads_kv=16, head_dim_qk=18, head_dim_v=24, with_attn_scale=False, with_attn_bias=True, trans_q=False, trans_k=True, trans_v=False, trans_o=True, causal=False, return_lse=False, split_kv=1, current_seqlen=[456, 333, 420, 258, 416, 424, 308], arch='gfx1100', chip='gfx1100', num_cu=70, num_chiplets=1, perfconfig='attn:v1:16,128,16,2,1,2,0,1,3,2,2')
----------------------------------------------------------------------------------------------------
PASS: AttentionConfiguration(datatype='i8', g=4, seq_len_q=122, seq_len_k=141, num_heads_q=1, num_heads_kv=1, head_dim_qk=144, head_dim_v=126, with_attn_scale=True, with_attn_bias=True, trans_q=False, trans_k=True, trans_v=True, trans_o=False, causal=False, return_lse=False, split_kv=1, current_seqlen=None, arch='gfx1100', chip='gfx1100', num_cu=70, num_chiplets=1, perfconfig='attn:v1:128,128,16,2,1,8,32,1,1,4,2')
Lowering rejected config as not applicable
Command line = -operation attention -t bf16 --arch gfx1100 --num_cu 70 --num_chiplets 1 -g 3 -seq_len_q 1 -seq_len_k 782 -num_heads_q 32 -num_heads_kv 4 -head_dim_qk 115 -head_dim_v 226 -with-attn-scale=False -with-attn-bias=True -transQ=False -transK=False -transV=True -transO=True -causal=False -return_lse=False -split_kv=1 --perf_config=attn:v1:32,128,128,2,1,1,16,1,2,1,2 --current_seq_len=140,703,420 -pv -RMS_threshold 1e-2
Errors = loc("<stdin>":28:1): error: ttg.shared (114688) exceeds LDS limit (65536) for amdgcn-amd-amdhsa:gfx1100
Lowering not applicable.

----------------------------------------------------------------------------------------------------
NOT_APPLICABLE: AttentionConfiguration(datatype='bf16', g=3, seq_len_q=1, seq_len_k=782, num_heads_q=32, num_heads_kv=4, head_dim_qk=115, head_dim_v=226, with_attn_scale=False, with_attn_bias=True, trans_q=False, trans_k=False, trans_v=True, trans_o=True, causal=False, return_lse=False, split_kv=1, current_seqlen=[140, 703, 420], arch='gfx1100', chip='gfx1100', num_cu=70, num_chiplets=1, perfconfig='attn:v1:32,128,128,2,1,1,16,1,2,1,2')
----------------------------------------------------------------------------------------------------
PASS: AttentionConfiguration(datatype='f16', g=3, seq_len_q=200, seq_len_k=1046, num_heads_q=1, num_heads_kv=1, head_dim_qk=80, head_dim_v=140, with_attn_scale=False, with_attn_bias=True, trans_q=True, trans_k=True, trans_v=True, trans_o=False, causal=False, return_lse=False, split_kv=1, current_seqlen=None, arch='gfx1100', chip='gfx1100', num_cu=70, num_chiplets=1, perfconfig='attn:v1:32,128,32,1,1,2,32,1,2,2,0')
----------------------------------------------------------------------------------------------------
PASS: AttentionConfiguration(datatype='i8', g=5, seq_len_q=1, seq_len_k=563, num_heads_q=1, num_heads_kv=1, head_dim_qk=133, head_dim_v=256, with_attn_scale=False, with_attn_bias=True, trans_q=False, trans_k=False, trans_v=False, trans_o=True, causal=False, return_lse=False, split_kv=1, current_seqlen=[239, 561, 116, 197, 517], arch='gfx1100', chip='gfx1100', num_cu=70, num_chiplets=1, perfconfig='attn:v1:64,16,64,1,1,2,0,1,3,2,0')
----------------------------------------------------------------------------------------------------
PASS: AttentionConfiguration(datatype='bf16', g=1, seq_len_q=18, seq_len_k=1944, num_heads_q=128, num_heads_kv=8, head_dim_qk=63, head_dim_v=182, with_attn_scale=True, with_attn_bias=False, trans_q=False, trans_k=True, trans_v=True, trans_o=True, causal=False, return_lse=False, split_kv=1, current_seqlen=None, arch='gfx1100', chip='gfx1100', num_cu=70, num_chiplets=1, perfconfig='attn:v1:64,64,128,1,1,1,16,1,2,2,0')
Lowering rejected config as not applicable
Command line = -operation attention -t f32 --arch gfx1100 --num_cu 70 --num_chiplets 1 -g 3 -seq_len_q 1 -seq_len_k 640 -num_heads_q 1 -num_heads_kv 1 -head_dim_qk 154 -head_dim_v 178 -with-attn-scale=True -with-attn-bias=False -transQ=True -transK=False -transV=True -transO=False -causal=False -return_lse=False -split_kv=1 --perf_config=attn:v1:16,128,16,1,1,16,32,1,2,2,8 --current_seq_len=402,200,637 -pv -relDiff_threshold 1e-4
Errors = loc("<stdin>":25:1): error: ttg.shared (131072) exceeds LDS limit (65536) for amdgcn-amd-amdhsa:gfx1100
Lowering not applicable.

----------------------------------------------------------------------------------------------------
NOT_APPLICABLE: AttentionConfiguration(datatype='f32', g=3, seq_len_q=1, seq_len_k=640, num_heads_q=1, num_heads_kv=1, head_dim_qk=154, head_dim_v=178, with_attn_scale=True, with_attn_bias=False, trans_q=True, trans_k=False, trans_v=True, trans_o=False, causal=False, return_lse=False, split_kv=1, current_seqlen=[402, 200, 637], arch='gfx1100', chip='gfx1100', num_cu=70, num_chiplets=1, perfconfig='attn:v1:16,128,16,1,1,16,32,1,2,2,8')
Lowering rejected config as not applicable
Command line = -operation attention -t i8 --arch gfx1100 --num_cu 70 --num_chiplets 1 -g 1 -seq_len_q 256 -seq_len_k 990 -num_heads_q 128 -num_heads_kv 4 -head_dim_qk 201 -head_dim_v 164 -with-attn-scale=False -with-attn-bias=False -transQ=True -transK=False -transV=True -transO=True -causal=True -return_lse=True -split_kv=8 --perf_config=attn:v1:16,256,32,1,1,16,0,1,3,0,4 -pv
Errors = loc("<stdin>":28:1): error: ttg.shared (131072) exceeds LDS limit (65536) for amdgcn-amd-amdhsa:gfx1100
Lowering not applicable.

----------------------------------------------------------------------------------------------------
NOT_APPLICABLE: AttentionConfiguration(datatype='i8', g=1, seq_len_q=256, seq_len_k=990, num_heads_q=128, num_heads_kv=4, head_dim_qk=201, head_dim_v=164, with_attn_scale=False, with_attn_bias=False, trans_q=True, trans_k=False, trans_v=True, trans_o=True, causal=True, return_lse=True, split_kv=8, current_seqlen=None, arch='gfx1100', chip='gfx1100', num_cu=70, num_chiplets=1, perfconfig='attn:v1:16,256,32,1,1,16,0,1,3,0,4')
Lowering rejected config as not applicable
Command line = -operation attention -t bf16 --arch gfx1100 --num_cu 70 --num_chiplets 1 -g 2 -seq_len_q 1 -seq_len_k 973 -num_heads_q 1 -num_heads_kv 1 -head_dim_qk 223 -head_dim_v 130 -with-attn-scale=False -with-attn-bias=False -transQ=True -transK=True -transV=False -transO=True -causal=False -return_lse=False -split_kv=1 --perf_config=attn:v1:32,256,64,1,1,4,16,1,3,1,8 --current_seq_len=295,51 -pv -RMS_threshold 1e-2
Errors = loc("<stdin>":23:1): error: ttg.shared (131072) exceeds LDS limit (65536) for amdgcn-amd-amdhsa:gfx1100
Lowering not applicable.

----------------------------------------------------------------------------------------------------
NOT_APPLICABLE: AttentionConfiguration(datatype='bf16', g=2, seq_len_q=1, seq_len_k=973, num_heads_q=1, num_heads_kv=1, head_dim_qk=223, head_dim_v=130, with_attn_scale=False, with_attn_bias=False, trans_q=True, trans_k=True, trans_v=False, trans_o=True, causal=False, return_lse=False, split_kv=1, current_seqlen=[295, 51], arch='gfx1100', chip='gfx1100', num_cu=70, num_chiplets=1, perfconfig='attn:v1:32,256,64,1,1,4,16,1,3,1,8')
Lowering rejected config as not applicable
Command line = -operation attention -t f32 --arch gfx1100 --num_cu 70 --num_chiplets 1 -g 4 -seq_len_q 146 -seq_len_k 781 -num_heads_q 1 -num_heads_kv 1 -head_dim_qk 39 -head_dim_v 216 -with-attn-scale=True -with-attn-bias=True -transQ=False -transK=True -transV=False -transO=False -causal=True -return_lse=False -split_kv=1 --perf_config=attn:v1:64,256,16,1,1,4,16,1,2,4,1 -pv -relDiff_threshold 1e-4
Errors = loc("<stdin>":16:1): error: ttg.shared (262144) exceeds LDS limit (65536) for amdgcn-amd-amdhsa:gfx1100
Lowering not applicable.

----------------------------------------------------------------------------------------------------
NOT_APPLICABLE: AttentionConfiguration(datatype='f32', g=4, seq_len_q=146, seq_len_k=781, num_heads_q=1, num_heads_kv=1, head_dim_qk=39, head_dim_v=216, with_attn_scale=True, with_attn_bias=True, trans_q=False, trans_k=True, trans_v=False, trans_o=False, causal=True, return_lse=False, split_kv=1, current_seqlen=None, arch='gfx1100', chip='gfx1100', num_cu=70, num_chiplets=1, perfconfig='attn:v1:64,256,16,1,1,4,16,1,2,4,1')
----------------------------------------------------------------------------------------------------
PASS: AttentionConfiguration(datatype='f16', g=2, seq_len_q=1, seq_len_k=843, num_heads_q=128, num_heads_kv=2, head_dim_qk=111, head_dim_v=50, with_attn_scale=True, with_attn_bias=True, trans_q=False, trans_k=True, trans_v=False, trans_o=True, causal=False, return_lse=True, split_kv=8, current_seqlen=[379, 231], arch='gfx1100', chip='gfx1100', num_cu=70, num_chiplets=1, perfconfig='attn:v1:32,32,64,2,1,8,32,1,3,2,8')
Lowering rejected config as not applicable
Command line = -operation attention -t bf16 --arch gfx1100 --num_cu 70 --num_chiplets 1 -g 1 -seq_len_q 1 -seq_len_k 1372 -num_heads_q 128 -num_heads_kv 8 -head_dim_qk 241 -head_dim_v 254 -with-attn-scale=True -with-attn-bias=False -transQ=True -transK=False -transV=False -transO=False -causal=False -return_lse=False -split_kv=1 --perf_config=attn:v1:64,256,16,2,1,2,0,1,1,1,2 --current_seq_len=600 -pv -RMS_threshold 1e-2
Errors = loc("<stdin>":27:1): error: ttg.shared (131072) exceeds LDS limit (65536) for amdgcn-amd-amdhsa:gfx1100
Lowering not applicable.

----------------------------------------------------------------------------------------------------
NOT_APPLICABLE: AttentionConfiguration(datatype='bf16', g=1, seq_len_q=1, seq_len_k=1372, num_heads_q=128, num_heads_kv=8, head_dim_qk=241, head_dim_v=254, with_attn_scale=True, with_attn_bias=False, trans_q=True, trans_k=False, trans_v=False, trans_o=False, causal=False, return_lse=False, split_kv=1, current_seqlen=[600], arch='gfx1100', chip='gfx1100', num_cu=70, num_chiplets=1, perfconfig='attn:v1:64,256,16,2,1,2,0,1,1,1,2')
----------------------------------------------------------------------------------------------------
PASS: AttentionConfiguration(datatype='i8', g=7, seq_len_q=1, seq_len_k=37, num_heads_q=128, num_heads_kv=64, head_dim_qk=117, head_dim_v=7, with_attn_scale=False, with_attn_bias=False, trans_q=True, trans_k=False, trans_v=False, trans_o=True, causal=False, return_lse=False, split_kv=1, current_seqlen=[22, 35, 26, 4, 23, 9, 23], arch='gfx1100', chip='gfx1100', num_cu=70, num_chiplets=1, perfconfig='attn:v1:128,32,32,1,1,1,32,1,3,0,8')
Lowering rejected config as not applicable
Command line = -operation attention -t f32 --arch gfx1100 --num_cu 70 --num_chiplets 1 -g 2 -seq_len_q 139 -seq_len_k 1635 -num_heads_q 16 -num_heads_kv 4 -head_dim_qk 87 -head_dim_v 244 -with-attn-scale=False -with-attn-bias=True -transQ=True -transK=False -transV=False -transO=False -causal=False -return_lse=True -split_kv=8 --perf_config=attn:v1:128,256,64,2,1,1,16,1,1,2,2 -pv -relDiff_threshold 1e-4
Errors = loc("<stdin>":25:1): error: ttg.shared (131072) exceeds LDS limit (65536) for amdgcn-amd-amdhsa:gfx1100
Lowering not applicable.

----------------------------------------------------------------------------------------------------
NOT_APPLICABLE: AttentionConfiguration(datatype='f32', g=2, seq_len_q=139, seq_len_k=1635, num_heads_q=16, num_heads_kv=4, head_dim_qk=87, head_dim_v=244, with_attn_scale=False, with_attn_bias=True, trans_q=True, trans_k=False, trans_v=False, trans_o=False, causal=False, return_lse=True, split_kv=8, current_seqlen=None, arch='gfx1100', chip='gfx1100', num_cu=70, num_chiplets=1, perfconfig='attn:v1:128,256,64,2,1,1,16,1,1,2,2')
Lowering rejected config as not applicable
Command line = -operation attention -t i8 --arch gfx1100 --num_cu 70 --num_chiplets 1 -g 8 -seq_len_q 1 -seq_len_k 302 -num_heads_q 1 -num_heads_kv 1 -head_dim_qk 114 -head_dim_v 16 -with-attn-scale=True -with-attn-bias=True -transQ=False -transK=False -transV=False -transO=False -causal=False -return_lse=True -split_kv=32 --perf_config=attn:v1:256,128,128,1,1,8,32,1,1,8,4 --current_seq_len=16,148,288,19,265,252,227,259 -pv
Errors = loc("<stdin>":34:1): error: ttg.shared (131072) exceeds LDS limit (65536) for amdgcn-amd-amdhsa:gfx1100
Lowering not applicable.

----------------------------------------------------------------------------------------------------
NOT_APPLICABLE: AttentionConfiguration(datatype='i8', g=8, seq_len_q=1, seq_len_k=302, num_heads_q=1, num_heads_kv=1, head_dim_qk=114, head_dim_v=16, with_attn_scale=True, with_attn_bias=True, trans_q=False, trans_k=False, trans_v=False, trans_o=False, causal=False, return_lse=True, split_kv=32, current_seqlen=[16, 148, 288, 19, 265, 252, 227, 259], arch='gfx1100', chip='gfx1100', num_cu=70, num_chiplets=1, perfconfig='attn:v1:256,128,128,1,1,8,32,1,1,8,4')
----------------------------------------------------------------------------------------------------
PASS: AttentionConfiguration(datatype='bf16', g=8, seq_len_q=1, seq_len_k=414, num_heads_q=64, num_heads_kv=32, head_dim_qk=131, head_dim_v=40, with_attn_scale=False, with_attn_bias=True, trans_q=False, trans_k=False, trans_v=False, trans_o=True, causal=False, return_lse=False, split_kv=1, current_seqlen=[230, 221, 124, 205, 101, 326, 277, 225], arch='gfx1100', chip='gfx1100', num_cu=70, num_chiplets=1, perfconfig='attn:v1:32,32,32,1,1,8,32,1,3,2,2')
----------------------------------------------------------------------------------------------------
PASS: AttentionConfiguration(datatype='bf16', g=1, seq_len_q=30, seq_len_k=3481, num_heads_q=1, num_heads_kv=1, head_dim_qk=205, head_dim_v=69, with_attn_scale=True, with_attn_bias=False, trans_q=False, trans_k=True, trans_v=True, trans_o=False, causal=True, return_lse=True, split_kv=4, current_seqlen=None, arch='gfx1100', chip='gfx1100', num_cu=70, num_chiplets=1, perfconfig='attn:v1:16,32,16,2,1,2,16,1,1,2,0')
----------------------------------------------------------------------------------------------------
PASS: AttentionConfiguration(datatype='i8', g=3, seq_len_q=112, seq_len_k=1344, num_heads_q=1, num_heads_kv=1, head_dim_qk=157, head_dim_v=56, with_attn_scale=False, with_attn_bias=True, trans_q=False, trans_k=True, trans_v=False, trans_o=False, causal=True, return_lse=True, split_kv=1, current_seqlen=None, arch='gfx1100', chip='gfx1100', num_cu=70, num_chiplets=1, perfconfig='attn:v1:16,128,16,1,1,1,32,1,1,4,2')
----------------------------------------------------------------------------------------------------
PASS: AttentionConfiguration(datatype='i8', g=3, seq_len_q=1, seq_len_k=1346, num_heads_q=8, num_heads_kv=4, head_dim_qk=139, head_dim_v=149, with_attn_scale=False, with_attn_bias=True, trans_q=True, trans_k=False, trans_v=True, trans_o=True, causal=False, return_lse=True, split_kv=4, current_seqlen=[625, 1167, 393], arch='gfx1100', chip='gfx1100', num_cu=70, num_chiplets=1, perfconfig='attn:v1:16,128,128,1,1,2,0,1,2,0,2')
Lowering rejected config as not applicable
Command line = -operation attention -t f32 --arch gfx1100 --num_cu 70 --num_chiplets 1 -g 7 -seq_len_q 1 -seq_len_k 485 -num_heads_q 1 -num_heads_kv 1 -head_dim_qk 241 -head_dim_v 80 -with-attn-scale=True -with-attn-bias=True -transQ=False -transK=False -transV=False -transO=True -causal=False -return_lse=True -split_kv=2 --perf_config=attn:v1:256,256,128,1,1,2,0,1,1,8,2 --current_seq_len=428,81,157,138,345,117,307 -pv -relDiff_threshold 1e-4
Errors = loc("<stdin>":29:1): error: ttg.shared (262144) exceeds LDS limit (65536) for amdgcn-amd-amdhsa:gfx1100
Lowering not applicable.

----------------------------------------------------------------------------------------------------
NOT_APPLICABLE: AttentionConfiguration(datatype='f32', g=7, seq_len_q=1, seq_len_k=485, num_heads_q=1, num_heads_kv=1, head_dim_qk=241, head_dim_v=80, with_attn_scale=True, with_attn_bias=True, trans_q=False, trans_k=False, trans_v=False, trans_o=True, causal=False, return_lse=True, split_kv=2, current_seqlen=[428, 81, 157, 138, 345, 117, 307], arch='gfx1100', chip='gfx1100', num_cu=70, num_chiplets=1, perfconfig='attn:v1:256,256,128,1,1,2,0,1,1,8,2')
----------------------------------------------------------------------------------------------------
PASS: AttentionConfiguration(datatype='f32', g=2, seq_len_q=20, seq_len_k=1160, num_heads_q=1, num_heads_kv=1, head_dim_qk=210, head_dim_v=114, with_attn_scale=True, with_attn_bias=True, trans_q=True, trans_k=False, trans_v=False, trans_o=True, causal=False, return_lse=False, split_kv=1, current_seqlen=None, arch='gfx1100', chip='gfx1100', num_cu=70, num_chiplets=1, perfconfig='attn:v1:128,32,16,1,1,2,16,1,3,4,0')
----------------------------------------------------------------------------------------------------
PASS: AttentionConfiguration(datatype='f32', g=1, seq_len_q=61, seq_len_k=3387, num_heads_q=1, num_heads_kv=1, head_dim_qk=154, head_dim_v=62, with_attn_scale=True, with_attn_bias=False, trans_q=True, trans_k=False, trans_v=True, trans_o=False, causal=False, return_lse=True, split_kv=8, current_seqlen=None, arch='gfx1100', chip='gfx1100', num_cu=70, num_chiplets=1, perfconfig='attn:v1:64,64,64,2,1,1,16,1,3,1,4')
FAIL: Runner returned incorrect result
Config = AttentionConfiguration(datatype='i8', g=3, seq_len_q=1, seq_len_k=1235, num_heads_q=1, num_heads_kv=1, head_dim_qk=237, head_dim_v=187, with_attn_scale=False, with_attn_bias=False, trans_q=False, trans_k=True, trans_v=True, trans_o=True, causal=False, return_lse=True, split_kv=4, current_seqlen=[891, 299, 851], arch='gfx1100', chip='gfx1100', num_cu=70, num_chiplets=1, perfconfig='attn:v1:16,64,64,2,1,2,32,1,1,2,8')
Command line = -operation attention -t i8 --arch gfx1100 --num_cu 70 --num_chiplets 1 -g 3 -seq_len_q 1 -seq_len_k 1235 -num_heads_q 1 -num_heads_kv 1 -head_dim_qk 237 -head_dim_v 187 -with-attn-scale=False -with-attn-bias=False -transQ=False -transK=True -transV=True -transO=True -causal=False -return_lse=True -split_kv=4 --perf_config=attn:v1:16,64,64,2,1,2,32,1,1,2,8 --current_seq_len=891,299,851 -pv
Output = Number of elements: 2244
maxAbsDiff info: maxAbsDiff = 0.000244 (valNum = 0.08337, gpuNum = 0.08313), average absDiff = 4.7e-05
maxRelDiff info: maxRelDiff = 2.9e-03 (valNum = 0.0833740234, gpuNum = 0.0831298828), average relDiff = 5.7e-04
RMS = 1.1e-03
Histogram of relDiff: 
        relDiff = 0     : 1248/2244 (55.614973%)
     0 < relDiff < 1e-06: 0/2244 (0.000000%)
1e-06 < relDiff <= 1e-05: 0/2244 (0.000000%)
1e-05 < relDiff <= 1e-04: 0/2244 (0.000000%)
1e-04 < relDiff <= 1e-03: 748/2244 (33.333333%)
1e-03 < relDiff <= 1e-02: 248/2244 (11.051693%)
1e-02 < relDiff <= 1e-01: 0/2244 (0.000000%)
1e-01 < relDiff <= 1e+00: 0/2244 (0.000000%)
1e+00 < relDiff < inf   : 0/2244 (0.000000%)
        relDiff = inf   : 0/2244 (0.000000%)
[0 1 1]

FAIL: Timeout in rocmlir-driver stage (120s)
Config = AttentionConfiguration(datatype='i8', g=5, seq_len_q=159, seq_len_k=121, num_heads_q=16, num_heads_kv=2, head_dim_qk=86, head_dim_v=98, with_attn_scale=True, with_attn_bias=False, trans_q=False, trans_k=True, trans_v=True, trans_o=True, causal=False, return_lse=True, split_kv=32, current_seqlen=None, arch='gfx1100', chip='gfx1100', num_cu=70, num_chiplets=1, perfconfig='attn:v1:256,128,64,1,1,1,32,1,1,8,8')
Command line = -operation attention -t i8 --arch gfx1100 --num_cu 70 --num_chiplets 1 -g 5 -seq_len_q 159 -seq_len_k 121 -num_heads_q 16 -num_heads_kv 2 -head_dim_qk 86 -head_dim_v 98 -with-attn-scale=True -with-attn-bias=False -transQ=False -transK=True -transV=True -transO=True -causal=False -return_lse=True -split_kv=32 --perf_config=attn:v1:256,128,64,1,1,1,32,1,1,8,8 -pv
Lowering rejected config as not applicable
Command line = -operation attention -t bf16 --arch gfx1100 --num_cu 70 --num_chiplets 1 -g 8 -seq_len_q 426 -seq_len_k 388 -num_heads_q 64 -num_heads_kv 4 -head_dim_qk 101 -head_dim_v 156 -with-attn-scale=False -with-attn-bias=True -transQ=False -transK=False -transV=True -transO=True -causal=False -return_lse=False -split_kv=1 --perf_config=attn:v1:16,256,32,2,1,8,16,1,3,4,0 -pv -RMS_threshold 1e-2
Errors = loc("<stdin>":19:1): error: ttg.shared (131072) exceeds LDS limit (65536) for amdgcn-amd-amdhsa:gfx1100
Lowering not applicable.

----------------------------------------------------------------------------------------------------
NOT_APPLICABLE: AttentionConfiguration(datatype='bf16', g=8, seq_len_q=426, seq_len_k=388, num_heads_q=64, num_heads_kv=4, head_dim_qk=101, head_dim_v=156, with_attn_scale=False, with_attn_bias=True, trans_q=False, trans_k=False, trans_v=True, trans_o=True, causal=False, return_lse=False, split_kv=1, current_seqlen=None, arch='gfx1100', chip='gfx1100', num_cu=70, num_chiplets=1, perfconfig='attn:v1:16,256,32,2,1,8,16,1,3,4,0')
Lowering rejected config as not applicable
Command line = -operation attention -t f32 --arch gfx1100 --num_cu 70 --num_chiplets 1 -g 2 -seq_len_q 1 -seq_len_k 2014 -num_heads_q 64 -num_heads_kv 4 -head_dim_qk 217 -head_dim_v 236 -with-attn-scale=True -with-attn-bias=True -transQ=False -transK=False -transV=True -transO=False -causal=False -return_lse=True -split_kv=8 --perf_config=attn:v1:128,16,128,2,1,4,0,1,2,1,0 --current_seq_len=306,1739 -pv -relDiff_threshold 1e-4
Errors = loc("<stdin>":33:1): error: ttg.shared (73728) exceeds LDS limit (65536) for amdgcn-amd-amdhsa:gfx1100
Lowering not applicable.

----------------------------------------------------------------------------------------------------
NOT_APPLICABLE: AttentionConfiguration(datatype='f32', g=2, seq_len_q=1, seq_len_k=2014, num_heads_q=64, num_heads_kv=4, head_dim_qk=217, head_dim_v=236, with_attn_scale=True, with_attn_bias=True, trans_q=False, trans_k=False, trans_v=True, trans_o=False, causal=False, return_lse=True, split_kv=8, current_seqlen=[306, 1739], arch='gfx1100', chip='gfx1100', num_cu=70, num_chiplets=1, perfconfig='attn:v1:128,16,128,2,1,4,0,1,2,1,0')
----------------------------------------------------------------------------------------------------
PASS: AttentionConfiguration(datatype='f32', g=1, seq_len_q=37, seq_len_k=2804, num_heads_q=1, num_heads_kv=1, head_dim_qk=143, head_dim_v=18, with_attn_scale=False, with_attn_bias=False, trans_q=False, trans_k=False, trans_v=False, trans_o=True, causal=False, return_lse=False, split_kv=1, current_seqlen=None, arch='gfx1100', chip='gfx1100', num_cu=70, num_chiplets=1, perfconfig='attn:v1:16,32,32,2,1,4,0,1,3,8,0')
----------------------------------------------------------------------------------------------------
FAIL: AttentionConfiguration(datatype='i8', g=3, seq_len_q=1, seq_len_k=1235, num_heads_q=1, num_heads_kv=1, head_dim_qk=237, head_dim_v=187, with_attn_scale=False, with_attn_bias=False, trans_q=False, trans_k=True, trans_v=True, trans_o=True, causal=False, return_lse=True, split_kv=4, current_seqlen=[891, 299, 851], arch='gfx1100', chip='gfx1100', num_cu=70, num_chiplets=1, perfconfig='attn:v1:16,64,64,2,1,2,32,1,1,2,8')
Lowering rejected config as not applicable
Command line = -operation attention -t f32 --arch gfx1100 --num_cu 70 --num_chiplets 1 -g 1 -seq_len_q 1 -seq_len_k 1151 -num_heads_q 1 -num_heads_kv 1 -head_dim_qk 134 -head_dim_v 61 -with-attn-scale=False -with-attn-bias=False -transQ=True -transK=True -transV=True -transO=True -causal=False -return_lse=True -split_kv=2 --perf_config=attn:v1:256,128,64,1,1,1,16,1,1,1,4 --current_seq_len=730 -pv -relDiff_threshold 1e-4
Errors = loc("<stdin>":25:1): error: ttg.shared (131072) exceeds LDS limit (65536) for amdgcn-amd-amdhsa:gfx1100
Lowering not applicable.

----------------------------------------------------------------------------------------------------
NOT_APPLICABLE: AttentionConfiguration(datatype='f32', g=1, seq_len_q=1, seq_len_k=1151, num_heads_q=1, num_heads_kv=1, head_dim_qk=134, head_dim_v=61, with_attn_scale=False, with_attn_bias=False, trans_q=True, trans_k=True, trans_v=True, trans_o=True, causal=False, return_lse=True, split_kv=2, current_seqlen=[730], arch='gfx1100', chip='gfx1100', num_cu=70, num_chiplets=1, perfconfig='attn:v1:256,128,64,1,1,1,16,1,1,1,4')
----------------------------------------------------------------------------------------------------
PASS: AttentionConfiguration(datatype='bf16', g=3, seq_len_q=13, seq_len_k=935, num_heads_q=1, num_heads_kv=1, head_dim_qk=64, head_dim_v=175, with_attn_scale=True, with_attn_bias=True, trans_q=False, trans_k=False, trans_v=True, trans_o=False, causal=True, return_lse=True, split_kv=2, current_seqlen=None, arch='gfx1100', chip='gfx1100', num_cu=70, num_chiplets=1, perfconfig='attn:v1:256,16,64,1,1,4,16,1,2,8,4')
----------------------------------------------------------------------------------------------------
PASS: AttentionConfiguration(datatype='f32', g=5, seq_len_q=107, seq_len_k=67, num_heads_q=16, num_heads_kv=4, head_dim_qk=155, head_dim_v=39, with_attn_scale=True, with_attn_bias=True, trans_q=True, trans_k=True, trans_v=False, trans_o=False, causal=False, return_lse=True, split_kv=1, current_seqlen=None, arch='gfx1100', chip='gfx1100', num_cu=70, num_chiplets=1, perfconfig='attn:v1:64,128,128,1,1,2,32,1,1,1,2')
----------------------------------------------------------------------------------------------------
FAIL: AttentionConfiguration(datatype='i8', g=5, seq_len_q=159, seq_len_k=121, num_heads_q=16, num_heads_kv=2, head_dim_qk=86, head_dim_v=98, with_attn_scale=True, with_attn_bias=False, trans_q=False, trans_k=True, trans_v=True, trans_o=True, causal=False, return_lse=True, split_kv=32, current_seqlen=None, arch='gfx1100', chip='gfx1100', num_cu=70, num_chiplets=1, perfconfig='attn:v1:256,128,64,1,1,1,32,1,1,8,8')
Lowering rejected config as not applicable
Command line = -operation attention -t f32 --arch gfx1100 --num_cu 70 --num_chiplets 1 -g 4 -seq_len_q 1 -seq_len_k 244 -num_heads_q 1 -num_heads_kv 1 -head_dim_qk 175 -head_dim_v 146 -with-attn-scale=False -with-attn-bias=False -transQ=True -transK=False -transV=True -transO=False -causal=False -return_lse=False -split_kv=1 --perf_config=attn:v1:16,128,64,1,1,4,16,1,3,8,0 --current_seq_len=173,204,73,64 -pv -relDiff_threshold 1e-4
Errors = loc("<stdin>":23:1): error: ttg.shared (131072) exceeds LDS limit (65536) for amdgcn-amd-amdhsa:gfx1100
Lowering not applicable.

----------------------------------------------------------------------------------------------------
NOT_APPLICABLE: AttentionConfiguration(datatype='f32', g=4, seq_len_q=1, seq_len_k=244, num_heads_q=1, num_heads_kv=1, head_dim_qk=175, head_dim_v=146, with_attn_scale=False, with_attn_bias=False, trans_q=True, trans_k=False, trans_v=True, trans_o=False, causal=False, return_lse=False, split_kv=1, current_seqlen=[173, 204, 73, 64], arch='gfx1100', chip='gfx1100', num_cu=70, num_chiplets=1, perfconfig='attn:v1:16,128,64,1,1,4,16,1,3,8,0')
Lowering rejected config as not applicable
Command line = -operation attention -t f32 --arch gfx1100 --num_cu 70 --num_chiplets 1 -g 3 -seq_len_q 1 -seq_len_k 823 -num_heads_q 1 -num_heads_kv 1 -head_dim_qk 73 -head_dim_v 70 -with-attn-scale=True -with-attn-bias=True -transQ=True -transK=False -transV=True -transO=False -causal=False -return_lse=True -split_kv=1 --perf_config=attn:v1:16,256,128,1,1,16,0,1,3,8,1 --current_seq_len=21,337,392 -pv -relDiff_threshold 1e-4
Errors = loc("<stdin>":26:1): error: ttg.shared (540672) exceeds LDS limit (65536) for amdgcn-amd-amdhsa:gfx1100
Lowering not applicable.

FAIL: Runner returned incorrect result
Config = AttentionConfiguration(datatype='f16', g=8, seq_len_q=289, seq_len_k=8, num_heads_q=1, num_heads_kv=1, head_dim_qk=190, head_dim_v=213, with_attn_scale=True, with_attn_bias=False, trans_q=True, trans_k=False, trans_v=True, trans_o=True, causal=False, return_lse=False, split_kv=1, current_seqlen=None, arch='gfx1100', chip='gfx1100', num_cu=70, num_chiplets=1, perfconfig='attn:v1:32,128,64,1,1,2,0,1,3,8,2')
Command line = -operation attention -t f16 --arch gfx1100 --num_cu 70 --num_chiplets 1 -g 8 -seq_len_q 289 -seq_len_k 8 -num_heads_q 1 -num_heads_kv 1 -head_dim_qk 190 -head_dim_v 213 -with-attn-scale=True -with-attn-bias=False -transQ=True -transK=False -transV=True -transO=True -causal=False -return_lse=False -split_kv=1 --perf_config=attn:v1:32,128,64,1,1,2,0,1,3,8,2 -pv
Output = Number of elements: 492456
maxAbsDiff info: maxAbsDiff = 0.035156 (valNum = -1.00000, gpuNum = -1.03516), average absDiff = 5.5e-03
maxRelDiff info: maxRelDiff = 3.5e-02 (valNum = -1.0000000000, gpuNum = -1.0351562500), average relDiff = 7.3e-03
RMS = 1.2e-02
Histogram of relDiff: 
        relDiff = 0     : 389577/492456 (79.108997%)
     0 < relDiff < 1e-06: 0/492456 (0.000000%)
1e-06 < relDiff <= 1e-05: 0/492456 (0.000000%)
1e-05 < relDiff <= 1e-04: 0/492456 (0.000000%)
1e-04 < relDiff <= 1e-03: 0/492456 (0.000000%)
1e-03 < relDiff <= 1e-02: 0/492456 (0.000000%)
1e-02 < relDiff <= 1e-01: 102879/492456 (20.891003%)
1e-01 < relDiff <= 1e+00: 0/492456 (0.000000%)
1e+00 < relDiff < inf   : 0/492456 (0.000000%)
        relDiff = inf   : 0/492456 (0.000000%)
[0 1 1]

FAIL: Runner returned incorrect result
Config = AttentionConfiguration(datatype='f32', g=1, seq_len_q=1, seq_len_k=3033, num_heads_q=16, num_heads_kv=4, head_dim_qk=234, head_dim_v=31, with_attn_scale=False, with_attn_bias=False, trans_q=True, trans_k=True, trans_v=False, trans_o=False, causal=False, return_lse=True, split_kv=8, current_seqlen=[1073], arch='gfx1100', chip='gfx1100', num_cu=70, num_chiplets=1, perfconfig='attn:v1:256,32,32,1,1,2,16,1,1,8,0')
Command line = -operation attention -t f32 --arch gfx1100 --num_cu 70 --num_chiplets 1 -g 1 -seq_len_q 1 -seq_len_k 3033 -num_heads_q 16 -num_heads_kv 4 -head_dim_qk 234 -head_dim_v 31 -with-attn-scale=False -with-attn-bias=False -transQ=True -transK=True -transV=False -transO=False -causal=False -return_lse=True -split_kv=8 --perf_config=attn:v1:256,32,32,1,1,2,16,1,1,8,0 --current_seq_len=1073 -pv -relDiff_threshold 1e-4
Output = Number of elements: 3968
maxAbsDiff info: maxAbsDiff = 0.001354 (valNum = 0.08333, gpuNum = 0.08469), average absDiff = 9.0e-04
maxRelDiff info: maxRelDiff = 1.6e-02 (valNum = 0.0833330154, gpuNum = 0.0846875012), average relDiff = 1.1e-02
RMS = 1.1e-02
Histogram of relDiff: 
        relDiff = 0     : 0/3968 (0.000000%)
     0 < relDiff < 1e-06: 0/3968 (0.000000%)
1e-06 < relDiff <= 1e-05: 0/3968 (0.000000%)
1e-05 < relDiff <= 1e-04: 0/3968 (0.000000%)
1e-04 < relDiff <= 1e-03: 0/3968 (0.000000%)
1e-03 < relDiff <= 1e-02: 2688/3968 (67.741935%)
1e-02 < relDiff <= 1e-01: 1280/3968 (32.258065%)
1e-01 < relDiff <= 1e+00: 0/3968 (0.000000%)
1e+00 < relDiff < inf   : 0/3968 (0.000000%)
        relDiff = inf   : 0/3968 (0.000000%)
[0 1 0]

----------------------------------------------------------------------------------------------------
NOT_APPLICABLE: AttentionConfiguration(datatype='f32', g=3, seq_len_q=1, seq_len_k=823, num_heads_q=1, num_heads_kv=1, head_dim_qk=73, head_dim_v=70, with_attn_scale=True, with_attn_bias=True, trans_q=True, trans_k=False, trans_v=True, trans_o=False, causal=False, return_lse=True, split_kv=1, current_seqlen=[21, 337, 392], arch='gfx1100', chip='gfx1100', num_cu=70, num_chiplets=1, perfconfig='attn:v1:16,256,128,1,1,16,0,1,3,8,1')
----------------------------------------------------------------------------------------------------
PASS: AttentionConfiguration(datatype='bf16', g=5, seq_len_q=1, seq_len_k=611, num_heads_q=1, num_heads_kv=1, head_dim_qk=66, head_dim_v=113, with_attn_scale=True, with_attn_bias=False, trans_q=False, trans_k=False, trans_v=True, trans_o=True, causal=False, return_lse=False, split_kv=1, current_seqlen=[604, 298, 239, 86, 43], arch='gfx1100', chip='gfx1100', num_cu=70, num_chiplets=1, perfconfig='attn:v1:16,32,32,1,1,16,0,1,1,1,8')
----------------------------------------------------------------------------------------------------
PASS: AttentionConfiguration(datatype='i8', g=8, seq_len_q=1, seq_len_k=47, num_heads_q=32, num_heads_kv=8, head_dim_qk=211, head_dim_v=225, with_attn_scale=False, with_attn_bias=False, trans_q=False, trans_k=False, trans_v=False, trans_o=False, causal=False, return_lse=True, split_kv=2, current_seqlen=[41, 23, 45, 8, 2, 46, 45, 16], arch='gfx1100', chip='gfx1100', num_cu=70, num_chiplets=1, perfconfig='attn:v1:128,32,16,1,1,16,32,1,2,2,8')
----------------------------------------------------------------------------------------------------
PASS: AttentionConfiguration(datatype='bf16', g=2, seq_len_q=1, seq_len_k=1007, num_heads_q=64, num_heads_kv=4, head_dim_qk=239, head_dim_v=90, with_attn_scale=False, with_attn_bias=True, trans_q=True, trans_k=False, trans_v=False, trans_o=False, causal=False, return_lse=True, split_kv=16, current_seqlen=[735, 258], arch='gfx1100', chip='gfx1100', num_cu=70, num_chiplets=1, perfconfig='attn:v1:32,64,32,2,1,4,32,1,3,2,4')
----------------------------------------------------------------------------------------------------
FAIL: AttentionConfiguration(datatype='f16', g=8, seq_len_q=289, seq_len_k=8, num_heads_q=1, num_heads_kv=1, head_dim_qk=190, head_dim_v=213, with_attn_scale=True, with_attn_bias=False, trans_q=True, trans_k=False, trans_v=True, trans_o=True, causal=False, return_lse=False, split_kv=1, current_seqlen=None, arch='gfx1100', chip='gfx1100', num_cu=70, num_chiplets=1, perfconfig='attn:v1:32,128,64,1,1,2,0,1,3,8,2')
----------------------------------------------------------------------------------------------------
PASS: AttentionConfiguration(datatype='f32', g=8, seq_len_q=1, seq_len_k=310, num_heads_q=128, num_heads_kv=4, head_dim_qk=215, head_dim_v=6, with_attn_scale=True, with_attn_bias=False, trans_q=True, trans_k=True, trans_v=False, trans_o=False, causal=False, return_lse=False, split_kv=1, current_seqlen=[249, 266, 224, 5, 160, 201, 291, 92], arch='gfx1100', chip='gfx1100', num_cu=70, num_chiplets=1, perfconfig='attn:v1:64,64,64,2,1,2,0,1,2,0,8')
----------------------------------------------------------------------------------------------------
PASS: AttentionConfiguration(datatype='bf16', g=6, seq_len_q=403, seq_len_k=54, num_heads_q=1, num_heads_kv=1, head_dim_qk=185, head_dim_v=65, with_attn_scale=True, with_attn_bias=False, trans_q=True, trans_k=False, trans_v=True, trans_o=False, causal=False, return_lse=True, split_kv=8, current_seqlen=None, arch='gfx1100', chip='gfx1100', num_cu=70, num_chiplets=1, perfconfig='attn:v1:128,16,16,2,1,4,0,1,3,2,0')
----------------------------------------------------------------------------------------------------
PASS: AttentionConfiguration(datatype='f32', g=2, seq_len_q=1, seq_len_k=1877, num_heads_q=1, num_heads_kv=1, head_dim_qk=163, head_dim_v=1, with_attn_scale=False, with_attn_bias=False, trans_q=True, trans_k=False, trans_v=False, trans_o=True, causal=False, return_lse=True, split_kv=4, current_seqlen=[1596, 621], arch='gfx1100', chip='gfx1100', num_cu=70, num_chiplets=1, perfconfig='attn:v1:32,32,128,2,1,16,32,1,3,4,0')
Lowering rejected config as not applicable
Command line = -operation attention -t bf16 --arch gfx1100 --num_cu 70 --num_chiplets 1 -g 1 -seq_len_q 32 -seq_len_k 3838 -num_heads_q 16 -num_heads_kv 2 -head_dim_qk 224 -head_dim_v 210 -with-attn-scale=False -with-attn-bias=False -transQ=True -transK=True -transV=True -transO=False -causal=True -return_lse=True -split_kv=2 --perf_config=attn:v1:256,256,16,1,1,16,16,1,3,0,8 -pv -RMS_threshold 1e-2
Errors = loc("<stdin>":24:1): error: ttg.shared (131072) exceeds LDS limit (65536) for amdgcn-amd-amdhsa:gfx1100
Lowering not applicable.

----------------------------------------------------------------------------------------------------
NOT_APPLICABLE: AttentionConfiguration(datatype='bf16', g=1, seq_len_q=32, seq_len_k=3838, num_heads_q=16, num_heads_kv=2, head_dim_qk=224, head_dim_v=210, with_attn_scale=False, with_attn_bias=False, trans_q=True, trans_k=True, trans_v=True, trans_o=False, causal=True, return_lse=True, split_kv=2, current_seqlen=None, arch='gfx1100', chip='gfx1100', num_cu=70, num_chiplets=1, perfconfig='attn:v1:256,256,16,1,1,16,16,1,3,0,8')
----------------------------------------------------------------------------------------------------
PASS: AttentionConfiguration(datatype='i8', g=5, seq_len_q=1, seq_len_k=214, num_heads_q=1, num_heads_kv=1, head_dim_qk=69, head_dim_v=225, with_attn_scale=True, with_attn_bias=True, trans_q=False, trans_k=False, trans_v=False, trans_o=True, causal=False, return_lse=True, split_kv=32, current_seqlen=[189, 78, 207, 148, 141], arch='gfx1100', chip='gfx1100', num_cu=70, num_chiplets=1, perfconfig='attn:v1:32,128,64,1,1,8,0,1,2,1,4')
----------------------------------------------------------------------------------------------------
PASS: AttentionConfiguration(datatype='f32', g=8, seq_len_q=1, seq_len_k=287, num_heads_q=1, num_heads_kv=1, head_dim_qk=179, head_dim_v=170, with_attn_scale=False, with_attn_bias=False, trans_q=True, trans_k=False, trans_v=False, trans_o=False, causal=False, return_lse=False, split_kv=1, current_seqlen=[100, 115, 83, 172, 69, 124, 137, 252], arch='gfx1100', chip='gfx1100', num_cu=70, num_chiplets=1, perfconfig='attn:v1:128,64,16,1,1,16,16,1,2,1,4')
----------------------------------------------------------------------------------------------------
PASS: AttentionConfiguration(datatype='f16', g=3, seq_len_q=1, seq_len_k=1266, num_heads_q=128, num_heads_kv=8, head_dim_qk=233, head_dim_v=180, with_attn_scale=False, with_attn_bias=False, trans_q=False, trans_k=False, trans_v=True, trans_o=False, causal=False, return_lse=True, split_kv=16, current_seqlen=[1185, 1253, 406], arch='gfx1100', chip='gfx1100', num_cu=70, num_chiplets=1, perfconfig='attn:v1:16,128,32,1,1,16,0,1,3,2,8')
----------------------------------------------------------------------------------------------------
PASS: AttentionConfiguration(datatype='f32', g=4, seq_len_q=256, seq_len_k=957, num_heads_q=4, num_heads_kv=2, head_dim_qk=235, head_dim_v=173, with_attn_scale=True, with_attn_bias=True, trans_q=True, trans_k=True, trans_v=True, trans_o=True, causal=True, return_lse=True, split_kv=1, current_seqlen=None, arch='gfx1100', chip='gfx1100', num_cu=70, num_chiplets=1, perfconfig='attn:v1:64,16,128,2,1,8,32,1,2,8,2')
----------------------------------------------------------------------------------------------------
PASS: AttentionConfiguration(datatype='bf16', g=6, seq_len_q=1, seq_len_k=412, num_heads_q=1, num_heads_kv=1, head_dim_qk=16, head_dim_v=249, with_attn_scale=True, with_attn_bias=True, trans_q=False, trans_k=False, trans_v=True, trans_o=True, causal=False, return_lse=True, split_kv=2, current_seqlen=[312, 259, 191, 169, 322, 286], arch='gfx1100', chip='gfx1100', num_cu=70, num_chiplets=1, perfconfig='attn:v1:32,64,64,1,1,2,0,1,2,8,4')
----------------------------------------------------------------------------------------------------
FAIL: AttentionConfiguration(datatype='f32', g=1, seq_len_q=1, seq_len_k=3033, num_heads_q=16, num_heads_kv=4, head_dim_qk=234, head_dim_v=31, with_attn_scale=False, with_attn_bias=False, trans_q=True, trans_k=True, trans_v=False, trans_o=False, causal=False, return_lse=True, split_kv=8, current_seqlen=[1073], arch='gfx1100', chip='gfx1100', num_cu=70, num_chiplets=1, perfconfig='attn:v1:256,32,32,1,1,2,16,1,1,8,0')
Lowering rejected config as not applicable
Command line = -operation attention -t f16 --arch gfx1100 --num_cu 70 --num_chiplets 1 -g 3 -seq_len_q 1 -seq_len_k 603 -num_heads_q 1 -num_heads_kv 1 -head_dim_qk 150 -head_dim_v 213 -with-attn-scale=False -with-attn-bias=True -transQ=True -transK=True -transV=False -transO=False -causal=False -return_lse=False -split_kv=1 --perf_config=attn:v1:32,256,16,1,1,16,0,1,2,4,0 --current_seq_len=30,227,590 -pv
Errors = loc("<stdin>":25:1): error: ttg.shared (131072) exceeds LDS limit (65536) for amdgcn-amd-amdhsa:gfx1100
Lowering not applicable.

----------------------------------------------------------------------------------------------------
NOT_APPLICABLE: AttentionConfiguration(datatype='f16', g=3, seq_len_q=1, seq_len_k=603, num_heads_q=1, num_heads_kv=1, head_dim_qk=150, head_dim_v=213, with_attn_scale=False, with_attn_bias=True, trans_q=True, trans_k=True, trans_v=False, trans_o=False, causal=False, return_lse=False, split_kv=1, current_seqlen=[30, 227, 590], arch='gfx1100', chip='gfx1100', num_cu=70, num_chiplets=1, perfconfig='attn:v1:32,256,16,1,1,16,0,1,2,4,0')
----------------------------------------------------------------------------------------------------
PASS: AttentionConfiguration(datatype='bf16', g=3, seq_len_q=1, seq_len_k=1335, num_heads_q=1, num_heads_kv=1, head_dim_qk=168, head_dim_v=182, with_attn_scale=True, with_attn_bias=False, trans_q=False, trans_k=False, trans_v=False, trans_o=True, causal=False, return_lse=False, split_kv=1, current_seqlen=[85, 645, 1008], arch='gfx1100', chip='gfx1100', num_cu=70, num_chiplets=1, perfconfig='attn:v1:16,32,16,1,1,16,32,1,1,8,4')
Lowering rejected config as not applicable
Command line = -operation attention -t i8 --arch gfx1100 --num_cu 70 --num_chiplets 1 -g 8 -seq_len_q 1 -seq_len_k 159 -num_heads_q 64 -num_heads_kv 8 -head_dim_qk 166 -head_dim_v 198 -with-attn-scale=True -with-attn-bias=False -transQ=True -transK=True -transV=True -transO=True -causal=False -return_lse=True -split_kv=4 --perf_config=attn:v1:32,256,32,1,1,4,0,1,3,1,4 --current_seq_len=3,65,61,70,93,157,144,88 -pv
Errors = loc("<stdin>":37:1): error: ttg.shared (131072) exceeds LDS limit (65536) for amdgcn-amd-amdhsa:gfx1100
Lowering not applicable.

----------------------------------------------------------------------------------------------------
NOT_APPLICABLE: AttentionConfiguration(datatype='i8', g=8, seq_len_q=1, seq_len_k=159, num_heads_q=64, num_heads_kv=8, head_dim_qk=166, head_dim_v=198, with_attn_scale=True, with_attn_bias=False, trans_q=True, trans_k=True, trans_v=True, trans_o=True, causal=False, return_lse=True, split_kv=4, current_seqlen=[3, 65, 61, 70, 93, 157, 144, 88], arch='gfx1100', chip='gfx1100', num_cu=70, num_chiplets=1, perfconfig='attn:v1:32,256,32,1,1,4,0,1,3,1,4')
Lowering rejected config as not applicable
Command line = -operation attention -t bf16 --arch gfx1100 --num_cu 70 --num_chiplets 1 -g 2 -seq_len_q 1 -seq_len_k 1247 -num_heads_q 16 -num_heads_kv 8 -head_dim_qk 57 -head_dim_v 26 -with-attn-scale=True -with-attn-bias=False -transQ=True -transK=False -transV=False -transO=True -causal=False -return_lse=False -split_kv=1 --perf_config=attn:v1:256,256,32,2,1,2,32,1,2,8,1 --current_seq_len=828,727 -pv -RMS_threshold 1e-2
Errors = loc("<stdin>":28:1): error: ttg.shared (131072) exceeds LDS limit (65536) for amdgcn-amd-amdhsa:gfx1100
Lowering not applicable.

----------------------------------------------------------------------------------------------------
NOT_APPLICABLE: AttentionConfiguration(datatype='bf16', g=2, seq_len_q=1, seq_len_k=1247, num_heads_q=16, num_heads_kv=8, head_dim_qk=57, head_dim_v=26, with_attn_scale=True, with_attn_bias=False, trans_q=True, trans_k=False, trans_v=False, trans_o=True, causal=False, return_lse=False, split_kv=1, current_seqlen=[828, 727], arch='gfx1100', chip='gfx1100', num_cu=70, num_chiplets=1, perfconfig='attn:v1:256,256,32,2,1,2,32,1,2,8,1')
Lowering rejected config as not applicable
Command line = -operation attention -t bf16 --arch gfx1100 --num_cu 70 --num_chiplets 1 -g 8 -seq_len_q 123 -seq_len_k 193 -num_heads_q 1 -num_heads_kv 1 -head_dim_qk 229 -head_dim_v 136 -with-attn-scale=False -with-attn-bias=False -transQ=True -transK=False -transV=True -transO=True -causal=False -return_lse=False -split_kv=1 --perf_config=attn:v1:256,32,64,2,1,1,0,1,3,1,8 -pv -RMS_threshold 1e-2
Errors = loc("<stdin>":12:1): error: ttg.shared (73728) exceeds LDS limit (65536) for amdgcn-amd-amdhsa:gfx1100
Lowering not applicable.

----------------------------------------------------------------------------------------------------
NOT_APPLICABLE: AttentionConfiguration(datatype='bf16', g=8, seq_len_q=123, seq_len_k=193, num_heads_q=1, num_heads_kv=1, head_dim_qk=229, head_dim_v=136, with_attn_scale=False, with_attn_bias=False, trans_q=True, trans_k=False, trans_v=True, trans_o=True, causal=False, return_lse=False, split_kv=1, current_seqlen=None, arch='gfx1100', chip='gfx1100', num_cu=70, num_chiplets=1, perfconfig='attn:v1:256,32,64,2,1,1,0,1,3,1,8')
----------------------------------------------------------------------------------------------------
PASS: AttentionConfiguration(datatype='i8', g=6, seq_len_q=484, seq_len_k=115, num_heads_q=128, num_heads_kv=2, head_dim_qk=184, head_dim_v=174, with_attn_scale=False, with_attn_bias=True, trans_q=False, trans_k=False, trans_v=False, trans_o=False, causal=True, return_lse=False, split_kv=1, current_seqlen=None, arch='gfx1100', chip='gfx1100', num_cu=70, num_chiplets=1, perfconfig='attn:v1:128,64,128,1,1,16,0,1,2,1,8')
----------------------------------------------------------------------------------------------------
PASS: AttentionConfiguration(datatype='i8', g=5, seq_len_q=266, seq_len_k=746, num_heads_q=32, num_heads_kv=16, head_dim_qk=188, head_dim_v=35, with_attn_scale=True, with_attn_bias=True, trans_q=True, trans_k=True, trans_v=False, trans_o=False, causal=False, return_lse=True, split_kv=32, current_seqlen=None, arch='gfx1100', chip='gfx1100', num_cu=70, num_chiplets=1, perfconfig='attn:v1:64,256,16,1,1,1,0,1,3,0,0')
----------------------------------------------------------------------------------------------------
PASS: AttentionConfiguration(datatype='i8', g=8, seq_len_q=371, seq_len_k=441, num_heads_q=128, num_heads_kv=64, head_dim_qk=144, head_dim_v=112, with_attn_scale=True, with_attn_bias=False, trans_q=True, trans_k=True, trans_v=True, trans_o=True, causal=False, return_lse=True, split_kv=4, current_seqlen=None, arch='gfx1100', chip='gfx1100', num_cu=70, num_chiplets=1, perfconfig='attn:v1:128,16,32,1,1,2,16,1,2,0,4')
Lowering rejected config as not applicable
Command line = -operation attention -t f32 --arch gfx1100 --num_cu 70 --num_chiplets 1 -g 5 -seq_len_q 345 -seq_len_k 551 -num_heads_q 128 -num_heads_kv 32 -head_dim_qk 5 -head_dim_v 29 -with-attn-scale=False -with-attn-bias=False -transQ=False -transK=False -transV=True -transO=False -causal=True -return_lse=False -split_kv=1 --perf_config=attn:v1:64,256,16,2,1,8,32,1,3,2,1 -pv -relDiff_threshold 1e-4
Errors = loc("<stdin>":17:1): error: ttg.shared (163840) exceeds LDS limit (65536) for amdgcn-amd-amdhsa:gfx1100
Lowering not applicable.

FAIL: Runner returned incorrect result
Config = AttentionConfiguration(datatype='f16', g=2, seq_len_q=75, seq_len_k=20, num_heads_q=1, num_heads_kv=1, head_dim_qk=79, head_dim_v=47, with_attn_scale=True, with_attn_bias=False, trans_q=False, trans_k=True, trans_v=False, trans_o=True, causal=True, return_lse=True, split_kv=32, current_seqlen=None, arch='gfx1100', chip='gfx1100', num_cu=70, num_chiplets=1, perfconfig='attn:v1:32,256,32,1,1,8,0,1,2,2,4')
Command line = -operation attention -t f16 --arch gfx1100 --num_cu 70 --num_chiplets 1 -g 2 -seq_len_q 75 -seq_len_k 20 -num_heads_q 1 -num_heads_kv 1 -head_dim_qk 79 -head_dim_v 47 -with-attn-scale=True -with-attn-bias=False -transQ=False -transK=True -transV=False -transO=True -causal=True -return_lse=True -split_kv=32 --perf_config=attn:v1:32,256,32,1,1,8,0,1,2,2,4 -pv
Output = Number of elements: 225600
maxAbsDiff info: maxAbsDiff = 0.003418 (valNum = -0.98877, gpuNum = -0.98535), average absDiff = 9.9e-04
maxRelDiff info: maxRelDiff = 5.5e-03 (valNum = 0.4887695312, gpuNum = 0.4860839844), average relDiff = 1.6e-03
RMS = 1.5e-03
Histogram of relDiff: 
        relDiff = 0     : 71008/225600 (31.475177%)
     0 < relDiff < 1e-06: 0/225600 (0.000000%)
1e-06 < relDiff <= 1e-05: 0/225600 (0.000000%)
1e-05 < relDiff <= 1e-04: 0/225600 (0.000000%)
1e-04 < relDiff <= 1e-03: 44928/225600 (19.914894%)
1e-03 < relDiff <= 1e-02: 109664/225600 (48.609929%)
1e-02 < relDiff <= 1e-01: 0/225600 (0.000000%)
1e-01 < relDiff <= 1e+00: 0/225600 (0.000000%)
1e+00 < relDiff < inf   : 0/225600 (0.000000%)
        relDiff = inf   : 0/225600 (0.000000%)
[0 1 1]

FAIL: Runner returned incorrect result
Config = AttentionConfiguration(datatype='i8', g=4, seq_len_q=211, seq_len_k=194, num_heads_q=16, num_heads_kv=8, head_dim_qk=20, head_dim_v=56, with_attn_scale=True, with_attn_bias=True, trans_q=False, trans_k=False, trans_v=False, trans_o=False, causal=False, return_lse=True, split_kv=16, current_seqlen=None, arch='gfx1100', chip='gfx1100', num_cu=70, num_chiplets=1, perfconfig='attn:v1:64,32,16,1,1,1,0,1,3,4,1')
Command line = -operation attention -t i8 --arch gfx1100 --num_cu 70 --num_chiplets 1 -g 4 -seq_len_q 211 -seq_len_k 194 -num_heads_q 16 -num_heads_kv 8 -head_dim_qk 20 -head_dim_v 56 -with-attn-scale=True -with-attn-bias=True -transQ=False -transK=False -transV=False -transO=False -causal=False -return_lse=True -split_kv=16 --perf_config=attn:v1:64,32,16,1,1,1,0,1,3,4,1 -pv
Output = Number of elements: 12099584
maxAbsDiff info: maxAbsDiff = 0.003662 (valNum = -0.20715, gpuNum = -0.20349), average absDiff = 5.9e-04
maxRelDiff info: maxRelDiff = 2.2e-02 (valNum = -0.1373291016, gpuNum = -0.1403808594), average relDiff = 2.1e-03
RMS = 1.0e-03
Histogram of relDiff: 
        relDiff = 0     : 2690624/12099584 (22.237327%)
     0 < relDiff < 1e-06: 0/12099584 (0.000000%)
1e-06 < relDiff <= 1e-05: 0/12099584 (0.000000%)
1e-05 < relDiff <= 1e-04: 0/12099584 (0.000000%)
1e-04 < relDiff <= 1e-03: 7313760/12099584 (60.446376%)
1e-03 < relDiff <= 1e-02: 1237920/12099584 (10.231096%)
1e-02 < relDiff <= 1e-01: 857280/12099584 (7.085202%)
1e-01 < relDiff <= 1e+00: 0/12099584 (0.000000%)
1e+00 < relDiff < inf   : 0/12099584 (0.000000%)
        relDiff = inf   : 0/12099584 (0.000000%)
[0 1 1]

----------------------------------------------------------------------------------------------------
NOT_APPLICABLE: AttentionConfiguration(datatype='f32', g=5, seq_len_q=345, seq_len_k=551, num_heads_q=128, num_heads_kv=32, head_dim_qk=5, head_dim_v=29, with_attn_scale=False, with_attn_bias=False, trans_q=False, trans_k=False, trans_v=True, trans_o=False, causal=True, return_lse=False, split_kv=1, current_seqlen=None, arch='gfx1100', chip='gfx1100', num_cu=70, num_chiplets=1, perfconfig='attn:v1:64,256,16,2,1,8,32,1,3,2,1')
Lowering rejected config as not applicable
Command line = -operation attention -t f32 --arch gfx1100 --num_cu 70 --num_chiplets 1 -g 2 -seq_len_q 1 -seq_len_k 620 -num_heads_q 1 -num_heads_kv 1 -head_dim_qk 111 -head_dim_v 194 -with-attn-scale=True -with-attn-bias=True -transQ=True -transK=True -transV=False -transO=False -causal=False -return_lse=True -split_kv=4 --perf_config=attn:v1:128,64,128,2,1,16,0,1,2,0,8 --current_seq_len=610,223 -pv -relDiff_threshold 1e-4
Errors = loc("<stdin>":29:1): error: ttg.shared (131072) exceeds LDS limit (65536) for amdgcn-amd-amdhsa:gfx1100
Lowering not applicable.

----------------------------------------------------------------------------------------------------
NOT_APPLICABLE: AttentionConfiguration(datatype='f32', g=2, seq_len_q=1, seq_len_k=620, num_heads_q=1, num_heads_kv=1, head_dim_qk=111, head_dim_v=194, with_attn_scale=True, with_attn_bias=True, trans_q=True, trans_k=True, trans_v=False, trans_o=False, causal=False, return_lse=True, split_kv=4, current_seqlen=[610, 223], arch='gfx1100', chip='gfx1100', num_cu=70, num_chiplets=1, perfconfig='attn:v1:128,64,128,2,1,16,0,1,2,0,8')
----------------------------------------------------------------------------------------------------
FAIL: AttentionConfiguration(datatype='f16', g=2, seq_len_q=75, seq_len_k=20, num_heads_q=1, num_heads_kv=1, head_dim_qk=79, head_dim_v=47, with_attn_scale=True, with_attn_bias=False, trans_q=False, trans_k=True, trans_v=False, trans_o=True, causal=True, return_lse=True, split_kv=32, current_seqlen=None, arch='gfx1100', chip='gfx1100', num_cu=70, num_chiplets=1, perfconfig='attn:v1:32,256,32,1,1,8,0,1,2,2,4')
----------------------------------------------------------------------------------------------------
PASS: AttentionConfiguration(datatype='i8', g=8, seq_len_q=1, seq_len_k=23, num_heads_q=16, num_heads_kv=8, head_dim_qk=177, head_dim_v=31, with_attn_scale=False, with_attn_bias=True, trans_q=False, trans_k=True, trans_v=False, trans_o=True, causal=False, return_lse=True, split_kv=16, current_seqlen=[3, 1, 5, 12, 8, 14, 8, 7], arch='gfx1100', chip='gfx1100', num_cu=70, num_chiplets=1, perfconfig='attn:v1:64,128,64,2,1,8,16,1,3,4,1')
----------------------------------------------------------------------------------------------------
PASS: AttentionConfiguration(datatype='i8', g=5, seq_len_q=1, seq_len_k=295, num_heads_q=64, num_heads_kv=32, head_dim_qk=170, head_dim_v=231, with_attn_scale=True, with_attn_bias=False, trans_q=True, trans_k=True, trans_v=True, trans_o=True, causal=False, return_lse=True, split_kv=1, current_seqlen=[289, 32, 33, 130, 128], arch='gfx1100', chip='gfx1100', num_cu=70, num_chiplets=1, perfconfig='attn:v1:256,64,64,1,1,16,32,1,3,0,4')
----------------------------------------------------------------------------------------------------
FAIL: AttentionConfiguration(datatype='i8', g=4, seq_len_q=211, seq_len_k=194, num_heads_q=16, num_heads_kv=8, head_dim_qk=20, head_dim_v=56, with_attn_scale=True, with_attn_bias=True, trans_q=False, trans_k=False, trans_v=False, trans_o=False, causal=False, return_lse=True, split_kv=16, current_seqlen=None, arch='gfx1100', chip='gfx1100', num_cu=70, num_chiplets=1, perfconfig='attn:v1:64,32,16,1,1,1,0,1,3,4,1')
----------------------------------------------------------------------------------------------------
PASS: AttentionConfiguration(datatype='f32', g=3, seq_len_q=216, seq_len_k=958, num_heads_q=128, num_heads_kv=64, head_dim_qk=35, head_dim_v=133, with_attn_scale=False, with_attn_bias=True, trans_q=True, trans_k=True, trans_v=False, trans_o=False, causal=False, return_lse=True, split_kv=8, current_seqlen=None, arch='gfx1100', chip='gfx1100', num_cu=70, num_chiplets=1, perfconfig='attn:v1:16,16,32,2,1,8,0,1,3,1,8')
----------------------------------------------------------------------------------------------------
PASS: AttentionConfiguration(datatype='i8', g=2, seq_len_q=1, seq_len_k=1145, num_heads_q=1, num_heads_kv=1, head_dim_qk=133, head_dim_v=191, with_attn_scale=True, with_attn_bias=True, trans_q=True, trans_k=True, trans_v=False, trans_o=False, causal=False, return_lse=True, split_kv=32, current_seqlen=[295, 228], arch='gfx1100', chip='gfx1100', num_cu=70, num_chiplets=1, perfconfig='attn:v1:64,64,64,2,1,1,32,1,2,4,4')
Lowering rejected config as not applicable
Command line = -operation attention -t f32 --arch gfx1100 --num_cu 70 --num_chiplets 1 -g 1 -seq_len_q 1 -seq_len_k 1879 -num_heads_q 32 -num_heads_kv 16 -head_dim_qk 219 -head_dim_v 255 -with-attn-scale=True -with-attn-bias=True -transQ=True -transK=False -transV=True -transO=True -causal=False -return_lse=False -split_kv=1 --perf_config=attn:v1:256,32,32,2,1,8,0,1,3,2,4 --current_seq_len=956 -pv -relDiff_threshold 1e-4
Errors = loc("<stdin>":27:1): error: ttg.shared (73728) exceeds LDS limit (65536) for amdgcn-amd-amdhsa:gfx1100
Lowering not applicable.

----------------------------------------------------------------------------------------------------
NOT_APPLICABLE: AttentionConfiguration(datatype='f32', g=1, seq_len_q=1, seq_len_k=1879, num_heads_q=32, num_heads_kv=16, head_dim_qk=219, head_dim_v=255, with_attn_scale=True, with_attn_bias=True, trans_q=True, trans_k=False, trans_v=True, trans_o=True, causal=False, return_lse=False, split_kv=1, current_seqlen=[956], arch='gfx1100', chip='gfx1100', num_cu=70, num_chiplets=1, perfconfig='attn:v1:256,32,32,2,1,8,0,1,3,2,4')
Lowering rejected config as not applicable
Command line = -operation attention -t f16 --arch gfx1100 --num_cu 70 --num_chiplets 1 -g 8 -seq_len_q 1 -seq_len_k 33 -num_heads_q 64 -num_heads_kv 16 -head_dim_qk 31 -head_dim_v 165 -with-attn-scale=False -with-attn-bias=False -transQ=False -transK=False -transV=False -transO=True -causal=False -return_lse=False -split_kv=1 --perf_config=attn:v1:128,64,32,1,1,8,16,1,3,8,1 --current_seq_len=1,13,23,1,25,10,21,23 -pv
Errors = loc("<stdin>":26:1): error: ttg.shared (73728) exceeds LDS limit (65536) for amdgcn-amd-amdhsa:gfx1100
Lowering not applicable.

----------------------------------------------------------------------------------------------------
NOT_APPLICABLE: AttentionConfiguration(datatype='f16', g=8, seq_len_q=1, seq_len_k=33, num_heads_q=64, num_heads_kv=16, head_dim_qk=31, head_dim_v=165, with_attn_scale=False, with_attn_bias=False, trans_q=False, trans_k=False, trans_v=False, trans_o=True, causal=False, return_lse=False, split_kv=1, current_seqlen=[1, 13, 23, 1, 25, 10, 21, 23], arch='gfx1100', chip='gfx1100', num_cu=70, num_chiplets=1, perfconfig='attn:v1:128,64,32,1,1,8,16,1,3,8,1')
----------------------------------------------------------------------------------------------------
PASS: AttentionConfiguration(datatype='f16', g=6, seq_len_q=1, seq_len_k=194, num_heads_q=1, num_heads_kv=1, head_dim_qk=17, head_dim_v=88, with_attn_scale=False, with_attn_bias=False, trans_q=True, trans_k=False, trans_v=False, trans_o=False, causal=False, return_lse=False, split_kv=1, current_seqlen=[32, 187, 40, 53, 23, 66], arch='gfx1100', chip='gfx1100', num_cu=70, num_chiplets=1, perfconfig='attn:v1:32,16,64,1,1,2,32,1,2,4,2')
----------------------------------------------------------------------------------------------------
PASS: AttentionConfiguration(datatype='i8', g=5, seq_len_q=1, seq_len_k=351, num_heads_q=1, num_heads_kv=1, head_dim_qk=13, head_dim_v=3, with_attn_scale=False, with_attn_bias=True, trans_q=False, trans_k=False, trans_v=True, trans_o=True, causal=False, return_lse=True, split_kv=8, current_seqlen=[162, 36, 276, 19, 308], arch='gfx1100', chip='gfx1100', num_cu=70, num_chiplets=1, perfconfig='attn:v1:32,32,16,1,1,4,0,1,3,2,0')
FAIL: Runner returned incorrect result
Config = AttentionConfiguration(datatype='i8', g=3, seq_len_q=1216, seq_len_k=162, num_heads_q=32, num_heads_kv=2, head_dim_qk=217, head_dim_v=128, with_attn_scale=True, with_attn_bias=False, trans_q=True, trans_k=True, trans_v=True, trans_o=False, causal=True, return_lse=False, split_kv=1, current_seqlen=None, arch='gfx1100', chip='gfx1100', num_cu=70, num_chiplets=1, perfconfig='attn:v1:16,256,64,2,1,8,16,1,1,2,2')
Command line = -operation attention -t i8 --arch gfx1100 --num_cu 70 --num_chiplets 1 -g 3 -seq_len_q 1216 -seq_len_k 162 -num_heads_q 32 -num_heads_kv 2 -head_dim_qk 217 -head_dim_v 128 -with-attn-scale=True -with-attn-bias=False -transQ=True -transK=True -transV=True -transO=False -causal=True -return_lse=False -split_kv=1 --perf_config=attn:v1:16,256,64,2,1,8,16,1,1,2,2 -pv
Output = Number of elements: 14942208
maxAbsDiff info: maxAbsDiff = 0.500000 (valNum = 0.50000, gpuNum = 0.00000), average absDiff = 1.7e-01
maxRelDiff info: maxRelDiff = 1.0e+00 (valNum = 0.5000000000, gpuNum = 0.0000000000), average relDiff = 3.3e-01
RMS = 2.9e-01
Histogram of relDiff: 
        relDiff = 0     : 9859072/14942208 (65.981360%)
     0 < relDiff < 1e-06: 0/14942208 (0.000000%)
1e-06 < relDiff <= 1e-05: 0/14942208 (0.000000%)
1e-05 < relDiff <= 1e-04: 0/14942208 (0.000000%)
1e-04 < relDiff <= 1e-03: 98304/14942208 (0.657895%)
1e-03 < relDiff <= 1e-02: 0/14942208 (0.000000%)
1e-02 < relDiff <= 1e-01: 0/14942208 (0.000000%)
1e-01 < relDiff <= 1e+00: 4984832/14942208 (33.360746%)
1e+00 < relDiff < inf   : 0/14942208 (0.000000%)
        relDiff = inf   : 0/14942208 (0.000000%)
[0 1 1]

FAIL: Runner returned incorrect result
Config = AttentionConfiguration(datatype='f32', g=6, seq_len_q=8, seq_len_k=313, num_heads_q=128, num_heads_kv=64, head_dim_qk=87, head_dim_v=224, with_attn_scale=False, with_attn_bias=True, trans_q=False, trans_k=True, trans_v=False, trans_o=False, causal=True, return_lse=True, split_kv=4, current_seqlen=None, arch='gfx1100', chip='gfx1100', num_cu=70, num_chiplets=1, perfconfig='attn:v1:32,32,16,1,1,16,16,1,2,4,4')
Command line = -operation attention -t f32 --arch gfx1100 --num_cu 70 --num_chiplets 1 -g 6 -seq_len_q 8 -seq_len_k 313 -num_heads_q 128 -num_heads_kv 64 -head_dim_qk 87 -head_dim_v 224 -with-attn-scale=False -with-attn-bias=True -transQ=False -transK=True -transV=False -transO=False -causal=True -return_lse=True -split_kv=4 --perf_config=attn:v1:32,32,16,1,1,16,16,1,2,4,4 -pv -relDiff_threshold 1e-4
Output = Number of elements: 5505024
maxAbsDiff info: maxAbsDiff = 0.000002 (valNum = -0.01619, gpuNum = -0.01619), average absDiff = 8.4e-07
maxRelDiff info: maxRelDiff = 2.1e-04 (valNum = 0.0078484118, gpuNum = 0.0078500714), average relDiff = 1.5e-05
RMS = 1.1e-06
Histogram of relDiff: 
        relDiff = 0     : 688128/5505024 (12.500000%)
     0 < relDiff < 1e-06: 1758720/5505024 (31.947545%)
1e-06 < relDiff <= 1e-05: 1758208/5505024 (31.938244%)
1e-05 < relDiff <= 1e-04: 1069568/5505024 (19.428943%)
1e-04 < relDiff <= 1e-03: 230400/5505024 (4.185268%)
1e-03 < relDiff <= 1e-02: 0/5505024 (0.000000%)
1e-02 < relDiff <= 1e-01: 0/5505024 (0.000000%)
1e-01 < relDiff <= 1e+00: 0/5505024 (0.000000%)
1e+00 < relDiff < inf   : 0/5505024 (0.000000%)
        relDiff = inf   : 0/5505024 (0.000000%)
[1 1 0]

----------------------------------------------------------------------------------------------------
PASS: AttentionConfiguration(datatype='bf16', g=2, seq_len_q=6, seq_len_k=67, num_heads_q=1, num_heads_kv=1, head_dim_qk=113, head_dim_v=60, with_attn_scale=False, with_attn_bias=False, trans_q=False, trans_k=False, trans_v=False, trans_o=False, causal=True, return_lse=True, split_kv=4, current_seqlen=None, arch='gfx1100', chip='gfx1100', num_cu=70, num_chiplets=1, perfconfig='attn:v1:32,16,128,2,1,4,0,1,1,1,1')
----------------------------------------------------------------------------------------------------
PASS: AttentionConfiguration(datatype='bf16', g=2, seq_len_q=1, seq_len_k=164, num_heads_q=128, num_heads_kv=64, head_dim_qk=200, head_dim_v=116, with_attn_scale=True, with_attn_bias=False, trans_q=True, trans_k=False, trans_v=False, trans_o=False, causal=False, return_lse=True, split_kv=8, current_seqlen=[155, 108], arch='gfx1100', chip='gfx1100', num_cu=70, num_chiplets=1, perfconfig='attn:v1:64,16,64,2,1,1,0,1,1,2,0')
----------------------------------------------------------------------------------------------------
FAIL: AttentionConfiguration(datatype='i8', g=3, seq_len_q=1216, seq_len_k=162, num_heads_q=32, num_heads_kv=2, head_dim_qk=217, head_dim_v=128, with_attn_scale=True, with_attn_bias=False, trans_q=True, trans_k=True, trans_v=True, trans_o=False, causal=True, return_lse=False, split_kv=1, current_seqlen=None, arch='gfx1100', chip='gfx1100', num_cu=70, num_chiplets=1, perfconfig='attn:v1:16,256,64,2,1,8,16,1,1,2,2')
----------------------------------------------------------------------------------------------------
PASS: AttentionConfiguration(datatype='i8', g=8, seq_len_q=1, seq_len_k=395, num_heads_q=128, num_heads_kv=32, head_dim_qk=158, head_dim_v=156, with_attn_scale=True, with_attn_bias=True, trans_q=False, trans_k=False, trans_v=True, trans_o=False, causal=False, return_lse=True, split_kv=1, current_seqlen=[189, 307, 352, 352, 263, 233, 274, 38], arch='gfx1100', chip='gfx1100', num_cu=70, num_chiplets=1, perfconfig='attn:v1:256,128,64,1,1,4,32,1,3,4,0')
Lowering rejected config as not applicable
Command line = -operation attention -t f16 --arch gfx1100 --num_cu 70 --num_chiplets 1 -g 6 -seq_len_q 400 -seq_len_k 17 -num_heads_q 64 -num_heads_kv 32 -head_dim_qk 113 -head_dim_v 6 -with-attn-scale=True -with-attn-bias=True -transQ=True -transK=True -transV=False -transO=False -causal=False -return_lse=True -split_kv=1 --perf_config=attn:v1:256,128,128,2,1,16,0,1,3,4,1 -pv
Errors = loc("<stdin>":22:1): error: ttg.shared (131072) exceeds LDS limit (65536) for amdgcn-amd-amdhsa:gfx1100
Lowering not applicable.

----------------------------------------------------------------------------------------------------
NOT_APPLICABLE: AttentionConfiguration(datatype='f16', g=6, seq_len_q=400, seq_len_k=17, num_heads_q=64, num_heads_kv=32, head_dim_qk=113, head_dim_v=6, with_attn_scale=True, with_attn_bias=True, trans_q=True, trans_k=True, trans_v=False, trans_o=False, causal=False, return_lse=True, split_kv=1, current_seqlen=None, arch='gfx1100', chip='gfx1100', num_cu=70, num_chiplets=1, perfconfig='attn:v1:256,128,128,2,1,16,0,1,3,4,1')
Lowering rejected config as not applicable
Command line = -operation attention -t f32 --arch gfx1100 --num_cu 70 --num_chiplets 1 -g 7 -seq_len_q 232 -seq_len_k 276 -num_heads_q 1 -num_heads_kv 1 -head_dim_qk 193 -head_dim_v 151 -with-attn-scale=True -with-attn-bias=True -transQ=False -transK=True -transV=False -transO=False -causal=True -return_lse=True -split_kv=8 --perf_config=attn:v1:32,256,128,2,1,4,16,1,1,0,0 -pv -relDiff_threshold 1e-4
Errors = loc("<stdin>":25:1): error: ttg.shared (262144) exceeds LDS limit (65536) for amdgcn-amd-amdhsa:gfx1100
Lowering not applicable.

----------------------------------------------------------------------------------------------------
NOT_APPLICABLE: AttentionConfiguration(datatype='f32', g=7, seq_len_q=232, seq_len_k=276, num_heads_q=1, num_heads_kv=1, head_dim_qk=193, head_dim_v=151, with_attn_scale=True, with_attn_bias=True, trans_q=False, trans_k=True, trans_v=False, trans_o=False, causal=True, return_lse=True, split_kv=8, current_seqlen=None, arch='gfx1100', chip='gfx1100', num_cu=70, num_chiplets=1, perfconfig='attn:v1:32,256,128,2,1,4,16,1,1,0,0')
----------------------------------------------------------------------------------------------------
FAIL: AttentionConfiguration(datatype='f32', g=6, seq_len_q=8, seq_len_k=313, num_heads_q=128, num_heads_kv=64, head_dim_qk=87, head_dim_v=224, with_attn_scale=False, with_attn_bias=True, trans_q=False, trans_k=True, trans_v=False, trans_o=False, causal=True, return_lse=True, split_kv=4, current_seqlen=None, arch='gfx1100', chip='gfx1100', num_cu=70, num_chiplets=1, perfconfig='attn:v1:32,32,16,1,1,16,16,1,2,4,4')
----------------------------------------------------------------------------------------------------
PASS: AttentionConfiguration(datatype='i8', g=5, seq_len_q=16, seq_len_k=534, num_heads_q=1, num_heads_kv=1, head_dim_qk=12, head_dim_v=243, with_attn_scale=False, with_attn_bias=False, trans_q=True, trans_k=False, trans_v=False, trans_o=False, causal=True, return_lse=False, split_kv=1, current_seqlen=None, arch='gfx1100', chip='gfx1100', num_cu=70, num_chiplets=1, perfconfig='attn:v1:128,32,128,2,1,8,0,1,2,0,2')
Lowering rejected config as not applicable
Command line = -operation attention -t i8 --arch gfx1100 --num_cu 70 --num_chiplets 1 -g 7 -seq_len_q 1 -seq_len_k 47 -num_heads_q 64 -num_heads_kv 8 -head_dim_qk 152 -head_dim_v 160 -with-attn-scale=True -with-attn-bias=False -transQ=True -transK=True -transV=True -transO=True -causal=False -return_lse=False -split_kv=1 --perf_config=attn:v1:128,256,64,2,1,2,16,1,1,4,1 --current_seq_len=23,5,28,16,18,6,45 -pv
Errors = loc("<stdin>":32:1): error: ttg.shared (131072) exceeds LDS limit (65536) for amdgcn-amd-amdhsa:gfx1100
Lowering not applicable.

----------------------------------------------------------------------------------------------------
NOT_APPLICABLE: AttentionConfiguration(datatype='i8', g=7, seq_len_q=1, seq_len_k=47, num_heads_q=64, num_heads_kv=8, head_dim_qk=152, head_dim_v=160, with_attn_scale=True, with_attn_bias=False, trans_q=True, trans_k=True, trans_v=True, trans_o=True, causal=False, return_lse=False, split_kv=1, current_seqlen=[23, 5, 28, 16, 18, 6, 45], arch='gfx1100', chip='gfx1100', num_cu=70, num_chiplets=1, perfconfig='attn:v1:128,256,64,2,1,2,16,1,1,4,1')
----------------------------------------------------------------------------------------------------
PASS: AttentionConfiguration(datatype='bf16', g=3, seq_len_q=13, seq_len_k=1306, num_heads_q=1, num_heads_kv=1, head_dim_qk=108, head_dim_v=69, with_attn_scale=False, with_attn_bias=True, trans_q=True, trans_k=False, trans_v=False, trans_o=True, causal=True, return_lse=True, split_kv=2, current_seqlen=None, arch='gfx1100', chip='gfx1100', num_cu=70, num_chiplets=1, perfconfig='attn:v1:256,16,16,2,1,2,0,1,1,0,2')
----------------------------------------------------------------------------------------------------
PASS: AttentionConfiguration(datatype='f32', g=3, seq_len_q=158, seq_len_k=820, num_heads_q=128, num_heads_kv=4, head_dim_qk=70, head_dim_v=136, with_attn_scale=False, with_attn_bias=False, trans_q=True, trans_k=False, trans_v=True, trans_o=True, causal=True, return_lse=False, split_kv=1, current_seqlen=None, arch='gfx1100', chip='gfx1100', num_cu=70, num_chiplets=1, perfconfig='attn:v1:64,16,32,2,1,1,32,1,1,2,1')
----------------------------------------------------------------------------------------------------
PASS: AttentionConfiguration(datatype='f32', g=2, seq_len_q=1, seq_len_k=1362, num_heads_q=8, num_heads_kv=4, head_dim_qk=222, head_dim_v=71, with_attn_scale=True, with_attn_bias=True, trans_q=False, trans_k=True, trans_v=True, trans_o=False, causal=False, return_lse=False, split_kv=1, current_seqlen=[250, 123], arch='gfx1100', chip='gfx1100', num_cu=70, num_chiplets=1, perfconfig='attn:v1:128,128,16,1,1,1,32,1,1,8,2')
FAIL: Timeout in rocmlir-driver stage (120s)
Config = AttentionConfiguration(datatype='f32', g=1, seq_len_q=1, seq_len_k=1589, num_heads_q=1, num_heads_kv=1, head_dim_qk=232, head_dim_v=201, with_attn_scale=True, with_attn_bias=True, trans_q=False, trans_k=True, trans_v=False, trans_o=True, causal=False, return_lse=False, split_kv=1, current_seqlen=[805], arch='gfx1100', chip='gfx1100', num_cu=70, num_chiplets=1, perfconfig='attn:v1:256,32,16,1,1,1,16,1,1,4,8')
Command line = -operation attention -t f32 --arch gfx1100 --num_cu 70 --num_chiplets 1 -g 1 -seq_len_q 1 -seq_len_k 1589 -num_heads_q 1 -num_heads_kv 1 -head_dim_qk 232 -head_dim_v 201 -with-attn-scale=True -with-attn-bias=True -transQ=False -transK=True -transV=False -transO=True -causal=False -return_lse=False -split_kv=1 --perf_config=attn:v1:256,32,16,1,1,1,16,1,1,4,8 --current_seq_len=805 -pv -relDiff_threshold 1e-4
----------------------------------------------------------------------------------------------------
PASS: AttentionConfiguration(datatype='f32', g=4, seq_len_q=1, seq_len_k=593, num_heads_q=1, num_heads_kv=1, head_dim_qk=189, head_dim_v=199, with_attn_scale=False, with_attn_bias=True, trans_q=False, trans_k=True, trans_v=True, trans_o=True, causal=False, return_lse=False, split_kv=1, current_seqlen=[364, 558, 333, 500], arch='gfx1100', chip='gfx1100', num_cu=70, num_chiplets=1, perfconfig='attn:v1:32,16,128,1,1,16,32,1,2,0,4')
----------------------------------------------------------------------------------------------------
PASS: AttentionConfiguration(datatype='bf16', g=1, seq_len_q=183, seq_len_k=811, num_heads_q=4, num_heads_kv=2, head_dim_qk=164, head_dim_v=41, with_attn_scale=True, with_attn_bias=False, trans_q=True, trans_k=False, trans_v=True, trans_o=False, causal=True, return_lse=False, split_kv=1, current_seqlen=None, arch='gfx1100', chip='gfx1100', num_cu=70, num_chiplets=1, perfconfig='attn:v1:128,64,32,1,1,8,16,1,1,8,8')
Lowering rejected config as not applicable
Command line = -operation attention -t f16 --arch gfx1100 --num_cu 70 --num_chiplets 1 -g 3 -seq_len_q 19 -seq_len_k 606 -num_heads_q 128 -num_heads_kv 4 -head_dim_qk 79 -head_dim_v 229 -with-attn-scale=False -with-attn-bias=False -transQ=True -transK=True -transV=False -transO=False -causal=False -return_lse=False -split_kv=1 --perf_config=attn:v1:64,256,128,2,1,4,0,1,1,1,4 -pv
Errors = loc("<stdin>":17:1): error: ttg.shared (131072) exceeds LDS limit (65536) for amdgcn-amd-amdhsa:gfx1100
Lowering not applicable.

----------------------------------------------------------------------------------------------------
NOT_APPLICABLE: AttentionConfiguration(datatype='f16', g=3, seq_len_q=19, seq_len_k=606, num_heads_q=128, num_heads_kv=4, head_dim_qk=79, head_dim_v=229, with_attn_scale=False, with_attn_bias=False, trans_q=True, trans_k=True, trans_v=False, trans_o=False, causal=False, return_lse=False, split_kv=1, current_seqlen=None, arch='gfx1100', chip='gfx1100', num_cu=70, num_chiplets=1, perfconfig='attn:v1:64,256,128,2,1,4,0,1,1,1,4')
Lowering rejected config as not applicable
Command line = -operation attention -t bf16 --arch gfx1100 --num_cu 70 --num_chiplets 1 -g 6 -seq_len_q 169 -seq_len_k 374 -num_heads_q 1 -num_heads_kv 1 -head_dim_qk 250 -head_dim_v 208 -with-attn-scale=True -with-attn-bias=False -transQ=False -transK=True -transV=True -transO=True -causal=True -return_lse=True -split_kv=32 --perf_config=attn:v1:16,256,128,1,1,1,0,1,3,1,2 -pv -RMS_threshold 1e-2
Errors = loc("<stdin>":25:1): error: ttg.shared (139264) exceeds LDS limit (65536) for amdgcn-amd-amdhsa:gfx1100
Lowering not applicable.

----------------------------------------------------------------------------------------------------
NOT_APPLICABLE: AttentionConfiguration(datatype='bf16', g=6, seq_len_q=169, seq_len_k=374, num_heads_q=1, num_heads_kv=1, head_dim_qk=250, head_dim_v=208, with_attn_scale=True, with_attn_bias=False, trans_q=False, trans_k=True, trans_v=True, trans_o=True, causal=True, return_lse=True, split_kv=32, current_seqlen=None, arch='gfx1100', chip='gfx1100', num_cu=70, num_chiplets=1, perfconfig='attn:v1:16,256,128,1,1,1,0,1,3,1,2')
----------------------------------------------------------------------------------------------------
PASS: AttentionConfiguration(datatype='i8', g=6, seq_len_q=30, seq_len_k=265, num_heads_q=128, num_heads_kv=2, head_dim_qk=13, head_dim_v=102, with_attn_scale=False, with_attn_bias=False, trans_q=False, trans_k=True, trans_v=True, trans_o=True, causal=True, return_lse=True, split_kv=8, current_seqlen=None, arch='gfx1100', chip='gfx1100', num_cu=70, num_chiplets=1, perfconfig='attn:v1:64,32,32,1,1,16,32,1,3,4,4')
----------------------------------------------------------------------------------------------------
PASS: AttentionConfiguration(datatype='f32', g=2, seq_len_q=1, seq_len_k=1766, num_heads_q=128, num_heads_kv=8, head_dim_qk=76, head_dim_v=228, with_attn_scale=True, with_attn_bias=True, trans_q=False, trans_k=False, trans_v=True, trans_o=True, causal=False, return_lse=False, split_kv=1, current_seqlen=[1705, 679], arch='gfx1100', chip='gfx1100', num_cu=70, num_chiplets=1, perfconfig='attn:v1:128,16,32,2,1,2,16,1,2,8,1')
Lowering rejected config as not applicable
Command line = -operation attention -t f16 --arch gfx1100 --num_cu 70 --num_chiplets 1 -g 4 -seq_len_q 1 -seq_len_k 865 -num_heads_q 1 -num_heads_kv 1 -head_dim_qk 160 -head_dim_v 158 -with-attn-scale=True -with-attn-bias=False -transQ=False -transK=True -transV=False -transO=False -causal=False -return_lse=False -split_kv=1 --perf_config=attn:v1:128,256,64,2,1,1,0,1,1,8,2 --current_seq_len=304,144,317,504 -pv
Errors = loc("<stdin>":25:1): error: ttg.shared (131072) exceeds LDS limit (65536) for amdgcn-amd-amdhsa:gfx1100
Lowering not applicable.

----------------------------------------------------------------------------------------------------
NOT_APPLICABLE: AttentionConfiguration(datatype='f16', g=4, seq_len_q=1, seq_len_k=865, num_heads_q=1, num_heads_kv=1, head_dim_qk=160, head_dim_v=158, with_attn_scale=True, with_attn_bias=False, trans_q=False, trans_k=True, trans_v=False, trans_o=False, causal=False, return_lse=False, split_kv=1, current_seqlen=[304, 144, 317, 504], arch='gfx1100', chip='gfx1100', num_cu=70, num_chiplets=1, perfconfig='attn:v1:128,256,64,2,1,1,0,1,1,8,2')
----------------------------------------------------------------------------------------------------
FAIL: AttentionConfiguration(datatype='f32', g=1, seq_len_q=1, seq_len_k=1589, num_heads_q=1, num_heads_kv=1, head_dim_qk=232, head_dim_v=201, with_attn_scale=True, with_attn_bias=True, trans_q=False, trans_k=True, trans_v=False, trans_o=True, causal=False, return_lse=False, split_kv=1, current_seqlen=[805], arch='gfx1100', chip='gfx1100', num_cu=70, num_chiplets=1, perfconfig='attn:v1:256,32,16,1,1,1,16,1,1,4,8')
Lowering rejected config as not applicable
Command line = -operation attention -t f32 --arch gfx1100 --num_cu 70 --num_chiplets 1 -g 5 -seq_len_q 1 -seq_len_k 514 -num_heads_q 1 -num_heads_kv 1 -head_dim_qk 12 -head_dim_v 138 -with-attn-scale=True -with-attn-bias=False -transQ=True -transK=True -transV=False -transO=True -causal=False -return_lse=False -split_kv=1 --perf_config=attn:v1:256,32,128,2,1,16,32,1,1,0,0 --current_seq_len=259,461,441,285,277 -pv -relDiff_threshold 1e-4
Errors = loc("<stdin>":25:1): error: ttg.shared (131072) exceeds LDS limit (65536) for amdgcn-amd-amdhsa:gfx1100
Lowering not applicable.

----------------------------------------------------------------------------------------------------
NOT_APPLICABLE: AttentionConfiguration(datatype='f32', g=5, seq_len_q=1, seq_len_k=514, num_heads_q=1, num_heads_kv=1, head_dim_qk=12, head_dim_v=138, with_attn_scale=True, with_attn_bias=False, trans_q=True, trans_k=True, trans_v=False, trans_o=True, causal=False, return_lse=False, split_kv=1, current_seqlen=[259, 461, 441, 285, 277], arch='gfx1100', chip='gfx1100', num_cu=70, num_chiplets=1, perfconfig='attn:v1:256,32,128,2,1,16,32,1,1,0,0')
Lowering rejected config as not applicable
Command line = -operation attention -t f32 --arch gfx1100 --num_cu 70 --num_chiplets 1 -g 8 -seq_len_q 118 -seq_len_k 488 -num_heads_q 1 -num_heads_kv 1 -head_dim_qk 185 -head_dim_v 141 -with-attn-scale=True -with-attn-bias=False -transQ=True -transK=True -transV=False -transO=False -causal=True -return_lse=True -split_kv=32 --perf_config=attn:v1:16,128,64,1,1,4,0,1,2,2,0 -pv -relDiff_threshold 1e-4
Errors = loc("<stdin>":25:1): error: ttg.shared (131072) exceeds LDS limit (65536) for amdgcn-amd-amdhsa:gfx1100
Lowering not applicable.

FAIL: Runner returned incorrect result
Config = AttentionConfiguration(datatype='i8', g=6, seq_len_q=567, seq_len_k=408, num_heads_q=1, num_heads_kv=1, head_dim_qk=131, head_dim_v=91, with_attn_scale=False, with_attn_bias=True, trans_q=True, trans_k=True, trans_v=False, trans_o=True, causal=True, return_lse=False, split_kv=1, current_seqlen=None, arch='gfx1100', chip='gfx1100', num_cu=70, num_chiplets=1, perfconfig='attn:v1:64,128,32,1,1,16,32,1,1,4,4')
Command line = -operation attention -t i8 --arch gfx1100 --num_cu 70 --num_chiplets 1 -g 6 -seq_len_q 567 -seq_len_k 408 -num_heads_q 1 -num_heads_kv 1 -head_dim_qk 131 -head_dim_v 91 -with-attn-scale=False -with-attn-bias=True -transQ=True -transK=True -transV=False -transO=True -causal=True -return_lse=False -split_kv=1 --perf_config=attn:v1:64,128,32,1,1,16,32,1,1,4,4 -pv
Output = Number of elements: 309582
maxAbsDiff info: maxAbsDiff = 0.033203 (valNum = 0.56543, gpuNum = 0.53223), average absDiff = 1.8e-03
maxRelDiff info: maxRelDiff = 3.4e+00 (valNum = 0.0008473396, gpuNum = -0.0020256042), average relDiff = 2.3e-02
RMS = 6.9e-03
Histogram of relDiff: 
        relDiff = 0     : 120810/309582 (39.023587%)
     0 < relDiff < 1e-06: 0/309582 (0.000000%)
1e-06 < relDiff <= 1e-05: 0/309582 (0.000000%)
1e-05 < relDiff <= 1e-04: 0/309582 (0.000000%)
1e-04 < relDiff <= 1e-03: 109074/309582 (35.232669%)
1e-03 < relDiff <= 1e-02: 31998/309582 (10.335872%)
1e-02 < relDiff <= 1e-01: 44460/309582 (14.361300%)
1e-01 < relDiff <= 1e+00: 1800/309582 (0.581429%)
1e+00 < relDiff < inf   : 1440/309582 (0.465143%)
        relDiff = inf   : 0/309582 (0.000000%)
[0 1 1]

----------------------------------------------------------------------------------------------------
NOT_APPLICABLE: AttentionConfiguration(datatype='f32', g=8, seq_len_q=118, seq_len_k=488, num_heads_q=1, num_heads_kv=1, head_dim_qk=185, head_dim_v=141, with_attn_scale=True, with_attn_bias=False, trans_q=True, trans_k=True, trans_v=False, trans_o=False, causal=True, return_lse=True, split_kv=32, current_seqlen=None, arch='gfx1100', chip='gfx1100', num_cu=70, num_chiplets=1, perfconfig='attn:v1:16,128,64,1,1,4,0,1,2,2,0')
Lowering rejected config as not applicable
Command line = -operation attention -t f32 --arch gfx1100 --num_cu 70 --num_chiplets 1 -g 6 -seq_len_q 262 -seq_len_k 175 -num_heads_q 1 -num_heads_kv 1 -head_dim_qk 234 -head_dim_v 104 -with-attn-scale=False -with-attn-bias=False -transQ=False -transK=False -transV=False -transO=True -causal=True -return_lse=True -split_kv=1 --perf_config=attn:v1:64,16,128,1,1,2,0,1,3,1,1 -pv -relDiff_threshold 1e-4
Errors = loc("<stdin>":17:1): error: ttg.shared (81920) exceeds LDS limit (65536) for amdgcn-amd-amdhsa:gfx1100
Lowering not applicable.

----------------------------------------------------------------------------------------------------
NOT_APPLICABLE: AttentionConfiguration(datatype='f32', g=6, seq_len_q=262, seq_len_k=175, num_heads_q=1, num_heads_kv=1, head_dim_qk=234, head_dim_v=104, with_attn_scale=False, with_attn_bias=False, trans_q=False, trans_k=False, trans_v=False, trans_o=True, causal=True, return_lse=True, split_kv=1, current_seqlen=None, arch='gfx1100', chip='gfx1100', num_cu=70, num_chiplets=1, perfconfig='attn:v1:64,16,128,1,1,2,0,1,3,1,1')
Lowering rejected config as not applicable
Command line = -operation attention -t f32 --arch gfx1100 --num_cu 70 --num_chiplets 1 -g 4 -seq_len_q 87 -seq_len_k 523 -num_heads_q 1 -num_heads_kv 1 -head_dim_qk 169 -head_dim_v 239 -with-attn-scale=True -with-attn-bias=True -transQ=False -transK=False -transV=False -transO=False -causal=False -return_lse=False -split_kv=1 --perf_config=attn:v1:256,32,128,1,1,8,32,1,1,1,0 -pv -relDiff_threshold 1e-4
Errors = loc("<stdin>":14:1): error: ttg.shared (131072) exceeds LDS limit (65536) for amdgcn-amd-amdhsa:gfx1100
Lowering not applicable.

----------------------------------------------------------------------------------------------------
NOT_APPLICABLE: AttentionConfiguration(datatype='f32', g=4, seq_len_q=87, seq_len_k=523, num_heads_q=1, num_heads_kv=1, head_dim_qk=169, head_dim_v=239, with_attn_scale=True, with_attn_bias=True, trans_q=False, trans_k=False, trans_v=False, trans_o=False, causal=False, return_lse=False, split_kv=1, current_seqlen=None, arch='gfx1100', chip='gfx1100', num_cu=70, num_chiplets=1, perfconfig='attn:v1:256,32,128,1,1,8,32,1,1,1,0')
----------------------------------------------------------------------------------------------------
PASS: AttentionConfiguration(datatype='f32', g=2, seq_len_q=10, seq_len_k=998, num_heads_q=32, num_heads_kv=4, head_dim_qk=36, head_dim_v=32, with_attn_scale=True, with_attn_bias=True, trans_q=False, trans_k=True, trans_v=True, trans_o=True, causal=True, return_lse=True, split_kv=2, current_seqlen=None, arch='gfx1100', chip='gfx1100', num_cu=70, num_chiplets=1, perfconfig='attn:v1:16,16,128,1,1,16,0,1,2,2,2')
----------------------------------------------------------------------------------------------------
PASS: AttentionConfiguration(datatype='f16', g=8, seq_len_q=1, seq_len_k=499, num_heads_q=1, num_heads_kv=1, head_dim_qk=52, head_dim_v=133, with_attn_scale=True, with_attn_bias=False, trans_q=True, trans_k=True, trans_v=True, trans_o=True, causal=False, return_lse=True, split_kv=16, current_seqlen=[293, 473, 169, 280, 92, 77, 10, 267], arch='gfx1100', chip='gfx1100', num_cu=70, num_chiplets=1, perfconfig='attn:v1:128,16,16,1,1,8,32,1,2,8,0')
----------------------------------------------------------------------------------------------------
PASS: AttentionConfiguration(datatype='bf16', g=1, seq_len_q=66, seq_len_k=3885, num_heads_q=1, num_heads_kv=1, head_dim_qk=99, head_dim_v=1, with_attn_scale=False, with_attn_bias=True, trans_q=False, trans_k=True, trans_v=False, trans_o=False, causal=False, return_lse=True, split_kv=16, current_seqlen=None, arch='gfx1100', chip='gfx1100', num_cu=70, num_chiplets=1, perfconfig='attn:v1:256,32,16,1,1,4,32,1,3,0,2')
----------------------------------------------------------------------------------------------------
PASS: AttentionConfiguration(datatype='i8', g=5, seq_len_q=527, seq_len_k=35, num_heads_q=1, num_heads_kv=1, head_dim_qk=101, head_dim_v=102, with_attn_scale=True, with_attn_bias=True, trans_q=False, trans_k=True, trans_v=True, trans_o=False, causal=False, return_lse=True, split_kv=8, current_seqlen=None, arch='gfx1100', chip='gfx1100', num_cu=70, num_chiplets=1, perfconfig='attn:v1:64,256,32,2,1,2,32,1,3,0,2')
Lowering rejected config as not applicable
Command line = -operation attention -t i8 --arch gfx1100 --num_cu 70 --num_chiplets 1 -g 3 -seq_len_q 10 -seq_len_k 754 -num_heads_q 32 -num_heads_kv 16 -head_dim_qk 176 -head_dim_v 130 -with-attn-scale=True -with-attn-bias=True -transQ=True -transK=True -transV=False -transO=False -causal=False -return_lse=False -split_kv=1 --perf_config=attn:v1:256,32,128,2,1,8,0,1,3,0,4 -pv
Errors = loc("<stdin>":23:1): error: ttg.shared (73728) exceeds LDS limit (65536) for amdgcn-amd-amdhsa:gfx1100
Lowering not applicable.

----------------------------------------------------------------------------------------------------
NOT_APPLICABLE: AttentionConfiguration(datatype='i8', g=3, seq_len_q=10, seq_len_k=754, num_heads_q=32, num_heads_kv=16, head_dim_qk=176, head_dim_v=130, with_attn_scale=True, with_attn_bias=True, trans_q=True, trans_k=True, trans_v=False, trans_o=False, causal=False, return_lse=False, split_kv=1, current_seqlen=None, arch='gfx1100', chip='gfx1100', num_cu=70, num_chiplets=1, perfconfig='attn:v1:256,32,128,2,1,8,0,1,3,0,4')
Lowering rejected config as not applicable
Command line = -operation attention -t f32 --arch gfx1100 --num_cu 70 --num_chiplets 1 -g 2 -seq_len_q 136 -seq_len_k 231 -num_heads_q 8 -num_heads_kv 2 -head_dim_qk 115 -head_dim_v 18 -with-attn-scale=True -with-attn-bias=True -transQ=True -transK=False -transV=False -transO=False -causal=False -return_lse=True -split_kv=32 --perf_config=attn:v1:256,256,128,1,1,8,32,1,2,0,4 -pv -relDiff_threshold 1e-4
Errors = loc("<stdin>":25:1): error: ttg.shared (425984) exceeds LDS limit (65536) for amdgcn-amd-amdhsa:gfx1100
Lowering not applicable.

----------------------------------------------------------------------------------------------------
NOT_APPLICABLE: AttentionConfiguration(datatype='f32', g=2, seq_len_q=136, seq_len_k=231, num_heads_q=8, num_heads_kv=2, head_dim_qk=115, head_dim_v=18, with_attn_scale=True, with_attn_bias=True, trans_q=True, trans_k=False, trans_v=False, trans_o=False, causal=False, return_lse=True, split_kv=32, current_seqlen=None, arch='gfx1100', chip='gfx1100', num_cu=70, num_chiplets=1, perfconfig='attn:v1:256,256,128,1,1,8,32,1,2,0,4')
----------------------------------------------------------------------------------------------------
FAIL: AttentionConfiguration(datatype='i8', g=6, seq_len_q=567, seq_len_k=408, num_heads_q=1, num_heads_kv=1, head_dim_qk=131, head_dim_v=91, with_attn_scale=False, with_attn_bias=True, trans_q=True, trans_k=True, trans_v=False, trans_o=True, causal=True, return_lse=False, split_kv=1, current_seqlen=None, arch='gfx1100', chip='gfx1100', num_cu=70, num_chiplets=1, perfconfig='attn:v1:64,128,32,1,1,16,32,1,1,4,4')
----------------------------------------------------------------------------------------------------
PASS: AttentionConfiguration(datatype='f32', g=3, seq_len_q=5, seq_len_k=839, num_heads_q=64, num_heads_kv=16, head_dim_qk=12, head_dim_v=174, with_attn_scale=True, with_attn_bias=True, trans_q=False, trans_k=False, trans_v=False, trans_o=False, causal=True, return_lse=True, split_kv=8, current_seqlen=None, arch='gfx1100', chip='gfx1100', num_cu=70, num_chiplets=1, perfconfig='attn:v1:64,16,64,1,1,4,32,1,1,0,0')
Lowering rejected config as not applicable
Command line = -operation attention -t bf16 --arch gfx1100 --num_cu 70 --num_chiplets 1 -g 3 -seq_len_q 232 -seq_len_k 847 -num_heads_q 8 -num_heads_kv 2 -head_dim_qk 52 -head_dim_v 103 -with-attn-scale=False -with-attn-bias=True -transQ=False -transK=True -transV=True -transO=True -causal=False -return_lse=True -split_kv=8 --perf_config=attn:v1:256,256,128,1,1,4,16,1,2,8,4 -pv -RMS_threshold 1e-2
Errors = loc("<stdin>":25:1): error: ttg.shared (262144) exceeds LDS limit (65536) for amdgcn-amd-amdhsa:gfx1100
Lowering not applicable.

----------------------------------------------------------------------------------------------------
NOT_APPLICABLE: AttentionConfiguration(datatype='bf16', g=3, seq_len_q=232, seq_len_k=847, num_heads_q=8, num_heads_kv=2, head_dim_qk=52, head_dim_v=103, with_attn_scale=False, with_attn_bias=True, trans_q=False, trans_k=True, trans_v=True, trans_o=True, causal=False, return_lse=True, split_kv=8, current_seqlen=None, arch='gfx1100', chip='gfx1100', num_cu=70, num_chiplets=1, perfconfig='attn:v1:256,256,128,1,1,4,16,1,2,8,4')
----------------------------------------------------------------------------------------------------
PASS: AttentionConfiguration(datatype='f32', g=2, seq_len_q=140, seq_len_k=1848, num_heads_q=64, num_heads_kv=8, head_dim_qk=104, head_dim_v=212, with_attn_scale=True, with_attn_bias=True, trans_q=False, trans_k=True, trans_v=True, trans_o=False, causal=True, return_lse=True, split_kv=1, current_seqlen=None, arch='gfx1100', chip='gfx1100', num_cu=70, num_chiplets=1, perfconfig='attn:v1:16,32,16,2,1,8,32,1,2,8,4')
----------------------------------------------------------------------------------------------------
PASS: AttentionConfiguration(datatype='f32', g=8, seq_len_q=234, seq_len_k=360, num_heads_q=128, num_heads_kv=32, head_dim_qk=3, head_dim_v=189, with_attn_scale=True, with_attn_bias=True, trans_q=False, trans_k=False, trans_v=True, trans_o=False, causal=False, return_lse=False, split_kv=1, current_seqlen=None, arch='gfx1100', chip='gfx1100', num_cu=70, num_chiplets=1, perfconfig='attn:v1:16,32,32,2,1,4,0,1,2,2,0')
----------------------------------------------------------------------------------------------------
PASS: AttentionConfiguration(datatype='i8', g=6, seq_len_q=1, seq_len_k=453, num_heads_q=8, num_heads_kv=2, head_dim_qk=185, head_dim_v=114, with_attn_scale=True, with_attn_bias=True, trans_q=False, trans_k=True, trans_v=True, trans_o=True, causal=False, return_lse=True, split_kv=4, current_seqlen=[230, 151, 234, 19, 250, 3], arch='gfx1100', chip='gfx1100', num_cu=70, num_chiplets=1, perfconfig='attn:v1:128,256,32,2,1,1,32,1,3,0,8')
Lowering rejected config as not applicable
Command line = -operation attention -t i8 --arch gfx1100 --num_cu 70 --num_chiplets 1 -g 2 -seq_len_q 1 -seq_len_k 1712 -num_heads_q 1 -num_heads_kv 1 -head_dim_qk 163 -head_dim_v 162 -with-attn-scale=True -with-attn-bias=False -transQ=True -transK=False -transV=False -transO=True -causal=False -return_lse=True -split_kv=4 --perf_config=attn:v1:16,256,16,2,1,16,16,1,2,4,2 --current_seq_len=1212,504 -pv
Errors = loc("<stdin>":34:1): error: ttg.shared (131072) exceeds LDS limit (65536) for amdgcn-amd-amdhsa:gfx1100
Lowering not applicable.

----------------------------------------------------------------------------------------------------
NOT_APPLICABLE: AttentionConfiguration(datatype='i8', g=2, seq_len_q=1, seq_len_k=1712, num_heads_q=1, num_heads_kv=1, head_dim_qk=163, head_dim_v=162, with_attn_scale=True, with_attn_bias=False, trans_q=True, trans_k=False, trans_v=False, trans_o=True, causal=False, return_lse=True, split_kv=4, current_seqlen=[1212, 504], arch='gfx1100', chip='gfx1100', num_cu=70, num_chiplets=1, perfconfig='attn:v1:16,256,16,2,1,16,16,1,2,4,2')
----------------------------------------------------------------------------------------------------
PASS: AttentionConfiguration(datatype='bf16', g=7, seq_len_q=350, seq_len_k=38, num_heads_q=32, num_heads_kv=16, head_dim_qk=3, head_dim_v=23, with_attn_scale=True, with_attn_bias=True, trans_q=False, trans_k=False, trans_v=True, trans_o=False, causal=False, return_lse=False, split_kv=1, current_seqlen=None, arch='gfx1100', chip='gfx1100', num_cu=70, num_chiplets=1, perfconfig='attn:v1:64,16,64,2,1,2,16,1,2,2,4')
Lowering rejected config as not applicable
Command line = -operation attention -t f32 --arch gfx1100 --num_cu 70 --num_chiplets 1 -g 6 -seq_len_q 127 -seq_len_k 144 -num_heads_q 64 -num_heads_kv 8 -head_dim_qk 245 -head_dim_v 215 -with-attn-scale=False -with-attn-bias=True -transQ=False -transK=False -transV=False -transO=False -causal=True -return_lse=True -split_kv=8 --perf_config=attn:v1:128,128,128,2,1,4,32,1,2,2,4 -pv -relDiff_threshold 1e-4
Errors = loc("<stdin>":26:1): error: ttg.shared (131072) exceeds LDS limit (65536) for amdgcn-amd-amdhsa:gfx1100
Lowering not applicable.

----------------------------------------------------------------------------------------------------
NOT_APPLICABLE: AttentionConfiguration(datatype='f32', g=6, seq_len_q=127, seq_len_k=144, num_heads_q=64, num_heads_kv=8, head_dim_qk=245, head_dim_v=215, with_attn_scale=False, with_attn_bias=True, trans_q=False, trans_k=False, trans_v=False, trans_o=False, causal=True, return_lse=True, split_kv=8, current_seqlen=None, arch='gfx1100', chip='gfx1100', num_cu=70, num_chiplets=1, perfconfig='attn:v1:128,128,128,2,1,4,32,1,2,2,4')
----------------------------------------------------------------------------------------------------
PASS: AttentionConfiguration(datatype='bf16', g=8, seq_len_q=1, seq_len_k=304, num_heads_q=64, num_heads_kv=8, head_dim_qk=7, head_dim_v=99, with_attn_scale=False, with_attn_bias=False, trans_q=True, trans_k=False, trans_v=True, trans_o=False, causal=False, return_lse=False, split_kv=1, current_seqlen=[111, 255, 291, 218, 10, 71, 98, 134], arch='gfx1100', chip='gfx1100', num_cu=70, num_chiplets=1, perfconfig='attn:v1:16,64,128,2,1,16,32,1,3,8,4')
Lowering rejected config as not applicable
Command line = -operation attention -t bf16 --arch gfx1100 --num_cu 70 --num_chiplets 1 -g 4 -seq_len_q 1001 -seq_len_k 213 -num_heads_q 1 -num_heads_kv 1 -head_dim_qk 161 -head_dim_v 136 -with-attn-scale=False -with-attn-bias=True -transQ=False -transK=False -transV=False -transO=True -causal=False -return_lse=False -split_kv=1 --perf_config=attn:v1:256,16,128,1,1,1,16,1,2,1,1 -pv -RMS_threshold 1e-2
Errors = loc("<stdin>":14:1): error: ttg.shared (69632) exceeds LDS limit (65536) for amdgcn-amd-amdhsa:gfx1100
Lowering not applicable.

----------------------------------------------------------------------------------------------------
NOT_APPLICABLE: AttentionConfiguration(datatype='bf16', g=4, seq_len_q=1001, seq_len_k=213, num_heads_q=1, num_heads_kv=1, head_dim_qk=161, head_dim_v=136, with_attn_scale=False, with_attn_bias=True, trans_q=False, trans_k=False, trans_v=False, trans_o=True, causal=False, return_lse=False, split_kv=1, current_seqlen=None, arch='gfx1100', chip='gfx1100', num_cu=70, num_chiplets=1, perfconfig='attn:v1:256,16,128,1,1,1,16,1,2,1,1')
Lowering rejected config as not applicable
Command line = -operation attention -t i8 --arch gfx1100 --num_cu 70 --num_chiplets 1 -g 2 -seq_len_q 1 -seq_len_k 1216 -num_heads_q 1 -num_heads_kv 1 -head_dim_qk 65 -head_dim_v 134 -with-attn-scale=True -with-attn-bias=False -transQ=False -transK=False -transV=True -transO=False -causal=False -return_lse=True -split_kv=2 --perf_config=attn:v1:32,256,32,2,1,1,0,1,1,0,2 --current_seq_len=268,22 -pv
Errors = loc("<stdin>":34:1): error: ttg.shared (131072) exceeds LDS limit (65536) for amdgcn-amd-amdhsa:gfx1100
Lowering not applicable.

----------------------------------------------------------------------------------------------------
NOT_APPLICABLE: AttentionConfiguration(datatype='i8', g=2, seq_len_q=1, seq_len_k=1216, num_heads_q=1, num_heads_kv=1, head_dim_qk=65, head_dim_v=134, with_attn_scale=True, with_attn_bias=False, trans_q=False, trans_k=False, trans_v=True, trans_o=False, causal=False, return_lse=True, split_kv=2, current_seqlen=[268, 22], arch='gfx1100', chip='gfx1100', num_cu=70, num_chiplets=1, perfconfig='attn:v1:32,256,32,2,1,1,0,1,1,0,2')
----------------------------------------------------------------------------------------------------
PASS: AttentionConfiguration(datatype='i8', g=3, seq_len_q=573, seq_len_k=154, num_heads_q=32, num_heads_kv=2, head_dim_qk=112, head_dim_v=162, with_attn_scale=True, with_attn_bias=True, trans_q=False, trans_k=False, trans_v=False, trans_o=False, causal=True, return_lse=False, split_kv=1, current_seqlen=None, arch='gfx1100', chip='gfx1100', num_cu=70, num_chiplets=1, perfconfig='attn:v1:16,16,128,1,1,16,0,1,2,4,8')
----------------------------------------------------------------------------------------------------
PASS: AttentionConfiguration(datatype='bf16', g=6, seq_len_q=226, seq_len_k=392, num_heads_q=1, num_heads_kv=1, head_dim_qk=89, head_dim_v=245, with_attn_scale=True, with_attn_bias=True, trans_q=False, trans_k=False, trans_v=False, trans_o=True, causal=True, return_lse=True, split_kv=1, current_seqlen=None, arch='gfx1100', chip='gfx1100', num_cu=70, num_chiplets=1, perfconfig='attn:v1:128,16,128,1,1,4,16,1,3,4,1')
Lowering rejected config as not applicable
Command line = -operation attention -t f32 --arch gfx1100 --num_cu 70 --num_chiplets 1 -g 5 -seq_len_q 131 -seq_len_k 164 -num_heads_q 1 -num_heads_kv 1 -head_dim_qk 57 -head_dim_v 176 -with-attn-scale=True -with-attn-bias=True -transQ=False -transK=False -transV=True -transO=False -causal=True -return_lse=True -split_kv=2 --perf_config=attn:v1:64,256,128,1,1,8,16,1,2,2,4 -pv -relDiff_threshold 1e-4
Errors = loc("<stdin>":25:1): error: ttg.shared (458752) exceeds LDS limit (65536) for amdgcn-amd-amdhsa:gfx1100
Lowering not applicable.

----------------------------------------------------------------------------------------------------
NOT_APPLICABLE: AttentionConfiguration(datatype='f32', g=5, seq_len_q=131, seq_len_k=164, num_heads_q=1, num_heads_kv=1, head_dim_qk=57, head_dim_v=176, with_attn_scale=True, with_attn_bias=True, trans_q=False, trans_k=False, trans_v=True, trans_o=False, causal=True, return_lse=True, split_kv=2, current_seqlen=None, arch='gfx1100', chip='gfx1100', num_cu=70, num_chiplets=1, perfconfig='attn:v1:64,256,128,1,1,8,16,1,2,2,4')
Lowering rejected config as not applicable
Command line = -operation attention -t f32 --arch gfx1100 --num_cu 70 --num_chiplets 1 -g 4 -seq_len_q 1 -seq_len_k 430 -num_heads_q 4 -num_heads_kv 2 -head_dim_qk 119 -head_dim_v 249 -with-attn-scale=False -with-attn-bias=False -transQ=True -transK=True -transV=True -transO=True -causal=False -return_lse=False -split_kv=1 --perf_config=attn:v1:32,256,128,2,1,4,32,1,3,4,0 --current_seq_len=60,175,54,136 -pv -relDiff_threshold 1e-4
Errors = loc("<stdin>":26:1): error: ttg.shared (819200) exceeds LDS limit (65536) for amdgcn-amd-amdhsa:gfx1100
Lowering not applicable.

----------------------------------------------------------------------------------------------------
NOT_APPLICABLE: AttentionConfiguration(datatype='f32', g=4, seq_len_q=1, seq_len_k=430, num_heads_q=4, num_heads_kv=2, head_dim_qk=119, head_dim_v=249, with_attn_scale=False, with_attn_bias=False, trans_q=True, trans_k=True, trans_v=True, trans_o=True, causal=False, return_lse=False, split_kv=1, current_seqlen=[60, 175, 54, 136], arch='gfx1100', chip='gfx1100', num_cu=70, num_chiplets=1, perfconfig='attn:v1:32,256,128,2,1,4,32,1,3,4,0')
----------------------------------------------------------------------------------------------------
PASS: AttentionConfiguration(datatype='i8', g=7, seq_len_q=1, seq_len_k=273, num_heads_q=1, num_heads_kv=1, head_dim_qk=167, head_dim_v=50, with_attn_scale=False, with_attn_bias=True, trans_q=False, trans_k=False, trans_v=True, trans_o=True, causal=False, return_lse=True, split_kv=32, current_seqlen=[265, 179, 1, 115, 20, 105, 110], arch='gfx1100', chip='gfx1100', num_cu=70, num_chiplets=1, perfconfig='attn:v1:16,64,16,2,1,2,16,1,3,0,1')
----------------------------------------------------------------------------------------------------
PASS: AttentionConfiguration(datatype='f32', g=8, seq_len_q=22, seq_len_k=225, num_heads_q=1, num_heads_kv=1, head_dim_qk=247, head_dim_v=12, with_attn_scale=True, with_attn_bias=False, trans_q=False, trans_k=True, trans_v=False, trans_o=True, causal=True, return_lse=True, split_kv=8, current_seqlen=None, arch='gfx1100', chip='gfx1100', num_cu=70, num_chiplets=1, perfconfig='attn:v1:16,32,128,2,1,4,16,1,1,0,8')
----------------------------------------------------------------------------------------------------
PASS: AttentionConfiguration(datatype='i8', g=3, seq_len_q=1, seq_len_k=446, num_heads_q=8, num_heads_kv=4, head_dim_qk=163, head_dim_v=195, with_attn_scale=True, with_attn_bias=True, trans_q=False, trans_k=True, trans_v=True, trans_o=True, causal=False, return_lse=False, split_kv=1, current_seqlen=[334, 357, 216], arch='gfx1100', chip='gfx1100', num_cu=70, num_chiplets=1, perfconfig='attn:v1:32,32,32,2,1,4,16,1,3,8,4')
----------------------------------------------------------------------------------------------------
PASS: AttentionConfiguration(datatype='bf16', g=8, seq_len_q=8, seq_len_k=268, num_heads_q=16, num_heads_kv=4, head_dim_qk=183, head_dim_v=181, with_attn_scale=False, with_attn_bias=False, trans_q=False, trans_k=False, trans_v=True, trans_o=True, causal=True, return_lse=True, split_kv=32, current_seqlen=None, arch='gfx1100', chip='gfx1100', num_cu=70, num_chiplets=1, perfconfig='attn:v1:32,64,64,2,1,2,16,1,3,0,8')
----------------------------------------------------------------------------------------------------
PASS: AttentionConfiguration(datatype='bf16', g=7, seq_len_q=122, seq_len_k=416, num_heads_q=1, num_heads_kv=1, head_dim_qk=83, head_dim_v=41, with_attn_scale=False, with_attn_bias=False, trans_q=True, trans_k=False, trans_v=True, trans_o=True, causal=True, return_lse=True, split_kv=32, current_seqlen=None, arch='gfx1100', chip='gfx1100', num_cu=70, num_chiplets=1, perfconfig='attn:v1:128,128,64,2,1,2,16,1,2,0,2')
Lowering rejected config as not applicable
Command line = -operation attention -t f32 --arch gfx1100 --num_cu 70 --num_chiplets 1 -g 7 -seq_len_q 1 -seq_len_k 458 -num_heads_q 128 -num_heads_kv 64 -head_dim_qk 254 -head_dim_v 53 -with-attn-scale=True -with-attn-bias=True -transQ=False -transK=True -transV=False -transO=True -causal=False -return_lse=False -split_kv=1 --perf_config=attn:v1:256,256,16,1,1,1,16,1,1,0,2 --current_seq_len=358,183,316,210,339,32,162 -pv -relDiff_threshold 1e-4
Errors = loc("<stdin>":28:1): error: ttg.shared (262144) exceeds LDS limit (65536) for amdgcn-amd-amdhsa:gfx1100
Lowering not applicable.

----------------------------------------------------------------------------------------------------
NOT_APPLICABLE: AttentionConfiguration(datatype='f32', g=7, seq_len_q=1, seq_len_k=458, num_heads_q=128, num_heads_kv=64, head_dim_qk=254, head_dim_v=53, with_attn_scale=True, with_attn_bias=True, trans_q=False, trans_k=True, trans_v=False, trans_o=True, causal=False, return_lse=False, split_kv=1, current_seqlen=[358, 183, 316, 210, 339, 32, 162], arch='gfx1100', chip='gfx1100', num_cu=70, num_chiplets=1, perfconfig='attn:v1:256,256,16,1,1,1,16,1,1,0,2')
FAIL: Runner returned incorrect result
Config = AttentionConfiguration(datatype='i8', g=8, seq_len_q=479, seq_len_k=284, num_heads_q=1, num_heads_kv=1, head_dim_qk=96, head_dim_v=66, with_attn_scale=False, with_attn_bias=False, trans_q=True, trans_k=True, trans_v=False, trans_o=False, causal=True, return_lse=False, split_kv=1, current_seqlen=None, arch='gfx1100', chip='gfx1100', num_cu=70, num_chiplets=1, perfconfig='attn:v1:256,16,32,2,1,4,32,1,2,0,8')
Command line = -operation attention -t i8 --arch gfx1100 --num_cu 70 --num_chiplets 1 -g 8 -seq_len_q 479 -seq_len_k 284 -num_heads_q 1 -num_heads_kv 1 -head_dim_qk 96 -head_dim_v 66 -with-attn-scale=False -with-attn-bias=False -transQ=True -transK=True -transV=False -transO=False -causal=True -return_lse=False -split_kv=1 --perf_config=attn:v1:256,16,32,2,1,4,32,1,2,0,8 -pv
Output = Number of elements: 252912
maxAbsDiff info: maxAbsDiff = 0.042480 (valNum = -1.00000, gpuNum = -0.95752), average absDiff = 4.5e-03
maxRelDiff info: maxRelDiff = 4.2e-02 (valNum = 0.5000000000, gpuNum = 0.4787597656), average relDiff = 6.0e-03
RMS = 1.2e-02
Histogram of relDiff: 
        relDiff = 0     : 200288/252912 (79.192763%)
     0 < relDiff < 1e-06: 0/252912 (0.000000%)
1e-06 < relDiff <= 1e-05: 0/252912 (0.000000%)
1e-05 < relDiff <= 1e-04: 0/252912 (0.000000%)
1e-04 < relDiff <= 1e-03: 16192/252912 (6.402227%)
1e-03 < relDiff <= 1e-02: 528/252912 (0.208768%)
1e-02 < relDiff <= 1e-01: 35904/252912 (14.196242%)
1e-01 < relDiff <= 1e+00: 0/252912 (0.000000%)
1e+00 < relDiff < inf   : 0/252912 (0.000000%)
        relDiff = inf   : 0/252912 (0.000000%)
[0 1 1]

----------------------------------------------------------------------------------------------------
PASS: AttentionConfiguration(datatype='f16', g=7, seq_len_q=1, seq_len_k=512, num_heads_q=64, num_heads_kv=2, head_dim_qk=19, head_dim_v=29, with_attn_scale=False, with_attn_bias=False, trans_q=True, trans_k=False, trans_v=True, trans_o=True, causal=False, return_lse=False, split_kv=1, current_seqlen=[429, 186, 132, 215, 158, 26, 353], arch='gfx1100', chip='gfx1100', num_cu=70, num_chiplets=1, perfconfig='attn:v1:128,32,64,2,1,2,16,1,2,1,8')
----------------------------------------------------------------------------------------------------
PASS: AttentionConfiguration(datatype='i8', g=7, seq_len_q=59, seq_len_k=192, num_heads_q=1, num_heads_kv=1, head_dim_qk=205, head_dim_v=78, with_attn_scale=False, with_attn_bias=True, trans_q=False, trans_k=False, trans_v=True, trans_o=False, causal=True, return_lse=False, split_kv=1, current_seqlen=None, arch='gfx1100', chip='gfx1100', num_cu=70, num_chiplets=1, perfconfig='attn:v1:32,16,128,2,1,16,0,1,3,2,4')
----------------------------------------------------------------------------------------------------
PASS: AttentionConfiguration(datatype='i8', g=7, seq_len_q=267, seq_len_k=332, num_heads_q=1, num_heads_kv=1, head_dim_qk=225, head_dim_v=102, with_attn_scale=True, with_attn_bias=True, trans_q=True, trans_k=True, trans_v=True, trans_o=False, causal=True, return_lse=False, split_kv=1, current_seqlen=None, arch='gfx1100', chip='gfx1100', num_cu=70, num_chiplets=1, perfconfig='attn:v1:16,64,16,2,1,1,0,1,1,2,2')
----------------------------------------------------------------------------------------------------
FAIL: AttentionConfiguration(datatype='i8', g=8, seq_len_q=479, seq_len_k=284, num_heads_q=1, num_heads_kv=1, head_dim_qk=96, head_dim_v=66, with_attn_scale=False, with_attn_bias=False, trans_q=True, trans_k=True, trans_v=False, trans_o=False, causal=True, return_lse=False, split_kv=1, current_seqlen=None, arch='gfx1100', chip='gfx1100', num_cu=70, num_chiplets=1, perfconfig='attn:v1:256,16,32,2,1,4,32,1,2,0,8')
----------------------------------------------------------------------------------------------------
PASS: AttentionConfiguration(datatype='bf16', g=8, seq_len_q=1, seq_len_k=467, num_heads_q=1, num_heads_kv=1, head_dim_qk=20, head_dim_v=186, with_attn_scale=False, with_attn_bias=True, trans_q=True, trans_k=True, trans_v=True, trans_o=False, causal=False, return_lse=False, split_kv=1, current_seqlen=[115, 198, 286, 326, 405, 187, 326, 436], arch='gfx1100', chip='gfx1100', num_cu=70, num_chiplets=1, perfconfig='attn:v1:32,32,64,1,1,2,0,1,3,8,2')
----------------------------------------------------------------------------------------------------
PASS: AttentionConfiguration(datatype='bf16', g=6, seq_len_q=1, seq_len_k=132, num_heads_q=1, num_heads_kv=1, head_dim_qk=162, head_dim_v=74, with_attn_scale=False, with_attn_bias=True, trans_q=True, trans_k=False, trans_v=False, trans_o=True, causal=False, return_lse=True, split_kv=2, current_seqlen=[28, 35, 81, 12, 25, 12], arch='gfx1100', chip='gfx1100', num_cu=70, num_chiplets=1, perfconfig='attn:v1:64,256,32,1,1,4,16,1,2,8,2')
----------------------------------------------------------------------------------------------------
PASS: AttentionConfiguration(datatype='f16', g=6, seq_len_q=169, seq_len_k=504, num_heads_q=1, num_heads_kv=1, head_dim_qk=147, head_dim_v=77, with_attn_scale=True, with_attn_bias=False, trans_q=False, trans_k=True, trans_v=False, trans_o=False, causal=True, return_lse=False, split_kv=1, current_seqlen=None, arch='gfx1100', chip='gfx1100', num_cu=70, num_chiplets=1, perfconfig='attn:v1:256,16,16,2,1,4,0,1,2,4,1')
----------------------------------------------------------------------------------------------------
PASS: AttentionConfiguration(datatype='f32', g=6, seq_len_q=23, seq_len_k=118, num_heads_q=32, num_heads_kv=16, head_dim_qk=17, head_dim_v=211, with_attn_scale=False, with_attn_bias=True, trans_q=False, trans_k=False, trans_v=False, trans_o=False, causal=True, return_lse=True, split_kv=16, current_seqlen=None, arch='gfx1100', chip='gfx1100', num_cu=70, num_chiplets=1, perfconfig='attn:v1:256,32,16,1,1,8,16,1,1,8,2')
Lowering rejected config as not applicable
Command line = -operation attention -t f32 --arch gfx1100 --num_cu 70 --num_chiplets 1 -g 4 -seq_len_q 361 -seq_len_k 215 -num_heads_q 1 -num_heads_kv 1 -head_dim_qk 159 -head_dim_v 222 -with-attn-scale=False -with-attn-bias=False -transQ=True -transK=False -transV=False -transO=True -causal=False -return_lse=True -split_kv=1 --perf_config=attn:v1:128,256,16,2,1,16,16,1,1,4,1 -pv -relDiff_threshold 1e-4
Errors = loc("<stdin>":15:1): error: ttg.shared (262144) exceeds LDS limit (65536) for amdgcn-amd-amdhsa:gfx1100
Lowering not applicable.

----------------------------------------------------------------------------------------------------
NOT_APPLICABLE: AttentionConfiguration(datatype='f32', g=4, seq_len_q=361, seq_len_k=215, num_heads_q=1, num_heads_kv=1, head_dim_qk=159, head_dim_v=222, with_attn_scale=False, with_attn_bias=False, trans_q=True, trans_k=False, trans_v=False, trans_o=True, causal=False, return_lse=True, split_kv=1, current_seqlen=None, arch='gfx1100', chip='gfx1100', num_cu=70, num_chiplets=1, perfconfig='attn:v1:128,256,16,2,1,16,16,1,1,4,1')
Lowering rejected config as not applicable
Command line = -operation attention -t f16 --arch gfx1100 --num_cu 70 --num_chiplets 1 -g 6 -seq_len_q 1 -seq_len_k 256 -num_heads_q 1 -num_heads_kv 1 -head_dim_qk 164 -head_dim_v 207 -with-attn-scale=False -with-attn-bias=False -transQ=False -transK=False -transV=True -transO=True -causal=False -return_lse=True -split_kv=16 --perf_config=attn:v1:256,32,128,1,1,4,0,1,3,0,8 --current_seq_len=140,233,207,10,226,129 -pv
Errors = loc("<stdin>":27:1): error: ttg.shared (147456) exceeds LDS limit (65536) for amdgcn-amd-amdhsa:gfx1100
Lowering not applicable.

----------------------------------------------------------------------------------------------------
NOT_APPLICABLE: AttentionConfiguration(datatype='f16', g=6, seq_len_q=1, seq_len_k=256, num_heads_q=1, num_heads_kv=1, head_dim_qk=164, head_dim_v=207, with_attn_scale=False, with_attn_bias=False, trans_q=False, trans_k=False, trans_v=True, trans_o=True, causal=False, return_lse=True, split_kv=16, current_seqlen=[140, 233, 207, 10, 226, 129], arch='gfx1100', chip='gfx1100', num_cu=70, num_chiplets=1, perfconfig='attn:v1:256,32,128,1,1,4,0,1,3,0,8')
----------------------------------------------------------------------------------------------------
PASS: AttentionConfiguration(datatype='bf16', g=1, seq_len_q=1, seq_len_k=2457, num_heads_q=1, num_heads_kv=1, head_dim_qk=220, head_dim_v=179, with_attn_scale=True, with_attn_bias=True, trans_q=False, trans_k=True, trans_v=True, trans_o=True, causal=False, return_lse=True, split_kv=32, current_seqlen=[1177], arch='gfx1100', chip='gfx1100', num_cu=70, num_chiplets=1, perfconfig='attn:v1:256,16,32,1,1,16,0,1,2,1,8')
----------------------------------------------------------------------------------------------------
PASS: AttentionConfiguration(datatype='i8', g=4, seq_len_q=1, seq_len_k=353, num_heads_q=8, num_heads_kv=4, head_dim_qk=108, head_dim_v=95, with_attn_scale=False, with_attn_bias=False, trans_q=True, trans_k=True, trans_v=True, trans_o=True, causal=False, return_lse=False, split_kv=1, current_seqlen=[312, 78, 16, 343], arch='gfx1100', chip='gfx1100', num_cu=70, num_chiplets=1, perfconfig='attn:v1:16,64,32,1,1,1,0,1,1,1,0')
----------------------------------------------------------------------------------------------------
PASS: AttentionConfiguration(datatype='i8', g=5, seq_len_q=1, seq_len_k=180, num_heads_q=8, num_heads_kv=2, head_dim_qk=97, head_dim_v=233, with_attn_scale=False, with_attn_bias=False, trans_q=True, trans_k=True, trans_v=True, trans_o=False, causal=False, return_lse=True, split_kv=16, current_seqlen=[65, 66, 25, 154, 61], arch='gfx1100', chip='gfx1100', num_cu=70, num_chiplets=1, perfconfig='attn:v1:256,32,32,1,1,8,0,1,1,2,1')
----------------------------------------------------------------------------------------------------
PASS: AttentionConfiguration(datatype='bf16', g=3, seq_len_q=1, seq_len_k=1270, num_heads_q=128, num_heads_kv=64, head_dim_qk=74, head_dim_v=97, with_attn_scale=True, with_attn_bias=False, trans_q=False, trans_k=False, trans_v=False, trans_o=True, causal=False, return_lse=False, split_kv=1, current_seqlen=[1224, 496, 303], arch='gfx1100', chip='gfx1100', num_cu=70, num_chiplets=1, perfconfig='attn:v1:64,64,128,2,1,1,16,1,1,4,4')
----------------------------------------------------------------------------------------------------
PASS: AttentionConfiguration(datatype='bf16', g=8, seq_len_q=281, seq_len_k=6, num_heads_q=1, num_heads_kv=1, head_dim_qk=167, head_dim_v=199, with_attn_scale=False, with_attn_bias=True, trans_q=True, trans_k=False, trans_v=True, trans_o=True, causal=False, return_lse=True, split_kv=4, current_seqlen=None, arch='gfx1100', chip='gfx1100', num_cu=70, num_chiplets=1, perfconfig='attn:v1:256,64,16,2,1,4,0,1,3,4,1')
----------------------------------------------------------------------------------------------------
PASS: AttentionConfiguration(datatype='i8', g=2, seq_len_q=1, seq_len_k=102, num_heads_q=1, num_heads_kv=1, head_dim_qk=126, head_dim_v=138, with_attn_scale=False, with_attn_bias=False, trans_q=False, trans_k=True, trans_v=True, trans_o=False, causal=False, return_lse=False, split_kv=1, current_seqlen=[54, 19], arch='gfx1100', chip='gfx1100', num_cu=70, num_chiplets=1, perfconfig='attn:v1:128,32,64,2,1,2,0,1,2,1,4')
Lowering rejected config as not applicable
Command line = -operation attention -t i8 --arch gfx1100 --num_cu 70 --num_chiplets 1 -g 1 -seq_len_q 1 -seq_len_k 2581 -num_heads_q 1 -num_heads_kv 1 -head_dim_qk 53 -head_dim_v 175 -with-attn-scale=True -with-attn-bias=False -transQ=True -transK=False -transV=False -transO=False -causal=False -return_lse=False -split_kv=1 --perf_config=attn:v1:32,256,32,1,1,8,32,1,3,8,0 --current_seq_len=263 -pv
Errors = loc("<stdin>":24:1): error: ttg.shared (131072) exceeds LDS limit (65536) for amdgcn-amd-amdhsa:gfx1100
Lowering not applicable.

----------------------------------------------------------------------------------------------------
NOT_APPLICABLE: AttentionConfiguration(datatype='i8', g=1, seq_len_q=1, seq_len_k=2581, num_heads_q=1, num_heads_kv=1, head_dim_qk=53, head_dim_v=175, with_attn_scale=True, with_attn_bias=False, trans_q=True, trans_k=False, trans_v=False, trans_o=False, causal=False, return_lse=False, split_kv=1, current_seqlen=[263], arch='gfx1100', chip='gfx1100', num_cu=70, num_chiplets=1, perfconfig='attn:v1:32,256,32,1,1,8,32,1,3,8,0')
Lowering rejected config as not applicable
Command line = -operation attention -t i8 --arch gfx1100 --num_cu 70 --num_chiplets 1 -g 6 -seq_len_q 1 -seq_len_k 215 -num_heads_q 1 -num_heads_kv 1 -head_dim_qk 28 -head_dim_v 137 -with-attn-scale=True -with-attn-bias=True -transQ=False -transK=False -transV=False -transO=False -causal=False -return_lse=True -split_kv=1 --perf_config=attn:v1:64,64,32,1,1,8,16,1,3,1,4 --current_seq_len=22,202,96,97,106,102 -pv
Errors = loc("<stdin>":28:1): error: ttg.shared (86016) exceeds LDS limit (65536) for amdgcn-amd-amdhsa:gfx1100
Lowering not applicable.

----------------------------------------------------------------------------------------------------
NOT_APPLICABLE: AttentionConfiguration(datatype='i8', g=6, seq_len_q=1, seq_len_k=215, num_heads_q=1, num_heads_kv=1, head_dim_qk=28, head_dim_v=137, with_attn_scale=True, with_attn_bias=True, trans_q=False, trans_k=False, trans_v=False, trans_o=False, causal=False, return_lse=True, split_kv=1, current_seqlen=[22, 202, 96, 97, 106, 102], arch='gfx1100', chip='gfx1100', num_cu=70, num_chiplets=1, perfconfig='attn:v1:64,64,32,1,1,8,16,1,3,1,4')
Lowering rejected config as not applicable
Command line = -operation attention -t i8 --arch gfx1100 --num_cu 70 --num_chiplets 1 -g 2 -seq_len_q 1 -seq_len_k 37 -num_heads_q 16 -num_heads_kv 4 -head_dim_qk 227 -head_dim_v 50 -with-attn-scale=True -with-attn-bias=True -transQ=True -transK=False -transV=True -transO=False -causal=False -return_lse=False -split_kv=1 --perf_config=attn:v1:256,128,32,2,1,8,0,1,3,0,8 --current_seq_len=25,35 -pv
Errors = loc("<stdin>":32:1): error: ttg.shared (131072) exceeds LDS limit (65536) for amdgcn-amd-amdhsa:gfx1100
Lowering not applicable.

----------------------------------------------------------------------------------------------------
NOT_APPLICABLE: AttentionConfiguration(datatype='i8', g=2, seq_len_q=1, seq_len_k=37, num_heads_q=16, num_heads_kv=4, head_dim_qk=227, head_dim_v=50, with_attn_scale=True, with_attn_bias=True, trans_q=True, trans_k=False, trans_v=True, trans_o=False, causal=False, return_lse=False, split_kv=1, current_seqlen=[25, 35], arch='gfx1100', chip='gfx1100', num_cu=70, num_chiplets=1, perfconfig='attn:v1:256,128,32,2,1,8,0,1,3,0,8')
Lowering rejected config as not applicable
Command line = -operation attention -t bf16 --arch gfx1100 --num_cu 70 --num_chiplets 1 -g 7 -seq_len_q 1 -seq_len_k 21 -num_heads_q 128 -num_heads_kv 32 -head_dim_qk 192 -head_dim_v 96 -with-attn-scale=True -with-attn-bias=True -transQ=False -transK=True -transV=False -transO=True -causal=False -return_lse=True -split_kv=4 --perf_config=attn:v1:16,256,64,2,1,16,16,1,3,1,2 --current_seq_len=1,16,13,18,9,5,3 -pv -RMS_threshold 1e-2
Errors = loc("<stdin>":33:1): error: ttg.shared (69632) exceeds LDS limit (65536) for amdgcn-amd-amdhsa:gfx1100
Lowering not applicable.

----------------------------------------------------------------------------------------------------
NOT_APPLICABLE: AttentionConfiguration(datatype='bf16', g=7, seq_len_q=1, seq_len_k=21, num_heads_q=128, num_heads_kv=32, head_dim_qk=192, head_dim_v=96, with_attn_scale=True, with_attn_bias=True, trans_q=False, trans_k=True, trans_v=False, trans_o=True, causal=False, return_lse=True, split_kv=4, current_seqlen=[1, 16, 13, 18, 9, 5, 3], arch='gfx1100', chip='gfx1100', num_cu=70, num_chiplets=1, perfconfig='attn:v1:16,256,64,2,1,16,16,1,3,1,2')
Lowering rejected config as not applicable
Command line = -operation attention -t bf16 --arch gfx1100 --num_cu 70 --num_chiplets 1 -g 2 -seq_len_q 17 -seq_len_k 1802 -num_heads_q 128 -num_heads_kv 16 -head_dim_qk 98 -head_dim_v 228 -with-attn-scale=False -with-attn-bias=True -transQ=False -transK=True -transV=True -transO=True -causal=False -return_lse=False -split_kv=1 --perf_config=attn:v1:128,128,128,1,1,8,0,1,2,1,8 -pv -RMS_threshold 1e-2
Errors = loc("<stdin>":19:1): error: ttg.shared (163840) exceeds LDS limit (65536) for amdgcn-amd-amdhsa:gfx1100
Lowering not applicable.

----------------------------------------------------------------------------------------------------
NOT_APPLICABLE: AttentionConfiguration(datatype='bf16', g=2, seq_len_q=17, seq_len_k=1802, num_heads_q=128, num_heads_kv=16, head_dim_qk=98, head_dim_v=228, with_attn_scale=False, with_attn_bias=True, trans_q=False, trans_k=True, trans_v=True, trans_o=True, causal=False, return_lse=False, split_kv=1, current_seqlen=None, arch='gfx1100', chip='gfx1100', num_cu=70, num_chiplets=1, perfconfig='attn:v1:128,128,128,1,1,8,0,1,2,1,8')
----------------------------------------------------------------------------------------------------
PASS: AttentionConfiguration(datatype='bf16', g=2, seq_len_q=1, seq_len_k=1001, num_heads_q=128, num_heads_kv=32, head_dim_qk=81, head_dim_v=16, with_attn_scale=False, with_attn_bias=False, trans_q=False, trans_k=True, trans_v=True, trans_o=True, causal=False, return_lse=False, split_kv=1, current_seqlen=[115, 359], arch='gfx1100', chip='gfx1100', num_cu=70, num_chiplets=1, perfconfig='attn:v1:128,128,32,2,1,1,32,1,3,8,1')
Lowering rejected config as not applicable
Command line = -operation attention -t i8 --arch gfx1100 --num_cu 70 --num_chiplets 1 -g 7 -seq_len_q 230 -seq_len_k 585 -num_heads_q 1 -num_heads_kv 1 -head_dim_qk 169 -head_dim_v 227 -with-attn-scale=True -with-attn-bias=False -transQ=True -transK=False -transV=True -transO=False -causal=True -return_lse=True -split_kv=16 --perf_config=attn:v1:128,256,32,2,1,4,32,1,3,4,1 -pv
Errors = loc("<stdin>":29:1): error: ttg.shared (131072) exceeds LDS limit (65536) for amdgcn-amd-amdhsa:gfx1100
Lowering not applicable.

----------------------------------------------------------------------------------------------------
NOT_APPLICABLE: AttentionConfiguration(datatype='i8', g=7, seq_len_q=230, seq_len_k=585, num_heads_q=1, num_heads_kv=1, head_dim_qk=169, head_dim_v=227, with_attn_scale=True, with_attn_bias=False, trans_q=True, trans_k=False, trans_v=True, trans_o=False, causal=True, return_lse=True, split_kv=16, current_seqlen=None, arch='gfx1100', chip='gfx1100', num_cu=70, num_chiplets=1, perfconfig='attn:v1:128,256,32,2,1,4,32,1,3,4,1')
Lowering rejected config as not applicable
Command line = -operation attention -t f32 --arch gfx1100 --num_cu 70 --num_chiplets 1 -g 3 -seq_len_q 28 -seq_len_k 1189 -num_heads_q 1 -num_heads_kv 1 -head_dim_qk 33 -head_dim_v 142 -with-attn-scale=True -with-attn-bias=False -transQ=False -transK=True -transV=False -transO=True -causal=True -return_lse=False -split_kv=1 --perf_config=attn:v1:256,256,16,1,1,2,0,1,1,1,1 -pv -relDiff_threshold 1e-4
Errors = loc("<stdin>":16:1): error: ttg.shared (262144) exceeds LDS limit (65536) for amdgcn-amd-amdhsa:gfx1100
Lowering not applicable.

----------------------------------------------------------------------------------------------------
NOT_APPLICABLE: AttentionConfiguration(datatype='f32', g=3, seq_len_q=28, seq_len_k=1189, num_heads_q=1, num_heads_kv=1, head_dim_qk=33, head_dim_v=142, with_attn_scale=True, with_attn_bias=False, trans_q=False, trans_k=True, trans_v=False, trans_o=True, causal=True, return_lse=False, split_kv=1, current_seqlen=None, arch='gfx1100', chip='gfx1100', num_cu=70, num_chiplets=1, perfconfig='attn:v1:256,256,16,1,1,2,0,1,1,1,1')
Lowering rejected config as not applicable
Command line = -operation attention -t f32 --arch gfx1100 --num_cu 70 --num_chiplets 1 -g 1 -seq_len_q 1 -seq_len_k 3229 -num_heads_q 128 -num_heads_kv 4 -head_dim_qk 85 -head_dim_v 123 -with-attn-scale=False -with-attn-bias=True -transQ=True -transK=True -transV=False -transO=True -causal=False -return_lse=True -split_kv=32 --perf_config=attn:v1:32,256,16,1,1,4,32,1,3,4,1 --current_seq_len=2367 -pv -relDiff_threshold 1e-4
Errors = loc("<stdin>":32:1): error: ttg.shared (131072) exceeds LDS limit (65536) for amdgcn-amd-amdhsa:gfx1100
Lowering not applicable.

----------------------------------------------------------------------------------------------------
NOT_APPLICABLE: AttentionConfiguration(datatype='f32', g=1, seq_len_q=1, seq_len_k=3229, num_heads_q=128, num_heads_kv=4, head_dim_qk=85, head_dim_v=123, with_attn_scale=False, with_attn_bias=True, trans_q=True, trans_k=True, trans_v=False, trans_o=True, causal=False, return_lse=True, split_kv=32, current_seqlen=[2367], arch='gfx1100', chip='gfx1100', num_cu=70, num_chiplets=1, perfconfig='attn:v1:32,256,16,1,1,4,32,1,3,4,1')
Lowering rejected config as not applicable
Command line = -operation attention -t i8 --arch gfx1100 --num_cu 70 --num_chiplets 1 -g 3 -seq_len_q 517 -seq_len_k 377 -num_heads_q 128 -num_heads_kv 8 -head_dim_qk 132 -head_dim_v 94 -with-attn-scale=True -with-attn-bias=True -transQ=False -transK=True -transV=False -transO=True -causal=False -return_lse=False -split_kv=1 --perf_config=attn:v1:128,256,16,1,1,16,32,1,3,4,2 -pv
Errors = loc("<stdin>":23:1): error: ttg.shared (131072) exceeds LDS limit (65536) for amdgcn-amd-amdhsa:gfx1100
Lowering not applicable.

----------------------------------------------------------------------------------------------------
NOT_APPLICABLE: AttentionConfiguration(datatype='i8', g=3, seq_len_q=517, seq_len_k=377, num_heads_q=128, num_heads_kv=8, head_dim_qk=132, head_dim_v=94, with_attn_scale=True, with_attn_bias=True, trans_q=False, trans_k=True, trans_v=False, trans_o=True, causal=False, return_lse=False, split_kv=1, current_seqlen=None, arch='gfx1100', chip='gfx1100', num_cu=70, num_chiplets=1, perfconfig='attn:v1:128,256,16,1,1,16,32,1,3,4,2')
----------------------------------------------------------------------------------------------------
PASS: AttentionConfiguration(datatype='i8', g=2, seq_len_q=1, seq_len_k=948, num_heads_q=1, num_heads_kv=1, head_dim_qk=245, head_dim_v=98, with_attn_scale=False, with_attn_bias=True, trans_q=False, trans_k=False, trans_v=False, trans_o=False, causal=False, return_lse=False, split_kv=1, current_seqlen=[513, 58], arch='gfx1100', chip='gfx1100', num_cu=70, num_chiplets=1, perfconfig='attn:v1:128,16,64,2,1,16,16,1,3,1,0')
----------------------------------------------------------------------------------------------------
PASS: AttentionConfiguration(datatype='bf16', g=8, seq_len_q=10, seq_len_k=168, num_heads_q=1, num_heads_kv=1, head_dim_qk=34, head_dim_v=26, with_attn_scale=False, with_attn_bias=False, trans_q=False, trans_k=False, trans_v=True, trans_o=False, causal=True, return_lse=True, split_kv=4, current_seqlen=None, arch='gfx1100', chip='gfx1100', num_cu=70, num_chiplets=1, perfconfig='attn:v1:128,32,64,2,1,16,0,1,1,0,8')
----------------------------------------------------------------------------------------------------
PASS: AttentionConfiguration(datatype='i8', g=6, seq_len_q=1, seq_len_k=580, num_heads_q=64, num_heads_kv=16, head_dim_qk=160, head_dim_v=217, with_attn_scale=True, with_attn_bias=True, trans_q=False, trans_k=True, trans_v=False, trans_o=True, causal=False, return_lse=False, split_kv=1, current_seqlen=[363, 21, 297, 439, 364, 238], arch='gfx1100', chip='gfx1100', num_cu=70, num_chiplets=1, perfconfig='attn:v1:128,32,16,2,1,16,16,1,1,2,8')
----------------------------------------------------------------------------------------------------
PASS: AttentionConfiguration(datatype='f16', g=8, seq_len_q=127, seq_len_k=164, num_heads_q=1, num_heads_kv=1, head_dim_qk=111, head_dim_v=27, with_attn_scale=True, with_attn_bias=True, trans_q=True, trans_k=False, trans_v=True, trans_o=False, causal=True, return_lse=True, split_kv=16, current_seqlen=None, arch='gfx1100', chip='gfx1100', num_cu=70, num_chiplets=1, perfconfig='attn:v1:16,128,32,1,1,4,0,1,3,4,4')
----------------------------------------------------------------------------------------------------
PASS: AttentionConfiguration(datatype='f16', g=6, seq_len_q=421, seq_len_k=557, num_heads_q=1, num_heads_kv=1, head_dim_qk=88, head_dim_v=53, with_attn_scale=True, with_attn_bias=False, trans_q=True, trans_k=False, trans_v=True, trans_o=True, causal=True, return_lse=False, split_kv=1, current_seqlen=None, arch='gfx1100', chip='gfx1100', num_cu=70, num_chiplets=1, perfconfig='attn:v1:32,256,16,1,1,1,16,1,1,1,1')
----------------------------------------------------------------------------------------------------
PASS: AttentionConfiguration(datatype='f32', g=5, seq_len_q=9, seq_len_k=262, num_heads_q=1, num_heads_kv=1, head_dim_qk=118, head_dim_v=181, with_attn_scale=True, with_attn_bias=False, trans_q=False, trans_k=True, trans_v=False, trans_o=True, causal=True, return_lse=True, split_kv=8, current_seqlen=None, arch='gfx1100', chip='gfx1100', num_cu=70, num_chiplets=1, perfconfig='attn:v1:128,16,32,1,1,1,32,1,3,4,4')
Lowering rejected config as not applicable
Command line = -operation attention -t f32 --arch gfx1100 --num_cu 70 --num_chiplets 1 -g 8 -seq_len_q 14 -seq_len_k 466 -num_heads_q 1 -num_heads_kv 1 -head_dim_qk 78 -head_dim_v 87 -with-attn-scale=False -with-attn-bias=True -transQ=False -transK=True -transV=False -transO=True -causal=True -return_lse=True -split_kv=16 --perf_config=attn:v1:256,16,128,1,1,2,16,1,1,4,2 -pv -relDiff_threshold 1e-4
Errors = loc("<stdin>":25:1): error: ttg.shared (131072) exceeds LDS limit (65536) for amdgcn-amd-amdhsa:gfx1100
Lowering not applicable.

FAIL: Runner returned incorrect result
Config = AttentionConfiguration(datatype='f16', g=4, seq_len_q=70, seq_len_k=742, num_heads_q=1, num_heads_kv=1, head_dim_qk=113, head_dim_v=177, with_attn_scale=True, with_attn_bias=False, trans_q=False, trans_k=False, trans_v=True, trans_o=True, causal=False, return_lse=True, split_kv=4, current_seqlen=None, arch='gfx1100', chip='gfx1100', num_cu=70, num_chiplets=1, perfconfig='attn:v1:64,128,16,1,1,2,16,1,1,8,8')
Command line = -operation attention -t f16 --arch gfx1100 --num_cu 70 --num_chiplets 1 -g 4 -seq_len_q 70 -seq_len_k 742 -num_heads_q 1 -num_heads_kv 1 -head_dim_qk 113 -head_dim_v 177 -with-attn-scale=True -with-attn-bias=False -transQ=False -transK=False -transV=True -transO=True -causal=False -return_lse=True -split_kv=4 --perf_config=attn:v1:64,128,16,1,1,2,16,1,1,8,8 -pv
Output = Number of elements: 198240
maxAbsDiff info: maxAbsDiff = 0.043945 (valNum = -1.00000, gpuNum = -0.95605), average absDiff = 6.5e-03
maxRelDiff info: maxRelDiff = 4.4e-02 (valNum = 0.7500000000, gpuNum = 0.7167968750), average relDiff = 8.9e-03
RMS = 1.3e-02
Histogram of relDiff: 
        relDiff = 0     : 60416/198240 (30.476190%)
     0 < relDiff < 1e-06: 0/198240 (0.000000%)
1e-06 < relDiff <= 1e-05: 0/198240 (0.000000%)
1e-05 < relDiff <= 1e-04: 0/198240 (0.000000%)
1e-04 < relDiff <= 1e-03: 76936/198240 (38.809524%)
1e-03 < relDiff <= 1e-02: 11328/198240 (5.714286%)
1e-02 < relDiff <= 1e-01: 49560/198240 (25.000000%)
1e-01 < relDiff <= 1e+00: 0/198240 (0.000000%)
1e+00 < relDiff < inf   : 0/198240 (0.000000%)
        relDiff = inf   : 0/198240 (0.000000%)
[0 1 1]

----------------------------------------------------------------------------------------------------
NOT_APPLICABLE: AttentionConfiguration(datatype='f32', g=8, seq_len_q=14, seq_len_k=466, num_heads_q=1, num_heads_kv=1, head_dim_qk=78, head_dim_v=87, with_attn_scale=False, with_attn_bias=True, trans_q=False, trans_k=True, trans_v=False, trans_o=True, causal=True, return_lse=True, split_kv=16, current_seqlen=None, arch='gfx1100', chip='gfx1100', num_cu=70, num_chiplets=1, perfconfig='attn:v1:256,16,128,1,1,2,16,1,1,4,2')
----------------------------------------------------------------------------------------------------
PASS: AttentionConfiguration(datatype='bf16', g=1, seq_len_q=4, seq_len_k=3157, num_heads_q=1, num_heads_kv=1, head_dim_qk=183, head_dim_v=68, with_attn_scale=False, with_attn_bias=True, trans_q=True, trans_k=True, trans_v=False, trans_o=True, causal=False, return_lse=True, split_kv=8, current_seqlen=None, arch='gfx1100', chip='gfx1100', num_cu=70, num_chiplets=1, perfconfig='attn:v1:32,128,16,2,1,16,0,1,2,0,0')
Lowering rejected config as not applicable
Command line = -operation attention -t i8 --arch gfx1100 --num_cu 70 --num_chiplets 1 -g 4 -seq_len_q 1 -seq_len_k 318 -num_heads_q 64 -num_heads_kv 8 -head_dim_qk 17 -head_dim_v 100 -with-attn-scale=False -with-attn-bias=True -transQ=False -transK=False -transV=False -transO=True -causal=False -return_lse=False -split_kv=1 --perf_config=attn:v1:64,256,128,1,1,16,32,1,2,4,8 --current_seq_len=198,247,19,46 -pv
Errors = loc("<stdin>":32:1): error: ttg.shared (163840) exceeds LDS limit (65536) for amdgcn-amd-amdhsa:gfx1100
Lowering not applicable.

----------------------------------------------------------------------------------------------------
NOT_APPLICABLE: AttentionConfiguration(datatype='i8', g=4, seq_len_q=1, seq_len_k=318, num_heads_q=64, num_heads_kv=8, head_dim_qk=17, head_dim_v=100, with_attn_scale=False, with_attn_bias=True, trans_q=False, trans_k=False, trans_v=False, trans_o=True, causal=False, return_lse=False, split_kv=1, current_seqlen=[198, 247, 19, 46], arch='gfx1100', chip='gfx1100', num_cu=70, num_chiplets=1, perfconfig='attn:v1:64,256,128,1,1,16,32,1,2,4,8')
Lowering rejected config as not applicable
Command line = -operation attention -t f16 --arch gfx1100 --num_cu 70 --num_chiplets 1 -g 4 -seq_len_q 1 -seq_len_k 217 -num_heads_q 1 -num_heads_kv 1 -head_dim_qk 63 -head_dim_v 12 -with-attn-scale=True -with-attn-bias=True -transQ=True -transK=False -transV=False -transO=True -causal=False -return_lse=True -split_kv=8 --perf_config=attn:v1:64,256,128,1,1,8,16,1,2,1,2 --current_seq_len=59,80,61,128 -pv
Errors = loc("<stdin>":29:1): error: ttg.shared (139264) exceeds LDS limit (65536) for amdgcn-amd-amdhsa:gfx1100
Lowering not applicable.

----------------------------------------------------------------------------------------------------
NOT_APPLICABLE: AttentionConfiguration(datatype='f16', g=4, seq_len_q=1, seq_len_k=217, num_heads_q=1, num_heads_kv=1, head_dim_qk=63, head_dim_v=12, with_attn_scale=True, with_attn_bias=True, trans_q=True, trans_k=False, trans_v=False, trans_o=True, causal=False, return_lse=True, split_kv=8, current_seqlen=[59, 80, 61, 128], arch='gfx1100', chip='gfx1100', num_cu=70, num_chiplets=1, perfconfig='attn:v1:64,256,128,1,1,8,16,1,2,1,2')
----------------------------------------------------------------------------------------------------
PASS: AttentionConfiguration(datatype='i8', g=1, seq_len_q=1, seq_len_k=431, num_heads_q=64, num_heads_kv=32, head_dim_qk=51, head_dim_v=230, with_attn_scale=False, with_attn_bias=False, trans_q=True, trans_k=False, trans_v=False, trans_o=False, causal=False, return_lse=True, split_kv=16, current_seqlen=[274], arch='gfx1100', chip='gfx1100', num_cu=70, num_chiplets=1, perfconfig='attn:v1:256,32,32,1,1,16,32,1,1,0,4')
----------------------------------------------------------------------------------------------------
PASS: AttentionConfiguration(datatype='i8', g=2, seq_len_q=11, seq_len_k=1149, num_heads_q=1, num_heads_kv=1, head_dim_qk=204, head_dim_v=69, with_attn_scale=True, with_attn_bias=False, trans_q=False, trans_k=False, trans_v=False, trans_o=True, causal=True, return_lse=True, split_kv=8, current_seqlen=None, arch='gfx1100', chip='gfx1100', num_cu=70, num_chiplets=1, perfconfig='attn:v1:256,16,32,2,1,16,32,1,1,8,1')
Lowering rejected config as not applicable
Command line = -operation attention -t bf16 --arch gfx1100 --num_cu 70 --num_chiplets 1 -g 1 -seq_len_q 1 -seq_len_k 2862 -num_heads_q 16 -num_heads_kv 2 -head_dim_qk 8 -head_dim_v 220 -with-attn-scale=False -with-attn-bias=False -transQ=False -transK=True -transV=True -transO=True -causal=False -return_lse=True -split_kv=1 --perf_config=attn:v1:256,128,128,2,1,2,16,1,2,1,2 --current_seq_len=2821 -pv -RMS_threshold 1e-2
Errors = loc("<stdin>":27:1): error: ttg.shared (98304) exceeds LDS limit (65536) for amdgcn-amd-amdhsa:gfx1100
Lowering not applicable.

----------------------------------------------------------------------------------------------------
NOT_APPLICABLE: AttentionConfiguration(datatype='bf16', g=1, seq_len_q=1, seq_len_k=2862, num_heads_q=16, num_heads_kv=2, head_dim_qk=8, head_dim_v=220, with_attn_scale=False, with_attn_bias=False, trans_q=False, trans_k=True, trans_v=True, trans_o=True, causal=False, return_lse=True, split_kv=1, current_seqlen=[2821], arch='gfx1100', chip='gfx1100', num_cu=70, num_chiplets=1, perfconfig='attn:v1:256,128,128,2,1,2,16,1,2,1,2')
----------------------------------------------------------------------------------------------------
PASS: AttentionConfiguration(datatype='f32', g=2, seq_len_q=29, seq_len_k=1949, num_heads_q=1, num_heads_kv=1, head_dim_qk=146, head_dim_v=119, with_attn_scale=False, with_attn_bias=True, trans_q=False, trans_k=True, trans_v=True, trans_o=True, causal=True, return_lse=False, split_kv=1, current_seqlen=None, arch='gfx1100', chip='gfx1100', num_cu=70, num_chiplets=1, perfconfig='attn:v1:64,128,16,2,1,1,16,1,2,1,4')
----------------------------------------------------------------------------------------------------
PASS: AttentionConfiguration(datatype='f32', g=7, seq_len_q=1, seq_len_k=247, num_heads_q=128, num_heads_kv=2, head_dim_qk=218, head_dim_v=162, with_attn_scale=False, with_attn_bias=False, trans_q=False, trans_k=False, trans_v=False, trans_o=False, causal=False, return_lse=False, split_kv=1, current_seqlen=[191, 7, 124, 147, 3, 141, 221], arch='gfx1100', chip='gfx1100', num_cu=70, num_chiplets=1, perfconfig='attn:v1:16,64,64,2,1,4,16,1,2,4,1')
----------------------------------------------------------------------------------------------------
PASS: AttentionConfiguration(datatype='f16', g=1, seq_len_q=1, seq_len_k=3745, num_heads_q=128, num_heads_kv=8, head_dim_qk=231, head_dim_v=121, with_attn_scale=False, with_attn_bias=False, trans_q=True, trans_k=False, trans_v=True, trans_o=False, causal=False, return_lse=False, split_kv=1, current_seqlen=[76], arch='gfx1100', chip='gfx1100', num_cu=70, num_chiplets=1, perfconfig='attn:v1:64,64,16,2,1,1,32,1,1,0,0')
----------------------------------------------------------------------------------------------------
FAIL: AttentionConfiguration(datatype='f16', g=4, seq_len_q=70, seq_len_k=742, num_heads_q=1, num_heads_kv=1, head_dim_qk=113, head_dim_v=177, with_attn_scale=True, with_attn_bias=False, trans_q=False, trans_k=False, trans_v=True, trans_o=True, causal=False, return_lse=True, split_kv=4, current_seqlen=None, arch='gfx1100', chip='gfx1100', num_cu=70, num_chiplets=1, perfconfig='attn:v1:64,128,16,1,1,2,16,1,1,8,8')
Lowering rejected config as not applicable
Command line = -operation attention -t f32 --arch gfx1100 --num_cu 70 --num_chiplets 1 -g 6 -seq_len_q 379 -seq_len_k 352 -num_heads_q 1 -num_heads_kv 1 -head_dim_qk 54 -head_dim_v 205 -with-attn-scale=True -with-attn-bias=False -transQ=False -transK=False -transV=False -transO=True -causal=False -return_lse=True -split_kv=1 --perf_config=attn:v1:64,256,128,2,1,1,16,1,3,8,1 -pv -relDiff_threshold 1e-4
Errors = loc("<stdin>":17:1): error: ttg.shared (851968) exceeds LDS limit (65536) for amdgcn-amd-amdhsa:gfx1100
Lowering not applicable.

----------------------------------------------------------------------------------------------------
NOT_APPLICABLE: AttentionConfiguration(datatype='f32', g=6, seq_len_q=379, seq_len_k=352, num_heads_q=1, num_heads_kv=1, head_dim_qk=54, head_dim_v=205, with_attn_scale=True, with_attn_bias=False, trans_q=False, trans_k=False, trans_v=False, trans_o=True, causal=False, return_lse=True, split_kv=1, current_seqlen=None, arch='gfx1100', chip='gfx1100', num_cu=70, num_chiplets=1, perfconfig='attn:v1:64,256,128,2,1,1,16,1,3,8,1')
Lowering rejected config as not applicable
Command line = -operation attention -t f32 --arch gfx1100 --num_cu 70 --num_chiplets 1 -g 8 -seq_len_q 177 -seq_len_k 9 -num_heads_q 32 -num_heads_kv 16 -head_dim_qk 33 -head_dim_v 220 -with-attn-scale=True -with-attn-bias=True -transQ=False -transK=False -transV=True -transO=True -causal=True -return_lse=False -split_kv=1 --perf_config=attn:v1:256,256,32,1,1,1,16,1,2,4,4 -pv -relDiff_threshold 1e-4
Errors = loc("<stdin>":19:1): error: ttg.shared (262144) exceeds LDS limit (65536) for amdgcn-amd-amdhsa:gfx1100
Lowering not applicable.

----------------------------------------------------------------------------------------------------
NOT_APPLICABLE: AttentionConfiguration(datatype='f32', g=8, seq_len_q=177, seq_len_k=9, num_heads_q=32, num_heads_kv=16, head_dim_qk=33, head_dim_v=220, with_attn_scale=True, with_attn_bias=True, trans_q=False, trans_k=False, trans_v=True, trans_o=True, causal=True, return_lse=False, split_kv=1, current_seqlen=None, arch='gfx1100', chip='gfx1100', num_cu=70, num_chiplets=1, perfconfig='attn:v1:256,256,32,1,1,1,16,1,2,4,4')
----------------------------------------------------------------------------------------------------
PASS: AttentionConfiguration(datatype='f32', g=6, seq_len_q=85, seq_len_k=448, num_heads_q=1, num_heads_kv=1, head_dim_qk=184, head_dim_v=111, with_attn_scale=True, with_attn_bias=True, trans_q=True, trans_k=False, trans_v=False, trans_o=False, causal=False, return_lse=False, split_kv=1, current_seqlen=None, arch='gfx1100', chip='gfx1100', num_cu=70, num_chiplets=1, perfconfig='attn:v1:256,64,32,1,1,4,0,1,1,1,8')
----------------------------------------------------------------------------------------------------
PASS: AttentionConfiguration(datatype='bf16', g=5, seq_len_q=330, seq_len_k=505, num_heads_q=64, num_heads_kv=4, head_dim_qk=104, head_dim_v=46, with_attn_scale=True, with_attn_bias=True, trans_q=True, trans_k=True, trans_v=False, trans_o=False, causal=True, return_lse=True, split_kv=1, current_seqlen=None, arch='gfx1100', chip='gfx1100', num_cu=70, num_chiplets=1, perfconfig='attn:v1:16,256,32,2,1,1,32,1,3,0,2')
----------------------------------------------------------------------------------------------------
PASS: AttentionConfiguration(datatype='f16', g=1, seq_len_q=1, seq_len_k=510, num_heads_q=32, num_heads_kv=8, head_dim_qk=22, head_dim_v=211, with_attn_scale=False, with_attn_bias=True, trans_q=True, trans_k=False, trans_v=False, trans_o=True, causal=False, return_lse=True, split_kv=8, current_seqlen=[289], arch='gfx1100', chip='gfx1100', num_cu=70, num_chiplets=1, perfconfig='attn:v1:64,256,32,2,1,1,16,1,1,2,0')
----------------------------------------------------------------------------------------------------
PASS: AttentionConfiguration(datatype='f16', g=5, seq_len_q=1, seq_len_k=401, num_heads_q=1, num_heads_kv=1, head_dim_qk=107, head_dim_v=216, with_attn_scale=True, with_attn_bias=False, trans_q=True, trans_k=False, trans_v=False, trans_o=True, causal=False, return_lse=False, split_kv=1, current_seqlen=[293, 44, 150, 39, 384], arch='gfx1100', chip='gfx1100', num_cu=70, num_chiplets=1, perfconfig='attn:v1:32,32,128,2,1,8,32,1,1,0,2')
----------------------------------------------------------------------------------------------------
PASS: AttentionConfiguration(datatype='f16', g=1, seq_len_q=1, seq_len_k=1720, num_heads_q=32, num_heads_kv=2, head_dim_qk=33, head_dim_v=229, with_attn_scale=False, with_attn_bias=False, trans_q=True, trans_k=False, trans_v=False, trans_o=True, causal=False, return_lse=True, split_kv=2, current_seqlen=[28], arch='gfx1100', chip='gfx1100', num_cu=70, num_chiplets=1, perfconfig='attn:v1:32,16,16,2,1,2,0,1,3,1,4')
----------------------------------------------------------------------------------------------------
PASS: AttentionConfiguration(datatype='bf16', g=3, seq_len_q=335, seq_len_k=649, num_heads_q=1, num_heads_kv=1, head_dim_qk=200, head_dim_v=249, with_attn_scale=True, with_attn_bias=False, trans_q=True, trans_k=False, trans_v=True, trans_o=False, causal=True, return_lse=False, split_kv=1, current_seqlen=None, arch='gfx1100', chip='gfx1100', num_cu=70, num_chiplets=1, perfconfig='attn:v1:16,64,128,1,1,16,16,1,2,4,0')
----------------------------------------------------------------------------------------------------
PASS: AttentionConfiguration(datatype='i8', g=1, seq_len_q=257, seq_len_k=559, num_heads_q=64, num_heads_kv=32, head_dim_qk=6, head_dim_v=57, with_attn_scale=False, with_attn_bias=True, trans_q=False, trans_k=False, trans_v=True, trans_o=True, causal=False, return_lse=False, split_kv=1, current_seqlen=None, arch='gfx1100', chip='gfx1100', num_cu=70, num_chiplets=1, perfconfig='attn:v1:16,64,64,1,1,8,0,1,1,2,4')
----------------------------------------------------------------------------------------------------
PASS: AttentionConfiguration(datatype='i8', g=1, seq_len_q=1, seq_len_k=839, num_heads_q=1, num_heads_kv=1, head_dim_qk=160, head_dim_v=60, with_attn_scale=False, with_attn_bias=False, trans_q=False, trans_k=False, trans_v=True, trans_o=False, causal=False, return_lse=True, split_kv=4, current_seqlen=[618], arch='gfx1100', chip='gfx1100', num_cu=70, num_chiplets=1, perfconfig='attn:v1:256,64,64,2,1,4,0,1,3,8,2')
----------------------------------------------------------------------------------------------------
PASS: AttentionConfiguration(datatype='f16', g=1, seq_len_q=114, seq_len_k=1929, num_heads_q=1, num_heads_kv=1, head_dim_qk=25, head_dim_v=78, with_attn_scale=True, with_attn_bias=False, trans_q=False, trans_k=False, trans_v=True, trans_o=True, causal=True, return_lse=True, split_kv=32, current_seqlen=None, arch='gfx1100', chip='gfx1100', num_cu=70, num_chiplets=1, perfconfig='attn:v1:64,256,128,2,1,8,32,1,1,8,2')
----------------------------------------------------------------------------------------------------
PASS: AttentionConfiguration(datatype='i8', g=2, seq_len_q=1, seq_len_k=1774, num_heads_q=128, num_heads_kv=8, head_dim_qk=122, head_dim_v=41, with_attn_scale=True, with_attn_bias=False, trans_q=True, trans_k=False, trans_v=True, trans_o=True, causal=False, return_lse=True, split_kv=8, current_seqlen=[1496, 1031], arch='gfx1100', chip='gfx1100', num_cu=70, num_chiplets=1, perfconfig='attn:v1:32,256,128,2,1,16,16,1,1,4,2')
----------------------------------------------------------------------------------------------------
PASS: AttentionConfiguration(datatype='f16', g=3, seq_len_q=103, seq_len_k=865, num_heads_q=64, num_heads_kv=16, head_dim_qk=52, head_dim_v=46, with_attn_scale=True, with_attn_bias=True, trans_q=True, trans_k=False, trans_v=True, trans_o=True, causal=False, return_lse=True, split_kv=16, current_seqlen=None, arch='gfx1100', chip='gfx1100', num_cu=70, num_chiplets=1, perfconfig='attn:v1:64,128,128,2,1,1,32,1,2,2,4')
Lowering rejected config as not applicable
Command line = -operation attention -t f32 --arch gfx1100 --num_cu 70 --num_chiplets 1 -g 7 -seq_len_q 1 -seq_len_k 196 -num_heads_q 64 -num_heads_kv 4 -head_dim_qk 133 -head_dim_v 205 -with-attn-scale=False -with-attn-bias=True -transQ=True -transK=True -transV=False -transO=False -causal=False -return_lse=False -split_kv=1 --perf_config=attn:v1:128,256,128,2,1,16,0,1,1,8,4 --current_seq_len=126,85,12,22,81,155,76 -pv -relDiff_threshold 1e-4
Errors = loc("<stdin>":28:1): error: ttg.shared (262144) exceeds LDS limit (65536) for amdgcn-amd-amdhsa:gfx1100
Lowering not applicable.

FAIL: Runner returned incorrect result
Config = AttentionConfiguration(datatype='bf16', g=6, seq_len_q=618, seq_len_k=415, num_heads_q=64, num_heads_kv=16, head_dim_qk=87, head_dim_v=114, with_attn_scale=True, with_attn_bias=True, trans_q=False, trans_k=True, trans_v=True, trans_o=True, causal=True, return_lse=True, split_kv=1, current_seqlen=None, arch='gfx1100', chip='gfx1100', num_cu=70, num_chiplets=1, perfconfig='attn:v1:32,64,32,1,1,8,16,1,2,1,1')
Command line = -operation attention -t bf16 --arch gfx1100 --num_cu 70 --num_chiplets 1 -g 6 -seq_len_q 618 -seq_len_k 415 -num_heads_q 64 -num_heads_kv 16 -head_dim_qk 87 -head_dim_v 114 -with-attn-scale=True -with-attn-bias=True -transQ=False -transK=True -transV=True -transO=True -causal=True -return_lse=True -split_kv=1 --perf_config=attn:v1:32,64,32,1,1,8,16,1,2,1,1 -pv -RMS_threshold 1e-2
Output = [1 1 1]
Number of elements: 237312
maxAbsDiff info: maxAbsDiff = 0.500000 (valNum = 40.25000, gpuNum = 39.75000), average absDiff = 4.6e-01
maxRelDiff info: maxRelDiff = 1.2e-02 (valNum = 40.2500000000, gpuNum = 39.7500000000), average relDiff = 1.0e-02
RMS = 1.0e-02
Histogram of relDiff: 
        relDiff = 0     : 0/237312 (0.000000%)
     0 < relDiff < 1e-06: 0/237312 (0.000000%)
1e-06 < relDiff <= 1e-05: 0/237312 (0.000000%)
1e-05 < relDiff <= 1e-04: 0/237312 (0.000000%)
1e-04 < relDiff <= 1e-03: 0/237312 (0.000000%)
1e-03 < relDiff <= 1e-02: 40704/237312 (17.152104%)
1e-02 < relDiff <= 1e-01: 196608/237312 (82.847896%)
1e-01 < relDiff <= 1e+00: 0/237312 (0.000000%)
1e+00 < relDiff < inf   : 0/237312 (0.000000%)
        relDiff = inf   : 0/237312 (0.000000%)
[0 1 1]

----------------------------------------------------------------------------------------------------
NOT_APPLICABLE: AttentionConfiguration(datatype='f32', g=7, seq_len_q=1, seq_len_k=196, num_heads_q=64, num_heads_kv=4, head_dim_qk=133, head_dim_v=205, with_attn_scale=False, with_attn_bias=True, trans_q=True, trans_k=True, trans_v=False, trans_o=False, causal=False, return_lse=False, split_kv=1, current_seqlen=[126, 85, 12, 22, 81, 155, 76], arch='gfx1100', chip='gfx1100', num_cu=70, num_chiplets=1, perfconfig='attn:v1:128,256,128,2,1,16,0,1,1,8,4')
----------------------------------------------------------------------------------------------------
PASS: AttentionConfiguration(datatype='bf16', g=1, seq_len_q=43, seq_len_k=2574, num_heads_q=1, num_heads_kv=1, head_dim_qk=239, head_dim_v=2, with_attn_scale=True, with_attn_bias=False, trans_q=False, trans_k=True, trans_v=True, trans_o=True, causal=False, return_lse=False, split_kv=1, current_seqlen=None, arch='gfx1100', chip='gfx1100', num_cu=70, num_chiplets=1, perfconfig='attn:v1:16,16,32,2,1,16,16,1,1,2,0')
----------------------------------------------------------------------------------------------------
PASS: AttentionConfiguration(datatype='bf16', g=6, seq_len_q=40, seq_len_k=382, num_heads_q=1, num_heads_kv=1, head_dim_qk=68, head_dim_v=178, with_attn_scale=False, with_attn_bias=True, trans_q=False, trans_k=False, trans_v=True, trans_o=False, causal=True, return_lse=True, split_kv=2, current_seqlen=None, arch='gfx1100', chip='gfx1100', num_cu=70, num_chiplets=1, perfconfig='attn:v1:32,64,64,1,1,8,0,1,3,1,1')
----------------------------------------------------------------------------------------------------
PASS: AttentionConfiguration(datatype='f32', g=2, seq_len_q=1, seq_len_k=938, num_heads_q=1, num_heads_kv=1, head_dim_qk=7, head_dim_v=197, with_attn_scale=True, with_attn_bias=False, trans_q=False, trans_k=False, trans_v=False, trans_o=False, causal=False, return_lse=False, split_kv=1, current_seqlen=[641, 664], arch='gfx1100', chip='gfx1100', num_cu=70, num_chiplets=1, perfconfig='attn:v1:64,64,64,1,1,16,16,1,1,0,8')
----------------------------------------------------------------------------------------------------
PASS: AttentionConfiguration(datatype='f16', g=5, seq_len_q=1, seq_len_k=105, num_heads_q=128, num_heads_kv=4, head_dim_qk=212, head_dim_v=44, with_attn_scale=False, with_attn_bias=False, trans_q=False, trans_k=False, trans_v=True, trans_o=False, causal=False, return_lse=True, split_kv=2, current_seqlen=[89, 25, 47, 84, 81], arch='gfx1100', chip='gfx1100', num_cu=70, num_chiplets=1, perfconfig='attn:v1:128,64,16,1,1,1,0,1,3,8,8')
----------------------------------------------------------------------------------------------------
PASS: AttentionConfiguration(datatype='i8', g=7, seq_len_q=25, seq_len_k=97, num_heads_q=1, num_heads_kv=1, head_dim_qk=71, head_dim_v=87, with_attn_scale=False, with_attn_bias=False, trans_q=False, trans_k=True, trans_v=False, trans_o=True, causal=True, return_lse=True, split_kv=8, current_seqlen=None, arch='gfx1100', chip='gfx1100', num_cu=70, num_chiplets=1, perfconfig='attn:v1:64,256,64,2,1,2,0,1,3,2,8')
----------------------------------------------------------------------------------------------------
PASS: AttentionConfiguration(datatype='bf16', g=3, seq_len_q=72, seq_len_k=1259, num_heads_q=128, num_heads_kv=32, head_dim_qk=212, head_dim_v=129, with_attn_scale=False, with_attn_bias=False, trans_q=False, trans_k=False, trans_v=False, trans_o=False, causal=False, return_lse=False, split_kv=1, current_seqlen=None, arch='gfx1100', chip='gfx1100', num_cu=70, num_chiplets=1, perfconfig='attn:v1:16,32,128,1,1,16,16,1,3,1,4')
----------------------------------------------------------------------------------------------------
FAIL: AttentionConfiguration(datatype='bf16', g=6, seq_len_q=618, seq_len_k=415, num_heads_q=64, num_heads_kv=16, head_dim_qk=87, head_dim_v=114, with_attn_scale=True, with_attn_bias=True, trans_q=False, trans_k=True, trans_v=True, trans_o=True, causal=True, return_lse=True, split_kv=1, current_seqlen=None, arch='gfx1100', chip='gfx1100', num_cu=70, num_chiplets=1, perfconfig='attn:v1:32,64,32,1,1,8,16,1,2,1,1')
Lowering rejected config as not applicable
Command line = -operation attention -t f32 --arch gfx1100 --num_cu 70 --num_chiplets 1 -g 2 -seq_len_q 1 -seq_len_k 753 -num_heads_q 128 -num_heads_kv 8 -head_dim_qk 125 -head_dim_v 106 -with-attn-scale=True -with-attn-bias=False -transQ=False -transK=False -transV=True -transO=False -causal=False -return_lse=True -split_kv=2 --perf_config=attn:v1:32,256,64,1,1,16,0,1,1,2,2 --current_seq_len=572,160 -pv -relDiff_threshold 1e-4
Errors = loc("<stdin>":33:1): error: ttg.shared (131072) exceeds LDS limit (65536) for amdgcn-amd-amdhsa:gfx1100
Lowering not applicable.

----------------------------------------------------------------------------------------------------
NOT_APPLICABLE: AttentionConfiguration(datatype='f32', g=2, seq_len_q=1, seq_len_k=753, num_heads_q=128, num_heads_kv=8, head_dim_qk=125, head_dim_v=106, with_attn_scale=True, with_attn_bias=False, trans_q=False, trans_k=False, trans_v=True, trans_o=False, causal=False, return_lse=True, split_kv=2, current_seqlen=[572, 160], arch='gfx1100', chip='gfx1100', num_cu=70, num_chiplets=1, perfconfig='attn:v1:32,256,64,1,1,16,0,1,1,2,2')
Lowering rejected config as not applicable
Command line = -operation attention -t f32 --arch gfx1100 --num_cu 70 --num_chiplets 1 -g 3 -seq_len_q 367 -seq_len_k 618 -num_heads_q 1 -num_heads_kv 1 -head_dim_qk 122 -head_dim_v 67 -with-attn-scale=True -with-attn-bias=True -transQ=False -transK=False -transV=True -transO=True -causal=True -return_lse=False -split_kv=1 --perf_config=attn:v1:128,32,64,1,1,1,16,1,3,8,1 -pv -relDiff_threshold 1e-4
Errors = loc("<stdin>":16:1): error: ttg.shared (81920) exceeds LDS limit (65536) for amdgcn-amd-amdhsa:gfx1100
Lowering not applicable.

----------------------------------------------------------------------------------------------------
NOT_APPLICABLE: AttentionConfiguration(datatype='f32', g=3, seq_len_q=367, seq_len_k=618, num_heads_q=1, num_heads_kv=1, head_dim_qk=122, head_dim_v=67, with_attn_scale=True, with_attn_bias=True, trans_q=False, trans_k=False, trans_v=True, trans_o=True, causal=True, return_lse=False, split_kv=1, current_seqlen=None, arch='gfx1100', chip='gfx1100', num_cu=70, num_chiplets=1, perfconfig='attn:v1:128,32,64,1,1,1,16,1,3,8,1')
----------------------------------------------------------------------------------------------------
PASS: AttentionConfiguration(datatype='bf16', g=4, seq_len_q=1, seq_len_k=465, num_heads_q=1, num_heads_kv=1, head_dim_qk=13, head_dim_v=138, with_attn_scale=False, with_attn_bias=True, trans_q=False, trans_k=True, trans_v=False, trans_o=True, causal=False, return_lse=True, split_kv=1, current_seqlen=[440, 70, 262, 171], arch='gfx1100', chip='gfx1100', num_cu=70, num_chiplets=1, perfconfig='attn:v1:32,16,128,1,1,16,0,1,2,1,8')
----------------------------------------------------------------------------------------------------
PASS: AttentionConfiguration(datatype='i8', g=8, seq_len_q=1, seq_len_k=114, num_heads_q=16, num_heads_kv=2, head_dim_qk=234, head_dim_v=128, with_attn_scale=True, with_attn_bias=True, trans_q=True, trans_k=True, trans_v=False, trans_o=False, causal=False, return_lse=True, split_kv=8, current_seqlen=[112, 31, 62, 104, 100, 25, 61, 30], arch='gfx1100', chip='gfx1100', num_cu=70, num_chiplets=1, perfconfig='attn:v1:16,32,32,2,1,1,32,1,1,1,1')
----------------------------------------------------------------------------------------------------
PASS: AttentionConfiguration(datatype='i8', g=5, seq_len_q=1, seq_len_k=388, num_heads_q=1, num_heads_kv=1, head_dim_qk=51, head_dim_v=250, with_attn_scale=False, with_attn_bias=False, trans_q=False, trans_k=False, trans_v=True, trans_o=False, causal=False, return_lse=False, split_kv=1, current_seqlen=[321, 51, 359, 177, 257], arch='gfx1100', chip='gfx1100', num_cu=70, num_chiplets=1, perfconfig='attn:v1:64,128,32,2,1,8,0,1,1,0,8')
FAIL: Runner returned incorrect result
Config = AttentionConfiguration(datatype='f32', g=5, seq_len_q=406, seq_len_k=641, num_heads_q=1, num_heads_kv=1, head_dim_qk=186, head_dim_v=34, with_attn_scale=False, with_attn_bias=False, trans_q=True, trans_k=True, trans_v=True, trans_o=True, causal=True, return_lse=False, split_kv=1, current_seqlen=None, arch='gfx1100', chip='gfx1100', num_cu=70, num_chiplets=1, perfconfig='attn:v1:64,16,32,1,1,8,0,1,2,4,0')
Command line = -operation attention -t f32 --arch gfx1100 --num_cu 70 --num_chiplets 1 -g 5 -seq_len_q 406 -seq_len_k 641 -num_heads_q 1 -num_heads_kv 1 -head_dim_qk 186 -head_dim_v 34 -with-attn-scale=False -with-attn-bias=False -transQ=True -transK=True -transV=True -transO=True -causal=True -return_lse=False -split_kv=1 --perf_config=attn:v1:64,16,32,1,1,8,0,1,2,4,0 -pv -relDiff_threshold 1e-4
Output = Number of elements: 69020
maxAbsDiff info: maxAbsDiff = 0.000000 (valNum = 0.08333, gpuNum = 0.08333), average absDiff = 4.7e-08
maxRelDiff info: maxRelDiff = 7.5e-01 (valNum = 0.0000000075, gpuNum = 0.0000000000), average relDiff = 6.1e-04
RMS = 6.6e-08
Histogram of relDiff: 
        relDiff = 0     : 5327/69020 (7.718053%)
     0 < relDiff < 1e-06: 52294/69020 (75.766445%)
1e-06 < relDiff <= 1e-05: 11343/69020 (16.434367%)
1e-05 < relDiff <= 1e-04: 0/69020 (0.000000%)
1e-04 < relDiff <= 1e-03: 0/69020 (0.000000%)
1e-03 < relDiff <= 1e-02: 0/69020 (0.000000%)
1e-02 < relDiff <= 1e-01: 0/69020 (0.000000%)
1e-01 < relDiff <= 1e+00: 56/69020 (0.081136%)
1e+00 < relDiff < inf   : 0/69020 (0.000000%)
        relDiff = inf   : 0/69020 (0.000000%)
[1 1 0]

----------------------------------------------------------------------------------------------------
PASS: AttentionConfiguration(datatype='f16', g=7, seq_len_q=42, seq_len_k=140, num_heads_q=64, num_heads_kv=32, head_dim_qk=208, head_dim_v=83, with_attn_scale=True, with_attn_bias=True, trans_q=True, trans_k=False, trans_v=True, trans_o=True, causal=True, return_lse=False, split_kv=1, current_seqlen=None, arch='gfx1100', chip='gfx1100', num_cu=70, num_chiplets=1, perfconfig='attn:v1:256,32,32,2,1,8,32,1,1,8,1')
----------------------------------------------------------------------------------------------------
PASS: AttentionConfiguration(datatype='bf16', g=7, seq_len_q=1, seq_len_k=449, num_heads_q=16, num_heads_kv=4, head_dim_qk=228, head_dim_v=32, with_attn_scale=False, with_attn_bias=False, trans_q=False, trans_k=True, trans_v=True, trans_o=True, causal=False, return_lse=False, split_kv=1, current_seqlen=[351, 325, 292, 371, 325, 229, 345], arch='gfx1100', chip='gfx1100', num_cu=70, num_chiplets=1, perfconfig='attn:v1:128,128,128,1,1,2,32,1,2,1,0')
----------------------------------------------------------------------------------------------------
PASS: AttentionConfiguration(datatype='f32', g=7, seq_len_q=255, seq_len_k=581, num_heads_q=128, num_heads_kv=4, head_dim_qk=118, head_dim_v=32, with_attn_scale=False, with_attn_bias=True, trans_q=False, trans_k=True, trans_v=False, trans_o=False, causal=True, return_lse=False, split_kv=1, current_seqlen=None, arch='gfx1100', chip='gfx1100', num_cu=70, num_chiplets=1, perfconfig='attn:v1:32,16,32,1,1,16,16,1,1,4,4')
Lowering rejected config as not applicable
Command line = -operation attention -t bf16 --arch gfx1100 --num_cu 70 --num_chiplets 1 -g 1 -seq_len_q 3 -seq_len_k 3977 -num_heads_q 32 -num_heads_kv 4 -head_dim_qk 26 -head_dim_v 215 -with-attn-scale=False -with-attn-bias=True -transQ=False -transK=True -transV=True -transO=True -causal=False -return_lse=False -split_kv=1 --perf_config=attn:v1:32,128,32,2,1,16,32,1,2,4,4 -pv -RMS_threshold 1e-2
Errors = loc("<stdin>":19:1): error: ttg.shared (90112) exceeds LDS limit (65536) for amdgcn-amd-amdhsa:gfx1100
Lowering not applicable.

----------------------------------------------------------------------------------------------------
NOT_APPLICABLE: AttentionConfiguration(datatype='bf16', g=1, seq_len_q=3, seq_len_k=3977, num_heads_q=32, num_heads_kv=4, head_dim_qk=26, head_dim_v=215, with_attn_scale=False, with_attn_bias=True, trans_q=False, trans_k=True, trans_v=True, trans_o=True, causal=False, return_lse=False, split_kv=1, current_seqlen=None, arch='gfx1100', chip='gfx1100', num_cu=70, num_chiplets=1, perfconfig='attn:v1:32,128,32,2,1,16,32,1,2,4,4')
----------------------------------------------------------------------------------------------------
PASS: AttentionConfiguration(datatype='i8', g=2, seq_len_q=55, seq_len_k=1746, num_heads_q=1, num_heads_kv=1, head_dim_qk=42, head_dim_v=10, with_attn_scale=True, with_attn_bias=False, trans_q=True, trans_k=True, trans_v=False, trans_o=True, causal=True, return_lse=False, split_kv=1, current_seqlen=None, arch='gfx1100', chip='gfx1100', num_cu=70, num_chiplets=1, perfconfig='attn:v1:32,16,16,2,1,4,0,1,2,8,4')
----------------------------------------------------------------------------------------------------
PASS: AttentionConfiguration(datatype='bf16', g=3, seq_len_q=1, seq_len_k=139, num_heads_q=128, num_heads_kv=8, head_dim_qk=156, head_dim_v=10, with_attn_scale=False, with_attn_bias=False, trans_q=True, trans_k=False, trans_v=True, trans_o=True, causal=False, return_lse=False, split_kv=1, current_seqlen=[44, 7, 103], arch='gfx1100', chip='gfx1100', num_cu=70, num_chiplets=1, perfconfig='attn:v1:32,32,128,1,1,2,16,1,3,0,4')
----------------------------------------------------------------------------------------------------
FAIL: AttentionConfiguration(datatype='f32', g=5, seq_len_q=406, seq_len_k=641, num_heads_q=1, num_heads_kv=1, head_dim_qk=186, head_dim_v=34, with_attn_scale=False, with_attn_bias=False, trans_q=True, trans_k=True, trans_v=True, trans_o=True, causal=True, return_lse=False, split_kv=1, current_seqlen=None, arch='gfx1100', chip='gfx1100', num_cu=70, num_chiplets=1, perfconfig='attn:v1:64,16,32,1,1,8,0,1,2,4,0')
----------------------------------------------------------------------------------------------------
PASS: AttentionConfiguration(datatype='bf16', g=7, seq_len_q=1, seq_len_k=108, num_heads_q=1, num_heads_kv=1, head_dim_qk=140, head_dim_v=125, with_attn_scale=False, with_attn_bias=False, trans_q=False, trans_k=False, trans_v=True, trans_o=False, causal=False, return_lse=True, split_kv=32, current_seqlen=[21, 74, 9, 35, 80, 93, 47], arch='gfx1100', chip='gfx1100', num_cu=70, num_chiplets=1, perfconfig='attn:v1:256,32,128,2,1,16,32,1,1,2,0')
Lowering rejected config as not applicable
Command line = -operation attention -t bf16 --arch gfx1100 --num_cu 70 --num_chiplets 1 -g 6 -seq_len_q 1 -seq_len_k 545 -num_heads_q 1 -num_heads_kv 1 -head_dim_qk 20 -head_dim_v 144 -with-attn-scale=False -with-attn-bias=False -transQ=True -transK=False -transV=False -transO=True -causal=False -return_lse=True -split_kv=1 --perf_config=attn:v1:128,256,32,1,1,8,0,1,1,1,8 --current_seq_len=443,472,284,158,47,325 -pv -RMS_threshold 1e-2
Errors = loc("<stdin>":24:1): error: ttg.shared (131072) exceeds LDS limit (65536) for amdgcn-amd-amdhsa:gfx1100
Lowering not applicable.

----------------------------------------------------------------------------------------------------
NOT_APPLICABLE: AttentionConfiguration(datatype='bf16', g=6, seq_len_q=1, seq_len_k=545, num_heads_q=1, num_heads_kv=1, head_dim_qk=20, head_dim_v=144, with_attn_scale=False, with_attn_bias=False, trans_q=True, trans_k=False, trans_v=False, trans_o=True, causal=False, return_lse=True, split_kv=1, current_seqlen=[443, 472, 284, 158, 47, 325], arch='gfx1100', chip='gfx1100', num_cu=70, num_chiplets=1, perfconfig='attn:v1:128,256,32,1,1,8,0,1,1,1,8')
----------------------------------------------------------------------------------------------------
PASS: AttentionConfiguration(datatype='f16', g=7, seq_len_q=554, seq_len_k=407, num_heads_q=1, num_heads_kv=1, head_dim_qk=198, head_dim_v=27, with_attn_scale=True, with_attn_bias=False, trans_q=False, trans_k=False, trans_v=True, trans_o=True, causal=True, return_lse=False, split_kv=1, current_seqlen=None, arch='gfx1100', chip='gfx1100', num_cu=70, num_chiplets=1, perfconfig='attn:v1:16,32,16,1,1,8,32,1,2,2,8')
----------------------------------------------------------------------------------------------------
PASS: AttentionConfiguration(datatype='f32', g=8, seq_len_q=78, seq_len_k=372, num_heads_q=64, num_heads_kv=16, head_dim_qk=241, head_dim_v=101, with_attn_scale=True, with_attn_bias=True, trans_q=True, trans_k=False, trans_v=False, trans_o=True, causal=True, return_lse=True, split_kv=4, current_seqlen=None, arch='gfx1100', chip='gfx1100', num_cu=70, num_chiplets=1, perfconfig='attn:v1:64,128,16,1,1,2,16,1,2,1,2')
Lowering rejected config as not applicable
Command line = -operation attention -t f16 --arch gfx1100 --num_cu 70 --num_chiplets 1 -g 4 -seq_len_q 1 -seq_len_k 991 -num_heads_q 8 -num_heads_kv 2 -head_dim_qk 119 -head_dim_v 16 -with-attn-scale=True -with-attn-bias=True -transQ=True -transK=False -transV=False -transO=True -causal=False -return_lse=True -split_kv=32 --perf_config=attn:v1:256,16,64,1,1,4,32,1,3,0,4 --current_seq_len=6,742,905,374 -pv
Errors = loc("<stdin>":33:1): error: ttg.shared (69632) exceeds LDS limit (65536) for amdgcn-amd-amdhsa:gfx1100
Lowering not applicable.

----------------------------------------------------------------------------------------------------
NOT_APPLICABLE: AttentionConfiguration(datatype='f16', g=4, seq_len_q=1, seq_len_k=991, num_heads_q=8, num_heads_kv=2, head_dim_qk=119, head_dim_v=16, with_attn_scale=True, with_attn_bias=True, trans_q=True, trans_k=False, trans_v=False, trans_o=True, causal=False, return_lse=True, split_kv=32, current_seqlen=[6, 742, 905, 374], arch='gfx1100', chip='gfx1100', num_cu=70, num_chiplets=1, perfconfig='attn:v1:256,16,64,1,1,4,32,1,3,0,4')
Lowering rejected config as not applicable
Command line = -operation attention -t bf16 --arch gfx1100 --num_cu 70 --num_chiplets 1 -g 3 -seq_len_q 1 -seq_len_k 654 -num_heads_q 1 -num_heads_kv 1 -head_dim_qk 27 -head_dim_v 34 -with-attn-scale=True -with-attn-bias=True -transQ=True -transK=False -transV=True -transO=False -causal=False -return_lse=True -split_kv=1 --perf_config=attn:v1:128,256,32,2,1,8,16,1,2,0,0 --current_seq_len=77,423,396 -pv -RMS_threshold 1e-2
Errors = loc("<stdin>":26:1): error: ttg.shared (180224) exceeds LDS limit (65536) for amdgcn-amd-amdhsa:gfx1100
Lowering not applicable.

----------------------------------------------------------------------------------------------------
NOT_APPLICABLE: AttentionConfiguration(datatype='bf16', g=3, seq_len_q=1, seq_len_k=654, num_heads_q=1, num_heads_kv=1, head_dim_qk=27, head_dim_v=34, with_attn_scale=True, with_attn_bias=True, trans_q=True, trans_k=False, trans_v=True, trans_o=False, causal=False, return_lse=True, split_kv=1, current_seqlen=[77, 423, 396], arch='gfx1100', chip='gfx1100', num_cu=70, num_chiplets=1, perfconfig='attn:v1:128,256,32,2,1,8,16,1,2,0,0')
----------------------------------------------------------------------------------------------------
PASS: AttentionConfiguration(datatype='f16', g=7, seq_len_q=1, seq_len_k=572, num_heads_q=1, num_heads_kv=1, head_dim_qk=195, head_dim_v=64, with_attn_scale=False, with_attn_bias=True, trans_q=True, trans_k=True, trans_v=True, trans_o=False, causal=False, return_lse=True, split_kv=4, current_seqlen=[240, 76, 10, 318, 319, 52, 114], arch='gfx1100', chip='gfx1100', num_cu=70, num_chiplets=1, perfconfig='attn:v1:16,16,128,2,1,2,32,1,3,8,1')
----------------------------------------------------------------------------------------------------
PASS: AttentionConfiguration(datatype='bf16', g=6, seq_len_q=1, seq_len_k=629, num_heads_q=4, num_heads_kv=2, head_dim_qk=150, head_dim_v=50, with_attn_scale=True, with_attn_bias=False, trans_q=False, trans_k=False, trans_v=True, trans_o=False, causal=False, return_lse=False, split_kv=1, current_seqlen=[444, 606, 237, 543, 539, 409], arch='gfx1100', chip='gfx1100', num_cu=70, num_chiplets=1, perfconfig='attn:v1:256,16,32,1,1,4,0,1,2,0,4')
----------------------------------------------------------------------------------------------------
PASS: AttentionConfiguration(datatype='bf16', g=4, seq_len_q=1, seq_len_k=974, num_heads_q=128, num_heads_kv=8, head_dim_qk=81, head_dim_v=188, with_attn_scale=True, with_attn_bias=False, trans_q=False, trans_k=False, trans_v=False, trans_o=False, causal=False, return_lse=False, split_kv=1, current_seqlen=[71, 358, 127, 103], arch='gfx1100', chip='gfx1100', num_cu=70, num_chiplets=1, perfconfig='attn:v1:64,128,64,1,1,8,32,1,2,0,1')
----------------------------------------------------------------------------------------------------
PASS: AttentionConfiguration(datatype='bf16', g=6, seq_len_q=1, seq_len_k=55, num_heads_q=64, num_heads_kv=16, head_dim_qk=49, head_dim_v=255, with_attn_scale=False, with_attn_bias=True, trans_q=True, trans_k=True, trans_v=True, trans_o=False, causal=False, return_lse=True, split_kv=32, current_seqlen=[26, 32, 16, 46, 34, 19], arch='gfx1100', chip='gfx1100', num_cu=70, num_chiplets=1, perfconfig='attn:v1:32,16,16,2,1,2,16,1,1,1,1')
----------------------------------------------------------------------------------------------------
PASS: AttentionConfiguration(datatype='i8', g=5, seq_len_q=599, seq_len_k=311, num_heads_q=32, num_heads_kv=2, head_dim_qk=223, head_dim_v=207, with_attn_scale=False, with_attn_bias=True, trans_q=True, trans_k=True, trans_v=True, trans_o=False, causal=True, return_lse=False, split_kv=1, current_seqlen=None, arch='gfx1100', chip='gfx1100', num_cu=70, num_chiplets=1, perfconfig='attn:v1:32,16,64,1,1,2,0,1,2,0,4')
----------------------------------------------------------------------------------------------------
PASS: AttentionConfiguration(datatype='f16', g=2, seq_len_q=17, seq_len_k=1900, num_heads_q=1, num_heads_kv=1, head_dim_qk=243, head_dim_v=175, with_attn_scale=False, with_attn_bias=True, trans_q=True, trans_k=False, trans_v=False, trans_o=True, causal=True, return_lse=False, split_kv=1, current_seqlen=None, arch='gfx1100', chip='gfx1100', num_cu=70, num_chiplets=1, perfconfig='attn:v1:16,256,128,1,1,1,16,1,1,2,8')
Lowering rejected config as not applicable
Command line = -operation attention -t i8 --arch gfx1100 --num_cu 70 --num_chiplets 1 -g 4 -seq_len_q 215 -seq_len_k 261 -num_heads_q 1 -num_heads_kv 1 -head_dim_qk 111 -head_dim_v 212 -with-attn-scale=True -with-attn-bias=True -transQ=True -transK=False -transV=True -transO=True -causal=True -return_lse=True -split_kv=1 --perf_config=attn:v1:16,256,32,1,1,16,16,1,3,2,8 -pv
Errors = loc("<stdin>":23:1): error: ttg.shared (131072) exceeds LDS limit (65536) for amdgcn-amd-amdhsa:gfx1100
Lowering not applicable.

----------------------------------------------------------------------------------------------------
NOT_APPLICABLE: AttentionConfiguration(datatype='i8', g=4, seq_len_q=215, seq_len_k=261, num_heads_q=1, num_heads_kv=1, head_dim_qk=111, head_dim_v=212, with_attn_scale=True, with_attn_bias=True, trans_q=True, trans_k=False, trans_v=True, trans_o=True, causal=True, return_lse=True, split_kv=1, current_seqlen=None, arch='gfx1100', chip='gfx1100', num_cu=70, num_chiplets=1, perfconfig='attn:v1:16,256,32,1,1,16,16,1,3,2,8')
Lowering rejected config as not applicable
Command line = -operation attention -t i8 --arch gfx1100 --num_cu 70 --num_chiplets 1 -g 1 -seq_len_q 1 -seq_len_k 2680 -num_heads_q 1 -num_heads_kv 1 -head_dim_qk 21 -head_dim_v 244 -with-attn-scale=True -with-attn-bias=True -transQ=False -transK=True -transV=False -transO=False -causal=False -return_lse=True -split_kv=1 --perf_config=attn:v1:16,256,64,2,1,16,0,1,1,8,0 --current_seq_len=557 -pv
Errors = loc("<stdin>":25:1): error: ttg.shared (131072) exceeds LDS limit (65536) for amdgcn-amd-amdhsa:gfx1100
Lowering not applicable.

----------------------------------------------------------------------------------------------------
NOT_APPLICABLE: AttentionConfiguration(datatype='i8', g=1, seq_len_q=1, seq_len_k=2680, num_heads_q=1, num_heads_kv=1, head_dim_qk=21, head_dim_v=244, with_attn_scale=True, with_attn_bias=True, trans_q=False, trans_k=True, trans_v=False, trans_o=False, causal=False, return_lse=True, split_kv=1, current_seqlen=[557], arch='gfx1100', chip='gfx1100', num_cu=70, num_chiplets=1, perfconfig='attn:v1:16,256,64,2,1,16,0,1,1,8,0')
----------------------------------------------------------------------------------------------------
PASS: AttentionConfiguration(datatype='f16', g=2, seq_len_q=1, seq_len_k=1044, num_heads_q=128, num_heads_kv=16, head_dim_qk=80, head_dim_v=125, with_attn_scale=True, with_attn_bias=True, trans_q=False, trans_k=True, trans_v=False, trans_o=True, causal=False, return_lse=False, split_kv=1, current_seqlen=[866, 15], arch='gfx1100', chip='gfx1100', num_cu=70, num_chiplets=1, perfconfig='attn:v1:32,16,32,2,1,8,0,1,1,4,8')
Lowering rejected config as not applicable
Command line = -operation attention -t i8 --arch gfx1100 --num_cu 70 --num_chiplets 1 -g 1 -seq_len_q 1 -seq_len_k 1242 -num_heads_q 1 -num_heads_kv 1 -head_dim_qk 203 -head_dim_v 211 -with-attn-scale=True -with-attn-bias=True -transQ=True -transK=False -transV=True -transO=True -causal=False -return_lse=False -split_kv=1 --perf_config=attn:v1:64,256,32,2,1,4,0,1,1,0,0 --current_seq_len=933 -pv
Errors = loc("<stdin>":23:1): error: ttg.shared (131072) exceeds LDS limit (65536) for amdgcn-amd-amdhsa:gfx1100
Lowering not applicable.

----------------------------------------------------------------------------------------------------
NOT_APPLICABLE: AttentionConfiguration(datatype='i8', g=1, seq_len_q=1, seq_len_k=1242, num_heads_q=1, num_heads_kv=1, head_dim_qk=203, head_dim_v=211, with_attn_scale=True, with_attn_bias=True, trans_q=True, trans_k=False, trans_v=True, trans_o=True, causal=False, return_lse=False, split_kv=1, current_seqlen=[933], arch='gfx1100', chip='gfx1100', num_cu=70, num_chiplets=1, perfconfig='attn:v1:64,256,32,2,1,4,0,1,1,0,0')
FAIL: Runner returned incorrect result
Config = AttentionConfiguration(datatype='f16', g=7, seq_len_q=1, seq_len_k=122, num_heads_q=8, num_heads_kv=4, head_dim_qk=82, head_dim_v=25, with_attn_scale=True, with_attn_bias=False, trans_q=True, trans_k=True, trans_v=True, trans_o=False, causal=False, return_lse=True, split_kv=2, current_seqlen=[50, 31, 104, 63, 85, 46, 94], arch='gfx1100', chip='gfx1100', num_cu=70, num_chiplets=1, perfconfig='attn:v1:128,128,32,2,1,4,32,1,1,4,0')
Command line = -operation attention -t f16 --arch gfx1100 --num_cu 70 --num_chiplets 1 -g 7 -seq_len_q 1 -seq_len_k 122 -num_heads_q 8 -num_heads_kv 4 -head_dim_qk 82 -head_dim_v 25 -with-attn-scale=True -with-attn-bias=False -transQ=True -transK=True -transV=True -transO=False -causal=False -return_lse=True -split_kv=2 --perf_config=attn:v1:128,128,32,2,1,4,32,1,1,4,0 --current_seq_len=50,31,104,63,85,46,94 -pv
Output = Number of elements: 2800
maxAbsDiff info: maxAbsDiff = 0.007080 (valNum = 0.50146, gpuNum = 0.49438), average absDiff = 8.3e-04
maxRelDiff info: maxRelDiff = 2.4e-02 (valNum = -0.0013275146, gpuNum = -0.0013589859), average relDiff = 1.7e-03
RMS = 1.8e-03
Histogram of relDiff: 
        relDiff = 0     : 1174/2800 (41.928571%)
     0 < relDiff < 1e-06: 0/2800 (0.000000%)
1e-06 < relDiff <= 1e-05: 0/2800 (0.000000%)
1e-05 < relDiff <= 1e-04: 0/2800 (0.000000%)
1e-04 < relDiff <= 1e-03: 646/2800 (23.071429%)
1e-03 < relDiff <= 1e-02: 820/2800 (29.285714%)
1e-02 < relDiff <= 1e-01: 160/2800 (5.714286%)
1e-01 < relDiff <= 1e+00: 0/2800 (0.000000%)
1e+00 < relDiff < inf   : 0/2800 (0.000000%)
        relDiff = inf   : 0/2800 (0.000000%)
[0 1 1]

----------------------------------------------------------------------------------------------------
PASS: AttentionConfiguration(datatype='i8', g=8, seq_len_q=1, seq_len_k=512, num_heads_q=4, num_heads_kv=2, head_dim_qk=208, head_dim_v=114, with_attn_scale=False, with_attn_bias=True, trans_q=True, trans_k=False, trans_v=True, trans_o=True, causal=False, return_lse=False, split_kv=1, current_seqlen=[477, 165, 92, 328, 5, 248, 347, 321], arch='gfx1100', chip='gfx1100', num_cu=70, num_chiplets=1, perfconfig='attn:v1:128,128,32,1,1,8,0,1,2,4,4')
----------------------------------------------------------------------------------------------------
PASS: AttentionConfiguration(datatype='i8', g=3, seq_len_q=1, seq_len_k=977, num_heads_q=64, num_heads_kv=32, head_dim_qk=137, head_dim_v=97, with_attn_scale=False, with_attn_bias=True, trans_q=True, trans_k=True, trans_v=True, trans_o=True, causal=False, return_lse=False, split_kv=1, current_seqlen=[56, 674, 212], arch='gfx1100', chip='gfx1100', num_cu=70, num_chiplets=1, perfconfig='attn:v1:128,16,32,1,1,4,16,1,2,8,8')
----------------------------------------------------------------------------------------------------
PASS: AttentionConfiguration(datatype='i8', g=8, seq_len_q=1, seq_len_k=233, num_heads_q=128, num_heads_kv=8, head_dim_qk=60, head_dim_v=248, with_attn_scale=True, with_attn_bias=True, trans_q=False, trans_k=True, trans_v=True, trans_o=False, causal=False, return_lse=True, split_kv=8, current_seqlen=[107, 112, 128, 56, 210, 85, 222, 176], arch='gfx1100', chip='gfx1100', num_cu=70, num_chiplets=1, perfconfig='attn:v1:64,16,64,1,1,4,0,1,2,1,2')
----------------------------------------------------------------------------------------------------
PASS: AttentionConfiguration(datatype='i8', g=1, seq_len_q=13, seq_len_k=3957, num_heads_q=64, num_heads_kv=4, head_dim_qk=241, head_dim_v=197, with_attn_scale=True, with_attn_bias=False, trans_q=True, trans_k=False, trans_v=False, trans_o=True, causal=True, return_lse=False, split_kv=1, current_seqlen=None, arch='gfx1100', chip='gfx1100', num_cu=70, num_chiplets=1, perfconfig='attn:v1:16,128,16,1,1,16,16,1,2,1,2')
Lowering rejected config as not applicable
Command line = -operation attention -t f32 --arch gfx1100 --num_cu 70 --num_chiplets 1 -g 1 -seq_len_q 1 -seq_len_k 2015 -num_heads_q 1 -num_heads_kv 1 -head_dim_qk 154 -head_dim_v 217 -with-attn-scale=False -with-attn-bias=True -transQ=True -transK=False -transV=False -transO=True -causal=False -return_lse=True -split_kv=1 --perf_config=attn:v1:128,32,128,1,1,2,16,1,3,8,1 --current_seq_len=604 -pv -relDiff_threshold 1e-4
Errors = loc("<stdin>":25:1): error: ttg.shared (163840) exceeds LDS limit (65536) for amdgcn-amd-amdhsa:gfx1100
Lowering not applicable.

----------------------------------------------------------------------------------------------------
NOT_APPLICABLE: AttentionConfiguration(datatype='f32', g=1, seq_len_q=1, seq_len_k=2015, num_heads_q=1, num_heads_kv=1, head_dim_qk=154, head_dim_v=217, with_attn_scale=False, with_attn_bias=True, trans_q=True, trans_k=False, trans_v=False, trans_o=True, causal=False, return_lse=True, split_kv=1, current_seqlen=[604], arch='gfx1100', chip='gfx1100', num_cu=70, num_chiplets=1, perfconfig='attn:v1:128,32,128,1,1,2,16,1,3,8,1')
----------------------------------------------------------------------------------------------------
PASS: AttentionConfiguration(datatype='i8', g=3, seq_len_q=1, seq_len_k=1019, num_heads_q=1, num_heads_kv=1, head_dim_qk=93, head_dim_v=137, with_attn_scale=True, with_attn_bias=False, trans_q=False, trans_k=True, trans_v=True, trans_o=True, causal=False, return_lse=False, split_kv=1, current_seqlen=[426, 946, 728], arch='gfx1100', chip='gfx1100', num_cu=70, num_chiplets=1, perfconfig='attn:v1:16,32,32,2,1,16,16,1,2,2,2')
----------------------------------------------------------------------------------------------------
FAIL: AttentionConfiguration(datatype='f16', g=7, seq_len_q=1, seq_len_k=122, num_heads_q=8, num_heads_kv=4, head_dim_qk=82, head_dim_v=25, with_attn_scale=True, with_attn_bias=False, trans_q=True, trans_k=True, trans_v=True, trans_o=False, causal=False, return_lse=True, split_kv=2, current_seqlen=[50, 31, 104, 63, 85, 46, 94], arch='gfx1100', chip='gfx1100', num_cu=70, num_chiplets=1, perfconfig='attn:v1:128,128,32,2,1,4,32,1,1,4,0')
----------------------------------------------------------------------------------------------------
PASS: AttentionConfiguration(datatype='f32', g=1, seq_len_q=36, seq_len_k=1754, num_heads_q=128, num_heads_kv=32, head_dim_qk=233, head_dim_v=157, with_attn_scale=False, with_attn_bias=True, trans_q=False, trans_k=True, trans_v=False, trans_o=True, causal=False, return_lse=False, split_kv=1, current_seqlen=None, arch='gfx1100', chip='gfx1100', num_cu=70, num_chiplets=1, perfconfig='attn:v1:32,32,16,2,1,4,0,1,3,2,4')
----------------------------------------------------------------------------------------------------
PASS: AttentionConfiguration(datatype='f16', g=1, seq_len_q=66, seq_len_k=3634, num_heads_q=32, num_heads_kv=4, head_dim_qk=74, head_dim_v=73, with_attn_scale=False, with_attn_bias=False, trans_q=True, trans_k=True, trans_v=False, trans_o=False, causal=False, return_lse=True, split_kv=32, current_seqlen=None, arch='gfx1100', chip='gfx1100', num_cu=70, num_chiplets=1, perfconfig='attn:v1:32,256,32,1,1,4,0,1,3,8,8')
----------------------------------------------------------------------------------------------------
PASS: AttentionConfiguration(datatype='f32', g=7, seq_len_q=48, seq_len_k=232, num_heads_q=128, num_heads_kv=8, head_dim_qk=201, head_dim_v=222, with_attn_scale=False, with_attn_bias=True, trans_q=False, trans_k=False, trans_v=True, trans_o=True, causal=True, return_lse=True, split_kv=32, current_seqlen=None, arch='gfx1100', chip='gfx1100', num_cu=70, num_chiplets=1, perfconfig='attn:v1:32,64,128,1,1,16,16,1,2,8,2')
----------------------------------------------------------------------------------------------------
PASS: AttentionConfiguration(datatype='i8', g=1, seq_len_q=1, seq_len_k=479, num_heads_q=1, num_heads_kv=1, head_dim_qk=162, head_dim_v=108, with_attn_scale=True, with_attn_bias=False, trans_q=True, trans_k=True, trans_v=False, trans_o=False, causal=False, return_lse=True, split_kv=16, current_seqlen=[333], arch='gfx1100', chip='gfx1100', num_cu=70, num_chiplets=1, perfconfig='attn:v1:16,256,64,2,1,1,32,1,1,2,2')
----------------------------------------------------------------------------------------------------
PASS: AttentionConfiguration(datatype='f16', g=3, seq_len_q=292, seq_len_k=854, num_heads_q=128, num_heads_kv=64, head_dim_qk=100, head_dim_v=252, with_attn_scale=False, with_attn_bias=False, trans_q=True, trans_k=False, trans_v=False, trans_o=False, causal=True, return_lse=False, split_kv=1, current_seqlen=None, arch='gfx1100', chip='gfx1100', num_cu=70, num_chiplets=1, perfconfig='attn:v1:256,32,64,1,1,4,32,1,1,0,0')
Lowering rejected config as not applicable
Command line = -operation attention -t f32 --arch gfx1100 --num_cu 70 --num_chiplets 1 -g 3 -seq_len_q 1 -seq_len_k 381 -num_heads_q 1 -num_heads_kv 1 -head_dim_qk 192 -head_dim_v 207 -with-attn-scale=False -with-attn-bias=True -transQ=True -transK=True -transV=False -transO=True -causal=False -return_lse=False -split_kv=1 --perf_config=attn:v1:32,128,32,1,1,8,16,1,1,4,1 --current_seq_len=133,284,84 -pv -relDiff_threshold 1e-4
Errors = loc("<stdin>":25:1): error: ttg.shared (131072) exceeds LDS limit (65536) for amdgcn-amd-amdhsa:gfx1100
Lowering not applicable.

----------------------------------------------------------------------------------------------------
NOT_APPLICABLE: AttentionConfiguration(datatype='f32', g=3, seq_len_q=1, seq_len_k=381, num_heads_q=1, num_heads_kv=1, head_dim_qk=192, head_dim_v=207, with_attn_scale=False, with_attn_bias=True, trans_q=True, trans_k=True, trans_v=False, trans_o=True, causal=False, return_lse=False, split_kv=1, current_seqlen=[133, 284, 84], arch='gfx1100', chip='gfx1100', num_cu=70, num_chiplets=1, perfconfig='attn:v1:32,128,32,1,1,8,16,1,1,4,1')
Lowering rejected config as not applicable
Command line = -operation attention -t f16 --arch gfx1100 --num_cu 70 --num_chiplets 1 -g 4 -seq_len_q 179 -seq_len_k 990 -num_heads_q 16 -num_heads_kv 2 -head_dim_qk 45 -head_dim_v 51 -with-attn-scale=True -with-attn-bias=False -transQ=False -transK=True -transV=False -transO=False -causal=True -return_lse=False -split_kv=1 --perf_config=attn:v1:16,128,128,2,1,8,32,1,3,0,2 -pv
Errors = loc("<stdin>":20:1): error: ttg.shared (106496) exceeds LDS limit (65536) for amdgcn-amd-amdhsa:gfx1100
Lowering not applicable.

----------------------------------------------------------------------------------------------------
NOT_APPLICABLE: AttentionConfiguration(datatype='f16', g=4, seq_len_q=179, seq_len_k=990, num_heads_q=16, num_heads_kv=2, head_dim_qk=45, head_dim_v=51, with_attn_scale=True, with_attn_bias=False, trans_q=False, trans_k=True, trans_v=False, trans_o=False, causal=True, return_lse=False, split_kv=1, current_seqlen=None, arch='gfx1100', chip='gfx1100', num_cu=70, num_chiplets=1, perfconfig='attn:v1:16,128,128,2,1,8,32,1,3,0,2')
----------------------------------------------------------------------------------------------------
PASS: AttentionConfiguration(datatype='f32', g=1, seq_len_q=63, seq_len_k=2739, num_heads_q=1, num_heads_kv=1, head_dim_qk=250, head_dim_v=164, with_attn_scale=True, with_attn_bias=False, trans_q=True, trans_k=True, trans_v=False, trans_o=False, causal=False, return_lse=True, split_kv=2, current_seqlen=None, arch='gfx1100', chip='gfx1100', num_cu=70, num_chiplets=1, perfconfig='attn:v1:32,16,32,2,1,16,16,1,2,1,4')
----------------------------------------------------------------------------------------------------
PASS: AttentionConfiguration(datatype='f16', g=7, seq_len_q=1, seq_len_k=64, num_heads_q=1, num_heads_kv=1, head_dim_qk=75, head_dim_v=45, with_attn_scale=True, with_attn_bias=True, trans_q=False, trans_k=False, trans_v=False, trans_o=True, causal=True, return_lse=True, split_kv=8, current_seqlen=None, arch='gfx1100', chip='gfx1100', num_cu=70, num_chiplets=1, perfconfig='attn:v1:32,64,32,1,1,16,32,1,2,2,4')
----------------------------------------------------------------------------------------------------
PASS: AttentionConfiguration(datatype='bf16', g=5, seq_len_q=166, seq_len_k=270, num_heads_q=1, num_heads_kv=1, head_dim_qk=195, head_dim_v=80, with_attn_scale=False, with_attn_bias=False, trans_q=False, trans_k=False, trans_v=True, trans_o=False, causal=True, return_lse=False, split_kv=1, current_seqlen=None, arch='gfx1100', chip='gfx1100', num_cu=70, num_chiplets=1, perfconfig='attn:v1:64,128,64,2,1,2,32,1,3,8,8')
----------------------------------------------------------------------------------------------------
PASS: AttentionConfiguration(datatype='i8', g=6, seq_len_q=159, seq_len_k=632, num_heads_q=64, num_heads_kv=32, head_dim_qk=134, head_dim_v=110, with_attn_scale=True, with_attn_bias=True, trans_q=False, trans_k=False, trans_v=False, trans_o=True, causal=False, return_lse=True, split_kv=2, current_seqlen=None, arch='gfx1100', chip='gfx1100', num_cu=70, num_chiplets=1, perfconfig='attn:v1:64,256,32,1,1,16,16,1,3,1,0')
----------------------------------------------------------------------------------------------------
PASS: AttentionConfiguration(datatype='bf16', g=6, seq_len_q=506, seq_len_k=481, num_heads_q=64, num_heads_kv=16, head_dim_qk=27, head_dim_v=205, with_attn_scale=False, with_attn_bias=True, trans_q=False, trans_k=False, trans_v=True, trans_o=False, causal=True, return_lse=False, split_kv=1, current_seqlen=None, arch='gfx1100', chip='gfx1100', num_cu=70, num_chiplets=1, perfconfig='attn:v1:32,16,16,1,1,8,0,1,3,0,8')
----------------------------------------------------------------------------------------------------
PASS: AttentionConfiguration(datatype='i8', g=2, seq_len_q=1, seq_len_k=440, num_heads_q=1, num_heads_kv=1, head_dim_qk=7, head_dim_v=218, with_attn_scale=True, with_attn_bias=True, trans_q=True, trans_k=False, trans_v=False, trans_o=False, causal=False, return_lse=False, split_kv=1, current_seqlen=[206, 33], arch='gfx1100', chip='gfx1100', num_cu=70, num_chiplets=1, perfconfig='attn:v1:64,64,32,1,1,1,16,1,2,4,0')
Lowering rejected config as not applicable
Command line = -operation attention -t f32 --arch gfx1100 --num_cu 70 --num_chiplets 1 -g 7 -seq_len_q 1 -seq_len_k 53 -num_heads_q 1 -num_heads_kv 1 -head_dim_qk 208 -head_dim_v 24 -with-attn-scale=False -with-attn-bias=False -transQ=False -transK=True -transV=False -transO=True -causal=False -return_lse=True -split_kv=4 --perf_config=attn:v1:128,128,128,2,1,16,32,1,2,0,0 --current_seq_len=19,48,32,21,32,39,14 -pv -relDiff_threshold 1e-4
Errors = loc("<stdin>":27:1): error: ttg.shared (131072) exceeds LDS limit (65536) for amdgcn-amd-amdhsa:gfx1100
Lowering not applicable.

----------------------------------------------------------------------------------------------------
NOT_APPLICABLE: AttentionConfiguration(datatype='f32', g=7, seq_len_q=1, seq_len_k=53, num_heads_q=1, num_heads_kv=1, head_dim_qk=208, head_dim_v=24, with_attn_scale=False, with_attn_bias=False, trans_q=False, trans_k=True, trans_v=False, trans_o=True, causal=False, return_lse=True, split_kv=4, current_seqlen=[19, 48, 32, 21, 32, 39, 14], arch='gfx1100', chip='gfx1100', num_cu=70, num_chiplets=1, perfconfig='attn:v1:128,128,128,2,1,16,32,1,2,0,0')
Lowering rejected config as not applicable
Command line = -operation attention -t f16 --arch gfx1100 --num_cu 70 --num_chiplets 1 -g 7 -seq_len_q 1 -seq_len_k 300 -num_heads_q 1 -num_heads_kv 1 -head_dim_qk 74 -head_dim_v 64 -with-attn-scale=True -with-attn-bias=False -transQ=True -transK=True -transV=True -transO=True -causal=False -return_lse=True -split_kv=1 --perf_config=attn:v1:128,64,128,2,1,16,32,1,3,4,2 --current_seq_len=82,236,171,192,243,101,140 -pv
Errors = loc("<stdin>":26:1): error: ttg.shared (81920) exceeds LDS limit (65536) for amdgcn-amd-amdhsa:gfx1100
Lowering not applicable.

----------------------------------------------------------------------------------------------------
NOT_APPLICABLE: AttentionConfiguration(datatype='f16', g=7, seq_len_q=1, seq_len_k=300, num_heads_q=1, num_heads_kv=1, head_dim_qk=74, head_dim_v=64, with_attn_scale=True, with_attn_bias=False, trans_q=True, trans_k=True, trans_v=True, trans_o=True, causal=False, return_lse=True, split_kv=1, current_seqlen=[82, 236, 171, 192, 243, 101, 140], arch='gfx1100', chip='gfx1100', num_cu=70, num_chiplets=1, perfconfig='attn:v1:128,64,128,2,1,16,32,1,3,4,2')
----------------------------------------------------------------------------------------------------
PASS: AttentionConfiguration(datatype='f32', g=2, seq_len_q=1, seq_len_k=1324, num_heads_q=1, num_heads_kv=1, head_dim_qk=232, head_dim_v=62, with_attn_scale=False, with_attn_bias=False, trans_q=False, trans_k=False, trans_v=True, trans_o=True, causal=False, return_lse=True, split_kv=1, current_seqlen=[246, 1263], arch='gfx1100', chip='gfx1100', num_cu=70, num_chiplets=1, perfconfig='attn:v1:16,16,128,1,1,8,0,1,3,2,2')
Lowering rejected config as not applicable
Command line = -operation attention -t f32 --arch gfx1100 --num_cu 70 --num_chiplets 1 -g 6 -seq_len_q 1 -seq_len_k 400 -num_heads_q 32 -num_heads_kv 2 -head_dim_qk 182 -head_dim_v 131 -with-attn-scale=False -with-attn-bias=False -transQ=True -transK=True -transV=True -transO=False -causal=False -return_lse=True -split_kv=8 --perf_config=attn:v1:256,256,32,1,1,16,16,1,3,1,1 --current_seq_len=44,181,362,43,278,46 -pv -relDiff_threshold 1e-4
Errors = loc("<stdin>":31:1): error: ttg.shared (262144) exceeds LDS limit (65536) for amdgcn-amd-amdhsa:gfx1100
Lowering not applicable.

FAIL: Runner returned incorrect result
Config = AttentionConfiguration(datatype='i8', g=1, seq_len_q=20, seq_len_k=3900, num_heads_q=128, num_heads_kv=32, head_dim_qk=191, head_dim_v=122, with_attn_scale=True, with_attn_bias=True, trans_q=False, trans_k=False, trans_v=True, trans_o=True, causal=True, return_lse=True, split_kv=32, current_seqlen=None, arch='gfx1100', chip='gfx1100', num_cu=70, num_chiplets=1, perfconfig='attn:v1:16,32,128,2,1,8,16,1,3,2,1')
Command line = -operation attention -t i8 --arch gfx1100 --num_cu 70 --num_chiplets 1 -g 1 -seq_len_q 20 -seq_len_k 3900 -num_heads_q 128 -num_heads_kv 32 -head_dim_qk 191 -head_dim_v 122 -with-attn-scale=True -with-attn-bias=True -transQ=False -transK=False -transV=True -transO=True -causal=True -return_lse=True -split_kv=32 --perf_config=attn:v1:16,32,128,2,1,8,16,1,3,2,1 -pv
Output = Number of elements: 9994240
maxAbsDiff info: maxAbsDiff = 0.000000 (valNum = 0.00000, gpuNum = 0.00000), average absDiff = nan
maxRelDiff info: maxRelDiff = 0.0e+00 (valNum = 0.0000000000, gpuNum = 0.0000000000), average relDiff = nan
RMS = nan
Histogram of relDiff: 
        relDiff = 0     : 9986432/9994240 (99.921875%)
     0 < relDiff < 1e-06: 7808/9994240 (0.078125%)
1e-06 < relDiff <= 1e-05: 0/9994240 (0.000000%)
1e-05 < relDiff <= 1e-04: 0/9994240 (0.000000%)
1e-04 < relDiff <= 1e-03: 0/9994240 (0.000000%)
1e-03 < relDiff <= 1e-02: 0/9994240 (0.000000%)
1e-02 < relDiff <= 1e-01: 0/9994240 (0.000000%)
1e-01 < relDiff <= 1e+00: 0/9994240 (0.000000%)
1e+00 < relDiff < inf   : 0/9994240 (0.000000%)
        relDiff = inf   : 0/9994240 (0.000000%)
[0 1 1]

FAIL: Timeout in rocmlir-driver stage (120s)
Config = AttentionConfiguration(datatype='bf16', g=8, seq_len_q=298, seq_len_k=169, num_heads_q=32, num_heads_kv=4, head_dim_qk=217, head_dim_v=128, with_attn_scale=False, with_attn_bias=False, trans_q=False, trans_k=True, trans_v=True, trans_o=True, causal=False, return_lse=True, split_kv=2, current_seqlen=None, arch='gfx1100', chip='gfx1100', num_cu=70, num_chiplets=1, perfconfig='attn:v1:256,128,16,2,1,1,32,1,3,2,4')
Command line = -operation attention -t bf16 --arch gfx1100 --num_cu 70 --num_chiplets 1 -g 8 -seq_len_q 298 -seq_len_k 169 -num_heads_q 32 -num_heads_kv 4 -head_dim_qk 217 -head_dim_v 128 -with-attn-scale=False -with-attn-bias=False -transQ=False -transK=True -transV=True -transO=True -causal=False -return_lse=True -split_kv=2 --perf_config=attn:v1:256,128,16,2,1,1,32,1,3,2,4 -pv -RMS_threshold 1e-2
----------------------------------------------------------------------------------------------------
NOT_APPLICABLE: AttentionConfiguration(datatype='f32', g=6, seq_len_q=1, seq_len_k=400, num_heads_q=32, num_heads_kv=2, head_dim_qk=182, head_dim_v=131, with_attn_scale=False, with_attn_bias=False, trans_q=True, trans_k=True, trans_v=True, trans_o=False, causal=False, return_lse=True, split_kv=8, current_seqlen=[44, 181, 362, 43, 278, 46], arch='gfx1100', chip='gfx1100', num_cu=70, num_chiplets=1, perfconfig='attn:v1:256,256,32,1,1,16,16,1,3,1,1')
----------------------------------------------------------------------------------------------------
PASS: AttentionConfiguration(datatype='f32', g=3, seq_len_q=1, seq_len_k=493, num_heads_q=16, num_heads_kv=8, head_dim_qk=61, head_dim_v=60, with_attn_scale=False, with_attn_bias=False, trans_q=True, trans_k=True, trans_v=False, trans_o=True, causal=False, return_lse=True, split_kv=16, current_seqlen=[297, 80, 399], arch='gfx1100', chip='gfx1100', num_cu=70, num_chiplets=1, perfconfig='attn:v1:16,32,128,2,1,16,32,1,3,0,4')
Lowering rejected config as not applicable
Command line = -operation attention -t f16 --arch gfx1100 --num_cu 70 --num_chiplets 1 -g 4 -seq_len_q 1 -seq_len_k 367 -num_heads_q 1 -num_heads_kv 1 -head_dim_qk 62 -head_dim_v 168 -with-attn-scale=True -with-attn-bias=False -transQ=False -transK=False -transV=False -transO=False -causal=False -return_lse=True -split_kv=2 --perf_config=attn:v1:256,256,32,2,1,16,32,1,1,8,4 --current_seq_len=180,350,265,218 -pv
Errors = loc("<stdin>":29:1): error: ttg.shared (131072) exceeds LDS limit (65536) for amdgcn-amd-amdhsa:gfx1100
Lowering not applicable.

----------------------------------------------------------------------------------------------------
NOT_APPLICABLE: AttentionConfiguration(datatype='f16', g=4, seq_len_q=1, seq_len_k=367, num_heads_q=1, num_heads_kv=1, head_dim_qk=62, head_dim_v=168, with_attn_scale=True, with_attn_bias=False, trans_q=False, trans_k=False, trans_v=False, trans_o=False, causal=False, return_lse=True, split_kv=2, current_seqlen=[180, 350, 265, 218], arch='gfx1100', chip='gfx1100', num_cu=70, num_chiplets=1, perfconfig='attn:v1:256,256,32,2,1,16,32,1,1,8,4')
----------------------------------------------------------------------------------------------------
PASS: AttentionConfiguration(datatype='f32', g=6, seq_len_q=260, seq_len_k=120, num_heads_q=64, num_heads_kv=4, head_dim_qk=218, head_dim_v=173, with_attn_scale=False, with_attn_bias=True, trans_q=False, trans_k=False, trans_v=False, trans_o=False, causal=False, return_lse=True, split_kv=1, current_seqlen=None, arch='gfx1100', chip='gfx1100', num_cu=70, num_chiplets=1, perfconfig='attn:v1:128,32,32,1,1,4,0,1,1,8,1')
----------------------------------------------------------------------------------------------------
PASS: AttentionConfiguration(datatype='i8', g=4, seq_len_q=59, seq_len_k=987, num_heads_q=128, num_heads_kv=2, head_dim_qk=214, head_dim_v=254, with_attn_scale=False, with_attn_bias=True, trans_q=False, trans_k=False, trans_v=False, trans_o=True, causal=True, return_lse=True, split_kv=2, current_seqlen=None, arch='gfx1100', chip='gfx1100', num_cu=70, num_chiplets=1, perfconfig='attn:v1:64,128,16,2,1,16,0,1,3,2,1')
----------------------------------------------------------------------------------------------------
PASS: AttentionConfiguration(datatype='bf16', g=3, seq_len_q=1, seq_len_k=1034, num_heads_q=1, num_heads_kv=1, head_dim_qk=222, head_dim_v=1, with_attn_scale=True, with_attn_bias=True, trans_q=True, trans_k=True, trans_v=True, trans_o=True, causal=False, return_lse=False, split_kv=1, current_seqlen=[192, 95, 344], arch='gfx1100', chip='gfx1100', num_cu=70, num_chiplets=1, perfconfig='attn:v1:64,16,32,1,1,4,32,1,3,4,4')
Lowering rejected config as not applicable
Command line = -operation attention -t f32 --arch gfx1100 --num_cu 70 --num_chiplets 1 -g 6 -seq_len_q 1 -seq_len_k 239 -num_heads_q 1 -num_heads_kv 1 -head_dim_qk 31 -head_dim_v 41 -with-attn-scale=False -with-attn-bias=True -transQ=False -transK=False -transV=True -transO=False -causal=False -return_lse=False -split_kv=1 --perf_config=attn:v1:16,256,32,2,1,1,16,1,2,1,2 --current_seq_len=23,192,164,111,169,29 -pv -relDiff_threshold 1e-4
Errors = loc("<stdin>":25:1): error: ttg.shared (114688) exceeds LDS limit (65536) for amdgcn-amd-amdhsa:gfx1100
Lowering not applicable.

----------------------------------------------------------------------------------------------------
NOT_APPLICABLE: AttentionConfiguration(datatype='f32', g=6, seq_len_q=1, seq_len_k=239, num_heads_q=1, num_heads_kv=1, head_dim_qk=31, head_dim_v=41, with_attn_scale=False, with_attn_bias=True, trans_q=False, trans_k=False, trans_v=True, trans_o=False, causal=False, return_lse=False, split_kv=1, current_seqlen=[23, 192, 164, 111, 169, 29], arch='gfx1100', chip='gfx1100', num_cu=70, num_chiplets=1, perfconfig='attn:v1:16,256,32,2,1,1,16,1,2,1,2')
----------------------------------------------------------------------------------------------------
PASS: AttentionConfiguration(datatype='f16', g=5, seq_len_q=6, seq_len_k=705, num_heads_q=1, num_heads_kv=1, head_dim_qk=176, head_dim_v=134, with_attn_scale=False, with_attn_bias=True, trans_q=True, trans_k=True, trans_v=True, trans_o=False, causal=True, return_lse=True, split_kv=8, current_seqlen=None, arch='gfx1100', chip='gfx1100', num_cu=70, num_chiplets=1, perfconfig='attn:v1:32,64,16,2,1,4,32,1,3,2,8')
----------------------------------------------------------------------------------------------------
PASS: AttentionConfiguration(datatype='i8', g=8, seq_len_q=1, seq_len_k=165, num_heads_q=8, num_heads_kv=2, head_dim_qk=153, head_dim_v=138, with_attn_scale=False, with_attn_bias=True, trans_q=True, trans_k=False, trans_v=False, trans_o=True, causal=False, return_lse=True, split_kv=32, current_seqlen=[122, 24, 53, 152, 120, 34, 103, 59], arch='gfx1100', chip='gfx1100', num_cu=70, num_chiplets=1, perfconfig='attn:v1:256,32,32,2,1,8,32,1,1,1,1')
----------------------------------------------------------------------------------------------------
FAIL: AttentionConfiguration(datatype='i8', g=1, seq_len_q=20, seq_len_k=3900, num_heads_q=128, num_heads_kv=32, head_dim_qk=191, head_dim_v=122, with_attn_scale=True, with_attn_bias=True, trans_q=False, trans_k=False, trans_v=True, trans_o=True, causal=True, return_lse=True, split_kv=32, current_seqlen=None, arch='gfx1100', chip='gfx1100', num_cu=70, num_chiplets=1, perfconfig='attn:v1:16,32,128,2,1,8,16,1,3,2,1')
----------------------------------------------------------------------------------------------------
PASS: AttentionConfiguration(datatype='i8', g=8, seq_len_q=1, seq_len_k=266, num_heads_q=128, num_heads_kv=4, head_dim_qk=62, head_dim_v=93, with_attn_scale=False, with_attn_bias=True, trans_q=False, trans_k=True, trans_v=True, trans_o=False, causal=False, return_lse=False, split_kv=1, current_seqlen=[116, 102, 79, 130, 135, 5, 22, 244], arch='gfx1100', chip='gfx1100', num_cu=70, num_chiplets=1, perfconfig='attn:v1:128,16,128,1,1,1,0,1,1,4,0')
----------------------------------------------------------------------------------------------------
PASS: AttentionConfiguration(datatype='f32', g=6, seq_len_q=224, seq_len_k=659, num_heads_q=16, num_heads_kv=8, head_dim_qk=144, head_dim_v=168, with_attn_scale=False, with_attn_bias=True, trans_q=True, trans_k=True, trans_v=True, trans_o=True, causal=True, return_lse=False, split_kv=1, current_seqlen=None, arch='gfx1100', chip='gfx1100', num_cu=70, num_chiplets=1, perfconfig='attn:v1:128,32,32,1,1,1,32,1,3,1,1')
----------------------------------------------------------------------------------------------------
FAIL: AttentionConfiguration(datatype='bf16', g=8, seq_len_q=298, seq_len_k=169, num_heads_q=32, num_heads_kv=4, head_dim_qk=217, head_dim_v=128, with_attn_scale=False, with_attn_bias=False, trans_q=False, trans_k=True, trans_v=True, trans_o=True, causal=False, return_lse=True, split_kv=2, current_seqlen=None, arch='gfx1100', chip='gfx1100', num_cu=70, num_chiplets=1, perfconfig='attn:v1:256,128,16,2,1,1,32,1,3,2,4')
*** Summary of failures ***
-operation attention -t f16 --arch gfx1100 --num_cu 70 --num_chiplets 1 -g 5 -seq_len_q 1 -seq_len_k 331 -num_heads_q 1 -num_heads_kv 1 -head_dim_qk 69 -head_dim_v 208 -with-attn-scale=False -with-attn-bias=False -transQ=False -transK=True -transV=True -transO=False -causal=False -return_lse=True -split_kv=8 --perf_config=attn:v1:128,64,32,2,1,16,32,1,1,4,4 --current_seq_len=255,18,268,69,317 -pv
-operation attention -t f16 --arch gfx1100 --num_cu 70 --num_chiplets 1 -g 7 -seq_len_q 1 -seq_len_k 117 -num_heads_q 64 -num_heads_kv 4 -head_dim_qk 91 -head_dim_v 61 -with-attn-scale=False -with-attn-bias=True -transQ=False -transK=False -transV=True -transO=True -causal=False -return_lse=True -split_kv=8 --perf_config=attn:v1:64,32,16,2,1,8,32,1,1,0,1 -pv
-operation attention -t f32 --arch gfx1100 --num_cu 70 --num_chiplets 1 -g 4 -seq_len_q 1 -seq_len_k 14 -num_heads_q 8 -num_heads_kv 2 -head_dim_qk 132 -head_dim_v 220 -with-attn-scale=True -with-attn-bias=True -transQ=False -transK=False -transV=False -transO=False -causal=False -return_lse=False -split_kv=1 --perf_config=attn:v1:128,128,32,1,1,2,0,1,2,1,1 --current_seq_len=2,8,3,5 -pv -relDiff_threshold 1e-4
-operation attention -t i8 --arch gfx1100 --num_cu 70 --num_chiplets 1 -g 8 -seq_len_q 175 -seq_len_k 97 -num_heads_q 1 -num_heads_kv 1 -head_dim_qk 116 -head_dim_v 130 -with-attn-scale=True -with-attn-bias=False -transQ=True -transK=True -transV=False -transO=False -causal=False -return_lse=False -split_kv=1 --perf_config=attn:v1:256,16,16,2,1,2,16,1,1,2,2 -pv
-operation attention -t f16 --arch gfx1100 --num_cu 70 --num_chiplets 1 -g 6 -seq_len_q 249 -seq_len_k 468 -num_heads_q 16 -num_heads_kv 2 -head_dim_qk 152 -head_dim_v 114 -with-attn-scale=True -with-attn-bias=False -transQ=True -transK=False -transV=False -transO=True -causal=False -return_lse=True -split_kv=4 --perf_config=attn:v1:256,256,16,2,1,1,16,1,2,4,4 -pv
-operation attention -t f16 --arch gfx1100 --num_cu 70 --num_chiplets 1 -g 3 -seq_len_q 192 -seq_len_k 695 -num_heads_q 1 -num_heads_kv 1 -head_dim_qk 124 -head_dim_v 144 -with-attn-scale=True -with-attn-bias=True -transQ=False -transK=True -transV=True -transO=False -causal=False -return_lse=True -split_kv=4 --perf_config=attn:v1:256,128,128,2,1,1,32,1,1,8,1 -pv
-operation attention -t i8 --arch gfx1100 --num_cu 70 --num_chiplets 1 -g 4 -seq_len_q 1 -seq_len_k 854 -num_heads_q 64 -num_heads_kv 16 -head_dim_qk 60 -head_dim_v 213 -with-attn-scale=True -with-attn-bias=True -transQ=False -transK=False -transV=True -transO=True -causal=False -return_lse=False -split_kv=1 --perf_config=attn:v1:128,32,128,1,1,1,0,1,2,8,8 --current_seq_len=726,38,295,802 -pv
-operation attention -t f16 --arch gfx1100 --num_cu 70 --num_chiplets 1 -g 7 -seq_len_q 1 -seq_len_k 77 -num_heads_q 1 -num_heads_kv 1 -head_dim_qk 202 -head_dim_v 86 -with-attn-scale=True -with-attn-bias=False -transQ=True -transK=True -transV=False -transO=True -causal=False -return_lse=True -split_kv=16 --perf_config=attn:v1:16,128,128,1,1,16,16,1,2,0,0 --current_seq_len=7,25,34,35,3,17,38 -pv
-operation attention -t f16 --arch gfx1100 --num_cu 70 --num_chiplets 1 -g 7 -seq_len_q 165 -seq_len_k 447 -num_heads_q 64 -num_heads_kv 32 -head_dim_qk 206 -head_dim_v 136 -with-attn-scale=True -with-attn-bias=False -transQ=False -transK=True -transV=True -transO=False -causal=False -return_lse=True -split_kv=16 --perf_config=attn:v1:128,64,16,1,1,16,32,1,1,0,2 -pv
-operation attention -t i8 --arch gfx1100 --num_cu 70 --num_chiplets 1 -g 2 -seq_len_q 142 -seq_len_k 903 -num_heads_q 128 -num_heads_kv 16 -head_dim_qk 183 -head_dim_v 239 -with-attn-scale=False -with-attn-bias=True -transQ=True -transK=True -transV=True -transO=True -causal=True -return_lse=False -split_kv=1 --perf_config=attn:v1:128,128,32,1,1,2,32,1,3,8,1 -pv
-operation attention -t bf16 --arch gfx1100 --num_cu 70 --num_chiplets 1 -g 5 -seq_len_q 1 -seq_len_k 231 -num_heads_q 1 -num_heads_kv 1 -head_dim_qk 162 -head_dim_v 8 -with-attn-scale=False -with-attn-bias=False -transQ=True -transK=True -transV=False -transO=False -causal=False -return_lse=True -split_kv=8 --perf_config=attn:v1:64,16,32,2,1,2,0,1,1,1,4 --current_seq_len=27,4,171,172,66 -pv -RMS_threshold 1e-2
-operation attention -t i8 --arch gfx1100 --num_cu 70 --num_chiplets 1 -g 4 -seq_len_q 1 -seq_len_k 335 -num_heads_q 16 -num_heads_kv 2 -head_dim_qk 7 -head_dim_v 241 -with-attn-scale=False -with-attn-bias=True -transQ=True -transK=True -transV=False -transO=True -causal=False -return_lse=True -split_kv=1 --perf_config=attn:v1:128,32,32,2,1,1,16,1,3,4,1 --current_seq_len=256,208,1,328 -pv
-operation attention -t i8 --arch gfx1100 --num_cu 70 --num_chiplets 1 -g 3 -seq_len_q 7 -seq_len_k 470 -num_heads_q 8 -num_heads_kv 4 -head_dim_qk 193 -head_dim_v 40 -with-attn-scale=True -with-attn-bias=True -transQ=False -transK=True -transV=False -transO=True -causal=False -return_lse=False -split_kv=1 --perf_config=attn:v1:256,16,64,1,1,1,0,1,2,0,1 -pv
-operation attention -t bf16 --arch gfx1100 --num_cu 70 --num_chiplets 1 -g 3 -seq_len_q 1 -seq_len_k 117 -num_heads_q 64 -num_heads_kv 2 -head_dim_qk 30 -head_dim_v 125 -with-attn-scale=False -with-attn-bias=False -transQ=True -transK=True -transV=True -transO=False -causal=False -return_lse=True -split_kv=32 --perf_config=attn:v1:256,32,64,1,1,8,32,1,1,4,0 --current_seq_len=62,46,54 -pv -RMS_threshold 1e-2
-operation attention -t f32 --arch gfx1100 --num_cu 70 --num_chiplets 1 -g 3 -seq_len_q 25 -seq_len_k 1197 -num_heads_q 1 -num_heads_kv 1 -head_dim_qk 12 -head_dim_v 188 -with-attn-scale=False -with-attn-bias=True -transQ=False -transK=False -transV=True -transO=False -causal=False -return_lse=True -split_kv=32 --perf_config=attn:v1:128,64,128,1,1,2,32,1,1,0,8 -pv -relDiff_threshold 1e-4
-operation attention -t bf16 --arch gfx1100 --num_cu 70 --num_chiplets 1 -g 1 -seq_len_q 15 -seq_len_k 117 -num_heads_q 1 -num_heads_kv 1 -head_dim_qk 237 -head_dim_v 147 -with-attn-scale=True -with-attn-bias=True -transQ=True -transK=True -transV=True -transO=True -causal=True -return_lse=True -split_kv=32 --perf_config=attn:v1:256,64,32,2,1,1,16,1,2,2,8 -pv -RMS_threshold 1e-2
-operation attention -t f16 --arch gfx1100 --num_cu 70 --num_chiplets 1 -g 6 -seq_len_q 1 -seq_len_k 622 -num_heads_q 8 -num_heads_kv 4 -head_dim_qk 105 -head_dim_v 52 -with-attn-scale=False -with-attn-bias=False -transQ=False -transK=True -transV=True -transO=False -causal=False -return_lse=True -split_kv=2 --perf_config=attn:v1:256,128,32,1,1,4,16,1,2,2,4 --current_seq_len=535,118,433,540,149,409 -pv
-operation attention -t f16 --arch gfx1100 --num_cu 70 --num_chiplets 1 -g 1 -seq_len_q 91 -seq_len_k 2184 -num_heads_q 1 -num_heads_kv 1 -head_dim_qk 151 -head_dim_v 25 -with-attn-scale=True -with-attn-bias=False -transQ=False -transK=True -transV=True -transO=False -causal=False -return_lse=False -split_kv=1 --perf_config=attn:v1:32,16,128,1,1,2,32,1,1,4,8 -pv
-operation attention -t f16 --arch gfx1100 --num_cu 70 --num_chiplets 1 -g 7 -seq_len_q 1 -seq_len_k 151 -num_heads_q 64 -num_heads_kv 2 -head_dim_qk 154 -head_dim_v 34 -with-attn-scale=True -with-attn-bias=False -transQ=False -transK=True -transV=False -transO=False -causal=False -return_lse=True -split_kv=8 --perf_config=attn:v1:32,16,32,2,1,4,0,1,3,2,8 --current_seq_len=13,102,30,68,85,139,8 -pv
-operation attention -t f32 --arch gfx1100 --num_cu 70 --num_chiplets 1 -g 2 -seq_len_q 140 -seq_len_k 1332 -num_heads_q 1 -num_heads_kv 1 -head_dim_qk 209 -head_dim_v 163 -with-attn-scale=False -with-attn-bias=True -transQ=True -transK=True -transV=False -transO=False -causal=True -return_lse=False -split_kv=1 --perf_config=attn:v1:256,64,16,2,1,1,32,1,1,0,2 -pv -relDiff_threshold 1e-4
-operation attention -t i8 --arch gfx1100 --num_cu 70 --num_chiplets 1 -g 3 -seq_len_q 935 -seq_len_k 152 -num_heads_q 128 -num_heads_kv 8 -head_dim_qk 216 -head_dim_v 172 -with-attn-scale=True -with-attn-bias=False -transQ=True -transK=False -transV=False -transO=False -causal=True -return_lse=False -split_kv=1 --perf_config=attn:v1:64,128,128,1,1,16,16,1,2,1,4 -pv
-operation attention -t f32 --arch gfx1100 --num_cu 70 --num_chiplets 1 -g 4 -seq_len_q 1 -seq_len_k 310 -num_heads_q 8 -num_heads_kv 2 -head_dim_qk 91 -head_dim_v 76 -with-attn-scale=True -with-attn-bias=False -transQ=True -transK=True -transV=True -transO=False -causal=False -return_lse=False -split_kv=1 --perf_config=attn:v1:32,16,32,2,1,4,0,1,2,4,0 --current_seq_len=160,13,182,85 -pv -relDiff_threshold 1e-4
-operation attention -t f16 --arch gfx1100 --num_cu 70 --num_chiplets 1 -g 8 -seq_len_q 394 -seq_len_k 182 -num_heads_q 1 -num_heads_kv 1 -head_dim_qk 136 -head_dim_v 9 -with-attn-scale=True -with-attn-bias=True -transQ=True -transK=True -transV=True -transO=True -causal=False -return_lse=False -split_kv=1 --perf_config=attn:v1:128,64,64,2,1,1,0,1,3,0,8 -pv
-operation attention -t f16 --arch gfx1100 --num_cu 70 --num_chiplets 1 -g 6 -seq_len_q 149 -seq_len_k 125 -num_heads_q 1 -num_heads_kv 1 -head_dim_qk 187 -head_dim_v 212 -with-attn-scale=True -with-attn-bias=True -transQ=True -transK=False -transV=True -transO=False -causal=False -return_lse=False -split_kv=1 --perf_config=attn:v1:16,32,32,2,1,16,32,1,2,2,2 -pv
-operation attention -t f32 --arch gfx1100 --num_cu 70 --num_chiplets 1 -g 7 -seq_len_q 397 -seq_len_k 410 -num_heads_q 1 -num_heads_kv 1 -head_dim_qk 129 -head_dim_v 146 -with-attn-scale=False -with-attn-bias=False -transQ=True -transK=True -transV=False -transO=False -causal=True -return_lse=False -split_kv=1 --perf_config=attn:v1:128,16,128,2,1,8,32,1,1,1,4 -pv -relDiff_threshold 1e-4
-operation attention -t i8 --arch gfx1100 --num_cu 70 --num_chiplets 1 -g 8 -seq_len_q 1 -seq_len_k 154 -num_heads_q 128 -num_heads_kv 64 -head_dim_qk 248 -head_dim_v 114 -with-attn-scale=False -with-attn-bias=True -transQ=False -transK=False -transV=False -transO=False -causal=False -return_lse=False -split_kv=1 --perf_config=attn:v1:256,256,128,1,1,1,32,1,1,8,4 --current_seq_len=38,30,138,86,58,124,115,136 -pv
-operation attention -t i8 --arch gfx1100 --num_cu 70 --num_chiplets 1 -g 6 -seq_len_q 1 -seq_len_k 9 -num_heads_q 1 -num_heads_kv 1 -head_dim_qk 178 -head_dim_v 28 -with-attn-scale=False -with-attn-bias=False -transQ=False -transK=True -transV=False -transO=True -causal=False -return_lse=True -split_kv=32 --perf_config=attn:v1:128,256,64,1,1,4,0,1,1,2,1 --current_seq_len=7,7,1,5,3,1 -pv
-operation attention -t i8 --arch gfx1100 --num_cu 70 --num_chiplets 1 -g 8 -seq_len_q 66 -seq_len_k 82 -num_heads_q 128 -num_heads_kv 2 -head_dim_qk 40 -head_dim_v 114 -with-attn-scale=False -with-attn-bias=False -transQ=True -transK=True -transV=False -transO=False -causal=True -return_lse=True -split_kv=4 --perf_config=attn:v1:64,256,16,1,1,2,16,1,1,4,8 -pv
-operation attention -t i8 --arch gfx1100 --num_cu 70 --num_chiplets 1 -g 4 -seq_len_q 1 -seq_len_k 55 -num_heads_q 1 -num_heads_kv 1 -head_dim_qk 195 -head_dim_v 39 -with-attn-scale=True -with-attn-bias=False -transQ=False -transK=False -transV=True -transO=False -causal=False -return_lse=True -split_kv=8 --perf_config=attn:v1:256,256,64,1,1,1,32,1,1,2,1 --current_seq_len=48,12,48,12 -pv
-operation attention -t f16 --arch gfx1100 --num_cu 70 --num_chiplets 1 -g 6 -seq_len_q 383 -seq_len_k 73 -num_heads_q 32 -num_heads_kv 16 -head_dim_qk 249 -head_dim_v 79 -with-attn-scale=True -with-attn-bias=False -transQ=False -transK=True -transV=True -transO=True -causal=True -return_lse=False -split_kv=1 --perf_config=attn:v1:256,64,32,2,1,2,32,1,1,0,0 -pv
-operation attention -t i8 --arch gfx1100 --num_cu 70 --num_chiplets 1 -g 8 -seq_len_q 1 -seq_len_k 112 -num_heads_q 1 -num_heads_kv 1 -head_dim_qk 6 -head_dim_v 89 -with-attn-scale=True -with-attn-bias=True -transQ=False -transK=True -transV=True -transO=False -causal=False -return_lse=True -split_kv=2 --perf_config=attn:v1:128,64,64,1,1,4,16,1,3,4,0 --current_seq_len=30,24,100,108,38,18,16,77 -pv
-operation attention -t f16 --arch gfx1100 --num_cu 70 --num_chiplets 1 -g 7 -seq_len_q 1 -seq_len_k 559 -num_heads_q 1 -num_heads_kv 1 -head_dim_qk 246 -head_dim_v 99 -with-attn-scale=False -with-attn-bias=False -transQ=False -transK=False -transV=False -transO=True -causal=False -return_lse=True -split_kv=2 --perf_config=attn:v1:256,32,64,1,1,1,16,1,1,1,1 --current_seq_len=369,204,67,421,454,208,328 -pv
-operation attention -t f16 --arch gfx1100 --num_cu 70 --num_chiplets 1 -g 2 -seq_len_q 1 -seq_len_k 673 -num_heads_q 4 -num_heads_kv 2 -head_dim_qk 148 -head_dim_v 9 -with-attn-scale=False -with-attn-bias=False -transQ=False -transK=True -transV=False -transO=True -causal=False -return_lse=True -split_kv=1 --perf_config=attn:v1:32,64,128,2,1,16,16,1,3,2,8 --current_seq_len=373,261 -pv
-operation attention -t f32 --arch gfx1100 --num_cu 70 --num_chiplets 1 -g 4 -seq_len_q 254 -seq_len_k 622 -num_heads_q 64 -num_heads_kv 32 -head_dim_qk 67 -head_dim_v 78 -with-attn-scale=False -with-attn-bias=False -transQ=False -transK=False -transV=False -transO=False -causal=True -return_lse=False -split_kv=1 --perf_config=attn:v1:64,128,64,2,1,1,32,1,1,4,8 -pv -relDiff_threshold 1e-4
-operation attention -t f16 --arch gfx1100 --num_cu 70 --num_chiplets 1 -g 2 -seq_len_q 1 -seq_len_k 334 -num_heads_q 1 -num_heads_kv 1 -head_dim_qk 219 -head_dim_v 196 -with-attn-scale=False -with-attn-bias=True -transQ=True -transK=True -transV=False -transO=False -causal=False -return_lse=True -split_kv=4 --perf_config=attn:v1:128,32,16,1,1,1,16,1,1,1,1 --current_seq_len=174,52 -pv
-operation attention -t f32 --arch gfx1100 --num_cu 70 --num_chiplets 1 -g 7 -seq_len_q 25 -seq_len_k 327 -num_heads_q 128 -num_heads_kv 2 -head_dim_qk 136 -head_dim_v 148 -with-attn-scale=False -with-attn-bias=True -transQ=False -transK=True -transV=True -transO=True -causal=True -return_lse=True -split_kv=2 --perf_config=attn:v1:128,64,128,1,1,1,0,1,1,0,4 -pv -relDiff_threshold 1e-4
-operation attention -t f32 --arch gfx1100 --num_cu 70 --num_chiplets 1 -g 4 -seq_len_q 1 -seq_len_k 778 -num_heads_q 128 -num_heads_kv 2 -head_dim_qk 225 -head_dim_v 195 -with-attn-scale=False -with-attn-bias=False -transQ=True -transK=True -transV=False -transO=True -causal=False -return_lse=False -split_kv=1 --perf_config=attn:v1:256,64,16,2,1,1,32,1,3,4,4 --current_seq_len=755,413,243,451 -pv -relDiff_threshold 1e-4
-operation attention -t f16 --arch gfx1100 --num_cu 70 --num_chiplets 1 -g 5 -seq_len_q 1 -seq_len_k 516 -num_heads_q 1 -num_heads_kv 1 -head_dim_qk 21 -head_dim_v 85 -with-attn-scale=False -with-attn-bias=True -transQ=False -transK=False -transV=False -transO=True -causal=False -return_lse=True -split_kv=8 --perf_config=attn:v1:128,32,16,2,1,8,0,1,3,0,8 --current_seq_len=444,104,482,72,466 -pv
-operation attention -t i8 --arch gfx1100 --num_cu 70 --num_chiplets 1 -g 3 -seq_len_q 14 -seq_len_k 875 -num_heads_q 64 -num_heads_kv 2 -head_dim_qk 20 -head_dim_v 164 -with-attn-scale=False -with-attn-bias=True -transQ=False -transK=True -transV=True -transO=False -causal=True -return_lse=False -split_kv=1 --perf_config=attn:v1:128,128,64,2,1,1,32,1,1,1,2 -pv
-operation attention -t i8 --arch gfx1100 --num_cu 70 --num_chiplets 1 -g 3 -seq_len_q 33 -seq_len_k 44 -num_heads_q 1 -num_heads_kv 1 -head_dim_qk 105 -head_dim_v 119 -with-attn-scale=True -with-attn-bias=False -transQ=True -transK=True -transV=True -transO=False -causal=True -return_lse=True -split_kv=4 --perf_config=attn:v1:128,64,16,1,1,1,16,1,1,8,2 -pv
-operation attention -t f32 --arch gfx1100 --num_cu 70 --num_chiplets 1 -g 6 -seq_len_q 1 -seq_len_k 516 -num_heads_q 128 -num_heads_kv 32 -head_dim_qk 228 -head_dim_v 69 -with-attn-scale=True -with-attn-bias=True -transQ=False -transK=False -transV=True -transO=False -causal=False -return_lse=True -split_kv=2 --perf_config=attn:v1:64,16,32,2,1,8,0,1,1,1,1 --current_seq_len=127,451,45,57,337,402 -pv -relDiff_threshold 1e-4
-operation attention -t f16 --arch gfx1100 --num_cu 70 --num_chiplets 1 -g 1 -seq_len_q 88 -seq_len_k 2202 -num_heads_q 128 -num_heads_kv 4 -head_dim_qk 209 -head_dim_v 243 -with-attn-scale=True -with-attn-bias=True -transQ=False -transK=True -transV=True -transO=False -causal=False -return_lse=False -split_kv=1 --perf_config=attn:v1:64,16,64,1,1,1,0,1,3,0,4 -pv
-operation attention -t bf16 --arch gfx1100 --num_cu 70 --num_chiplets 1 -g 3 -seq_len_q 457 -seq_len_k 107 -num_heads_q 128 -num_heads_kv 8 -head_dim_qk 40 -head_dim_v 22 -with-attn-scale=True -with-attn-bias=True -transQ=False -transK=True -transV=True -transO=False -causal=False -return_lse=True -split_kv=8 --perf_config=attn:v1:256,16,64,1,1,2,16,1,1,2,8 -pv -RMS_threshold 1e-2
-operation attention -t f32 --arch gfx1100 --num_cu 70 --num_chiplets 1 -g 1 -seq_len_q 435 -seq_len_k 200 -num_heads_q 1 -num_heads_kv 1 -head_dim_qk 184 -head_dim_v 72 -with-attn-scale=False -with-attn-bias=True -transQ=True -transK=True -transV=False -transO=True -causal=False -return_lse=False -split_kv=1 --perf_config=attn:v1:128,128,32,1,1,1,32,1,1,8,1 -pv -relDiff_threshold 1e-4
-operation attention -t i8 --arch gfx1100 --num_cu 70 --num_chiplets 1 -g 8 -seq_len_q 1 -seq_len_k 476 -num_heads_q 1 -num_heads_kv 1 -head_dim_qk 237 -head_dim_v 180 -with-attn-scale=False -with-attn-bias=True -transQ=False -transK=True -transV=True -transO=False -causal=False -return_lse=False -split_kv=1 --perf_config=attn:v1:128,128,16,1,1,1,16,1,3,8,8 --current_seq_len=309,338,127,215,377,273,55,235 -pv
-operation attention -t f16 --arch gfx1100 --num_cu 70 --num_chiplets 1 -g 7 -seq_len_q 1 -seq_len_k 31 -num_heads_q 8 -num_heads_kv 2 -head_dim_qk 154 -head_dim_v 88 -with-attn-scale=True -with-attn-bias=False -transQ=True -transK=True -transV=False -transO=True -causal=False -return_lse=True -split_kv=16 --perf_config=attn:v1:32,64,16,1,1,4,32,1,2,8,1 --current_seq_len=1,12,21,10,20,5,18 -pv
-operation attention -t i8 --arch gfx1100 --num_cu 70 --num_chiplets 1 -g 4 -seq_len_q 899 -seq_len_k 49 -num_heads_q 32 -num_heads_kv 8 -head_dim_qk 177 -head_dim_v 13 -with-attn-scale=False -with-attn-bias=False -transQ=True -transK=False -transV=False -transO=False -causal=True -return_lse=False -split_kv=1 --perf_config=attn:v1:16,256,128,1,1,8,0,1,2,4,8 -pv
-operation attention -t f32 --arch gfx1100 --num_cu 70 --num_chiplets 1 -g 6 -seq_len_q 1 -seq_len_k 492 -num_heads_q 8 -num_heads_kv 4 -head_dim_qk 125 -head_dim_v 100 -with-attn-scale=False -with-attn-bias=True -transQ=True -transK=False -transV=True -transO=False -causal=False -return_lse=True -split_kv=2 --perf_config=attn:v1:64,16,64,1,1,16,0,1,1,4,1 --current_seq_len=70,222,110,410,447,61 -pv -relDiff_threshold 1e-4
-operation attention -t i8 --arch gfx1100 --num_cu 70 --num_chiplets 1 -g 5 -seq_len_q 97 -seq_len_k 736 -num_heads_q 1 -num_heads_kv 1 -head_dim_qk 1 -head_dim_v 83 -with-attn-scale=False -with-attn-bias=True -transQ=True -transK=False -transV=True -transO=True -causal=False -return_lse=True -split_kv=4 --perf_config=attn:v1:128,16,32,2,1,16,32,1,1,0,8 -pv
-operation attention -t i8 --arch gfx1100 --num_cu 70 --num_chiplets 1 -g 8 -seq_len_q 191 -seq_len_k 124 -num_heads_q 1 -num_heads_kv 1 -head_dim_qk 207 -head_dim_v 95 -with-attn-scale=True -with-attn-bias=True -transQ=False -transK=False -transV=True -transO=True -causal=False -return_lse=True -split_kv=8 --perf_config=attn:v1:16,32,128,2,1,2,0,1,2,1,0 -pv
-operation attention -t i8 --arch gfx1100 --num_cu 70 --num_chiplets 1 -g 7 -seq_len_q 80 -seq_len_k 26 -num_heads_q 1 -num_heads_kv 1 -head_dim_qk 153 -head_dim_v 177 -with-attn-scale=True -with-attn-bias=True -transQ=False -transK=False -transV=False -transO=False -causal=True -return_lse=True -split_kv=32 --perf_config=attn:v1:16,128,128,2,1,16,16,1,3,4,4 -pv
-operation attention -t f16 --arch gfx1100 --num_cu 70 --num_chiplets 1 -g 7 -seq_len_q 1 -seq_len_k 162 -num_heads_q 128 -num_heads_kv 4 -head_dim_qk 218 -head_dim_v 49 -with-attn-scale=True -with-attn-bias=False -transQ=True -transK=True -transV=False -transO=False -causal=False -return_lse=True -split_kv=32 --perf_config=attn:v1:64,256,16,2,1,16,16,1,2,8,8 --current_seq_len=155,154,41,100,139,27,139 -pv
-operation attention -t f16 --arch gfx1100 --num_cu 70 --num_chiplets 1 -g 8 -seq_len_q 463 -seq_len_k 392 -num_heads_q 8 -num_heads_kv 4 -head_dim_qk 204 -head_dim_v 75 -with-attn-scale=False -with-attn-bias=True -transQ=True -transK=True -transV=False -transO=False -causal=False -return_lse=False -split_kv=1 --perf_config=attn:v1:64,16,16,1,1,8,32,1,1,4,1 -pv
-operation attention -t f32 --arch gfx1100 --num_cu 70 --num_chiplets 1 -g 5 -seq_len_q 773 -seq_len_k 34 -num_heads_q 1 -num_heads_kv 1 -head_dim_qk 221 -head_dim_v 234 -with-attn-scale=True -with-attn-bias=False -transQ=False -transK=False -transV=False -transO=False -causal=False -return_lse=False -split_kv=1 --perf_config=attn:v1:128,128,64,1,1,1,16,1,2,4,1 -pv -relDiff_threshold 1e-4
-operation attention -t i8 --arch gfx1100 --num_cu 70 --num_chiplets 1 -g 2 -seq_len_q 72 -seq_len_k 774 -num_heads_q 128 -num_heads_kv 4 -head_dim_qk 123 -head_dim_v 161 -with-attn-scale=True -with-attn-bias=True -transQ=False -transK=True -transV=False -transO=False -causal=True -return_lse=False -split_kv=1 --perf_config=attn:v1:256,16,16,2,1,1,32,1,1,4,8 -pv
-operation attention -t f16 --arch gfx1100 --num_cu 70 --num_chiplets 1 -g 5 -seq_len_q 1 -seq_len_k 399 -num_heads_q 1 -num_heads_kv 1 -head_dim_qk 63 -head_dim_v 133 -with-attn-scale=True -with-attn-bias=False -transQ=False -transK=False -transV=False -transO=True -causal=False -return_lse=False -split_kv=1 --perf_config=attn:v1:256,32,128,1,1,1,16,1,1,1,1 --current_seq_len=193,44,326,314,325 -pv
-operation attention -t f16 --arch gfx1100 --num_cu 70 --num_chiplets 1 -g 6 -seq_len_q 1 -seq_len_k 349 -num_heads_q 1 -num_heads_kv 1 -head_dim_qk 235 -head_dim_v 43 -with-attn-scale=True -with-attn-bias=False -transQ=True -transK=False -transV=False -transO=True -causal=False -return_lse=True -split_kv=2 --perf_config=attn:v1:64,16,16,1,1,16,32,1,2,8,1 --current_seq_len=36,121,169,303,287,183 -pv
-operation attention -t f16 --arch gfx1100 --num_cu 70 --num_chiplets 1 -g 2 -seq_len_q 150 -seq_len_k 517 -num_heads_q 128 -num_heads_kv 8 -head_dim_qk 238 -head_dim_v 164 -with-attn-scale=True -with-attn-bias=False -transQ=True -transK=True -transV=True -transO=True -causal=False -return_lse=False -split_kv=1 --perf_config=attn:v1:256,16,64,2,1,2,16,1,1,0,4 -pv
-operation attention -t i8 --arch gfx1100 --num_cu 70 --num_chiplets 1 -g 2 -seq_len_q 1 -seq_len_k 1079 -num_heads_q 64 -num_heads_kv 2 -head_dim_qk 156 -head_dim_v 227 -with-attn-scale=False -with-attn-bias=True -transQ=True -transK=True -transV=False -transO=True -causal=False -return_lse=True -split_kv=16 --perf_config=attn:v1:256,32,16,2,1,1,0,1,2,1,0 --current_seq_len=395,674 -pv
-operation attention -t f16 --arch gfx1100 --num_cu 70 --num_chiplets 1 -g 8 -seq_len_q 1 -seq_len_k 288 -num_heads_q 64 -num_heads_kv 32 -head_dim_qk 179 -head_dim_v 196 -with-attn-scale=True -with-attn-bias=True -transQ=False -transK=False -transV=True -transO=True -causal=False -return_lse=True -split_kv=32 --perf_config=attn:v1:128,16,64,2,1,4,32,1,3,8,0 --current_seq_len=31,236,105,236,65,38,105,127 -pv
-operation attention -t bf16 --arch gfx1100 --num_cu 70 --num_chiplets 1 -g 1 -seq_len_q 1 -seq_len_k 633 -num_heads_q 1 -num_heads_kv 1 -head_dim_qk 20 -head_dim_v 86 -with-attn-scale=True -with-attn-bias=False -transQ=False -transK=False -transV=True -transO=False -causal=False -return_lse=False -split_kv=1 --perf_config=attn:v1:128,64,128,2,1,16,0,1,1,0,1 --current_seq_len=581 -pv -RMS_threshold 1e-2
-operation attention -t i8 --arch gfx1100 --num_cu 70 --num_chiplets 1 -g 4 -seq_len_q 459 -seq_len_k 213 -num_heads_q 1 -num_heads_kv 1 -head_dim_qk 54 -head_dim_v 96 -with-attn-scale=False -with-attn-bias=False -transQ=True -transK=False -transV=True -transO=False -causal=False -return_lse=True -split_kv=16 --perf_config=attn:v1:16,256,16,1,1,4,32,1,1,0,0 -pv
-operation attention -t i8 --arch gfx1100 --num_cu 70 --num_chiplets 1 -g 3 -seq_len_q 1 -seq_len_k 1235 -num_heads_q 1 -num_heads_kv 1 -head_dim_qk 237 -head_dim_v 187 -with-attn-scale=False -with-attn-bias=False -transQ=False -transK=True -transV=True -transO=True -causal=False -return_lse=True -split_kv=4 --perf_config=attn:v1:16,64,64,2,1,2,32,1,1,2,8 --current_seq_len=891,299,851 -pv
-operation attention -t i8 --arch gfx1100 --num_cu 70 --num_chiplets 1 -g 5 -seq_len_q 159 -seq_len_k 121 -num_heads_q 16 -num_heads_kv 2 -head_dim_qk 86 -head_dim_v 98 -with-attn-scale=True -with-attn-bias=False -transQ=False -transK=True -transV=True -transO=True -causal=False -return_lse=True -split_kv=32 --perf_config=attn:v1:256,128,64,1,1,1,32,1,1,8,8 -pv
-operation attention -t f16 --arch gfx1100 --num_cu 70 --num_chiplets 1 -g 8 -seq_len_q 289 -seq_len_k 8 -num_heads_q 1 -num_heads_kv 1 -head_dim_qk 190 -head_dim_v 213 -with-attn-scale=True -with-attn-bias=False -transQ=True -transK=False -transV=True -transO=True -causal=False -return_lse=False -split_kv=1 --perf_config=attn:v1:32,128,64,1,1,2,0,1,3,8,2 -pv
-operation attention -t f32 --arch gfx1100 --num_cu 70 --num_chiplets 1 -g 1 -seq_len_q 1 -seq_len_k 3033 -num_heads_q 16 -num_heads_kv 4 -head_dim_qk 234 -head_dim_v 31 -with-attn-scale=False -with-attn-bias=False -transQ=True -transK=True -transV=False -transO=False -causal=False -return_lse=True -split_kv=8 --perf_config=attn:v1:256,32,32,1,1,2,16,1,1,8,0 --current_seq_len=1073 -pv -relDiff_threshold 1e-4
-operation attention -t f16 --arch gfx1100 --num_cu 70 --num_chiplets 1 -g 2 -seq_len_q 75 -seq_len_k 20 -num_heads_q 1 -num_heads_kv 1 -head_dim_qk 79 -head_dim_v 47 -with-attn-scale=True -with-attn-bias=False -transQ=False -transK=True -transV=False -transO=True -causal=True -return_lse=True -split_kv=32 --perf_config=attn:v1:32,256,32,1,1,8,0,1,2,2,4 -pv
-operation attention -t i8 --arch gfx1100 --num_cu 70 --num_chiplets 1 -g 4 -seq_len_q 211 -seq_len_k 194 -num_heads_q 16 -num_heads_kv 8 -head_dim_qk 20 -head_dim_v 56 -with-attn-scale=True -with-attn-bias=True -transQ=False -transK=False -transV=False -transO=False -causal=False -return_lse=True -split_kv=16 --perf_config=attn:v1:64,32,16,1,1,1,0,1,3,4,1 -pv
-operation attention -t i8 --arch gfx1100 --num_cu 70 --num_chiplets 1 -g 3 -seq_len_q 1216 -seq_len_k 162 -num_heads_q 32 -num_heads_kv 2 -head_dim_qk 217 -head_dim_v 128 -with-attn-scale=True -with-attn-bias=False -transQ=True -transK=True -transV=True -transO=False -causal=True -return_lse=False -split_kv=1 --perf_config=attn:v1:16,256,64,2,1,8,16,1,1,2,2 -pv
-operation attention -t f32 --arch gfx1100 --num_cu 70 --num_chiplets 1 -g 6 -seq_len_q 8 -seq_len_k 313 -num_heads_q 128 -num_heads_kv 64 -head_dim_qk 87 -head_dim_v 224 -with-attn-scale=False -with-attn-bias=True -transQ=False -transK=True -transV=False -transO=False -causal=True -return_lse=True -split_kv=4 --perf_config=attn:v1:32,32,16,1,1,16,16,1,2,4,4 -pv -relDiff_threshold 1e-4
-operation attention -t f32 --arch gfx1100 --num_cu 70 --num_chiplets 1 -g 1 -seq_len_q 1 -seq_len_k 1589 -num_heads_q 1 -num_heads_kv 1 -head_dim_qk 232 -head_dim_v 201 -with-attn-scale=True -with-attn-bias=True -transQ=False -transK=True -transV=False -transO=True -causal=False -return_lse=False -split_kv=1 --perf_config=attn:v1:256,32,16,1,1,1,16,1,1,4,8 --current_seq_len=805 -pv -relDiff_threshold 1e-4
-operation attention -t i8 --arch gfx1100 --num_cu 70 --num_chiplets 1 -g 6 -seq_len_q 567 -seq_len_k 408 -num_heads_q 1 -num_heads_kv 1 -head_dim_qk 131 -head_dim_v 91 -with-attn-scale=False -with-attn-bias=True -transQ=True -transK=True -transV=False -transO=True -causal=True -return_lse=False -split_kv=1 --perf_config=attn:v1:64,128,32,1,1,16,32,1,1,4,4 -pv
-operation attention -t i8 --arch gfx1100 --num_cu 70 --num_chiplets 1 -g 8 -seq_len_q 479 -seq_len_k 284 -num_heads_q 1 -num_heads_kv 1 -head_dim_qk 96 -head_dim_v 66 -with-attn-scale=False -with-attn-bias=False -transQ=True -transK=True -transV=False -transO=False -causal=True -return_lse=False -split_kv=1 --perf_config=attn:v1:256,16,32,2,1,4,32,1,2,0,8 -pv
-operation attention -t f16 --arch gfx1100 --num_cu 70 --num_chiplets 1 -g 4 -seq_len_q 70 -seq_len_k 742 -num_heads_q 1 -num_heads_kv 1 -head_dim_qk 113 -head_dim_v 177 -with-attn-scale=True -with-attn-bias=False -transQ=False -transK=False -transV=True -transO=True -causal=False -return_lse=True -split_kv=4 --perf_config=attn:v1:64,128,16,1,1,2,16,1,1,8,8 -pv
-operation attention -t bf16 --arch gfx1100 --num_cu 70 --num_chiplets 1 -g 6 -seq_len_q 618 -seq_len_k 415 -num_heads_q 64 -num_heads_kv 16 -head_dim_qk 87 -head_dim_v 114 -with-attn-scale=True -with-attn-bias=True -transQ=False -transK=True -transV=True -transO=True -causal=True -return_lse=True -split_kv=1 --perf_config=attn:v1:32,64,32,1,1,8,16,1,2,1,1 -pv -RMS_threshold 1e-2
-operation attention -t f32 --arch gfx1100 --num_cu 70 --num_chiplets 1 -g 5 -seq_len_q 406 -seq_len_k 641 -num_heads_q 1 -num_heads_kv 1 -head_dim_qk 186 -head_dim_v 34 -with-attn-scale=False -with-attn-bias=False -transQ=True -transK=True -transV=True -transO=True -causal=True -return_lse=False -split_kv=1 --perf_config=attn:v1:64,16,32,1,1,8,0,1,2,4,0 -pv -relDiff_threshold 1e-4
-operation attention -t f16 --arch gfx1100 --num_cu 70 --num_chiplets 1 -g 7 -seq_len_q 1 -seq_len_k 122 -num_heads_q 8 -num_heads_kv 4 -head_dim_qk 82 -head_dim_v 25 -with-attn-scale=True -with-attn-bias=False -transQ=True -transK=True -transV=True -transO=False -causal=False -return_lse=True -split_kv=2 --perf_config=attn:v1:128,128,32,2,1,4,32,1,1,4,0 --current_seq_len=50,31,104,63,85,46,94 -pv
-operation attention -t i8 --arch gfx1100 --num_cu 70 --num_chiplets 1 -g 1 -seq_len_q 20 -seq_len_k 3900 -num_heads_q 128 -num_heads_kv 32 -head_dim_qk 191 -head_dim_v 122 -with-attn-scale=True -with-attn-bias=True -transQ=False -transK=False -transV=True -transO=True -causal=True -return_lse=True -split_kv=32 --perf_config=attn:v1:16,32,128,2,1,8,16,1,3,2,1 -pv
-operation attention -t bf16 --arch gfx1100 --num_cu 70 --num_chiplets 1 -g 8 -seq_len_q 298 -seq_len_k 169 -num_heads_q 32 -num_heads_kv 4 -head_dim_qk 217 -head_dim_v 128 -with-attn-scale=False -with-attn-bias=False -transQ=False -transK=True -transV=True -transO=True -causal=False -return_lse=True -split_kv=2 --perf_config=attn:v1:256,128,16,2,1,1,32,1,3,2,4 -pv -RMS_threshold 1e-2
Passed: 662, Not applicable: 259, Failed: 79
