Lowering rejected config as not applicable
Command line = -operation gemm_gemm -t bf16 --arch gfx1100 --num_cu 70 --num_chiplets 1 -g 1 -m 54 -k 100 -n 50 -gemmO 36 -transA=False -transB=True -transC=False -transO=True --perf_config=attn:v1:16,128,128,1,1,16,16,3,2,8,1 -pv -RMS_threshold 1e-2
Errors = loc("<stdin>":15:10): error: Fusion with SplitK perfConfig is not legal
Lowering not applicable.

----------------------------------------------------------------------------------------------------
NOT_APPLICABLE: GemmGemmConfiguration(datatype='bf16', g=1, m=54, k=100, n=50, o=36, trans_a=False, trans_b=True, trans_c=False, trans_o=True, arch='gfx1100', chip='gfx1100', num_cu=70, num_chiplets=1, perfconfig='attn:v1:16,128,128,1,1,16,16,3,2,8,1')
Lowering rejected config as not applicable
Command line = -operation gemm_gemm -t bf16 --arch gfx1100 --num_cu 70 --num_chiplets 1 -g 2 -m 85 -k 95 -n 48 -gemmO 114 -transA=True -transB=False -transC=True -transO=True --perf_config=attn:v1:256,16,64,1,1,8,16,4,3,2,0 -pv -RMS_threshold 1e-2
Errors = loc("<stdin>":16:10): error: Fusion with SplitK perfConfig is not legal
Lowering not applicable.

----------------------------------------------------------------------------------------------------
NOT_APPLICABLE: GemmGemmConfiguration(datatype='bf16', g=2, m=85, k=95, n=48, o=114, trans_a=True, trans_b=False, trans_c=True, trans_o=True, arch='gfx1100', chip='gfx1100', num_cu=70, num_chiplets=1, perfconfig='attn:v1:256,16,64,1,1,8,16,4,3,2,0')
Lowering rejected config as not applicable
Command line = -operation gemm_gemm -t f32 --arch gfx1100 --num_cu 70 --num_chiplets 1 -g 1 -m 30 -k 117 -n 100 -gemmO 19 -transA=False -transB=True -transC=False -transO=False --perf_config=attn:v1:256,128,128,2,1,16,32,2,3,4,1 -pv -relDiff_threshold 1e-4
Errors = loc("<stdin>":9:1): error: ttg.shared (131072) exceeds LDS limit (65536) for amdgcn-amd-amdhsa:gfx1100
Lowering not applicable.

----------------------------------------------------------------------------------------------------
NOT_APPLICABLE: GemmGemmConfiguration(datatype='f32', g=1, m=30, k=117, n=100, o=19, trans_a=False, trans_b=True, trans_c=False, trans_o=False, arch='gfx1100', chip='gfx1100', num_cu=70, num_chiplets=1, perfconfig='attn:v1:256,128,128,2,1,16,32,2,3,4,1')
----------------------------------------------------------------------------------------------------
PASS: GemmGemmConfiguration(datatype='bf16', g=2, m=35, k=83, n=67, o=79, trans_a=True, trans_b=True, trans_c=True, trans_o=False, arch='gfx1100', chip='gfx1100', num_cu=70, num_chiplets=1, perfconfig='attn:v1:32,32,16,2,1,16,32,1,2,4,4')
----------------------------------------------------------------------------------------------------
PASS: GemmGemmConfiguration(datatype='bf16', g=1, m=31, k=52, n=101, o=89, trans_a=True, trans_b=False, trans_c=True, trans_o=False, arch='gfx1100', chip='gfx1100', num_cu=70, num_chiplets=1, perfconfig='attn:v1:64,128,64,2,1,4,16,1,3,8,1')
----------------------------------------------------------------------------------------------------
PASS: GemmGemmConfiguration(datatype='f32', g=2, m=18, k=110, n=40, o=3, trans_a=True, trans_b=True, trans_c=False, trans_o=True, arch='gfx1100', chip='gfx1100', num_cu=70, num_chiplets=1, perfconfig='attn:v1:64,32,64,2,1,1,16,2,1,1,2')
----------------------------------------------------------------------------------------------------
PASS: GemmGemmConfiguration(datatype='f32', g=1, m=80, k=108, n=26, o=119, trans_a=False, trans_b=True, trans_c=True, trans_o=False, arch='gfx1100', chip='gfx1100', num_cu=70, num_chiplets=1, perfconfig='attn:v1:32,128,64,1,1,2,0,4,2,4,0')
----------------------------------------------------------------------------------------------------
PASS: GemmGemmConfiguration(datatype='f32', g=1, m=24, k=7, n=120, o=97, trans_a=True, trans_b=False, trans_c=True, trans_o=False, arch='gfx1100', chip='gfx1100', num_cu=70, num_chiplets=1, perfconfig='attn:v1:128,64,128,2,1,2,16,4,2,2,0')
Lowering rejected config as not applicable
Command line = -operation gemm_gemm -t f16 --arch gfx1100 --num_cu 70 --num_chiplets 1 -g 2 -m 71 -k 23 -n 58 -gemmO 101 -transA=False -transB=False -transC=False -transO=True --perf_config=attn:v1:256,16,16,1,1,1,32,2,3,2,1 -pv
Errors = loc("<stdin>":16:10): error: Fusion with SplitK perfConfig is not legal
Lowering not applicable.

----------------------------------------------------------------------------------------------------
NOT_APPLICABLE: GemmGemmConfiguration(datatype='f16', g=2, m=71, k=23, n=58, o=101, trans_a=False, trans_b=False, trans_c=False, trans_o=True, arch='gfx1100', chip='gfx1100', num_cu=70, num_chiplets=1, perfconfig='attn:v1:256,16,16,1,1,1,32,2,3,2,1')
Lowering rejected config as not applicable
Command line = -operation gemm_gemm -t f16 --arch gfx1100 --num_cu 70 --num_chiplets 1 -g 1 -m 31 -k 15 -n 12 -gemmO 93 -transA=False -transB=False -transC=True -transO=True --perf_config=attn:v1:64,64,128,1,1,1,32,2,2,8,4 -pv
Errors = loc("<stdin>":15:10): error: Fusion with SplitK perfConfig is not legal
Lowering not applicable.

----------------------------------------------------------------------------------------------------
NOT_APPLICABLE: GemmGemmConfiguration(datatype='f16', g=1, m=31, k=15, n=12, o=93, trans_a=False, trans_b=False, trans_c=True, trans_o=True, arch='gfx1100', chip='gfx1100', num_cu=70, num_chiplets=1, perfconfig='attn:v1:64,64,128,1,1,1,32,2,2,8,4')
Lowering rejected config as not applicable
Command line = -operation gemm_gemm -t f16 --arch gfx1100 --num_cu 70 --num_chiplets 1 -g 2 -m 64 -k 80 -n 47 -gemmO 19 -transA=True -transB=False -transC=False -transO=False --perf_config=attn:v1:16,16,128,1,1,1,16,4,2,2,2 -pv
Errors = loc("<stdin>":16:10): error: Fusion with SplitK perfConfig is not legal
Lowering not applicable.

----------------------------------------------------------------------------------------------------
NOT_APPLICABLE: GemmGemmConfiguration(datatype='f16', g=2, m=64, k=80, n=47, o=19, trans_a=True, trans_b=False, trans_c=False, trans_o=False, arch='gfx1100', chip='gfx1100', num_cu=70, num_chiplets=1, perfconfig='attn:v1:16,16,128,1,1,1,16,4,2,2,2')
Lowering rejected config as not applicable
Command line = -operation gemm_gemm -t bf16 --arch gfx1100 --num_cu 70 --num_chiplets 1 -g 1 -m 1 -k 62 -n 22 -gemmO 70 -transA=False -transB=True -transC=False -transO=True --perf_config=attn:v1:64,128,128,1,1,1,0,4,1,2,8 -pv -RMS_threshold 1e-2
Errors = loc("<stdin>":16:10): error: Fusion with SplitK perfConfig is not legal
Lowering not applicable.

----------------------------------------------------------------------------------------------------
NOT_APPLICABLE: GemmGemmConfiguration(datatype='bf16', g=1, m=1, k=62, n=22, o=70, trans_a=False, trans_b=True, trans_c=False, trans_o=True, arch='gfx1100', chip='gfx1100', num_cu=70, num_chiplets=1, perfconfig='attn:v1:64,128,128,1,1,1,0,4,1,2,8')
Lowering rejected config as not applicable
Command line = -operation gemm_gemm -t f16 --arch gfx1100 --num_cu 70 --num_chiplets 1 -g 1 -m 54 -k 126 -n 19 -gemmO 7 -transA=True -transB=False -transC=False -transO=False --perf_config=attn:v1:32,128,32,1,1,4,0,2,3,4,8 -pv
Errors = loc("<stdin>":16:10): error: Fusion with SplitK perfConfig is not legal
Lowering not applicable.

----------------------------------------------------------------------------------------------------
NOT_APPLICABLE: GemmGemmConfiguration(datatype='f16', g=1, m=54, k=126, n=19, o=7, trans_a=True, trans_b=False, trans_c=False, trans_o=False, arch='gfx1100', chip='gfx1100', num_cu=70, num_chiplets=1, perfconfig='attn:v1:32,128,32,1,1,4,0,2,3,4,8')
Lowering rejected config as not applicable
Command line = -operation gemm_gemm -t f32 --arch gfx1100 --num_cu 70 --num_chiplets 1 -g 2 -m 118 -k 57 -n 115 -gemmO 78 -transA=False -transB=True -transC=False -transO=False --perf_config=attn:v1:256,16,128,1,1,16,16,4,2,4,0 -pv -relDiff_threshold 1e-4
Errors = loc("<stdin>":10:1): error: ttg.shared (131072) exceeds LDS limit (65536) for amdgcn-amd-amdhsa:gfx1100
Lowering not applicable.

----------------------------------------------------------------------------------------------------
NOT_APPLICABLE: GemmGemmConfiguration(datatype='f32', g=2, m=118, k=57, n=115, o=78, trans_a=False, trans_b=True, trans_c=False, trans_o=False, arch='gfx1100', chip='gfx1100', num_cu=70, num_chiplets=1, perfconfig='attn:v1:256,16,128,1,1,16,16,4,2,4,0')
----------------------------------------------------------------------------------------------------
PASS: GemmGemmConfiguration(datatype='bf16', g=1, m=71, k=49, n=38, o=64, trans_a=True, trans_b=False, trans_c=True, trans_o=False, arch='gfx1100', chip='gfx1100', num_cu=70, num_chiplets=1, perfconfig='attn:v1:16,128,64,2,1,4,32,1,3,1,2')
----------------------------------------------------------------------------------------------------
PASS: GemmGemmConfiguration(datatype='bf16', g=2, m=7, k=58, n=80, o=63, trans_a=False, trans_b=True, trans_c=True, trans_o=False, arch='gfx1100', chip='gfx1100', num_cu=70, num_chiplets=1, perfconfig='attn:v1:256,32,32,2,1,16,16,1,2,4,4')
Lowering rejected config as not applicable
Command line = -operation gemm_gemm -t bf16 --arch gfx1100 --num_cu 70 --num_chiplets 1 -g 2 -m 104 -k 105 -n 117 -gemmO 124 -transA=False -transB=False -transC=True -transO=True --perf_config=attn:v1:32,32,64,1,1,4,32,4,2,2,1 -pv -RMS_threshold 1e-2
Errors = loc("<stdin>":16:10): error: Fusion with SplitK perfConfig is not legal
Lowering not applicable.

----------------------------------------------------------------------------------------------------
NOT_APPLICABLE: GemmGemmConfiguration(datatype='bf16', g=2, m=104, k=105, n=117, o=124, trans_a=False, trans_b=False, trans_c=True, trans_o=True, arch='gfx1100', chip='gfx1100', num_cu=70, num_chiplets=1, perfconfig='attn:v1:32,32,64,1,1,4,32,4,2,2,1')
Lowering rejected config as not applicable
Command line = -operation gemm_gemm -t f16 --arch gfx1100 --num_cu 70 --num_chiplets 1 -g 1 -m 123 -k 102 -n 95 -gemmO 28 -transA=True -transB=False -transC=False -transO=False --perf_config=attn:v1:128,32,64,2,1,2,16,2,2,2,2 -pv
Errors = loc("<stdin>":16:10): error: Fusion with SplitK perfConfig is not legal
Lowering not applicable.

----------------------------------------------------------------------------------------------------
NOT_APPLICABLE: GemmGemmConfiguration(datatype='f16', g=1, m=123, k=102, n=95, o=28, trans_a=True, trans_b=False, trans_c=False, trans_o=False, arch='gfx1100', chip='gfx1100', num_cu=70, num_chiplets=1, perfconfig='attn:v1:128,32,64,2,1,2,16,2,2,2,2')
Lowering rejected config as not applicable
Command line = -operation gemm_gemm -t f16 --arch gfx1100 --num_cu 70 --num_chiplets 1 -g 2 -m 9 -k 109 -n 119 -gemmO 71 -transA=False -transB=True -transC=False -transO=True --perf_config=attn:v1:128,16,32,1,1,2,32,4,2,2,2 -pv
Errors = loc("<stdin>":16:10): error: Fusion with SplitK perfConfig is not legal
Lowering not applicable.

----------------------------------------------------------------------------------------------------
NOT_APPLICABLE: GemmGemmConfiguration(datatype='f16', g=2, m=9, k=109, n=119, o=71, trans_a=False, trans_b=True, trans_c=False, trans_o=True, arch='gfx1100', chip='gfx1100', num_cu=70, num_chiplets=1, perfconfig='attn:v1:128,16,32,1,1,2,32,4,2,2,2')
Lowering rejected config as not applicable
Command line = -operation gemm_gemm -t bf16 --arch gfx1100 --num_cu 70 --num_chiplets 1 -g 2 -m 99 -k 75 -n 103 -gemmO 100 -transA=False -transB=False -transC=False -transO=True --perf_config=attn:v1:32,32,16,1,1,4,0,3,3,2,4 -pv -RMS_threshold 1e-2
Errors = loc("<stdin>":16:10): error: Fusion with SplitK perfConfig is not legal
Lowering not applicable.

----------------------------------------------------------------------------------------------------
NOT_APPLICABLE: GemmGemmConfiguration(datatype='bf16', g=2, m=99, k=75, n=103, o=100, trans_a=False, trans_b=False, trans_c=False, trans_o=True, arch='gfx1100', chip='gfx1100', num_cu=70, num_chiplets=1, perfconfig='attn:v1:32,32,16,1,1,4,0,3,3,2,4')
Lowering rejected config as not applicable
Command line = -operation gemm_gemm -t bf16 --arch gfx1100 --num_cu 70 --num_chiplets 1 -g 1 -m 71 -k 91 -n 66 -gemmO 77 -transA=True -transB=True -transC=False -transO=False --perf_config=attn:v1:64,256,64,1,1,4,16,4,1,4,4 -pv -RMS_threshold 1e-2
Errors = loc("<stdin>":16:10): error: Fusion with SplitK perfConfig is not legal
Lowering not applicable.

----------------------------------------------------------------------------------------------------
NOT_APPLICABLE: GemmGemmConfiguration(datatype='bf16', g=1, m=71, k=91, n=66, o=77, trans_a=True, trans_b=True, trans_c=False, trans_o=False, arch='gfx1100', chip='gfx1100', num_cu=70, num_chiplets=1, perfconfig='attn:v1:64,256,64,1,1,4,16,4,1,4,4')
----------------------------------------------------------------------------------------------------
PASS: GemmGemmConfiguration(datatype='f32', g=1, m=126, k=8, n=44, o=119, trans_a=False, trans_b=True, trans_c=True, trans_o=True, arch='gfx1100', chip='gfx1100', num_cu=70, num_chiplets=1, perfconfig='attn:v1:16,64,128,1,1,16,0,2,3,0,4')
----------------------------------------------------------------------------------------------------
PASS: GemmGemmConfiguration(datatype='bf16', g=2, m=54, k=19, n=112, o=89, trans_a=False, trans_b=True, trans_c=False, trans_o=False, arch='gfx1100', chip='gfx1100', num_cu=70, num_chiplets=1, perfconfig='attn:v1:16,16,64,2,1,8,0,1,3,4,8')
Lowering rejected config as not applicable
Command line = -operation gemm_gemm -t f32 --arch gfx1100 --num_cu 70 --num_chiplets 1 -g 2 -m 66 -k 72 -n 116 -gemmO 100 -transA=True -transB=False -transC=True -transO=False --perf_config=attn:v1:256,256,128,1,1,8,32,2,1,0,0 -pv -relDiff_threshold 1e-4
Errors = loc("<stdin>":10:1): error: ttg.shared (262144) exceeds LDS limit (65536) for amdgcn-amd-amdhsa:gfx1100
Lowering not applicable.

----------------------------------------------------------------------------------------------------
NOT_APPLICABLE: GemmGemmConfiguration(datatype='f32', g=2, m=66, k=72, n=116, o=100, trans_a=True, trans_b=False, trans_c=True, trans_o=False, arch='gfx1100', chip='gfx1100', num_cu=70, num_chiplets=1, perfconfig='attn:v1:256,256,128,1,1,8,32,2,1,0,0')
Lowering rejected config as not applicable
Command line = -operation gemm_gemm -t f16 --arch gfx1100 --num_cu 70 --num_chiplets 1 -g 2 -m 118 -k 49 -n 77 -gemmO 32 -transA=False -transB=True -transC=True -transO=True --perf_config=attn:v1:64,64,64,1,1,16,16,2,2,2,0 -pv
Errors = loc("<stdin>":16:10): error: Fusion with SplitK perfConfig is not legal
Lowering not applicable.

----------------------------------------------------------------------------------------------------
NOT_APPLICABLE: GemmGemmConfiguration(datatype='f16', g=2, m=118, k=49, n=77, o=32, trans_a=False, trans_b=True, trans_c=True, trans_o=True, arch='gfx1100', chip='gfx1100', num_cu=70, num_chiplets=1, perfconfig='attn:v1:64,64,64,1,1,16,16,2,2,2,0')
Lowering rejected config as not applicable
Command line = -operation gemm_gemm -t bf16 --arch gfx1100 --num_cu 70 --num_chiplets 1 -g 1 -m 124 -k 2 -n 126 -gemmO 6 -transA=False -transB=True -transC=False -transO=False --perf_config=attn:v1:256,64,128,2,1,1,32,2,1,1,8 -pv -RMS_threshold 1e-2
Errors = loc("<stdin>":15:10): error: Fusion with SplitK perfConfig is not legal
Lowering not applicable.

----------------------------------------------------------------------------------------------------
NOT_APPLICABLE: GemmGemmConfiguration(datatype='bf16', g=1, m=124, k=2, n=126, o=6, trans_a=False, trans_b=True, trans_c=False, trans_o=False, arch='gfx1100', chip='gfx1100', num_cu=70, num_chiplets=1, perfconfig='attn:v1:256,64,128,2,1,1,32,2,1,1,8')
----------------------------------------------------------------------------------------------------
PASS: GemmGemmConfiguration(datatype='f32', g=1, m=114, k=70, n=96, o=28, trans_a=False, trans_b=True, trans_c=True, trans_o=False, arch='gfx1100', chip='gfx1100', num_cu=70, num_chiplets=1, perfconfig='attn:v1:16,64,32,2,1,16,0,4,2,8,8')
----------------------------------------------------------------------------------------------------
PASS: GemmGemmConfiguration(datatype='f32', g=1, m=22, k=101, n=102, o=107, trans_a=False, trans_b=True, trans_c=False, trans_o=False, arch='gfx1100', chip='gfx1100', num_cu=70, num_chiplets=1, perfconfig='attn:v1:16,64,32,2,1,4,32,1,2,1,2')
Lowering rejected config as not applicable
Command line = -operation gemm_gemm -t f32 --arch gfx1100 --num_cu 70 --num_chiplets 1 -g 1 -m 29 -k 88 -n 30 -gemmO 54 -transA=True -transB=False -transC=False -transO=True --perf_config=attn:v1:256,128,64,2,1,2,16,4,2,0,8 -pv -relDiff_threshold 1e-4
Errors = loc("<stdin>":10:1): error: ttg.shared (131072) exceeds LDS limit (65536) for amdgcn-amd-amdhsa:gfx1100
Lowering not applicable.

----------------------------------------------------------------------------------------------------
NOT_APPLICABLE: GemmGemmConfiguration(datatype='f32', g=1, m=29, k=88, n=30, o=54, trans_a=True, trans_b=False, trans_c=False, trans_o=True, arch='gfx1100', chip='gfx1100', num_cu=70, num_chiplets=1, perfconfig='attn:v1:256,128,64,2,1,2,16,4,2,0,8')
----------------------------------------------------------------------------------------------------
PASS: GemmGemmConfiguration(datatype='f32', g=2, m=113, k=20, n=115, o=121, trans_a=True, trans_b=False, trans_c=True, trans_o=False, arch='gfx1100', chip='gfx1100', num_cu=70, num_chiplets=1, perfconfig='attn:v1:16,128,32,1,1,4,16,1,2,2,1')
----------------------------------------------------------------------------------------------------
PASS: GemmGemmConfiguration(datatype='f32', g=2, m=128, k=75, n=15, o=62, trans_a=True, trans_b=False, trans_c=True, trans_o=True, arch='gfx1100', chip='gfx1100', num_cu=70, num_chiplets=1, perfconfig='attn:v1:16,32,128,2,1,1,16,4,2,4,8')
----------------------------------------------------------------------------------------------------
PASS: GemmGemmConfiguration(datatype='f32', g=1, m=106, k=106, n=12, o=24, trans_a=False, trans_b=False, trans_c=True, trans_o=True, arch='gfx1100', chip='gfx1100', num_cu=70, num_chiplets=1, perfconfig='attn:v1:256,64,32,2,1,2,32,2,2,8,4')
Lowering rejected config as not applicable
Command line = -operation gemm_gemm -t f16 --arch gfx1100 --num_cu 70 --num_chiplets 1 -g 2 -m 80 -k 95 -n 60 -gemmO 57 -transA=True -transB=False -transC=False -transO=True --perf_config=attn:v1:32,64,64,2,1,16,16,2,3,0,2 -pv
Errors = loc("<stdin>":16:10): error: Fusion with SplitK perfConfig is not legal
Lowering not applicable.

----------------------------------------------------------------------------------------------------
NOT_APPLICABLE: GemmGemmConfiguration(datatype='f16', g=2, m=80, k=95, n=60, o=57, trans_a=True, trans_b=False, trans_c=False, trans_o=True, arch='gfx1100', chip='gfx1100', num_cu=70, num_chiplets=1, perfconfig='attn:v1:32,64,64,2,1,16,16,2,3,0,2')
Lowering rejected config as not applicable
Command line = -operation gemm_gemm -t bf16 --arch gfx1100 --num_cu 70 --num_chiplets 1 -g 1 -m 79 -k 73 -n 114 -gemmO 96 -transA=True -transB=True -transC=True -transO=False --perf_config=attn:v1:16,128,128,2,1,1,0,4,3,1,4 -pv -RMS_threshold 1e-2
Errors = loc("<stdin>":16:10): error: Fusion with SplitK perfConfig is not legal
Lowering not applicable.

----------------------------------------------------------------------------------------------------
NOT_APPLICABLE: GemmGemmConfiguration(datatype='bf16', g=1, m=79, k=73, n=114, o=96, trans_a=True, trans_b=True, trans_c=True, trans_o=False, arch='gfx1100', chip='gfx1100', num_cu=70, num_chiplets=1, perfconfig='attn:v1:16,128,128,2,1,1,0,4,3,1,4')
Lowering rejected config as not applicable
Command line = -operation gemm_gemm -t f16 --arch gfx1100 --num_cu 70 --num_chiplets 1 -g 2 -m 73 -k 56 -n 128 -gemmO 43 -transA=False -transB=True -transC=False -transO=True --perf_config=attn:v1:32,64,32,2,1,4,32,2,2,4,2 -pv
Errors = loc("<stdin>":16:10): error: Fusion with SplitK perfConfig is not legal
Lowering not applicable.

----------------------------------------------------------------------------------------------------
NOT_APPLICABLE: GemmGemmConfiguration(datatype='f16', g=2, m=73, k=56, n=128, o=43, trans_a=False, trans_b=True, trans_c=False, trans_o=True, arch='gfx1100', chip='gfx1100', num_cu=70, num_chiplets=1, perfconfig='attn:v1:32,64,32,2,1,4,32,2,2,4,2')
Lowering rejected config as not applicable
Command line = -operation gemm_gemm -t f16 --arch gfx1100 --num_cu 70 --num_chiplets 1 -g 1 -m 94 -k 1 -n 106 -gemmO 99 -transA=False -transB=True -transC=False -transO=False --perf_config=attn:v1:64,32,64,2,1,2,0,2,2,4,2 -pv
Errors = loc("<stdin>":15:10): error: Fusion with SplitK perfConfig is not legal
Lowering not applicable.

----------------------------------------------------------------------------------------------------
NOT_APPLICABLE: GemmGemmConfiguration(datatype='f16', g=1, m=94, k=1, n=106, o=99, trans_a=False, trans_b=True, trans_c=False, trans_o=False, arch='gfx1100', chip='gfx1100', num_cu=70, num_chiplets=1, perfconfig='attn:v1:64,32,64,2,1,2,0,2,2,4,2')
Lowering rejected config as not applicable
Command line = -operation gemm_gemm -t bf16 --arch gfx1100 --num_cu 70 --num_chiplets 1 -g 1 -m 64 -k 17 -n 5 -gemmO 124 -transA=True -transB=False -transC=True -transO=False --perf_config=attn:v1:128,32,128,1,1,16,16,2,2,4,1 -pv -RMS_threshold 1e-2
Errors = loc("<stdin>":15:10): error: Fusion with SplitK perfConfig is not legal
Lowering not applicable.

----------------------------------------------------------------------------------------------------
NOT_APPLICABLE: GemmGemmConfiguration(datatype='bf16', g=1, m=64, k=17, n=5, o=124, trans_a=True, trans_b=False, trans_c=True, trans_o=False, arch='gfx1100', chip='gfx1100', num_cu=70, num_chiplets=1, perfconfig='attn:v1:128,32,128,1,1,16,16,2,2,4,1')
Lowering rejected config as not applicable
Command line = -operation gemm_gemm -t f32 --arch gfx1100 --num_cu 70 --num_chiplets 1 -g 2 -m 82 -k 87 -n 44 -gemmO 60 -transA=False -transB=False -transC=False -transO=True --perf_config=attn:v1:128,256,32,2,1,16,0,3,3,8,8 -pv -relDiff_threshold 1e-4
Errors = loc("<stdin>":10:1): error: ttg.shared (131072) exceeds LDS limit (65536) for amdgcn-amd-amdhsa:gfx1100
Lowering not applicable.

----------------------------------------------------------------------------------------------------
NOT_APPLICABLE: GemmGemmConfiguration(datatype='f32', g=2, m=82, k=87, n=44, o=60, trans_a=False, trans_b=False, trans_c=False, trans_o=True, arch='gfx1100', chip='gfx1100', num_cu=70, num_chiplets=1, perfconfig='attn:v1:128,256,32,2,1,16,0,3,3,8,8')
----------------------------------------------------------------------------------------------------
PASS: GemmGemmConfiguration(datatype='f32', g=1, m=35, k=79, n=115, o=3, trans_a=True, trans_b=False, trans_c=True, trans_o=True, arch='gfx1100', chip='gfx1100', num_cu=70, num_chiplets=1, perfconfig='attn:v1:16,32,64,2,1,8,32,2,3,4,8')
----------------------------------------------------------------------------------------------------
PASS: GemmGemmConfiguration(datatype='f32', g=2, m=70, k=30, n=22, o=22, trans_a=False, trans_b=False, trans_c=True, trans_o=True, arch='gfx1100', chip='gfx1100', num_cu=70, num_chiplets=1, perfconfig='attn:v1:128,32,32,2,1,2,16,4,3,0,2')
Lowering rejected config as not applicable
Command line = -operation gemm_gemm -t bf16 --arch gfx1100 --num_cu 70 --num_chiplets 1 -g 1 -m 57 -k 102 -n 47 -gemmO 64 -transA=False -transB=False -transC=False -transO=True --perf_config=attn:v1:32,64,32,2,1,1,32,3,2,4,1 -pv -RMS_threshold 1e-2
Errors = loc("<stdin>":16:10): error: Fusion with SplitK perfConfig is not legal
Lowering not applicable.

----------------------------------------------------------------------------------------------------
NOT_APPLICABLE: GemmGemmConfiguration(datatype='bf16', g=1, m=57, k=102, n=47, o=64, trans_a=False, trans_b=False, trans_c=False, trans_o=True, arch='gfx1100', chip='gfx1100', num_cu=70, num_chiplets=1, perfconfig='attn:v1:32,64,32,2,1,1,32,3,2,4,1')
Lowering rejected config as not applicable
Command line = -operation gemm_gemm -t f16 --arch gfx1100 --num_cu 70 --num_chiplets 1 -g 1 -m 87 -k 78 -n 114 -gemmO 63 -transA=True -transB=False -transC=True -transO=False --perf_config=attn:v1:32,16,64,1,1,2,0,4,2,2,8 -pv
Errors = loc("<stdin>":15:10): error: Fusion with SplitK perfConfig is not legal
Lowering not applicable.

----------------------------------------------------------------------------------------------------
NOT_APPLICABLE: GemmGemmConfiguration(datatype='f16', g=1, m=87, k=78, n=114, o=63, trans_a=True, trans_b=False, trans_c=True, trans_o=False, arch='gfx1100', chip='gfx1100', num_cu=70, num_chiplets=1, perfconfig='attn:v1:32,16,64,1,1,2,0,4,2,2,8')
Lowering rejected config as not applicable
Command line = -operation gemm_gemm -t f16 --arch gfx1100 --num_cu 70 --num_chiplets 1 -g 2 -m 53 -k 42 -n 116 -gemmO 97 -transA=True -transB=True -transC=False -transO=True --perf_config=attn:v1:256,256,64,2,1,8,0,2,2,0,8 -pv
Errors = loc("<stdin>":16:10): error: Fusion with SplitK perfConfig is not legal
Lowering not applicable.

----------------------------------------------------------------------------------------------------
NOT_APPLICABLE: GemmGemmConfiguration(datatype='f16', g=2, m=53, k=42, n=116, o=97, trans_a=True, trans_b=True, trans_c=False, trans_o=True, arch='gfx1100', chip='gfx1100', num_cu=70, num_chiplets=1, perfconfig='attn:v1:256,256,64,2,1,8,0,2,2,0,8')
Lowering rejected config as not applicable
Command line = -operation gemm_gemm -t bf16 --arch gfx1100 --num_cu 70 --num_chiplets 1 -g 1 -m 7 -k 58 -n 65 -gemmO 55 -transA=True -transB=False -transC=False -transO=True --perf_config=attn:v1:128,128,128,1,1,4,32,2,3,4,0 -pv -RMS_threshold 1e-2
Errors = loc("<stdin>":16:10): error: Fusion with SplitK perfConfig is not legal
Lowering not applicable.

----------------------------------------------------------------------------------------------------
NOT_APPLICABLE: GemmGemmConfiguration(datatype='bf16', g=1, m=7, k=58, n=65, o=55, trans_a=True, trans_b=False, trans_c=False, trans_o=True, arch='gfx1100', chip='gfx1100', num_cu=70, num_chiplets=1, perfconfig='attn:v1:128,128,128,1,1,4,32,2,3,4,0')
Lowering rejected config as not applicable
Command line = -operation gemm_gemm -t f16 --arch gfx1100 --num_cu 70 --num_chiplets 1 -g 1 -m 9 -k 70 -n 3 -gemmO 96 -transA=False -transB=True -transC=False -transO=False --perf_config=attn:v1:64,64,128,2,1,2,16,4,2,8,2 -pv
Errors = loc("<stdin>":15:10): error: Fusion with SplitK perfConfig is not legal
Lowering not applicable.

----------------------------------------------------------------------------------------------------
NOT_APPLICABLE: GemmGemmConfiguration(datatype='f16', g=1, m=9, k=70, n=3, o=96, trans_a=False, trans_b=True, trans_c=False, trans_o=False, arch='gfx1100', chip='gfx1100', num_cu=70, num_chiplets=1, perfconfig='attn:v1:64,64,128,2,1,2,16,4,2,8,2')
----------------------------------------------------------------------------------------------------
PASS: GemmGemmConfiguration(datatype='f32', g=2, m=55, k=22, n=112, o=53, trans_a=False, trans_b=False, trans_c=True, trans_o=False, arch='gfx1100', chip='gfx1100', num_cu=70, num_chiplets=1, perfconfig='attn:v1:16,16,128,1,1,8,16,1,1,2,4')
----------------------------------------------------------------------------------------------------
PASS: GemmGemmConfiguration(datatype='f32', g=1, m=106, k=111, n=85, o=96, trans_a=False, trans_b=False, trans_c=True, trans_o=True, arch='gfx1100', chip='gfx1100', num_cu=70, num_chiplets=1, perfconfig='attn:v1:32,64,32,2,1,8,16,4,1,4,1')
----------------------------------------------------------------------------------------------------
PASS: GemmGemmConfiguration(datatype='bf16', g=1, m=81, k=85, n=33, o=122, trans_a=False, trans_b=True, trans_c=True, trans_o=False, arch='gfx1100', chip='gfx1100', num_cu=70, num_chiplets=1, perfconfig='attn:v1:16,64,16,2,1,1,16,1,2,4,2')
Lowering rejected config as not applicable
Command line = -operation gemm_gemm -t f16 --arch gfx1100 --num_cu 70 --num_chiplets 1 -g 1 -m 4 -k 121 -n 119 -gemmO 42 -transA=True -transB=False -transC=True -transO=False --perf_config=attn:v1:64,64,64,2,1,1,16,2,2,0,8 -pv
Errors = loc("<stdin>":15:10): error: Fusion with SplitK perfConfig is not legal
Lowering not applicable.

----------------------------------------------------------------------------------------------------
NOT_APPLICABLE: GemmGemmConfiguration(datatype='f16', g=1, m=4, k=121, n=119, o=42, trans_a=True, trans_b=False, trans_c=True, trans_o=False, arch='gfx1100', chip='gfx1100', num_cu=70, num_chiplets=1, perfconfig='attn:v1:64,64,64,2,1,1,16,2,2,0,8')
Lowering rejected config as not applicable
Command line = -operation gemm_gemm -t bf16 --arch gfx1100 --num_cu 70 --num_chiplets 1 -g 1 -m 107 -k 31 -n 52 -gemmO 48 -transA=True -transB=True -transC=False -transO=False --perf_config=attn:v1:32,32,128,1,1,8,0,2,2,8,1 -pv -RMS_threshold 1e-2
Errors = loc("<stdin>":16:10): error: Fusion with SplitK perfConfig is not legal
Lowering not applicable.

----------------------------------------------------------------------------------------------------
NOT_APPLICABLE: GemmGemmConfiguration(datatype='bf16', g=1, m=107, k=31, n=52, o=48, trans_a=True, trans_b=True, trans_c=False, trans_o=False, arch='gfx1100', chip='gfx1100', num_cu=70, num_chiplets=1, perfconfig='attn:v1:32,32,128,1,1,8,0,2,2,8,1')
Lowering rejected config as not applicable
Command line = -operation gemm_gemm -t bf16 --arch gfx1100 --num_cu 70 --num_chiplets 1 -g 2 -m 123 -k 71 -n 117 -gemmO 39 -transA=False -transB=False -transC=True -transO=True --perf_config=attn:v1:256,32,32,2,1,2,0,2,2,2,8 -pv -RMS_threshold 1e-2
Errors = loc("<stdin>":16:10): error: Fusion with SplitK perfConfig is not legal
Lowering not applicable.

----------------------------------------------------------------------------------------------------
NOT_APPLICABLE: GemmGemmConfiguration(datatype='bf16', g=2, m=123, k=71, n=117, o=39, trans_a=False, trans_b=False, trans_c=True, trans_o=True, arch='gfx1100', chip='gfx1100', num_cu=70, num_chiplets=1, perfconfig='attn:v1:256,32,32,2,1,2,0,2,2,2,8')
Lowering rejected config as not applicable
Command line = -operation gemm_gemm -t f16 --arch gfx1100 --num_cu 70 --num_chiplets 1 -g 1 -m 114 -k 31 -n 124 -gemmO 56 -transA=False -transB=False -transC=True -transO=True --perf_config=attn:v1:32,32,64,2,1,1,0,4,2,2,1 -pv
Errors = loc("<stdin>":15:10): error: Fusion with SplitK perfConfig is not legal
Lowering not applicable.

----------------------------------------------------------------------------------------------------
NOT_APPLICABLE: GemmGemmConfiguration(datatype='f16', g=1, m=114, k=31, n=124, o=56, trans_a=False, trans_b=False, trans_c=True, trans_o=True, arch='gfx1100', chip='gfx1100', num_cu=70, num_chiplets=1, perfconfig='attn:v1:32,32,64,2,1,1,0,4,2,2,1')
Lowering rejected config as not applicable
Command line = -operation gemm_gemm -t f16 --arch gfx1100 --num_cu 70 --num_chiplets 1 -g 2 -m 101 -k 88 -n 57 -gemmO 113 -transA=True -transB=True -transC=True -transO=False --perf_config=attn:v1:128,16,16,1,1,4,32,2,3,0,4 -pv
Errors = loc("<stdin>":16:10): error: Fusion with SplitK perfConfig is not legal
Lowering not applicable.

----------------------------------------------------------------------------------------------------
NOT_APPLICABLE: GemmGemmConfiguration(datatype='f16', g=2, m=101, k=88, n=57, o=113, trans_a=True, trans_b=True, trans_c=True, trans_o=False, arch='gfx1100', chip='gfx1100', num_cu=70, num_chiplets=1, perfconfig='attn:v1:128,16,16,1,1,4,32,2,3,0,4')
Lowering rejected config as not applicable
Command line = -operation gemm_gemm -t f16 --arch gfx1100 --num_cu 70 --num_chiplets 1 -g 2 -m 106 -k 68 -n 107 -gemmO 38 -transA=True -transB=True -transC=False -transO=True --perf_config=attn:v1:32,128,16,2,1,8,16,4,3,1,8 -pv
Errors = loc("<stdin>":16:10): error: Fusion with SplitK perfConfig is not legal
Lowering not applicable.

----------------------------------------------------------------------------------------------------
NOT_APPLICABLE: GemmGemmConfiguration(datatype='f16', g=2, m=106, k=68, n=107, o=38, trans_a=True, trans_b=True, trans_c=False, trans_o=True, arch='gfx1100', chip='gfx1100', num_cu=70, num_chiplets=1, perfconfig='attn:v1:32,128,16,2,1,8,16,4,3,1,8')
----------------------------------------------------------------------------------------------------
PASS: GemmGemmConfiguration(datatype='f32', g=1, m=104, k=62, n=68, o=81, trans_a=False, trans_b=False, trans_c=False, trans_o=True, arch='gfx1100', chip='gfx1100', num_cu=70, num_chiplets=1, perfconfig='attn:v1:128,16,128,1,1,4,32,1,2,0,4')
----------------------------------------------------------------------------------------------------
PASS: GemmGemmConfiguration(datatype='f16', g=2, m=28, k=108, n=117, o=60, trans_a=True, trans_b=True, trans_c=True, trans_o=True, arch='gfx1100', chip='gfx1100', num_cu=70, num_chiplets=1, perfconfig='attn:v1:256,128,128,1,1,1,32,1,1,8,1')
Lowering rejected config as not applicable
Command line = -operation gemm_gemm -t f16 --arch gfx1100 --num_cu 70 --num_chiplets 1 -g 2 -m 75 -k 52 -n 58 -gemmO 62 -transA=True -transB=True -transC=True -transO=True --perf_config=attn:v1:32,16,16,2,1,2,32,2,3,1,0 -pv
Errors = loc("<stdin>":16:10): error: Fusion with SplitK perfConfig is not legal
Lowering not applicable.

----------------------------------------------------------------------------------------------------
NOT_APPLICABLE: GemmGemmConfiguration(datatype='f16', g=2, m=75, k=52, n=58, o=62, trans_a=True, trans_b=True, trans_c=True, trans_o=True, arch='gfx1100', chip='gfx1100', num_cu=70, num_chiplets=1, perfconfig='attn:v1:32,16,16,2,1,2,32,2,3,1,0')
Lowering rejected config as not applicable
Command line = -operation gemm_gemm -t bf16 --arch gfx1100 --num_cu 70 --num_chiplets 1 -g 2 -m 62 -k 42 -n 112 -gemmO 4 -transA=False -transB=True -transC=True -transO=False --perf_config=attn:v1:256,32,128,1,1,16,16,2,1,2,2 -pv -RMS_threshold 1e-2
Errors = loc("<stdin>":16:10): error: Fusion with SplitK perfConfig is not legal
Lowering not applicable.

----------------------------------------------------------------------------------------------------
NOT_APPLICABLE: GemmGemmConfiguration(datatype='bf16', g=2, m=62, k=42, n=112, o=4, trans_a=False, trans_b=True, trans_c=True, trans_o=False, arch='gfx1100', chip='gfx1100', num_cu=70, num_chiplets=1, perfconfig='attn:v1:256,32,128,1,1,16,16,2,1,2,2')
Lowering rejected config as not applicable
Command line = -operation gemm_gemm -t bf16 --arch gfx1100 --num_cu 70 --num_chiplets 1 -g 1 -m 56 -k 107 -n 116 -gemmO 111 -transA=False -transB=False -transC=True -transO=True --perf_config=attn:v1:128,128,64,1,1,16,32,2,1,0,1 -pv -RMS_threshold 1e-2
Errors = loc("<stdin>":15:10): error: Fusion with SplitK perfConfig is not legal
Lowering not applicable.

----------------------------------------------------------------------------------------------------
NOT_APPLICABLE: GemmGemmConfiguration(datatype='bf16', g=1, m=56, k=107, n=116, o=111, trans_a=False, trans_b=False, trans_c=True, trans_o=True, arch='gfx1100', chip='gfx1100', num_cu=70, num_chiplets=1, perfconfig='attn:v1:128,128,64,1,1,16,32,2,1,0,1')
Lowering rejected config as not applicable
Command line = -operation gemm_gemm -t bf16 --arch gfx1100 --num_cu 70 --num_chiplets 1 -g 2 -m 24 -k 4 -n 5 -gemmO 71 -transA=False -transB=True -transC=True -transO=True --perf_config=attn:v1:64,32,16,2,1,1,16,3,3,8,1 -pv -RMS_threshold 1e-2
Errors = loc("<stdin>":16:10): error: Fusion with SplitK perfConfig is not legal
Lowering not applicable.

----------------------------------------------------------------------------------------------------
NOT_APPLICABLE: GemmGemmConfiguration(datatype='bf16', g=2, m=24, k=4, n=5, o=71, trans_a=False, trans_b=True, trans_c=True, trans_o=True, arch='gfx1100', chip='gfx1100', num_cu=70, num_chiplets=1, perfconfig='attn:v1:64,32,16,2,1,1,16,3,3,8,1')
Lowering rejected config as not applicable
Command line = -operation gemm_gemm -t f16 --arch gfx1100 --num_cu 70 --num_chiplets 1 -g 1 -m 115 -k 79 -n 4 -gemmO 85 -transA=False -transB=False -transC=False -transO=True --perf_config=attn:v1:32,64,32,2,1,2,16,4,2,2,4 -pv
Errors = loc("<stdin>":16:10): error: Fusion with SplitK perfConfig is not legal
Lowering not applicable.

----------------------------------------------------------------------------------------------------
NOT_APPLICABLE: GemmGemmConfiguration(datatype='f16', g=1, m=115, k=79, n=4, o=85, trans_a=False, trans_b=False, trans_c=False, trans_o=True, arch='gfx1100', chip='gfx1100', num_cu=70, num_chiplets=1, perfconfig='attn:v1:32,64,32,2,1,2,16,4,2,2,4')
Lowering rejected config as not applicable
Command line = -operation gemm_gemm -t f32 --arch gfx1100 --num_cu 70 --num_chiplets 1 -g 2 -m 42 -k 88 -n 12 -gemmO 119 -transA=True -transB=False -transC=False -transO=False --perf_config=attn:v1:16,256,128,1,1,16,16,2,3,1,0 -pv -relDiff_threshold 1e-4
Errors = loc("<stdin>":10:1): error: ttg.shared (131072) exceeds LDS limit (65536) for amdgcn-amd-amdhsa:gfx1100
Lowering not applicable.

----------------------------------------------------------------------------------------------------
NOT_APPLICABLE: GemmGemmConfiguration(datatype='f32', g=2, m=42, k=88, n=12, o=119, trans_a=True, trans_b=False, trans_c=False, trans_o=False, arch='gfx1100', chip='gfx1100', num_cu=70, num_chiplets=1, perfconfig='attn:v1:16,256,128,1,1,16,16,2,3,1,0')
----------------------------------------------------------------------------------------------------
PASS: GemmGemmConfiguration(datatype='f32', g=2, m=62, k=83, n=28, o=75, trans_a=False, trans_b=False, trans_c=True, trans_o=True, arch='gfx1100', chip='gfx1100', num_cu=70, num_chiplets=1, perfconfig='attn:v1:16,32,64,1,1,16,16,3,1,1,4')
Lowering rejected config as not applicable
Command line = -operation gemm_gemm -t f32 --arch gfx1100 --num_cu 70 --num_chiplets 1 -g 2 -m 109 -k 111 -n 95 -gemmO 66 -transA=False -transB=True -transC=False -transO=True --perf_config=attn:v1:128,256,32,1,1,1,0,4,3,2,0 -pv -relDiff_threshold 1e-4
Errors = loc("<stdin>":10:1): error: ttg.shared (131072) exceeds LDS limit (65536) for amdgcn-amd-amdhsa:gfx1100
Lowering not applicable.

----------------------------------------------------------------------------------------------------
NOT_APPLICABLE: GemmGemmConfiguration(datatype='f32', g=2, m=109, k=111, n=95, o=66, trans_a=False, trans_b=True, trans_c=False, trans_o=True, arch='gfx1100', chip='gfx1100', num_cu=70, num_chiplets=1, perfconfig='attn:v1:128,256,32,1,1,1,0,4,3,2,0')
Lowering rejected config as not applicable
Command line = -operation gemm_gemm -t f16 --arch gfx1100 --num_cu 70 --num_chiplets 1 -g 1 -m 10 -k 67 -n 114 -gemmO 19 -transA=False -transB=True -transC=False -transO=True --perf_config=attn:v1:16,256,64,2,1,8,0,3,2,4,4 -pv
Errors = loc("<stdin>":15:10): error: Fusion with SplitK perfConfig is not legal
Lowering not applicable.

----------------------------------------------------------------------------------------------------
NOT_APPLICABLE: GemmGemmConfiguration(datatype='f16', g=1, m=10, k=67, n=114, o=19, trans_a=False, trans_b=True, trans_c=False, trans_o=True, arch='gfx1100', chip='gfx1100', num_cu=70, num_chiplets=1, perfconfig='attn:v1:16,256,64,2,1,8,0,3,2,4,4')
Lowering rejected config as not applicable
Command line = -operation gemm_gemm -t bf16 --arch gfx1100 --num_cu 70 --num_chiplets 1 -g 2 -m 113 -k 121 -n 105 -gemmO 14 -transA=True -transB=True -transC=True -transO=False --perf_config=attn:v1:16,64,16,2,1,16,0,2,1,2,1 -pv -RMS_threshold 1e-2
Errors = loc("<stdin>":16:10): error: Fusion with SplitK perfConfig is not legal
Lowering not applicable.

----------------------------------------------------------------------------------------------------
NOT_APPLICABLE: GemmGemmConfiguration(datatype='bf16', g=2, m=113, k=121, n=105, o=14, trans_a=True, trans_b=True, trans_c=True, trans_o=False, arch='gfx1100', chip='gfx1100', num_cu=70, num_chiplets=1, perfconfig='attn:v1:16,64,16,2,1,16,0,2,1,2,1')
Lowering rejected config as not applicable
Command line = -operation gemm_gemm -t f16 --arch gfx1100 --num_cu 70 --num_chiplets 1 -g 1 -m 56 -k 127 -n 23 -gemmO 33 -transA=False -transB=True -transC=False -transO=True --perf_config=attn:v1:32,32,16,2,1,16,0,3,1,8,2 -pv
Errors = loc("<stdin>":15:10): error: Fusion with SplitK perfConfig is not legal
Lowering not applicable.

----------------------------------------------------------------------------------------------------
NOT_APPLICABLE: GemmGemmConfiguration(datatype='f16', g=1, m=56, k=127, n=23, o=33, trans_a=False, trans_b=True, trans_c=False, trans_o=True, arch='gfx1100', chip='gfx1100', num_cu=70, num_chiplets=1, perfconfig='attn:v1:32,32,16,2,1,16,0,3,1,8,2')
Lowering rejected config as not applicable
Command line = -operation gemm_gemm -t bf16 --arch gfx1100 --num_cu 70 --num_chiplets 1 -g 1 -m 107 -k 117 -n 47 -gemmO 29 -transA=False -transB=False -transC=False -transO=False --perf_config=attn:v1:16,16,16,1,1,16,16,4,3,1,1 -pv -RMS_threshold 1e-2
Errors = loc("<stdin>":16:10): error: Fusion with SplitK perfConfig is not legal
Lowering not applicable.

----------------------------------------------------------------------------------------------------
NOT_APPLICABLE: GemmGemmConfiguration(datatype='bf16', g=1, m=107, k=117, n=47, o=29, trans_a=False, trans_b=False, trans_c=False, trans_o=False, arch='gfx1100', chip='gfx1100', num_cu=70, num_chiplets=1, perfconfig='attn:v1:16,16,16,1,1,16,16,4,3,1,1')
----------------------------------------------------------------------------------------------------
PASS: GemmGemmConfiguration(datatype='bf16', g=1, m=65, k=37, n=21, o=79, trans_a=True, trans_b=False, trans_c=True, trans_o=False, arch='gfx1100', chip='gfx1100', num_cu=70, num_chiplets=1, perfconfig='attn:v1:32,32,128,1,1,8,16,1,1,0,2')
----------------------------------------------------------------------------------------------------
PASS: GemmGemmConfiguration(datatype='f32', g=1, m=118, k=110, n=38, o=33, trans_a=False, trans_b=True, trans_c=True, trans_o=False, arch='gfx1100', chip='gfx1100', num_cu=70, num_chiplets=1, perfconfig='attn:v1:128,32,128,2,1,8,16,1,1,1,8')
----------------------------------------------------------------------------------------------------
PASS: GemmGemmConfiguration(datatype='f32', g=2, m=102, k=117, n=2, o=52, trans_a=True, trans_b=True, trans_c=False, trans_o=True, arch='gfx1100', chip='gfx1100', num_cu=70, num_chiplets=1, perfconfig='attn:v1:16,256,16,1,1,16,16,1,3,8,1')
----------------------------------------------------------------------------------------------------
PASS: GemmGemmConfiguration(datatype='f16', g=2, m=110, k=15, n=72, o=98, trans_a=True, trans_b=True, trans_c=True, trans_o=True, arch='gfx1100', chip='gfx1100', num_cu=70, num_chiplets=1, perfconfig='attn:v1:128,128,16,1,1,2,0,1,3,0,1')
Lowering rejected config as not applicable
Command line = -operation gemm_gemm -t bf16 --arch gfx1100 --num_cu 70 --num_chiplets 1 -g 2 -m 43 -k 41 -n 119 -gemmO 39 -transA=False -transB=False -transC=False -transO=False --perf_config=attn:v1:32,32,128,1,1,1,32,3,2,1,0 -pv -RMS_threshold 1e-2
Errors = loc("<stdin>":16:10): error: Fusion with SplitK perfConfig is not legal
Lowering not applicable.

----------------------------------------------------------------------------------------------------
NOT_APPLICABLE: GemmGemmConfiguration(datatype='bf16', g=2, m=43, k=41, n=119, o=39, trans_a=False, trans_b=False, trans_c=False, trans_o=False, arch='gfx1100', chip='gfx1100', num_cu=70, num_chiplets=1, perfconfig='attn:v1:32,32,128,1,1,1,32,3,2,1,0')
Lowering rejected config as not applicable
Command line = -operation gemm_gemm -t bf16 --arch gfx1100 --num_cu 70 --num_chiplets 1 -g 1 -m 56 -k 38 -n 109 -gemmO 45 -transA=False -transB=False -transC=True -transO=True --perf_config=attn:v1:128,32,128,2,1,2,16,2,1,8,0 -pv -RMS_threshold 1e-2
Errors = loc("<stdin>":15:10): error: Fusion with SplitK perfConfig is not legal
Lowering not applicable.

----------------------------------------------------------------------------------------------------
NOT_APPLICABLE: GemmGemmConfiguration(datatype='bf16', g=1, m=56, k=38, n=109, o=45, trans_a=False, trans_b=False, trans_c=True, trans_o=True, arch='gfx1100', chip='gfx1100', num_cu=70, num_chiplets=1, perfconfig='attn:v1:128,32,128,2,1,2,16,2,1,8,0')
Lowering rejected config as not applicable
Command line = -operation gemm_gemm -t f16 --arch gfx1100 --num_cu 70 --num_chiplets 1 -g 2 -m 124 -k 48 -n 24 -gemmO 27 -transA=True -transB=True -transC=True -transO=False --perf_config=attn:v1:32,16,64,1,1,16,0,2,2,2,0 -pv
Errors = loc("<stdin>":16:10): error: Fusion with SplitK perfConfig is not legal
Lowering not applicable.

----------------------------------------------------------------------------------------------------
NOT_APPLICABLE: GemmGemmConfiguration(datatype='f16', g=2, m=124, k=48, n=24, o=27, trans_a=True, trans_b=True, trans_c=True, trans_o=False, arch='gfx1100', chip='gfx1100', num_cu=70, num_chiplets=1, perfconfig='attn:v1:32,16,64,1,1,16,0,2,2,2,0')
Lowering rejected config as not applicable
Command line = -operation gemm_gemm -t f16 --arch gfx1100 --num_cu 70 --num_chiplets 1 -g 1 -m 50 -k 83 -n 53 -gemmO 95 -transA=False -transB=True -transC=False -transO=False --perf_config=attn:v1:64,16,64,1,1,8,16,3,2,1,8 -pv
Errors = loc("<stdin>":15:10): error: Fusion with SplitK perfConfig is not legal
Lowering not applicable.

----------------------------------------------------------------------------------------------------
NOT_APPLICABLE: GemmGemmConfiguration(datatype='f16', g=1, m=50, k=83, n=53, o=95, trans_a=False, trans_b=True, trans_c=False, trans_o=False, arch='gfx1100', chip='gfx1100', num_cu=70, num_chiplets=1, perfconfig='attn:v1:64,16,64,1,1,8,16,3,2,1,8')
Lowering rejected config as not applicable
Command line = -operation gemm_gemm -t bf16 --arch gfx1100 --num_cu 70 --num_chiplets 1 -g 2 -m 49 -k 116 -n 42 -gemmO 34 -transA=True -transB=False -transC=False -transO=True --perf_config=attn:v1:128,16,16,1,1,16,16,4,2,4,0 -pv -RMS_threshold 1e-2
Errors = loc("<stdin>":16:10): error: Fusion with SplitK perfConfig is not legal
Lowering not applicable.

----------------------------------------------------------------------------------------------------
NOT_APPLICABLE: GemmGemmConfiguration(datatype='bf16', g=2, m=49, k=116, n=42, o=34, trans_a=True, trans_b=False, trans_c=False, trans_o=True, arch='gfx1100', chip='gfx1100', num_cu=70, num_chiplets=1, perfconfig='attn:v1:128,16,16,1,1,16,16,4,2,4,0')
----------------------------------------------------------------------------------------------------
PASS: GemmGemmConfiguration(datatype='f32', g=2, m=111, k=90, n=64, o=9, trans_a=False, trans_b=False, trans_c=False, trans_o=False, arch='gfx1100', chip='gfx1100', num_cu=70, num_chiplets=1, perfconfig='attn:v1:32,32,32,2,1,8,16,2,2,8,4')
----------------------------------------------------------------------------------------------------
PASS: GemmGemmConfiguration(datatype='f16', g=2, m=67, k=79, n=41, o=64, trans_a=False, trans_b=True, trans_c=False, trans_o=True, arch='gfx1100', chip='gfx1100', num_cu=70, num_chiplets=1, perfconfig='attn:v1:16,16,32,2,1,2,16,1,3,4,2')
----------------------------------------------------------------------------------------------------
PASS: GemmGemmConfiguration(datatype='f16', g=1, m=118, k=12, n=39, o=43, trans_a=True, trans_b=True, trans_c=True, trans_o=False, arch='gfx1100', chip='gfx1100', num_cu=70, num_chiplets=1, perfconfig='attn:v1:32,16,128,2,1,16,32,1,2,4,2')
Lowering rejected config as not applicable
Command line = -operation gemm_gemm -t f16 --arch gfx1100 --num_cu 70 --num_chiplets 1 -g 2 -m 94 -k 107 -n 37 -gemmO 84 -transA=False -transB=False -transC=False -transO=True --perf_config=attn:v1:64,32,32,2,1,8,32,3,3,4,2 -pv
Errors = loc("<stdin>":16:10): error: Fusion with SplitK perfConfig is not legal
Lowering not applicable.

----------------------------------------------------------------------------------------------------
NOT_APPLICABLE: GemmGemmConfiguration(datatype='f16', g=2, m=94, k=107, n=37, o=84, trans_a=False, trans_b=False, trans_c=False, trans_o=True, arch='gfx1100', chip='gfx1100', num_cu=70, num_chiplets=1, perfconfig='attn:v1:64,32,32,2,1,8,32,3,3,4,2')
Lowering rejected config as not applicable
Command line = -operation gemm_gemm -t f16 --arch gfx1100 --num_cu 70 --num_chiplets 1 -g 1 -m 62 -k 128 -n 80 -gemmO 39 -transA=True -transB=True -transC=False -transO=True --perf_config=attn:v1:16,16,32,2,1,2,16,3,1,4,1 -pv
Errors = loc("<stdin>":16:10): error: Fusion with SplitK perfConfig is not legal
Lowering not applicable.

----------------------------------------------------------------------------------------------------
NOT_APPLICABLE: GemmGemmConfiguration(datatype='f16', g=1, m=62, k=128, n=80, o=39, trans_a=True, trans_b=True, trans_c=False, trans_o=True, arch='gfx1100', chip='gfx1100', num_cu=70, num_chiplets=1, perfconfig='attn:v1:16,16,32,2,1,2,16,3,1,4,1')
Lowering rejected config as not applicable
Command line = -operation gemm_gemm -t f16 --arch gfx1100 --num_cu 70 --num_chiplets 1 -g 1 -m 52 -k 80 -n 67 -gemmO 11 -transA=False -transB=False -transC=True -transO=True --perf_config=attn:v1:256,32,32,1,1,16,32,2,2,1,1 -pv
Errors = loc("<stdin>":15:10): error: Fusion with SplitK perfConfig is not legal
Lowering not applicable.

----------------------------------------------------------------------------------------------------
NOT_APPLICABLE: GemmGemmConfiguration(datatype='f16', g=1, m=52, k=80, n=67, o=11, trans_a=False, trans_b=False, trans_c=True, trans_o=True, arch='gfx1100', chip='gfx1100', num_cu=70, num_chiplets=1, perfconfig='attn:v1:256,32,32,1,1,16,32,2,2,1,1')
----------------------------------------------------------------------------------------------------
PASS: GemmGemmConfiguration(datatype='f16', g=2, m=65, k=88, n=13, o=48, trans_a=True, trans_b=False, trans_c=False, trans_o=False, arch='gfx1100', chip='gfx1100', num_cu=70, num_chiplets=1, perfconfig='attn:v1:64,128,16,1,1,4,32,1,2,2,8')
Lowering rejected config as not applicable
Command line = -operation gemm_gemm -t f32 --arch gfx1100 --num_cu 70 --num_chiplets 1 -g 1 -m 1 -k 112 -n 18 -gemmO 7 -transA=False -transB=False -transC=True -transO=False --perf_config=attn:v1:256,256,128,2,1,4,16,3,1,8,4 -pv -relDiff_threshold 1e-4
Errors = loc("<stdin>":9:1): error: ttg.shared (262144) exceeds LDS limit (65536) for amdgcn-amd-amdhsa:gfx1100
Lowering not applicable.

----------------------------------------------------------------------------------------------------
NOT_APPLICABLE: GemmGemmConfiguration(datatype='f32', g=1, m=1, k=112, n=18, o=7, trans_a=False, trans_b=False, trans_c=True, trans_o=False, arch='gfx1100', chip='gfx1100', num_cu=70, num_chiplets=1, perfconfig='attn:v1:256,256,128,2,1,4,16,3,1,8,4')
----------------------------------------------------------------------------------------------------
PASS: GemmGemmConfiguration(datatype='f16', g=2, m=119, k=46, n=53, o=6, trans_a=False, trans_b=True, trans_c=False, trans_o=True, arch='gfx1100', chip='gfx1100', num_cu=70, num_chiplets=1, perfconfig='attn:v1:256,128,16,2,1,4,16,1,3,1,0')
----------------------------------------------------------------------------------------------------
PASS: GemmGemmConfiguration(datatype='f16', g=1, m=112, k=68, n=103, o=127, trans_a=True, trans_b=False, trans_c=True, trans_o=False, arch='gfx1100', chip='gfx1100', num_cu=70, num_chiplets=1, perfconfig='attn:v1:128,64,128,1,1,1,16,1,1,4,8')
----------------------------------------------------------------------------------------------------
PASS: GemmGemmConfiguration(datatype='f32', g=1, m=89, k=28, n=32, o=124, trans_a=False, trans_b=True, trans_c=False, trans_o=True, arch='gfx1100', chip='gfx1100', num_cu=70, num_chiplets=1, perfconfig='attn:v1:256,32,16,1,1,2,16,2,1,2,2')
Lowering rejected config as not applicable
Command line = -operation gemm_gemm -t f16 --arch gfx1100 --num_cu 70 --num_chiplets 1 -g 2 -m 44 -k 36 -n 63 -gemmO 43 -transA=False -transB=True -transC=True -transO=True --perf_config=attn:v1:64,32,16,2,1,2,16,4,3,1,0 -pv
Errors = loc("<stdin>":16:10): error: Fusion with SplitK perfConfig is not legal
Lowering not applicable.

----------------------------------------------------------------------------------------------------
NOT_APPLICABLE: GemmGemmConfiguration(datatype='f16', g=2, m=44, k=36, n=63, o=43, trans_a=False, trans_b=True, trans_c=True, trans_o=True, arch='gfx1100', chip='gfx1100', num_cu=70, num_chiplets=1, perfconfig='attn:v1:64,32,16,2,1,2,16,4,3,1,0')
Lowering rejected config as not applicable
Command line = -operation gemm_gemm -t bf16 --arch gfx1100 --num_cu 70 --num_chiplets 1 -g 2 -m 120 -k 56 -n 30 -gemmO 74 -transA=True -transB=False -transC=False -transO=True --perf_config=attn:v1:32,32,16,2,1,4,0,4,1,4,0 -pv -RMS_threshold 1e-2
Errors = loc("<stdin>":16:10): error: Fusion with SplitK perfConfig is not legal
Lowering not applicable.

----------------------------------------------------------------------------------------------------
NOT_APPLICABLE: GemmGemmConfiguration(datatype='bf16', g=2, m=120, k=56, n=30, o=74, trans_a=True, trans_b=False, trans_c=False, trans_o=True, arch='gfx1100', chip='gfx1100', num_cu=70, num_chiplets=1, perfconfig='attn:v1:32,32,16,2,1,4,0,4,1,4,0')
Lowering rejected config as not applicable
Command line = -operation gemm_gemm -t f16 --arch gfx1100 --num_cu 70 --num_chiplets 1 -g 2 -m 94 -k 113 -n 25 -gemmO 105 -transA=True -transB=True -transC=False -transO=False --perf_config=attn:v1:128,64,16,2,1,2,16,3,1,1,1 -pv
Errors = loc("<stdin>":16:10): error: Fusion with SplitK perfConfig is not legal
Lowering not applicable.

----------------------------------------------------------------------------------------------------
NOT_APPLICABLE: GemmGemmConfiguration(datatype='f16', g=2, m=94, k=113, n=25, o=105, trans_a=True, trans_b=True, trans_c=False, trans_o=False, arch='gfx1100', chip='gfx1100', num_cu=70, num_chiplets=1, perfconfig='attn:v1:128,64,16,2,1,2,16,3,1,1,1')
Lowering rejected config as not applicable
Command line = -operation gemm_gemm -t f16 --arch gfx1100 --num_cu 70 --num_chiplets 1 -g 1 -m 113 -k 73 -n 97 -gemmO 102 -transA=True -transB=True -transC=False -transO=False --perf_config=attn:v1:256,32,64,2,1,16,32,1,3,8,1 -pv
Errors = loc("<stdin>":11:1): error: ttg.shared (73728) exceeds LDS limit (65536) for amdgcn-amd-amdhsa:gfx1100
Lowering not applicable.

----------------------------------------------------------------------------------------------------
NOT_APPLICABLE: GemmGemmConfiguration(datatype='f16', g=1, m=113, k=73, n=97, o=102, trans_a=True, trans_b=True, trans_c=False, trans_o=False, arch='gfx1100', chip='gfx1100', num_cu=70, num_chiplets=1, perfconfig='attn:v1:256,32,64,2,1,16,32,1,3,8,1')
----------------------------------------------------------------------------------------------------
PASS: GemmGemmConfiguration(datatype='f32', g=2, m=4, k=93, n=40, o=108, trans_a=False, trans_b=True, trans_c=True, trans_o=False, arch='gfx1100', chip='gfx1100', num_cu=70, num_chiplets=1, perfconfig='attn:v1:16,16,32,1,1,16,32,3,2,1,2')
Lowering rejected config as not applicable
Command line = -operation gemm_gemm -t f32 --arch gfx1100 --num_cu 70 --num_chiplets 1 -g 1 -m 117 -k 105 -n 45 -gemmO 123 -transA=False -transB=False -transC=True -transO=True --perf_config=attn:v1:128,32,64,2,1,1,32,1,3,0,8 -pv -relDiff_threshold 1e-4
Errors = loc("<stdin>":9:1): error: ttg.shared (81920) exceeds LDS limit (65536) for amdgcn-amd-amdhsa:gfx1100
Lowering not applicable.

----------------------------------------------------------------------------------------------------
NOT_APPLICABLE: GemmGemmConfiguration(datatype='f32', g=1, m=117, k=105, n=45, o=123, trans_a=False, trans_b=False, trans_c=True, trans_o=True, arch='gfx1100', chip='gfx1100', num_cu=70, num_chiplets=1, perfconfig='attn:v1:128,32,64,2,1,1,32,1,3,0,8')
----------------------------------------------------------------------------------------------------
PASS: GemmGemmConfiguration(datatype='f32', g=2, m=112, k=98, n=75, o=68, trans_a=False, trans_b=True, trans_c=False, trans_o=True, arch='gfx1100', chip='gfx1100', num_cu=70, num_chiplets=1, perfconfig='attn:v1:64,16,32,2,1,1,32,1,3,4,0')
----------------------------------------------------------------------------------------------------
PASS: GemmGemmConfiguration(datatype='f32', g=1, m=6, k=74, n=89, o=94, trans_a=False, trans_b=True, trans_c=False, trans_o=False, arch='gfx1100', chip='gfx1100', num_cu=70, num_chiplets=1, perfconfig='attn:v1:128,128,32,1,1,2,32,2,1,0,4')
Lowering rejected config as not applicable
Command line = -operation gemm_gemm -t f16 --arch gfx1100 --num_cu 70 --num_chiplets 1 -g 2 -m 126 -k 55 -n 64 -gemmO 52 -transA=True -transB=False -transC=False -transO=False --perf_config=attn:v1:128,16,64,2,1,16,32,2,2,2,0 -pv
Errors = loc("<stdin>":16:10): error: Fusion with SplitK perfConfig is not legal
Lowering not applicable.

----------------------------------------------------------------------------------------------------
NOT_APPLICABLE: GemmGemmConfiguration(datatype='f16', g=2, m=126, k=55, n=64, o=52, trans_a=True, trans_b=False, trans_c=False, trans_o=False, arch='gfx1100', chip='gfx1100', num_cu=70, num_chiplets=1, perfconfig='attn:v1:128,16,64,2,1,16,32,2,2,2,0')
Lowering rejected config as not applicable
Command line = -operation gemm_gemm -t bf16 --arch gfx1100 --num_cu 70 --num_chiplets 1 -g 1 -m 36 -k 60 -n 60 -gemmO 12 -transA=False -transB=False -transC=False -transO=True --perf_config=attn:v1:256,128,128,1,1,1,16,3,1,4,1 -pv -RMS_threshold 1e-2
Errors = loc("<stdin>":15:10): error: Fusion with SplitK perfConfig is not legal
Lowering not applicable.

----------------------------------------------------------------------------------------------------
NOT_APPLICABLE: GemmGemmConfiguration(datatype='bf16', g=1, m=36, k=60, n=60, o=12, trans_a=False, trans_b=False, trans_c=False, trans_o=True, arch='gfx1100', chip='gfx1100', num_cu=70, num_chiplets=1, perfconfig='attn:v1:256,128,128,1,1,1,16,3,1,4,1')
Lowering rejected config as not applicable
Command line = -operation gemm_gemm -t f16 --arch gfx1100 --num_cu 70 --num_chiplets 1 -g 2 -m 84 -k 109 -n 69 -gemmO 19 -transA=False -transB=True -transC=False -transO=True --perf_config=attn:v1:128,32,64,1,1,8,32,3,1,0,0 -pv
Errors = loc("<stdin>":16:10): error: Fusion with SplitK perfConfig is not legal
Lowering not applicable.

----------------------------------------------------------------------------------------------------
NOT_APPLICABLE: GemmGemmConfiguration(datatype='f16', g=2, m=84, k=109, n=69, o=19, trans_a=False, trans_b=True, trans_c=False, trans_o=True, arch='gfx1100', chip='gfx1100', num_cu=70, num_chiplets=1, perfconfig='attn:v1:128,32,64,1,1,8,32,3,1,0,0')
Lowering rejected config as not applicable
Command line = -operation gemm_gemm -t bf16 --arch gfx1100 --num_cu 70 --num_chiplets 1 -g 1 -m 41 -k 55 -n 86 -gemmO 114 -transA=True -transB=True -transC=True -transO=False --perf_config=attn:v1:64,32,64,1,1,4,32,2,1,8,2 -pv -RMS_threshold 1e-2
Errors = loc("<stdin>":16:10): error: Fusion with SplitK perfConfig is not legal
Lowering not applicable.

----------------------------------------------------------------------------------------------------
NOT_APPLICABLE: GemmGemmConfiguration(datatype='bf16', g=1, m=41, k=55, n=86, o=114, trans_a=True, trans_b=True, trans_c=True, trans_o=False, arch='gfx1100', chip='gfx1100', num_cu=70, num_chiplets=1, perfconfig='attn:v1:64,32,64,1,1,4,32,2,1,8,2')
Lowering rejected config as not applicable
Command line = -operation gemm_gemm -t bf16 --arch gfx1100 --num_cu 70 --num_chiplets 1 -g 1 -m 36 -k 38 -n 70 -gemmO 14 -transA=False -transB=True -transC=True -transO=True --perf_config=attn:v1:256,256,64,2,1,4,0,2,1,4,2 -pv -RMS_threshold 1e-2
Errors = loc("<stdin>":15:10): error: Fusion with SplitK perfConfig is not legal
Lowering not applicable.

----------------------------------------------------------------------------------------------------
NOT_APPLICABLE: GemmGemmConfiguration(datatype='bf16', g=1, m=36, k=38, n=70, o=14, trans_a=False, trans_b=True, trans_c=True, trans_o=True, arch='gfx1100', chip='gfx1100', num_cu=70, num_chiplets=1, perfconfig='attn:v1:256,256,64,2,1,4,0,2,1,4,2')
Lowering rejected config as not applicable
Command line = -operation gemm_gemm -t f32 --arch gfx1100 --num_cu 70 --num_chiplets 1 -g 1 -m 71 -k 31 -n 88 -gemmO 97 -transA=True -transB=False -transC=True -transO=True --perf_config=attn:v1:128,256,16,2,1,16,0,1,3,0,1 -pv -relDiff_threshold 1e-4
Errors = loc("<stdin>":9:1): error: ttg.shared (131072) exceeds LDS limit (65536) for amdgcn-amd-amdhsa:gfx1100
Lowering not applicable.

----------------------------------------------------------------------------------------------------
NOT_APPLICABLE: GemmGemmConfiguration(datatype='f32', g=1, m=71, k=31, n=88, o=97, trans_a=True, trans_b=False, trans_c=True, trans_o=True, arch='gfx1100', chip='gfx1100', num_cu=70, num_chiplets=1, perfconfig='attn:v1:128,256,16,2,1,16,0,1,3,0,1')
----------------------------------------------------------------------------------------------------
PASS: GemmGemmConfiguration(datatype='f32', g=2, m=88, k=78, n=38, o=81, trans_a=True, trans_b=False, trans_c=False, trans_o=False, arch='gfx1100', chip='gfx1100', num_cu=70, num_chiplets=1, perfconfig='attn:v1:32,64,32,2,1,4,32,4,2,1,1')
----------------------------------------------------------------------------------------------------
PASS: GemmGemmConfiguration(datatype='f32', g=1, m=54, k=97, n=4, o=83, trans_a=True, trans_b=True, trans_c=False, trans_o=True, arch='gfx1100', chip='gfx1100', num_cu=70, num_chiplets=1, perfconfig='attn:v1:64,16,64,2,1,2,16,2,2,8,0')
Lowering rejected config as not applicable
Command line = -operation gemm_gemm -t bf16 --arch gfx1100 --num_cu 70 --num_chiplets 1 -g 1 -m 63 -k 68 -n 65 -gemmO 30 -transA=False -transB=True -transC=False -transO=False --perf_config=attn:v1:256,16,128,1,1,8,32,2,2,1,4 -pv -RMS_threshold 1e-2
Errors = loc("<stdin>":15:10): error: Fusion with SplitK perfConfig is not legal
Lowering not applicable.

----------------------------------------------------------------------------------------------------
NOT_APPLICABLE: GemmGemmConfiguration(datatype='bf16', g=1, m=63, k=68, n=65, o=30, trans_a=False, trans_b=True, trans_c=False, trans_o=False, arch='gfx1100', chip='gfx1100', num_cu=70, num_chiplets=1, perfconfig='attn:v1:256,16,128,1,1,8,32,2,2,1,4')
Lowering rejected config as not applicable
Command line = -operation gemm_gemm -t f16 --arch gfx1100 --num_cu 70 --num_chiplets 1 -g 1 -m 7 -k 7 -n 41 -gemmO 34 -transA=False -transB=False -transC=True -transO=False --perf_config=attn:v1:256,64,64,1,1,4,16,2,1,4,0 -pv
Errors = loc("<stdin>":15:10): error: Fusion with SplitK perfConfig is not legal
Lowering not applicable.

----------------------------------------------------------------------------------------------------
NOT_APPLICABLE: GemmGemmConfiguration(datatype='f16', g=1, m=7, k=7, n=41, o=34, trans_a=False, trans_b=False, trans_c=True, trans_o=False, arch='gfx1100', chip='gfx1100', num_cu=70, num_chiplets=1, perfconfig='attn:v1:256,64,64,1,1,4,16,2,1,4,0')
Lowering rejected config as not applicable
Command line = -operation gemm_gemm -t f32 --arch gfx1100 --num_cu 70 --num_chiplets 1 -g 1 -m 51 -k 30 -n 49 -gemmO 127 -transA=False -transB=False -transC=False -transO=True --perf_config=attn:v1:256,16,16,1,1,8,16,4,2,4,0 -pv -relDiff_threshold 1e-4
Errors = loc("<stdin>":10:1): error: ttg.shared (131072) exceeds LDS limit (65536) for amdgcn-amd-amdhsa:gfx1100
Lowering not applicable.

----------------------------------------------------------------------------------------------------
NOT_APPLICABLE: GemmGemmConfiguration(datatype='f32', g=1, m=51, k=30, n=49, o=127, trans_a=False, trans_b=False, trans_c=False, trans_o=True, arch='gfx1100', chip='gfx1100', num_cu=70, num_chiplets=1, perfconfig='attn:v1:256,16,16,1,1,8,16,4,2,4,0')
----------------------------------------------------------------------------------------------------
PASS: GemmGemmConfiguration(datatype='bf16', g=1, m=44, k=100, n=93, o=124, trans_a=True, trans_b=True, trans_c=False, trans_o=True, arch='gfx1100', chip='gfx1100', num_cu=70, num_chiplets=1, perfconfig='attn:v1:16,128,64,1,1,8,0,1,1,1,1')
Lowering rejected config as not applicable
Command line = -operation gemm_gemm -t f32 --arch gfx1100 --num_cu 70 --num_chiplets 1 -g 2 -m 127 -k 31 -n 57 -gemmO 113 -transA=True -transB=True -transC=False -transO=True --perf_config=attn:v1:128,256,16,2,1,4,0,2,2,2,2 -pv -relDiff_threshold 1e-4
Errors = loc("<stdin>":10:1): error: ttg.shared (131072) exceeds LDS limit (65536) for amdgcn-amd-amdhsa:gfx1100
Lowering not applicable.

----------------------------------------------------------------------------------------------------
NOT_APPLICABLE: GemmGemmConfiguration(datatype='f32', g=2, m=127, k=31, n=57, o=113, trans_a=True, trans_b=True, trans_c=False, trans_o=True, arch='gfx1100', chip='gfx1100', num_cu=70, num_chiplets=1, perfconfig='attn:v1:128,256,16,2,1,4,0,2,2,2,2')
----------------------------------------------------------------------------------------------------
PASS: GemmGemmConfiguration(datatype='f16', g=1, m=124, k=14, n=24, o=9, trans_a=False, trans_b=False, trans_c=True, trans_o=True, arch='gfx1100', chip='gfx1100', num_cu=70, num_chiplets=1, perfconfig='attn:v1:32,256,64,1,1,8,16,1,3,8,4')
----------------------------------------------------------------------------------------------------
PASS: GemmGemmConfiguration(datatype='f32', g=1, m=50, k=68, n=84, o=16, trans_a=False, trans_b=False, trans_c=True, trans_o=True, arch='gfx1100', chip='gfx1100', num_cu=70, num_chiplets=1, perfconfig='attn:v1:128,32,64,1,1,4,32,1,2,1,1')
----------------------------------------------------------------------------------------------------
PASS: GemmGemmConfiguration(datatype='f32', g=1, m=86, k=58, n=76, o=36, trans_a=False, trans_b=True, trans_c=True, trans_o=True, arch='gfx1100', chip='gfx1100', num_cu=70, num_chiplets=1, perfconfig='attn:v1:16,128,16,2,1,1,32,4,1,0,4')
Lowering rejected config as not applicable
Command line = -operation gemm_gemm -t f16 --arch gfx1100 --num_cu 70 --num_chiplets 1 -g 2 -m 80 -k 97 -n 80 -gemmO 29 -transA=True -transB=False -transC=True -transO=True --perf_config=attn:v1:16,256,16,1,1,8,0,4,1,1,1 -pv
Errors = loc("<stdin>":15:10): error: Fusion with SplitK perfConfig is not legal
Lowering not applicable.

----------------------------------------------------------------------------------------------------
NOT_APPLICABLE: GemmGemmConfiguration(datatype='f16', g=2, m=80, k=97, n=80, o=29, trans_a=True, trans_b=False, trans_c=True, trans_o=True, arch='gfx1100', chip='gfx1100', num_cu=70, num_chiplets=1, perfconfig='attn:v1:16,256,16,1,1,8,0,4,1,1,1')
Lowering rejected config as not applicable
Command line = -operation gemm_gemm -t f16 --arch gfx1100 --num_cu 70 --num_chiplets 1 -g 2 -m 104 -k 109 -n 85 -gemmO 42 -transA=True -transB=False -transC=True -transO=False --perf_config=attn:v1:16,128,16,2,1,1,32,3,2,8,0 -pv
Errors = loc("<stdin>":16:10): error: Fusion with SplitK perfConfig is not legal
Lowering not applicable.

----------------------------------------------------------------------------------------------------
NOT_APPLICABLE: GemmGemmConfiguration(datatype='f16', g=2, m=104, k=109, n=85, o=42, trans_a=True, trans_b=False, trans_c=True, trans_o=False, arch='gfx1100', chip='gfx1100', num_cu=70, num_chiplets=1, perfconfig='attn:v1:16,128,16,2,1,1,32,3,2,8,0')
Lowering rejected config as not applicable
Command line = -operation gemm_gemm -t bf16 --arch gfx1100 --num_cu 70 --num_chiplets 1 -g 2 -m 87 -k 38 -n 77 -gemmO 65 -transA=True -transB=True -transC=False -transO=True --perf_config=attn:v1:16,128,128,2,1,4,32,3,3,8,0 -pv -RMS_threshold 1e-2
Errors = loc("<stdin>":16:10): error: Fusion with SplitK perfConfig is not legal
Lowering not applicable.

----------------------------------------------------------------------------------------------------
NOT_APPLICABLE: GemmGemmConfiguration(datatype='bf16', g=2, m=87, k=38, n=77, o=65, trans_a=True, trans_b=True, trans_c=False, trans_o=True, arch='gfx1100', chip='gfx1100', num_cu=70, num_chiplets=1, perfconfig='attn:v1:16,128,128,2,1,4,32,3,3,8,0')
----------------------------------------------------------------------------------------------------
PASS: GemmGemmConfiguration(datatype='f32', g=2, m=71, k=22, n=4, o=63, trans_a=False, trans_b=True, trans_c=True, trans_o=False, arch='gfx1100', chip='gfx1100', num_cu=70, num_chiplets=1, perfconfig='attn:v1:16,64,16,2,1,16,0,4,2,0,2')
----------------------------------------------------------------------------------------------------
PASS: GemmGemmConfiguration(datatype='f32', g=1, m=41, k=5, n=60, o=105, trans_a=False, trans_b=False, trans_c=False, trans_o=True, arch='gfx1100', chip='gfx1100', num_cu=70, num_chiplets=1, perfconfig='attn:v1:128,16,64,2,1,16,16,3,3,0,4')
----------------------------------------------------------------------------------------------------
PASS: GemmGemmConfiguration(datatype='f16', g=1, m=16, k=114, n=68, o=46, trans_a=True, trans_b=True, trans_c=False, trans_o=True, arch='gfx1100', chip='gfx1100', num_cu=70, num_chiplets=1, perfconfig='attn:v1:256,16,64,1,1,2,0,1,2,1,1')
----------------------------------------------------------------------------------------------------
PASS: GemmGemmConfiguration(datatype='f32', g=2, m=107, k=13, n=29, o=30, trans_a=False, trans_b=False, trans_c=False, trans_o=False, arch='gfx1100', chip='gfx1100', num_cu=70, num_chiplets=1, perfconfig='attn:v1:32,64,128,2,1,8,0,2,3,0,2')
----------------------------------------------------------------------------------------------------
PASS: GemmGemmConfiguration(datatype='f32', g=1, m=86, k=79, n=71, o=90, trans_a=True, trans_b=True, trans_c=True, trans_o=False, arch='gfx1100', chip='gfx1100', num_cu=70, num_chiplets=1, perfconfig='attn:v1:128,16,128,2,1,2,0,2,3,8,0')
Lowering rejected config as not applicable
Command line = -operation gemm_gemm -t f16 --arch gfx1100 --num_cu 70 --num_chiplets 1 -g 2 -m 12 -k 18 -n 54 -gemmO 13 -transA=True -transB=True -transC=False -transO=False --perf_config=attn:v1:128,16,16,1,1,16,0,3,1,4,4 -pv
Errors = loc("<stdin>":16:10): error: Fusion with SplitK perfConfig is not legal
Lowering not applicable.

----------------------------------------------------------------------------------------------------
NOT_APPLICABLE: GemmGemmConfiguration(datatype='f16', g=2, m=12, k=18, n=54, o=13, trans_a=True, trans_b=True, trans_c=False, trans_o=False, arch='gfx1100', chip='gfx1100', num_cu=70, num_chiplets=1, perfconfig='attn:v1:128,16,16,1,1,16,0,3,1,4,4')
Lowering rejected config as not applicable
Command line = -operation gemm_gemm -t f16 --arch gfx1100 --num_cu 70 --num_chiplets 1 -g 1 -m 9 -k 61 -n 43 -gemmO 4 -transA=False -transB=True -transC=False -transO=False --perf_config=attn:v1:16,16,16,1,1,2,32,4,1,0,4 -pv
Errors = loc("<stdin>":15:10): error: Fusion with SplitK perfConfig is not legal
Lowering not applicable.

----------------------------------------------------------------------------------------------------
NOT_APPLICABLE: GemmGemmConfiguration(datatype='f16', g=1, m=9, k=61, n=43, o=4, trans_a=False, trans_b=True, trans_c=False, trans_o=False, arch='gfx1100', chip='gfx1100', num_cu=70, num_chiplets=1, perfconfig='attn:v1:16,16,16,1,1,2,32,4,1,0,4')
Lowering rejected config as not applicable
Command line = -operation gemm_gemm -t f16 --arch gfx1100 --num_cu 70 --num_chiplets 1 -g 2 -m 1 -k 91 -n 74 -gemmO 122 -transA=True -transB=False -transC=True -transO=True --perf_config=attn:v1:16,256,32,1,1,16,16,3,2,2,8 -pv
Errors = loc("<stdin>":16:10): error: Fusion with SplitK perfConfig is not legal
Lowering not applicable.

----------------------------------------------------------------------------------------------------
NOT_APPLICABLE: GemmGemmConfiguration(datatype='f16', g=2, m=1, k=91, n=74, o=122, trans_a=True, trans_b=False, trans_c=True, trans_o=True, arch='gfx1100', chip='gfx1100', num_cu=70, num_chiplets=1, perfconfig='attn:v1:16,256,32,1,1,16,16,3,2,2,8')
Lowering rejected config as not applicable
Command line = -operation gemm_gemm -t f16 --arch gfx1100 --num_cu 70 --num_chiplets 1 -g 2 -m 23 -k 29 -n 18 -gemmO 73 -transA=True -transB=True -transC=True -transO=True --perf_config=attn:v1:64,32,16,2,1,16,32,4,2,8,1 -pv
Errors = loc("<stdin>":16:10): error: Fusion with SplitK perfConfig is not legal
Lowering not applicable.

----------------------------------------------------------------------------------------------------
NOT_APPLICABLE: GemmGemmConfiguration(datatype='f16', g=2, m=23, k=29, n=18, o=73, trans_a=True, trans_b=True, trans_c=True, trans_o=True, arch='gfx1100', chip='gfx1100', num_cu=70, num_chiplets=1, perfconfig='attn:v1:64,32,16,2,1,16,32,4,2,8,1')
Lowering rejected config as not applicable
Command line = -operation gemm_gemm -t f16 --arch gfx1100 --num_cu 70 --num_chiplets 1 -g 1 -m 40 -k 36 -n 71 -gemmO 124 -transA=True -transB=True -transC=True -transO=True --perf_config=attn:v1:64,16,16,2,1,16,32,4,3,8,8 -pv
Errors = loc("<stdin>":16:10): error: Fusion with SplitK perfConfig is not legal
Lowering not applicable.

----------------------------------------------------------------------------------------------------
NOT_APPLICABLE: GemmGemmConfiguration(datatype='f16', g=1, m=40, k=36, n=71, o=124, trans_a=True, trans_b=True, trans_c=True, trans_o=True, arch='gfx1100', chip='gfx1100', num_cu=70, num_chiplets=1, perfconfig='attn:v1:64,16,16,2,1,16,32,4,3,8,8')
Lowering rejected config as not applicable
Command line = -operation gemm_gemm -t f32 --arch gfx1100 --num_cu 70 --num_chiplets 1 -g 1 -m 67 -k 16 -n 122 -gemmO 31 -transA=False -transB=True -transC=False -transO=False --perf_config=attn:v1:256,256,64,2,1,16,16,1,1,0,1 -pv -relDiff_threshold 1e-4
Errors = loc("<stdin>":9:1): error: ttg.shared (262144) exceeds LDS limit (65536) for amdgcn-amd-amdhsa:gfx1100
Lowering not applicable.

----------------------------------------------------------------------------------------------------
NOT_APPLICABLE: GemmGemmConfiguration(datatype='f32', g=1, m=67, k=16, n=122, o=31, trans_a=False, trans_b=True, trans_c=False, trans_o=False, arch='gfx1100', chip='gfx1100', num_cu=70, num_chiplets=1, perfconfig='attn:v1:256,256,64,2,1,16,16,1,1,0,1')
----------------------------------------------------------------------------------------------------
PASS: GemmGemmConfiguration(datatype='bf16', g=1, m=89, k=14, n=118, o=63, trans_a=True, trans_b=True, trans_c=True, trans_o=False, arch='gfx1100', chip='gfx1100', num_cu=70, num_chiplets=1, perfconfig='attn:v1:32,32,64,2,1,4,16,1,3,0,4')
----------------------------------------------------------------------------------------------------
PASS: GemmGemmConfiguration(datatype='f32', g=1, m=7, k=91, n=75, o=110, trans_a=False, trans_b=True, trans_c=False, trans_o=True, arch='gfx1100', chip='gfx1100', num_cu=70, num_chiplets=1, perfconfig='attn:v1:32,128,64,2,1,8,16,2,2,1,4')
Lowering rejected config as not applicable
Command line = -operation gemm_gemm -t f16 --arch gfx1100 --num_cu 70 --num_chiplets 1 -g 1 -m 28 -k 48 -n 54 -gemmO 37 -transA=False -transB=False -transC=False -transO=False --perf_config=attn:v1:256,16,16,1,1,1,16,3,2,8,0 -pv
Errors = loc("<stdin>":16:10): error: Fusion with SplitK perfConfig is not legal
Lowering not applicable.

----------------------------------------------------------------------------------------------------
NOT_APPLICABLE: GemmGemmConfiguration(datatype='f16', g=1, m=28, k=48, n=54, o=37, trans_a=False, trans_b=False, trans_c=False, trans_o=False, arch='gfx1100', chip='gfx1100', num_cu=70, num_chiplets=1, perfconfig='attn:v1:256,16,16,1,1,1,16,3,2,8,0')
Lowering rejected config as not applicable
Command line = -operation gemm_gemm -t bf16 --arch gfx1100 --num_cu 70 --num_chiplets 1 -g 1 -m 21 -k 7 -n 78 -gemmO 67 -transA=False -transB=True -transC=False -transO=False --perf_config=attn:v1:16,128,64,1,1,16,16,3,3,1,2 -pv -RMS_threshold 1e-2
Errors = loc("<stdin>":15:10): error: Fusion with SplitK perfConfig is not legal
Lowering not applicable.

----------------------------------------------------------------------------------------------------
NOT_APPLICABLE: GemmGemmConfiguration(datatype='bf16', g=1, m=21, k=7, n=78, o=67, trans_a=False, trans_b=True, trans_c=False, trans_o=False, arch='gfx1100', chip='gfx1100', num_cu=70, num_chiplets=1, perfconfig='attn:v1:16,128,64,1,1,16,16,3,3,1,2')
Lowering rejected config as not applicable
Command line = -operation gemm_gemm -t bf16 --arch gfx1100 --num_cu 70 --num_chiplets 1 -g 1 -m 84 -k 60 -n 26 -gemmO 77 -transA=True -transB=False -transC=True -transO=True --perf_config=attn:v1:32,64,128,2,1,2,0,4,3,1,1 -pv -RMS_threshold 1e-2
Errors = loc("<stdin>":15:10): error: Fusion with SplitK perfConfig is not legal
Lowering not applicable.

----------------------------------------------------------------------------------------------------
NOT_APPLICABLE: GemmGemmConfiguration(datatype='bf16', g=1, m=84, k=60, n=26, o=77, trans_a=True, trans_b=False, trans_c=True, trans_o=True, arch='gfx1100', chip='gfx1100', num_cu=70, num_chiplets=1, perfconfig='attn:v1:32,64,128,2,1,2,0,4,3,1,1')
Lowering rejected config as not applicable
Command line = -operation gemm_gemm -t f16 --arch gfx1100 --num_cu 70 --num_chiplets 1 -g 1 -m 30 -k 112 -n 59 -gemmO 18 -transA=False -transB=False -transC=False -transO=True --perf_config=attn:v1:64,16,32,2,1,16,16,4,1,0,2 -pv
Errors = loc("<stdin>":16:10): error: Fusion with SplitK perfConfig is not legal
Lowering not applicable.

----------------------------------------------------------------------------------------------------
NOT_APPLICABLE: GemmGemmConfiguration(datatype='f16', g=1, m=30, k=112, n=59, o=18, trans_a=False, trans_b=False, trans_c=False, trans_o=True, arch='gfx1100', chip='gfx1100', num_cu=70, num_chiplets=1, perfconfig='attn:v1:64,16,32,2,1,16,16,4,1,0,2')
----------------------------------------------------------------------------------------------------
PASS: GemmGemmConfiguration(datatype='bf16', g=1, m=2, k=113, n=77, o=65, trans_a=False, trans_b=False, trans_c=False, trans_o=False, arch='gfx1100', chip='gfx1100', num_cu=70, num_chiplets=1, perfconfig='attn:v1:128,32,64,1,1,8,16,1,2,8,2')
----------------------------------------------------------------------------------------------------
PASS: GemmGemmConfiguration(datatype='f16', g=2, m=83, k=36, n=80, o=57, trans_a=True, trans_b=True, trans_c=True, trans_o=True, arch='gfx1100', chip='gfx1100', num_cu=70, num_chiplets=1, perfconfig='attn:v1:16,128,128,1,1,1,0,1,1,4,8')
----------------------------------------------------------------------------------------------------
PASS: GemmGemmConfiguration(datatype='bf16', g=1, m=42, k=111, n=116, o=101, trans_a=True, trans_b=True, trans_c=False, trans_o=True, arch='gfx1100', chip='gfx1100', num_cu=70, num_chiplets=1, perfconfig='attn:v1:256,256,128,1,1,8,16,1,1,1,4')
----------------------------------------------------------------------------------------------------
PASS: GemmGemmConfiguration(datatype='f32', g=1, m=106, k=34, n=112, o=74, trans_a=True, trans_b=False, trans_c=False, trans_o=True, arch='gfx1100', chip='gfx1100', num_cu=70, num_chiplets=1, perfconfig='attn:v1:128,32,16,2,1,1,0,3,1,8,8')
Lowering rejected config as not applicable
Command line = -operation gemm_gemm -t f16 --arch gfx1100 --num_cu 70 --num_chiplets 1 -g 2 -m 62 -k 34 -n 58 -gemmO 27 -transA=True -transB=True -transC=True -transO=False --perf_config=attn:v1:128,32,16,2,1,8,32,3,3,2,2 -pv
Errors = loc("<stdin>":16:10): error: Fusion with SplitK perfConfig is not legal
Lowering not applicable.

----------------------------------------------------------------------------------------------------
NOT_APPLICABLE: GemmGemmConfiguration(datatype='f16', g=2, m=62, k=34, n=58, o=27, trans_a=True, trans_b=True, trans_c=True, trans_o=False, arch='gfx1100', chip='gfx1100', num_cu=70, num_chiplets=1, perfconfig='attn:v1:128,32,16,2,1,8,32,3,3,2,2')
Lowering rejected config as not applicable
Command line = -operation gemm_gemm -t f16 --arch gfx1100 --num_cu 70 --num_chiplets 1 -g 2 -m 69 -k 95 -n 124 -gemmO 55 -transA=False -transB=False -transC=False -transO=False --perf_config=attn:v1:32,256,64,2,1,16,0,3,3,4,0 -pv
Errors = loc("<stdin>":16:10): error: Fusion with SplitK perfConfig is not legal
Lowering not applicable.

----------------------------------------------------------------------------------------------------
NOT_APPLICABLE: GemmGemmConfiguration(datatype='f16', g=2, m=69, k=95, n=124, o=55, trans_a=False, trans_b=False, trans_c=False, trans_o=False, arch='gfx1100', chip='gfx1100', num_cu=70, num_chiplets=1, perfconfig='attn:v1:32,256,64,2,1,16,0,3,3,4,0')
Lowering rejected config as not applicable
Command line = -operation gemm_gemm -t bf16 --arch gfx1100 --num_cu 70 --num_chiplets 1 -g 2 -m 123 -k 30 -n 69 -gemmO 51 -transA=True -transB=False -transC=False -transO=False --perf_config=attn:v1:64,128,128,1,1,2,0,3,1,0,4 -pv -RMS_threshold 1e-2
Errors = loc("<stdin>":16:10): error: Fusion with SplitK perfConfig is not legal
Lowering not applicable.

----------------------------------------------------------------------------------------------------
NOT_APPLICABLE: GemmGemmConfiguration(datatype='bf16', g=2, m=123, k=30, n=69, o=51, trans_a=True, trans_b=False, trans_c=False, trans_o=False, arch='gfx1100', chip='gfx1100', num_cu=70, num_chiplets=1, perfconfig='attn:v1:64,128,128,1,1,2,0,3,1,0,4')
Lowering rejected config as not applicable
Command line = -operation gemm_gemm -t f32 --arch gfx1100 --num_cu 70 --num_chiplets 1 -g 1 -m 97 -k 114 -n 28 -gemmO 6 -transA=False -transB=True -transC=False -transO=False --perf_config=attn:v1:128,256,32,1,1,8,0,3,1,2,0 -pv -relDiff_threshold 1e-4
Errors = loc("<stdin>":9:1): error: ttg.shared (131072) exceeds LDS limit (65536) for amdgcn-amd-amdhsa:gfx1100
Lowering not applicable.

----------------------------------------------------------------------------------------------------
NOT_APPLICABLE: GemmGemmConfiguration(datatype='f32', g=1, m=97, k=114, n=28, o=6, trans_a=False, trans_b=True, trans_c=False, trans_o=False, arch='gfx1100', chip='gfx1100', num_cu=70, num_chiplets=1, perfconfig='attn:v1:128,256,32,1,1,8,0,3,1,2,0')
----------------------------------------------------------------------------------------------------
PASS: GemmGemmConfiguration(datatype='bf16', g=1, m=45, k=100, n=35, o=116, trans_a=False, trans_b=False, trans_c=True, trans_o=False, arch='gfx1100', chip='gfx1100', num_cu=70, num_chiplets=1, perfconfig='attn:v1:32,32,32,1,1,4,32,1,2,4,2')
----------------------------------------------------------------------------------------------------
PASS: GemmGemmConfiguration(datatype='bf16', g=1, m=98, k=66, n=46, o=47, trans_a=True, trans_b=True, trans_c=True, trans_o=False, arch='gfx1100', chip='gfx1100', num_cu=70, num_chiplets=1, perfconfig='attn:v1:16,64,64,1,1,2,0,1,1,2,8')
----------------------------------------------------------------------------------------------------
PASS: GemmGemmConfiguration(datatype='f32', g=2, m=40, k=25, n=38, o=36, trans_a=False, trans_b=True, trans_c=True, trans_o=False, arch='gfx1100', chip='gfx1100', num_cu=70, num_chiplets=1, perfconfig='attn:v1:32,32,128,2,1,8,0,1,2,1,2')
----------------------------------------------------------------------------------------------------
PASS: GemmGemmConfiguration(datatype='f32', g=2, m=108, k=102, n=85, o=30, trans_a=True, trans_b=False, trans_c=False, trans_o=False, arch='gfx1100', chip='gfx1100', num_cu=70, num_chiplets=1, perfconfig='attn:v1:32,64,16,2,1,1,16,2,1,0,8')
Lowering rejected config as not applicable
Command line = -operation gemm_gemm -t bf16 --arch gfx1100 --num_cu 70 --num_chiplets 1 -g 1 -m 125 -k 27 -n 9 -gemmO 50 -transA=True -transB=True -transC=False -transO=True --perf_config=attn:v1:32,64,32,2,1,2,0,3,3,4,8 -pv -RMS_threshold 1e-2
Errors = loc("<stdin>":16:10): error: Fusion with SplitK perfConfig is not legal
Lowering not applicable.

----------------------------------------------------------------------------------------------------
NOT_APPLICABLE: GemmGemmConfiguration(datatype='bf16', g=1, m=125, k=27, n=9, o=50, trans_a=True, trans_b=True, trans_c=False, trans_o=True, arch='gfx1100', chip='gfx1100', num_cu=70, num_chiplets=1, perfconfig='attn:v1:32,64,32,2,1,2,0,3,3,4,8')
----------------------------------------------------------------------------------------------------
PASS: GemmGemmConfiguration(datatype='bf16', g=2, m=73, k=42, n=102, o=24, trans_a=False, trans_b=True, trans_c=False, trans_o=True, arch='gfx1100', chip='gfx1100', num_cu=70, num_chiplets=1, perfconfig='attn:v1:32,16,64,2,1,4,16,1,3,8,1')
----------------------------------------------------------------------------------------------------
PASS: GemmGemmConfiguration(datatype='bf16', g=1, m=74, k=93, n=98, o=67, trans_a=True, trans_b=True, trans_c=False, trans_o=False, arch='gfx1100', chip='gfx1100', num_cu=70, num_chiplets=1, perfconfig='attn:v1:64,64,16,1,1,16,16,1,2,0,1')
----------------------------------------------------------------------------------------------------
PASS: GemmGemmConfiguration(datatype='bf16', g=1, m=86, k=53, n=87, o=29, trans_a=True, trans_b=False, trans_c=False, trans_o=False, arch='gfx1100', chip='gfx1100', num_cu=70, num_chiplets=1, perfconfig='attn:v1:16,32,32,2,1,1,32,1,3,1,2')
----------------------------------------------------------------------------------------------------
PASS: GemmGemmConfiguration(datatype='f32', g=1, m=105, k=87, n=71, o=17, trans_a=True, trans_b=False, trans_c=True, trans_o=False, arch='gfx1100', chip='gfx1100', num_cu=70, num_chiplets=1, perfconfig='attn:v1:64,64,16,1,1,4,32,4,1,2,4')
----------------------------------------------------------------------------------------------------
PASS: GemmGemmConfiguration(datatype='bf16', g=1, m=34, k=81, n=52, o=22, trans_a=False, trans_b=False, trans_c=True, trans_o=True, arch='gfx1100', chip='gfx1100', num_cu=70, num_chiplets=1, perfconfig='attn:v1:128,16,128,1,1,2,16,1,2,2,0')
----------------------------------------------------------------------------------------------------
PASS: GemmGemmConfiguration(datatype='f32', g=2, m=84, k=23, n=123, o=79, trans_a=False, trans_b=False, trans_c=True, trans_o=True, arch='gfx1100', chip='gfx1100', num_cu=70, num_chiplets=1, perfconfig='attn:v1:128,16,128,2,1,8,0,4,1,0,1')
----------------------------------------------------------------------------------------------------
PASS: GemmGemmConfiguration(datatype='f16', g=1, m=85, k=123, n=52, o=87, trans_a=False, trans_b=True, trans_c=False, trans_o=False, arch='gfx1100', chip='gfx1100', num_cu=70, num_chiplets=1, perfconfig='attn:v1:32,128,32,1,1,1,0,1,1,2,2')
Lowering rejected config as not applicable
Command line = -operation gemm_gemm -t f16 --arch gfx1100 --num_cu 70 --num_chiplets 1 -g 2 -m 81 -k 50 -n 102 -gemmO 6 -transA=True -transB=False -transC=True -transO=True --perf_config=attn:v1:256,256,64,2,1,16,32,4,3,8,4 -pv
Errors = loc("<stdin>":16:10): error: Fusion with SplitK perfConfig is not legal
Lowering not applicable.

----------------------------------------------------------------------------------------------------
NOT_APPLICABLE: GemmGemmConfiguration(datatype='f16', g=2, m=81, k=50, n=102, o=6, trans_a=True, trans_b=False, trans_c=True, trans_o=True, arch='gfx1100', chip='gfx1100', num_cu=70, num_chiplets=1, perfconfig='attn:v1:256,256,64,2,1,16,32,4,3,8,4')
Lowering rejected config as not applicable
Command line = -operation gemm_gemm -t f16 --arch gfx1100 --num_cu 70 --num_chiplets 1 -g 1 -m 115 -k 118 -n 50 -gemmO 66 -transA=False -transB=True -transC=False -transO=True --perf_config=attn:v1:16,256,128,1,1,1,32,3,1,0,2 -pv
Errors = loc("<stdin>":15:10): error: Fusion with SplitK perfConfig is not legal
Lowering not applicable.

----------------------------------------------------------------------------------------------------
NOT_APPLICABLE: GemmGemmConfiguration(datatype='f16', g=1, m=115, k=118, n=50, o=66, trans_a=False, trans_b=True, trans_c=False, trans_o=True, arch='gfx1100', chip='gfx1100', num_cu=70, num_chiplets=1, perfconfig='attn:v1:16,256,128,1,1,1,32,3,1,0,2')
Lowering rejected config as not applicable
Command line = -operation gemm_gemm -t bf16 --arch gfx1100 --num_cu 70 --num_chiplets 1 -g 2 -m 125 -k 95 -n 83 -gemmO 56 -transA=True -transB=True -transC=True -transO=True --perf_config=attn:v1:128,64,128,2,1,8,0,2,3,2,1 -pv -RMS_threshold 1e-2
Errors = loc("<stdin>":16:10): error: Fusion with SplitK perfConfig is not legal
Lowering not applicable.

----------------------------------------------------------------------------------------------------
NOT_APPLICABLE: GemmGemmConfiguration(datatype='bf16', g=2, m=125, k=95, n=83, o=56, trans_a=True, trans_b=True, trans_c=True, trans_o=True, arch='gfx1100', chip='gfx1100', num_cu=70, num_chiplets=1, perfconfig='attn:v1:128,64,128,2,1,8,0,2,3,2,1')
Lowering rejected config as not applicable
Command line = -operation gemm_gemm -t f16 --arch gfx1100 --num_cu 70 --num_chiplets 1 -g 2 -m 81 -k 121 -n 45 -gemmO 26 -transA=True -transB=False -transC=True -transO=False --perf_config=attn:v1:256,16,128,2,1,2,0,4,3,1,1 -pv
Errors = loc("<stdin>":16:10): error: Fusion with SplitK perfConfig is not legal
Lowering not applicable.

----------------------------------------------------------------------------------------------------
NOT_APPLICABLE: GemmGemmConfiguration(datatype='f16', g=2, m=81, k=121, n=45, o=26, trans_a=True, trans_b=False, trans_c=True, trans_o=False, arch='gfx1100', chip='gfx1100', num_cu=70, num_chiplets=1, perfconfig='attn:v1:256,16,128,2,1,2,0,4,3,1,1')
Lowering rejected config as not applicable
Command line = -operation gemm_gemm -t f32 --arch gfx1100 --num_cu 70 --num_chiplets 1 -g 1 -m 120 -k 81 -n 122 -gemmO 88 -transA=False -transB=False -transC=False -transO=False --perf_config=attn:v1:32,256,128,1,1,4,32,1,2,0,8 -pv -relDiff_threshold 1e-4
Errors = loc("<stdin>":10:1): error: ttg.shared (131072) exceeds LDS limit (65536) for amdgcn-amd-amdhsa:gfx1100
Lowering not applicable.

----------------------------------------------------------------------------------------------------
NOT_APPLICABLE: GemmGemmConfiguration(datatype='f32', g=1, m=120, k=81, n=122, o=88, trans_a=False, trans_b=False, trans_c=False, trans_o=False, arch='gfx1100', chip='gfx1100', num_cu=70, num_chiplets=1, perfconfig='attn:v1:32,256,128,1,1,4,32,1,2,0,8')
----------------------------------------------------------------------------------------------------
PASS: GemmGemmConfiguration(datatype='bf16', g=2, m=50, k=13, n=51, o=119, trans_a=True, trans_b=False, trans_c=False, trans_o=False, arch='gfx1100', chip='gfx1100', num_cu=70, num_chiplets=1, perfconfig='attn:v1:16,16,16,1,1,16,32,1,3,8,4')
----------------------------------------------------------------------------------------------------
PASS: GemmGemmConfiguration(datatype='f16', g=1, m=124, k=1, n=49, o=34, trans_a=True, trans_b=True, trans_c=False, trans_o=True, arch='gfx1100', chip='gfx1100', num_cu=70, num_chiplets=1, perfconfig='attn:v1:128,256,64,1,1,16,0,1,2,2,8')
----------------------------------------------------------------------------------------------------
PASS: GemmGemmConfiguration(datatype='f16', g=1, m=113, k=22, n=96, o=20, trans_a=True, trans_b=False, trans_c=False, trans_o=True, arch='gfx1100', chip='gfx1100', num_cu=70, num_chiplets=1, perfconfig='attn:v1:64,256,16,2,1,2,16,1,3,0,2')
Lowering rejected config as not applicable
Command line = -operation gemm_gemm -t f16 --arch gfx1100 --num_cu 70 --num_chiplets 1 -g 2 -m 20 -k 21 -n 65 -gemmO 72 -transA=False -transB=False -transC=False -transO=True --perf_config=attn:v1:128,128,32,1,1,2,16,3,3,0,2 -pv
Errors = loc("<stdin>":16:10): error: Fusion with SplitK perfConfig is not legal
Lowering not applicable.

----------------------------------------------------------------------------------------------------
NOT_APPLICABLE: GemmGemmConfiguration(datatype='f16', g=2, m=20, k=21, n=65, o=72, trans_a=False, trans_b=False, trans_c=False, trans_o=True, arch='gfx1100', chip='gfx1100', num_cu=70, num_chiplets=1, perfconfig='attn:v1:128,128,32,1,1,2,16,3,3,0,2')
Lowering rejected config as not applicable
Command line = -operation gemm_gemm -t f16 --arch gfx1100 --num_cu 70 --num_chiplets 1 -g 1 -m 80 -k 113 -n 3 -gemmO 50 -transA=False -transB=True -transC=False -transO=False --perf_config=attn:v1:128,16,128,1,1,4,16,3,3,2,0 -pv
Errors = loc("<stdin>":15:10): error: Fusion with SplitK perfConfig is not legal
Lowering not applicable.

----------------------------------------------------------------------------------------------------
NOT_APPLICABLE: GemmGemmConfiguration(datatype='f16', g=1, m=80, k=113, n=3, o=50, trans_a=False, trans_b=True, trans_c=False, trans_o=False, arch='gfx1100', chip='gfx1100', num_cu=70, num_chiplets=1, perfconfig='attn:v1:128,16,128,1,1,4,16,3,3,2,0')
Lowering rejected config as not applicable
Command line = -operation gemm_gemm -t bf16 --arch gfx1100 --num_cu 70 --num_chiplets 1 -g 1 -m 21 -k 53 -n 59 -gemmO 94 -transA=False -transB=True -transC=False -transO=False --perf_config=attn:v1:64,16,16,2,1,1,32,3,3,4,2 -pv -RMS_threshold 1e-2
Errors = loc("<stdin>":15:10): error: Fusion with SplitK perfConfig is not legal
Lowering not applicable.

----------------------------------------------------------------------------------------------------
NOT_APPLICABLE: GemmGemmConfiguration(datatype='bf16', g=1, m=21, k=53, n=59, o=94, trans_a=False, trans_b=True, trans_c=False, trans_o=False, arch='gfx1100', chip='gfx1100', num_cu=70, num_chiplets=1, perfconfig='attn:v1:64,16,16,2,1,1,32,3,3,4,2')
Lowering rejected config as not applicable
Command line = -operation gemm_gemm -t f16 --arch gfx1100 --num_cu 70 --num_chiplets 1 -g 2 -m 41 -k 38 -n 91 -gemmO 36 -transA=True -transB=True -transC=False -transO=True --perf_config=attn:v1:256,128,64,1,1,8,16,4,1,8,4 -pv
Errors = loc("<stdin>":16:10): error: Fusion with SplitK perfConfig is not legal
Lowering not applicable.

----------------------------------------------------------------------------------------------------
NOT_APPLICABLE: GemmGemmConfiguration(datatype='f16', g=2, m=41, k=38, n=91, o=36, trans_a=True, trans_b=True, trans_c=False, trans_o=True, arch='gfx1100', chip='gfx1100', num_cu=70, num_chiplets=1, perfconfig='attn:v1:256,128,64,1,1,8,16,4,1,8,4')
Lowering rejected config as not applicable
Command line = -operation gemm_gemm -t f32 --arch gfx1100 --num_cu 70 --num_chiplets 1 -g 2 -m 41 -k 115 -n 85 -gemmO 121 -transA=False -transB=True -transC=True -transO=True --perf_config=attn:v1:16,256,32,1,1,2,0,2,2,1,0 -pv -relDiff_threshold 1e-4
Errors = loc("<stdin>":10:1): error: ttg.shared (131072) exceeds LDS limit (65536) for amdgcn-amd-amdhsa:gfx1100
Lowering not applicable.

----------------------------------------------------------------------------------------------------
NOT_APPLICABLE: GemmGemmConfiguration(datatype='f32', g=2, m=41, k=115, n=85, o=121, trans_a=False, trans_b=True, trans_c=True, trans_o=True, arch='gfx1100', chip='gfx1100', num_cu=70, num_chiplets=1, perfconfig='attn:v1:16,256,32,1,1,2,0,2,2,1,0')
Lowering rejected config as not applicable
Command line = -operation gemm_gemm -t f32 --arch gfx1100 --num_cu 70 --num_chiplets 1 -g 1 -m 7 -k 110 -n 64 -gemmO 84 -transA=True -transB=True -transC=True -transO=False --perf_config=attn:v1:64,256,128,1,1,1,32,2,2,0,0 -pv -relDiff_threshold 1e-4
Errors = loc("<stdin>":10:1): error: ttg.shared (131072) exceeds LDS limit (65536) for amdgcn-amd-amdhsa:gfx1100
Lowering not applicable.

----------------------------------------------------------------------------------------------------
NOT_APPLICABLE: GemmGemmConfiguration(datatype='f32', g=1, m=7, k=110, n=64, o=84, trans_a=True, trans_b=True, trans_c=True, trans_o=False, arch='gfx1100', chip='gfx1100', num_cu=70, num_chiplets=1, perfconfig='attn:v1:64,256,128,1,1,1,32,2,2,0,0')
----------------------------------------------------------------------------------------------------
PASS: GemmGemmConfiguration(datatype='f32', g=2, m=91, k=86, n=11, o=43, trans_a=False, trans_b=True, trans_c=True, trans_o=True, arch='gfx1100', chip='gfx1100', num_cu=70, num_chiplets=1, perfconfig='attn:v1:64,16,128,1,1,1,16,1,2,8,4')
----------------------------------------------------------------------------------------------------
PASS: GemmGemmConfiguration(datatype='f32', g=1, m=104, k=43, n=59, o=42, trans_a=False, trans_b=True, trans_c=True, trans_o=False, arch='gfx1100', chip='gfx1100', num_cu=70, num_chiplets=1, perfconfig='attn:v1:128,64,128,2,1,2,0,1,1,4,0')
Lowering rejected config as not applicable
Command line = -operation gemm_gemm -t bf16 --arch gfx1100 --num_cu 70 --num_chiplets 1 -g 1 -m 41 -k 46 -n 100 -gemmO 17 -transA=False -transB=True -transC=False -transO=False --perf_config=attn:v1:32,64,32,2,1,16,16,2,2,4,2 -pv -RMS_threshold 1e-2
Errors = loc("<stdin>":15:10): error: Fusion with SplitK perfConfig is not legal
Lowering not applicable.

----------------------------------------------------------------------------------------------------
NOT_APPLICABLE: GemmGemmConfiguration(datatype='bf16', g=1, m=41, k=46, n=100, o=17, trans_a=False, trans_b=True, trans_c=False, trans_o=False, arch='gfx1100', chip='gfx1100', num_cu=70, num_chiplets=1, perfconfig='attn:v1:32,64,32,2,1,16,16,2,2,4,2')
Lowering rejected config as not applicable
Command line = -operation gemm_gemm -t f16 --arch gfx1100 --num_cu 70 --num_chiplets 1 -g 2 -m 62 -k 104 -n 60 -gemmO 93 -transA=False -transB=False -transC=False -transO=False --perf_config=attn:v1:256,128,32,1,1,4,0,4,1,2,1 -pv
Errors = loc("<stdin>":16:10): error: Fusion with SplitK perfConfig is not legal
Lowering not applicable.

----------------------------------------------------------------------------------------------------
NOT_APPLICABLE: GemmGemmConfiguration(datatype='f16', g=2, m=62, k=104, n=60, o=93, trans_a=False, trans_b=False, trans_c=False, trans_o=False, arch='gfx1100', chip='gfx1100', num_cu=70, num_chiplets=1, perfconfig='attn:v1:256,128,32,1,1,4,0,4,1,2,1')
Lowering rejected config as not applicable
Command line = -operation gemm_gemm -t f16 --arch gfx1100 --num_cu 70 --num_chiplets 1 -g 2 -m 24 -k 43 -n 66 -gemmO 98 -transA=True -transB=False -transC=True -transO=False --perf_config=attn:v1:64,32,32,1,1,8,32,2,2,4,1 -pv
Errors = loc("<stdin>":16:10): error: Fusion with SplitK perfConfig is not legal
Lowering not applicable.

----------------------------------------------------------------------------------------------------
NOT_APPLICABLE: GemmGemmConfiguration(datatype='f16', g=2, m=24, k=43, n=66, o=98, trans_a=True, trans_b=False, trans_c=True, trans_o=False, arch='gfx1100', chip='gfx1100', num_cu=70, num_chiplets=1, perfconfig='attn:v1:64,32,32,1,1,8,32,2,2,4,1')
Lowering rejected config as not applicable
Command line = -operation gemm_gemm -t bf16 --arch gfx1100 --num_cu 70 --num_chiplets 1 -g 1 -m 116 -k 44 -n 21 -gemmO 63 -transA=True -transB=False -transC=False -transO=True --perf_config=attn:v1:256,32,64,2,1,2,16,3,2,0,8 -pv -RMS_threshold 1e-2
Errors = loc("<stdin>":16:10): error: Fusion with SplitK perfConfig is not legal
Lowering not applicable.

----------------------------------------------------------------------------------------------------
NOT_APPLICABLE: GemmGemmConfiguration(datatype='bf16', g=1, m=116, k=44, n=21, o=63, trans_a=True, trans_b=False, trans_c=False, trans_o=True, arch='gfx1100', chip='gfx1100', num_cu=70, num_chiplets=1, perfconfig='attn:v1:256,32,64,2,1,2,16,3,2,0,8')
----------------------------------------------------------------------------------------------------
PASS: GemmGemmConfiguration(datatype='f32', g=1, m=107, k=76, n=41, o=31, trans_a=False, trans_b=True, trans_c=False, trans_o=True, arch='gfx1100', chip='gfx1100', num_cu=70, num_chiplets=1, perfconfig='attn:v1:64,16,64,1,1,4,32,2,1,8,0')
----------------------------------------------------------------------------------------------------
PASS: GemmGemmConfiguration(datatype='f32', g=2, m=16, k=22, n=32, o=104, trans_a=True, trans_b=True, trans_c=False, trans_o=False, arch='gfx1100', chip='gfx1100', num_cu=70, num_chiplets=1, perfconfig='attn:v1:16,32,128,2,1,2,16,2,1,0,0')
----------------------------------------------------------------------------------------------------
PASS: GemmGemmConfiguration(datatype='f32', g=2, m=38, k=101, n=35, o=98, trans_a=True, trans_b=True, trans_c=True, trans_o=False, arch='gfx1100', chip='gfx1100', num_cu=70, num_chiplets=1, perfconfig='attn:v1:32,64,128,2,1,8,16,1,2,2,1')
----------------------------------------------------------------------------------------------------
PASS: GemmGemmConfiguration(datatype='f32', g=1, m=122, k=61, n=123, o=65, trans_a=False, trans_b=False, trans_c=False, trans_o=True, arch='gfx1100', chip='gfx1100', num_cu=70, num_chiplets=1, perfconfig='attn:v1:128,64,32,1,1,1,16,2,3,1,4')
Lowering rejected config as not applicable
Command line = -operation gemm_gemm -t f16 --arch gfx1100 --num_cu 70 --num_chiplets 1 -g 2 -m 20 -k 121 -n 22 -gemmO 115 -transA=True -transB=False -transC=True -transO=True --perf_config=attn:v1:16,16,128,2,1,1,16,2,3,0,8 -pv
Errors = loc("<stdin>":16:10): error: Fusion with SplitK perfConfig is not legal
Lowering not applicable.

----------------------------------------------------------------------------------------------------
NOT_APPLICABLE: GemmGemmConfiguration(datatype='f16', g=2, m=20, k=121, n=22, o=115, trans_a=True, trans_b=False, trans_c=True, trans_o=True, arch='gfx1100', chip='gfx1100', num_cu=70, num_chiplets=1, perfconfig='attn:v1:16,16,128,2,1,1,16,2,3,0,8')
Lowering rejected config as not applicable
Command line = -operation gemm_gemm -t f16 --arch gfx1100 --num_cu 70 --num_chiplets 1 -g 1 -m 99 -k 103 -n 9 -gemmO 8 -transA=False -transB=False -transC=False -transO=False --perf_config=attn:v1:256,32,64,1,1,1,0,3,2,4,8 -pv
Errors = loc("<stdin>":16:10): error: Fusion with SplitK perfConfig is not legal
Lowering not applicable.

----------------------------------------------------------------------------------------------------
NOT_APPLICABLE: GemmGemmConfiguration(datatype='f16', g=1, m=99, k=103, n=9, o=8, trans_a=False, trans_b=False, trans_c=False, trans_o=False, arch='gfx1100', chip='gfx1100', num_cu=70, num_chiplets=1, perfconfig='attn:v1:256,32,64,1,1,1,0,3,2,4,8')
Lowering rejected config as not applicable
Command line = -operation gemm_gemm -t f16 --arch gfx1100 --num_cu 70 --num_chiplets 1 -g 1 -m 59 -k 100 -n 100 -gemmO 118 -transA=False -transB=False -transC=False -transO=True --perf_config=attn:v1:256,128,32,2,1,2,32,3,1,2,0 -pv
Errors = loc("<stdin>":15:10): error: Fusion with SplitK perfConfig is not legal
Lowering not applicable.

----------------------------------------------------------------------------------------------------
NOT_APPLICABLE: GemmGemmConfiguration(datatype='f16', g=1, m=59, k=100, n=100, o=118, trans_a=False, trans_b=False, trans_c=False, trans_o=True, arch='gfx1100', chip='gfx1100', num_cu=70, num_chiplets=1, perfconfig='attn:v1:256,128,32,2,1,2,32,3,1,2,0')
Lowering rejected config as not applicable
Command line = -operation gemm_gemm -t f16 --arch gfx1100 --num_cu 70 --num_chiplets 1 -g 1 -m 68 -k 34 -n 60 -gemmO 22 -transA=False -transB=False -transC=False -transO=False --perf_config=attn:v1:16,128,32,2,1,2,16,3,2,0,2 -pv
Errors = loc("<stdin>":16:10): error: Fusion with SplitK perfConfig is not legal
Lowering not applicable.

FAIL: Timeout in rocmlir-driver stage (120s)
Config = GemmGemmConfiguration(datatype='f32', g=2, m=8, k=5, n=48, o=94, trans_a=False, trans_b=True, trans_c=False, trans_o=True, arch='gfx1100', chip='gfx1100', num_cu=70, num_chiplets=1, perfconfig='attn:v1:256,64,64,2,1,1,0,1,1,4,2')
Command line = -operation gemm_gemm -t f32 --arch gfx1100 --num_cu 70 --num_chiplets 1 -g 2 -m 8 -k 5 -n 48 -gemmO 94 -transA=False -transB=True -transC=False -transO=True --perf_config=attn:v1:256,64,64,2,1,1,0,1,1,4,2 -pv -relDiff_threshold 1e-4
----------------------------------------------------------------------------------------------------
NOT_APPLICABLE: GemmGemmConfiguration(datatype='f16', g=1, m=68, k=34, n=60, o=22, trans_a=False, trans_b=False, trans_c=False, trans_o=False, arch='gfx1100', chip='gfx1100', num_cu=70, num_chiplets=1, perfconfig='attn:v1:16,128,32,2,1,2,16,3,2,0,2')
Lowering rejected config as not applicable
Command line = -operation gemm_gemm -t f32 --arch gfx1100 --num_cu 70 --num_chiplets 1 -g 2 -m 29 -k 87 -n 45 -gemmO 47 -transA=True -transB=True -transC=True -transO=False --perf_config=attn:v1:256,256,16,1,1,1,16,2,2,1,4 -pv -relDiff_threshold 1e-4
Errors = loc("<stdin>":10:1): error: ttg.shared (262144) exceeds LDS limit (65536) for amdgcn-amd-amdhsa:gfx1100
Lowering not applicable.

----------------------------------------------------------------------------------------------------
NOT_APPLICABLE: GemmGemmConfiguration(datatype='f32', g=2, m=29, k=87, n=45, o=47, trans_a=True, trans_b=True, trans_c=True, trans_o=False, arch='gfx1100', chip='gfx1100', num_cu=70, num_chiplets=1, perfconfig='attn:v1:256,256,16,1,1,1,16,2,2,1,4')
----------------------------------------------------------------------------------------------------
PASS: GemmGemmConfiguration(datatype='f32', g=2, m=111, k=43, n=123, o=2, trans_a=True, trans_b=False, trans_c=False, trans_o=True, arch='gfx1100', chip='gfx1100', num_cu=70, num_chiplets=1, perfconfig='attn:v1:128,32,64,1,1,1,16,4,3,1,2')
----------------------------------------------------------------------------------------------------
PASS: GemmGemmConfiguration(datatype='f32', g=1, m=22, k=116, n=10, o=85, trans_a=True, trans_b=True, trans_c=True, trans_o=True, arch='gfx1100', chip='gfx1100', num_cu=70, num_chiplets=1, perfconfig='attn:v1:128,128,128,1,1,8,16,1,2,0,8')
----------------------------------------------------------------------------------------------------
FAIL: GemmGemmConfiguration(datatype='f32', g=2, m=8, k=5, n=48, o=94, trans_a=False, trans_b=True, trans_c=False, trans_o=True, arch='gfx1100', chip='gfx1100', num_cu=70, num_chiplets=1, perfconfig='attn:v1:256,64,64,2,1,1,0,1,1,4,2')
Lowering rejected config as not applicable
Command line = -operation gemm_gemm -t bf16 --arch gfx1100 --num_cu 70 --num_chiplets 1 -g 1 -m 79 -k 62 -n 19 -gemmO 91 -transA=False -transB=True -transC=False -transO=False --perf_config=attn:v1:128,128,16,2,1,4,32,2,1,4,0 -pv -RMS_threshold 1e-2
Errors = loc("<stdin>":15:10): error: Fusion with SplitK perfConfig is not legal
Lowering not applicable.

----------------------------------------------------------------------------------------------------
NOT_APPLICABLE: GemmGemmConfiguration(datatype='bf16', g=1, m=79, k=62, n=19, o=91, trans_a=False, trans_b=True, trans_c=False, trans_o=False, arch='gfx1100', chip='gfx1100', num_cu=70, num_chiplets=1, perfconfig='attn:v1:128,128,16,2,1,4,32,2,1,4,0')
Lowering rejected config as not applicable
Command line = -operation gemm_gemm -t bf16 --arch gfx1100 --num_cu 70 --num_chiplets 1 -g 1 -m 48 -k 15 -n 4 -gemmO 100 -transA=False -transB=False -transC=False -transO=True --perf_config=attn:v1:64,64,16,2,1,4,16,4,3,8,8 -pv -RMS_threshold 1e-2
Errors = loc("<stdin>":16:10): error: Fusion with SplitK perfConfig is not legal
Lowering not applicable.

----------------------------------------------------------------------------------------------------
NOT_APPLICABLE: GemmGemmConfiguration(datatype='bf16', g=1, m=48, k=15, n=4, o=100, trans_a=False, trans_b=False, trans_c=False, trans_o=True, arch='gfx1100', chip='gfx1100', num_cu=70, num_chiplets=1, perfconfig='attn:v1:64,64,16,2,1,4,16,4,3,8,8')
Lowering rejected config as not applicable
Command line = -operation gemm_gemm -t bf16 --arch gfx1100 --num_cu 70 --num_chiplets 1 -g 2 -m 32 -k 32 -n 122 -gemmO 78 -transA=False -transB=True -transC=False -transO=False --perf_config=attn:v1:32,256,16,2,1,8,16,4,2,2,2 -pv -RMS_threshold 1e-2
Errors = loc("<stdin>":16:10): error: Fusion with SplitK perfConfig is not legal
Lowering not applicable.

----------------------------------------------------------------------------------------------------
NOT_APPLICABLE: GemmGemmConfiguration(datatype='bf16', g=2, m=32, k=32, n=122, o=78, trans_a=False, trans_b=True, trans_c=False, trans_o=False, arch='gfx1100', chip='gfx1100', num_cu=70, num_chiplets=1, perfconfig='attn:v1:32,256,16,2,1,8,16,4,2,2,2')
----------------------------------------------------------------------------------------------------
PASS: GemmGemmConfiguration(datatype='f32', g=1, m=128, k=121, n=82, o=80, trans_a=True, trans_b=False, trans_c=False, trans_o=True, arch='gfx1100', chip='gfx1100', num_cu=70, num_chiplets=1, perfconfig='attn:v1:64,32,32,1,1,8,0,1,1,1,2')
----------------------------------------------------------------------------------------------------
PASS: GemmGemmConfiguration(datatype='bf16', g=2, m=81, k=56, n=62, o=31, trans_a=False, trans_b=False, trans_c=False, trans_o=True, arch='gfx1100', chip='gfx1100', num_cu=70, num_chiplets=1, perfconfig='attn:v1:32,256,32,2,1,8,32,1,2,4,2')
----------------------------------------------------------------------------------------------------
PASS: GemmGemmConfiguration(datatype='bf16', g=2, m=65, k=2, n=107, o=127, trans_a=True, trans_b=True, trans_c=False, trans_o=True, arch='gfx1100', chip='gfx1100', num_cu=70, num_chiplets=1, perfconfig='attn:v1:32,256,32,2,1,8,32,1,1,8,8')
Lowering rejected config as not applicable
Command line = -operation gemm_gemm -t f32 --arch gfx1100 --num_cu 70 --num_chiplets 1 -g 1 -m 5 -k 37 -n 71 -gemmO 74 -transA=True -transB=True -transC=True -transO=True --perf_config=attn:v1:256,256,64,2,1,4,0,2,2,8,4 -pv -relDiff_threshold 1e-4
Errors = loc("<stdin>":10:1): error: ttg.shared (262144) exceeds LDS limit (65536) for amdgcn-amd-amdhsa:gfx1100
Lowering not applicable.

----------------------------------------------------------------------------------------------------
NOT_APPLICABLE: GemmGemmConfiguration(datatype='f32', g=1, m=5, k=37, n=71, o=74, trans_a=True, trans_b=True, trans_c=True, trans_o=True, arch='gfx1100', chip='gfx1100', num_cu=70, num_chiplets=1, perfconfig='attn:v1:256,256,64,2,1,4,0,2,2,8,4')
----------------------------------------------------------------------------------------------------
PASS: GemmGemmConfiguration(datatype='f32', g=1, m=93, k=102, n=102, o=60, trans_a=False, trans_b=True, trans_c=True, trans_o=False, arch='gfx1100', chip='gfx1100', num_cu=70, num_chiplets=1, perfconfig='attn:v1:16,128,32,2,1,2,16,2,2,2,8')
Lowering rejected config as not applicable
Command line = -operation gemm_gemm -t f16 --arch gfx1100 --num_cu 70 --num_chiplets 1 -g 1 -m 126 -k 111 -n 35 -gemmO 114 -transA=True -transB=True -transC=False -transO=False --perf_config=attn:v1:256,64,16,1,1,1,32,4,3,1,2 -pv
Errors = loc("<stdin>":16:10): error: Fusion with SplitK perfConfig is not legal
Lowering not applicable.

----------------------------------------------------------------------------------------------------
NOT_APPLICABLE: GemmGemmConfiguration(datatype='f16', g=1, m=126, k=111, n=35, o=114, trans_a=True, trans_b=True, trans_c=False, trans_o=False, arch='gfx1100', chip='gfx1100', num_cu=70, num_chiplets=1, perfconfig='attn:v1:256,64,16,1,1,1,32,4,3,1,2')
Lowering rejected config as not applicable
Command line = -operation gemm_gemm -t f16 --arch gfx1100 --num_cu 70 --num_chiplets 1 -g 2 -m 39 -k 115 -n 49 -gemmO 113 -transA=False -transB=False -transC=True -transO=True --perf_config=attn:v1:128,128,16,2,1,1,0,3,1,1,1 -pv
Errors = loc("<stdin>":16:10): error: Fusion with SplitK perfConfig is not legal
Lowering not applicable.

----------------------------------------------------------------------------------------------------
NOT_APPLICABLE: GemmGemmConfiguration(datatype='f16', g=2, m=39, k=115, n=49, o=113, trans_a=False, trans_b=False, trans_c=True, trans_o=True, arch='gfx1100', chip='gfx1100', num_cu=70, num_chiplets=1, perfconfig='attn:v1:128,128,16,2,1,1,0,3,1,1,1')
Lowering rejected config as not applicable
Command line = -operation gemm_gemm -t f16 --arch gfx1100 --num_cu 70 --num_chiplets 1 -g 1 -m 112 -k 84 -n 26 -gemmO 63 -transA=True -transB=True -transC=True -transO=True --perf_config=attn:v1:16,64,64,2,1,1,32,2,2,0,8 -pv
Errors = loc("<stdin>":16:10): error: Fusion with SplitK perfConfig is not legal
Lowering not applicable.

----------------------------------------------------------------------------------------------------
NOT_APPLICABLE: GemmGemmConfiguration(datatype='f16', g=1, m=112, k=84, n=26, o=63, trans_a=True, trans_b=True, trans_c=True, trans_o=True, arch='gfx1100', chip='gfx1100', num_cu=70, num_chiplets=1, perfconfig='attn:v1:16,64,64,2,1,1,32,2,2,0,8')
----------------------------------------------------------------------------------------------------
PASS: GemmGemmConfiguration(datatype='f16', g=1, m=117, k=93, n=116, o=44, trans_a=False, trans_b=True, trans_c=True, trans_o=True, arch='gfx1100', chip='gfx1100', num_cu=70, num_chiplets=1, perfconfig='attn:v1:32,16,32,1,1,2,32,1,2,0,0')
----------------------------------------------------------------------------------------------------
PASS: GemmGemmConfiguration(datatype='f32', g=1, m=30, k=89, n=26, o=35, trans_a=False, trans_b=True, trans_c=False, trans_o=True, arch='gfx1100', chip='gfx1100', num_cu=70, num_chiplets=1, perfconfig='attn:v1:16,64,32,2,1,2,16,4,3,8,8')
----------------------------------------------------------------------------------------------------
PASS: GemmGemmConfiguration(datatype='f32', g=2, m=77, k=92, n=76, o=17, trans_a=False, trans_b=False, trans_c=True, trans_o=True, arch='gfx1100', chip='gfx1100', num_cu=70, num_chiplets=1, perfconfig='attn:v1:256,64,16,2,1,8,0,1,1,2,0')
Lowering rejected config as not applicable
Command line = -operation gemm_gemm -t f32 --arch gfx1100 --num_cu 70 --num_chiplets 1 -g 1 -m 98 -k 29 -n 66 -gemmO 34 -transA=False -transB=False -transC=True -transO=False --perf_config=attn:v1:256,256,16,2,1,1,16,2,2,4,8 -pv -relDiff_threshold 1e-4
Errors = loc("<stdin>":9:1): error: ttg.shared (262144) exceeds LDS limit (65536) for amdgcn-amd-amdhsa:gfx1100
Lowering not applicable.

----------------------------------------------------------------------------------------------------
NOT_APPLICABLE: GemmGemmConfiguration(datatype='f32', g=1, m=98, k=29, n=66, o=34, trans_a=False, trans_b=False, trans_c=True, trans_o=False, arch='gfx1100', chip='gfx1100', num_cu=70, num_chiplets=1, perfconfig='attn:v1:256,256,16,2,1,1,16,2,2,4,8')
----------------------------------------------------------------------------------------------------
PASS: GemmGemmConfiguration(datatype='f32', g=1, m=25, k=87, n=111, o=92, trans_a=True, trans_b=True, trans_c=True, trans_o=False, arch='gfx1100', chip='gfx1100', num_cu=70, num_chiplets=1, perfconfig='attn:v1:64,32,16,2,1,1,16,3,1,0,1')
Lowering rejected config as not applicable
Command line = -operation gemm_gemm -t bf16 --arch gfx1100 --num_cu 70 --num_chiplets 1 -g 2 -m 103 -k 24 -n 3 -gemmO 69 -transA=True -transB=True -transC=False -transO=False --perf_config=attn:v1:32,32,16,2,1,4,32,3,3,2,8 -pv -RMS_threshold 1e-2
Errors = loc("<stdin>":16:10): error: Fusion with SplitK perfConfig is not legal
Lowering not applicable.

----------------------------------------------------------------------------------------------------
NOT_APPLICABLE: GemmGemmConfiguration(datatype='bf16', g=2, m=103, k=24, n=3, o=69, trans_a=True, trans_b=True, trans_c=False, trans_o=False, arch='gfx1100', chip='gfx1100', num_cu=70, num_chiplets=1, perfconfig='attn:v1:32,32,16,2,1,4,32,3,3,2,8')
Lowering rejected config as not applicable
Command line = -operation gemm_gemm -t bf16 --arch gfx1100 --num_cu 70 --num_chiplets 1 -g 2 -m 13 -k 14 -n 30 -gemmO 81 -transA=True -transB=True -transC=False -transO=False --perf_config=attn:v1:64,256,64,2,1,8,0,2,1,2,0 -pv -RMS_threshold 1e-2
Errors = loc("<stdin>":16:10): error: Fusion with SplitK perfConfig is not legal
Lowering not applicable.

----------------------------------------------------------------------------------------------------
NOT_APPLICABLE: GemmGemmConfiguration(datatype='bf16', g=2, m=13, k=14, n=30, o=81, trans_a=True, trans_b=True, trans_c=False, trans_o=False, arch='gfx1100', chip='gfx1100', num_cu=70, num_chiplets=1, perfconfig='attn:v1:64,256,64,2,1,8,0,2,1,2,0')
Lowering rejected config as not applicable
Command line = -operation gemm_gemm -t f16 --arch gfx1100 --num_cu 70 --num_chiplets 1 -g 1 -m 84 -k 19 -n 77 -gemmO 57 -transA=True -transB=False -transC=True -transO=True --perf_config=attn:v1:128,32,64,2,1,8,16,4,2,1,4 -pv
Errors = loc("<stdin>":15:10): error: Fusion with SplitK perfConfig is not legal
Lowering not applicable.

----------------------------------------------------------------------------------------------------
NOT_APPLICABLE: GemmGemmConfiguration(datatype='f16', g=1, m=84, k=19, n=77, o=57, trans_a=True, trans_b=False, trans_c=True, trans_o=True, arch='gfx1100', chip='gfx1100', num_cu=70, num_chiplets=1, perfconfig='attn:v1:128,32,64,2,1,8,16,4,2,1,4')
Lowering rejected config as not applicable
Command line = -operation gemm_gemm -t bf16 --arch gfx1100 --num_cu 70 --num_chiplets 1 -g 2 -m 71 -k 122 -n 112 -gemmO 125 -transA=True -transB=True -transC=True -transO=False --perf_config=attn:v1:16,128,128,2,1,16,32,3,1,1,8 -pv -RMS_threshold 1e-2
Errors = loc("<stdin>":16:10): error: Fusion with SplitK perfConfig is not legal
Lowering not applicable.

----------------------------------------------------------------------------------------------------
NOT_APPLICABLE: GemmGemmConfiguration(datatype='bf16', g=2, m=71, k=122, n=112, o=125, trans_a=True, trans_b=True, trans_c=True, trans_o=False, arch='gfx1100', chip='gfx1100', num_cu=70, num_chiplets=1, perfconfig='attn:v1:16,128,128,2,1,16,32,3,1,1,8')
Lowering rejected config as not applicable
Command line = -operation gemm_gemm -t bf16 --arch gfx1100 --num_cu 70 --num_chiplets 1 -g 1 -m 87 -k 64 -n 89 -gemmO 74 -transA=True -transB=False -transC=False -transO=True --perf_config=attn:v1:64,16,16,1,1,8,32,2,1,0,1 -pv -RMS_threshold 1e-2
Errors = loc("<stdin>":16:10): error: Fusion with SplitK perfConfig is not legal
Lowering not applicable.

----------------------------------------------------------------------------------------------------
NOT_APPLICABLE: GemmGemmConfiguration(datatype='bf16', g=1, m=87, k=64, n=89, o=74, trans_a=True, trans_b=False, trans_c=False, trans_o=True, arch='gfx1100', chip='gfx1100', num_cu=70, num_chiplets=1, perfconfig='attn:v1:64,16,16,1,1,8,32,2,1,0,1')
----------------------------------------------------------------------------------------------------
PASS: GemmGemmConfiguration(datatype='f32', g=2, m=100, k=4, n=121, o=62, trans_a=True, trans_b=False, trans_c=True, trans_o=False, arch='gfx1100', chip='gfx1100', num_cu=70, num_chiplets=1, perfconfig='attn:v1:16,16,32,2,1,16,32,4,1,0,1')
----------------------------------------------------------------------------------------------------
PASS: GemmGemmConfiguration(datatype='f16', g=2, m=66, k=71, n=4, o=5, trans_a=True, trans_b=False, trans_c=False, trans_o=False, arch='gfx1100', chip='gfx1100', num_cu=70, num_chiplets=1, perfconfig='attn:v1:16,128,16,2,1,2,0,1,3,8,0')
----------------------------------------------------------------------------------------------------
PASS: GemmGemmConfiguration(datatype='f32', g=1, m=88, k=44, n=96, o=46, trans_a=True, trans_b=False, trans_c=True, trans_o=True, arch='gfx1100', chip='gfx1100', num_cu=70, num_chiplets=1, perfconfig='attn:v1:16,128,128,1,1,4,0,2,3,0,8')
Lowering rejected config as not applicable
Command line = -operation gemm_gemm -t f16 --arch gfx1100 --num_cu 70 --num_chiplets 1 -g 1 -m 72 -k 22 -n 53 -gemmO 52 -transA=True -transB=False -transC=True -transO=True --perf_config=attn:v1:256,128,32,1,1,8,32,4,1,1,8 -pv
Errors = loc("<stdin>":15:10): error: Fusion with SplitK perfConfig is not legal
Lowering not applicable.

----------------------------------------------------------------------------------------------------
NOT_APPLICABLE: GemmGemmConfiguration(datatype='f16', g=1, m=72, k=22, n=53, o=52, trans_a=True, trans_b=False, trans_c=True, trans_o=True, arch='gfx1100', chip='gfx1100', num_cu=70, num_chiplets=1, perfconfig='attn:v1:256,128,32,1,1,8,32,4,1,1,8')
Lowering rejected config as not applicable
Command line = -operation gemm_gemm -t bf16 --arch gfx1100 --num_cu 70 --num_chiplets 1 -g 1 -m 21 -k 31 -n 73 -gemmO 90 -transA=True -transB=True -transC=True -transO=False --perf_config=attn:v1:128,16,128,2,1,8,16,2,1,0,0 -pv -RMS_threshold 1e-2
Errors = loc("<stdin>":16:10): error: Fusion with SplitK perfConfig is not legal
Lowering not applicable.

----------------------------------------------------------------------------------------------------
NOT_APPLICABLE: GemmGemmConfiguration(datatype='bf16', g=1, m=21, k=31, n=73, o=90, trans_a=True, trans_b=True, trans_c=True, trans_o=False, arch='gfx1100', chip='gfx1100', num_cu=70, num_chiplets=1, perfconfig='attn:v1:128,16,128,2,1,8,16,2,1,0,0')
Lowering rejected config as not applicable
Command line = -operation gemm_gemm -t f16 --arch gfx1100 --num_cu 70 --num_chiplets 1 -g 2 -m 56 -k 61 -n 71 -gemmO 73 -transA=False -transB=True -transC=False -transO=True --perf_config=attn:v1:128,16,128,2,1,16,32,2,3,1,0 -pv
Errors = loc("<stdin>":16:10): error: Fusion with SplitK perfConfig is not legal
Lowering not applicable.

----------------------------------------------------------------------------------------------------
NOT_APPLICABLE: GemmGemmConfiguration(datatype='f16', g=2, m=56, k=61, n=71, o=73, trans_a=False, trans_b=True, trans_c=False, trans_o=True, arch='gfx1100', chip='gfx1100', num_cu=70, num_chiplets=1, perfconfig='attn:v1:128,16,128,2,1,16,32,2,3,1,0')
Lowering rejected config as not applicable
Command line = -operation gemm_gemm -t bf16 --arch gfx1100 --num_cu 70 --num_chiplets 1 -g 1 -m 76 -k 64 -n 64 -gemmO 126 -transA=False -transB=False -transC=True -transO=True --perf_config=attn:v1:256,64,16,2,1,8,16,3,3,1,4 -pv -RMS_threshold 1e-2
Errors = loc("<stdin>":14:10): error: Fusion with SplitK perfConfig is not legal
Lowering not applicable.

----------------------------------------------------------------------------------------------------
NOT_APPLICABLE: GemmGemmConfiguration(datatype='bf16', g=1, m=76, k=64, n=64, o=126, trans_a=False, trans_b=False, trans_c=True, trans_o=True, arch='gfx1100', chip='gfx1100', num_cu=70, num_chiplets=1, perfconfig='attn:v1:256,64,16,2,1,8,16,3,3,1,4')
Lowering rejected config as not applicable
Command line = -operation gemm_gemm -t f32 --arch gfx1100 --num_cu 70 --num_chiplets 1 -g 2 -m 25 -k 79 -n 41 -gemmO 42 -transA=True -transB=False -transC=False -transO=True --perf_config=attn:v1:128,32,64,2,1,8,32,2,3,4,1 -pv -relDiff_threshold 1e-4
Errors = loc("<stdin>":10:1): error: ttg.shared (81920) exceeds LDS limit (65536) for amdgcn-amd-amdhsa:gfx1100
Lowering not applicable.

----------------------------------------------------------------------------------------------------
NOT_APPLICABLE: GemmGemmConfiguration(datatype='f32', g=2, m=25, k=79, n=41, o=42, trans_a=True, trans_b=False, trans_c=False, trans_o=True, arch='gfx1100', chip='gfx1100', num_cu=70, num_chiplets=1, perfconfig='attn:v1:128,32,64,2,1,8,32,2,3,4,1')
----------------------------------------------------------------------------------------------------
PASS: GemmGemmConfiguration(datatype='f32', g=1, m=9, k=51, n=38, o=1, trans_a=False, trans_b=True, trans_c=True, trans_o=True, arch='gfx1100', chip='gfx1100', num_cu=70, num_chiplets=1, perfconfig='attn:v1:64,256,64,2,1,16,0,3,2,1,8')
----------------------------------------------------------------------------------------------------
PASS: GemmGemmConfiguration(datatype='f16', g=1, m=66, k=40, n=104, o=69, trans_a=False, trans_b=False, trans_c=False, trans_o=True, arch='gfx1100', chip='gfx1100', num_cu=70, num_chiplets=1, perfconfig='attn:v1:256,64,16,1,1,2,32,1,1,4,0')
----------------------------------------------------------------------------------------------------
PASS: GemmGemmConfiguration(datatype='f32', g=1, m=27, k=90, n=37, o=63, trans_a=False, trans_b=False, trans_c=False, trans_o=True, arch='gfx1100', chip='gfx1100', num_cu=70, num_chiplets=1, perfconfig='attn:v1:128,64,16,2,1,2,32,2,1,0,8')
Lowering rejected config as not applicable
Command line = -operation gemm_gemm -t f16 --arch gfx1100 --num_cu 70 --num_chiplets 1 -g 2 -m 6 -k 58 -n 34 -gemmO 60 -transA=False -transB=False -transC=True -transO=False --perf_config=attn:v1:32,64,128,1,1,4,0,2,3,2,2 -pv
Errors = loc("<stdin>":16:10): error: Fusion with SplitK perfConfig is not legal
Lowering not applicable.

----------------------------------------------------------------------------------------------------
NOT_APPLICABLE: GemmGemmConfiguration(datatype='f16', g=2, m=6, k=58, n=34, o=60, trans_a=False, trans_b=False, trans_c=True, trans_o=False, arch='gfx1100', chip='gfx1100', num_cu=70, num_chiplets=1, perfconfig='attn:v1:32,64,128,1,1,4,0,2,3,2,2')
Lowering rejected config as not applicable
Command line = -operation gemm_gemm -t bf16 --arch gfx1100 --num_cu 70 --num_chiplets 1 -g 2 -m 121 -k 92 -n 37 -gemmO 84 -transA=False -transB=False -transC=True -transO=True --perf_config=attn:v1:256,256,128,2,1,16,0,3,2,2,0 -pv -RMS_threshold 1e-2
Errors = loc("<stdin>":16:10): error: Fusion with SplitK perfConfig is not legal
Lowering not applicable.

----------------------------------------------------------------------------------------------------
NOT_APPLICABLE: GemmGemmConfiguration(datatype='bf16', g=2, m=121, k=92, n=37, o=84, trans_a=False, trans_b=False, trans_c=True, trans_o=True, arch='gfx1100', chip='gfx1100', num_cu=70, num_chiplets=1, perfconfig='attn:v1:256,256,128,2,1,16,0,3,2,2,0')
Lowering rejected config as not applicable
Command line = -operation gemm_gemm -t f16 --arch gfx1100 --num_cu 70 --num_chiplets 1 -g 2 -m 20 -k 53 -n 96 -gemmO 107 -transA=False -transB=False -transC=False -transO=True --perf_config=attn:v1:16,16,128,1,1,4,0,4,2,4,2 -pv
Errors = loc("<stdin>":16:10): error: Fusion with SplitK perfConfig is not legal
Lowering not applicable.

----------------------------------------------------------------------------------------------------
NOT_APPLICABLE: GemmGemmConfiguration(datatype='f16', g=2, m=20, k=53, n=96, o=107, trans_a=False, trans_b=False, trans_c=False, trans_o=True, arch='gfx1100', chip='gfx1100', num_cu=70, num_chiplets=1, perfconfig='attn:v1:16,16,128,1,1,4,0,4,2,4,2')
Lowering rejected config as not applicable
Command line = -operation gemm_gemm -t bf16 --arch gfx1100 --num_cu 70 --num_chiplets 1 -g 1 -m 55 -k 41 -n 31 -gemmO 31 -transA=False -transB=True -transC=True -transO=True --perf_config=attn:v1:32,256,32,1,1,2,0,4,1,1,2 -pv -RMS_threshold 1e-2
Errors = loc("<stdin>":15:10): error: Fusion with SplitK perfConfig is not legal
Lowering not applicable.

----------------------------------------------------------------------------------------------------
NOT_APPLICABLE: GemmGemmConfiguration(datatype='bf16', g=1, m=55, k=41, n=31, o=31, trans_a=False, trans_b=True, trans_c=True, trans_o=True, arch='gfx1100', chip='gfx1100', num_cu=70, num_chiplets=1, perfconfig='attn:v1:32,256,32,1,1,2,0,4,1,1,2')
Lowering rejected config as not applicable
Command line = -operation gemm_gemm -t bf16 --arch gfx1100 --num_cu 70 --num_chiplets 1 -g 1 -m 84 -k 125 -n 11 -gemmO 84 -transA=False -transB=False -transC=True -transO=True --perf_config=attn:v1:64,128,64,1,1,1,0,2,1,1,8 -pv -RMS_threshold 1e-2
Errors = loc("<stdin>":15:10): error: Fusion with SplitK perfConfig is not legal
Lowering not applicable.

----------------------------------------------------------------------------------------------------
NOT_APPLICABLE: GemmGemmConfiguration(datatype='bf16', g=1, m=84, k=125, n=11, o=84, trans_a=False, trans_b=False, trans_c=True, trans_o=True, arch='gfx1100', chip='gfx1100', num_cu=70, num_chiplets=1, perfconfig='attn:v1:64,128,64,1,1,1,0,2,1,1,8')
Lowering rejected config as not applicable
Command line = -operation gemm_gemm -t bf16 --arch gfx1100 --num_cu 70 --num_chiplets 1 -g 1 -m 24 -k 15 -n 42 -gemmO 71 -transA=True -transB=True -transC=True -transO=False --perf_config=attn:v1:256,128,128,2,1,1,16,3,2,1,8 -pv -RMS_threshold 1e-2
Errors = loc("<stdin>":16:10): error: Fusion with SplitK perfConfig is not legal
Lowering not applicable.

----------------------------------------------------------------------------------------------------
NOT_APPLICABLE: GemmGemmConfiguration(datatype='bf16', g=1, m=24, k=15, n=42, o=71, trans_a=True, trans_b=True, trans_c=True, trans_o=False, arch='gfx1100', chip='gfx1100', num_cu=70, num_chiplets=1, perfconfig='attn:v1:256,128,128,2,1,1,16,3,2,1,8')
----------------------------------------------------------------------------------------------------
PASS: GemmGemmConfiguration(datatype='bf16', g=1, m=81, k=124, n=83, o=53, trans_a=True, trans_b=False, trans_c=False, trans_o=True, arch='gfx1100', chip='gfx1100', num_cu=70, num_chiplets=1, perfconfig='attn:v1:64,64,16,1,1,2,16,1,1,8,0')
Lowering rejected config as not applicable
Command line = -operation gemm_gemm -t f32 --arch gfx1100 --num_cu 70 --num_chiplets 1 -g 2 -m 82 -k 74 -n 57 -gemmO 91 -transA=False -transB=True -transC=False -transO=True --perf_config=attn:v1:256,128,64,1,1,2,32,3,2,1,4 -pv -relDiff_threshold 1e-4
Errors = loc("<stdin>":10:1): error: ttg.shared (131072) exceeds LDS limit (65536) for amdgcn-amd-amdhsa:gfx1100
Lowering not applicable.

----------------------------------------------------------------------------------------------------
NOT_APPLICABLE: GemmGemmConfiguration(datatype='f32', g=2, m=82, k=74, n=57, o=91, trans_a=False, trans_b=True, trans_c=False, trans_o=True, arch='gfx1100', chip='gfx1100', num_cu=70, num_chiplets=1, perfconfig='attn:v1:256,128,64,1,1,2,32,3,2,1,4')
Lowering rejected config as not applicable
Command line = -operation gemm_gemm -t bf16 --arch gfx1100 --num_cu 70 --num_chiplets 1 -g 1 -m 20 -k 128 -n 108 -gemmO 126 -transA=True -transB=True -transC=False -transO=True --perf_config=attn:v1:256,64,16,2,1,8,16,3,2,8,4 -pv -RMS_threshold 1e-2
Errors = loc("<stdin>":16:10): error: Fusion with SplitK perfConfig is not legal
Lowering not applicable.

----------------------------------------------------------------------------------------------------
NOT_APPLICABLE: GemmGemmConfiguration(datatype='bf16', g=1, m=20, k=128, n=108, o=126, trans_a=True, trans_b=True, trans_c=False, trans_o=True, arch='gfx1100', chip='gfx1100', num_cu=70, num_chiplets=1, perfconfig='attn:v1:256,64,16,2,1,8,16,3,2,8,4')
Lowering rejected config as not applicable
Command line = -operation gemm_gemm -t f16 --arch gfx1100 --num_cu 70 --num_chiplets 1 -g 1 -m 109 -k 9 -n 83 -gemmO 106 -transA=False -transB=False -transC=False -transO=False --perf_config=attn:v1:16,128,64,2,1,1,0,3,1,8,1 -pv
Errors = loc("<stdin>":16:10): error: Fusion with SplitK perfConfig is not legal
Lowering not applicable.

----------------------------------------------------------------------------------------------------
NOT_APPLICABLE: GemmGemmConfiguration(datatype='f16', g=1, m=109, k=9, n=83, o=106, trans_a=False, trans_b=False, trans_c=False, trans_o=False, arch='gfx1100', chip='gfx1100', num_cu=70, num_chiplets=1, perfconfig='attn:v1:16,128,64,2,1,1,0,3,1,8,1')
Lowering rejected config as not applicable
Command line = -operation gemm_gemm -t bf16 --arch gfx1100 --num_cu 70 --num_chiplets 1 -g 1 -m 47 -k 32 -n 67 -gemmO 34 -transA=True -transB=False -transC=False -transO=True --perf_config=attn:v1:128,32,128,2,1,4,32,2,2,1,1 -pv -RMS_threshold 1e-2
Errors = loc("<stdin>":16:10): error: Fusion with SplitK perfConfig is not legal
Lowering not applicable.

----------------------------------------------------------------------------------------------------
NOT_APPLICABLE: GemmGemmConfiguration(datatype='bf16', g=1, m=47, k=32, n=67, o=34, trans_a=True, trans_b=False, trans_c=False, trans_o=True, arch='gfx1100', chip='gfx1100', num_cu=70, num_chiplets=1, perfconfig='attn:v1:128,32,128,2,1,4,32,2,2,1,1')
Lowering rejected config as not applicable
Command line = -operation gemm_gemm -t bf16 --arch gfx1100 --num_cu 70 --num_chiplets 1 -g 2 -m 72 -k 113 -n 115 -gemmO 76 -transA=True -transB=True -transC=True -transO=True --perf_config=attn:v1:16,256,32,2,1,16,0,2,2,0,4 -pv -RMS_threshold 1e-2
Errors = loc("<stdin>":16:10): error: Fusion with SplitK perfConfig is not legal
Lowering not applicable.

----------------------------------------------------------------------------------------------------
NOT_APPLICABLE: GemmGemmConfiguration(datatype='bf16', g=2, m=72, k=113, n=115, o=76, trans_a=True, trans_b=True, trans_c=True, trans_o=True, arch='gfx1100', chip='gfx1100', num_cu=70, num_chiplets=1, perfconfig='attn:v1:16,256,32,2,1,16,0,2,2,0,4')
Lowering rejected config as not applicable
Command line = -operation gemm_gemm -t f32 --arch gfx1100 --num_cu 70 --num_chiplets 1 -g 1 -m 99 -k 99 -n 114 -gemmO 105 -transA=True -transB=False -transC=True -transO=True --perf_config=attn:v1:256,128,128,2,1,8,32,1,3,1,2 -pv -relDiff_threshold 1e-4
Errors = loc("<stdin>":9:1): error: ttg.shared (131072) exceeds LDS limit (65536) for amdgcn-amd-amdhsa:gfx1100
Lowering not applicable.

----------------------------------------------------------------------------------------------------
NOT_APPLICABLE: GemmGemmConfiguration(datatype='f32', g=1, m=99, k=99, n=114, o=105, trans_a=True, trans_b=False, trans_c=True, trans_o=True, arch='gfx1100', chip='gfx1100', num_cu=70, num_chiplets=1, perfconfig='attn:v1:256,128,128,2,1,8,32,1,3,1,2')
----------------------------------------------------------------------------------------------------
PASS: GemmGemmConfiguration(datatype='bf16', g=2, m=100, k=103, n=116, o=33, trans_a=True, trans_b=False, trans_c=True, trans_o=True, arch='gfx1100', chip='gfx1100', num_cu=70, num_chiplets=1, perfconfig='attn:v1:128,64,16,1,1,16,32,1,1,2,4')
----------------------------------------------------------------------------------------------------
PASS: GemmGemmConfiguration(datatype='f16', g=1, m=29, k=39, n=55, o=122, trans_a=False, trans_b=False, trans_c=True, trans_o=True, arch='gfx1100', chip='gfx1100', num_cu=70, num_chiplets=1, perfconfig='attn:v1:16,128,64,1,1,1,32,1,1,0,4')
----------------------------------------------------------------------------------------------------
PASS: GemmGemmConfiguration(datatype='f32', g=2, m=112, k=65, n=42, o=84, trans_a=True, trans_b=True, trans_c=True, trans_o=False, arch='gfx1100', chip='gfx1100', num_cu=70, num_chiplets=1, perfconfig='attn:v1:64,128,16,1,1,8,32,1,1,0,1')
Lowering rejected config as not applicable
Command line = -operation gemm_gemm -t f16 --arch gfx1100 --num_cu 70 --num_chiplets 1 -g 2 -m 33 -k 22 -n 74 -gemmO 106 -transA=False -transB=True -transC=False -transO=False --perf_config=attn:v1:128,32,16,1,1,1,16,2,1,2,1 -pv
Errors = loc("<stdin>":16:10): error: Fusion with SplitK perfConfig is not legal
Lowering not applicable.

----------------------------------------------------------------------------------------------------
NOT_APPLICABLE: GemmGemmConfiguration(datatype='f16', g=2, m=33, k=22, n=74, o=106, trans_a=False, trans_b=True, trans_c=False, trans_o=False, arch='gfx1100', chip='gfx1100', num_cu=70, num_chiplets=1, perfconfig='attn:v1:128,32,16,1,1,1,16,2,1,2,1')
Lowering rejected config as not applicable
Command line = -operation gemm_gemm -t f16 --arch gfx1100 --num_cu 70 --num_chiplets 1 -g 1 -m 1 -k 94 -n 122 -gemmO 110 -transA=True -transB=True -transC=True -transO=False --perf_config=attn:v1:128,32,64,1,1,8,16,2,2,2,1 -pv
Errors = loc("<stdin>":16:10): error: Fusion with SplitK perfConfig is not legal
Lowering not applicable.

----------------------------------------------------------------------------------------------------
NOT_APPLICABLE: GemmGemmConfiguration(datatype='f16', g=1, m=1, k=94, n=122, o=110, trans_a=True, trans_b=True, trans_c=True, trans_o=False, arch='gfx1100', chip='gfx1100', num_cu=70, num_chiplets=1, perfconfig='attn:v1:128,32,64,1,1,8,16,2,2,2,1')
FAIL: Timeout in rocmlir-driver stage (120s)
Config = GemmGemmConfiguration(datatype='f32', g=1, m=91, k=92, n=106, o=18, trans_a=True, trans_b=False, trans_c=False, trans_o=False, arch='gfx1100', chip='gfx1100', num_cu=70, num_chiplets=1, perfconfig='attn:v1:128,128,64,2,1,1,32,2,2,1,4')
Command line = -operation gemm_gemm -t f32 --arch gfx1100 --num_cu 70 --num_chiplets 1 -g 1 -m 91 -k 92 -n 106 -gemmO 18 -transA=True -transB=False -transC=False -transO=False --perf_config=attn:v1:128,128,64,2,1,1,32,2,2,1,4 -pv -relDiff_threshold 1e-4
Lowering rejected config as not applicable
Command line = -operation gemm_gemm -t f16 --arch gfx1100 --num_cu 70 --num_chiplets 1 -g 2 -m 16 -k 127 -n 94 -gemmO 27 -transA=False -transB=False -transC=False -transO=True --perf_config=attn:v1:64,32,16,2,1,8,0,4,2,2,1 -pv
Errors = loc("<stdin>":16:10): error: Fusion with SplitK perfConfig is not legal
Lowering not applicable.

----------------------------------------------------------------------------------------------------
NOT_APPLICABLE: GemmGemmConfiguration(datatype='f16', g=2, m=16, k=127, n=94, o=27, trans_a=False, trans_b=False, trans_c=False, trans_o=True, arch='gfx1100', chip='gfx1100', num_cu=70, num_chiplets=1, perfconfig='attn:v1:64,32,16,2,1,8,0,4,2,2,1')
Lowering rejected config as not applicable
Command line = -operation gemm_gemm -t f32 --arch gfx1100 --num_cu 70 --num_chiplets 1 -g 2 -m 124 -k 124 -n 100 -gemmO 8 -transA=True -transB=True -transC=True -transO=False --perf_config=attn:v1:128,32,64,1,1,16,16,1,3,2,1 -pv -relDiff_threshold 1e-4
Errors = loc("<stdin>":10:1): error: ttg.shared (81920) exceeds LDS limit (65536) for amdgcn-amd-amdhsa:gfx1100
Lowering not applicable.

----------------------------------------------------------------------------------------------------
NOT_APPLICABLE: GemmGemmConfiguration(datatype='f32', g=2, m=124, k=124, n=100, o=8, trans_a=True, trans_b=True, trans_c=True, trans_o=False, arch='gfx1100', chip='gfx1100', num_cu=70, num_chiplets=1, perfconfig='attn:v1:128,32,64,1,1,16,16,1,3,2,1')
----------------------------------------------------------------------------------------------------
PASS: GemmGemmConfiguration(datatype='f16', g=2, m=87, k=39, n=118, o=69, trans_a=True, trans_b=True, trans_c=True, trans_o=True, arch='gfx1100', chip='gfx1100', num_cu=70, num_chiplets=1, perfconfig='attn:v1:16,32,16,2,1,16,0,1,1,8,8')
----------------------------------------------------------------------------------------------------
PASS: GemmGemmConfiguration(datatype='f32', g=1, m=60, k=70, n=42, o=17, trans_a=True, trans_b=True, trans_c=True, trans_o=False, arch='gfx1100', chip='gfx1100', num_cu=70, num_chiplets=1, perfconfig='attn:v1:16,64,128,2,1,4,32,3,2,0,2')
----------------------------------------------------------------------------------------------------
PASS: GemmGemmConfiguration(datatype='f32', g=2, m=18, k=35, n=74, o=59, trans_a=True, trans_b=True, trans_c=False, trans_o=False, arch='gfx1100', chip='gfx1100', num_cu=70, num_chiplets=1, perfconfig='attn:v1:128,128,64,2,1,16,32,3,2,0,0')
----------------------------------------------------------------------------------------------------
FAIL: GemmGemmConfiguration(datatype='f32', g=1, m=91, k=92, n=106, o=18, trans_a=True, trans_b=False, trans_c=False, trans_o=False, arch='gfx1100', chip='gfx1100', num_cu=70, num_chiplets=1, perfconfig='attn:v1:128,128,64,2,1,1,32,2,2,1,4')
Lowering rejected config as not applicable
Command line = -operation gemm_gemm -t bf16 --arch gfx1100 --num_cu 70 --num_chiplets 1 -g 1 -m 48 -k 55 -n 58 -gemmO 113 -transA=True -transB=True -transC=False -transO=False --perf_config=attn:v1:256,16,32,1,1,8,0,4,2,1,1 -pv -RMS_threshold 1e-2
Errors = loc("<stdin>":16:10): error: Fusion with SplitK perfConfig is not legal
Lowering not applicable.

----------------------------------------------------------------------------------------------------
NOT_APPLICABLE: GemmGemmConfiguration(datatype='bf16', g=1, m=48, k=55, n=58, o=113, trans_a=True, trans_b=True, trans_c=False, trans_o=False, arch='gfx1100', chip='gfx1100', num_cu=70, num_chiplets=1, perfconfig='attn:v1:256,16,32,1,1,8,0,4,2,1,1')
Lowering rejected config as not applicable
Command line = -operation gemm_gemm -t bf16 --arch gfx1100 --num_cu 70 --num_chiplets 1 -g 1 -m 71 -k 50 -n 95 -gemmO 111 -transA=True -transB=False -transC=True -transO=True --perf_config=attn:v1:128,32,64,1,1,4,32,2,2,8,4 -pv -RMS_threshold 1e-2
Errors = loc("<stdin>":15:10): error: Fusion with SplitK perfConfig is not legal
Lowering not applicable.

----------------------------------------------------------------------------------------------------
NOT_APPLICABLE: GemmGemmConfiguration(datatype='bf16', g=1, m=71, k=50, n=95, o=111, trans_a=True, trans_b=False, trans_c=True, trans_o=True, arch='gfx1100', chip='gfx1100', num_cu=70, num_chiplets=1, perfconfig='attn:v1:128,32,64,1,1,4,32,2,2,8,4')
----------------------------------------------------------------------------------------------------
PASS: GemmGemmConfiguration(datatype='bf16', g=2, m=99, k=107, n=88, o=5, trans_a=True, trans_b=False, trans_c=False, trans_o=False, arch='gfx1100', chip='gfx1100', num_cu=70, num_chiplets=1, perfconfig='attn:v1:32,64,32,2,1,16,32,1,1,4,4')
----------------------------------------------------------------------------------------------------
PASS: GemmGemmConfiguration(datatype='f16', g=1, m=4, k=75, n=107, o=84, trans_a=True, trans_b=True, trans_c=False, trans_o=True, arch='gfx1100', chip='gfx1100', num_cu=70, num_chiplets=1, perfconfig='attn:v1:32,32,64,1,1,2,0,1,3,1,2')
Lowering rejected config as not applicable
Command line = -operation gemm_gemm -t f32 --arch gfx1100 --num_cu 70 --num_chiplets 1 -g 1 -m 99 -k 31 -n 34 -gemmO 59 -transA=False -transB=False -transC=True -transO=True --perf_config=attn:v1:256,32,128,1,1,1,0,3,3,0,4 -pv -relDiff_threshold 1e-4
Errors = loc("<stdin>":9:1): error: ttg.shared (131072) exceeds LDS limit (65536) for amdgcn-amd-amdhsa:gfx1100
Lowering not applicable.

----------------------------------------------------------------------------------------------------
NOT_APPLICABLE: GemmGemmConfiguration(datatype='f32', g=1, m=99, k=31, n=34, o=59, trans_a=False, trans_b=False, trans_c=True, trans_o=True, arch='gfx1100', chip='gfx1100', num_cu=70, num_chiplets=1, perfconfig='attn:v1:256,32,128,1,1,1,0,3,3,0,4')
Lowering rejected config as not applicable
Command line = -operation gemm_gemm -t f32 --arch gfx1100 --num_cu 70 --num_chiplets 1 -g 1 -m 48 -k 19 -n 80 -gemmO 65 -transA=False -transB=False -transC=True -transO=True --perf_config=attn:v1:64,256,64,2,1,1,32,1,3,4,2 -pv -relDiff_threshold 1e-4
Errors = loc("<stdin>":9:1): error: ttg.shared (131072) exceeds LDS limit (65536) for amdgcn-amd-amdhsa:gfx1100
Lowering not applicable.

----------------------------------------------------------------------------------------------------
NOT_APPLICABLE: GemmGemmConfiguration(datatype='f32', g=1, m=48, k=19, n=80, o=65, trans_a=False, trans_b=False, trans_c=True, trans_o=True, arch='gfx1100', chip='gfx1100', num_cu=70, num_chiplets=1, perfconfig='attn:v1:64,256,64,2,1,1,32,1,3,4,2')
----------------------------------------------------------------------------------------------------
PASS: GemmGemmConfiguration(datatype='f32', g=1, m=107, k=56, n=47, o=26, trans_a=True, trans_b=True, trans_c=False, trans_o=False, arch='gfx1100', chip='gfx1100', num_cu=70, num_chiplets=1, perfconfig='attn:v1:64,64,128,1,1,8,32,4,3,0,1')
----------------------------------------------------------------------------------------------------
PASS: GemmGemmConfiguration(datatype='bf16', g=2, m=61, k=39, n=92, o=5, trans_a=True, trans_b=True, trans_c=True, trans_o=False, arch='gfx1100', chip='gfx1100', num_cu=70, num_chiplets=1, perfconfig='attn:v1:128,256,16,1,1,1,32,1,3,4,8')
Lowering rejected config as not applicable
Command line = -operation gemm_gemm -t bf16 --arch gfx1100 --num_cu 70 --num_chiplets 1 -g 2 -m 4 -k 95 -n 124 -gemmO 27 -transA=False -transB=True -transC=True -transO=True --perf_config=attn:v1:16,16,64,2,1,8,0,3,2,8,8 -pv -RMS_threshold 1e-2
Errors = loc("<stdin>":16:10): error: Fusion with SplitK perfConfig is not legal
Lowering not applicable.

----------------------------------------------------------------------------------------------------
NOT_APPLICABLE: GemmGemmConfiguration(datatype='bf16', g=2, m=4, k=95, n=124, o=27, trans_a=False, trans_b=True, trans_c=True, trans_o=True, arch='gfx1100', chip='gfx1100', num_cu=70, num_chiplets=1, perfconfig='attn:v1:16,16,64,2,1,8,0,3,2,8,8')
Lowering rejected config as not applicable
Command line = -operation gemm_gemm -t bf16 --arch gfx1100 --num_cu 70 --num_chiplets 1 -g 2 -m 3 -k 79 -n 113 -gemmO 93 -transA=False -transB=False -transC=False -transO=True --perf_config=attn:v1:64,256,32,2,1,4,16,4,3,2,0 -pv -RMS_threshold 1e-2
Errors = loc("<stdin>":16:10): error: Fusion with SplitK perfConfig is not legal
Lowering not applicable.

----------------------------------------------------------------------------------------------------
NOT_APPLICABLE: GemmGemmConfiguration(datatype='bf16', g=2, m=3, k=79, n=113, o=93, trans_a=False, trans_b=False, trans_c=False, trans_o=True, arch='gfx1100', chip='gfx1100', num_cu=70, num_chiplets=1, perfconfig='attn:v1:64,256,32,2,1,4,16,4,3,2,0')
Lowering rejected config as not applicable
Command line = -operation gemm_gemm -t f16 --arch gfx1100 --num_cu 70 --num_chiplets 1 -g 1 -m 23 -k 87 -n 48 -gemmO 58 -transA=True -transB=False -transC=True -transO=False --perf_config=attn:v1:128,16,32,2,1,4,32,2,2,1,4 -pv
Errors = loc("<stdin>":15:10): error: Fusion with SplitK perfConfig is not legal
Lowering not applicable.

----------------------------------------------------------------------------------------------------
NOT_APPLICABLE: GemmGemmConfiguration(datatype='f16', g=1, m=23, k=87, n=48, o=58, trans_a=True, trans_b=False, trans_c=True, trans_o=False, arch='gfx1100', chip='gfx1100', num_cu=70, num_chiplets=1, perfconfig='attn:v1:128,16,32,2,1,4,32,2,2,1,4')
Lowering rejected config as not applicable
Command line = -operation gemm_gemm -t f16 --arch gfx1100 --num_cu 70 --num_chiplets 1 -g 1 -m 90 -k 95 -n 6 -gemmO 101 -transA=True -transB=True -transC=True -transO=True --perf_config=attn:v1:16,256,32,2,1,1,16,4,1,2,0 -pv
Errors = loc("<stdin>":16:10): error: Fusion with SplitK perfConfig is not legal
Lowering not applicable.

----------------------------------------------------------------------------------------------------
NOT_APPLICABLE: GemmGemmConfiguration(datatype='f16', g=1, m=90, k=95, n=6, o=101, trans_a=True, trans_b=True, trans_c=True, trans_o=True, arch='gfx1100', chip='gfx1100', num_cu=70, num_chiplets=1, perfconfig='attn:v1:16,256,32,2,1,1,16,4,1,2,0')
Lowering rejected config as not applicable
Command line = -operation gemm_gemm -t f16 --arch gfx1100 --num_cu 70 --num_chiplets 1 -g 2 -m 101 -k 20 -n 44 -gemmO 30 -transA=False -transB=True -transC=False -transO=False --perf_config=attn:v1:128,16,32,2,1,16,16,2,1,8,1 -pv
Errors = loc("<stdin>":16:10): error: Fusion with SplitK perfConfig is not legal
Lowering not applicable.

----------------------------------------------------------------------------------------------------
NOT_APPLICABLE: GemmGemmConfiguration(datatype='f16', g=2, m=101, k=20, n=44, o=30, trans_a=False, trans_b=True, trans_c=False, trans_o=False, arch='gfx1100', chip='gfx1100', num_cu=70, num_chiplets=1, perfconfig='attn:v1:128,16,32,2,1,16,16,2,1,8,1')
Lowering rejected config as not applicable
Command line = -operation gemm_gemm -t bf16 --arch gfx1100 --num_cu 70 --num_chiplets 1 -g 2 -m 45 -k 98 -n 42 -gemmO 83 -transA=False -transB=False -transC=True -transO=False --perf_config=attn:v1:64,32,16,2,1,1,32,4,1,8,8 -pv -RMS_threshold 1e-2
Errors = loc("<stdin>":16:10): error: Fusion with SplitK perfConfig is not legal
Lowering not applicable.

----------------------------------------------------------------------------------------------------
NOT_APPLICABLE: GemmGemmConfiguration(datatype='bf16', g=2, m=45, k=98, n=42, o=83, trans_a=False, trans_b=False, trans_c=True, trans_o=False, arch='gfx1100', chip='gfx1100', num_cu=70, num_chiplets=1, perfconfig='attn:v1:64,32,16,2,1,1,32,4,1,8,8')
Lowering rejected config as not applicable
Command line = -operation gemm_gemm -t bf16 --arch gfx1100 --num_cu 70 --num_chiplets 1 -g 2 -m 126 -k 24 -n 38 -gemmO 117 -transA=True -transB=False -transC=False -transO=True --perf_config=attn:v1:256,16,32,2,1,16,16,4,3,0,2 -pv -RMS_threshold 1e-2
Errors = loc("<stdin>":16:10): error: Fusion with SplitK perfConfig is not legal
Lowering not applicable.

----------------------------------------------------------------------------------------------------
NOT_APPLICABLE: GemmGemmConfiguration(datatype='bf16', g=2, m=126, k=24, n=38, o=117, trans_a=True, trans_b=False, trans_c=False, trans_o=True, arch='gfx1100', chip='gfx1100', num_cu=70, num_chiplets=1, perfconfig='attn:v1:256,16,32,2,1,16,16,4,3,0,2')
Lowering rejected config as not applicable
Command line = -operation gemm_gemm -t f32 --arch gfx1100 --num_cu 70 --num_chiplets 1 -g 2 -m 68 -k 39 -n 86 -gemmO 78 -transA=False -transB=True -transC=False -transO=True --perf_config=attn:v1:32,256,32,1,1,16,0,4,3,2,4 -pv -relDiff_threshold 1e-4
Errors = loc("<stdin>":10:1): error: ttg.shared (131072) exceeds LDS limit (65536) for amdgcn-amd-amdhsa:gfx1100
Lowering not applicable.

----------------------------------------------------------------------------------------------------
NOT_APPLICABLE: GemmGemmConfiguration(datatype='f32', g=2, m=68, k=39, n=86, o=78, trans_a=False, trans_b=True, trans_c=False, trans_o=True, arch='gfx1100', chip='gfx1100', num_cu=70, num_chiplets=1, perfconfig='attn:v1:32,256,32,1,1,16,0,4,3,2,4')
Lowering rejected config as not applicable
Command line = -operation gemm_gemm -t f16 --arch gfx1100 --num_cu 70 --num_chiplets 1 -g 1 -m 102 -k 11 -n 56 -gemmO 124 -transA=False -transB=False -transC=True -transO=False --perf_config=attn:v1:64,16,64,1,1,4,32,2,2,0,2 -pv
Errors = loc("<stdin>":15:10): error: Fusion with SplitK perfConfig is not legal
Lowering not applicable.

----------------------------------------------------------------------------------------------------
NOT_APPLICABLE: GemmGemmConfiguration(datatype='f16', g=1, m=102, k=11, n=56, o=124, trans_a=False, trans_b=False, trans_c=True, trans_o=False, arch='gfx1100', chip='gfx1100', num_cu=70, num_chiplets=1, perfconfig='attn:v1:64,16,64,1,1,4,32,2,2,0,2')
Lowering rejected config as not applicable
Command line = -operation gemm_gemm -t f16 --arch gfx1100 --num_cu 70 --num_chiplets 1 -g 1 -m 50 -k 87 -n 51 -gemmO 105 -transA=True -transB=True -transC=False -transO=False --perf_config=attn:v1:16,32,32,1,1,16,32,3,3,8,1 -pv
Errors = loc("<stdin>":16:10): error: Fusion with SplitK perfConfig is not legal
Lowering not applicable.

----------------------------------------------------------------------------------------------------
NOT_APPLICABLE: GemmGemmConfiguration(datatype='f16', g=1, m=50, k=87, n=51, o=105, trans_a=True, trans_b=True, trans_c=False, trans_o=False, arch='gfx1100', chip='gfx1100', num_cu=70, num_chiplets=1, perfconfig='attn:v1:16,32,32,1,1,16,32,3,3,8,1')
Lowering rejected config as not applicable
Command line = -operation gemm_gemm -t f16 --arch gfx1100 --num_cu 70 --num_chiplets 1 -g 2 -m 97 -k 93 -n 122 -gemmO 8 -transA=False -transB=True -transC=True -transO=False --perf_config=attn:v1:128,16,16,1,1,4,16,3,2,2,1 -pv
Errors = loc("<stdin>":16:10): error: Fusion with SplitK perfConfig is not legal
Lowering not applicable.

----------------------------------------------------------------------------------------------------
NOT_APPLICABLE: GemmGemmConfiguration(datatype='f16', g=2, m=97, k=93, n=122, o=8, trans_a=False, trans_b=True, trans_c=True, trans_o=False, arch='gfx1100', chip='gfx1100', num_cu=70, num_chiplets=1, perfconfig='attn:v1:128,16,16,1,1,4,16,3,2,2,1')
Lowering rejected config as not applicable
Command line = -operation gemm_gemm -t f16 --arch gfx1100 --num_cu 70 --num_chiplets 1 -g 2 -m 104 -k 98 -n 15 -gemmO 18 -transA=False -transB=True -transC=True -transO=False --perf_config=attn:v1:64,32,16,1,1,8,16,4,3,0,1 -pv
Errors = loc("<stdin>":16:10): error: Fusion with SplitK perfConfig is not legal
Lowering not applicable.

----------------------------------------------------------------------------------------------------
NOT_APPLICABLE: GemmGemmConfiguration(datatype='f16', g=2, m=104, k=98, n=15, o=18, trans_a=False, trans_b=True, trans_c=True, trans_o=False, arch='gfx1100', chip='gfx1100', num_cu=70, num_chiplets=1, perfconfig='attn:v1:64,32,16,1,1,8,16,4,3,0,1')
----------------------------------------------------------------------------------------------------
PASS: GemmGemmConfiguration(datatype='f16', g=2, m=24, k=7, n=1, o=29, trans_a=True, trans_b=True, trans_c=True, trans_o=True, arch='gfx1100', chip='gfx1100', num_cu=70, num_chiplets=1, perfconfig='attn:v1:128,128,16,2,1,8,16,1,2,2,8')
----------------------------------------------------------------------------------------------------
PASS: GemmGemmConfiguration(datatype='f16', g=1, m=110, k=33, n=119, o=72, trans_a=False, trans_b=True, trans_c=True, trans_o=True, arch='gfx1100', chip='gfx1100', num_cu=70, num_chiplets=1, perfconfig='attn:v1:16,64,64,1,1,4,16,1,3,8,4')
----------------------------------------------------------------------------------------------------
PASS: GemmGemmConfiguration(datatype='f32', g=1, m=6, k=122, n=8, o=88, trans_a=False, trans_b=False, trans_c=True, trans_o=False, arch='gfx1100', chip='gfx1100', num_cu=70, num_chiplets=1, perfconfig='attn:v1:64,16,64,2,1,1,0,2,2,0,8')
----------------------------------------------------------------------------------------------------
PASS: GemmGemmConfiguration(datatype='f32', g=2, m=111, k=101, n=82, o=69, trans_a=False, trans_b=False, trans_c=False, trans_o=False, arch='gfx1100', chip='gfx1100', num_cu=70, num_chiplets=1, perfconfig='attn:v1:64,128,64,2,1,2,32,4,2,4,2')
Lowering rejected config as not applicable
Command line = -operation gemm_gemm -t f16 --arch gfx1100 --num_cu 70 --num_chiplets 1 -g 2 -m 32 -k 123 -n 37 -gemmO 120 -transA=True -transB=False -transC=True -transO=False --perf_config=attn:v1:32,16,16,1,1,4,0,3,3,2,1 -pv
Errors = loc("<stdin>":16:10): error: Fusion with SplitK perfConfig is not legal
Lowering not applicable.

----------------------------------------------------------------------------------------------------
NOT_APPLICABLE: GemmGemmConfiguration(datatype='f16', g=2, m=32, k=123, n=37, o=120, trans_a=True, trans_b=False, trans_c=True, trans_o=False, arch='gfx1100', chip='gfx1100', num_cu=70, num_chiplets=1, perfconfig='attn:v1:32,16,16,1,1,4,0,3,3,2,1')
Lowering rejected config as not applicable
Command line = -operation gemm_gemm -t bf16 --arch gfx1100 --num_cu 70 --num_chiplets 1 -g 1 -m 118 -k 73 -n 7 -gemmO 87 -transA=True -transB=True -transC=True -transO=False --perf_config=attn:v1:128,64,16,1,1,16,0,4,3,2,0 -pv -RMS_threshold 1e-2
Errors = loc("<stdin>":16:10): error: Fusion with SplitK perfConfig is not legal
Lowering not applicable.

----------------------------------------------------------------------------------------------------
NOT_APPLICABLE: GemmGemmConfiguration(datatype='bf16', g=1, m=118, k=73, n=7, o=87, trans_a=True, trans_b=True, trans_c=True, trans_o=False, arch='gfx1100', chip='gfx1100', num_cu=70, num_chiplets=1, perfconfig='attn:v1:128,64,16,1,1,16,0,4,3,2,0')
Lowering rejected config as not applicable
Command line = -operation gemm_gemm -t bf16 --arch gfx1100 --num_cu 70 --num_chiplets 1 -g 2 -m 96 -k 121 -n 119 -gemmO 91 -transA=False -transB=True -transC=True -transO=False --perf_config=attn:v1:64,64,32,2,1,8,32,4,3,1,1 -pv -RMS_threshold 1e-2
Errors = loc("<stdin>":16:10): error: Fusion with SplitK perfConfig is not legal
Lowering not applicable.

----------------------------------------------------------------------------------------------------
NOT_APPLICABLE: GemmGemmConfiguration(datatype='bf16', g=2, m=96, k=121, n=119, o=91, trans_a=False, trans_b=True, trans_c=True, trans_o=False, arch='gfx1100', chip='gfx1100', num_cu=70, num_chiplets=1, perfconfig='attn:v1:64,64,32,2,1,8,32,4,3,1,1')
Lowering rejected config as not applicable
Command line = -operation gemm_gemm -t bf16 --arch gfx1100 --num_cu 70 --num_chiplets 1 -g 2 -m 116 -k 113 -n 31 -gemmO 64 -transA=False -transB=False -transC=False -transO=False --perf_config=attn:v1:16,64,128,1,1,2,32,2,1,1,1 -pv -RMS_threshold 1e-2
Errors = loc("<stdin>":16:10): error: Fusion with SplitK perfConfig is not legal
Lowering not applicable.

----------------------------------------------------------------------------------------------------
NOT_APPLICABLE: GemmGemmConfiguration(datatype='bf16', g=2, m=116, k=113, n=31, o=64, trans_a=False, trans_b=False, trans_c=False, trans_o=False, arch='gfx1100', chip='gfx1100', num_cu=70, num_chiplets=1, perfconfig='attn:v1:16,64,128,1,1,2,32,2,1,1,1')
Lowering rejected config as not applicable
Command line = -operation gemm_gemm -t bf16 --arch gfx1100 --num_cu 70 --num_chiplets 1 -g 1 -m 117 -k 105 -n 64 -gemmO 121 -transA=False -transB=True -transC=False -transO=True --perf_config=attn:v1:256,256,16,1,1,2,32,4,2,4,1 -pv -RMS_threshold 1e-2
Errors = loc("<stdin>":15:10): error: Fusion with SplitK perfConfig is not legal
Lowering not applicable.

----------------------------------------------------------------------------------------------------
NOT_APPLICABLE: GemmGemmConfiguration(datatype='bf16', g=1, m=117, k=105, n=64, o=121, trans_a=False, trans_b=True, trans_c=False, trans_o=True, arch='gfx1100', chip='gfx1100', num_cu=70, num_chiplets=1, perfconfig='attn:v1:256,256,16,1,1,2,32,4,2,4,1')
----------------------------------------------------------------------------------------------------
PASS: GemmGemmConfiguration(datatype='f32', g=2, m=50, k=34, n=99, o=67, trans_a=False, trans_b=True, trans_c=False, trans_o=False, arch='gfx1100', chip='gfx1100', num_cu=70, num_chiplets=1, perfconfig='attn:v1:16,64,64,1,1,16,16,2,3,1,2')
----------------------------------------------------------------------------------------------------
PASS: GemmGemmConfiguration(datatype='bf16', g=2, m=7, k=55, n=76, o=41, trans_a=False, trans_b=True, trans_c=True, trans_o=False, arch='gfx1100', chip='gfx1100', num_cu=70, num_chiplets=1, perfconfig='attn:v1:32,32,32,1,1,2,16,1,3,4,0')
Lowering rejected config as not applicable
Command line = -operation gemm_gemm -t f16 --arch gfx1100 --num_cu 70 --num_chiplets 1 -g 2 -m 83 -k 119 -n 101 -gemmO 9 -transA=False -transB=True -transC=False -transO=True --perf_config=attn:v1:32,256,64,1,1,1,16,1,3,0,4 -pv
Errors = loc("<stdin>":11:1): error: ttg.shared (73728) exceeds LDS limit (65536) for amdgcn-amd-amdhsa:gfx1100
Lowering not applicable.

----------------------------------------------------------------------------------------------------
NOT_APPLICABLE: GemmGemmConfiguration(datatype='f16', g=2, m=83, k=119, n=101, o=9, trans_a=False, trans_b=True, trans_c=False, trans_o=True, arch='gfx1100', chip='gfx1100', num_cu=70, num_chiplets=1, perfconfig='attn:v1:32,256,64,1,1,1,16,1,3,0,4')
Lowering rejected config as not applicable
Command line = -operation gemm_gemm -t bf16 --arch gfx1100 --num_cu 70 --num_chiplets 1 -g 1 -m 6 -k 73 -n 120 -gemmO 74 -transA=False -transB=True -transC=True -transO=True --perf_config=attn:v1:64,256,128,2,1,4,0,3,1,1,0 -pv -RMS_threshold 1e-2
Errors = loc("<stdin>":15:10): error: Fusion with SplitK perfConfig is not legal
Lowering not applicable.

----------------------------------------------------------------------------------------------------
NOT_APPLICABLE: GemmGemmConfiguration(datatype='bf16', g=1, m=6, k=73, n=120, o=74, trans_a=False, trans_b=True, trans_c=True, trans_o=True, arch='gfx1100', chip='gfx1100', num_cu=70, num_chiplets=1, perfconfig='attn:v1:64,256,128,2,1,4,0,3,1,1,0')
Lowering rejected config as not applicable
Command line = -operation gemm_gemm -t f16 --arch gfx1100 --num_cu 70 --num_chiplets 1 -g 1 -m 14 -k 17 -n 67 -gemmO 108 -transA=True -transB=True -transC=True -transO=False --perf_config=attn:v1:128,128,32,2,1,1,32,4,2,1,8 -pv
Errors = loc("<stdin>":16:10): error: Fusion with SplitK perfConfig is not legal
Lowering not applicable.

----------------------------------------------------------------------------------------------------
NOT_APPLICABLE: GemmGemmConfiguration(datatype='f16', g=1, m=14, k=17, n=67, o=108, trans_a=True, trans_b=True, trans_c=True, trans_o=False, arch='gfx1100', chip='gfx1100', num_cu=70, num_chiplets=1, perfconfig='attn:v1:128,128,32,2,1,1,32,4,2,1,8')
Lowering rejected config as not applicable
Command line = -operation gemm_gemm -t f16 --arch gfx1100 --num_cu 70 --num_chiplets 1 -g 2 -m 28 -k 17 -n 87 -gemmO 15 -transA=False -transB=False -transC=True -transO=True --perf_config=attn:v1:64,64,32,1,1,1,16,2,1,4,0 -pv
Errors = loc("<stdin>":16:10): error: Fusion with SplitK perfConfig is not legal
Lowering not applicable.

----------------------------------------------------------------------------------------------------
NOT_APPLICABLE: GemmGemmConfiguration(datatype='f16', g=2, m=28, k=17, n=87, o=15, trans_a=False, trans_b=False, trans_c=True, trans_o=True, arch='gfx1100', chip='gfx1100', num_cu=70, num_chiplets=1, perfconfig='attn:v1:64,64,32,1,1,1,16,2,1,4,0')
Lowering rejected config as not applicable
Command line = -operation gemm_gemm -t f32 --arch gfx1100 --num_cu 70 --num_chiplets 1 -g 1 -m 128 -k 27 -n 123 -gemmO 98 -transA=False -transB=True -transC=True -transO=False --perf_config=attn:v1:16,256,32,2,1,8,32,4,1,1,1 -pv -relDiff_threshold 1e-4
Errors = loc("<stdin>":9:1): error: ttg.shared (131072) exceeds LDS limit (65536) for amdgcn-amd-amdhsa:gfx1100
Lowering not applicable.

----------------------------------------------------------------------------------------------------
NOT_APPLICABLE: GemmGemmConfiguration(datatype='f32', g=1, m=128, k=27, n=123, o=98, trans_a=False, trans_b=True, trans_c=True, trans_o=False, arch='gfx1100', chip='gfx1100', num_cu=70, num_chiplets=1, perfconfig='attn:v1:16,256,32,2,1,8,32,4,1,1,1')
----------------------------------------------------------------------------------------------------
PASS: GemmGemmConfiguration(datatype='f16', g=2, m=124, k=17, n=100, o=41, trans_a=False, trans_b=False, trans_c=True, trans_o=False, arch='gfx1100', chip='gfx1100', num_cu=70, num_chiplets=1, perfconfig='attn:v1:32,64,64,2,1,2,32,1,2,2,4')
----------------------------------------------------------------------------------------------------
PASS: GemmGemmConfiguration(datatype='bf16', g=2, m=39, k=115, n=25, o=52, trans_a=False, trans_b=True, trans_c=True, trans_o=False, arch='gfx1100', chip='gfx1100', num_cu=70, num_chiplets=1, perfconfig='attn:v1:16,64,64,2,1,1,0,1,2,0,2')
----------------------------------------------------------------------------------------------------
PASS: GemmGemmConfiguration(datatype='bf16', g=2, m=33, k=115, n=125, o=28, trans_a=True, trans_b=False, trans_c=True, trans_o=False, arch='gfx1100', chip='gfx1100', num_cu=70, num_chiplets=1, perfconfig='attn:v1:64,256,32,2,1,4,16,1,3,1,0')
----------------------------------------------------------------------------------------------------
PASS: GemmGemmConfiguration(datatype='f32', g=1, m=24, k=11, n=95, o=105, trans_a=False, trans_b=True, trans_c=True, trans_o=True, arch='gfx1100', chip='gfx1100', num_cu=70, num_chiplets=1, perfconfig='attn:v1:64,64,128,2,1,8,32,3,3,4,0')
Lowering rejected config as not applicable
Command line = -operation gemm_gemm -t f16 --arch gfx1100 --num_cu 70 --num_chiplets 1 -g 1 -m 42 -k 41 -n 14 -gemmO 13 -transA=True -transB=True -transC=True -transO=False --perf_config=attn:v1:64,64,128,2,1,4,32,2,1,1,0 -pv
Errors = loc("<stdin>":16:10): error: Fusion with SplitK perfConfig is not legal
Lowering not applicable.

----------------------------------------------------------------------------------------------------
NOT_APPLICABLE: GemmGemmConfiguration(datatype='f16', g=1, m=42, k=41, n=14, o=13, trans_a=True, trans_b=True, trans_c=True, trans_o=False, arch='gfx1100', chip='gfx1100', num_cu=70, num_chiplets=1, perfconfig='attn:v1:64,64,128,2,1,4,32,2,1,1,0')
Lowering rejected config as not applicable
Command line = -operation gemm_gemm -t bf16 --arch gfx1100 --num_cu 70 --num_chiplets 1 -g 1 -m 99 -k 5 -n 60 -gemmO 112 -transA=False -transB=True -transC=True -transO=False --perf_config=attn:v1:16,32,128,2,1,4,0,2,2,1,1 -pv -RMS_threshold 1e-2
Errors = loc("<stdin>":15:10): error: Fusion with SplitK perfConfig is not legal
Lowering not applicable.

----------------------------------------------------------------------------------------------------
NOT_APPLICABLE: GemmGemmConfiguration(datatype='bf16', g=1, m=99, k=5, n=60, o=112, trans_a=False, trans_b=True, trans_c=True, trans_o=False, arch='gfx1100', chip='gfx1100', num_cu=70, num_chiplets=1, perfconfig='attn:v1:16,32,128,2,1,4,0,2,2,1,1')
Lowering rejected config as not applicable
Command line = -operation gemm_gemm -t f16 --arch gfx1100 --num_cu 70 --num_chiplets 1 -g 1 -m 61 -k 88 -n 40 -gemmO 18 -transA=True -transB=True -transC=False -transO=False --perf_config=attn:v1:32,16,16,2,1,8,0,4,2,0,0 -pv
Errors = loc("<stdin>":16:10): error: Fusion with SplitK perfConfig is not legal
Lowering not applicable.

----------------------------------------------------------------------------------------------------
NOT_APPLICABLE: GemmGemmConfiguration(datatype='f16', g=1, m=61, k=88, n=40, o=18, trans_a=True, trans_b=True, trans_c=False, trans_o=False, arch='gfx1100', chip='gfx1100', num_cu=70, num_chiplets=1, perfconfig='attn:v1:32,16,16,2,1,8,0,4,2,0,0')
----------------------------------------------------------------------------------------------------
PASS: GemmGemmConfiguration(datatype='f32', g=1, m=75, k=39, n=69, o=59, trans_a=False, trans_b=False, trans_c=False, trans_o=True, arch='gfx1100', chip='gfx1100', num_cu=70, num_chiplets=1, perfconfig='attn:v1:128,16,32,2,1,16,0,1,1,0,1')
----------------------------------------------------------------------------------------------------
PASS: GemmGemmConfiguration(datatype='f32', g=2, m=2, k=55, n=104, o=9, trans_a=True, trans_b=True, trans_c=True, trans_o=True, arch='gfx1100', chip='gfx1100', num_cu=70, num_chiplets=1, perfconfig='attn:v1:32,16,32,1,1,4,0,3,3,0,1')
----------------------------------------------------------------------------------------------------
PASS: GemmGemmConfiguration(datatype='bf16', g=1, m=12, k=79, n=124, o=7, trans_a=False, trans_b=False, trans_c=True, trans_o=True, arch='gfx1100', chip='gfx1100', num_cu=70, num_chiplets=1, perfconfig='attn:v1:32,64,32,2,1,4,32,1,2,0,8')
----------------------------------------------------------------------------------------------------
PASS: GemmGemmConfiguration(datatype='bf16', g=2, m=59, k=97, n=27, o=91, trans_a=False, trans_b=False, trans_c=False, trans_o=True, arch='gfx1100', chip='gfx1100', num_cu=70, num_chiplets=1, perfconfig='attn:v1:64,64,128,1,1,4,0,1,3,1,4')
----------------------------------------------------------------------------------------------------
PASS: GemmGemmConfiguration(datatype='f32', g=1, m=22, k=14, n=109, o=108, trans_a=False, trans_b=False, trans_c=True, trans_o=False, arch='gfx1100', chip='gfx1100', num_cu=70, num_chiplets=1, perfconfig='attn:v1:256,16,16,1,1,8,0,1,2,8,0')
Lowering rejected config as not applicable
Command line = -operation gemm_gemm -t bf16 --arch gfx1100 --num_cu 70 --num_chiplets 1 -g 2 -m 91 -k 83 -n 66 -gemmO 51 -transA=False -transB=True -transC=False -transO=True --perf_config=attn:v1:128,64,64,1,1,16,32,3,1,8,0 -pv -RMS_threshold 1e-2
Errors = loc("<stdin>":16:10): error: Fusion with SplitK perfConfig is not legal
Lowering not applicable.

----------------------------------------------------------------------------------------------------
NOT_APPLICABLE: GemmGemmConfiguration(datatype='bf16', g=2, m=91, k=83, n=66, o=51, trans_a=False, trans_b=True, trans_c=False, trans_o=True, arch='gfx1100', chip='gfx1100', num_cu=70, num_chiplets=1, perfconfig='attn:v1:128,64,64,1,1,16,32,3,1,8,0')
Lowering rejected config as not applicable
Command line = -operation gemm_gemm -t bf16 --arch gfx1100 --num_cu 70 --num_chiplets 1 -g 1 -m 54 -k 121 -n 81 -gemmO 52 -transA=False -transB=True -transC=True -transO=False --perf_config=attn:v1:16,256,128,1,1,16,16,4,3,2,2 -pv -RMS_threshold 1e-2
Errors = loc("<stdin>":15:10): error: Fusion with SplitK perfConfig is not legal
Lowering not applicable.

----------------------------------------------------------------------------------------------------
NOT_APPLICABLE: GemmGemmConfiguration(datatype='bf16', g=1, m=54, k=121, n=81, o=52, trans_a=False, trans_b=True, trans_c=True, trans_o=False, arch='gfx1100', chip='gfx1100', num_cu=70, num_chiplets=1, perfconfig='attn:v1:16,256,128,1,1,16,16,4,3,2,2')
Lowering rejected config as not applicable
Command line = -operation gemm_gemm -t bf16 --arch gfx1100 --num_cu 70 --num_chiplets 1 -g 2 -m 59 -k 116 -n 49 -gemmO 65 -transA=True -transB=False -transC=True -transO=True --perf_config=attn:v1:256,32,16,2,1,4,0,4,3,8,4 -pv -RMS_threshold 1e-2
Errors = loc("<stdin>":16:10): error: Fusion with SplitK perfConfig is not legal
Lowering not applicable.

----------------------------------------------------------------------------------------------------
NOT_APPLICABLE: GemmGemmConfiguration(datatype='bf16', g=2, m=59, k=116, n=49, o=65, trans_a=True, trans_b=False, trans_c=True, trans_o=True, arch='gfx1100', chip='gfx1100', num_cu=70, num_chiplets=1, perfconfig='attn:v1:256,32,16,2,1,4,0,4,3,8,4')
Lowering rejected config as not applicable
Command line = -operation gemm_gemm -t f32 --arch gfx1100 --num_cu 70 --num_chiplets 1 -g 1 -m 90 -k 118 -n 69 -gemmO 92 -transA=True -transB=False -transC=False -transO=True --perf_config=attn:v1:32,256,128,2,1,4,32,4,3,0,1 -pv -relDiff_threshold 1e-4
Errors = loc("<stdin>":10:1): error: ttg.shared (131072) exceeds LDS limit (65536) for amdgcn-amd-amdhsa:gfx1100
Lowering not applicable.

----------------------------------------------------------------------------------------------------
NOT_APPLICABLE: GemmGemmConfiguration(datatype='f32', g=1, m=90, k=118, n=69, o=92, trans_a=True, trans_b=False, trans_c=False, trans_o=True, arch='gfx1100', chip='gfx1100', num_cu=70, num_chiplets=1, perfconfig='attn:v1:32,256,128,2,1,4,32,4,3,0,1')
----------------------------------------------------------------------------------------------------
PASS: GemmGemmConfiguration(datatype='f16', g=2, m=75, k=22, n=120, o=26, trans_a=True, trans_b=True, trans_c=False, trans_o=True, arch='gfx1100', chip='gfx1100', num_cu=70, num_chiplets=1, perfconfig='attn:v1:32,256,16,2,1,4,16,1,2,4,0')
----------------------------------------------------------------------------------------------------
PASS: GemmGemmConfiguration(datatype='f32', g=2, m=104, k=37, n=31, o=49, trans_a=True, trans_b=False, trans_c=False, trans_o=True, arch='gfx1100', chip='gfx1100', num_cu=70, num_chiplets=1, perfconfig='attn:v1:64,32,128,1,1,8,32,2,1,1,0')
----------------------------------------------------------------------------------------------------
PASS: GemmGemmConfiguration(datatype='f32', g=2, m=122, k=76, n=69, o=60, trans_a=True, trans_b=True, trans_c=False, trans_o=True, arch='gfx1100', chip='gfx1100', num_cu=70, num_chiplets=1, perfconfig='attn:v1:128,16,128,2,1,1,16,1,1,1,0')
----------------------------------------------------------------------------------------------------
PASS: GemmGemmConfiguration(datatype='f32', g=2, m=77, k=28, n=70, o=89, trans_a=False, trans_b=True, trans_c=False, trans_o=False, arch='gfx1100', chip='gfx1100', num_cu=70, num_chiplets=1, perfconfig='attn:v1:64,64,128,1,1,4,0,4,3,2,8')
Lowering rejected config as not applicable
Command line = -operation gemm_gemm -t f16 --arch gfx1100 --num_cu 70 --num_chiplets 1 -g 2 -m 29 -k 45 -n 37 -gemmO 44 -transA=True -transB=False -transC=False -transO=True --perf_config=attn:v1:16,128,128,2,1,1,0,2,2,0,8 -pv
Errors = loc("<stdin>":16:10): error: Fusion with SplitK perfConfig is not legal
Lowering not applicable.

----------------------------------------------------------------------------------------------------
NOT_APPLICABLE: GemmGemmConfiguration(datatype='f16', g=2, m=29, k=45, n=37, o=44, trans_a=True, trans_b=False, trans_c=False, trans_o=True, arch='gfx1100', chip='gfx1100', num_cu=70, num_chiplets=1, perfconfig='attn:v1:16,128,128,2,1,1,0,2,2,0,8')
Lowering rejected config as not applicable
Command line = -operation gemm_gemm -t f16 --arch gfx1100 --num_cu 70 --num_chiplets 1 -g 1 -m 14 -k 31 -n 58 -gemmO 61 -transA=True -transB=True -transC=True -transO=True --perf_config=attn:v1:256,16,16,1,1,2,16,2,3,2,1 -pv
Errors = loc("<stdin>":16:10): error: Fusion with SplitK perfConfig is not legal
Lowering not applicable.

----------------------------------------------------------------------------------------------------
NOT_APPLICABLE: GemmGemmConfiguration(datatype='f16', g=1, m=14, k=31, n=58, o=61, trans_a=True, trans_b=True, trans_c=True, trans_o=True, arch='gfx1100', chip='gfx1100', num_cu=70, num_chiplets=1, perfconfig='attn:v1:256,16,16,1,1,2,16,2,3,2,1')
Lowering rejected config as not applicable
Command line = -operation gemm_gemm -t f32 --arch gfx1100 --num_cu 70 --num_chiplets 1 -g 1 -m 98 -k 126 -n 69 -gemmO 20 -transA=True -transB=True -transC=True -transO=False --perf_config=attn:v1:64,256,64,2,1,4,32,2,3,2,2 -pv -relDiff_threshold 1e-4
Errors = loc("<stdin>":10:1): error: ttg.shared (163840) exceeds LDS limit (65536) for amdgcn-amd-amdhsa:gfx1100
Lowering not applicable.

----------------------------------------------------------------------------------------------------
NOT_APPLICABLE: GemmGemmConfiguration(datatype='f32', g=1, m=98, k=126, n=69, o=20, trans_a=True, trans_b=True, trans_c=True, trans_o=False, arch='gfx1100', chip='gfx1100', num_cu=70, num_chiplets=1, perfconfig='attn:v1:64,256,64,2,1,4,32,2,3,2,2')
----------------------------------------------------------------------------------------------------
PASS: GemmGemmConfiguration(datatype='f32', g=2, m=81, k=47, n=97, o=88, trans_a=True, trans_b=False, trans_c=True, trans_o=True, arch='gfx1100', chip='gfx1100', num_cu=70, num_chiplets=1, perfconfig='attn:v1:64,16,16,2,1,4,32,3,1,2,1')
----------------------------------------------------------------------------------------------------
PASS: GemmGemmConfiguration(datatype='f16', g=2, m=51, k=16, n=6, o=24, trans_a=False, trans_b=False, trans_c=False, trans_o=False, arch='gfx1100', chip='gfx1100', num_cu=70, num_chiplets=1, perfconfig='attn:v1:16,256,64,2,1,2,32,1,3,0,2')
----------------------------------------------------------------------------------------------------
PASS: GemmGemmConfiguration(datatype='f32', g=2, m=81, k=35, n=29, o=127, trans_a=False, trans_b=True, trans_c=True, trans_o=False, arch='gfx1100', chip='gfx1100', num_cu=70, num_chiplets=1, perfconfig='attn:v1:128,64,16,1,1,8,16,2,1,0,8')
----------------------------------------------------------------------------------------------------
PASS: GemmGemmConfiguration(datatype='f32', g=1, m=121, k=93, n=9, o=128, trans_a=True, trans_b=True, trans_c=True, trans_o=False, arch='gfx1100', chip='gfx1100', num_cu=70, num_chiplets=1, perfconfig='attn:v1:64,64,16,2,1,2,32,1,3,8,8')
----------------------------------------------------------------------------------------------------
PASS: GemmGemmConfiguration(datatype='f32', g=2, m=109, k=100, n=84, o=82, trans_a=False, trans_b=True, trans_c=True, trans_o=True, arch='gfx1100', chip='gfx1100', num_cu=70, num_chiplets=1, perfconfig='attn:v1:128,32,128,2,1,4,0,4,3,0,1')
Lowering rejected config as not applicable
Command line = -operation gemm_gemm -t bf16 --arch gfx1100 --num_cu 70 --num_chiplets 1 -g 1 -m 24 -k 115 -n 117 -gemmO 65 -transA=False -transB=True -transC=False -transO=False --perf_config=attn:v1:128,256,128,1,1,2,32,2,1,0,2 -pv -RMS_threshold 1e-2
Errors = loc("<stdin>":15:10): error: Fusion with SplitK perfConfig is not legal
Lowering not applicable.

----------------------------------------------------------------------------------------------------
NOT_APPLICABLE: GemmGemmConfiguration(datatype='bf16', g=1, m=24, k=115, n=117, o=65, trans_a=False, trans_b=True, trans_c=False, trans_o=False, arch='gfx1100', chip='gfx1100', num_cu=70, num_chiplets=1, perfconfig='attn:v1:128,256,128,1,1,2,32,2,1,0,2')
Lowering rejected config as not applicable
Command line = -operation gemm_gemm -t bf16 --arch gfx1100 --num_cu 70 --num_chiplets 1 -g 1 -m 91 -k 50 -n 126 -gemmO 30 -transA=False -transB=True -transC=False -transO=False --perf_config=attn:v1:16,32,64,1,1,16,0,3,2,1,8 -pv -RMS_threshold 1e-2
Errors = loc("<stdin>":15:10): error: Fusion with SplitK perfConfig is not legal
Lowering not applicable.

----------------------------------------------------------------------------------------------------
NOT_APPLICABLE: GemmGemmConfiguration(datatype='bf16', g=1, m=91, k=50, n=126, o=30, trans_a=False, trans_b=True, trans_c=False, trans_o=False, arch='gfx1100', chip='gfx1100', num_cu=70, num_chiplets=1, perfconfig='attn:v1:16,32,64,1,1,16,0,3,2,1,8')
Lowering rejected config as not applicable
Command line = -operation gemm_gemm -t bf16 --arch gfx1100 --num_cu 70 --num_chiplets 1 -g 2 -m 106 -k 59 -n 66 -gemmO 2 -transA=True -transB=False -transC=True -transO=False --perf_config=attn:v1:256,16,128,1,1,2,16,2,3,2,0 -pv -RMS_threshold 1e-2
Errors = loc("<stdin>":16:10): error: Fusion with SplitK perfConfig is not legal
Lowering not applicable.

----------------------------------------------------------------------------------------------------
NOT_APPLICABLE: GemmGemmConfiguration(datatype='bf16', g=2, m=106, k=59, n=66, o=2, trans_a=True, trans_b=False, trans_c=True, trans_o=False, arch='gfx1100', chip='gfx1100', num_cu=70, num_chiplets=1, perfconfig='attn:v1:256,16,128,1,1,2,16,2,3,2,0')
Lowering rejected config as not applicable
Command line = -operation gemm_gemm -t f32 --arch gfx1100 --num_cu 70 --num_chiplets 1 -g 1 -m 31 -k 103 -n 85 -gemmO 76 -transA=False -transB=True -transC=False -transO=True --perf_config=attn:v1:128,256,16,1,1,8,16,3,2,4,4 -pv -relDiff_threshold 1e-4
Errors = loc("<stdin>":9:1): error: ttg.shared (131072) exceeds LDS limit (65536) for amdgcn-amd-amdhsa:gfx1100
Lowering not applicable.

----------------------------------------------------------------------------------------------------
NOT_APPLICABLE: GemmGemmConfiguration(datatype='f32', g=1, m=31, k=103, n=85, o=76, trans_a=False, trans_b=True, trans_c=False, trans_o=True, arch='gfx1100', chip='gfx1100', num_cu=70, num_chiplets=1, perfconfig='attn:v1:128,256,16,1,1,8,16,3,2,4,4')
----------------------------------------------------------------------------------------------------
PASS: GemmGemmConfiguration(datatype='bf16', g=1, m=48, k=9, n=25, o=71, trans_a=True, trans_b=True, trans_c=True, trans_o=True, arch='gfx1100', chip='gfx1100', num_cu=70, num_chiplets=1, perfconfig='attn:v1:64,64,16,1,1,4,16,1,3,8,8')
----------------------------------------------------------------------------------------------------
PASS: GemmGemmConfiguration(datatype='f16', g=2, m=63, k=123, n=46, o=109, trans_a=True, trans_b=True, trans_c=True, trans_o=False, arch='gfx1100', chip='gfx1100', num_cu=70, num_chiplets=1, perfconfig='attn:v1:64,64,16,1,1,4,32,1,2,0,0')
----------------------------------------------------------------------------------------------------
PASS: GemmGemmConfiguration(datatype='f32', g=2, m=125, k=67, n=94, o=115, trans_a=False, trans_b=False, trans_c=False, trans_o=False, arch='gfx1100', chip='gfx1100', num_cu=70, num_chiplets=1, perfconfig='attn:v1:64,16,16,1,1,4,0,2,1,8,8')
----------------------------------------------------------------------------------------------------
PASS: GemmGemmConfiguration(datatype='bf16', g=1, m=116, k=98, n=27, o=101, trans_a=False, trans_b=True, trans_c=False, trans_o=False, arch='gfx1100', chip='gfx1100', num_cu=70, num_chiplets=1, perfconfig='attn:v1:256,128,128,2,1,2,0,1,1,2,0')
Lowering rejected config as not applicable
Command line = -operation gemm_gemm -t bf16 --arch gfx1100 --num_cu 70 --num_chiplets 1 -g 1 -m 91 -k 2 -n 114 -gemmO 118 -transA=False -transB=True -transC=False -transO=False --perf_config=attn:v1:256,32,16,1,1,4,16,3,3,0,8 -pv -RMS_threshold 1e-2
Errors = loc("<stdin>":15:10): error: Fusion with SplitK perfConfig is not legal
Lowering not applicable.

----------------------------------------------------------------------------------------------------
NOT_APPLICABLE: GemmGemmConfiguration(datatype='bf16', g=1, m=91, k=2, n=114, o=118, trans_a=False, trans_b=True, trans_c=False, trans_o=False, arch='gfx1100', chip='gfx1100', num_cu=70, num_chiplets=1, perfconfig='attn:v1:256,32,16,1,1,4,16,3,3,0,8')
Lowering rejected config as not applicable
Command line = -operation gemm_gemm -t bf16 --arch gfx1100 --num_cu 70 --num_chiplets 1 -g 2 -m 15 -k 63 -n 128 -gemmO 107 -transA=False -transB=False -transC=False -transO=True --perf_config=attn:v1:16,128,128,2,1,1,32,3,3,2,4 -pv -RMS_threshold 1e-2
Errors = loc("<stdin>":16:10): error: Fusion with SplitK perfConfig is not legal
Lowering not applicable.

----------------------------------------------------------------------------------------------------
NOT_APPLICABLE: GemmGemmConfiguration(datatype='bf16', g=2, m=15, k=63, n=128, o=107, trans_a=False, trans_b=False, trans_c=False, trans_o=True, arch='gfx1100', chip='gfx1100', num_cu=70, num_chiplets=1, perfconfig='attn:v1:16,128,128,2,1,1,32,3,3,2,4')
Lowering rejected config as not applicable
Command line = -operation gemm_gemm -t bf16 --arch gfx1100 --num_cu 70 --num_chiplets 1 -g 1 -m 40 -k 23 -n 69 -gemmO 38 -transA=True -transB=False -transC=True -transO=False --perf_config=attn:v1:256,16,16,1,1,4,0,4,1,0,8 -pv -RMS_threshold 1e-2
Errors = loc("<stdin>":15:10): error: Fusion with SplitK perfConfig is not legal
Lowering not applicable.

----------------------------------------------------------------------------------------------------
NOT_APPLICABLE: GemmGemmConfiguration(datatype='bf16', g=1, m=40, k=23, n=69, o=38, trans_a=True, trans_b=False, trans_c=True, trans_o=False, arch='gfx1100', chip='gfx1100', num_cu=70, num_chiplets=1, perfconfig='attn:v1:256,16,16,1,1,4,0,4,1,0,8')
Lowering rejected config as not applicable
Command line = -operation gemm_gemm -t bf16 --arch gfx1100 --num_cu 70 --num_chiplets 1 -g 1 -m 89 -k 25 -n 10 -gemmO 118 -transA=True -transB=True -transC=True -transO=True --perf_config=attn:v1:256,256,128,1,1,1,16,4,2,0,1 -pv -RMS_threshold 1e-2
Errors = loc("<stdin>":16:10): error: Fusion with SplitK perfConfig is not legal
Lowering not applicable.

----------------------------------------------------------------------------------------------------
NOT_APPLICABLE: GemmGemmConfiguration(datatype='bf16', g=1, m=89, k=25, n=10, o=118, trans_a=True, trans_b=True, trans_c=True, trans_o=True, arch='gfx1100', chip='gfx1100', num_cu=70, num_chiplets=1, perfconfig='attn:v1:256,256,128,1,1,1,16,4,2,0,1')
----------------------------------------------------------------------------------------------------
PASS: GemmGemmConfiguration(datatype='f16', g=1, m=2, k=41, n=42, o=95, trans_a=False, trans_b=False, trans_c=False, trans_o=True, arch='gfx1100', chip='gfx1100', num_cu=70, num_chiplets=1, perfconfig='attn:v1:16,16,16,2,1,8,32,1,3,4,1')
----------------------------------------------------------------------------------------------------
PASS: GemmGemmConfiguration(datatype='f32', g=1, m=31, k=112, n=29, o=125, trans_a=False, trans_b=False, trans_c=True, trans_o=False, arch='gfx1100', chip='gfx1100', num_cu=70, num_chiplets=1, perfconfig='attn:v1:16,128,64,1,1,16,0,3,2,0,0')
----------------------------------------------------------------------------------------------------
PASS: GemmGemmConfiguration(datatype='bf16', g=1, m=22, k=36, n=8, o=113, trans_a=True, trans_b=False, trans_c=False, trans_o=False, arch='gfx1100', chip='gfx1100', num_cu=70, num_chiplets=1, perfconfig='attn:v1:16,256,64,2,1,8,16,1,2,2,8')
----------------------------------------------------------------------------------------------------
PASS: GemmGemmConfiguration(datatype='f16', g=1, m=5, k=121, n=102, o=98, trans_a=True, trans_b=False, trans_c=False, trans_o=False, arch='gfx1100', chip='gfx1100', num_cu=70, num_chiplets=1, perfconfig='attn:v1:32,64,128,1,1,1,32,1,2,2,0')
Lowering rejected config as not applicable
Command line = -operation gemm_gemm -t bf16 --arch gfx1100 --num_cu 70 --num_chiplets 1 -g 1 -m 90 -k 59 -n 67 -gemmO 47 -transA=False -transB=True -transC=False -transO=True --perf_config=attn:v1:256,64,32,1,1,8,32,4,1,4,1 -pv -RMS_threshold 1e-2
Errors = loc("<stdin>":15:10): error: Fusion with SplitK perfConfig is not legal
Lowering not applicable.

----------------------------------------------------------------------------------------------------
NOT_APPLICABLE: GemmGemmConfiguration(datatype='bf16', g=1, m=90, k=59, n=67, o=47, trans_a=False, trans_b=True, trans_c=False, trans_o=True, arch='gfx1100', chip='gfx1100', num_cu=70, num_chiplets=1, perfconfig='attn:v1:256,64,32,1,1,8,32,4,1,4,1')
Lowering rejected config as not applicable
Command line = -operation gemm_gemm -t f16 --arch gfx1100 --num_cu 70 --num_chiplets 1 -g 1 -m 12 -k 61 -n 25 -gemmO 35 -transA=False -transB=False -transC=True -transO=False --perf_config=attn:v1:64,128,64,2,1,4,16,4,1,4,8 -pv
Errors = loc("<stdin>":15:10): error: Fusion with SplitK perfConfig is not legal
Lowering not applicable.

----------------------------------------------------------------------------------------------------
NOT_APPLICABLE: GemmGemmConfiguration(datatype='f16', g=1, m=12, k=61, n=25, o=35, trans_a=False, trans_b=False, trans_c=True, trans_o=False, arch='gfx1100', chip='gfx1100', num_cu=70, num_chiplets=1, perfconfig='attn:v1:64,128,64,2,1,4,16,4,1,4,8')
Lowering rejected config as not applicable
Command line = -operation gemm_gemm -t f16 --arch gfx1100 --num_cu 70 --num_chiplets 1 -g 2 -m 99 -k 89 -n 106 -gemmO 106 -transA=False -transB=False -transC=True -transO=True --perf_config=attn:v1:128,16,16,1,1,2,16,4,3,1,8 -pv
Errors = loc("<stdin>":16:10): error: Fusion with SplitK perfConfig is not legal
Lowering not applicable.

----------------------------------------------------------------------------------------------------
NOT_APPLICABLE: GemmGemmConfiguration(datatype='f16', g=2, m=99, k=89, n=106, o=106, trans_a=False, trans_b=False, trans_c=True, trans_o=True, arch='gfx1100', chip='gfx1100', num_cu=70, num_chiplets=1, perfconfig='attn:v1:128,16,16,1,1,2,16,4,3,1,8')
Lowering rejected config as not applicable
Command line = -operation gemm_gemm -t bf16 --arch gfx1100 --num_cu 70 --num_chiplets 1 -g 1 -m 71 -k 22 -n 44 -gemmO 11 -transA=False -transB=True -transC=True -transO=True --perf_config=attn:v1:128,32,128,1,1,16,32,2,1,8,4 -pv -RMS_threshold 1e-2
Errors = loc("<stdin>":15:10): error: Fusion with SplitK perfConfig is not legal
Lowering not applicable.

----------------------------------------------------------------------------------------------------
NOT_APPLICABLE: GemmGemmConfiguration(datatype='bf16', g=1, m=71, k=22, n=44, o=11, trans_a=False, trans_b=True, trans_c=True, trans_o=True, arch='gfx1100', chip='gfx1100', num_cu=70, num_chiplets=1, perfconfig='attn:v1:128,32,128,1,1,16,32,2,1,8,4')
----------------------------------------------------------------------------------------------------
PASS: GemmGemmConfiguration(datatype='f16', g=2, m=68, k=40, n=77, o=51, trans_a=False, trans_b=True, trans_c=True, trans_o=True, arch='gfx1100', chip='gfx1100', num_cu=70, num_chiplets=1, perfconfig='attn:v1:256,16,32,2,1,16,0,1,1,4,4')
----------------------------------------------------------------------------------------------------
PASS: GemmGemmConfiguration(datatype='bf16', g=1, m=65, k=16, n=5, o=29, trans_a=True, trans_b=False, trans_c=True, trans_o=True, arch='gfx1100', chip='gfx1100', num_cu=70, num_chiplets=1, perfconfig='attn:v1:128,16,128,2,1,1,16,1,1,4,0')
----------------------------------------------------------------------------------------------------
PASS: GemmGemmConfiguration(datatype='f32', g=2, m=91, k=17, n=37, o=97, trans_a=True, trans_b=False, trans_c=True, trans_o=False, arch='gfx1100', chip='gfx1100', num_cu=70, num_chiplets=1, perfconfig='attn:v1:64,64,32,1,1,8,0,4,2,2,2')
----------------------------------------------------------------------------------------------------
PASS: GemmGemmConfiguration(datatype='f32', g=2, m=76, k=97, n=109, o=104, trans_a=False, trans_b=True, trans_c=True, trans_o=True, arch='gfx1100', chip='gfx1100', num_cu=70, num_chiplets=1, perfconfig='attn:v1:128,16,16,1,1,1,16,1,1,8,1')
Lowering rejected config as not applicable
Command line = -operation gemm_gemm -t bf16 --arch gfx1100 --num_cu 70 --num_chiplets 1 -g 2 -m 44 -k 104 -n 3 -gemmO 27 -transA=False -transB=False -transC=True -transO=True --perf_config=attn:v1:256,64,128,1,1,8,16,2,1,0,1 -pv -RMS_threshold 1e-2
Errors = loc("<stdin>":16:10): error: Fusion with SplitK perfConfig is not legal
Lowering not applicable.

----------------------------------------------------------------------------------------------------
NOT_APPLICABLE: GemmGemmConfiguration(datatype='bf16', g=2, m=44, k=104, n=3, o=27, trans_a=False, trans_b=False, trans_c=True, trans_o=True, arch='gfx1100', chip='gfx1100', num_cu=70, num_chiplets=1, perfconfig='attn:v1:256,64,128,1,1,8,16,2,1,0,1')
Lowering rejected config as not applicable
Command line = -operation gemm_gemm -t bf16 --arch gfx1100 --num_cu 70 --num_chiplets 1 -g 2 -m 62 -k 48 -n 92 -gemmO 92 -transA=True -transB=True -transC=True -transO=True --perf_config=attn:v1:128,16,16,1,1,16,32,3,2,4,4 -pv -RMS_threshold 1e-2
Errors = loc("<stdin>":16:10): error: Fusion with SplitK perfConfig is not legal
Lowering not applicable.

----------------------------------------------------------------------------------------------------
NOT_APPLICABLE: GemmGemmConfiguration(datatype='bf16', g=2, m=62, k=48, n=92, o=92, trans_a=True, trans_b=True, trans_c=True, trans_o=True, arch='gfx1100', chip='gfx1100', num_cu=70, num_chiplets=1, perfconfig='attn:v1:128,16,16,1,1,16,32,3,2,4,4')
Lowering rejected config as not applicable
Command line = -operation gemm_gemm -t bf16 --arch gfx1100 --num_cu 70 --num_chiplets 1 -g 2 -m 116 -k 22 -n 126 -gemmO 99 -transA=True -transB=False -transC=False -transO=False --perf_config=attn:v1:128,256,128,1,1,16,32,2,3,2,4 -pv -RMS_threshold 1e-2
Errors = loc("<stdin>":16:10): error: Fusion with SplitK perfConfig is not legal
Lowering not applicable.

----------------------------------------------------------------------------------------------------
NOT_APPLICABLE: GemmGemmConfiguration(datatype='bf16', g=2, m=116, k=22, n=126, o=99, trans_a=True, trans_b=False, trans_c=False, trans_o=False, arch='gfx1100', chip='gfx1100', num_cu=70, num_chiplets=1, perfconfig='attn:v1:128,256,128,1,1,16,32,2,3,2,4')
Lowering rejected config as not applicable
Command line = -operation gemm_gemm -t bf16 --arch gfx1100 --num_cu 70 --num_chiplets 1 -g 2 -m 27 -k 122 -n 38 -gemmO 82 -transA=True -transB=False -transC=False -transO=True --perf_config=attn:v1:16,16,16,2,1,2,32,4,1,1,8 -pv -RMS_threshold 1e-2
Errors = loc("<stdin>":16:10): error: Fusion with SplitK perfConfig is not legal
Lowering not applicable.

----------------------------------------------------------------------------------------------------
NOT_APPLICABLE: GemmGemmConfiguration(datatype='bf16', g=2, m=27, k=122, n=38, o=82, trans_a=True, trans_b=False, trans_c=False, trans_o=True, arch='gfx1100', chip='gfx1100', num_cu=70, num_chiplets=1, perfconfig='attn:v1:16,16,16,2,1,2,32,4,1,1,8')
Lowering rejected config as not applicable
Command line = -operation gemm_gemm -t bf16 --arch gfx1100 --num_cu 70 --num_chiplets 1 -g 2 -m 110 -k 37 -n 111 -gemmO 103 -transA=True -transB=True -transC=True -transO=False --perf_config=attn:v1:32,256,64,2,1,8,16,4,2,8,0 -pv -RMS_threshold 1e-2
Errors = loc("<stdin>":16:10): error: Fusion with SplitK perfConfig is not legal
Lowering not applicable.

----------------------------------------------------------------------------------------------------
NOT_APPLICABLE: GemmGemmConfiguration(datatype='bf16', g=2, m=110, k=37, n=111, o=103, trans_a=True, trans_b=True, trans_c=True, trans_o=False, arch='gfx1100', chip='gfx1100', num_cu=70, num_chiplets=1, perfconfig='attn:v1:32,256,64,2,1,8,16,4,2,8,0')
Lowering rejected config as not applicable
Command line = -operation gemm_gemm -t f16 --arch gfx1100 --num_cu 70 --num_chiplets 1 -g 2 -m 35 -k 104 -n 48 -gemmO 1 -transA=True -transB=False -transC=True -transO=True --perf_config=attn:v1:16,128,128,1,1,16,0,4,3,4,4 -pv
Errors = loc("<stdin>":17:10): error: Fusion with SplitK perfConfig is not legal
Lowering not applicable.

----------------------------------------------------------------------------------------------------
NOT_APPLICABLE: GemmGemmConfiguration(datatype='f16', g=2, m=35, k=104, n=48, o=1, trans_a=True, trans_b=False, trans_c=True, trans_o=True, arch='gfx1100', chip='gfx1100', num_cu=70, num_chiplets=1, perfconfig='attn:v1:16,128,128,1,1,16,0,4,3,4,4')
Lowering rejected config as not applicable
Command line = -operation gemm_gemm -t f32 --arch gfx1100 --num_cu 70 --num_chiplets 1 -g 2 -m 35 -k 74 -n 63 -gemmO 13 -transA=False -transB=False -transC=True -transO=True --perf_config=attn:v1:256,64,64,1,1,4,0,4,3,0,4 -pv -relDiff_threshold 1e-4
Errors = loc("<stdin>":10:1): error: ttg.shared (163840) exceeds LDS limit (65536) for amdgcn-amd-amdhsa:gfx1100
Lowering not applicable.

----------------------------------------------------------------------------------------------------
NOT_APPLICABLE: GemmGemmConfiguration(datatype='f32', g=2, m=35, k=74, n=63, o=13, trans_a=False, trans_b=False, trans_c=True, trans_o=True, arch='gfx1100', chip='gfx1100', num_cu=70, num_chiplets=1, perfconfig='attn:v1:256,64,64,1,1,4,0,4,3,0,4')
----------------------------------------------------------------------------------------------------
PASS: GemmGemmConfiguration(datatype='f32', g=1, m=30, k=109, n=38, o=103, trans_a=True, trans_b=True, trans_c=False, trans_o=True, arch='gfx1100', chip='gfx1100', num_cu=70, num_chiplets=1, perfconfig='attn:v1:256,32,16,2,1,4,0,1,3,2,4')
Lowering rejected config as not applicable
Command line = -operation gemm_gemm -t bf16 --arch gfx1100 --num_cu 70 --num_chiplets 1 -g 1 -m 77 -k 96 -n 114 -gemmO 97 -transA=False -transB=False -transC=False -transO=True --perf_config=attn:v1:256,64,128,2,1,2,16,2,1,1,2 -pv -RMS_threshold 1e-2
Errors = loc("<stdin>":16:10): error: Fusion with SplitK perfConfig is not legal
Lowering not applicable.

----------------------------------------------------------------------------------------------------
NOT_APPLICABLE: GemmGemmConfiguration(datatype='bf16', g=1, m=77, k=96, n=114, o=97, trans_a=False, trans_b=False, trans_c=False, trans_o=True, arch='gfx1100', chip='gfx1100', num_cu=70, num_chiplets=1, perfconfig='attn:v1:256,64,128,2,1,2,16,2,1,1,2')
Lowering rejected config as not applicable
Command line = -operation gemm_gemm -t f16 --arch gfx1100 --num_cu 70 --num_chiplets 1 -g 2 -m 101 -k 51 -n 35 -gemmO 68 -transA=False -transB=True -transC=True -transO=False --perf_config=attn:v1:16,256,16,2,1,2,32,3,1,8,1 -pv
Errors = loc("<stdin>":16:10): error: Fusion with SplitK perfConfig is not legal
Lowering not applicable.

----------------------------------------------------------------------------------------------------
NOT_APPLICABLE: GemmGemmConfiguration(datatype='f16', g=2, m=101, k=51, n=35, o=68, trans_a=False, trans_b=True, trans_c=True, trans_o=False, arch='gfx1100', chip='gfx1100', num_cu=70, num_chiplets=1, perfconfig='attn:v1:16,256,16,2,1,2,32,3,1,8,1')
Lowering rejected config as not applicable
Command line = -operation gemm_gemm -t bf16 --arch gfx1100 --num_cu 70 --num_chiplets 1 -g 2 -m 67 -k 2 -n 23 -gemmO 93 -transA=True -transB=False -transC=False -transO=True --perf_config=attn:v1:16,128,128,2,1,8,16,2,2,1,4 -pv -RMS_threshold 1e-2
Errors = loc("<stdin>":16:10): error: Fusion with SplitK perfConfig is not legal
Lowering not applicable.

----------------------------------------------------------------------------------------------------
NOT_APPLICABLE: GemmGemmConfiguration(datatype='bf16', g=2, m=67, k=2, n=23, o=93, trans_a=True, trans_b=False, trans_c=False, trans_o=True, arch='gfx1100', chip='gfx1100', num_cu=70, num_chiplets=1, perfconfig='attn:v1:16,128,128,2,1,8,16,2,2,1,4')
Lowering rejected config as not applicable
Command line = -operation gemm_gemm -t f16 --arch gfx1100 --num_cu 70 --num_chiplets 1 -g 1 -m 24 -k 56 -n 87 -gemmO 36 -transA=True -transB=True -transC=False -transO=False --perf_config=attn:v1:16,32,128,1,1,2,32,4,3,2,0 -pv
Errors = loc("<stdin>":16:10): error: Fusion with SplitK perfConfig is not legal
Lowering not applicable.

----------------------------------------------------------------------------------------------------
NOT_APPLICABLE: GemmGemmConfiguration(datatype='f16', g=1, m=24, k=56, n=87, o=36, trans_a=True, trans_b=True, trans_c=False, trans_o=False, arch='gfx1100', chip='gfx1100', num_cu=70, num_chiplets=1, perfconfig='attn:v1:16,32,128,1,1,2,32,4,3,2,0')
----------------------------------------------------------------------------------------------------
PASS: GemmGemmConfiguration(datatype='f32', g=2, m=36, k=13, n=119, o=74, trans_a=False, trans_b=False, trans_c=True, trans_o=True, arch='gfx1100', chip='gfx1100', num_cu=70, num_chiplets=1, perfconfig='attn:v1:16,128,32,2,1,16,16,2,1,0,2')
Lowering rejected config as not applicable
Command line = -operation gemm_gemm -t f32 --arch gfx1100 --num_cu 70 --num_chiplets 1 -g 2 -m 33 -k 7 -n 66 -gemmO 78 -transA=True -transB=True -transC=True -transO=False --perf_config=attn:v1:32,256,64,2,1,2,0,4,1,0,8 -pv -relDiff_threshold 1e-4
Errors = loc("<stdin>":10:1): error: ttg.shared (131072) exceeds LDS limit (65536) for amdgcn-amd-amdhsa:gfx1100
Lowering not applicable.

----------------------------------------------------------------------------------------------------
NOT_APPLICABLE: GemmGemmConfiguration(datatype='f32', g=2, m=33, k=7, n=66, o=78, trans_a=True, trans_b=True, trans_c=True, trans_o=False, arch='gfx1100', chip='gfx1100', num_cu=70, num_chiplets=1, perfconfig='attn:v1:32,256,64,2,1,2,0,4,1,0,8')
----------------------------------------------------------------------------------------------------
PASS: GemmGemmConfiguration(datatype='bf16', g=2, m=126, k=123, n=91, o=84, trans_a=True, trans_b=True, trans_c=True, trans_o=False, arch='gfx1100', chip='gfx1100', num_cu=70, num_chiplets=1, perfconfig='attn:v1:16,16,64,2,1,16,32,1,2,1,0')
----------------------------------------------------------------------------------------------------
PASS: GemmGemmConfiguration(datatype='f32', g=1, m=123, k=13, n=84, o=60, trans_a=True, trans_b=True, trans_c=False, trans_o=True, arch='gfx1100', chip='gfx1100', num_cu=70, num_chiplets=1, perfconfig='attn:v1:256,16,64,2,1,16,16,2,3,0,0')
Lowering rejected config as not applicable
Command line = -operation gemm_gemm -t bf16 --arch gfx1100 --num_cu 70 --num_chiplets 1 -g 1 -m 12 -k 103 -n 79 -gemmO 84 -transA=False -transB=False -transC=False -transO=False --perf_config=attn:v1:16,256,32,1,1,1,16,4,3,4,2 -pv -RMS_threshold 1e-2
Errors = loc("<stdin>":16:10): error: Fusion with SplitK perfConfig is not legal
Lowering not applicable.

----------------------------------------------------------------------------------------------------
NOT_APPLICABLE: GemmGemmConfiguration(datatype='bf16', g=1, m=12, k=103, n=79, o=84, trans_a=False, trans_b=False, trans_c=False, trans_o=False, arch='gfx1100', chip='gfx1100', num_cu=70, num_chiplets=1, perfconfig='attn:v1:16,256,32,1,1,1,16,4,3,4,2')
Lowering rejected config as not applicable
Command line = -operation gemm_gemm -t f16 --arch gfx1100 --num_cu 70 --num_chiplets 1 -g 2 -m 91 -k 109 -n 71 -gemmO 11 -transA=True -transB=True -transC=True -transO=False --perf_config=attn:v1:32,128,128,2,1,1,32,4,1,8,4 -pv
Errors = loc("<stdin>":16:10): error: Fusion with SplitK perfConfig is not legal
Lowering not applicable.

----------------------------------------------------------------------------------------------------
NOT_APPLICABLE: GemmGemmConfiguration(datatype='f16', g=2, m=91, k=109, n=71, o=11, trans_a=True, trans_b=True, trans_c=True, trans_o=False, arch='gfx1100', chip='gfx1100', num_cu=70, num_chiplets=1, perfconfig='attn:v1:32,128,128,2,1,1,32,4,1,8,4')
Lowering rejected config as not applicable
Command line = -operation gemm_gemm -t bf16 --arch gfx1100 --num_cu 70 --num_chiplets 1 -g 2 -m 83 -k 108 -n 17 -gemmO 127 -transA=True -transB=False -transC=True -transO=True --perf_config=attn:v1:256,256,128,2,1,16,0,3,2,2,8 -pv -RMS_threshold 1e-2
Errors = loc("<stdin>":16:10): error: Fusion with SplitK perfConfig is not legal
Lowering not applicable.

----------------------------------------------------------------------------------------------------
NOT_APPLICABLE: GemmGemmConfiguration(datatype='bf16', g=2, m=83, k=108, n=17, o=127, trans_a=True, trans_b=False, trans_c=True, trans_o=True, arch='gfx1100', chip='gfx1100', num_cu=70, num_chiplets=1, perfconfig='attn:v1:256,256,128,2,1,16,0,3,2,2,8')
Lowering rejected config as not applicable
Command line = -operation gemm_gemm -t f32 --arch gfx1100 --num_cu 70 --num_chiplets 1 -g 1 -m 6 -k 3 -n 93 -gemmO 22 -transA=False -transB=True -transC=True -transO=False --perf_config=attn:v1:16,256,128,2,1,4,32,4,2,8,4 -pv -relDiff_threshold 1e-4
Errors = loc("<stdin>":9:1): error: ttg.shared (131072) exceeds LDS limit (65536) for amdgcn-amd-amdhsa:gfx1100
Lowering not applicable.

----------------------------------------------------------------------------------------------------
NOT_APPLICABLE: GemmGemmConfiguration(datatype='f32', g=1, m=6, k=3, n=93, o=22, trans_a=False, trans_b=True, trans_c=True, trans_o=False, arch='gfx1100', chip='gfx1100', num_cu=70, num_chiplets=1, perfconfig='attn:v1:16,256,128,2,1,4,32,4,2,8,4')
----------------------------------------------------------------------------------------------------
PASS: GemmGemmConfiguration(datatype='f32', g=1, m=73, k=78, n=72, o=88, trans_a=False, trans_b=False, trans_c=False, trans_o=False, arch='gfx1100', chip='gfx1100', num_cu=70, num_chiplets=1, perfconfig='attn:v1:16,64,32,2,1,8,0,3,3,1,0')
----------------------------------------------------------------------------------------------------
PASS: GemmGemmConfiguration(datatype='bf16', g=1, m=56, k=97, n=11, o=122, trans_a=True, trans_b=True, trans_c=True, trans_o=False, arch='gfx1100', chip='gfx1100', num_cu=70, num_chiplets=1, perfconfig='attn:v1:64,64,16,1,1,8,0,1,2,1,0')
----------------------------------------------------------------------------------------------------
PASS: GemmGemmConfiguration(datatype='bf16', g=1, m=126, k=2, n=120, o=64, trans_a=False, trans_b=False, trans_c=True, trans_o=True, arch='gfx1100', chip='gfx1100', num_cu=70, num_chiplets=1, perfconfig='attn:v1:32,16,128,1,1,4,32,1,2,8,1')
----------------------------------------------------------------------------------------------------
PASS: GemmGemmConfiguration(datatype='f32', g=1, m=84, k=58, n=1, o=19, trans_a=False, trans_b=False, trans_c=True, trans_o=False, arch='gfx1100', chip='gfx1100', num_cu=70, num_chiplets=1, perfconfig='attn:v1:128,32,64,2,1,4,32,2,3,1,4')
Lowering rejected config as not applicable
Command line = -operation gemm_gemm -t bf16 --arch gfx1100 --num_cu 70 --num_chiplets 1 -g 1 -m 82 -k 86 -n 117 -gemmO 114 -transA=False -transB=True -transC=False -transO=True --perf_config=attn:v1:32,32,128,2,1,8,16,4,2,1,0 -pv -RMS_threshold 1e-2
Errors = loc("<stdin>":15:10): error: Fusion with SplitK perfConfig is not legal
Lowering not applicable.

----------------------------------------------------------------------------------------------------
NOT_APPLICABLE: GemmGemmConfiguration(datatype='bf16', g=1, m=82, k=86, n=117, o=114, trans_a=False, trans_b=True, trans_c=False, trans_o=True, arch='gfx1100', chip='gfx1100', num_cu=70, num_chiplets=1, perfconfig='attn:v1:32,32,128,2,1,8,16,4,2,1,0')
Lowering rejected config as not applicable
Command line = -operation gemm_gemm -t f16 --arch gfx1100 --num_cu 70 --num_chiplets 1 -g 2 -m 8 -k 98 -n 10 -gemmO 45 -transA=False -transB=False -transC=True -transO=True --perf_config=attn:v1:16,32,64,2,1,8,32,4,2,0,4 -pv
Errors = loc("<stdin>":16:10): error: Fusion with SplitK perfConfig is not legal
Lowering not applicable.

----------------------------------------------------------------------------------------------------
NOT_APPLICABLE: GemmGemmConfiguration(datatype='f16', g=2, m=8, k=98, n=10, o=45, trans_a=False, trans_b=False, trans_c=True, trans_o=True, arch='gfx1100', chip='gfx1100', num_cu=70, num_chiplets=1, perfconfig='attn:v1:16,32,64,2,1,8,32,4,2,0,4')
Lowering rejected config as not applicable
Command line = -operation gemm_gemm -t f32 --arch gfx1100 --num_cu 70 --num_chiplets 1 -g 1 -m 97 -k 76 -n 27 -gemmO 31 -transA=True -transB=True -transC=True -transO=False --perf_config=attn:v1:16,256,128,1,1,2,0,2,2,1,1 -pv -relDiff_threshold 1e-4
Errors = loc("<stdin>":10:1): error: ttg.shared (131072) exceeds LDS limit (65536) for amdgcn-amd-amdhsa:gfx1100
Lowering not applicable.

----------------------------------------------------------------------------------------------------
NOT_APPLICABLE: GemmGemmConfiguration(datatype='f32', g=1, m=97, k=76, n=27, o=31, trans_a=True, trans_b=True, trans_c=True, trans_o=False, arch='gfx1100', chip='gfx1100', num_cu=70, num_chiplets=1, perfconfig='attn:v1:16,256,128,1,1,2,0,2,2,1,1')
Lowering rejected config as not applicable
Command line = -operation gemm_gemm -t f32 --arch gfx1100 --num_cu 70 --num_chiplets 1 -g 2 -m 89 -k 59 -n 22 -gemmO 83 -transA=False -transB=False -transC=False -transO=False --perf_config=attn:v1:16,256,32,2,1,2,0,3,2,4,1 -pv -relDiff_threshold 1e-4
Errors = loc("<stdin>":10:1): error: ttg.shared (131072) exceeds LDS limit (65536) for amdgcn-amd-amdhsa:gfx1100
Lowering not applicable.

----------------------------------------------------------------------------------------------------
NOT_APPLICABLE: GemmGemmConfiguration(datatype='f32', g=2, m=89, k=59, n=22, o=83, trans_a=False, trans_b=False, trans_c=False, trans_o=False, arch='gfx1100', chip='gfx1100', num_cu=70, num_chiplets=1, perfconfig='attn:v1:16,256,32,2,1,2,0,3,2,4,1')
----------------------------------------------------------------------------------------------------
PASS: GemmGemmConfiguration(datatype='f16', g=1, m=56, k=18, n=34, o=54, trans_a=False, trans_b=False, trans_c=True, trans_o=True, arch='gfx1100', chip='gfx1100', num_cu=70, num_chiplets=1, perfconfig='attn:v1:256,64,16,1,1,16,0,1,1,8,2')
----------------------------------------------------------------------------------------------------
PASS: GemmGemmConfiguration(datatype='f32', g=1, m=100, k=48, n=41, o=52, trans_a=False, trans_b=False, trans_c=True, trans_o=False, arch='gfx1100', chip='gfx1100', num_cu=70, num_chiplets=1, perfconfig='attn:v1:64,16,64,2,1,8,0,2,1,4,0')
----------------------------------------------------------------------------------------------------
PASS: GemmGemmConfiguration(datatype='bf16', g=1, m=101, k=120, n=71, o=38, trans_a=True, trans_b=True, trans_c=False, trans_o=False, arch='gfx1100', chip='gfx1100', num_cu=70, num_chiplets=1, perfconfig='attn:v1:16,64,32,1,1,8,16,1,1,2,1')
----------------------------------------------------------------------------------------------------
PASS: GemmGemmConfiguration(datatype='bf16', g=2, m=111, k=63, n=54, o=50, trans_a=False, trans_b=True, trans_c=False, trans_o=True, arch='gfx1100', chip='gfx1100', num_cu=70, num_chiplets=1, perfconfig='attn:v1:64,64,16,2,1,2,16,1,2,1,1')
Lowering rejected config as not applicable
Command line = -operation gemm_gemm -t bf16 --arch gfx1100 --num_cu 70 --num_chiplets 1 -g 2 -m 94 -k 85 -n 44 -gemmO 46 -transA=True -transB=False -transC=True -transO=False --perf_config=attn:v1:256,128,128,1,1,2,32,4,1,2,0 -pv -RMS_threshold 1e-2
Errors = loc("<stdin>":16:10): error: Fusion with SplitK perfConfig is not legal
Lowering not applicable.

----------------------------------------------------------------------------------------------------
NOT_APPLICABLE: GemmGemmConfiguration(datatype='bf16', g=2, m=94, k=85, n=44, o=46, trans_a=True, trans_b=False, trans_c=True, trans_o=False, arch='gfx1100', chip='gfx1100', num_cu=70, num_chiplets=1, perfconfig='attn:v1:256,128,128,1,1,2,32,4,1,2,0')
Lowering rejected config as not applicable
Command line = -operation gemm_gemm -t bf16 --arch gfx1100 --num_cu 70 --num_chiplets 1 -g 2 -m 65 -k 4 -n 108 -gemmO 8 -transA=False -transB=False -transC=False -transO=True --perf_config=attn:v1:256,16,128,2,1,16,32,2,3,1,1 -pv -RMS_threshold 1e-2
Errors = loc("<stdin>":16:10): error: Fusion with SplitK perfConfig is not legal
Lowering not applicable.

----------------------------------------------------------------------------------------------------
NOT_APPLICABLE: GemmGemmConfiguration(datatype='bf16', g=2, m=65, k=4, n=108, o=8, trans_a=False, trans_b=False, trans_c=False, trans_o=True, arch='gfx1100', chip='gfx1100', num_cu=70, num_chiplets=1, perfconfig='attn:v1:256,16,128,2,1,16,32,2,3,1,1')
Lowering rejected config as not applicable
Command line = -operation gemm_gemm -t f16 --arch gfx1100 --num_cu 70 --num_chiplets 1 -g 2 -m 124 -k 9 -n 19 -gemmO 20 -transA=True -transB=True -transC=True -transO=False --perf_config=attn:v1:128,256,128,1,1,1,16,3,3,8,0 -pv
Errors = loc("<stdin>":16:10): error: Fusion with SplitK perfConfig is not legal
Lowering not applicable.

----------------------------------------------------------------------------------------------------
NOT_APPLICABLE: GemmGemmConfiguration(datatype='f16', g=2, m=124, k=9, n=19, o=20, trans_a=True, trans_b=True, trans_c=True, trans_o=False, arch='gfx1100', chip='gfx1100', num_cu=70, num_chiplets=1, perfconfig='attn:v1:128,256,128,1,1,1,16,3,3,8,0')
Lowering rejected config as not applicable
Command line = -operation gemm_gemm -t f16 --arch gfx1100 --num_cu 70 --num_chiplets 1 -g 1 -m 102 -k 3 -n 105 -gemmO 5 -transA=True -transB=True -transC=False -transO=False --perf_config=attn:v1:16,256,64,2,1,8,16,3,3,8,2 -pv
Errors = loc("<stdin>":16:10): error: Fusion with SplitK perfConfig is not legal
Lowering not applicable.

----------------------------------------------------------------------------------------------------
NOT_APPLICABLE: GemmGemmConfiguration(datatype='f16', g=1, m=102, k=3, n=105, o=5, trans_a=True, trans_b=True, trans_c=False, trans_o=False, arch='gfx1100', chip='gfx1100', num_cu=70, num_chiplets=1, perfconfig='attn:v1:16,256,64,2,1,8,16,3,3,8,2')
Lowering rejected config as not applicable
Command line = -operation gemm_gemm -t f16 --arch gfx1100 --num_cu 70 --num_chiplets 1 -g 2 -m 119 -k 24 -n 40 -gemmO 1 -transA=True -transB=True -transC=True -transO=False --perf_config=attn:v1:64,128,16,2,1,1,0,4,3,4,8 -pv
Errors = loc("<stdin>":17:10): error: Fusion with SplitK perfConfig is not legal
Lowering not applicable.

----------------------------------------------------------------------------------------------------
NOT_APPLICABLE: GemmGemmConfiguration(datatype='f16', g=2, m=119, k=24, n=40, o=1, trans_a=True, trans_b=True, trans_c=True, trans_o=False, arch='gfx1100', chip='gfx1100', num_cu=70, num_chiplets=1, perfconfig='attn:v1:64,128,16,2,1,1,0,4,3,4,8')
Lowering rejected config as not applicable
Command line = -operation gemm_gemm -t f16 --arch gfx1100 --num_cu 70 --num_chiplets 1 -g 2 -m 121 -k 18 -n 93 -gemmO 49 -transA=True -transB=False -transC=False -transO=True --perf_config=attn:v1:64,128,64,1,1,1,32,2,3,8,1 -pv
Errors = loc("<stdin>":16:10): error: Fusion with SplitK perfConfig is not legal
Lowering not applicable.

----------------------------------------------------------------------------------------------------
NOT_APPLICABLE: GemmGemmConfiguration(datatype='f16', g=2, m=121, k=18, n=93, o=49, trans_a=True, trans_b=False, trans_c=False, trans_o=True, arch='gfx1100', chip='gfx1100', num_cu=70, num_chiplets=1, perfconfig='attn:v1:64,128,64,1,1,1,32,2,3,8,1')
----------------------------------------------------------------------------------------------------
PASS: GemmGemmConfiguration(datatype='f32', g=2, m=2, k=62, n=89, o=11, trans_a=False, trans_b=False, trans_c=False, trans_o=False, arch='gfx1100', chip='gfx1100', num_cu=70, num_chiplets=1, perfconfig='attn:v1:256,64,32,1,1,4,32,3,1,4,2')
----------------------------------------------------------------------------------------------------
PASS: GemmGemmConfiguration(datatype='f32', g=2, m=126, k=5, n=2, o=74, trans_a=True, trans_b=False, trans_c=False, trans_o=False, arch='gfx1100', chip='gfx1100', num_cu=70, num_chiplets=1, perfconfig='attn:v1:64,128,32,2,1,8,0,4,1,0,2')
Lowering rejected config as not applicable
Command line = -operation gemm_gemm -t f16 --arch gfx1100 --num_cu 70 --num_chiplets 1 -g 2 -m 54 -k 82 -n 80 -gemmO 83 -transA=True -transB=True -transC=False -transO=True --perf_config=attn:v1:128,16,64,2,1,8,16,3,3,0,4 -pv
Errors = loc("<stdin>":16:10): error: Fusion with SplitK perfConfig is not legal
Lowering not applicable.

----------------------------------------------------------------------------------------------------
NOT_APPLICABLE: GemmGemmConfiguration(datatype='f16', g=2, m=54, k=82, n=80, o=83, trans_a=True, trans_b=True, trans_c=False, trans_o=True, arch='gfx1100', chip='gfx1100', num_cu=70, num_chiplets=1, perfconfig='attn:v1:128,16,64,2,1,8,16,3,3,0,4')
Lowering rejected config as not applicable
Command line = -operation gemm_gemm -t f16 --arch gfx1100 --num_cu 70 --num_chiplets 1 -g 1 -m 7 -k 122 -n 45 -gemmO 26 -transA=True -transB=False -transC=True -transO=True --perf_config=attn:v1:256,16,16,1,1,8,0,2,1,2,0 -pv
Errors = loc("<stdin>":15:10): error: Fusion with SplitK perfConfig is not legal
Lowering not applicable.

----------------------------------------------------------------------------------------------------
NOT_APPLICABLE: GemmGemmConfiguration(datatype='f16', g=1, m=7, k=122, n=45, o=26, trans_a=True, trans_b=False, trans_c=True, trans_o=True, arch='gfx1100', chip='gfx1100', num_cu=70, num_chiplets=1, perfconfig='attn:v1:256,16,16,1,1,8,0,2,1,2,0')
Lowering rejected config as not applicable
Command line = -operation gemm_gemm -t bf16 --arch gfx1100 --num_cu 70 --num_chiplets 1 -g 2 -m 51 -k 121 -n 59 -gemmO 40 -transA=False -transB=False -transC=True -transO=True --perf_config=attn:v1:32,256,128,2,1,1,32,2,3,0,4 -pv -RMS_threshold 1e-2
Errors = loc("<stdin>":16:10): error: Fusion with SplitK perfConfig is not legal
Lowering not applicable.

----------------------------------------------------------------------------------------------------
NOT_APPLICABLE: GemmGemmConfiguration(datatype='bf16', g=2, m=51, k=121, n=59, o=40, trans_a=False, trans_b=False, trans_c=True, trans_o=True, arch='gfx1100', chip='gfx1100', num_cu=70, num_chiplets=1, perfconfig='attn:v1:32,256,128,2,1,1,32,2,3,0,4')
----------------------------------------------------------------------------------------------------
PASS: GemmGemmConfiguration(datatype='f32', g=1, m=60, k=33, n=112, o=60, trans_a=True, trans_b=False, trans_c=False, trans_o=True, arch='gfx1100', chip='gfx1100', num_cu=70, num_chiplets=1, perfconfig='attn:v1:16,32,32,1,1,2,0,2,3,0,8')
Lowering rejected config as not applicable
Command line = -operation gemm_gemm -t f32 --arch gfx1100 --num_cu 70 --num_chiplets 1 -g 2 -m 87 -k 123 -n 67 -gemmO 2 -transA=False -transB=True -transC=True -transO=True --perf_config=attn:v1:128,128,64,2,1,2,32,3,3,8,1 -pv -relDiff_threshold 1e-4
Errors = loc("<stdin>":10:1): error: ttg.shared (131072) exceeds LDS limit (65536) for amdgcn-amd-amdhsa:gfx1100
Lowering not applicable.

----------------------------------------------------------------------------------------------------
NOT_APPLICABLE: GemmGemmConfiguration(datatype='f32', g=2, m=87, k=123, n=67, o=2, trans_a=False, trans_b=True, trans_c=True, trans_o=True, arch='gfx1100', chip='gfx1100', num_cu=70, num_chiplets=1, perfconfig='attn:v1:128,128,64,2,1,2,32,3,3,8,1')
----------------------------------------------------------------------------------------------------
PASS: GemmGemmConfiguration(datatype='f32', g=1, m=126, k=36, n=121, o=21, trans_a=True, trans_b=False, trans_c=False, trans_o=False, arch='gfx1100', chip='gfx1100', num_cu=70, num_chiplets=1, perfconfig='attn:v1:32,256,16,1,1,1,0,3,1,1,2')
----------------------------------------------------------------------------------------------------
PASS: GemmGemmConfiguration(datatype='f16', g=2, m=59, k=27, n=83, o=69, trans_a=False, trans_b=False, trans_c=True, trans_o=True, arch='gfx1100', chip='gfx1100', num_cu=70, num_chiplets=1, perfconfig='attn:v1:256,16,32,2,1,1,16,1,3,8,8')
----------------------------------------------------------------------------------------------------
PASS: GemmGemmConfiguration(datatype='f32', g=2, m=57, k=4, n=114, o=49, trans_a=False, trans_b=False, trans_c=False, trans_o=False, arch='gfx1100', chip='gfx1100', num_cu=70, num_chiplets=1, perfconfig='attn:v1:128,128,128,1,1,2,0,2,2,0,8')
Lowering rejected config as not applicable
Command line = -operation gemm_gemm -t f16 --arch gfx1100 --num_cu 70 --num_chiplets 1 -g 1 -m 95 -k 112 -n 104 -gemmO 77 -transA=True -transB=False -transC=True -transO=True --perf_config=attn:v1:64,32,64,1,1,16,32,3,1,8,4 -pv
Errors = loc("<stdin>":15:10): error: Fusion with SplitK perfConfig is not legal
Lowering not applicable.

----------------------------------------------------------------------------------------------------
NOT_APPLICABLE: GemmGemmConfiguration(datatype='f16', g=1, m=95, k=112, n=104, o=77, trans_a=True, trans_b=False, trans_c=True, trans_o=True, arch='gfx1100', chip='gfx1100', num_cu=70, num_chiplets=1, perfconfig='attn:v1:64,32,64,1,1,16,32,3,1,8,4')
Lowering rejected config as not applicable
Command line = -operation gemm_gemm -t bf16 --arch gfx1100 --num_cu 70 --num_chiplets 1 -g 1 -m 107 -k 110 -n 56 -gemmO 76 -transA=True -transB=True -transC=True -transO=False --perf_config=attn:v1:128,128,64,2,1,1,0,4,1,0,8 -pv -RMS_threshold 1e-2
Errors = loc("<stdin>":16:10): error: Fusion with SplitK perfConfig is not legal
Lowering not applicable.

----------------------------------------------------------------------------------------------------
NOT_APPLICABLE: GemmGemmConfiguration(datatype='bf16', g=1, m=107, k=110, n=56, o=76, trans_a=True, trans_b=True, trans_c=True, trans_o=False, arch='gfx1100', chip='gfx1100', num_cu=70, num_chiplets=1, perfconfig='attn:v1:128,128,64,2,1,1,0,4,1,0,8')
Lowering rejected config as not applicable
Command line = -operation gemm_gemm -t bf16 --arch gfx1100 --num_cu 70 --num_chiplets 1 -g 1 -m 32 -k 16 -n 32 -gemmO 84 -transA=True -transB=True -transC=False -transO=False --perf_config=attn:v1:16,128,32,2,1,2,32,3,1,8,8 -pv -RMS_threshold 1e-2
Errors = loc("<stdin>":16:10): error: Fusion with SplitK perfConfig is not legal
Lowering not applicable.

----------------------------------------------------------------------------------------------------
NOT_APPLICABLE: GemmGemmConfiguration(datatype='bf16', g=1, m=32, k=16, n=32, o=84, trans_a=True, trans_b=True, trans_c=False, trans_o=False, arch='gfx1100', chip='gfx1100', num_cu=70, num_chiplets=1, perfconfig='attn:v1:16,128,32,2,1,2,32,3,1,8,8')
Lowering rejected config as not applicable
Command line = -operation gemm_gemm -t bf16 --arch gfx1100 --num_cu 70 --num_chiplets 1 -g 1 -m 39 -k 19 -n 52 -gemmO 76 -transA=False -transB=True -transC=True -transO=True --perf_config=attn:v1:16,64,64,1,1,1,16,3,2,4,8 -pv -RMS_threshold 1e-2
Errors = loc("<stdin>":15:10): error: Fusion with SplitK perfConfig is not legal
Lowering not applicable.

----------------------------------------------------------------------------------------------------
NOT_APPLICABLE: GemmGemmConfiguration(datatype='bf16', g=1, m=39, k=19, n=52, o=76, trans_a=False, trans_b=True, trans_c=True, trans_o=True, arch='gfx1100', chip='gfx1100', num_cu=70, num_chiplets=1, perfconfig='attn:v1:16,64,64,1,1,1,16,3,2,4,8')
Lowering rejected config as not applicable
Command line = -operation gemm_gemm -t f16 --arch gfx1100 --num_cu 70 --num_chiplets 1 -g 2 -m 9 -k 62 -n 72 -gemmO 112 -transA=False -transB=False -transC=True -transO=False --perf_config=attn:v1:128,32,64,2,1,16,0,2,2,2,2 -pv
Errors = loc("<stdin>":16:10): error: Fusion with SplitK perfConfig is not legal
Lowering not applicable.

----------------------------------------------------------------------------------------------------
NOT_APPLICABLE: GemmGemmConfiguration(datatype='f16', g=2, m=9, k=62, n=72, o=112, trans_a=False, trans_b=False, trans_c=True, trans_o=False, arch='gfx1100', chip='gfx1100', num_cu=70, num_chiplets=1, perfconfig='attn:v1:128,32,64,2,1,16,0,2,2,2,2')
Lowering rejected config as not applicable
Command line = -operation gemm_gemm -t bf16 --arch gfx1100 --num_cu 70 --num_chiplets 1 -g 1 -m 84 -k 119 -n 107 -gemmO 19 -transA=False -transB=True -transC=True -transO=True --perf_config=attn:v1:64,256,16,2,1,4,32,2,2,8,8 -pv -RMS_threshold 1e-2
Errors = loc("<stdin>":15:10): error: Fusion with SplitK perfConfig is not legal
Lowering not applicable.

----------------------------------------------------------------------------------------------------
NOT_APPLICABLE: GemmGemmConfiguration(datatype='bf16', g=1, m=84, k=119, n=107, o=19, trans_a=False, trans_b=True, trans_c=True, trans_o=True, arch='gfx1100', chip='gfx1100', num_cu=70, num_chiplets=1, perfconfig='attn:v1:64,256,16,2,1,4,32,2,2,8,8')
----------------------------------------------------------------------------------------------------
PASS: GemmGemmConfiguration(datatype='f32', g=1, m=66, k=68, n=43, o=125, trans_a=False, trans_b=True, trans_c=True, trans_o=False, arch='gfx1100', chip='gfx1100', num_cu=70, num_chiplets=1, perfconfig='attn:v1:32,128,64,2,1,8,32,3,1,8,2')
----------------------------------------------------------------------------------------------------
PASS: GemmGemmConfiguration(datatype='f32', g=1, m=44, k=8, n=116, o=14, trans_a=False, trans_b=False, trans_c=True, trans_o=True, arch='gfx1100', chip='gfx1100', num_cu=70, num_chiplets=1, perfconfig='attn:v1:64,256,64,2,1,4,16,2,1,8,1')
Lowering rejected config as not applicable
Command line = -operation gemm_gemm -t f16 --arch gfx1100 --num_cu 70 --num_chiplets 1 -g 2 -m 71 -k 87 -n 54 -gemmO 116 -transA=False -transB=False -transC=False -transO=True --perf_config=attn:v1:128,256,64,2,1,2,16,2,3,8,0 -pv
Errors = loc("<stdin>":16:10): error: Fusion with SplitK perfConfig is not legal
Lowering not applicable.

----------------------------------------------------------------------------------------------------
NOT_APPLICABLE: GemmGemmConfiguration(datatype='f16', g=2, m=71, k=87, n=54, o=116, trans_a=False, trans_b=False, trans_c=False, trans_o=True, arch='gfx1100', chip='gfx1100', num_cu=70, num_chiplets=1, perfconfig='attn:v1:128,256,64,2,1,2,16,2,3,8,0')
Lowering rejected config as not applicable
Command line = -operation gemm_gemm -t f16 --arch gfx1100 --num_cu 70 --num_chiplets 1 -g 2 -m 26 -k 103 -n 93 -gemmO 109 -transA=False -transB=False -transC=False -transO=True --perf_config=attn:v1:32,32,16,1,1,2,32,3,2,8,8 -pv
Errors = loc("<stdin>":16:10): error: Fusion with SplitK perfConfig is not legal
Lowering not applicable.

----------------------------------------------------------------------------------------------------
NOT_APPLICABLE: GemmGemmConfiguration(datatype='f16', g=2, m=26, k=103, n=93, o=109, trans_a=False, trans_b=False, trans_c=False, trans_o=True, arch='gfx1100', chip='gfx1100', num_cu=70, num_chiplets=1, perfconfig='attn:v1:32,32,16,1,1,2,32,3,2,8,8')
Lowering rejected config as not applicable
Command line = -operation gemm_gemm -t bf16 --arch gfx1100 --num_cu 70 --num_chiplets 1 -g 2 -m 96 -k 4 -n 83 -gemmO 102 -transA=False -transB=False -transC=True -transO=False --perf_config=attn:v1:32,16,32,2,1,4,0,4,2,0,1 -pv -RMS_threshold 1e-2
Errors = loc("<stdin>":16:10): error: Fusion with SplitK perfConfig is not legal
Lowering not applicable.

----------------------------------------------------------------------------------------------------
NOT_APPLICABLE: GemmGemmConfiguration(datatype='bf16', g=2, m=96, k=4, n=83, o=102, trans_a=False, trans_b=False, trans_c=True, trans_o=False, arch='gfx1100', chip='gfx1100', num_cu=70, num_chiplets=1, perfconfig='attn:v1:32,16,32,2,1,4,0,4,2,0,1')
Lowering rejected config as not applicable
Command line = -operation gemm_gemm -t f16 --arch gfx1100 --num_cu 70 --num_chiplets 1 -g 2 -m 128 -k 101 -n 116 -gemmO 80 -transA=True -transB=True -transC=False -transO=False --perf_config=attn:v1:16,64,16,2,1,8,32,2,2,0,2 -pv
Errors = loc("<stdin>":16:10): error: Fusion with SplitK perfConfig is not legal
Lowering not applicable.

----------------------------------------------------------------------------------------------------
NOT_APPLICABLE: GemmGemmConfiguration(datatype='f16', g=2, m=128, k=101, n=116, o=80, trans_a=True, trans_b=True, trans_c=False, trans_o=False, arch='gfx1100', chip='gfx1100', num_cu=70, num_chiplets=1, perfconfig='attn:v1:16,64,16,2,1,8,32,2,2,0,2')
----------------------------------------------------------------------------------------------------
PASS: GemmGemmConfiguration(datatype='f32', g=2, m=25, k=105, n=96, o=52, trans_a=False, trans_b=False, trans_c=True, trans_o=True, arch='gfx1100', chip='gfx1100', num_cu=70, num_chiplets=1, perfconfig='attn:v1:64,64,32,2,1,16,32,2,3,4,2')
----------------------------------------------------------------------------------------------------
PASS: GemmGemmConfiguration(datatype='f32', g=1, m=63, k=19, n=6, o=88, trans_a=True, trans_b=True, trans_c=True, trans_o=True, arch='gfx1100', chip='gfx1100', num_cu=70, num_chiplets=1, perfconfig='attn:v1:32,64,16,1,1,16,0,4,1,8,4')
----------------------------------------------------------------------------------------------------
PASS: GemmGemmConfiguration(datatype='f16', g=1, m=78, k=80, n=7, o=91, trans_a=False, trans_b=True, trans_c=False, trans_o=False, arch='gfx1100', chip='gfx1100', num_cu=70, num_chiplets=1, perfconfig='attn:v1:64,16,32,1,1,1,16,1,3,0,1')
----------------------------------------------------------------------------------------------------
PASS: GemmGemmConfiguration(datatype='f16', g=1, m=56, k=9, n=44, o=67, trans_a=True, trans_b=False, trans_c=True, trans_o=True, arch='gfx1100', chip='gfx1100', num_cu=70, num_chiplets=1, perfconfig='attn:v1:256,128,16,2,1,2,16,1,1,1,1')
Lowering rejected config as not applicable
Command line = -operation gemm_gemm -t bf16 --arch gfx1100 --num_cu 70 --num_chiplets 1 -g 1 -m 47 -k 85 -n 27 -gemmO 86 -transA=True -transB=False -transC=False -transO=True --perf_config=attn:v1:16,256,32,1,1,1,16,2,3,4,8 -pv -RMS_threshold 1e-2
Errors = loc("<stdin>":16:10): error: Fusion with SplitK perfConfig is not legal
Lowering not applicable.

----------------------------------------------------------------------------------------------------
NOT_APPLICABLE: GemmGemmConfiguration(datatype='bf16', g=1, m=47, k=85, n=27, o=86, trans_a=True, trans_b=False, trans_c=False, trans_o=True, arch='gfx1100', chip='gfx1100', num_cu=70, num_chiplets=1, perfconfig='attn:v1:16,256,32,1,1,1,16,2,3,4,8')
Lowering rejected config as not applicable
Command line = -operation gemm_gemm -t f16 --arch gfx1100 --num_cu 70 --num_chiplets 1 -g 1 -m 116 -k 109 -n 122 -gemmO 25 -transA=True -transB=False -transC=True -transO=False --perf_config=attn:v1:128,16,32,1,1,16,0,3,2,2,4 -pv
Errors = loc("<stdin>":15:10): error: Fusion with SplitK perfConfig is not legal
Lowering not applicable.

----------------------------------------------------------------------------------------------------
NOT_APPLICABLE: GemmGemmConfiguration(datatype='f16', g=1, m=116, k=109, n=122, o=25, trans_a=True, trans_b=False, trans_c=True, trans_o=False, arch='gfx1100', chip='gfx1100', num_cu=70, num_chiplets=1, perfconfig='attn:v1:128,16,32,1,1,16,0,3,2,2,4')
Lowering rejected config as not applicable
Command line = -operation gemm_gemm -t bf16 --arch gfx1100 --num_cu 70 --num_chiplets 1 -g 1 -m 65 -k 12 -n 99 -gemmO 89 -transA=True -transB=True -transC=False -transO=True --perf_config=attn:v1:256,256,128,2,1,4,16,2,2,1,4 -pv -RMS_threshold 1e-2
Errors = loc("<stdin>":16:10): error: Fusion with SplitK perfConfig is not legal
Lowering not applicable.

----------------------------------------------------------------------------------------------------
NOT_APPLICABLE: GemmGemmConfiguration(datatype='bf16', g=1, m=65, k=12, n=99, o=89, trans_a=True, trans_b=True, trans_c=False, trans_o=True, arch='gfx1100', chip='gfx1100', num_cu=70, num_chiplets=1, perfconfig='attn:v1:256,256,128,2,1,4,16,2,2,1,4')
Lowering rejected config as not applicable
Command line = -operation gemm_gemm -t bf16 --arch gfx1100 --num_cu 70 --num_chiplets 1 -g 1 -m 57 -k 119 -n 98 -gemmO 77 -transA=True -transB=False -transC=False -transO=True --perf_config=attn:v1:128,128,128,1,1,4,16,2,1,4,2 -pv -RMS_threshold 1e-2
Errors = loc("<stdin>":16:10): error: Fusion with SplitK perfConfig is not legal
Lowering not applicable.

----------------------------------------------------------------------------------------------------
NOT_APPLICABLE: GemmGemmConfiguration(datatype='bf16', g=1, m=57, k=119, n=98, o=77, trans_a=True, trans_b=False, trans_c=False, trans_o=True, arch='gfx1100', chip='gfx1100', num_cu=70, num_chiplets=1, perfconfig='attn:v1:128,128,128,1,1,4,16,2,1,4,2')
Lowering rejected config as not applicable
Command line = -operation gemm_gemm -t f16 --arch gfx1100 --num_cu 70 --num_chiplets 1 -g 2 -m 51 -k 68 -n 4 -gemmO 8 -transA=True -transB=False -transC=True -transO=True --perf_config=attn:v1:16,128,128,1,1,2,0,2,1,8,8 -pv
Errors = loc("<stdin>":16:10): error: Fusion with SplitK perfConfig is not legal
Lowering not applicable.

----------------------------------------------------------------------------------------------------
NOT_APPLICABLE: GemmGemmConfiguration(datatype='f16', g=2, m=51, k=68, n=4, o=8, trans_a=True, trans_b=False, trans_c=True, trans_o=True, arch='gfx1100', chip='gfx1100', num_cu=70, num_chiplets=1, perfconfig='attn:v1:16,128,128,1,1,2,0,2,1,8,8')
Lowering rejected config as not applicable
Command line = -operation gemm_gemm -t f16 --arch gfx1100 --num_cu 70 --num_chiplets 1 -g 1 -m 39 -k 15 -n 14 -gemmO 83 -transA=True -transB=False -transC=False -transO=True --perf_config=attn:v1:128,256,64,2,1,16,16,2,3,0,4 -pv
Errors = loc("<stdin>":16:10): error: Fusion with SplitK perfConfig is not legal
Lowering not applicable.

----------------------------------------------------------------------------------------------------
NOT_APPLICABLE: GemmGemmConfiguration(datatype='f16', g=1, m=39, k=15, n=14, o=83, trans_a=True, trans_b=False, trans_c=False, trans_o=True, arch='gfx1100', chip='gfx1100', num_cu=70, num_chiplets=1, perfconfig='attn:v1:128,256,64,2,1,16,16,2,3,0,4')
----------------------------------------------------------------------------------------------------
PASS: GemmGemmConfiguration(datatype='f32', g=2, m=45, k=2, n=97, o=5, trans_a=False, trans_b=True, trans_c=False, trans_o=False, arch='gfx1100', chip='gfx1100', num_cu=70, num_chiplets=1, perfconfig='attn:v1:32,64,16,1,1,16,0,4,1,1,2')
----------------------------------------------------------------------------------------------------
PASS: GemmGemmConfiguration(datatype='f32', g=2, m=40, k=51, n=17, o=126, trans_a=True, trans_b=True, trans_c=True, trans_o=False, arch='gfx1100', chip='gfx1100', num_cu=70, num_chiplets=1, perfconfig='attn:v1:16,64,64,1,1,4,32,2,2,0,8')
Lowering rejected config as not applicable
Command line = -operation gemm_gemm -t bf16 --arch gfx1100 --num_cu 70 --num_chiplets 1 -g 1 -m 46 -k 83 -n 20 -gemmO 98 -transA=False -transB=True -transC=True -transO=True --perf_config=attn:v1:128,128,64,1,1,4,0,3,3,1,2 -pv -RMS_threshold 1e-2
Errors = loc("<stdin>":15:10): error: Fusion with SplitK perfConfig is not legal
Lowering not applicable.

----------------------------------------------------------------------------------------------------
NOT_APPLICABLE: GemmGemmConfiguration(datatype='bf16', g=1, m=46, k=83, n=20, o=98, trans_a=False, trans_b=True, trans_c=True, trans_o=True, arch='gfx1100', chip='gfx1100', num_cu=70, num_chiplets=1, perfconfig='attn:v1:128,128,64,1,1,4,0,3,3,1,2')
----------------------------------------------------------------------------------------------------
PASS: GemmGemmConfiguration(datatype='f32', g=1, m=40, k=84, n=103, o=16, trans_a=True, trans_b=False, trans_c=False, trans_o=False, arch='gfx1100', chip='gfx1100', num_cu=70, num_chiplets=1, perfconfig='attn:v1:64,32,16,2,1,8,32,2,3,4,0')
----------------------------------------------------------------------------------------------------
PASS: GemmGemmConfiguration(datatype='f32', g=1, m=106, k=7, n=90, o=49, trans_a=False, trans_b=True, trans_c=True, trans_o=True, arch='gfx1100', chip='gfx1100', num_cu=70, num_chiplets=1, perfconfig='attn:v1:32,16,64,1,1,4,0,3,1,2,2')
----------------------------------------------------------------------------------------------------
PASS: GemmGemmConfiguration(datatype='f32', g=1, m=21, k=21, n=106, o=121, trans_a=False, trans_b=False, trans_c=True, trans_o=True, arch='gfx1100', chip='gfx1100', num_cu=70, num_chiplets=1, perfconfig='attn:v1:32,32,64,2,1,16,0,1,2,0,1')
----------------------------------------------------------------------------------------------------
PASS: GemmGemmConfiguration(datatype='f16', g=1, m=122, k=46, n=30, o=66, trans_a=True, trans_b=False, trans_c=False, trans_o=False, arch='gfx1100', chip='gfx1100', num_cu=70, num_chiplets=1, perfconfig='attn:v1:256,16,32,1,1,4,16,1,2,4,2')
Lowering rejected config as not applicable
Command line = -operation gemm_gemm -t bf16 --arch gfx1100 --num_cu 70 --num_chiplets 1 -g 2 -m 61 -k 108 -n 15 -gemmO 82 -transA=True -transB=True -transC=True -transO=False --perf_config=attn:v1:128,256,64,1,1,4,32,1,3,1,2 -pv -RMS_threshold 1e-2
Errors = loc("<stdin>":11:1): error: ttg.shared (98304) exceeds LDS limit (65536) for amdgcn-amd-amdhsa:gfx1100
Lowering not applicable.

----------------------------------------------------------------------------------------------------
NOT_APPLICABLE: GemmGemmConfiguration(datatype='bf16', g=2, m=61, k=108, n=15, o=82, trans_a=True, trans_b=True, trans_c=True, trans_o=False, arch='gfx1100', chip='gfx1100', num_cu=70, num_chiplets=1, perfconfig='attn:v1:128,256,64,1,1,4,32,1,3,1,2')
----------------------------------------------------------------------------------------------------
PASS: GemmGemmConfiguration(datatype='f32', g=1, m=112, k=49, n=35, o=49, trans_a=True, trans_b=True, trans_c=True, trans_o=False, arch='gfx1100', chip='gfx1100', num_cu=70, num_chiplets=1, perfconfig='attn:v1:64,128,16,2,1,4,0,4,1,1,2')
----------------------------------------------------------------------------------------------------
PASS: GemmGemmConfiguration(datatype='f16', g=2, m=13, k=116, n=101, o=103, trans_a=True, trans_b=True, trans_c=True, trans_o=False, arch='gfx1100', chip='gfx1100', num_cu=70, num_chiplets=1, perfconfig='attn:v1:64,256,32,2,1,1,32,1,1,4,0')
Lowering rejected config as not applicable
Command line = -operation gemm_gemm -t bf16 --arch gfx1100 --num_cu 70 --num_chiplets 1 -g 2 -m 24 -k 11 -n 113 -gemmO 35 -transA=False -transB=True -transC=True -transO=False --perf_config=attn:v1:64,32,16,1,1,8,0,3,2,8,2 -pv -RMS_threshold 1e-2
Errors = loc("<stdin>":16:10): error: Fusion with SplitK perfConfig is not legal
Lowering not applicable.

----------------------------------------------------------------------------------------------------
NOT_APPLICABLE: GemmGemmConfiguration(datatype='bf16', g=2, m=24, k=11, n=113, o=35, trans_a=False, trans_b=True, trans_c=True, trans_o=False, arch='gfx1100', chip='gfx1100', num_cu=70, num_chiplets=1, perfconfig='attn:v1:64,32,16,1,1,8,0,3,2,8,2')
Lowering rejected config as not applicable
Command line = -operation gemm_gemm -t bf16 --arch gfx1100 --num_cu 70 --num_chiplets 1 -g 2 -m 70 -k 124 -n 46 -gemmO 84 -transA=True -transB=False -transC=True -transO=True --perf_config=attn:v1:16,32,16,1,1,1,32,2,3,2,1 -pv -RMS_threshold 1e-2
Errors = loc("<stdin>":16:10): error: Fusion with SplitK perfConfig is not legal
Lowering not applicable.

----------------------------------------------------------------------------------------------------
NOT_APPLICABLE: GemmGemmConfiguration(datatype='bf16', g=2, m=70, k=124, n=46, o=84, trans_a=True, trans_b=False, trans_c=True, trans_o=True, arch='gfx1100', chip='gfx1100', num_cu=70, num_chiplets=1, perfconfig='attn:v1:16,32,16,1,1,1,32,2,3,2,1')
Lowering rejected config as not applicable
Command line = -operation gemm_gemm -t bf16 --arch gfx1100 --num_cu 70 --num_chiplets 1 -g 2 -m 38 -k 104 -n 121 -gemmO 70 -transA=True -transB=True -transC=True -transO=True --perf_config=attn:v1:64,128,128,2,1,4,32,3,2,1,2 -pv -RMS_threshold 1e-2
Errors = loc("<stdin>":16:10): error: Fusion with SplitK perfConfig is not legal
Lowering not applicable.

----------------------------------------------------------------------------------------------------
NOT_APPLICABLE: GemmGemmConfiguration(datatype='bf16', g=2, m=38, k=104, n=121, o=70, trans_a=True, trans_b=True, trans_c=True, trans_o=True, arch='gfx1100', chip='gfx1100', num_cu=70, num_chiplets=1, perfconfig='attn:v1:64,128,128,2,1,4,32,3,2,1,2')
Lowering rejected config as not applicable
Command line = -operation gemm_gemm -t bf16 --arch gfx1100 --num_cu 70 --num_chiplets 1 -g 1 -m 1 -k 73 -n 57 -gemmO 26 -transA=True -transB=False -transC=True -transO=True --perf_config=attn:v1:64,64,128,2,1,1,0,3,3,2,2 -pv -RMS_threshold 1e-2
Errors = loc("<stdin>":15:10): error: Fusion with SplitK perfConfig is not legal
Lowering not applicable.

----------------------------------------------------------------------------------------------------
NOT_APPLICABLE: GemmGemmConfiguration(datatype='bf16', g=1, m=1, k=73, n=57, o=26, trans_a=True, trans_b=False, trans_c=True, trans_o=True, arch='gfx1100', chip='gfx1100', num_cu=70, num_chiplets=1, perfconfig='attn:v1:64,64,128,2,1,1,0,3,3,2,2')
----------------------------------------------------------------------------------------------------
PASS: GemmGemmConfiguration(datatype='bf16', g=1, m=117, k=127, n=72, o=111, trans_a=True, trans_b=True, trans_c=True, trans_o=False, arch='gfx1100', chip='gfx1100', num_cu=70, num_chiplets=1, perfconfig='attn:v1:128,128,128,1,1,16,32,1,3,1,2')
----------------------------------------------------------------------------------------------------
PASS: GemmGemmConfiguration(datatype='f32', g=1, m=40, k=26, n=80, o=111, trans_a=False, trans_b=False, trans_c=True, trans_o=True, arch='gfx1100', chip='gfx1100', num_cu=70, num_chiplets=1, perfconfig='attn:v1:64,128,16,2,1,16,16,3,2,1,0')
----------------------------------------------------------------------------------------------------
PASS: GemmGemmConfiguration(datatype='f32', g=1, m=21, k=95, n=63, o=54, trans_a=True, trans_b=False, trans_c=True, trans_o=True, arch='gfx1100', chip='gfx1100', num_cu=70, num_chiplets=1, perfconfig='attn:v1:128,128,64,2,1,16,0,1,1,8,0')
----------------------------------------------------------------------------------------------------
PASS: GemmGemmConfiguration(datatype='f16', g=1, m=20, k=36, n=38, o=36, trans_a=False, trans_b=True, trans_c=True, trans_o=True, arch='gfx1100', chip='gfx1100', num_cu=70, num_chiplets=1, perfconfig='attn:v1:256,256,128,1,1,4,0,1,3,8,1')
Lowering rejected config as not applicable
Command line = -operation gemm_gemm -t f16 --arch gfx1100 --num_cu 70 --num_chiplets 1 -g 1 -m 60 -k 32 -n 116 -gemmO 68 -transA=False -transB=False -transC=False -transO=True --perf_config=attn:v1:16,16,128,2,1,4,0,2,1,4,4 -pv
Errors = loc("<stdin>":16:10): error: Fusion with SplitK perfConfig is not legal
Lowering not applicable.

----------------------------------------------------------------------------------------------------
NOT_APPLICABLE: GemmGemmConfiguration(datatype='f16', g=1, m=60, k=32, n=116, o=68, trans_a=False, trans_b=False, trans_c=False, trans_o=True, arch='gfx1100', chip='gfx1100', num_cu=70, num_chiplets=1, perfconfig='attn:v1:16,16,128,2,1,4,0,2,1,4,4')
Lowering rejected config as not applicable
Command line = -operation gemm_gemm -t f16 --arch gfx1100 --num_cu 70 --num_chiplets 1 -g 1 -m 98 -k 94 -n 39 -gemmO 43 -transA=False -transB=True -transC=False -transO=True --perf_config=attn:v1:32,256,32,2,1,16,0,3,3,2,2 -pv
Errors = loc("<stdin>":15:10): error: Fusion with SplitK perfConfig is not legal
Lowering not applicable.

----------------------------------------------------------------------------------------------------
NOT_APPLICABLE: GemmGemmConfiguration(datatype='f16', g=1, m=98, k=94, n=39, o=43, trans_a=False, trans_b=True, trans_c=False, trans_o=True, arch='gfx1100', chip='gfx1100', num_cu=70, num_chiplets=1, perfconfig='attn:v1:32,256,32,2,1,16,0,3,3,2,2')
Lowering rejected config as not applicable
Command line = -operation gemm_gemm -t f16 --arch gfx1100 --num_cu 70 --num_chiplets 1 -g 1 -m 68 -k 49 -n 58 -gemmO 91 -transA=True -transB=True -transC=True -transO=True --perf_config=attn:v1:128,32,32,1,1,1,32,4,2,8,1 -pv
Errors = loc("<stdin>":16:10): error: Fusion with SplitK perfConfig is not legal
Lowering not applicable.

----------------------------------------------------------------------------------------------------
NOT_APPLICABLE: GemmGemmConfiguration(datatype='f16', g=1, m=68, k=49, n=58, o=91, trans_a=True, trans_b=True, trans_c=True, trans_o=True, arch='gfx1100', chip='gfx1100', num_cu=70, num_chiplets=1, perfconfig='attn:v1:128,32,32,1,1,1,32,4,2,8,1')
Lowering rejected config as not applicable
Command line = -operation gemm_gemm -t bf16 --arch gfx1100 --num_cu 70 --num_chiplets 1 -g 1 -m 106 -k 1 -n 93 -gemmO 116 -transA=False -transB=False -transC=True -transO=True --perf_config=attn:v1:128,256,16,1,1,4,0,3,3,4,4 -pv -RMS_threshold 1e-2
Errors = loc("<stdin>":16:10): error: Fusion with SplitK perfConfig is not legal
Lowering not applicable.

----------------------------------------------------------------------------------------------------
NOT_APPLICABLE: GemmGemmConfiguration(datatype='bf16', g=1, m=106, k=1, n=93, o=116, trans_a=False, trans_b=False, trans_c=True, trans_o=True, arch='gfx1100', chip='gfx1100', num_cu=70, num_chiplets=1, perfconfig='attn:v1:128,256,16,1,1,4,0,3,3,4,4')
Lowering rejected config as not applicable
Command line = -operation gemm_gemm -t f16 --arch gfx1100 --num_cu 70 --num_chiplets 1 -g 2 -m 47 -k 41 -n 121 -gemmO 36 -transA=False -transB=False -transC=True -transO=True --perf_config=attn:v1:64,32,128,1,1,16,0,4,3,8,4 -pv
Errors = loc("<stdin>":16:10): error: Fusion with SplitK perfConfig is not legal
Lowering not applicable.

----------------------------------------------------------------------------------------------------
NOT_APPLICABLE: GemmGemmConfiguration(datatype='f16', g=2, m=47, k=41, n=121, o=36, trans_a=False, trans_b=False, trans_c=True, trans_o=True, arch='gfx1100', chip='gfx1100', num_cu=70, num_chiplets=1, perfconfig='attn:v1:64,32,128,1,1,16,0,4,3,8,4')
Lowering rejected config as not applicable
Command line = -operation gemm_gemm -t f16 --arch gfx1100 --num_cu 70 --num_chiplets 1 -g 2 -m 49 -k 32 -n 69 -gemmO 40 -transA=True -transB=True -transC=False -transO=True --perf_config=attn:v1:16,64,128,1,1,2,0,4,3,1,2 -pv
Errors = loc("<stdin>":16:10): error: Fusion with SplitK perfConfig is not legal
Lowering not applicable.

----------------------------------------------------------------------------------------------------
NOT_APPLICABLE: GemmGemmConfiguration(datatype='f16', g=2, m=49, k=32, n=69, o=40, trans_a=True, trans_b=True, trans_c=False, trans_o=True, arch='gfx1100', chip='gfx1100', num_cu=70, num_chiplets=1, perfconfig='attn:v1:16,64,128,1,1,2,0,4,3,1,2')
Lowering rejected config as not applicable
Command line = -operation gemm_gemm -t f32 --arch gfx1100 --num_cu 70 --num_chiplets 1 -g 1 -m 24 -k 73 -n 95 -gemmO 83 -transA=True -transB=False -transC=True -transO=False --perf_config=attn:v1:32,256,64,2,1,8,32,3,3,4,8 -pv -relDiff_threshold 1e-4
Errors = loc("<stdin>":9:1): error: ttg.shared (147456) exceeds LDS limit (65536) for amdgcn-amd-amdhsa:gfx1100
Lowering not applicable.

----------------------------------------------------------------------------------------------------
NOT_APPLICABLE: GemmGemmConfiguration(datatype='f32', g=1, m=24, k=73, n=95, o=83, trans_a=True, trans_b=False, trans_c=True, trans_o=False, arch='gfx1100', chip='gfx1100', num_cu=70, num_chiplets=1, perfconfig='attn:v1:32,256,64,2,1,8,32,3,3,4,8')
----------------------------------------------------------------------------------------------------
PASS: GemmGemmConfiguration(datatype='f32', g=1, m=38, k=57, n=44, o=32, trans_a=True, trans_b=True, trans_c=False, trans_o=True, arch='gfx1100', chip='gfx1100', num_cu=70, num_chiplets=1, perfconfig='attn:v1:64,16,32,1,1,4,16,3,1,8,1')
Lowering rejected config as not applicable
Command line = -operation gemm_gemm -t bf16 --arch gfx1100 --num_cu 70 --num_chiplets 1 -g 2 -m 89 -k 14 -n 64 -gemmO 94 -transA=False -transB=False -transC=False -transO=False --perf_config=attn:v1:16,16,128,2,1,8,16,4,1,8,8 -pv -RMS_threshold 1e-2
Errors = loc("<stdin>":16:10): error: Fusion with SplitK perfConfig is not legal
Lowering not applicable.

----------------------------------------------------------------------------------------------------
NOT_APPLICABLE: GemmGemmConfiguration(datatype='bf16', g=2, m=89, k=14, n=64, o=94, trans_a=False, trans_b=False, trans_c=False, trans_o=False, arch='gfx1100', chip='gfx1100', num_cu=70, num_chiplets=1, perfconfig='attn:v1:16,16,128,2,1,8,16,4,1,8,8')
Lowering rejected config as not applicable
Command line = -operation gemm_gemm -t bf16 --arch gfx1100 --num_cu 70 --num_chiplets 1 -g 2 -m 49 -k 84 -n 91 -gemmO 98 -transA=False -transB=False -transC=True -transO=False --perf_config=attn:v1:16,256,32,1,1,8,16,3,2,2,1 -pv -RMS_threshold 1e-2
Errors = loc("<stdin>":16:10): error: Fusion with SplitK perfConfig is not legal
Lowering not applicable.

----------------------------------------------------------------------------------------------------
NOT_APPLICABLE: GemmGemmConfiguration(datatype='bf16', g=2, m=49, k=84, n=91, o=98, trans_a=False, trans_b=False, trans_c=True, trans_o=False, arch='gfx1100', chip='gfx1100', num_cu=70, num_chiplets=1, perfconfig='attn:v1:16,256,32,1,1,8,16,3,2,2,1')
Lowering rejected config as not applicable
Command line = -operation gemm_gemm -t f16 --arch gfx1100 --num_cu 70 --num_chiplets 1 -g 2 -m 2 -k 101 -n 96 -gemmO 90 -transA=False -transB=False -transC=False -transO=True --perf_config=attn:v1:16,16,32,1,1,2,32,2,2,0,8 -pv
Errors = loc("<stdin>":16:10): error: Fusion with SplitK perfConfig is not legal
Lowering not applicable.

----------------------------------------------------------------------------------------------------
NOT_APPLICABLE: GemmGemmConfiguration(datatype='f16', g=2, m=2, k=101, n=96, o=90, trans_a=False, trans_b=False, trans_c=False, trans_o=True, arch='gfx1100', chip='gfx1100', num_cu=70, num_chiplets=1, perfconfig='attn:v1:16,16,32,1,1,2,32,2,2,0,8')
Lowering rejected config as not applicable
Command line = -operation gemm_gemm -t bf16 --arch gfx1100 --num_cu 70 --num_chiplets 1 -g 2 -m 82 -k 96 -n 87 -gemmO 126 -transA=True -transB=False -transC=True -transO=False --perf_config=attn:v1:32,64,64,2,1,2,32,2,2,0,8 -pv -RMS_threshold 1e-2
Errors = loc("<stdin>":16:10): error: Fusion with SplitK perfConfig is not legal
Lowering not applicable.

----------------------------------------------------------------------------------------------------
NOT_APPLICABLE: GemmGemmConfiguration(datatype='bf16', g=2, m=82, k=96, n=87, o=126, trans_a=True, trans_b=False, trans_c=True, trans_o=False, arch='gfx1100', chip='gfx1100', num_cu=70, num_chiplets=1, perfconfig='attn:v1:32,64,64,2,1,2,32,2,2,0,8')
Lowering rejected config as not applicable
Command line = -operation gemm_gemm -t f16 --arch gfx1100 --num_cu 70 --num_chiplets 1 -g 1 -m 52 -k 93 -n 18 -gemmO 86 -transA=True -transB=True -transC=False -transO=False --perf_config=attn:v1:64,128,128,2,1,16,16,2,2,8,0 -pv
Errors = loc("<stdin>":16:10): error: Fusion with SplitK perfConfig is not legal
Lowering not applicable.

----------------------------------------------------------------------------------------------------
NOT_APPLICABLE: GemmGemmConfiguration(datatype='f16', g=1, m=52, k=93, n=18, o=86, trans_a=True, trans_b=True, trans_c=False, trans_o=False, arch='gfx1100', chip='gfx1100', num_cu=70, num_chiplets=1, perfconfig='attn:v1:64,128,128,2,1,16,16,2,2,8,0')
Lowering rejected config as not applicable
Command line = -operation gemm_gemm -t bf16 --arch gfx1100 --num_cu 70 --num_chiplets 1 -g 2 -m 4 -k 44 -n 16 -gemmO 17 -transA=False -transB=False -transC=True -transO=False --perf_config=attn:v1:64,64,64,2,1,4,0,3,3,4,8 -pv -RMS_threshold 1e-2
Errors = loc("<stdin>":16:10): error: Fusion with SplitK perfConfig is not legal
Lowering not applicable.

----------------------------------------------------------------------------------------------------
NOT_APPLICABLE: GemmGemmConfiguration(datatype='bf16', g=2, m=4, k=44, n=16, o=17, trans_a=False, trans_b=False, trans_c=True, trans_o=False, arch='gfx1100', chip='gfx1100', num_cu=70, num_chiplets=1, perfconfig='attn:v1:64,64,64,2,1,4,0,3,3,4,8')
Lowering rejected config as not applicable
Command line = -operation gemm_gemm -t f32 --arch gfx1100 --num_cu 70 --num_chiplets 1 -g 2 -m 29 -k 38 -n 116 -gemmO 37 -transA=True -transB=False -transC=False -transO=True --perf_config=attn:v1:256,128,32,2,1,16,32,1,2,4,8 -pv -relDiff_threshold 1e-4
Errors = loc("<stdin>":10:1): error: ttg.shared (131072) exceeds LDS limit (65536) for amdgcn-amd-amdhsa:gfx1100
Lowering not applicable.

----------------------------------------------------------------------------------------------------
NOT_APPLICABLE: GemmGemmConfiguration(datatype='f32', g=2, m=29, k=38, n=116, o=37, trans_a=True, trans_b=False, trans_c=False, trans_o=True, arch='gfx1100', chip='gfx1100', num_cu=70, num_chiplets=1, perfconfig='attn:v1:256,128,32,2,1,16,32,1,2,4,8')
----------------------------------------------------------------------------------------------------
PASS: GemmGemmConfiguration(datatype='f16', g=2, m=59, k=120, n=115, o=125, trans_a=False, trans_b=True, trans_c=False, trans_o=False, arch='gfx1100', chip='gfx1100', num_cu=70, num_chiplets=1, perfconfig='attn:v1:64,256,64,1,1,2,32,1,1,0,0')
Lowering rejected config as not applicable
Command line = -operation gemm_gemm -t bf16 --arch gfx1100 --num_cu 70 --num_chiplets 1 -g 1 -m 17 -k 77 -n 23 -gemmO 55 -transA=False -transB=True -transC=False -transO=False --perf_config=attn:v1:16,128,64,1,1,4,32,2,1,8,1 -pv -RMS_threshold 1e-2
Errors = loc("<stdin>":15:10): error: Fusion with SplitK perfConfig is not legal
Lowering not applicable.

----------------------------------------------------------------------------------------------------
NOT_APPLICABLE: GemmGemmConfiguration(datatype='bf16', g=1, m=17, k=77, n=23, o=55, trans_a=False, trans_b=True, trans_c=False, trans_o=False, arch='gfx1100', chip='gfx1100', num_cu=70, num_chiplets=1, perfconfig='attn:v1:16,128,64,1,1,4,32,2,1,8,1')
Lowering rejected config as not applicable
Command line = -operation gemm_gemm -t bf16 --arch gfx1100 --num_cu 70 --num_chiplets 1 -g 1 -m 8 -k 46 -n 66 -gemmO 4 -transA=False -transB=True -transC=False -transO=False --perf_config=attn:v1:64,64,32,2,1,2,0,3,3,0,4 -pv -RMS_threshold 1e-2
Errors = loc("<stdin>":15:10): error: Fusion with SplitK perfConfig is not legal
Lowering not applicable.

----------------------------------------------------------------------------------------------------
NOT_APPLICABLE: GemmGemmConfiguration(datatype='bf16', g=1, m=8, k=46, n=66, o=4, trans_a=False, trans_b=True, trans_c=False, trans_o=False, arch='gfx1100', chip='gfx1100', num_cu=70, num_chiplets=1, perfconfig='attn:v1:64,64,32,2,1,2,0,3,3,0,4')
Lowering rejected config as not applicable
Command line = -operation gemm_gemm -t f16 --arch gfx1100 --num_cu 70 --num_chiplets 1 -g 2 -m 69 -k 40 -n 44 -gemmO 96 -transA=True -transB=False -transC=True -transO=True --perf_config=attn:v1:64,16,32,2,1,4,0,2,1,8,0 -pv
Errors = loc("<stdin>":16:10): error: Fusion with SplitK perfConfig is not legal
Lowering not applicable.

----------------------------------------------------------------------------------------------------
NOT_APPLICABLE: GemmGemmConfiguration(datatype='f16', g=2, m=69, k=40, n=44, o=96, trans_a=True, trans_b=False, trans_c=True, trans_o=True, arch='gfx1100', chip='gfx1100', num_cu=70, num_chiplets=1, perfconfig='attn:v1:64,16,32,2,1,4,0,2,1,8,0')
Lowering rejected config as not applicable
Command line = -operation gemm_gemm -t f32 --arch gfx1100 --num_cu 70 --num_chiplets 1 -g 2 -m 5 -k 26 -n 84 -gemmO 103 -transA=True -transB=False -transC=True -transO=True --perf_config=attn:v1:256,256,16,1,1,16,0,1,2,0,4 -pv -relDiff_threshold 1e-4
Errors = loc("<stdin>":10:1): error: ttg.shared (262144) exceeds LDS limit (65536) for amdgcn-amd-amdhsa:gfx1100
Lowering not applicable.

----------------------------------------------------------------------------------------------------
NOT_APPLICABLE: GemmGemmConfiguration(datatype='f32', g=2, m=5, k=26, n=84, o=103, trans_a=True, trans_b=False, trans_c=True, trans_o=True, arch='gfx1100', chip='gfx1100', num_cu=70, num_chiplets=1, perfconfig='attn:v1:256,256,16,1,1,16,0,1,2,0,4')
----------------------------------------------------------------------------------------------------
PASS: GemmGemmConfiguration(datatype='f32', g=2, m=84, k=20, n=62, o=40, trans_a=False, trans_b=False, trans_c=False, trans_o=True, arch='gfx1100', chip='gfx1100', num_cu=70, num_chiplets=1, perfconfig='attn:v1:16,64,32,1,1,8,32,3,1,1,1')
----------------------------------------------------------------------------------------------------
PASS: GemmGemmConfiguration(datatype='f32', g=2, m=52, k=96, n=3, o=9, trans_a=True, trans_b=True, trans_c=False, trans_o=False, arch='gfx1100', chip='gfx1100', num_cu=70, num_chiplets=1, perfconfig='attn:v1:128,32,32,1,1,2,0,2,1,1,1')
----------------------------------------------------------------------------------------------------
PASS: GemmGemmConfiguration(datatype='f32', g=1, m=111, k=121, n=25, o=23, trans_a=True, trans_b=False, trans_c=False, trans_o=False, arch='gfx1100', chip='gfx1100', num_cu=70, num_chiplets=1, perfconfig='attn:v1:64,256,16,2,1,4,16,1,3,8,8')
----------------------------------------------------------------------------------------------------
PASS: GemmGemmConfiguration(datatype='f16', g=1, m=102, k=31, n=128, o=85, trans_a=False, trans_b=True, trans_c=False, trans_o=False, arch='gfx1100', chip='gfx1100', num_cu=70, num_chiplets=1, perfconfig='attn:v1:128,128,128,2,1,1,16,1,1,8,2')
Lowering rejected config as not applicable
Command line = -operation gemm_gemm -t f16 --arch gfx1100 --num_cu 70 --num_chiplets 1 -g 1 -m 6 -k 15 -n 99 -gemmO 2 -transA=False -transB=False -transC=False -transO=True --perf_config=attn:v1:128,128,16,2,1,1,32,3,3,1,4 -pv
Errors = loc("<stdin>":16:10): error: Fusion with SplitK perfConfig is not legal
Lowering not applicable.

----------------------------------------------------------------------------------------------------
NOT_APPLICABLE: GemmGemmConfiguration(datatype='f16', g=1, m=6, k=15, n=99, o=2, trans_a=False, trans_b=False, trans_c=False, trans_o=True, arch='gfx1100', chip='gfx1100', num_cu=70, num_chiplets=1, perfconfig='attn:v1:128,128,16,2,1,1,32,3,3,1,4')
Lowering rejected config as not applicable
Command line = -operation gemm_gemm -t f16 --arch gfx1100 --num_cu 70 --num_chiplets 1 -g 1 -m 95 -k 73 -n 22 -gemmO 125 -transA=True -transB=False -transC=True -transO=True --perf_config=attn:v1:256,64,16,2,1,8,0,3,2,2,4 -pv
Errors = loc("<stdin>":15:10): error: Fusion with SplitK perfConfig is not legal
Lowering not applicable.

----------------------------------------------------------------------------------------------------
NOT_APPLICABLE: GemmGemmConfiguration(datatype='f16', g=1, m=95, k=73, n=22, o=125, trans_a=True, trans_b=False, trans_c=True, trans_o=True, arch='gfx1100', chip='gfx1100', num_cu=70, num_chiplets=1, perfconfig='attn:v1:256,64,16,2,1,8,0,3,2,2,4')
Lowering rejected config as not applicable
Command line = -operation gemm_gemm -t bf16 --arch gfx1100 --num_cu 70 --num_chiplets 1 -g 1 -m 116 -k 86 -n 11 -gemmO 26 -transA=True -transB=True -transC=False -transO=True --perf_config=attn:v1:32,16,16,2,1,2,0,3,3,4,1 -pv -RMS_threshold 1e-2
Errors = loc("<stdin>":16:10): error: Fusion with SplitK perfConfig is not legal
Lowering not applicable.

----------------------------------------------------------------------------------------------------
NOT_APPLICABLE: GemmGemmConfiguration(datatype='bf16', g=1, m=116, k=86, n=11, o=26, trans_a=True, trans_b=True, trans_c=False, trans_o=True, arch='gfx1100', chip='gfx1100', num_cu=70, num_chiplets=1, perfconfig='attn:v1:32,16,16,2,1,2,0,3,3,4,1')
Lowering rejected config as not applicable
Command line = -operation gemm_gemm -t f16 --arch gfx1100 --num_cu 70 --num_chiplets 1 -g 1 -m 69 -k 92 -n 113 -gemmO 32 -transA=True -transB=True -transC=False -transO=False --perf_config=attn:v1:16,16,128,1,1,2,16,4,2,1,8 -pv
Errors = loc("<stdin>":16:10): error: Fusion with SplitK perfConfig is not legal
Lowering not applicable.

----------------------------------------------------------------------------------------------------
NOT_APPLICABLE: GemmGemmConfiguration(datatype='f16', g=1, m=69, k=92, n=113, o=32, trans_a=True, trans_b=True, trans_c=False, trans_o=False, arch='gfx1100', chip='gfx1100', num_cu=70, num_chiplets=1, perfconfig='attn:v1:16,16,128,1,1,2,16,4,2,1,8')
Lowering rejected config as not applicable
Command line = -operation gemm_gemm -t f16 --arch gfx1100 --num_cu 70 --num_chiplets 1 -g 2 -m 17 -k 35 -n 44 -gemmO 105 -transA=False -transB=True -transC=False -transO=True --perf_config=attn:v1:32,64,16,2,1,16,16,4,3,8,4 -pv
Errors = loc("<stdin>":16:10): error: Fusion with SplitK perfConfig is not legal
Lowering not applicable.

----------------------------------------------------------------------------------------------------
NOT_APPLICABLE: GemmGemmConfiguration(datatype='f16', g=2, m=17, k=35, n=44, o=105, trans_a=False, trans_b=True, trans_c=False, trans_o=True, arch='gfx1100', chip='gfx1100', num_cu=70, num_chiplets=1, perfconfig='attn:v1:32,64,16,2,1,16,16,4,3,8,4')
Lowering rejected config as not applicable
Command line = -operation gemm_gemm -t f32 --arch gfx1100 --num_cu 70 --num_chiplets 1 -g 2 -m 33 -k 14 -n 96 -gemmO 38 -transA=False -transB=False -transC=False -transO=False --perf_config=attn:v1:16,256,128,2,1,4,16,2,1,4,0 -pv -relDiff_threshold 1e-4
Errors = loc("<stdin>":10:1): error: ttg.shared (131072) exceeds LDS limit (65536) for amdgcn-amd-amdhsa:gfx1100
Lowering not applicable.

----------------------------------------------------------------------------------------------------
NOT_APPLICABLE: GemmGemmConfiguration(datatype='f32', g=2, m=33, k=14, n=96, o=38, trans_a=False, trans_b=False, trans_c=False, trans_o=False, arch='gfx1100', chip='gfx1100', num_cu=70, num_chiplets=1, perfconfig='attn:v1:16,256,128,2,1,4,16,2,1,4,0')
----------------------------------------------------------------------------------------------------
PASS: GemmGemmConfiguration(datatype='f32', g=2, m=46, k=44, n=88, o=14, trans_a=True, trans_b=False, trans_c=True, trans_o=True, arch='gfx1100', chip='gfx1100', num_cu=70, num_chiplets=1, perfconfig='attn:v1:16,16,64,1,1,16,32,3,1,0,1')
----------------------------------------------------------------------------------------------------
PASS: GemmGemmConfiguration(datatype='bf16', g=2, m=80, k=24, n=95, o=17, trans_a=True, trans_b=True, trans_c=False, trans_o=True, arch='gfx1100', chip='gfx1100', num_cu=70, num_chiplets=1, perfconfig='attn:v1:128,64,64,1,1,8,0,1,3,2,8')
Lowering rejected config as not applicable
Command line = -operation gemm_gemm -t f16 --arch gfx1100 --num_cu 70 --num_chiplets 1 -g 1 -m 120 -k 116 -n 128 -gemmO 87 -transA=True -transB=False -transC=True -transO=True --perf_config=attn:v1:256,32,32,2,1,16,32,4,3,0,1 -pv
Errors = loc("<stdin>":15:10): error: Fusion with SplitK perfConfig is not legal
Lowering not applicable.

----------------------------------------------------------------------------------------------------
NOT_APPLICABLE: GemmGemmConfiguration(datatype='f16', g=1, m=120, k=116, n=128, o=87, trans_a=True, trans_b=False, trans_c=True, trans_o=True, arch='gfx1100', chip='gfx1100', num_cu=70, num_chiplets=1, perfconfig='attn:v1:256,32,32,2,1,16,32,4,3,0,1')
Lowering rejected config as not applicable
Command line = -operation gemm_gemm -t f16 --arch gfx1100 --num_cu 70 --num_chiplets 1 -g 2 -m 49 -k 68 -n 82 -gemmO 86 -transA=True -transB=True -transC=True -transO=True --perf_config=attn:v1:64,64,64,2,1,16,0,3,2,1,4 -pv
Errors = loc("<stdin>":16:10): error: Fusion with SplitK perfConfig is not legal
Lowering not applicable.

----------------------------------------------------------------------------------------------------
NOT_APPLICABLE: GemmGemmConfiguration(datatype='f16', g=2, m=49, k=68, n=82, o=86, trans_a=True, trans_b=True, trans_c=True, trans_o=True, arch='gfx1100', chip='gfx1100', num_cu=70, num_chiplets=1, perfconfig='attn:v1:64,64,64,2,1,16,0,3,2,1,4')
Lowering rejected config as not applicable
Command line = -operation gemm_gemm -t f32 --arch gfx1100 --num_cu 70 --num_chiplets 1 -g 1 -m 106 -k 41 -n 100 -gemmO 14 -transA=False -transB=True -transC=False -transO=False --perf_config=attn:v1:16,256,32,1,1,4,32,3,3,8,0 -pv -relDiff_threshold 1e-4
Errors = loc("<stdin>":9:1): error: ttg.shared (69632) exceeds LDS limit (65536) for amdgcn-amd-amdhsa:gfx1100
Lowering not applicable.

----------------------------------------------------------------------------------------------------
NOT_APPLICABLE: GemmGemmConfiguration(datatype='f32', g=1, m=106, k=41, n=100, o=14, trans_a=False, trans_b=True, trans_c=False, trans_o=False, arch='gfx1100', chip='gfx1100', num_cu=70, num_chiplets=1, perfconfig='attn:v1:16,256,32,1,1,4,32,3,3,8,0')
----------------------------------------------------------------------------------------------------
PASS: GemmGemmConfiguration(datatype='f32', g=1, m=52, k=60, n=3, o=22, trans_a=True, trans_b=True, trans_c=False, trans_o=True, arch='gfx1100', chip='gfx1100', num_cu=70, num_chiplets=1, perfconfig='attn:v1:64,16,32,2,1,16,0,3,3,8,1')
----------------------------------------------------------------------------------------------------
PASS: GemmGemmConfiguration(datatype='f32', g=1, m=62, k=116, n=112, o=77, trans_a=True, trans_b=False, trans_c=True, trans_o=False, arch='gfx1100', chip='gfx1100', num_cu=70, num_chiplets=1, perfconfig='attn:v1:16,32,16,1,1,8,16,2,2,8,4')
----------------------------------------------------------------------------------------------------
PASS: GemmGemmConfiguration(datatype='f32', g=2, m=80, k=14, n=100, o=12, trans_a=True, trans_b=False, trans_c=False, trans_o=True, arch='gfx1100', chip='gfx1100', num_cu=70, num_chiplets=1, perfconfig='attn:v1:128,64,128,1,1,8,16,1,1,1,8')
----------------------------------------------------------------------------------------------------
PASS: GemmGemmConfiguration(datatype='f32', g=2, m=97, k=89, n=100, o=40, trans_a=True, trans_b=True, trans_c=False, trans_o=False, arch='gfx1100', chip='gfx1100', num_cu=70, num_chiplets=1, perfconfig='attn:v1:32,16,128,1,1,2,16,4,2,8,1')
Lowering rejected config as not applicable
Command line = -operation gemm_gemm -t f32 --arch gfx1100 --num_cu 70 --num_chiplets 1 -g 1 -m 38 -k 104 -n 104 -gemmO 45 -transA=False -transB=False -transC=True -transO=True --perf_config=attn:v1:256,256,128,1,1,1,32,1,3,4,0 -pv -relDiff_threshold 1e-4
Errors = loc("<stdin>":8:1): error: ttg.shared (262144) exceeds LDS limit (65536) for amdgcn-amd-amdhsa:gfx1100
Lowering not applicable.

----------------------------------------------------------------------------------------------------
NOT_APPLICABLE: GemmGemmConfiguration(datatype='f32', g=1, m=38, k=104, n=104, o=45, trans_a=False, trans_b=False, trans_c=True, trans_o=True, arch='gfx1100', chip='gfx1100', num_cu=70, num_chiplets=1, perfconfig='attn:v1:256,256,128,1,1,1,32,1,3,4,0')
Lowering rejected config as not applicable
Command line = -operation gemm_gemm -t f16 --arch gfx1100 --num_cu 70 --num_chiplets 1 -g 2 -m 12 -k 85 -n 127 -gemmO 106 -transA=True -transB=True -transC=True -transO=False --perf_config=attn:v1:16,256,64,2,1,4,0,4,1,0,4 -pv
Errors = loc("<stdin>":16:10): error: Fusion with SplitK perfConfig is not legal
Lowering not applicable.

----------------------------------------------------------------------------------------------------
NOT_APPLICABLE: GemmGemmConfiguration(datatype='f16', g=2, m=12, k=85, n=127, o=106, trans_a=True, trans_b=True, trans_c=True, trans_o=False, arch='gfx1100', chip='gfx1100', num_cu=70, num_chiplets=1, perfconfig='attn:v1:16,256,64,2,1,4,0,4,1,0,4')
Lowering rejected config as not applicable
Command line = -operation gemm_gemm -t f16 --arch gfx1100 --num_cu 70 --num_chiplets 1 -g 1 -m 113 -k 15 -n 122 -gemmO 54 -transA=False -transB=False -transC=False -transO=False --perf_config=attn:v1:64,32,32,2,1,4,32,2,1,0,2 -pv
Errors = loc("<stdin>":16:10): error: Fusion with SplitK perfConfig is not legal
Lowering not applicable.

----------------------------------------------------------------------------------------------------
NOT_APPLICABLE: GemmGemmConfiguration(datatype='f16', g=1, m=113, k=15, n=122, o=54, trans_a=False, trans_b=False, trans_c=False, trans_o=False, arch='gfx1100', chip='gfx1100', num_cu=70, num_chiplets=1, perfconfig='attn:v1:64,32,32,2,1,4,32,2,1,0,2')
Lowering rejected config as not applicable
Command line = -operation gemm_gemm -t bf16 --arch gfx1100 --num_cu 70 --num_chiplets 1 -g 2 -m 58 -k 114 -n 22 -gemmO 51 -transA=False -transB=True -transC=False -transO=False --perf_config=attn:v1:32,256,32,2,1,1,32,4,1,2,4 -pv -RMS_threshold 1e-2
Errors = loc("<stdin>":16:10): error: Fusion with SplitK perfConfig is not legal
Lowering not applicable.

----------------------------------------------------------------------------------------------------
NOT_APPLICABLE: GemmGemmConfiguration(datatype='bf16', g=2, m=58, k=114, n=22, o=51, trans_a=False, trans_b=True, trans_c=False, trans_o=False, arch='gfx1100', chip='gfx1100', num_cu=70, num_chiplets=1, perfconfig='attn:v1:32,256,32,2,1,1,32,4,1,2,4')
Lowering rejected config as not applicable
Command line = -operation gemm_gemm -t f16 --arch gfx1100 --num_cu 70 --num_chiplets 1 -g 1 -m 115 -k 66 -n 56 -gemmO 100 -transA=True -transB=True -transC=False -transO=False --perf_config=attn:v1:32,32,128,2,1,2,0,3,1,4,2 -pv
Errors = loc("<stdin>":16:10): error: Fusion with SplitK perfConfig is not legal
Lowering not applicable.

----------------------------------------------------------------------------------------------------
NOT_APPLICABLE: GemmGemmConfiguration(datatype='f16', g=1, m=115, k=66, n=56, o=100, trans_a=True, trans_b=True, trans_c=False, trans_o=False, arch='gfx1100', chip='gfx1100', num_cu=70, num_chiplets=1, perfconfig='attn:v1:32,32,128,2,1,2,0,3,1,4,2')
Lowering rejected config as not applicable
Command line = -operation gemm_gemm -t bf16 --arch gfx1100 --num_cu 70 --num_chiplets 1 -g 2 -m 107 -k 26 -n 99 -gemmO 87 -transA=True -transB=True -transC=False -transO=False --perf_config=attn:v1:64,32,32,2,1,4,0,2,1,4,8 -pv -RMS_threshold 1e-2
Errors = loc("<stdin>":16:10): error: Fusion with SplitK perfConfig is not legal
Lowering not applicable.

----------------------------------------------------------------------------------------------------
NOT_APPLICABLE: GemmGemmConfiguration(datatype='bf16', g=2, m=107, k=26, n=99, o=87, trans_a=True, trans_b=True, trans_c=False, trans_o=False, arch='gfx1100', chip='gfx1100', num_cu=70, num_chiplets=1, perfconfig='attn:v1:64,32,32,2,1,4,0,2,1,4,8')
----------------------------------------------------------------------------------------------------
PASS: GemmGemmConfiguration(datatype='f32', g=1, m=128, k=86, n=54, o=64, trans_a=True, trans_b=True, trans_c=True, trans_o=True, arch='gfx1100', chip='gfx1100', num_cu=70, num_chiplets=1, perfconfig='attn:v1:16,16,128,2,1,4,32,4,3,1,8')
----------------------------------------------------------------------------------------------------
PASS: GemmGemmConfiguration(datatype='bf16', g=2, m=29, k=33, n=13, o=124, trans_a=False, trans_b=True, trans_c=False, trans_o=True, arch='gfx1100', chip='gfx1100', num_cu=70, num_chiplets=1, perfconfig='attn:v1:32,16,128,2,1,2,32,1,3,2,4')
----------------------------------------------------------------------------------------------------
PASS: GemmGemmConfiguration(datatype='bf16', g=2, m=8, k=66, n=34, o=5, trans_a=False, trans_b=False, trans_c=True, trans_o=False, arch='gfx1100', chip='gfx1100', num_cu=70, num_chiplets=1, perfconfig='attn:v1:128,64,128,1,1,2,0,1,3,1,2')
Lowering rejected config as not applicable
Command line = -operation gemm_gemm -t bf16 --arch gfx1100 --num_cu 70 --num_chiplets 1 -g 1 -m 48 -k 47 -n 76 -gemmO 49 -transA=True -transB=True -transC=True -transO=True --perf_config=attn:v1:32,32,16,2,1,1,32,2,1,4,8 -pv -RMS_threshold 1e-2
Errors = loc("<stdin>":16:10): error: Fusion with SplitK perfConfig is not legal
Lowering not applicable.

----------------------------------------------------------------------------------------------------
NOT_APPLICABLE: GemmGemmConfiguration(datatype='bf16', g=1, m=48, k=47, n=76, o=49, trans_a=True, trans_b=True, trans_c=True, trans_o=True, arch='gfx1100', chip='gfx1100', num_cu=70, num_chiplets=1, perfconfig='attn:v1:32,32,16,2,1,1,32,2,1,4,8')
Lowering rejected config as not applicable
Command line = -operation gemm_gemm -t bf16 --arch gfx1100 --num_cu 70 --num_chiplets 1 -g 1 -m 125 -k 70 -n 52 -gemmO 42 -transA=True -transB=False -transC=False -transO=False --perf_config=attn:v1:128,256,64,1,1,16,0,3,3,1,1 -pv -RMS_threshold 1e-2
Errors = loc("<stdin>":16:10): error: Fusion with SplitK perfConfig is not legal
Lowering not applicable.

----------------------------------------------------------------------------------------------------
NOT_APPLICABLE: GemmGemmConfiguration(datatype='bf16', g=1, m=125, k=70, n=52, o=42, trans_a=True, trans_b=False, trans_c=False, trans_o=False, arch='gfx1100', chip='gfx1100', num_cu=70, num_chiplets=1, perfconfig='attn:v1:128,256,64,1,1,16,0,3,3,1,1')
Lowering rejected config as not applicable
Command line = -operation gemm_gemm -t bf16 --arch gfx1100 --num_cu 70 --num_chiplets 1 -g 2 -m 14 -k 53 -n 111 -gemmO 53 -transA=True -transB=False -transC=True -transO=False --perf_config=attn:v1:32,16,128,2,1,1,0,3,2,8,2 -pv -RMS_threshold 1e-2
Errors = loc("<stdin>":15:10): error: Fusion with SplitK perfConfig is not legal
Lowering not applicable.

----------------------------------------------------------------------------------------------------
NOT_APPLICABLE: GemmGemmConfiguration(datatype='bf16', g=2, m=14, k=53, n=111, o=53, trans_a=True, trans_b=False, trans_c=True, trans_o=False, arch='gfx1100', chip='gfx1100', num_cu=70, num_chiplets=1, perfconfig='attn:v1:32,16,128,2,1,1,0,3,2,8,2')
Lowering rejected config as not applicable
Command line = -operation gemm_gemm -t bf16 --arch gfx1100 --num_cu 70 --num_chiplets 1 -g 2 -m 57 -k 51 -n 78 -gemmO 57 -transA=False -transB=True -transC=True -transO=False --perf_config=attn:v1:256,64,32,2,1,4,0,2,1,4,4 -pv -RMS_threshold 1e-2
Errors = loc("<stdin>":16:10): error: Fusion with SplitK perfConfig is not legal
Lowering not applicable.

----------------------------------------------------------------------------------------------------
NOT_APPLICABLE: GemmGemmConfiguration(datatype='bf16', g=2, m=57, k=51, n=78, o=57, trans_a=False, trans_b=True, trans_c=True, trans_o=False, arch='gfx1100', chip='gfx1100', num_cu=70, num_chiplets=1, perfconfig='attn:v1:256,64,32,2,1,4,0,2,1,4,4')
Lowering rejected config as not applicable
Command line = -operation gemm_gemm -t bf16 --arch gfx1100 --num_cu 70 --num_chiplets 1 -g 2 -m 119 -k 91 -n 96 -gemmO 38 -transA=True -transB=False -transC=True -transO=True --perf_config=attn:v1:32,32,128,1,1,4,0,3,1,0,8 -pv -RMS_threshold 1e-2
Errors = loc("<stdin>":16:10): error: Fusion with SplitK perfConfig is not legal
Lowering not applicable.

----------------------------------------------------------------------------------------------------
NOT_APPLICABLE: GemmGemmConfiguration(datatype='bf16', g=2, m=119, k=91, n=96, o=38, trans_a=True, trans_b=False, trans_c=True, trans_o=True, arch='gfx1100', chip='gfx1100', num_cu=70, num_chiplets=1, perfconfig='attn:v1:32,32,128,1,1,4,0,3,1,0,8')
Lowering rejected config as not applicable
Command line = -operation gemm_gemm -t f16 --arch gfx1100 --num_cu 70 --num_chiplets 1 -g 1 -m 125 -k 119 -n 84 -gemmO 39 -transA=False -transB=False -transC=True -transO=True --perf_config=attn:v1:16,128,32,2,1,4,16,3,2,0,1 -pv
Errors = loc("<stdin>":15:10): error: Fusion with SplitK perfConfig is not legal
Lowering not applicable.

----------------------------------------------------------------------------------------------------
NOT_APPLICABLE: GemmGemmConfiguration(datatype='f16', g=1, m=125, k=119, n=84, o=39, trans_a=False, trans_b=False, trans_c=True, trans_o=True, arch='gfx1100', chip='gfx1100', num_cu=70, num_chiplets=1, perfconfig='attn:v1:16,128,32,2,1,4,16,3,2,0,1')
Lowering rejected config as not applicable
Command line = -operation gemm_gemm -t f16 --arch gfx1100 --num_cu 70 --num_chiplets 1 -g 1 -m 119 -k 43 -n 1 -gemmO 39 -transA=False -transB=False -transC=True -transO=True --perf_config=attn:v1:64,128,64,2,1,16,16,2,2,0,0 -pv
Errors = loc("<stdin>":16:10): error: Fusion with SplitK perfConfig is not legal
Lowering not applicable.

----------------------------------------------------------------------------------------------------
NOT_APPLICABLE: GemmGemmConfiguration(datatype='f16', g=1, m=119, k=43, n=1, o=39, trans_a=False, trans_b=False, trans_c=True, trans_o=True, arch='gfx1100', chip='gfx1100', num_cu=70, num_chiplets=1, perfconfig='attn:v1:64,128,64,2,1,16,16,2,2,0,0')
----------------------------------------------------------------------------------------------------
PASS: GemmGemmConfiguration(datatype='f32', g=2, m=112, k=98, n=88, o=5, trans_a=True, trans_b=False, trans_c=True, trans_o=True, arch='gfx1100', chip='gfx1100', num_cu=70, num_chiplets=1, perfconfig='attn:v1:64,32,128,2,1,4,16,2,2,4,0')
Lowering rejected config as not applicable
Command line = -operation gemm_gemm -t f16 --arch gfx1100 --num_cu 70 --num_chiplets 1 -g 2 -m 44 -k 126 -n 28 -gemmO 67 -transA=False -transB=False -transC=False -transO=False --perf_config=attn:v1:256,16,64,1,1,8,0,3,3,2,8 -pv
Errors = loc("<stdin>":16:10): error: Fusion with SplitK perfConfig is not legal
Lowering not applicable.

----------------------------------------------------------------------------------------------------
NOT_APPLICABLE: GemmGemmConfiguration(datatype='f16', g=2, m=44, k=126, n=28, o=67, trans_a=False, trans_b=False, trans_c=False, trans_o=False, arch='gfx1100', chip='gfx1100', num_cu=70, num_chiplets=1, perfconfig='attn:v1:256,16,64,1,1,8,0,3,3,2,8')
Lowering rejected config as not applicable
Command line = -operation gemm_gemm -t f16 --arch gfx1100 --num_cu 70 --num_chiplets 1 -g 2 -m 89 -k 48 -n 29 -gemmO 65 -transA=True -transB=False -transC=False -transO=False --perf_config=attn:v1:128,128,16,2,1,16,16,4,1,4,0 -pv
Errors = loc("<stdin>":16:10): error: Fusion with SplitK perfConfig is not legal
Lowering not applicable.

----------------------------------------------------------------------------------------------------
NOT_APPLICABLE: GemmGemmConfiguration(datatype='f16', g=2, m=89, k=48, n=29, o=65, trans_a=True, trans_b=False, trans_c=False, trans_o=False, arch='gfx1100', chip='gfx1100', num_cu=70, num_chiplets=1, perfconfig='attn:v1:128,128,16,2,1,16,16,4,1,4,0')
Lowering rejected config as not applicable
Command line = -operation gemm_gemm -t f16 --arch gfx1100 --num_cu 70 --num_chiplets 1 -g 1 -m 34 -k 80 -n 77 -gemmO 27 -transA=True -transB=True -transC=False -transO=True --perf_config=attn:v1:64,32,64,2,1,1,16,2,1,8,0 -pv
Errors = loc("<stdin>":16:10): error: Fusion with SplitK perfConfig is not legal
Lowering not applicable.

----------------------------------------------------------------------------------------------------
NOT_APPLICABLE: GemmGemmConfiguration(datatype='f16', g=1, m=34, k=80, n=77, o=27, trans_a=True, trans_b=True, trans_c=False, trans_o=True, arch='gfx1100', chip='gfx1100', num_cu=70, num_chiplets=1, perfconfig='attn:v1:64,32,64,2,1,1,16,2,1,8,0')
Lowering rejected config as not applicable
Command line = -operation gemm_gemm -t f16 --arch gfx1100 --num_cu 70 --num_chiplets 1 -g 2 -m 3 -k 56 -n 38 -gemmO 61 -transA=False -transB=False -transC=True -transO=False --perf_config=attn:v1:128,128,16,2,1,8,16,3,1,8,2 -pv
Errors = loc("<stdin>":16:10): error: Fusion with SplitK perfConfig is not legal
Lowering not applicable.

----------------------------------------------------------------------------------------------------
NOT_APPLICABLE: GemmGemmConfiguration(datatype='f16', g=2, m=3, k=56, n=38, o=61, trans_a=False, trans_b=False, trans_c=True, trans_o=False, arch='gfx1100', chip='gfx1100', num_cu=70, num_chiplets=1, perfconfig='attn:v1:128,128,16,2,1,8,16,3,1,8,2')
----------------------------------------------------------------------------------------------------
PASS: GemmGemmConfiguration(datatype='bf16', g=1, m=115, k=100, n=73, o=112, trans_a=False, trans_b=False, trans_c=False, trans_o=False, arch='gfx1100', chip='gfx1100', num_cu=70, num_chiplets=1, perfconfig='attn:v1:16,16,128,2,1,8,32,1,2,4,1')
----------------------------------------------------------------------------------------------------
PASS: GemmGemmConfiguration(datatype='f16', g=1, m=106, k=7, n=60, o=127, trans_a=True, trans_b=True, trans_c=True, trans_o=False, arch='gfx1100', chip='gfx1100', num_cu=70, num_chiplets=1, perfconfig='attn:v1:16,256,128,1,1,16,32,1,3,2,8')
----------------------------------------------------------------------------------------------------
PASS: GemmGemmConfiguration(datatype='bf16', g=1, m=67, k=48, n=126, o=116, trans_a=True, trans_b=True, trans_c=False, trans_o=False, arch='gfx1100', chip='gfx1100', num_cu=70, num_chiplets=1, perfconfig='attn:v1:256,128,128,2,1,16,32,1,1,2,0')
----------------------------------------------------------------------------------------------------
PASS: GemmGemmConfiguration(datatype='f32', g=1, m=100, k=9, n=107, o=15, trans_a=False, trans_b=True, trans_c=False, trans_o=False, arch='gfx1100', chip='gfx1100', num_cu=70, num_chiplets=1, perfconfig='attn:v1:64,128,128,1,1,16,32,2,1,1,8')
Lowering rejected config as not applicable
Command line = -operation gemm_gemm -t bf16 --arch gfx1100 --num_cu 70 --num_chiplets 1 -g 2 -m 122 -k 46 -n 75 -gemmO 5 -transA=True -transB=False -transC=True -transO=True --perf_config=attn:v1:256,32,16,2,1,8,0,4,1,8,4 -pv -RMS_threshold 1e-2
Errors = loc("<stdin>":16:10): error: Fusion with SplitK perfConfig is not legal
Lowering not applicable.

----------------------------------------------------------------------------------------------------
NOT_APPLICABLE: GemmGemmConfiguration(datatype='bf16', g=2, m=122, k=46, n=75, o=5, trans_a=True, trans_b=False, trans_c=True, trans_o=True, arch='gfx1100', chip='gfx1100', num_cu=70, num_chiplets=1, perfconfig='attn:v1:256,32,16,2,1,8,0,4,1,8,4')
Lowering rejected config as not applicable
Command line = -operation gemm_gemm -t bf16 --arch gfx1100 --num_cu 70 --num_chiplets 1 -g 2 -m 30 -k 42 -n 86 -gemmO 13 -transA=False -transB=False -transC=False -transO=False --perf_config=attn:v1:32,128,64,1,1,4,32,2,1,0,2 -pv -RMS_threshold 1e-2
Errors = loc("<stdin>":16:10): error: Fusion with SplitK perfConfig is not legal
Lowering not applicable.

----------------------------------------------------------------------------------------------------
NOT_APPLICABLE: GemmGemmConfiguration(datatype='bf16', g=2, m=30, k=42, n=86, o=13, trans_a=False, trans_b=False, trans_c=False, trans_o=False, arch='gfx1100', chip='gfx1100', num_cu=70, num_chiplets=1, perfconfig='attn:v1:32,128,64,1,1,4,32,2,1,0,2')
Lowering rejected config as not applicable
Command line = -operation gemm_gemm -t bf16 --arch gfx1100 --num_cu 70 --num_chiplets 1 -g 2 -m 28 -k 21 -n 86 -gemmO 50 -transA=False -transB=True -transC=True -transO=True --perf_config=attn:v1:128,256,128,1,1,4,32,3,1,2,8 -pv -RMS_threshold 1e-2
Errors = loc("<stdin>":16:10): error: Fusion with SplitK perfConfig is not legal
Lowering not applicable.

----------------------------------------------------------------------------------------------------
NOT_APPLICABLE: GemmGemmConfiguration(datatype='bf16', g=2, m=28, k=21, n=86, o=50, trans_a=False, trans_b=True, trans_c=True, trans_o=True, arch='gfx1100', chip='gfx1100', num_cu=70, num_chiplets=1, perfconfig='attn:v1:128,256,128,1,1,4,32,3,1,2,8')
Lowering rejected config as not applicable
Command line = -operation gemm_gemm -t f16 --arch gfx1100 --num_cu 70 --num_chiplets 1 -g 1 -m 67 -k 95 -n 127 -gemmO 74 -transA=False -transB=False -transC=True -transO=True --perf_config=attn:v1:64,256,16,1,1,1,32,2,1,4,2 -pv
Errors = loc("<stdin>":15:10): error: Fusion with SplitK perfConfig is not legal
Lowering not applicable.

----------------------------------------------------------------------------------------------------
NOT_APPLICABLE: GemmGemmConfiguration(datatype='f16', g=1, m=67, k=95, n=127, o=74, trans_a=False, trans_b=False, trans_c=True, trans_o=True, arch='gfx1100', chip='gfx1100', num_cu=70, num_chiplets=1, perfconfig='attn:v1:64,256,16,1,1,1,32,2,1,4,2')
Lowering rejected config as not applicable
Command line = -operation gemm_gemm -t bf16 --arch gfx1100 --num_cu 70 --num_chiplets 1 -g 1 -m 29 -k 54 -n 37 -gemmO 22 -transA=True -transB=False -transC=True -transO=False --perf_config=attn:v1:64,128,16,2,1,8,0,4,3,4,8 -pv -RMS_threshold 1e-2
Errors = loc("<stdin>":15:10): error: Fusion with SplitK perfConfig is not legal
Lowering not applicable.

----------------------------------------------------------------------------------------------------
NOT_APPLICABLE: GemmGemmConfiguration(datatype='bf16', g=1, m=29, k=54, n=37, o=22, trans_a=True, trans_b=False, trans_c=True, trans_o=False, arch='gfx1100', chip='gfx1100', num_cu=70, num_chiplets=1, perfconfig='attn:v1:64,128,16,2,1,8,0,4,3,4,8')
----------------------------------------------------------------------------------------------------
PASS: GemmGemmConfiguration(datatype='f32', g=1, m=2, k=55, n=38, o=121, trans_a=True, trans_b=False, trans_c=False, trans_o=False, arch='gfx1100', chip='gfx1100', num_cu=70, num_chiplets=1, perfconfig='attn:v1:16,16,64,1,1,8,0,3,2,2,1')
----------------------------------------------------------------------------------------------------
PASS: GemmGemmConfiguration(datatype='f32', g=1, m=73, k=1, n=73, o=51, trans_a=False, trans_b=True, trans_c=True, trans_o=False, arch='gfx1100', chip='gfx1100', num_cu=70, num_chiplets=1, perfconfig='attn:v1:64,16,16,1,1,2,32,2,3,4,0')
----------------------------------------------------------------------------------------------------
PASS: GemmGemmConfiguration(datatype='f32', g=2, m=104, k=123, n=84, o=43, trans_a=True, trans_b=False, trans_c=True, trans_o=False, arch='gfx1100', chip='gfx1100', num_cu=70, num_chiplets=1, perfconfig='attn:v1:64,128,16,2,1,2,32,4,2,0,2')
Lowering rejected config as not applicable
Command line = -operation gemm_gemm -t bf16 --arch gfx1100 --num_cu 70 --num_chiplets 1 -g 2 -m 102 -k 117 -n 34 -gemmO 26 -transA=False -transB=True -transC=True -transO=True --perf_config=attn:v1:256,128,128,1,1,16,16,4,3,2,2 -pv -RMS_threshold 1e-2
Errors = loc("<stdin>":16:10): error: Fusion with SplitK perfConfig is not legal
Lowering not applicable.

----------------------------------------------------------------------------------------------------
NOT_APPLICABLE: GemmGemmConfiguration(datatype='bf16', g=2, m=102, k=117, n=34, o=26, trans_a=False, trans_b=True, trans_c=True, trans_o=True, arch='gfx1100', chip='gfx1100', num_cu=70, num_chiplets=1, perfconfig='attn:v1:256,128,128,1,1,16,16,4,3,2,2')
Lowering rejected config as not applicable
Command line = -operation gemm_gemm -t f16 --arch gfx1100 --num_cu 70 --num_chiplets 1 -g 2 -m 14 -k 28 -n 68 -gemmO 93 -transA=True -transB=False -transC=False -transO=True --perf_config=attn:v1:16,128,16,1,1,4,0,2,2,0,4 -pv
Errors = loc("<stdin>":16:10): error: Fusion with SplitK perfConfig is not legal
Lowering not applicable.

----------------------------------------------------------------------------------------------------
NOT_APPLICABLE: GemmGemmConfiguration(datatype='f16', g=2, m=14, k=28, n=68, o=93, trans_a=True, trans_b=False, trans_c=False, trans_o=True, arch='gfx1100', chip='gfx1100', num_cu=70, num_chiplets=1, perfconfig='attn:v1:16,128,16,1,1,4,0,2,2,0,4')
Lowering rejected config as not applicable
Command line = -operation gemm_gemm -t f32 --arch gfx1100 --num_cu 70 --num_chiplets 1 -g 2 -m 45 -k 126 -n 21 -gemmO 126 -transA=True -transB=False -transC=True -transO=True --perf_config=attn:v1:16,256,16,1,1,2,16,1,1,0,1 -pv -relDiff_threshold 1e-4
Errors = loc("<stdin>":9:1): error: ttg.shared (131072) exceeds LDS limit (65536) for amdgcn-amd-amdhsa:gfx1100
Lowering not applicable.

----------------------------------------------------------------------------------------------------
NOT_APPLICABLE: GemmGemmConfiguration(datatype='f32', g=2, m=45, k=126, n=21, o=126, trans_a=True, trans_b=False, trans_c=True, trans_o=True, arch='gfx1100', chip='gfx1100', num_cu=70, num_chiplets=1, perfconfig='attn:v1:16,256,16,1,1,2,16,1,1,0,1')
----------------------------------------------------------------------------------------------------
PASS: GemmGemmConfiguration(datatype='f32', g=1, m=61, k=19, n=7, o=39, trans_a=True, trans_b=True, trans_c=True, trans_o=True, arch='gfx1100', chip='gfx1100', num_cu=70, num_chiplets=1, perfconfig='attn:v1:16,16,128,1,1,2,32,2,3,8,4')
----------------------------------------------------------------------------------------------------
PASS: GemmGemmConfiguration(datatype='f32', g=2, m=61, k=99, n=61, o=33, trans_a=True, trans_b=False, trans_c=True, trans_o=True, arch='gfx1100', chip='gfx1100', num_cu=70, num_chiplets=1, perfconfig='attn:v1:16,64,16,1,1,2,0,1,2,1,0')
Lowering rejected config as not applicable
Command line = -operation gemm_gemm -t f32 --arch gfx1100 --num_cu 70 --num_chiplets 1 -g 2 -m 13 -k 111 -n 51 -gemmO 1 -transA=False -transB=True -transC=True -transO=True --perf_config=attn:v1:256,256,16,1,1,1,16,2,2,2,0 -pv -relDiff_threshold 1e-4
Errors = loc("<stdin>":10:1): error: ttg.shared (262144) exceeds LDS limit (65536) for amdgcn-amd-amdhsa:gfx1100
Lowering not applicable.

----------------------------------------------------------------------------------------------------
NOT_APPLICABLE: GemmGemmConfiguration(datatype='f32', g=2, m=13, k=111, n=51, o=1, trans_a=False, trans_b=True, trans_c=True, trans_o=True, arch='gfx1100', chip='gfx1100', num_cu=70, num_chiplets=1, perfconfig='attn:v1:256,256,16,1,1,1,16,2,2,2,0')
----------------------------------------------------------------------------------------------------
PASS: GemmGemmConfiguration(datatype='f32', g=1, m=100, k=94, n=115, o=45, trans_a=True, trans_b=False, trans_c=True, trans_o=True, arch='gfx1100', chip='gfx1100', num_cu=70, num_chiplets=1, perfconfig='attn:v1:128,128,32,1,1,8,32,2,3,0,0')
----------------------------------------------------------------------------------------------------
PASS: GemmGemmConfiguration(datatype='f32', g=2, m=7, k=2, n=92, o=12, trans_a=False, trans_b=False, trans_c=True, trans_o=False, arch='gfx1100', chip='gfx1100', num_cu=70, num_chiplets=1, perfconfig='attn:v1:128,128,128,2,1,8,32,3,2,8,0')
Lowering rejected config as not applicable
Command line = -operation gemm_gemm -t bf16 --arch gfx1100 --num_cu 70 --num_chiplets 1 -g 2 -m 1 -k 87 -n 96 -gemmO 97 -transA=False -transB=False -transC=False -transO=True --perf_config=attn:v1:128,16,128,2,1,8,16,4,3,1,8 -pv -RMS_threshold 1e-2
Errors = loc("<stdin>":16:10): error: Fusion with SplitK perfConfig is not legal
Lowering not applicable.

----------------------------------------------------------------------------------------------------
NOT_APPLICABLE: GemmGemmConfiguration(datatype='bf16', g=2, m=1, k=87, n=96, o=97, trans_a=False, trans_b=False, trans_c=False, trans_o=True, arch='gfx1100', chip='gfx1100', num_cu=70, num_chiplets=1, perfconfig='attn:v1:128,16,128,2,1,8,16,4,3,1,8')
Lowering rejected config as not applicable
Command line = -operation gemm_gemm -t f16 --arch gfx1100 --num_cu 70 --num_chiplets 1 -g 1 -m 121 -k 63 -n 115 -gemmO 65 -transA=False -transB=True -transC=False -transO=False --perf_config=attn:v1:64,16,16,2,1,8,0,3,1,1,4 -pv
Errors = loc("<stdin>":15:10): error: Fusion with SplitK perfConfig is not legal
Lowering not applicable.

----------------------------------------------------------------------------------------------------
NOT_APPLICABLE: GemmGemmConfiguration(datatype='f16', g=1, m=121, k=63, n=115, o=65, trans_a=False, trans_b=True, trans_c=False, trans_o=False, arch='gfx1100', chip='gfx1100', num_cu=70, num_chiplets=1, perfconfig='attn:v1:64,16,16,2,1,8,0,3,1,1,4')
Lowering rejected config as not applicable
Command line = -operation gemm_gemm -t f16 --arch gfx1100 --num_cu 70 --num_chiplets 1 -g 2 -m 123 -k 121 -n 63 -gemmO 20 -transA=False -transB=True -transC=True -transO=False --perf_config=attn:v1:256,64,32,1,1,8,16,3,1,8,8 -pv
Errors = loc("<stdin>":16:10): error: Fusion with SplitK perfConfig is not legal
Lowering not applicable.

----------------------------------------------------------------------------------------------------
NOT_APPLICABLE: GemmGemmConfiguration(datatype='f16', g=2, m=123, k=121, n=63, o=20, trans_a=False, trans_b=True, trans_c=True, trans_o=False, arch='gfx1100', chip='gfx1100', num_cu=70, num_chiplets=1, perfconfig='attn:v1:256,64,32,1,1,8,16,3,1,8,8')
Lowering rejected config as not applicable
Command line = -operation gemm_gemm -t bf16 --arch gfx1100 --num_cu 70 --num_chiplets 1 -g 1 -m 102 -k 64 -n 9 -gemmO 85 -transA=False -transB=True -transC=True -transO=False --perf_config=attn:v1:32,32,16,1,1,1,0,2,1,8,8 -pv -RMS_threshold 1e-2
Errors = loc("<stdin>":15:10): error: Fusion with SplitK perfConfig is not legal
Lowering not applicable.

----------------------------------------------------------------------------------------------------
NOT_APPLICABLE: GemmGemmConfiguration(datatype='bf16', g=1, m=102, k=64, n=9, o=85, trans_a=False, trans_b=True, trans_c=True, trans_o=False, arch='gfx1100', chip='gfx1100', num_cu=70, num_chiplets=1, perfconfig='attn:v1:32,32,16,1,1,1,0,2,1,8,8')
Lowering rejected config as not applicable
Command line = -operation gemm_gemm -t f32 --arch gfx1100 --num_cu 70 --num_chiplets 1 -g 2 -m 16 -k 37 -n 76 -gemmO 76 -transA=False -transB=True -transC=True -transO=False --perf_config=attn:v1:16,256,32,1,1,2,0,2,2,2,4 -pv -relDiff_threshold 1e-4
Errors = loc("<stdin>":10:1): error: ttg.shared (131072) exceeds LDS limit (65536) for amdgcn-amd-amdhsa:gfx1100
Lowering not applicable.

----------------------------------------------------------------------------------------------------
NOT_APPLICABLE: GemmGemmConfiguration(datatype='f32', g=2, m=16, k=37, n=76, o=76, trans_a=False, trans_b=True, trans_c=True, trans_o=False, arch='gfx1100', chip='gfx1100', num_cu=70, num_chiplets=1, perfconfig='attn:v1:16,256,32,1,1,2,0,2,2,2,4')
----------------------------------------------------------------------------------------------------
PASS: GemmGemmConfiguration(datatype='f32', g=2, m=74, k=111, n=1, o=27, trans_a=True, trans_b=True, trans_c=True, trans_o=True, arch='gfx1100', chip='gfx1100', num_cu=70, num_chiplets=1, perfconfig='attn:v1:16,16,128,1,1,16,32,4,1,0,0')
----------------------------------------------------------------------------------------------------
PASS: GemmGemmConfiguration(datatype='bf16', g=1, m=45, k=56, n=11, o=98, trans_a=False, trans_b=False, trans_c=True, trans_o=True, arch='gfx1100', chip='gfx1100', num_cu=70, num_chiplets=1, perfconfig='attn:v1:256,64,32,2,1,8,0,1,1,2,8')
----------------------------------------------------------------------------------------------------
PASS: GemmGemmConfiguration(datatype='f32', g=2, m=34, k=83, n=109, o=83, trans_a=False, trans_b=True, trans_c=True, trans_o=True, arch='gfx1100', chip='gfx1100', num_cu=70, num_chiplets=1, perfconfig='attn:v1:256,16,16,2,1,1,32,2,2,0,4')
Lowering rejected config as not applicable
Command line = -operation gemm_gemm -t bf16 --arch gfx1100 --num_cu 70 --num_chiplets 1 -g 2 -m 78 -k 106 -n 101 -gemmO 79 -transA=True -transB=True -transC=False -transO=False --perf_config=attn:v1:256,256,64,1,1,1,16,2,2,8,2 -pv -RMS_threshold 1e-2
Errors = loc("<stdin>":16:10): error: Fusion with SplitK perfConfig is not legal
Lowering not applicable.

----------------------------------------------------------------------------------------------------
NOT_APPLICABLE: GemmGemmConfiguration(datatype='bf16', g=2, m=78, k=106, n=101, o=79, trans_a=True, trans_b=True, trans_c=False, trans_o=False, arch='gfx1100', chip='gfx1100', num_cu=70, num_chiplets=1, perfconfig='attn:v1:256,256,64,1,1,1,16,2,2,8,2')
Lowering rejected config as not applicable
Command line = -operation gemm_gemm -t f16 --arch gfx1100 --num_cu 70 --num_chiplets 1 -g 2 -m 11 -k 67 -n 38 -gemmO 8 -transA=True -transB=True -transC=False -transO=True --perf_config=attn:v1:16,64,16,2,1,1,0,3,2,4,4 -pv
Errors = loc("<stdin>":16:10): error: Fusion with SplitK perfConfig is not legal
Lowering not applicable.

----------------------------------------------------------------------------------------------------
NOT_APPLICABLE: GemmGemmConfiguration(datatype='f16', g=2, m=11, k=67, n=38, o=8, trans_a=True, trans_b=True, trans_c=False, trans_o=True, arch='gfx1100', chip='gfx1100', num_cu=70, num_chiplets=1, perfconfig='attn:v1:16,64,16,2,1,1,0,3,2,4,4')
Lowering rejected config as not applicable
Command line = -operation gemm_gemm -t bf16 --arch gfx1100 --num_cu 70 --num_chiplets 1 -g 1 -m 82 -k 65 -n 51 -gemmO 11 -transA=False -transB=False -transC=True -transO=True --perf_config=attn:v1:128,16,32,2,1,1,32,2,3,8,4 -pv -RMS_threshold 1e-2
Errors = loc("<stdin>":15:10): error: Fusion with SplitK perfConfig is not legal
Lowering not applicable.

----------------------------------------------------------------------------------------------------
NOT_APPLICABLE: GemmGemmConfiguration(datatype='bf16', g=1, m=82, k=65, n=51, o=11, trans_a=False, trans_b=False, trans_c=True, trans_o=True, arch='gfx1100', chip='gfx1100', num_cu=70, num_chiplets=1, perfconfig='attn:v1:128,16,32,2,1,1,32,2,3,8,4')
Lowering rejected config as not applicable
Command line = -operation gemm_gemm -t f16 --arch gfx1100 --num_cu 70 --num_chiplets 1 -g 2 -m 87 -k 125 -n 40 -gemmO 36 -transA=True -transB=True -transC=False -transO=False --perf_config=attn:v1:32,64,32,2,1,8,32,3,2,8,0 -pv
Errors = loc("<stdin>":16:10): error: Fusion with SplitK perfConfig is not legal
Lowering not applicable.

----------------------------------------------------------------------------------------------------
NOT_APPLICABLE: GemmGemmConfiguration(datatype='f16', g=2, m=87, k=125, n=40, o=36, trans_a=True, trans_b=True, trans_c=False, trans_o=False, arch='gfx1100', chip='gfx1100', num_cu=70, num_chiplets=1, perfconfig='attn:v1:32,64,32,2,1,8,32,3,2,8,0')
Lowering rejected config as not applicable
Command line = -operation gemm_gemm -t bf16 --arch gfx1100 --num_cu 70 --num_chiplets 1 -g 2 -m 88 -k 37 -n 21 -gemmO 89 -transA=True -transB=True -transC=False -transO=True --perf_config=attn:v1:32,32,16,1,1,2,16,2,1,8,1 -pv -RMS_threshold 1e-2
Errors = loc("<stdin>":16:10): error: Fusion with SplitK perfConfig is not legal
Lowering not applicable.

----------------------------------------------------------------------------------------------------
NOT_APPLICABLE: GemmGemmConfiguration(datatype='bf16', g=2, m=88, k=37, n=21, o=89, trans_a=True, trans_b=True, trans_c=False, trans_o=True, arch='gfx1100', chip='gfx1100', num_cu=70, num_chiplets=1, perfconfig='attn:v1:32,32,16,1,1,2,16,2,1,8,1')
Lowering rejected config as not applicable
Command line = -operation gemm_gemm -t bf16 --arch gfx1100 --num_cu 70 --num_chiplets 1 -g 1 -m 3 -k 45 -n 63 -gemmO 50 -transA=True -transB=False -transC=False -transO=True --perf_config=attn:v1:32,16,64,1,1,2,0,4,2,1,8 -pv -RMS_threshold 1e-2
Errors = loc("<stdin>":16:10): error: Fusion with SplitK perfConfig is not legal
Lowering not applicable.

----------------------------------------------------------------------------------------------------
NOT_APPLICABLE: GemmGemmConfiguration(datatype='bf16', g=1, m=3, k=45, n=63, o=50, trans_a=True, trans_b=False, trans_c=False, trans_o=True, arch='gfx1100', chip='gfx1100', num_cu=70, num_chiplets=1, perfconfig='attn:v1:32,16,64,1,1,2,0,4,2,1,8')
Lowering rejected config as not applicable
Command line = -operation gemm_gemm -t f32 --arch gfx1100 --num_cu 70 --num_chiplets 1 -g 1 -m 116 -k 70 -n 93 -gemmO 81 -transA=True -transB=False -transC=True -transO=True --perf_config=attn:v1:16,256,16,1,1,8,0,1,1,2,2 -pv -relDiff_threshold 1e-4
Errors = loc("<stdin>":9:1): error: ttg.shared (131072) exceeds LDS limit (65536) for amdgcn-amd-amdhsa:gfx1100
Lowering not applicable.

----------------------------------------------------------------------------------------------------
NOT_APPLICABLE: GemmGemmConfiguration(datatype='f32', g=1, m=116, k=70, n=93, o=81, trans_a=True, trans_b=False, trans_c=True, trans_o=True, arch='gfx1100', chip='gfx1100', num_cu=70, num_chiplets=1, perfconfig='attn:v1:16,256,16,1,1,8,0,1,1,2,2')
----------------------------------------------------------------------------------------------------
PASS: GemmGemmConfiguration(datatype='f16', g=1, m=103, k=64, n=60, o=105, trans_a=True, trans_b=False, trans_c=True, trans_o=True, arch='gfx1100', chip='gfx1100', num_cu=70, num_chiplets=1, perfconfig='attn:v1:64,16,128,2,1,1,32,1,1,0,2')
Lowering rejected config as not applicable
Command line = -operation gemm_gemm -t bf16 --arch gfx1100 --num_cu 70 --num_chiplets 1 -g 1 -m 50 -k 93 -n 103 -gemmO 16 -transA=True -transB=True -transC=True -transO=True --perf_config=attn:v1:256,256,64,1,1,1,32,3,1,8,0 -pv -RMS_threshold 1e-2
Errors = loc("<stdin>":16:10): error: Fusion with SplitK perfConfig is not legal
Lowering not applicable.

----------------------------------------------------------------------------------------------------
NOT_APPLICABLE: GemmGemmConfiguration(datatype='bf16', g=1, m=50, k=93, n=103, o=16, trans_a=True, trans_b=True, trans_c=True, trans_o=True, arch='gfx1100', chip='gfx1100', num_cu=70, num_chiplets=1, perfconfig='attn:v1:256,256,64,1,1,1,32,3,1,8,0')
Lowering rejected config as not applicable
Command line = -operation gemm_gemm -t bf16 --arch gfx1100 --num_cu 70 --num_chiplets 1 -g 1 -m 9 -k 25 -n 61 -gemmO 69 -transA=True -transB=False -transC=True -transO=True --perf_config=attn:v1:256,64,16,1,1,4,32,2,3,0,0 -pv -RMS_threshold 1e-2
Errors = loc("<stdin>":15:10): error: Fusion with SplitK perfConfig is not legal
Lowering not applicable.

----------------------------------------------------------------------------------------------------
NOT_APPLICABLE: GemmGemmConfiguration(datatype='bf16', g=1, m=9, k=25, n=61, o=69, trans_a=True, trans_b=False, trans_c=True, trans_o=True, arch='gfx1100', chip='gfx1100', num_cu=70, num_chiplets=1, perfconfig='attn:v1:256,64,16,1,1,4,32,2,3,0,0')
Lowering rejected config as not applicable
Command line = -operation gemm_gemm -t f32 --arch gfx1100 --num_cu 70 --num_chiplets 1 -g 2 -m 110 -k 73 -n 57 -gemmO 65 -transA=True -transB=False -transC=True -transO=True --perf_config=attn:v1:256,32,32,1,1,8,16,4,1,8,1 -pv -relDiff_threshold 1e-4
Errors = loc("<stdin>":10:1): error: ttg.shared (131072) exceeds LDS limit (65536) for amdgcn-amd-amdhsa:gfx1100
Lowering not applicable.

----------------------------------------------------------------------------------------------------
NOT_APPLICABLE: GemmGemmConfiguration(datatype='f32', g=2, m=110, k=73, n=57, o=65, trans_a=True, trans_b=False, trans_c=True, trans_o=True, arch='gfx1100', chip='gfx1100', num_cu=70, num_chiplets=1, perfconfig='attn:v1:256,32,32,1,1,8,16,4,1,8,1')
----------------------------------------------------------------------------------------------------
PASS: GemmGemmConfiguration(datatype='f32', g=2, m=8, k=113, n=66, o=2, trans_a=False, trans_b=True, trans_c=True, trans_o=False, arch='gfx1100', chip='gfx1100', num_cu=70, num_chiplets=1, perfconfig='attn:v1:16,128,128,1,1,16,32,2,2,0,2')
----------------------------------------------------------------------------------------------------
PASS: GemmGemmConfiguration(datatype='f32', g=1, m=14, k=78, n=60, o=18, trans_a=True, trans_b=True, trans_c=True, trans_o=True, arch='gfx1100', chip='gfx1100', num_cu=70, num_chiplets=1, perfconfig='attn:v1:64,16,128,1,1,2,32,3,1,2,2')
----------------------------------------------------------------------------------------------------
PASS: GemmGemmConfiguration(datatype='f32', g=2, m=11, k=43, n=119, o=58, trans_a=True, trans_b=False, trans_c=True, trans_o=False, arch='gfx1100', chip='gfx1100', num_cu=70, num_chiplets=1, perfconfig='attn:v1:32,64,16,1,1,2,32,1,3,4,4')
----------------------------------------------------------------------------------------------------
PASS: GemmGemmConfiguration(datatype='bf16', g=1, m=18, k=117, n=122, o=28, trans_a=True, trans_b=True, trans_c=True, trans_o=False, arch='gfx1100', chip='gfx1100', num_cu=70, num_chiplets=1, perfconfig='attn:v1:256,64,32,1,1,2,0,1,2,1,2')
----------------------------------------------------------------------------------------------------
PASS: GemmGemmConfiguration(datatype='f32', g=2, m=106, k=27, n=106, o=47, trans_a=False, trans_b=False, trans_c=True, trans_o=False, arch='gfx1100', chip='gfx1100', num_cu=70, num_chiplets=1, perfconfig='attn:v1:128,32,32,2,1,2,16,1,1,8,1')
Lowering rejected config as not applicable
Command line = -operation gemm_gemm -t bf16 --arch gfx1100 --num_cu 70 --num_chiplets 1 -g 2 -m 3 -k 105 -n 59 -gemmO 95 -transA=True -transB=False -transC=False -transO=True --perf_config=attn:v1:16,16,128,2,1,16,0,3,2,2,8 -pv -RMS_threshold 1e-2
Errors = loc("<stdin>":16:10): error: Fusion with SplitK perfConfig is not legal
Lowering not applicable.

----------------------------------------------------------------------------------------------------
NOT_APPLICABLE: GemmGemmConfiguration(datatype='bf16', g=2, m=3, k=105, n=59, o=95, trans_a=True, trans_b=False, trans_c=False, trans_o=True, arch='gfx1100', chip='gfx1100', num_cu=70, num_chiplets=1, perfconfig='attn:v1:16,16,128,2,1,16,0,3,2,2,8')
Lowering rejected config as not applicable
Command line = -operation gemm_gemm -t bf16 --arch gfx1100 --num_cu 70 --num_chiplets 1 -g 1 -m 70 -k 101 -n 79 -gemmO 112 -transA=True -transB=False -transC=True -transO=False --perf_config=attn:v1:32,64,128,1,1,4,0,3,2,2,8 -pv -RMS_threshold 1e-2
Errors = loc("<stdin>":15:10): error: Fusion with SplitK perfConfig is not legal
Lowering not applicable.

----------------------------------------------------------------------------------------------------
NOT_APPLICABLE: GemmGemmConfiguration(datatype='bf16', g=1, m=70, k=101, n=79, o=112, trans_a=True, trans_b=False, trans_c=True, trans_o=False, arch='gfx1100', chip='gfx1100', num_cu=70, num_chiplets=1, perfconfig='attn:v1:32,64,128,1,1,4,0,3,2,2,8')
Lowering rejected config as not applicable
Command line = -operation gemm_gemm -t f16 --arch gfx1100 --num_cu 70 --num_chiplets 1 -g 1 -m 110 -k 121 -n 108 -gemmO 36 -transA=False -transB=False -transC=True -transO=False --perf_config=attn:v1:16,64,64,1,1,1,16,3,1,0,8 -pv
Errors = loc("<stdin>":15:10): error: Fusion with SplitK perfConfig is not legal
Lowering not applicable.

----------------------------------------------------------------------------------------------------
NOT_APPLICABLE: GemmGemmConfiguration(datatype='f16', g=1, m=110, k=121, n=108, o=36, trans_a=False, trans_b=False, trans_c=True, trans_o=False, arch='gfx1100', chip='gfx1100', num_cu=70, num_chiplets=1, perfconfig='attn:v1:16,64,64,1,1,1,16,3,1,0,8')
Lowering rejected config as not applicable
Command line = -operation gemm_gemm -t f16 --arch gfx1100 --num_cu 70 --num_chiplets 1 -g 2 -m 110 -k 106 -n 112 -gemmO 124 -transA=False -transB=False -transC=True -transO=True --perf_config=attn:v1:256,256,32,1,1,4,32,4,3,4,2 -pv
Errors = loc("<stdin>":16:10): error: Fusion with SplitK perfConfig is not legal
Lowering not applicable.

----------------------------------------------------------------------------------------------------
NOT_APPLICABLE: GemmGemmConfiguration(datatype='f16', g=2, m=110, k=106, n=112, o=124, trans_a=False, trans_b=False, trans_c=True, trans_o=True, arch='gfx1100', chip='gfx1100', num_cu=70, num_chiplets=1, perfconfig='attn:v1:256,256,32,1,1,4,32,4,3,4,2')
Lowering rejected config as not applicable
Command line = -operation gemm_gemm -t f16 --arch gfx1100 --num_cu 70 --num_chiplets 1 -g 2 -m 34 -k 91 -n 104 -gemmO 62 -transA=True -transB=True -transC=True -transO=True --perf_config=attn:v1:128,128,16,2,1,1,32,3,3,0,1 -pv
Errors = loc("<stdin>":16:10): error: Fusion with SplitK perfConfig is not legal
Lowering not applicable.

----------------------------------------------------------------------------------------------------
NOT_APPLICABLE: GemmGemmConfiguration(datatype='f16', g=2, m=34, k=91, n=104, o=62, trans_a=True, trans_b=True, trans_c=True, trans_o=True, arch='gfx1100', chip='gfx1100', num_cu=70, num_chiplets=1, perfconfig='attn:v1:128,128,16,2,1,1,32,3,3,0,1')
Lowering rejected config as not applicable
Command line = -operation gemm_gemm -t f16 --arch gfx1100 --num_cu 70 --num_chiplets 1 -g 1 -m 42 -k 8 -n 25 -gemmO 86 -transA=False -transB=True -transC=True -transO=True --perf_config=attn:v1:16,32,128,1,1,1,32,2,1,1,4 -pv
Errors = loc("<stdin>":15:10): error: Fusion with SplitK perfConfig is not legal
Lowering not applicable.

----------------------------------------------------------------------------------------------------
NOT_APPLICABLE: GemmGemmConfiguration(datatype='f16', g=1, m=42, k=8, n=25, o=86, trans_a=False, trans_b=True, trans_c=True, trans_o=True, arch='gfx1100', chip='gfx1100', num_cu=70, num_chiplets=1, perfconfig='attn:v1:16,32,128,1,1,1,32,2,1,1,4')
----------------------------------------------------------------------------------------------------
PASS: GemmGemmConfiguration(datatype='bf16', g=1, m=39, k=91, n=2, o=109, trans_a=True, trans_b=True, trans_c=True, trans_o=True, arch='gfx1100', chip='gfx1100', num_cu=70, num_chiplets=1, perfconfig='attn:v1:32,32,16,2,1,8,32,1,3,1,8')
Lowering rejected config as not applicable
Command line = -operation gemm_gemm -t f32 --arch gfx1100 --num_cu 70 --num_chiplets 1 -g 2 -m 128 -k 78 -n 107 -gemmO 72 -transA=False -transB=True -transC=False -transO=True --perf_config=attn:v1:128,256,64,2,1,2,0,4,2,1,8 -pv -relDiff_threshold 1e-4
Errors = loc("<stdin>":10:1): error: ttg.shared (131072) exceeds LDS limit (65536) for amdgcn-amd-amdhsa:gfx1100
Lowering not applicable.

----------------------------------------------------------------------------------------------------
NOT_APPLICABLE: GemmGemmConfiguration(datatype='f32', g=2, m=128, k=78, n=107, o=72, trans_a=False, trans_b=True, trans_c=False, trans_o=True, arch='gfx1100', chip='gfx1100', num_cu=70, num_chiplets=1, perfconfig='attn:v1:128,256,64,2,1,2,0,4,2,1,8')
Lowering rejected config as not applicable
Command line = -operation gemm_gemm -t f16 --arch gfx1100 --num_cu 70 --num_chiplets 1 -g 2 -m 79 -k 17 -n 125 -gemmO 120 -transA=True -transB=False -transC=False -transO=True --perf_config=attn:v1:128,64,16,1,1,8,0,4,2,4,0 -pv
Errors = loc("<stdin>":16:10): error: Fusion with SplitK perfConfig is not legal
Lowering not applicable.

----------------------------------------------------------------------------------------------------
NOT_APPLICABLE: GemmGemmConfiguration(datatype='f16', g=2, m=79, k=17, n=125, o=120, trans_a=True, trans_b=False, trans_c=False, trans_o=True, arch='gfx1100', chip='gfx1100', num_cu=70, num_chiplets=1, perfconfig='attn:v1:128,64,16,1,1,8,0,4,2,4,0')
Lowering rejected config as not applicable
Command line = -operation gemm_gemm -t f16 --arch gfx1100 --num_cu 70 --num_chiplets 1 -g 1 -m 44 -k 71 -n 123 -gemmO 32 -transA=True -transB=False -transC=True -transO=False --perf_config=attn:v1:32,256,128,2,1,2,16,2,2,4,8 -pv
Errors = loc("<stdin>":15:10): error: Fusion with SplitK perfConfig is not legal
Lowering not applicable.

----------------------------------------------------------------------------------------------------
NOT_APPLICABLE: GemmGemmConfiguration(datatype='f16', g=1, m=44, k=71, n=123, o=32, trans_a=True, trans_b=False, trans_c=True, trans_o=False, arch='gfx1100', chip='gfx1100', num_cu=70, num_chiplets=1, perfconfig='attn:v1:32,256,128,2,1,2,16,2,2,4,8')
Lowering rejected config as not applicable
Command line = -operation gemm_gemm -t f16 --arch gfx1100 --num_cu 70 --num_chiplets 1 -g 1 -m 70 -k 39 -n 96 -gemmO 23 -transA=False -transB=False -transC=False -transO=True --perf_config=attn:v1:32,32,128,1,1,2,16,4,3,4,4 -pv
Errors = loc("<stdin>":16:10): error: Fusion with SplitK perfConfig is not legal
Lowering not applicable.

----------------------------------------------------------------------------------------------------
NOT_APPLICABLE: GemmGemmConfiguration(datatype='f16', g=1, m=70, k=39, n=96, o=23, trans_a=False, trans_b=False, trans_c=False, trans_o=True, arch='gfx1100', chip='gfx1100', num_cu=70, num_chiplets=1, perfconfig='attn:v1:32,32,128,1,1,2,16,4,3,4,4')
Lowering rejected config as not applicable
Command line = -operation gemm_gemm -t f16 --arch gfx1100 --num_cu 70 --num_chiplets 1 -g 1 -m 18 -k 24 -n 50 -gemmO 29 -transA=True -transB=False -transC=False -transO=True --perf_config=attn:v1:256,32,32,2,1,16,32,3,1,0,8 -pv
Errors = loc("<stdin>":16:10): error: Fusion with SplitK perfConfig is not legal
Lowering not applicable.

----------------------------------------------------------------------------------------------------
NOT_APPLICABLE: GemmGemmConfiguration(datatype='f16', g=1, m=18, k=24, n=50, o=29, trans_a=True, trans_b=False, trans_c=False, trans_o=True, arch='gfx1100', chip='gfx1100', num_cu=70, num_chiplets=1, perfconfig='attn:v1:256,32,32,2,1,16,32,3,1,0,8')
Lowering rejected config as not applicable
Command line = -operation gemm_gemm -t bf16 --arch gfx1100 --num_cu 70 --num_chiplets 1 -g 1 -m 114 -k 71 -n 81 -gemmO 37 -transA=True -transB=True -transC=True -transO=False --perf_config=attn:v1:128,64,16,1,1,16,32,2,1,2,2 -pv -RMS_threshold 1e-2
Errors = loc("<stdin>":16:10): error: Fusion with SplitK perfConfig is not legal
Lowering not applicable.

----------------------------------------------------------------------------------------------------
NOT_APPLICABLE: GemmGemmConfiguration(datatype='bf16', g=1, m=114, k=71, n=81, o=37, trans_a=True, trans_b=True, trans_c=True, trans_o=False, arch='gfx1100', chip='gfx1100', num_cu=70, num_chiplets=1, perfconfig='attn:v1:128,64,16,1,1,16,32,2,1,2,2')
----------------------------------------------------------------------------------------------------
PASS: GemmGemmConfiguration(datatype='f16', g=1, m=92, k=59, n=123, o=10, trans_a=True, trans_b=False, trans_c=False, trans_o=False, arch='gfx1100', chip='gfx1100', num_cu=70, num_chiplets=1, perfconfig='attn:v1:128,16,32,1,1,2,32,1,2,8,4')
----------------------------------------------------------------------------------------------------
PASS: GemmGemmConfiguration(datatype='f32', g=1, m=2, k=45, n=50, o=84, trans_a=True, trans_b=True, trans_c=True, trans_o=True, arch='gfx1100', chip='gfx1100', num_cu=70, num_chiplets=1, perfconfig='attn:v1:16,64,16,2,1,8,0,4,2,8,2')
----------------------------------------------------------------------------------------------------
PASS: GemmGemmConfiguration(datatype='f32', g=2, m=58, k=74, n=123, o=50, trans_a=True, trans_b=True, trans_c=True, trans_o=True, arch='gfx1100', chip='gfx1100', num_cu=70, num_chiplets=1, perfconfig='attn:v1:128,32,32,1,1,1,16,2,2,4,2')
Lowering rejected config as not applicable
Command line = -operation gemm_gemm -t f16 --arch gfx1100 --num_cu 70 --num_chiplets 1 -g 1 -m 87 -k 71 -n 31 -gemmO 52 -transA=False -transB=False -transC=False -transO=False --perf_config=attn:v1:128,16,128,2,1,8,0,4,2,2,4 -pv
Errors = loc("<stdin>":16:10): error: Fusion with SplitK perfConfig is not legal
Lowering not applicable.

----------------------------------------------------------------------------------------------------
NOT_APPLICABLE: GemmGemmConfiguration(datatype='f16', g=1, m=87, k=71, n=31, o=52, trans_a=False, trans_b=False, trans_c=False, trans_o=False, arch='gfx1100', chip='gfx1100', num_cu=70, num_chiplets=1, perfconfig='attn:v1:128,16,128,2,1,8,0,4,2,2,4')
Lowering rejected config as not applicable
Command line = -operation gemm_gemm -t f16 --arch gfx1100 --num_cu 70 --num_chiplets 1 -g 2 -m 107 -k 84 -n 78 -gemmO 112 -transA=True -transB=True -transC=True -transO=True --perf_config=attn:v1:16,128,128,1,1,4,0,4,1,0,2 -pv
Errors = loc("<stdin>":16:10): error: Fusion with SplitK perfConfig is not legal
Lowering not applicable.

----------------------------------------------------------------------------------------------------
NOT_APPLICABLE: GemmGemmConfiguration(datatype='f16', g=2, m=107, k=84, n=78, o=112, trans_a=True, trans_b=True, trans_c=True, trans_o=True, arch='gfx1100', chip='gfx1100', num_cu=70, num_chiplets=1, perfconfig='attn:v1:16,128,128,1,1,4,0,4,1,0,2')
Lowering rejected config as not applicable
Command line = -operation gemm_gemm -t bf16 --arch gfx1100 --num_cu 70 --num_chiplets 1 -g 1 -m 16 -k 68 -n 97 -gemmO 127 -transA=False -transB=True -transC=False -transO=False --perf_config=attn:v1:32,128,128,2,1,8,0,4,3,0,2 -pv -RMS_threshold 1e-2
Errors = loc("<stdin>":15:10): error: Fusion with SplitK perfConfig is not legal
Lowering not applicable.

----------------------------------------------------------------------------------------------------
NOT_APPLICABLE: GemmGemmConfiguration(datatype='bf16', g=1, m=16, k=68, n=97, o=127, trans_a=False, trans_b=True, trans_c=False, trans_o=False, arch='gfx1100', chip='gfx1100', num_cu=70, num_chiplets=1, perfconfig='attn:v1:32,128,128,2,1,8,0,4,3,0,2')
Lowering rejected config as not applicable
Command line = -operation gemm_gemm -t f16 --arch gfx1100 --num_cu 70 --num_chiplets 1 -g 1 -m 58 -k 10 -n 104 -gemmO 83 -transA=True -transB=True -transC=True -transO=True --perf_config=attn:v1:32,128,128,1,1,8,0,3,1,4,1 -pv
Errors = loc("<stdin>":16:10): error: Fusion with SplitK perfConfig is not legal
Lowering not applicable.

----------------------------------------------------------------------------------------------------
NOT_APPLICABLE: GemmGemmConfiguration(datatype='f16', g=1, m=58, k=10, n=104, o=83, trans_a=True, trans_b=True, trans_c=True, trans_o=True, arch='gfx1100', chip='gfx1100', num_cu=70, num_chiplets=1, perfconfig='attn:v1:32,128,128,1,1,8,0,3,1,4,1')
Lowering rejected config as not applicable
Command line = -operation gemm_gemm -t f16 --arch gfx1100 --num_cu 70 --num_chiplets 1 -g 2 -m 75 -k 25 -n 124 -gemmO 90 -transA=False -transB=False -transC=False -transO=False --perf_config=attn:v1:64,64,64,2,1,2,0,3,3,2,0 -pv
Errors = loc("<stdin>":16:10): error: Fusion with SplitK perfConfig is not legal
Lowering not applicable.

----------------------------------------------------------------------------------------------------
NOT_APPLICABLE: GemmGemmConfiguration(datatype='f16', g=2, m=75, k=25, n=124, o=90, trans_a=False, trans_b=False, trans_c=False, trans_o=False, arch='gfx1100', chip='gfx1100', num_cu=70, num_chiplets=1, perfconfig='attn:v1:64,64,64,2,1,2,0,3,3,2,0')
----------------------------------------------------------------------------------------------------
PASS: GemmGemmConfiguration(datatype='bf16', g=2, m=103, k=3, n=17, o=120, trans_a=True, trans_b=False, trans_c=False, trans_o=False, arch='gfx1100', chip='gfx1100', num_cu=70, num_chiplets=1, perfconfig='attn:v1:32,32,64,2,1,4,0,1,2,4,8')
----------------------------------------------------------------------------------------------------
PASS: GemmGemmConfiguration(datatype='f32', g=2, m=79, k=79, n=55, o=115, trans_a=True, trans_b=False, trans_c=True, trans_o=False, arch='gfx1100', chip='gfx1100', num_cu=70, num_chiplets=1, perfconfig='attn:v1:16,128,32,2,1,16,0,4,1,1,1')
----------------------------------------------------------------------------------------------------
PASS: GemmGemmConfiguration(datatype='f32', g=1, m=38, k=83, n=77, o=80, trans_a=True, trans_b=False, trans_c=True, trans_o=True, arch='gfx1100', chip='gfx1100', num_cu=70, num_chiplets=1, perfconfig='attn:v1:64,32,16,1,1,4,0,1,2,0,8')
Lowering rejected config as not applicable
Command line = -operation gemm_gemm -t bf16 --arch gfx1100 --num_cu 70 --num_chiplets 1 -g 2 -m 45 -k 62 -n 104 -gemmO 112 -transA=True -transB=True -transC=True -transO=True --perf_config=attn:v1:32,16,16,2,1,2,16,3,3,4,1 -pv -RMS_threshold 1e-2
Errors = loc("<stdin>":16:10): error: Fusion with SplitK perfConfig is not legal
Lowering not applicable.

----------------------------------------------------------------------------------------------------
NOT_APPLICABLE: GemmGemmConfiguration(datatype='bf16', g=2, m=45, k=62, n=104, o=112, trans_a=True, trans_b=True, trans_c=True, trans_o=True, arch='gfx1100', chip='gfx1100', num_cu=70, num_chiplets=1, perfconfig='attn:v1:32,16,16,2,1,2,16,3,3,4,1')
Lowering rejected config as not applicable
Command line = -operation gemm_gemm -t f16 --arch gfx1100 --num_cu 70 --num_chiplets 1 -g 2 -m 109 -k 33 -n 106 -gemmO 6 -transA=True -transB=True -transC=True -transO=True --perf_config=attn:v1:16,64,32,1,1,8,16,4,2,8,8 -pv
Errors = loc("<stdin>":16:10): error: Fusion with SplitK perfConfig is not legal
Lowering not applicable.

----------------------------------------------------------------------------------------------------
NOT_APPLICABLE: GemmGemmConfiguration(datatype='f16', g=2, m=109, k=33, n=106, o=6, trans_a=True, trans_b=True, trans_c=True, trans_o=True, arch='gfx1100', chip='gfx1100', num_cu=70, num_chiplets=1, perfconfig='attn:v1:16,64,32,1,1,8,16,4,2,8,8')
Lowering rejected config as not applicable
Command line = -operation gemm_gemm -t bf16 --arch gfx1100 --num_cu 70 --num_chiplets 1 -g 1 -m 42 -k 123 -n 109 -gemmO 36 -transA=False -transB=False -transC=True -transO=True --perf_config=attn:v1:128,64,16,1,1,2,32,3,1,4,0 -pv -RMS_threshold 1e-2
Errors = loc("<stdin>":15:10): error: Fusion with SplitK perfConfig is not legal
Lowering not applicable.

----------------------------------------------------------------------------------------------------
NOT_APPLICABLE: GemmGemmConfiguration(datatype='bf16', g=1, m=42, k=123, n=109, o=36, trans_a=False, trans_b=False, trans_c=True, trans_o=True, arch='gfx1100', chip='gfx1100', num_cu=70, num_chiplets=1, perfconfig='attn:v1:128,64,16,1,1,2,32,3,1,4,0')
Lowering rejected config as not applicable
Command line = -operation gemm_gemm -t f16 --arch gfx1100 --num_cu 70 --num_chiplets 1 -g 2 -m 42 -k 35 -n 99 -gemmO 94 -transA=False -transB=True -transC=True -transO=False --perf_config=attn:v1:64,128,32,1,1,1,32,4,2,1,2 -pv
Errors = loc("<stdin>":16:10): error: Fusion with SplitK perfConfig is not legal
Lowering not applicable.

----------------------------------------------------------------------------------------------------
NOT_APPLICABLE: GemmGemmConfiguration(datatype='f16', g=2, m=42, k=35, n=99, o=94, trans_a=False, trans_b=True, trans_c=True, trans_o=False, arch='gfx1100', chip='gfx1100', num_cu=70, num_chiplets=1, perfconfig='attn:v1:64,128,32,1,1,1,32,4,2,1,2')
----------------------------------------------------------------------------------------------------
PASS: GemmGemmConfiguration(datatype='f16', g=2, m=36, k=73, n=9, o=9, trans_a=True, trans_b=False, trans_c=True, trans_o=False, arch='gfx1100', chip='gfx1100', num_cu=70, num_chiplets=1, perfconfig='attn:v1:64,64,16,2,1,1,32,1,2,8,4')
----------------------------------------------------------------------------------------------------
PASS: GemmGemmConfiguration(datatype='bf16', g=2, m=36, k=1, n=33, o=88, trans_a=False, trans_b=True, trans_c=False, trans_o=True, arch='gfx1100', chip='gfx1100', num_cu=70, num_chiplets=1, perfconfig='attn:v1:32,128,128,2,1,4,0,1,3,2,2')
----------------------------------------------------------------------------------------------------
PASS: GemmGemmConfiguration(datatype='f32', g=2, m=37, k=25, n=32, o=78, trans_a=True, trans_b=True, trans_c=True, trans_o=True, arch='gfx1100', chip='gfx1100', num_cu=70, num_chiplets=1, perfconfig='attn:v1:32,64,32,2,1,1,0,1,3,1,8')
----------------------------------------------------------------------------------------------------
PASS: GemmGemmConfiguration(datatype='f32', g=2, m=78, k=60, n=21, o=20, trans_a=False, trans_b=False, trans_c=False, trans_o=True, arch='gfx1100', chip='gfx1100', num_cu=70, num_chiplets=1, perfconfig='attn:v1:128,64,128,2,1,1,0,2,3,4,1')
Lowering rejected config as not applicable
Command line = -operation gemm_gemm -t f16 --arch gfx1100 --num_cu 70 --num_chiplets 1 -g 1 -m 9 -k 61 -n 41 -gemmO 20 -transA=False -transB=True -transC=False -transO=False --perf_config=attn:v1:32,256,128,2,1,1,32,2,3,0,2 -pv
Errors = loc("<stdin>":15:10): error: Fusion with SplitK perfConfig is not legal
Lowering not applicable.

----------------------------------------------------------------------------------------------------
NOT_APPLICABLE: GemmGemmConfiguration(datatype='f16', g=1, m=9, k=61, n=41, o=20, trans_a=False, trans_b=True, trans_c=False, trans_o=False, arch='gfx1100', chip='gfx1100', num_cu=70, num_chiplets=1, perfconfig='attn:v1:32,256,128,2,1,1,32,2,3,0,2')
Lowering rejected config as not applicable
Command line = -operation gemm_gemm -t f16 --arch gfx1100 --num_cu 70 --num_chiplets 1 -g 2 -m 89 -k 65 -n 7 -gemmO 103 -transA=True -transB=True -transC=False -transO=True --perf_config=attn:v1:32,64,16,2,1,1,32,4,2,4,8 -pv
Errors = loc("<stdin>":16:10): error: Fusion with SplitK perfConfig is not legal
Lowering not applicable.

----------------------------------------------------------------------------------------------------
NOT_APPLICABLE: GemmGemmConfiguration(datatype='f16', g=2, m=89, k=65, n=7, o=103, trans_a=True, trans_b=True, trans_c=False, trans_o=True, arch='gfx1100', chip='gfx1100', num_cu=70, num_chiplets=1, perfconfig='attn:v1:32,64,16,2,1,1,32,4,2,4,8')
Lowering rejected config as not applicable
Command line = -operation gemm_gemm -t bf16 --arch gfx1100 --num_cu 70 --num_chiplets 1 -g 1 -m 116 -k 65 -n 50 -gemmO 31 -transA=False -transB=False -transC=True -transO=False --perf_config=attn:v1:128,128,128,1,1,2,16,3,1,4,0 -pv -RMS_threshold 1e-2
Errors = loc("<stdin>":15:10): error: Fusion with SplitK perfConfig is not legal
Lowering not applicable.

----------------------------------------------------------------------------------------------------
NOT_APPLICABLE: GemmGemmConfiguration(datatype='bf16', g=1, m=116, k=65, n=50, o=31, trans_a=False, trans_b=False, trans_c=True, trans_o=False, arch='gfx1100', chip='gfx1100', num_cu=70, num_chiplets=1, perfconfig='attn:v1:128,128,128,1,1,2,16,3,1,4,0')
Lowering rejected config as not applicable
Command line = -operation gemm_gemm -t f16 --arch gfx1100 --num_cu 70 --num_chiplets 1 -g 1 -m 89 -k 71 -n 108 -gemmO 71 -transA=False -transB=False -transC=True -transO=True --perf_config=attn:v1:16,128,32,2,1,1,32,3,3,2,8 -pv
Errors = loc("<stdin>":15:10): error: Fusion with SplitK perfConfig is not legal
Lowering not applicable.

----------------------------------------------------------------------------------------------------
NOT_APPLICABLE: GemmGemmConfiguration(datatype='f16', g=1, m=89, k=71, n=108, o=71, trans_a=False, trans_b=False, trans_c=True, trans_o=True, arch='gfx1100', chip='gfx1100', num_cu=70, num_chiplets=1, perfconfig='attn:v1:16,128,32,2,1,1,32,3,3,2,8')
----------------------------------------------------------------------------------------------------
PASS: GemmGemmConfiguration(datatype='f16', g=2, m=75, k=125, n=47, o=19, trans_a=True, trans_b=False, trans_c=False, trans_o=False, arch='gfx1100', chip='gfx1100', num_cu=70, num_chiplets=1, perfconfig='attn:v1:32,128,64,1,1,4,0,1,1,2,2')
Lowering rejected config as not applicable
Command line = -operation gemm_gemm -t f32 --arch gfx1100 --num_cu 70 --num_chiplets 1 -g 2 -m 96 -k 3 -n 76 -gemmO 87 -transA=False -transB=False -transC=True -transO=False --perf_config=attn:v1:128,256,16,1,1,1,0,3,3,4,1 -pv -relDiff_threshold 1e-4
Errors = loc("<stdin>":10:1): error: ttg.shared (131072) exceeds LDS limit (65536) for amdgcn-amd-amdhsa:gfx1100
Lowering not applicable.

----------------------------------------------------------------------------------------------------
NOT_APPLICABLE: GemmGemmConfiguration(datatype='f32', g=2, m=96, k=3, n=76, o=87, trans_a=False, trans_b=False, trans_c=True, trans_o=False, arch='gfx1100', chip='gfx1100', num_cu=70, num_chiplets=1, perfconfig='attn:v1:128,256,16,1,1,1,0,3,3,4,1')
----------------------------------------------------------------------------------------------------
PASS: GemmGemmConfiguration(datatype='f32', g=2, m=69, k=44, n=46, o=76, trans_a=False, trans_b=True, trans_c=True, trans_o=False, arch='gfx1100', chip='gfx1100', num_cu=70, num_chiplets=1, perfconfig='attn:v1:256,16,16,2,1,2,0,2,3,0,1')
----------------------------------------------------------------------------------------------------
PASS: GemmGemmConfiguration(datatype='f32', g=2, m=81, k=15, n=30, o=75, trans_a=True, trans_b=False, trans_c=False, trans_o=True, arch='gfx1100', chip='gfx1100', num_cu=70, num_chiplets=1, perfconfig='attn:v1:256,64,64,1,1,2,16,4,2,4,0')
Lowering rejected config as not applicable
Command line = -operation gemm_gemm -t f16 --arch gfx1100 --num_cu 70 --num_chiplets 1 -g 1 -m 44 -k 26 -n 91 -gemmO 85 -transA=False -transB=False -transC=True -transO=True --perf_config=attn:v1:128,64,64,2,1,16,32,4,2,1,8 -pv
Errors = loc("<stdin>":15:10): error: Fusion with SplitK perfConfig is not legal
Lowering not applicable.

----------------------------------------------------------------------------------------------------
NOT_APPLICABLE: GemmGemmConfiguration(datatype='f16', g=1, m=44, k=26, n=91, o=85, trans_a=False, trans_b=False, trans_c=True, trans_o=True, arch='gfx1100', chip='gfx1100', num_cu=70, num_chiplets=1, perfconfig='attn:v1:128,64,64,2,1,16,32,4,2,1,8')
Lowering rejected config as not applicable
Command line = -operation gemm_gemm -t f16 --arch gfx1100 --num_cu 70 --num_chiplets 1 -g 1 -m 92 -k 108 -n 83 -gemmO 65 -transA=False -transB=False -transC=False -transO=True --perf_config=attn:v1:16,16,32,1,1,8,0,2,2,0,8 -pv
Errors = loc("<stdin>":16:10): error: Fusion with SplitK perfConfig is not legal
Lowering not applicable.

----------------------------------------------------------------------------------------------------
NOT_APPLICABLE: GemmGemmConfiguration(datatype='f16', g=1, m=92, k=108, n=83, o=65, trans_a=False, trans_b=False, trans_c=False, trans_o=True, arch='gfx1100', chip='gfx1100', num_cu=70, num_chiplets=1, perfconfig='attn:v1:16,16,32,1,1,8,0,2,2,0,8')
Lowering rejected config as not applicable
Command line = -operation gemm_gemm -t bf16 --arch gfx1100 --num_cu 70 --num_chiplets 1 -g 2 -m 3 -k 14 -n 126 -gemmO 69 -transA=False -transB=True -transC=True -transO=False --perf_config=attn:v1:256,128,128,2,1,2,32,3,1,4,4 -pv -RMS_threshold 1e-2
Errors = loc("<stdin>":16:10): error: Fusion with SplitK perfConfig is not legal
Lowering not applicable.

----------------------------------------------------------------------------------------------------
NOT_APPLICABLE: GemmGemmConfiguration(datatype='bf16', g=2, m=3, k=14, n=126, o=69, trans_a=False, trans_b=True, trans_c=True, trans_o=False, arch='gfx1100', chip='gfx1100', num_cu=70, num_chiplets=1, perfconfig='attn:v1:256,128,128,2,1,2,32,3,1,4,4')
----------------------------------------------------------------------------------------------------
PASS: GemmGemmConfiguration(datatype='f32', g=2, m=121, k=57, n=60, o=106, trans_a=True, trans_b=True, trans_c=True, trans_o=True, arch='gfx1100', chip='gfx1100', num_cu=70, num_chiplets=1, perfconfig='attn:v1:16,32,128,2,1,16,0,3,3,2,4')
----------------------------------------------------------------------------------------------------
PASS: GemmGemmConfiguration(datatype='f32', g=1, m=46, k=78, n=93, o=106, trans_a=True, trans_b=True, trans_c=False, trans_o=False, arch='gfx1100', chip='gfx1100', num_cu=70, num_chiplets=1, perfconfig='attn:v1:128,64,16,1,1,4,0,4,3,2,4')
----------------------------------------------------------------------------------------------------
PASS: GemmGemmConfiguration(datatype='f32', g=2, m=47, k=21, n=67, o=60, trans_a=True, trans_b=False, trans_c=False, trans_o=True, arch='gfx1100', chip='gfx1100', num_cu=70, num_chiplets=1, perfconfig='attn:v1:32,128,32,2,1,2,16,1,1,1,4')
----------------------------------------------------------------------------------------------------
PASS: GemmGemmConfiguration(datatype='f32', g=1, m=68, k=62, n=118, o=73, trans_a=False, trans_b=True, trans_c=False, trans_o=True, arch='gfx1100', chip='gfx1100', num_cu=70, num_chiplets=1, perfconfig='attn:v1:128,32,64,1,1,2,0,4,1,4,8')
----------------------------------------------------------------------------------------------------
PASS: GemmGemmConfiguration(datatype='f32', g=1, m=71, k=53, n=36, o=116, trans_a=True, trans_b=False, trans_c=True, trans_o=False, arch='gfx1100', chip='gfx1100', num_cu=70, num_chiplets=1, perfconfig='attn:v1:128,64,64,1,1,1,0,2,1,2,0')
Lowering rejected config as not applicable
Command line = -operation gemm_gemm -t bf16 --arch gfx1100 --num_cu 70 --num_chiplets 1 -g 1 -m 48 -k 66 -n 94 -gemmO 109 -transA=True -transB=True -transC=False -transO=False --perf_config=attn:v1:256,32,16,1,1,4,0,4,2,4,1 -pv -RMS_threshold 1e-2
Errors = loc("<stdin>":16:10): error: Fusion with SplitK perfConfig is not legal
Lowering not applicable.

----------------------------------------------------------------------------------------------------
NOT_APPLICABLE: GemmGemmConfiguration(datatype='bf16', g=1, m=48, k=66, n=94, o=109, trans_a=True, trans_b=True, trans_c=False, trans_o=False, arch='gfx1100', chip='gfx1100', num_cu=70, num_chiplets=1, perfconfig='attn:v1:256,32,16,1,1,4,0,4,2,4,1')
Lowering rejected config as not applicable
Command line = -operation gemm_gemm -t f16 --arch gfx1100 --num_cu 70 --num_chiplets 1 -g 1 -m 56 -k 59 -n 95 -gemmO 106 -transA=False -transB=False -transC=True -transO=False --perf_config=attn:v1:32,128,128,1,1,2,16,2,1,2,2 -pv
Errors = loc("<stdin>":15:10): error: Fusion with SplitK perfConfig is not legal
Lowering not applicable.

----------------------------------------------------------------------------------------------------
NOT_APPLICABLE: GemmGemmConfiguration(datatype='f16', g=1, m=56, k=59, n=95, o=106, trans_a=False, trans_b=False, trans_c=True, trans_o=False, arch='gfx1100', chip='gfx1100', num_cu=70, num_chiplets=1, perfconfig='attn:v1:32,128,128,1,1,2,16,2,1,2,2')
Lowering rejected config as not applicable
Command line = -operation gemm_gemm -t bf16 --arch gfx1100 --num_cu 70 --num_chiplets 1 -g 2 -m 3 -k 76 -n 80 -gemmO 89 -transA=True -transB=False -transC=True -transO=False --perf_config=attn:v1:16,32,32,2,1,16,32,3,3,4,1 -pv -RMS_threshold 1e-2
Errors = loc("<stdin>":16:10): error: Fusion with SplitK perfConfig is not legal
Lowering not applicable.

----------------------------------------------------------------------------------------------------
NOT_APPLICABLE: GemmGemmConfiguration(datatype='bf16', g=2, m=3, k=76, n=80, o=89, trans_a=True, trans_b=False, trans_c=True, trans_o=False, arch='gfx1100', chip='gfx1100', num_cu=70, num_chiplets=1, perfconfig='attn:v1:16,32,32,2,1,16,32,3,3,4,1')
----------------------------------------------------------------------------------------------------
PASS: GemmGemmConfiguration(datatype='f32', g=1, m=6, k=113, n=59, o=15, trans_a=True, trans_b=True, trans_c=True, trans_o=False, arch='gfx1100', chip='gfx1100', num_cu=70, num_chiplets=1, perfconfig='attn:v1:16,64,64,1,1,16,0,1,2,1,0')
----------------------------------------------------------------------------------------------------
PASS: GemmGemmConfiguration(datatype='f32', g=1, m=92, k=26, n=52, o=45, trans_a=True, trans_b=False, trans_c=True, trans_o=False, arch='gfx1100', chip='gfx1100', num_cu=70, num_chiplets=1, perfconfig='attn:v1:32,64,32,2,1,4,0,2,2,0,1')
----------------------------------------------------------------------------------------------------
PASS: GemmGemmConfiguration(datatype='f32', g=1, m=63, k=39, n=10, o=8, trans_a=False, trans_b=True, trans_c=False, trans_o=True, arch='gfx1100', chip='gfx1100', num_cu=70, num_chiplets=1, perfconfig='attn:v1:64,32,64,2,1,4,32,4,1,1,1')
----------------------------------------------------------------------------------------------------
PASS: GemmGemmConfiguration(datatype='f32', g=1, m=112, k=30, n=40, o=25, trans_a=True, trans_b=True, trans_c=True, trans_o=True, arch='gfx1100', chip='gfx1100', num_cu=70, num_chiplets=1, perfconfig='attn:v1:128,16,64,1,1,4,32,3,3,1,2')
Lowering rejected config as not applicable
Command line = -operation gemm_gemm -t f32 --arch gfx1100 --num_cu 70 --num_chiplets 1 -g 1 -m 22 -k 126 -n 119 -gemmO 66 -transA=False -transB=True -transC=False -transO=False --perf_config=attn:v1:32,256,128,1,1,1,16,2,2,4,0 -pv -relDiff_threshold 1e-4
Errors = loc("<stdin>":9:1): error: ttg.shared (131072) exceeds LDS limit (65536) for amdgcn-amd-amdhsa:gfx1100
Lowering not applicable.

----------------------------------------------------------------------------------------------------
NOT_APPLICABLE: GemmGemmConfiguration(datatype='f32', g=1, m=22, k=126, n=119, o=66, trans_a=False, trans_b=True, trans_c=False, trans_o=False, arch='gfx1100', chip='gfx1100', num_cu=70, num_chiplets=1, perfconfig='attn:v1:32,256,128,1,1,1,16,2,2,4,0')
Lowering rejected config as not applicable
Command line = -operation gemm_gemm -t f16 --arch gfx1100 --num_cu 70 --num_chiplets 1 -g 1 -m 102 -k 4 -n 57 -gemmO 4 -transA=True -transB=True -transC=True -transO=False --perf_config=attn:v1:64,16,16,1,1,2,32,2,2,1,1 -pv
Errors = loc("<stdin>":16:10): error: Fusion with SplitK perfConfig is not legal
Lowering not applicable.

----------------------------------------------------------------------------------------------------
NOT_APPLICABLE: GemmGemmConfiguration(datatype='f16', g=1, m=102, k=4, n=57, o=4, trans_a=True, trans_b=True, trans_c=True, trans_o=False, arch='gfx1100', chip='gfx1100', num_cu=70, num_chiplets=1, perfconfig='attn:v1:64,16,16,1,1,2,32,2,2,1,1')
Lowering rejected config as not applicable
Command line = -operation gemm_gemm -t f16 --arch gfx1100 --num_cu 70 --num_chiplets 1 -g 1 -m 51 -k 112 -n 68 -gemmO 10 -transA=True -transB=True -transC=True -transO=True --perf_config=attn:v1:128,32,16,2,1,1,0,4,1,1,4 -pv
Errors = loc("<stdin>":16:10): error: Fusion with SplitK perfConfig is not legal
Lowering not applicable.

----------------------------------------------------------------------------------------------------
NOT_APPLICABLE: GemmGemmConfiguration(datatype='f16', g=1, m=51, k=112, n=68, o=10, trans_a=True, trans_b=True, trans_c=True, trans_o=True, arch='gfx1100', chip='gfx1100', num_cu=70, num_chiplets=1, perfconfig='attn:v1:128,32,16,2,1,1,0,4,1,1,4')
Lowering rejected config as not applicable
Command line = -operation gemm_gemm -t f16 --arch gfx1100 --num_cu 70 --num_chiplets 1 -g 1 -m 60 -k 28 -n 128 -gemmO 63 -transA=False -transB=True -transC=False -transO=True --perf_config=attn:v1:256,32,16,2,1,8,0,2,3,0,1 -pv
Errors = loc("<stdin>":15:10): error: Fusion with SplitK perfConfig is not legal
Lowering not applicable.

----------------------------------------------------------------------------------------------------
NOT_APPLICABLE: GemmGemmConfiguration(datatype='f16', g=1, m=60, k=28, n=128, o=63, trans_a=False, trans_b=True, trans_c=False, trans_o=True, arch='gfx1100', chip='gfx1100', num_cu=70, num_chiplets=1, perfconfig='attn:v1:256,32,16,2,1,8,0,2,3,0,1')
Lowering rejected config as not applicable
Command line = -operation gemm_gemm -t f16 --arch gfx1100 --num_cu 70 --num_chiplets 1 -g 1 -m 42 -k 86 -n 116 -gemmO 69 -transA=False -transB=True -transC=True -transO=True --perf_config=attn:v1:32,256,32,2,1,1,0,3,1,0,4 -pv
Errors = loc("<stdin>":15:10): error: Fusion with SplitK perfConfig is not legal
Lowering not applicable.

----------------------------------------------------------------------------------------------------
NOT_APPLICABLE: GemmGemmConfiguration(datatype='f16', g=1, m=42, k=86, n=116, o=69, trans_a=False, trans_b=True, trans_c=True, trans_o=True, arch='gfx1100', chip='gfx1100', num_cu=70, num_chiplets=1, perfconfig='attn:v1:32,256,32,2,1,1,0,3,1,0,4')
Lowering rejected config as not applicable
Command line = -operation gemm_gemm -t f32 --arch gfx1100 --num_cu 70 --num_chiplets 1 -g 2 -m 89 -k 125 -n 41 -gemmO 9 -transA=True -transB=True -transC=True -transO=True --perf_config=attn:v1:256,128,64,1,1,16,32,1,1,4,1 -pv -relDiff_threshold 1e-4
Errors = loc("<stdin>":10:1): error: ttg.shared (131072) exceeds LDS limit (65536) for amdgcn-amd-amdhsa:gfx1100
Lowering not applicable.

----------------------------------------------------------------------------------------------------
NOT_APPLICABLE: GemmGemmConfiguration(datatype='f32', g=2, m=89, k=125, n=41, o=9, trans_a=True, trans_b=True, trans_c=True, trans_o=True, arch='gfx1100', chip='gfx1100', num_cu=70, num_chiplets=1, perfconfig='attn:v1:256,128,64,1,1,16,32,1,1,4,1')
Lowering rejected config as not applicable
Command line = -operation gemm_gemm -t f32 --arch gfx1100 --num_cu 70 --num_chiplets 1 -g 1 -m 106 -k 37 -n 63 -gemmO 26 -transA=False -transB=True -transC=True -transO=False --perf_config=attn:v1:256,256,16,1,1,16,16,3,2,8,8 -pv -relDiff_threshold 1e-4
Errors = loc("<stdin>":9:1): error: ttg.shared (262144) exceeds LDS limit (65536) for amdgcn-amd-amdhsa:gfx1100
Lowering not applicable.

----------------------------------------------------------------------------------------------------
NOT_APPLICABLE: GemmGemmConfiguration(datatype='f32', g=1, m=106, k=37, n=63, o=26, trans_a=False, trans_b=True, trans_c=True, trans_o=False, arch='gfx1100', chip='gfx1100', num_cu=70, num_chiplets=1, perfconfig='attn:v1:256,256,16,1,1,16,16,3,2,8,8')
----------------------------------------------------------------------------------------------------
PASS: GemmGemmConfiguration(datatype='bf16', g=2, m=74, k=118, n=76, o=70, trans_a=True, trans_b=False, trans_c=True, trans_o=False, arch='gfx1100', chip='gfx1100', num_cu=70, num_chiplets=1, perfconfig='attn:v1:64,32,16,1,1,8,0,1,1,2,1')
----------------------------------------------------------------------------------------------------
PASS: GemmGemmConfiguration(datatype='f32', g=2, m=4, k=69, n=12, o=127, trans_a=False, trans_b=True, trans_c=True, trans_o=True, arch='gfx1100', chip='gfx1100', num_cu=70, num_chiplets=1, perfconfig='attn:v1:128,32,32,1,1,16,32,3,1,1,4')
Lowering rejected config as not applicable
Command line = -operation gemm_gemm -t f16 --arch gfx1100 --num_cu 70 --num_chiplets 1 -g 2 -m 67 -k 69 -n 100 -gemmO 73 -transA=False -transB=False -transC=False -transO=False --perf_config=attn:v1:256,16,32,2,1,16,0,3,1,0,4 -pv
Errors = loc("<stdin>":16:10): error: Fusion with SplitK perfConfig is not legal
Lowering not applicable.

----------------------------------------------------------------------------------------------------
NOT_APPLICABLE: GemmGemmConfiguration(datatype='f16', g=2, m=67, k=69, n=100, o=73, trans_a=False, trans_b=False, trans_c=False, trans_o=False, arch='gfx1100', chip='gfx1100', num_cu=70, num_chiplets=1, perfconfig='attn:v1:256,16,32,2,1,16,0,3,1,0,4')
Lowering rejected config as not applicable
Command line = -operation gemm_gemm -t bf16 --arch gfx1100 --num_cu 70 --num_chiplets 1 -g 2 -m 94 -k 78 -n 120 -gemmO 31 -transA=True -transB=True -transC=True -transO=False --perf_config=attn:v1:32,64,128,1,1,16,0,2,3,4,4 -pv -RMS_threshold 1e-2
Errors = loc("<stdin>":16:10): error: Fusion with SplitK perfConfig is not legal
Lowering not applicable.

----------------------------------------------------------------------------------------------------
NOT_APPLICABLE: GemmGemmConfiguration(datatype='bf16', g=2, m=94, k=78, n=120, o=31, trans_a=True, trans_b=True, trans_c=True, trans_o=False, arch='gfx1100', chip='gfx1100', num_cu=70, num_chiplets=1, perfconfig='attn:v1:32,64,128,1,1,16,0,2,3,4,4')
Lowering rejected config as not applicable
Command line = -operation gemm_gemm -t bf16 --arch gfx1100 --num_cu 70 --num_chiplets 1 -g 2 -m 24 -k 38 -n 81 -gemmO 20 -transA=False -transB=True -transC=False -transO=True --perf_config=attn:v1:32,64,16,1,1,4,32,2,1,1,2 -pv -RMS_threshold 1e-2
Errors = loc("<stdin>":16:10): error: Fusion with SplitK perfConfig is not legal
Lowering not applicable.

----------------------------------------------------------------------------------------------------
NOT_APPLICABLE: GemmGemmConfiguration(datatype='bf16', g=2, m=24, k=38, n=81, o=20, trans_a=False, trans_b=True, trans_c=False, trans_o=True, arch='gfx1100', chip='gfx1100', num_cu=70, num_chiplets=1, perfconfig='attn:v1:32,64,16,1,1,4,32,2,1,1,2')
----------------------------------------------------------------------------------------------------
PASS: GemmGemmConfiguration(datatype='bf16', g=1, m=40, k=78, n=76, o=65, trans_a=True, trans_b=True, trans_c=False, trans_o=True, arch='gfx1100', chip='gfx1100', num_cu=70, num_chiplets=1, perfconfig='attn:v1:64,32,64,2,1,16,32,1,3,8,0')
----------------------------------------------------------------------------------------------------
PASS: GemmGemmConfiguration(datatype='f32', g=2, m=13, k=67, n=74, o=62, trans_a=False, trans_b=True, trans_c=True, trans_o=False, arch='gfx1100', chip='gfx1100', num_cu=70, num_chiplets=1, perfconfig='attn:v1:16,32,16,1,1,1,0,1,1,2,0')
----------------------------------------------------------------------------------------------------
PASS: GemmGemmConfiguration(datatype='f32', g=1, m=98, k=120, n=64, o=45, trans_a=False, trans_b=True, trans_c=True, trans_o=True, arch='gfx1100', chip='gfx1100', num_cu=70, num_chiplets=1, perfconfig='attn:v1:256,16,16,2,1,8,0,3,1,2,0')
----------------------------------------------------------------------------------------------------
PASS: GemmGemmConfiguration(datatype='bf16', g=1, m=50, k=67, n=63, o=20, trans_a=True, trans_b=False, trans_c=False, trans_o=False, arch='gfx1100', chip='gfx1100', num_cu=70, num_chiplets=1, perfconfig='attn:v1:128,32,32,2,1,2,0,1,2,4,1')
----------------------------------------------------------------------------------------------------
PASS: GemmGemmConfiguration(datatype='f16', g=1, m=15, k=4, n=35, o=72, trans_a=True, trans_b=True, trans_c=True, trans_o=False, arch='gfx1100', chip='gfx1100', num_cu=70, num_chiplets=1, perfconfig='attn:v1:256,32,128,1,1,4,32,1,3,1,0')
Lowering rejected config as not applicable
Command line = -operation gemm_gemm -t bf16 --arch gfx1100 --num_cu 70 --num_chiplets 1 -g 1 -m 69 -k 61 -n 65 -gemmO 47 -transA=True -transB=True -transC=True -transO=True --perf_config=attn:v1:32,64,64,2,1,8,32,3,1,8,2 -pv -RMS_threshold 1e-2
Errors = loc("<stdin>":16:10): error: Fusion with SplitK perfConfig is not legal
Lowering not applicable.

----------------------------------------------------------------------------------------------------
NOT_APPLICABLE: GemmGemmConfiguration(datatype='bf16', g=1, m=69, k=61, n=65, o=47, trans_a=True, trans_b=True, trans_c=True, trans_o=True, arch='gfx1100', chip='gfx1100', num_cu=70, num_chiplets=1, perfconfig='attn:v1:32,64,64,2,1,8,32,3,1,8,2')
FAIL: Timeout in rocmlir-driver stage (120s)
Config = GemmGemmConfiguration(datatype='f32', g=1, m=95, k=111, n=10, o=53, trans_a=True, trans_b=False, trans_c=True, trans_o=False, arch='gfx1100', chip='gfx1100', num_cu=70, num_chiplets=1, perfconfig='attn:v1:64,128,128,1,1,1,0,1,3,4,0')
Command line = -operation gemm_gemm -t f32 --arch gfx1100 --num_cu 70 --num_chiplets 1 -g 1 -m 95 -k 111 -n 10 -gemmO 53 -transA=True -transB=False -transC=True -transO=False --perf_config=attn:v1:64,128,128,1,1,1,0,1,3,4,0 -pv -relDiff_threshold 1e-4
Lowering rejected config as not applicable
Command line = -operation gemm_gemm -t f16 --arch gfx1100 --num_cu 70 --num_chiplets 1 -g 1 -m 121 -k 44 -n 125 -gemmO 73 -transA=True -transB=False -transC=True -transO=True --perf_config=attn:v1:16,16,16,1,1,1,0,4,1,4,0 -pv
Errors = loc("<stdin>":15:10): error: Fusion with SplitK perfConfig is not legal
Lowering not applicable.

----------------------------------------------------------------------------------------------------
NOT_APPLICABLE: GemmGemmConfiguration(datatype='f16', g=1, m=121, k=44, n=125, o=73, trans_a=True, trans_b=False, trans_c=True, trans_o=True, arch='gfx1100', chip='gfx1100', num_cu=70, num_chiplets=1, perfconfig='attn:v1:16,16,16,1,1,1,0,4,1,4,0')
Lowering rejected config as not applicable
Command line = -operation gemm_gemm -t f32 --arch gfx1100 --num_cu 70 --num_chiplets 1 -g 2 -m 2 -k 66 -n 38 -gemmO 22 -transA=True -transB=True -transC=True -transO=False --perf_config=attn:v1:256,128,32,1,1,16,16,4,3,4,0 -pv -relDiff_threshold 1e-4
Errors = loc("<stdin>":10:1): error: ttg.shared (131072) exceeds LDS limit (65536) for amdgcn-amd-amdhsa:gfx1100
Lowering not applicable.

----------------------------------------------------------------------------------------------------
NOT_APPLICABLE: GemmGemmConfiguration(datatype='f32', g=2, m=2, k=66, n=38, o=22, trans_a=True, trans_b=True, trans_c=True, trans_o=False, arch='gfx1100', chip='gfx1100', num_cu=70, num_chiplets=1, perfconfig='attn:v1:256,128,32,1,1,16,16,4,3,4,0')
----------------------------------------------------------------------------------------------------
PASS: GemmGemmConfiguration(datatype='bf16', g=1, m=97, k=41, n=64, o=43, trans_a=True, trans_b=True, trans_c=True, trans_o=False, arch='gfx1100', chip='gfx1100', num_cu=70, num_chiplets=1, perfconfig='attn:v1:32,64,64,1,1,4,32,1,2,4,0')
----------------------------------------------------------------------------------------------------
PASS: GemmGemmConfiguration(datatype='f32', g=1, m=103, k=20, n=4, o=2, trans_a=False, trans_b=True, trans_c=False, trans_o=False, arch='gfx1100', chip='gfx1100', num_cu=70, num_chiplets=1, perfconfig='attn:v1:64,128,16,1,1,4,16,1,2,2,0')
Lowering rejected config as not applicable
Command line = -operation gemm_gemm -t f32 --arch gfx1100 --num_cu 70 --num_chiplets 1 -g 2 -m 25 -k 122 -n 95 -gemmO 24 -transA=False -transB=False -transC=False -transO=True --perf_config=attn:v1:128,256,128,1,1,2,16,3,3,0,8 -pv -relDiff_threshold 1e-4
Errors = loc("<stdin>":10:1): error: ttg.shared (131072) exceeds LDS limit (65536) for amdgcn-amd-amdhsa:gfx1100
Lowering not applicable.

----------------------------------------------------------------------------------------------------
NOT_APPLICABLE: GemmGemmConfiguration(datatype='f32', g=2, m=25, k=122, n=95, o=24, trans_a=False, trans_b=False, trans_c=False, trans_o=True, arch='gfx1100', chip='gfx1100', num_cu=70, num_chiplets=1, perfconfig='attn:v1:128,256,128,1,1,2,16,3,3,0,8')
----------------------------------------------------------------------------------------------------
PASS: GemmGemmConfiguration(datatype='f32', g=2, m=47, k=45, n=54, o=36, trans_a=False, trans_b=False, trans_c=True, trans_o=False, arch='gfx1100', chip='gfx1100', num_cu=70, num_chiplets=1, perfconfig='attn:v1:32,256,64,1,1,1,0,3,2,4,8')
----------------------------------------------------------------------------------------------------
FAIL: GemmGemmConfiguration(datatype='f32', g=1, m=95, k=111, n=10, o=53, trans_a=True, trans_b=False, trans_c=True, trans_o=False, arch='gfx1100', chip='gfx1100', num_cu=70, num_chiplets=1, perfconfig='attn:v1:64,128,128,1,1,1,0,1,3,4,0')
Lowering rejected config as not applicable
Command line = -operation gemm_gemm -t bf16 --arch gfx1100 --num_cu 70 --num_chiplets 1 -g 1 -m 102 -k 23 -n 126 -gemmO 24 -transA=True -transB=False -transC=False -transO=False --perf_config=attn:v1:64,32,64,2,1,1,32,3,1,1,4 -pv -RMS_threshold 1e-2
Errors = loc("<stdin>":16:10): error: Fusion with SplitK perfConfig is not legal
Lowering not applicable.

----------------------------------------------------------------------------------------------------
NOT_APPLICABLE: GemmGemmConfiguration(datatype='bf16', g=1, m=102, k=23, n=126, o=24, trans_a=True, trans_b=False, trans_c=False, trans_o=False, arch='gfx1100', chip='gfx1100', num_cu=70, num_chiplets=1, perfconfig='attn:v1:64,32,64,2,1,1,32,3,1,1,4')
Lowering rejected config as not applicable
Command line = -operation gemm_gemm -t bf16 --arch gfx1100 --num_cu 70 --num_chiplets 1 -g 2 -m 86 -k 126 -n 2 -gemmO 109 -transA=True -transB=False -transC=True -transO=False --perf_config=attn:v1:16,16,128,1,1,16,32,4,3,4,0 -pv -RMS_threshold 1e-2
Errors = loc("<stdin>":16:10): error: Fusion with SplitK perfConfig is not legal
Lowering not applicable.

----------------------------------------------------------------------------------------------------
NOT_APPLICABLE: GemmGemmConfiguration(datatype='bf16', g=2, m=86, k=126, n=2, o=109, trans_a=True, trans_b=False, trans_c=True, trans_o=False, arch='gfx1100', chip='gfx1100', num_cu=70, num_chiplets=1, perfconfig='attn:v1:16,16,128,1,1,16,32,4,3,4,0')
Lowering rejected config as not applicable
Command line = -operation gemm_gemm -t bf16 --arch gfx1100 --num_cu 70 --num_chiplets 1 -g 1 -m 63 -k 93 -n 6 -gemmO 21 -transA=False -transB=True -transC=True -transO=True --perf_config=attn:v1:256,256,128,1,1,2,0,4,1,4,0 -pv -RMS_threshold 1e-2
Errors = loc("<stdin>":15:10): error: Fusion with SplitK perfConfig is not legal
Lowering not applicable.

----------------------------------------------------------------------------------------------------
NOT_APPLICABLE: GemmGemmConfiguration(datatype='bf16', g=1, m=63, k=93, n=6, o=21, trans_a=False, trans_b=True, trans_c=True, trans_o=True, arch='gfx1100', chip='gfx1100', num_cu=70, num_chiplets=1, perfconfig='attn:v1:256,256,128,1,1,2,0,4,1,4,0')
Lowering rejected config as not applicable
Command line = -operation gemm_gemm -t bf16 --arch gfx1100 --num_cu 70 --num_chiplets 1 -g 1 -m 101 -k 118 -n 68 -gemmO 46 -transA=False -transB=False -transC=True -transO=False --perf_config=attn:v1:256,16,16,1,1,2,16,3,3,8,4 -pv -RMS_threshold 1e-2
Errors = loc("<stdin>":15:10): error: Fusion with SplitK perfConfig is not legal
Lowering not applicable.

----------------------------------------------------------------------------------------------------
NOT_APPLICABLE: GemmGemmConfiguration(datatype='bf16', g=1, m=101, k=118, n=68, o=46, trans_a=False, trans_b=False, trans_c=True, trans_o=False, arch='gfx1100', chip='gfx1100', num_cu=70, num_chiplets=1, perfconfig='attn:v1:256,16,16,1,1,2,16,3,3,8,4')
Lowering rejected config as not applicable
Command line = -operation gemm_gemm -t f32 --arch gfx1100 --num_cu 70 --num_chiplets 1 -g 2 -m 98 -k 6 -n 123 -gemmO 111 -transA=False -transB=True -transC=False -transO=True --perf_config=attn:v1:256,32,32,1,1,8,32,1,2,1,0 -pv -relDiff_threshold 1e-4
Errors = loc("<stdin>":10:1): error: ttg.shared (131072) exceeds LDS limit (65536) for amdgcn-amd-amdhsa:gfx1100
Lowering not applicable.

----------------------------------------------------------------------------------------------------
NOT_APPLICABLE: GemmGemmConfiguration(datatype='f32', g=2, m=98, k=6, n=123, o=111, trans_a=False, trans_b=True, trans_c=False, trans_o=True, arch='gfx1100', chip='gfx1100', num_cu=70, num_chiplets=1, perfconfig='attn:v1:256,32,32,1,1,8,32,1,2,1,0')
Lowering rejected config as not applicable
Command line = -operation gemm_gemm -t f32 --arch gfx1100 --num_cu 70 --num_chiplets 1 -g 1 -m 6 -k 113 -n 100 -gemmO 43 -transA=False -transB=True -transC=True -transO=False --perf_config=attn:v1:16,256,32,2,1,2,32,3,3,4,0 -pv -relDiff_threshold 1e-4
Errors = loc("<stdin>":9:1): error: ttg.shared (69632) exceeds LDS limit (65536) for amdgcn-amd-amdhsa:gfx1100
Lowering not applicable.

----------------------------------------------------------------------------------------------------
NOT_APPLICABLE: GemmGemmConfiguration(datatype='f32', g=1, m=6, k=113, n=100, o=43, trans_a=False, trans_b=True, trans_c=True, trans_o=False, arch='gfx1100', chip='gfx1100', num_cu=70, num_chiplets=1, perfconfig='attn:v1:16,256,32,2,1,2,32,3,3,4,0')
----------------------------------------------------------------------------------------------------
PASS: GemmGemmConfiguration(datatype='bf16', g=1, m=78, k=31, n=50, o=74, trans_a=False, trans_b=False, trans_c=False, trans_o=True, arch='gfx1100', chip='gfx1100', num_cu=70, num_chiplets=1, perfconfig='attn:v1:256,32,16,2,1,8,0,1,1,2,8')
----------------------------------------------------------------------------------------------------
PASS: GemmGemmConfiguration(datatype='f32', g=2, m=59, k=120, n=118, o=72, trans_a=False, trans_b=True, trans_c=False, trans_o=True, arch='gfx1100', chip='gfx1100', num_cu=70, num_chiplets=1, perfconfig='attn:v1:128,64,16,2,1,8,32,2,2,0,8')
Lowering rejected config as not applicable
Command line = -operation gemm_gemm -t f16 --arch gfx1100 --num_cu 70 --num_chiplets 1 -g 1 -m 50 -k 114 -n 56 -gemmO 34 -transA=True -transB=False -transC=False -transO=True --perf_config=attn:v1:64,64,16,2,1,4,0,4,1,4,4 -pv
Errors = loc("<stdin>":16:10): error: Fusion with SplitK perfConfig is not legal
Lowering not applicable.

----------------------------------------------------------------------------------------------------
NOT_APPLICABLE: GemmGemmConfiguration(datatype='f16', g=1, m=50, k=114, n=56, o=34, trans_a=True, trans_b=False, trans_c=False, trans_o=True, arch='gfx1100', chip='gfx1100', num_cu=70, num_chiplets=1, perfconfig='attn:v1:64,64,16,2,1,4,0,4,1,4,4')
Lowering rejected config as not applicable
Command line = -operation gemm_gemm -t f16 --arch gfx1100 --num_cu 70 --num_chiplets 1 -g 1 -m 96 -k 100 -n 37 -gemmO 52 -transA=False -transB=False -transC=False -transO=False --perf_config=attn:v1:256,128,32,2,1,1,16,2,2,8,8 -pv
Errors = loc("<stdin>":16:10): error: Fusion with SplitK perfConfig is not legal
Lowering not applicable.

----------------------------------------------------------------------------------------------------
NOT_APPLICABLE: GemmGemmConfiguration(datatype='f16', g=1, m=96, k=100, n=37, o=52, trans_a=False, trans_b=False, trans_c=False, trans_o=False, arch='gfx1100', chip='gfx1100', num_cu=70, num_chiplets=1, perfconfig='attn:v1:256,128,32,2,1,1,16,2,2,8,8')
Lowering rejected config as not applicable
Command line = -operation gemm_gemm -t bf16 --arch gfx1100 --num_cu 70 --num_chiplets 1 -g 2 -m 97 -k 4 -n 19 -gemmO 22 -transA=True -transB=False -transC=True -transO=True --perf_config=attn:v1:64,256,16,1,1,1,0,2,2,4,2 -pv -RMS_threshold 1e-2
Errors = loc("<stdin>":16:10): error: Fusion with SplitK perfConfig is not legal
Lowering not applicable.

----------------------------------------------------------------------------------------------------
NOT_APPLICABLE: GemmGemmConfiguration(datatype='bf16', g=2, m=97, k=4, n=19, o=22, trans_a=True, trans_b=False, trans_c=True, trans_o=True, arch='gfx1100', chip='gfx1100', num_cu=70, num_chiplets=1, perfconfig='attn:v1:64,256,16,1,1,1,0,2,2,4,2')
Lowering rejected config as not applicable
Command line = -operation gemm_gemm -t bf16 --arch gfx1100 --num_cu 70 --num_chiplets 1 -g 1 -m 70 -k 83 -n 36 -gemmO 99 -transA=True -transB=True -transC=False -transO=True --perf_config=attn:v1:256,32,128,1,1,16,32,2,2,1,2 -pv -RMS_threshold 1e-2
Errors = loc("<stdin>":16:10): error: Fusion with SplitK perfConfig is not legal
Lowering not applicable.

----------------------------------------------------------------------------------------------------
NOT_APPLICABLE: GemmGemmConfiguration(datatype='bf16', g=1, m=70, k=83, n=36, o=99, trans_a=True, trans_b=True, trans_c=False, trans_o=True, arch='gfx1100', chip='gfx1100', num_cu=70, num_chiplets=1, perfconfig='attn:v1:256,32,128,1,1,16,32,2,2,1,2')
Lowering rejected config as not applicable
Command line = -operation gemm_gemm -t f32 --arch gfx1100 --num_cu 70 --num_chiplets 1 -g 2 -m 81 -k 13 -n 4 -gemmO 97 -transA=False -transB=False -transC=True -transO=False --perf_config=attn:v1:64,256,64,2,1,16,32,2,2,0,0 -pv -relDiff_threshold 1e-4
Errors = loc("<stdin>":10:1): error: ttg.shared (131072) exceeds LDS limit (65536) for amdgcn-amd-amdhsa:gfx1100
Lowering not applicable.

----------------------------------------------------------------------------------------------------
NOT_APPLICABLE: GemmGemmConfiguration(datatype='f32', g=2, m=81, k=13, n=4, o=97, trans_a=False, trans_b=False, trans_c=True, trans_o=False, arch='gfx1100', chip='gfx1100', num_cu=70, num_chiplets=1, perfconfig='attn:v1:64,256,64,2,1,16,32,2,2,0,0')
----------------------------------------------------------------------------------------------------
PASS: GemmGemmConfiguration(datatype='f32', g=1, m=70, k=123, n=108, o=58, trans_a=True, trans_b=False, trans_c=True, trans_o=False, arch='gfx1100', chip='gfx1100', num_cu=70, num_chiplets=1, perfconfig='attn:v1:16,64,16,2,1,16,0,4,1,2,4')
----------------------------------------------------------------------------------------------------
PASS: GemmGemmConfiguration(datatype='f16', g=2, m=66, k=78, n=2, o=61, trans_a=True, trans_b=False, trans_c=False, trans_o=True, arch='gfx1100', chip='gfx1100', num_cu=70, num_chiplets=1, perfconfig='attn:v1:64,32,32,2,1,2,16,1,2,2,2')
----------------------------------------------------------------------------------------------------
PASS: GemmGemmConfiguration(datatype='f16', g=2, m=39, k=126, n=31, o=19, trans_a=False, trans_b=False, trans_c=False, trans_o=False, arch='gfx1100', chip='gfx1100', num_cu=70, num_chiplets=1, perfconfig='attn:v1:256,32,16,1,1,2,32,1,2,8,1')
Lowering rejected config as not applicable
Command line = -operation gemm_gemm -t f16 --arch gfx1100 --num_cu 70 --num_chiplets 1 -g 2 -m 78 -k 14 -n 127 -gemmO 70 -transA=True -transB=False -transC=False -transO=False --perf_config=attn:v1:256,128,64,2,1,4,16,2,1,1,0 -pv
Errors = loc("<stdin>":16:10): error: Fusion with SplitK perfConfig is not legal
Lowering not applicable.

----------------------------------------------------------------------------------------------------
NOT_APPLICABLE: GemmGemmConfiguration(datatype='f16', g=2, m=78, k=14, n=127, o=70, trans_a=True, trans_b=False, trans_c=False, trans_o=False, arch='gfx1100', chip='gfx1100', num_cu=70, num_chiplets=1, perfconfig='attn:v1:256,128,64,2,1,4,16,2,1,1,0')
Lowering rejected config as not applicable
Command line = -operation gemm_gemm -t f16 --arch gfx1100 --num_cu 70 --num_chiplets 1 -g 2 -m 39 -k 69 -n 46 -gemmO 115 -transA=False -transB=True -transC=False -transO=True --perf_config=attn:v1:64,128,16,2,1,1,16,4,2,1,4 -pv
Errors = loc("<stdin>":16:10): error: Fusion with SplitK perfConfig is not legal
Lowering not applicable.

----------------------------------------------------------------------------------------------------
NOT_APPLICABLE: GemmGemmConfiguration(datatype='f16', g=2, m=39, k=69, n=46, o=115, trans_a=False, trans_b=True, trans_c=False, trans_o=True, arch='gfx1100', chip='gfx1100', num_cu=70, num_chiplets=1, perfconfig='attn:v1:64,128,16,2,1,1,16,4,2,1,4')
Lowering rejected config as not applicable
Command line = -operation gemm_gemm -t f16 --arch gfx1100 --num_cu 70 --num_chiplets 1 -g 1 -m 55 -k 123 -n 83 -gemmO 1 -transA=False -transB=False -transC=True -transO=True --perf_config=attn:v1:128,256,32,2,1,2,16,2,1,8,0 -pv
Errors = loc("<stdin>":17:10): error: Fusion with SplitK perfConfig is not legal
Lowering not applicable.

----------------------------------------------------------------------------------------------------
NOT_APPLICABLE: GemmGemmConfiguration(datatype='f16', g=1, m=55, k=123, n=83, o=1, trans_a=False, trans_b=False, trans_c=True, trans_o=True, arch='gfx1100', chip='gfx1100', num_cu=70, num_chiplets=1, perfconfig='attn:v1:128,256,32,2,1,2,16,2,1,8,0')
FAIL: Timeout in rocmlir-driver stage (120s)
Config = GemmGemmConfiguration(datatype='f32', g=1, m=93, k=95, n=16, o=73, trans_a=False, trans_b=False, trans_c=False, trans_o=True, arch='gfx1100', chip='gfx1100', num_cu=70, num_chiplets=1, perfconfig='attn:v1:64,128,64,2,1,1,32,1,2,8,1')
Command line = -operation gemm_gemm -t f32 --arch gfx1100 --num_cu 70 --num_chiplets 1 -g 1 -m 93 -k 95 -n 16 -gemmO 73 -transA=False -transB=False -transC=False -transO=True --perf_config=attn:v1:64,128,64,2,1,1,32,1,2,8,1 -pv -relDiff_threshold 1e-4
----------------------------------------------------------------------------------------------------
PASS: GemmGemmConfiguration(datatype='f32', g=1, m=79, k=49, n=38, o=38, trans_a=False, trans_b=False, trans_c=True, trans_o=False, arch='gfx1100', chip='gfx1100', num_cu=70, num_chiplets=1, perfconfig='attn:v1:32,64,16,1,1,8,32,4,2,0,0')
----------------------------------------------------------------------------------------------------
PASS: GemmGemmConfiguration(datatype='f32', g=1, m=60, k=45, n=39, o=51, trans_a=False, trans_b=True, trans_c=False, trans_o=True, arch='gfx1100', chip='gfx1100', num_cu=70, num_chiplets=1, perfconfig='attn:v1:64,16,16,1,1,2,32,1,1,8,2')
Lowering rejected config as not applicable
Command line = -operation gemm_gemm -t f32 --arch gfx1100 --num_cu 70 --num_chiplets 1 -g 1 -m 25 -k 85 -n 7 -gemmO 46 -transA=False -transB=False -transC=True -transO=True --perf_config=attn:v1:128,64,64,1,1,1,0,1,3,4,8 -pv -relDiff_threshold 1e-4
Errors = loc("<stdin>":9:1): error: ttg.shared (98304) exceeds LDS limit (65536) for amdgcn-amd-amdhsa:gfx1100
Lowering not applicable.

----------------------------------------------------------------------------------------------------
NOT_APPLICABLE: GemmGemmConfiguration(datatype='f32', g=1, m=25, k=85, n=7, o=46, trans_a=False, trans_b=False, trans_c=True, trans_o=True, arch='gfx1100', chip='gfx1100', num_cu=70, num_chiplets=1, perfconfig='attn:v1:128,64,64,1,1,1,0,1,3,4,8')
----------------------------------------------------------------------------------------------------
PASS: GemmGemmConfiguration(datatype='f32', g=1, m=104, k=10, n=3, o=63, trans_a=False, trans_b=True, trans_c=False, trans_o=False, arch='gfx1100', chip='gfx1100', num_cu=70, num_chiplets=1, perfconfig='attn:v1:128,64,128,1,1,2,32,2,3,4,1')
----------------------------------------------------------------------------------------------------
FAIL: GemmGemmConfiguration(datatype='f32', g=1, m=93, k=95, n=16, o=73, trans_a=False, trans_b=False, trans_c=False, trans_o=True, arch='gfx1100', chip='gfx1100', num_cu=70, num_chiplets=1, perfconfig='attn:v1:64,128,64,2,1,1,32,1,2,8,1')
Lowering rejected config as not applicable
Command line = -operation gemm_gemm -t bf16 --arch gfx1100 --num_cu 70 --num_chiplets 1 -g 2 -m 124 -k 31 -n 112 -gemmO 86 -transA=True -transB=True -transC=True -transO=True --perf_config=attn:v1:128,64,32,1,1,2,16,2,3,4,2 -pv -RMS_threshold 1e-2
Errors = loc("<stdin>":16:10): error: Fusion with SplitK perfConfig is not legal
Lowering not applicable.

----------------------------------------------------------------------------------------------------
NOT_APPLICABLE: GemmGemmConfiguration(datatype='bf16', g=2, m=124, k=31, n=112, o=86, trans_a=True, trans_b=True, trans_c=True, trans_o=True, arch='gfx1100', chip='gfx1100', num_cu=70, num_chiplets=1, perfconfig='attn:v1:128,64,32,1,1,2,16,2,3,4,2')
Lowering rejected config as not applicable
Command line = -operation gemm_gemm -t bf16 --arch gfx1100 --num_cu 70 --num_chiplets 1 -g 1 -m 5 -k 87 -n 96 -gemmO 82 -transA=True -transB=True -transC=True -transO=True --perf_config=attn:v1:16,32,64,2,1,1,16,4,3,0,8 -pv -RMS_threshold 1e-2
Errors = loc("<stdin>":16:10): error: Fusion with SplitK perfConfig is not legal
Lowering not applicable.

----------------------------------------------------------------------------------------------------
NOT_APPLICABLE: GemmGemmConfiguration(datatype='bf16', g=1, m=5, k=87, n=96, o=82, trans_a=True, trans_b=True, trans_c=True, trans_o=True, arch='gfx1100', chip='gfx1100', num_cu=70, num_chiplets=1, perfconfig='attn:v1:16,32,64,2,1,1,16,4,3,0,8')
Lowering rejected config as not applicable
Command line = -operation gemm_gemm -t f32 --arch gfx1100 --num_cu 70 --num_chiplets 1 -g 1 -m 27 -k 120 -n 57 -gemmO 120 -transA=True -transB=True -transC=True -transO=False --perf_config=attn:v1:256,64,32,2,1,16,16,2,3,2,8 -pv -relDiff_threshold 1e-4
Errors = loc("<stdin>":10:1): error: ttg.shared (81920) exceeds LDS limit (65536) for amdgcn-amd-amdhsa:gfx1100
Lowering not applicable.

----------------------------------------------------------------------------------------------------
NOT_APPLICABLE: GemmGemmConfiguration(datatype='f32', g=1, m=27, k=120, n=57, o=120, trans_a=True, trans_b=True, trans_c=True, trans_o=False, arch='gfx1100', chip='gfx1100', num_cu=70, num_chiplets=1, perfconfig='attn:v1:256,64,32,2,1,16,16,2,3,2,8')
----------------------------------------------------------------------------------------------------
PASS: GemmGemmConfiguration(datatype='f16', g=2, m=82, k=127, n=71, o=126, trans_a=False, trans_b=False, trans_c=False, trans_o=True, arch='gfx1100', chip='gfx1100', num_cu=70, num_chiplets=1, perfconfig='attn:v1:16,32,32,2,1,4,16,1,3,8,1')
Lowering rejected config as not applicable
Command line = -operation gemm_gemm -t f32 --arch gfx1100 --num_cu 70 --num_chiplets 1 -g 2 -m 83 -k 109 -n 124 -gemmO 67 -transA=False -transB=True -transC=False -transO=False --perf_config=attn:v1:256,128,16,1,1,2,32,3,1,4,2 -pv -relDiff_threshold 1e-4
Errors = loc("<stdin>":10:1): error: ttg.shared (131072) exceeds LDS limit (65536) for amdgcn-amd-amdhsa:gfx1100
Lowering not applicable.

----------------------------------------------------------------------------------------------------
NOT_APPLICABLE: GemmGemmConfiguration(datatype='f32', g=2, m=83, k=109, n=124, o=67, trans_a=False, trans_b=True, trans_c=False, trans_o=False, arch='gfx1100', chip='gfx1100', num_cu=70, num_chiplets=1, perfconfig='attn:v1:256,128,16,1,1,2,32,3,1,4,2')
----------------------------------------------------------------------------------------------------
PASS: GemmGemmConfiguration(datatype='f32', g=2, m=71, k=101, n=86, o=35, trans_a=False, trans_b=False, trans_c=True, trans_o=True, arch='gfx1100', chip='gfx1100', num_cu=70, num_chiplets=1, perfconfig='attn:v1:32,128,16,1,1,8,32,2,3,0,0')
----------------------------------------------------------------------------------------------------
PASS: GemmGemmConfiguration(datatype='bf16', g=2, m=63, k=52, n=103, o=117, trans_a=True, trans_b=False, trans_c=False, trans_o=False, arch='gfx1100', chip='gfx1100', num_cu=70, num_chiplets=1, perfconfig='attn:v1:256,64,64,1,1,2,0,1,2,1,1')
----------------------------------------------------------------------------------------------------
PASS: GemmGemmConfiguration(datatype='f16', g=2, m=110, k=120, n=49, o=79, trans_a=False, trans_b=False, trans_c=False, trans_o=True, arch='gfx1100', chip='gfx1100', num_cu=70, num_chiplets=1, perfconfig='attn:v1:256,256,128,2,1,8,16,1,1,8,1')
Lowering rejected config as not applicable
Command line = -operation gemm_gemm -t f16 --arch gfx1100 --num_cu 70 --num_chiplets 1 -g 2 -m 101 -k 106 -n 111 -gemmO 36 -transA=False -transB=True -transC=True -transO=True --perf_config=attn:v1:64,64,64,2,1,16,16,2,3,1,1 -pv
Errors = loc("<stdin>":16:10): error: Fusion with SplitK perfConfig is not legal
Lowering not applicable.

----------------------------------------------------------------------------------------------------
NOT_APPLICABLE: GemmGemmConfiguration(datatype='f16', g=2, m=101, k=106, n=111, o=36, trans_a=False, trans_b=True, trans_c=True, trans_o=True, arch='gfx1100', chip='gfx1100', num_cu=70, num_chiplets=1, perfconfig='attn:v1:64,64,64,2,1,16,16,2,3,1,1')
Lowering rejected config as not applicable
Command line = -operation gemm_gemm -t bf16 --arch gfx1100 --num_cu 70 --num_chiplets 1 -g 2 -m 91 -k 115 -n 63 -gemmO 19 -transA=False -transB=False -transC=False -transO=True --perf_config=attn:v1:16,128,64,2,1,4,32,4,2,2,4 -pv -RMS_threshold 1e-2
Errors = loc("<stdin>":16:10): error: Fusion with SplitK perfConfig is not legal
Lowering not applicable.

----------------------------------------------------------------------------------------------------
NOT_APPLICABLE: GemmGemmConfiguration(datatype='bf16', g=2, m=91, k=115, n=63, o=19, trans_a=False, trans_b=False, trans_c=False, trans_o=True, arch='gfx1100', chip='gfx1100', num_cu=70, num_chiplets=1, perfconfig='attn:v1:16,128,64,2,1,4,32,4,2,2,4')
Lowering rejected config as not applicable
Command line = -operation gemm_gemm -t f16 --arch gfx1100 --num_cu 70 --num_chiplets 1 -g 2 -m 75 -k 118 -n 121 -gemmO 102 -transA=False -transB=False -transC=False -transO=True --perf_config=attn:v1:128,32,64,1,1,4,0,3,3,8,8 -pv
Errors = loc("<stdin>":16:10): error: Fusion with SplitK perfConfig is not legal
Lowering not applicable.

----------------------------------------------------------------------------------------------------
NOT_APPLICABLE: GemmGemmConfiguration(datatype='f16', g=2, m=75, k=118, n=121, o=102, trans_a=False, trans_b=False, trans_c=False, trans_o=True, arch='gfx1100', chip='gfx1100', num_cu=70, num_chiplets=1, perfconfig='attn:v1:128,32,64,1,1,4,0,3,3,8,8')
Lowering rejected config as not applicable
Command line = -operation gemm_gemm -t f32 --arch gfx1100 --num_cu 70 --num_chiplets 1 -g 1 -m 28 -k 34 -n 13 -gemmO 44 -transA=False -transB=True -transC=False -transO=True --perf_config=attn:v1:256,128,64,1,1,16,16,1,1,1,4 -pv -relDiff_threshold 1e-4
Errors = loc("<stdin>":9:1): error: ttg.shared (131072) exceeds LDS limit (65536) for amdgcn-amd-amdhsa:gfx1100
Lowering not applicable.

----------------------------------------------------------------------------------------------------
NOT_APPLICABLE: GemmGemmConfiguration(datatype='f32', g=1, m=28, k=34, n=13, o=44, trans_a=False, trans_b=True, trans_c=False, trans_o=True, arch='gfx1100', chip='gfx1100', num_cu=70, num_chiplets=1, perfconfig='attn:v1:256,128,64,1,1,16,16,1,1,1,4')
----------------------------------------------------------------------------------------------------
PASS: GemmGemmConfiguration(datatype='f32', g=1, m=4, k=121, n=119, o=38, trans_a=True, trans_b=True, trans_c=False, trans_o=False, arch='gfx1100', chip='gfx1100', num_cu=70, num_chiplets=1, perfconfig='attn:v1:128,32,32,1,1,8,0,4,2,0,2')
Lowering rejected config as not applicable
Command line = -operation gemm_gemm -t f32 --arch gfx1100 --num_cu 70 --num_chiplets 1 -g 2 -m 41 -k 44 -n 13 -gemmO 19 -transA=True -transB=True -transC=False -transO=True --perf_config=attn:v1:256,128,16,1,1,1,0,3,3,2,4 -pv -relDiff_threshold 1e-4
Errors = loc("<stdin>":10:1): error: ttg.shared (131072) exceeds LDS limit (65536) for amdgcn-amd-amdhsa:gfx1100
Lowering not applicable.

----------------------------------------------------------------------------------------------------
NOT_APPLICABLE: GemmGemmConfiguration(datatype='f32', g=2, m=41, k=44, n=13, o=19, trans_a=True, trans_b=True, trans_c=False, trans_o=True, arch='gfx1100', chip='gfx1100', num_cu=70, num_chiplets=1, perfconfig='attn:v1:256,128,16,1,1,1,0,3,3,2,4')
----------------------------------------------------------------------------------------------------
PASS: GemmGemmConfiguration(datatype='f32', g=2, m=47, k=121, n=63, o=106, trans_a=False, trans_b=False, trans_c=True, trans_o=True, arch='gfx1100', chip='gfx1100', num_cu=70, num_chiplets=1, perfconfig='attn:v1:16,32,16,2,1,1,0,1,1,8,0')
----------------------------------------------------------------------------------------------------
PASS: GemmGemmConfiguration(datatype='f16', g=1, m=26, k=28, n=128, o=96, trans_a=False, trans_b=False, trans_c=True, trans_o=True, arch='gfx1100', chip='gfx1100', num_cu=70, num_chiplets=1, perfconfig='attn:v1:64,256,64,1,1,2,16,1,3,4,0')
Lowering rejected config as not applicable
Command line = -operation gemm_gemm -t f16 --arch gfx1100 --num_cu 70 --num_chiplets 1 -g 2 -m 11 -k 17 -n 81 -gemmO 20 -transA=False -transB=False -transC=True -transO=False --perf_config=attn:v1:128,32,64,2,1,2,0,4,1,8,4 -pv
Errors = loc("<stdin>":16:10): error: Fusion with SplitK perfConfig is not legal
Lowering not applicable.

----------------------------------------------------------------------------------------------------
NOT_APPLICABLE: GemmGemmConfiguration(datatype='f16', g=2, m=11, k=17, n=81, o=20, trans_a=False, trans_b=False, trans_c=True, trans_o=False, arch='gfx1100', chip='gfx1100', num_cu=70, num_chiplets=1, perfconfig='attn:v1:128,32,64,2,1,2,0,4,1,8,4')
Lowering rejected config as not applicable
Command line = -operation gemm_gemm -t f16 --arch gfx1100 --num_cu 70 --num_chiplets 1 -g 1 -m 40 -k 106 -n 128 -gemmO 84 -transA=True -transB=False -transC=False -transO=True --perf_config=attn:v1:256,16,16,1,1,4,16,4,1,2,4 -pv
Errors = loc("<stdin>":16:10): error: Fusion with SplitK perfConfig is not legal
Lowering not applicable.

----------------------------------------------------------------------------------------------------
NOT_APPLICABLE: GemmGemmConfiguration(datatype='f16', g=1, m=40, k=106, n=128, o=84, trans_a=True, trans_b=False, trans_c=False, trans_o=True, arch='gfx1100', chip='gfx1100', num_cu=70, num_chiplets=1, perfconfig='attn:v1:256,16,16,1,1,4,16,4,1,2,4')
Lowering rejected config as not applicable
Command line = -operation gemm_gemm -t f16 --arch gfx1100 --num_cu 70 --num_chiplets 1 -g 2 -m 16 -k 108 -n 22 -gemmO 28 -transA=False -transB=False -transC=True -transO=True --perf_config=attn:v1:16,32,64,2,1,2,16,4,3,0,0 -pv
Errors = loc("<stdin>":16:10): error: Fusion with SplitK perfConfig is not legal
Lowering not applicable.

----------------------------------------------------------------------------------------------------
NOT_APPLICABLE: GemmGemmConfiguration(datatype='f16', g=2, m=16, k=108, n=22, o=28, trans_a=False, trans_b=False, trans_c=True, trans_o=True, arch='gfx1100', chip='gfx1100', num_cu=70, num_chiplets=1, perfconfig='attn:v1:16,32,64,2,1,2,16,4,3,0,0')
Lowering rejected config as not applicable
Command line = -operation gemm_gemm -t bf16 --arch gfx1100 --num_cu 70 --num_chiplets 1 -g 1 -m 6 -k 128 -n 127 -gemmO 16 -transA=True -transB=False -transC=False -transO=True --perf_config=attn:v1:32,256,128,1,1,2,32,4,3,2,0 -pv -RMS_threshold 1e-2
Errors = loc("<stdin>":16:10): error: Fusion with SplitK perfConfig is not legal
Lowering not applicable.

----------------------------------------------------------------------------------------------------
NOT_APPLICABLE: GemmGemmConfiguration(datatype='bf16', g=1, m=6, k=128, n=127, o=16, trans_a=True, trans_b=False, trans_c=False, trans_o=True, arch='gfx1100', chip='gfx1100', num_cu=70, num_chiplets=1, perfconfig='attn:v1:32,256,128,1,1,2,32,4,3,2,0')
Lowering rejected config as not applicable
Command line = -operation gemm_gemm -t f16 --arch gfx1100 --num_cu 70 --num_chiplets 1 -g 2 -m 2 -k 102 -n 62 -gemmO 4 -transA=True -transB=False -transC=False -transO=False --perf_config=attn:v1:256,32,128,1,1,16,32,4,1,4,4 -pv
Errors = loc("<stdin>":16:10): error: Fusion with SplitK perfConfig is not legal
Lowering not applicable.

----------------------------------------------------------------------------------------------------
NOT_APPLICABLE: GemmGemmConfiguration(datatype='f16', g=2, m=2, k=102, n=62, o=4, trans_a=True, trans_b=False, trans_c=False, trans_o=False, arch='gfx1100', chip='gfx1100', num_cu=70, num_chiplets=1, perfconfig='attn:v1:256,32,128,1,1,16,32,4,1,4,4')
Lowering rejected config as not applicable
Command line = -operation gemm_gemm -t f16 --arch gfx1100 --num_cu 70 --num_chiplets 1 -g 1 -m 8 -k 107 -n 70 -gemmO 64 -transA=False -transB=False -transC=True -transO=True --perf_config=attn:v1:16,128,16,2,1,8,0,4,3,2,2 -pv
Errors = loc("<stdin>":15:10): error: Fusion with SplitK perfConfig is not legal
Lowering not applicable.

----------------------------------------------------------------------------------------------------
NOT_APPLICABLE: GemmGemmConfiguration(datatype='f16', g=1, m=8, k=107, n=70, o=64, trans_a=False, trans_b=False, trans_c=True, trans_o=True, arch='gfx1100', chip='gfx1100', num_cu=70, num_chiplets=1, perfconfig='attn:v1:16,128,16,2,1,8,0,4,3,2,2')
Lowering rejected config as not applicable
Command line = -operation gemm_gemm -t f32 --arch gfx1100 --num_cu 70 --num_chiplets 1 -g 1 -m 68 -k 74 -n 67 -gemmO 39 -transA=True -transB=False -transC=False -transO=False --perf_config=attn:v1:256,128,128,1,1,4,32,2,1,8,1 -pv -relDiff_threshold 1e-4
Errors = loc("<stdin>":10:1): error: ttg.shared (131072) exceeds LDS limit (65536) for amdgcn-amd-amdhsa:gfx1100
Lowering not applicable.

----------------------------------------------------------------------------------------------------
NOT_APPLICABLE: GemmGemmConfiguration(datatype='f32', g=1, m=68, k=74, n=67, o=39, trans_a=True, trans_b=False, trans_c=False, trans_o=False, arch='gfx1100', chip='gfx1100', num_cu=70, num_chiplets=1, perfconfig='attn:v1:256,128,128,1,1,4,32,2,1,8,1')
----------------------------------------------------------------------------------------------------
PASS: GemmGemmConfiguration(datatype='f16', g=1, m=96, k=77, n=62, o=2, trans_a=True, trans_b=True, trans_c=True, trans_o=True, arch='gfx1100', chip='gfx1100', num_cu=70, num_chiplets=1, perfconfig='attn:v1:256,32,16,1,1,1,16,1,2,2,2')
Lowering rejected config as not applicable
Command line = -operation gemm_gemm -t f16 --arch gfx1100 --num_cu 70 --num_chiplets 1 -g 2 -m 40 -k 69 -n 119 -gemmO 85 -transA=False -transB=False -transC=False -transO=False --perf_config=attn:v1:16,64,64,2,1,1,0,4,2,0,2 -pv
Errors = loc("<stdin>":16:10): error: Fusion with SplitK perfConfig is not legal
Lowering not applicable.

----------------------------------------------------------------------------------------------------
NOT_APPLICABLE: GemmGemmConfiguration(datatype='f16', g=2, m=40, k=69, n=119, o=85, trans_a=False, trans_b=False, trans_c=False, trans_o=False, arch='gfx1100', chip='gfx1100', num_cu=70, num_chiplets=1, perfconfig='attn:v1:16,64,64,2,1,1,0,4,2,0,2')
Lowering rejected config as not applicable
Command line = -operation gemm_gemm -t bf16 --arch gfx1100 --num_cu 70 --num_chiplets 1 -g 2 -m 49 -k 46 -n 104 -gemmO 89 -transA=False -transB=True -transC=True -transO=False --perf_config=attn:v1:16,32,32,1,1,8,16,3,3,2,4 -pv -RMS_threshold 1e-2
Errors = loc("<stdin>":16:10): error: Fusion with SplitK perfConfig is not legal
Lowering not applicable.

----------------------------------------------------------------------------------------------------
NOT_APPLICABLE: GemmGemmConfiguration(datatype='bf16', g=2, m=49, k=46, n=104, o=89, trans_a=False, trans_b=True, trans_c=True, trans_o=False, arch='gfx1100', chip='gfx1100', num_cu=70, num_chiplets=1, perfconfig='attn:v1:16,32,32,1,1,8,16,3,3,2,4')
Lowering rejected config as not applicable
Command line = -operation gemm_gemm -t f32 --arch gfx1100 --num_cu 70 --num_chiplets 1 -g 1 -m 33 -k 123 -n 6 -gemmO 76 -transA=True -transB=False -transC=True -transO=False --perf_config=attn:v1:16,256,32,2,1,4,0,2,2,4,0 -pv -relDiff_threshold 1e-4
Errors = loc("<stdin>":9:1): error: ttg.shared (131072) exceeds LDS limit (65536) for amdgcn-amd-amdhsa:gfx1100
Lowering not applicable.

----------------------------------------------------------------------------------------------------
NOT_APPLICABLE: GemmGemmConfiguration(datatype='f32', g=1, m=33, k=123, n=6, o=76, trans_a=True, trans_b=False, trans_c=True, trans_o=False, arch='gfx1100', chip='gfx1100', num_cu=70, num_chiplets=1, perfconfig='attn:v1:16,256,32,2,1,4,0,2,2,4,0')
----------------------------------------------------------------------------------------------------
PASS: GemmGemmConfiguration(datatype='f32', g=2, m=57, k=96, n=104, o=22, trans_a=False, trans_b=False, trans_c=True, trans_o=True, arch='gfx1100', chip='gfx1100', num_cu=70, num_chiplets=1, perfconfig='attn:v1:16,64,16,1,1,2,0,2,2,4,1')
----------------------------------------------------------------------------------------------------
PASS: GemmGemmConfiguration(datatype='f32', g=2, m=20, k=110, n=1, o=75, trans_a=False, trans_b=False, trans_c=True, trans_o=False, arch='gfx1100', chip='gfx1100', num_cu=70, num_chiplets=1, perfconfig='attn:v1:64,16,128,2,1,4,16,2,1,2,2')
----------------------------------------------------------------------------------------------------
PASS: GemmGemmConfiguration(datatype='f32', g=1, m=101, k=54, n=24, o=68, trans_a=False, trans_b=True, trans_c=False, trans_o=False, arch='gfx1100', chip='gfx1100', num_cu=70, num_chiplets=1, perfconfig='attn:v1:128,32,16,1,1,2,0,4,1,8,8')
----------------------------------------------------------------------------------------------------
PASS: GemmGemmConfiguration(datatype='f32', g=1, m=122, k=27, n=84, o=32, trans_a=False, trans_b=True, trans_c=True, trans_o=False, arch='gfx1100', chip='gfx1100', num_cu=70, num_chiplets=1, perfconfig='attn:v1:128,64,128,1,1,4,0,4,3,1,0')
----------------------------------------------------------------------------------------------------
PASS: GemmGemmConfiguration(datatype='f32', g=2, m=28, k=4, n=109, o=57, trans_a=True, trans_b=True, trans_c=True, trans_o=True, arch='gfx1100', chip='gfx1100', num_cu=70, num_chiplets=1, perfconfig='attn:v1:32,256,32,1,1,2,0,1,2,2,0')
Lowering rejected config as not applicable
Command line = -operation gemm_gemm -t bf16 --arch gfx1100 --num_cu 70 --num_chiplets 1 -g 1 -m 75 -k 44 -n 17 -gemmO 24 -transA=False -transB=True -transC=True -transO=True --perf_config=attn:v1:256,16,64,1,1,2,16,3,2,8,1 -pv -RMS_threshold 1e-2
Errors = loc("<stdin>":15:10): error: Fusion with SplitK perfConfig is not legal
Lowering not applicable.

----------------------------------------------------------------------------------------------------
NOT_APPLICABLE: GemmGemmConfiguration(datatype='bf16', g=1, m=75, k=44, n=17, o=24, trans_a=False, trans_b=True, trans_c=True, trans_o=True, arch='gfx1100', chip='gfx1100', num_cu=70, num_chiplets=1, perfconfig='attn:v1:256,16,64,1,1,2,16,3,2,8,1')
Lowering rejected config as not applicable
Command line = -operation gemm_gemm -t bf16 --arch gfx1100 --num_cu 70 --num_chiplets 1 -g 2 -m 26 -k 54 -n 27 -gemmO 105 -transA=True -transB=True -transC=True -transO=False --perf_config=attn:v1:64,16,16,2,1,2,0,2,3,4,1 -pv -RMS_threshold 1e-2
Errors = loc("<stdin>":16:10): error: Fusion with SplitK perfConfig is not legal
Lowering not applicable.

----------------------------------------------------------------------------------------------------
NOT_APPLICABLE: GemmGemmConfiguration(datatype='bf16', g=2, m=26, k=54, n=27, o=105, trans_a=True, trans_b=True, trans_c=True, trans_o=False, arch='gfx1100', chip='gfx1100', num_cu=70, num_chiplets=1, perfconfig='attn:v1:64,16,16,2,1,2,0,2,3,4,1')
Lowering rejected config as not applicable
Command line = -operation gemm_gemm -t f16 --arch gfx1100 --num_cu 70 --num_chiplets 1 -g 1 -m 22 -k 82 -n 115 -gemmO 5 -transA=True -transB=False -transC=False -transO=False --perf_config=attn:v1:32,32,64,1,1,16,32,2,3,8,4 -pv
Errors = loc("<stdin>":16:10): error: Fusion with SplitK perfConfig is not legal
Lowering not applicable.

----------------------------------------------------------------------------------------------------
NOT_APPLICABLE: GemmGemmConfiguration(datatype='f16', g=1, m=22, k=82, n=115, o=5, trans_a=True, trans_b=False, trans_c=False, trans_o=False, arch='gfx1100', chip='gfx1100', num_cu=70, num_chiplets=1, perfconfig='attn:v1:32,32,64,1,1,16,32,2,3,8,4')
----------------------------------------------------------------------------------------------------
PASS: GemmGemmConfiguration(datatype='f32', g=2, m=128, k=42, n=46, o=16, trans_a=False, trans_b=False, trans_c=True, trans_o=True, arch='gfx1100', chip='gfx1100', num_cu=70, num_chiplets=1, perfconfig='attn:v1:16,64,64,1,1,8,0,2,3,2,4')
----------------------------------------------------------------------------------------------------
PASS: GemmGemmConfiguration(datatype='f32', g=2, m=54, k=36, n=23, o=34, trans_a=True, trans_b=True, trans_c=False, trans_o=True, arch='gfx1100', chip='gfx1100', num_cu=70, num_chiplets=1, perfconfig='attn:v1:16,32,16,1,1,4,32,4,3,1,8')
----------------------------------------------------------------------------------------------------
PASS: GemmGemmConfiguration(datatype='f32', g=2, m=76, k=65, n=37, o=80, trans_a=False, trans_b=False, trans_c=True, trans_o=False, arch='gfx1100', chip='gfx1100', num_cu=70, num_chiplets=1, perfconfig='attn:v1:64,16,64,1,1,4,32,4,1,4,2')
----------------------------------------------------------------------------------------------------
PASS: GemmGemmConfiguration(datatype='f16', g=2, m=26, k=119, n=111, o=76, trans_a=True, trans_b=True, trans_c=False, trans_o=False, arch='gfx1100', chip='gfx1100', num_cu=70, num_chiplets=1, perfconfig='attn:v1:128,256,32,2,1,16,16,1,2,2,8')
----------------------------------------------------------------------------------------------------
PASS: GemmGemmConfiguration(datatype='f32', g=1, m=35, k=61, n=70, o=76, trans_a=False, trans_b=False, trans_c=True, trans_o=True, arch='gfx1100', chip='gfx1100', num_cu=70, num_chiplets=1, perfconfig='attn:v1:32,64,16,1,1,4,32,4,2,2,0')
Lowering rejected config as not applicable
Command line = -operation gemm_gemm -t f16 --arch gfx1100 --num_cu 70 --num_chiplets 1 -g 1 -m 30 -k 42 -n 71 -gemmO 21 -transA=True -transB=False -transC=True -transO=True --perf_config=attn:v1:256,256,64,2,1,1,0,3,3,8,4 -pv
Errors = loc("<stdin>":15:10): error: Fusion with SplitK perfConfig is not legal
Lowering not applicable.

----------------------------------------------------------------------------------------------------
NOT_APPLICABLE: GemmGemmConfiguration(datatype='f16', g=1, m=30, k=42, n=71, o=21, trans_a=True, trans_b=False, trans_c=True, trans_o=True, arch='gfx1100', chip='gfx1100', num_cu=70, num_chiplets=1, perfconfig='attn:v1:256,256,64,2,1,1,0,3,3,8,4')
Lowering rejected config as not applicable
Command line = -operation gemm_gemm -t bf16 --arch gfx1100 --num_cu 70 --num_chiplets 1 -g 2 -m 76 -k 87 -n 105 -gemmO 17 -transA=True -transB=False -transC=True -transO=False --perf_config=attn:v1:128,256,128,2,1,2,16,3,1,8,2 -pv -RMS_threshold 1e-2
Errors = loc("<stdin>":16:10): error: Fusion with SplitK perfConfig is not legal
Lowering not applicable.

----------------------------------------------------------------------------------------------------
NOT_APPLICABLE: GemmGemmConfiguration(datatype='bf16', g=2, m=76, k=87, n=105, o=17, trans_a=True, trans_b=False, trans_c=True, trans_o=False, arch='gfx1100', chip='gfx1100', num_cu=70, num_chiplets=1, perfconfig='attn:v1:128,256,128,2,1,2,16,3,1,8,2')
Lowering rejected config as not applicable
Command line = -operation gemm_gemm -t f16 --arch gfx1100 --num_cu 70 --num_chiplets 1 -g 2 -m 63 -k 58 -n 46 -gemmO 17 -transA=False -transB=False -transC=False -transO=True --perf_config=attn:v1:128,16,128,2,1,8,32,4,1,2,4 -pv
Errors = loc("<stdin>":16:10): error: Fusion with SplitK perfConfig is not legal
Lowering not applicable.

----------------------------------------------------------------------------------------------------
NOT_APPLICABLE: GemmGemmConfiguration(datatype='f16', g=2, m=63, k=58, n=46, o=17, trans_a=False, trans_b=False, trans_c=False, trans_o=True, arch='gfx1100', chip='gfx1100', num_cu=70, num_chiplets=1, perfconfig='attn:v1:128,16,128,2,1,8,32,4,1,2,4')
Lowering rejected config as not applicable
Command line = -operation gemm_gemm -t bf16 --arch gfx1100 --num_cu 70 --num_chiplets 1 -g 2 -m 81 -k 61 -n 118 -gemmO 39 -transA=False -transB=True -transC=True -transO=False --perf_config=attn:v1:128,128,64,1,1,4,32,2,1,0,1 -pv -RMS_threshold 1e-2
Errors = loc("<stdin>":16:10): error: Fusion with SplitK perfConfig is not legal
Lowering not applicable.

----------------------------------------------------------------------------------------------------
NOT_APPLICABLE: GemmGemmConfiguration(datatype='bf16', g=2, m=81, k=61, n=118, o=39, trans_a=False, trans_b=True, trans_c=True, trans_o=False, arch='gfx1100', chip='gfx1100', num_cu=70, num_chiplets=1, perfconfig='attn:v1:128,128,64,1,1,4,32,2,1,0,1')
Lowering rejected config as not applicable
Command line = -operation gemm_gemm -t f32 --arch gfx1100 --num_cu 70 --num_chiplets 1 -g 2 -m 99 -k 116 -n 63 -gemmO 75 -transA=True -transB=True -transC=True -transO=True --perf_config=attn:v1:256,128,128,2,1,8,0,3,3,0,0 -pv -relDiff_threshold 1e-4
Errors = loc("<stdin>":10:1): error: ttg.shared (131072) exceeds LDS limit (65536) for amdgcn-amd-amdhsa:gfx1100
Lowering not applicable.

----------------------------------------------------------------------------------------------------
NOT_APPLICABLE: GemmGemmConfiguration(datatype='f32', g=2, m=99, k=116, n=63, o=75, trans_a=True, trans_b=True, trans_c=True, trans_o=True, arch='gfx1100', chip='gfx1100', num_cu=70, num_chiplets=1, perfconfig='attn:v1:256,128,128,2,1,8,0,3,3,0,0')
----------------------------------------------------------------------------------------------------
PASS: GemmGemmConfiguration(datatype='bf16', g=2, m=111, k=84, n=26, o=41, trans_a=True, trans_b=False, trans_c=True, trans_o=True, arch='gfx1100', chip='gfx1100', num_cu=70, num_chiplets=1, perfconfig='attn:v1:64,256,32,2,1,8,32,1,2,2,1')
----------------------------------------------------------------------------------------------------
PASS: GemmGemmConfiguration(datatype='f32', g=1, m=93, k=125, n=7, o=81, trans_a=False, trans_b=True, trans_c=False, trans_o=True, arch='gfx1100', chip='gfx1100', num_cu=70, num_chiplets=1, perfconfig='attn:v1:32,32,32,1,1,1,0,2,1,4,2')
----------------------------------------------------------------------------------------------------
PASS: GemmGemmConfiguration(datatype='f32', g=2, m=26, k=117, n=69, o=94, trans_a=True, trans_b=False, trans_c=True, trans_o=False, arch='gfx1100', chip='gfx1100', num_cu=70, num_chiplets=1, perfconfig='attn:v1:64,16,64,1,1,1,0,1,1,2,8')
Lowering rejected config as not applicable
Command line = -operation gemm_gemm -t bf16 --arch gfx1100 --num_cu 70 --num_chiplets 1 -g 2 -m 98 -k 89 -n 101 -gemmO 26 -transA=False -transB=True -transC=False -transO=False --perf_config=attn:v1:32,16,16,1,1,4,32,3,2,2,4 -pv -RMS_threshold 1e-2
Errors = loc("<stdin>":16:10): error: Fusion with SplitK perfConfig is not legal
Lowering not applicable.

----------------------------------------------------------------------------------------------------
NOT_APPLICABLE: GemmGemmConfiguration(datatype='bf16', g=2, m=98, k=89, n=101, o=26, trans_a=False, trans_b=True, trans_c=False, trans_o=False, arch='gfx1100', chip='gfx1100', num_cu=70, num_chiplets=1, perfconfig='attn:v1:32,16,16,1,1,4,32,3,2,2,4')
Lowering rejected config as not applicable
Command line = -operation gemm_gemm -t bf16 --arch gfx1100 --num_cu 70 --num_chiplets 1 -g 2 -m 56 -k 69 -n 71 -gemmO 28 -transA=True -transB=True -transC=False -transO=True --perf_config=attn:v1:128,32,64,1,1,2,16,3,2,0,1 -pv -RMS_threshold 1e-2
Errors = loc("<stdin>":16:10): error: Fusion with SplitK perfConfig is not legal
Lowering not applicable.

----------------------------------------------------------------------------------------------------
NOT_APPLICABLE: GemmGemmConfiguration(datatype='bf16', g=2, m=56, k=69, n=71, o=28, trans_a=True, trans_b=True, trans_c=False, trans_o=True, arch='gfx1100', chip='gfx1100', num_cu=70, num_chiplets=1, perfconfig='attn:v1:128,32,64,1,1,2,16,3,2,0,1')
Lowering rejected config as not applicable
Command line = -operation gemm_gemm -t bf16 --arch gfx1100 --num_cu 70 --num_chiplets 1 -g 1 -m 100 -k 16 -n 114 -gemmO 88 -transA=False -transB=False -transC=False -transO=False --perf_config=attn:v1:256,32,32,1,1,4,32,4,3,4,1 -pv -RMS_threshold 1e-2
Errors = loc("<stdin>":16:10): error: Fusion with SplitK perfConfig is not legal
Lowering not applicable.

----------------------------------------------------------------------------------------------------
NOT_APPLICABLE: GemmGemmConfiguration(datatype='bf16', g=1, m=100, k=16, n=114, o=88, trans_a=False, trans_b=False, trans_c=False, trans_o=False, arch='gfx1100', chip='gfx1100', num_cu=70, num_chiplets=1, perfconfig='attn:v1:256,32,32,1,1,4,32,4,3,4,1')
Lowering rejected config as not applicable
Command line = -operation gemm_gemm -t f16 --arch gfx1100 --num_cu 70 --num_chiplets 1 -g 1 -m 19 -k 31 -n 52 -gemmO 114 -transA=True -transB=False -transC=False -transO=False --perf_config=attn:v1:16,64,32,1,1,2,0,4,2,2,0 -pv
Errors = loc("<stdin>":16:10): error: Fusion with SplitK perfConfig is not legal
Lowering not applicable.

----------------------------------------------------------------------------------------------------
NOT_APPLICABLE: GemmGemmConfiguration(datatype='f16', g=1, m=19, k=31, n=52, o=114, trans_a=True, trans_b=False, trans_c=False, trans_o=False, arch='gfx1100', chip='gfx1100', num_cu=70, num_chiplets=1, perfconfig='attn:v1:16,64,32,1,1,2,0,4,2,2,0')
----------------------------------------------------------------------------------------------------
PASS: GemmGemmConfiguration(datatype='f32', g=1, m=99, k=78, n=11, o=121, trans_a=True, trans_b=True, trans_c=False, trans_o=False, arch='gfx1100', chip='gfx1100', num_cu=70, num_chiplets=1, perfconfig='attn:v1:32,16,128,2,1,2,16,3,1,0,1')
----------------------------------------------------------------------------------------------------
PASS: GemmGemmConfiguration(datatype='f32', g=2, m=94, k=53, n=47, o=103, trans_a=False, trans_b=True, trans_c=False, trans_o=True, arch='gfx1100', chip='gfx1100', num_cu=70, num_chiplets=1, perfconfig='attn:v1:128,32,32,1,1,8,0,3,3,2,2')
----------------------------------------------------------------------------------------------------
PASS: GemmGemmConfiguration(datatype='f32', g=2, m=106, k=105, n=68, o=13, trans_a=False, trans_b=False, trans_c=True, trans_o=False, arch='gfx1100', chip='gfx1100', num_cu=70, num_chiplets=1, perfconfig='attn:v1:128,128,64,2,1,4,32,2,2,1,2')
----------------------------------------------------------------------------------------------------
PASS: GemmGemmConfiguration(datatype='f32', g=2, m=56, k=83, n=73, o=108, trans_a=False, trans_b=True, trans_c=True, trans_o=True, arch='gfx1100', chip='gfx1100', num_cu=70, num_chiplets=1, perfconfig='attn:v1:128,128,128,2,1,8,16,3,3,0,4')
Lowering rejected config as not applicable
Command line = -operation gemm_gemm -t f16 --arch gfx1100 --num_cu 70 --num_chiplets 1 -g 2 -m 55 -k 72 -n 66 -gemmO 39 -transA=True -transB=False -transC=False -transO=True --perf_config=attn:v1:32,128,32,1,1,4,16,4,2,8,2 -pv
Errors = loc("<stdin>":16:10): error: Fusion with SplitK perfConfig is not legal
Lowering not applicable.

----------------------------------------------------------------------------------------------------
NOT_APPLICABLE: GemmGemmConfiguration(datatype='f16', g=2, m=55, k=72, n=66, o=39, trans_a=True, trans_b=False, trans_c=False, trans_o=True, arch='gfx1100', chip='gfx1100', num_cu=70, num_chiplets=1, perfconfig='attn:v1:32,128,32,1,1,4,16,4,2,8,2')
Lowering rejected config as not applicable
Command line = -operation gemm_gemm -t f16 --arch gfx1100 --num_cu 70 --num_chiplets 1 -g 2 -m 88 -k 85 -n 51 -gemmO 105 -transA=True -transB=True -transC=False -transO=True --perf_config=attn:v1:256,256,16,1,1,2,16,4,1,4,4 -pv
Errors = loc("<stdin>":16:10): error: Fusion with SplitK perfConfig is not legal
Lowering not applicable.

----------------------------------------------------------------------------------------------------
NOT_APPLICABLE: GemmGemmConfiguration(datatype='f16', g=2, m=88, k=85, n=51, o=105, trans_a=True, trans_b=True, trans_c=False, trans_o=True, arch='gfx1100', chip='gfx1100', num_cu=70, num_chiplets=1, perfconfig='attn:v1:256,256,16,1,1,2,16,4,1,4,4')
Lowering rejected config as not applicable
Command line = -operation gemm_gemm -t bf16 --arch gfx1100 --num_cu 70 --num_chiplets 1 -g 1 -m 58 -k 14 -n 115 -gemmO 55 -transA=False -transB=True -transC=True -transO=True --perf_config=attn:v1:256,256,32,1,1,1,0,3,3,1,8 -pv -RMS_threshold 1e-2
Errors = loc("<stdin>":15:10): error: Fusion with SplitK perfConfig is not legal
Lowering not applicable.

----------------------------------------------------------------------------------------------------
NOT_APPLICABLE: GemmGemmConfiguration(datatype='bf16', g=1, m=58, k=14, n=115, o=55, trans_a=False, trans_b=True, trans_c=True, trans_o=True, arch='gfx1100', chip='gfx1100', num_cu=70, num_chiplets=1, perfconfig='attn:v1:256,256,32,1,1,1,0,3,3,1,8')
Lowering rejected config as not applicable
Command line = -operation gemm_gemm -t bf16 --arch gfx1100 --num_cu 70 --num_chiplets 1 -g 2 -m 79 -k 5 -n 106 -gemmO 3 -transA=True -transB=False -transC=True -transO=False --perf_config=attn:v1:256,32,16,2,1,4,0,4,3,0,8 -pv -RMS_threshold 1e-2
Errors = loc("<stdin>":16:10): error: Fusion with SplitK perfConfig is not legal
Lowering not applicable.

----------------------------------------------------------------------------------------------------
NOT_APPLICABLE: GemmGemmConfiguration(datatype='bf16', g=2, m=79, k=5, n=106, o=3, trans_a=True, trans_b=False, trans_c=True, trans_o=False, arch='gfx1100', chip='gfx1100', num_cu=70, num_chiplets=1, perfconfig='attn:v1:256,32,16,2,1,4,0,4,3,0,8')
Lowering rejected config as not applicable
Command line = -operation gemm_gemm -t f32 --arch gfx1100 --num_cu 70 --num_chiplets 1 -g 2 -m 119 -k 99 -n 62 -gemmO 41 -transA=False -transB=False -transC=False -transO=False --perf_config=attn:v1:256,256,64,2,1,16,0,3,1,8,8 -pv -relDiff_threshold 1e-4
Errors = loc("<stdin>":10:1): error: ttg.shared (262144) exceeds LDS limit (65536) for amdgcn-amd-amdhsa:gfx1100
Lowering not applicable.

----------------------------------------------------------------------------------------------------
NOT_APPLICABLE: GemmGemmConfiguration(datatype='f32', g=2, m=119, k=99, n=62, o=41, trans_a=False, trans_b=False, trans_c=False, trans_o=False, arch='gfx1100', chip='gfx1100', num_cu=70, num_chiplets=1, perfconfig='attn:v1:256,256,64,2,1,16,0,3,1,8,8')
Lowering rejected config as not applicable
Command line = -operation gemm_gemm -t f32 --arch gfx1100 --num_cu 70 --num_chiplets 1 -g 1 -m 63 -k 39 -n 25 -gemmO 7 -transA=False -transB=False -transC=True -transO=False --perf_config=attn:v1:256,128,128,1,1,2,0,4,3,8,0 -pv -relDiff_threshold 1e-4
Errors = loc("<stdin>":9:1): error: ttg.shared (131072) exceeds LDS limit (65536) for amdgcn-amd-amdhsa:gfx1100
Lowering not applicable.

----------------------------------------------------------------------------------------------------
NOT_APPLICABLE: GemmGemmConfiguration(datatype='f32', g=1, m=63, k=39, n=25, o=7, trans_a=False, trans_b=False, trans_c=True, trans_o=False, arch='gfx1100', chip='gfx1100', num_cu=70, num_chiplets=1, perfconfig='attn:v1:256,128,128,1,1,2,0,4,3,8,0')
Lowering rejected config as not applicable
Command line = -operation gemm_gemm -t f32 --arch gfx1100 --num_cu 70 --num_chiplets 1 -g 2 -m 70 -k 60 -n 28 -gemmO 124 -transA=True -transB=False -transC=True -transO=False --perf_config=attn:v1:128,256,32,2,1,2,0,4,2,0,0 -pv -relDiff_threshold 1e-4
Errors = loc("<stdin>":10:1): error: ttg.shared (131072) exceeds LDS limit (65536) for amdgcn-amd-amdhsa:gfx1100
Lowering not applicable.

----------------------------------------------------------------------------------------------------
NOT_APPLICABLE: GemmGemmConfiguration(datatype='f32', g=2, m=70, k=60, n=28, o=124, trans_a=True, trans_b=False, trans_c=True, trans_o=False, arch='gfx1100', chip='gfx1100', num_cu=70, num_chiplets=1, perfconfig='attn:v1:128,256,32,2,1,2,0,4,2,0,0')
----------------------------------------------------------------------------------------------------
PASS: GemmGemmConfiguration(datatype='f16', g=1, m=13, k=114, n=104, o=99, trans_a=True, trans_b=False, trans_c=True, trans_o=True, arch='gfx1100', chip='gfx1100', num_cu=70, num_chiplets=1, perfconfig='attn:v1:32,128,128,1,1,1,16,1,2,0,2')
Lowering rejected config as not applicable
Command line = -operation gemm_gemm -t f16 --arch gfx1100 --num_cu 70 --num_chiplets 1 -g 2 -m 53 -k 21 -n 124 -gemmO 116 -transA=False -transB=False -transC=False -transO=True --perf_config=attn:v1:16,32,64,1,1,4,16,4,3,4,4 -pv
Errors = loc("<stdin>":16:10): error: Fusion with SplitK perfConfig is not legal
Lowering not applicable.

----------------------------------------------------------------------------------------------------
NOT_APPLICABLE: GemmGemmConfiguration(datatype='f16', g=2, m=53, k=21, n=124, o=116, trans_a=False, trans_b=False, trans_c=False, trans_o=True, arch='gfx1100', chip='gfx1100', num_cu=70, num_chiplets=1, perfconfig='attn:v1:16,32,64,1,1,4,16,4,3,4,4')
Lowering rejected config as not applicable
Command line = -operation gemm_gemm -t f16 --arch gfx1100 --num_cu 70 --num_chiplets 1 -g 1 -m 67 -k 33 -n 72 -gemmO 120 -transA=True -transB=False -transC=False -transO=False --perf_config=attn:v1:256,16,16,1,1,16,32,4,1,2,1 -pv
Errors = loc("<stdin>":16:10): error: Fusion with SplitK perfConfig is not legal
Lowering not applicable.

----------------------------------------------------------------------------------------------------
NOT_APPLICABLE: GemmGemmConfiguration(datatype='f16', g=1, m=67, k=33, n=72, o=120, trans_a=True, trans_b=False, trans_c=False, trans_o=False, arch='gfx1100', chip='gfx1100', num_cu=70, num_chiplets=1, perfconfig='attn:v1:256,16,16,1,1,16,32,4,1,2,1')
Lowering rejected config as not applicable
Command line = -operation gemm_gemm -t f16 --arch gfx1100 --num_cu 70 --num_chiplets 1 -g 1 -m 88 -k 37 -n 52 -gemmO 94 -transA=False -transB=True -transC=False -transO=True --perf_config=attn:v1:32,64,32,1,1,2,16,4,1,0,1 -pv
Errors = loc("<stdin>":15:10): error: Fusion with SplitK perfConfig is not legal
Lowering not applicable.

----------------------------------------------------------------------------------------------------
NOT_APPLICABLE: GemmGemmConfiguration(datatype='f16', g=1, m=88, k=37, n=52, o=94, trans_a=False, trans_b=True, trans_c=False, trans_o=True, arch='gfx1100', chip='gfx1100', num_cu=70, num_chiplets=1, perfconfig='attn:v1:32,64,32,1,1,2,16,4,1,0,1')
Lowering rejected config as not applicable
Command line = -operation gemm_gemm -t f16 --arch gfx1100 --num_cu 70 --num_chiplets 1 -g 1 -m 65 -k 93 -n 38 -gemmO 127 -transA=True -transB=True -transC=False -transO=False --perf_config=attn:v1:128,32,16,2,1,2,0,4,1,8,8 -pv
Errors = loc("<stdin>":16:10): error: Fusion with SplitK perfConfig is not legal
Lowering not applicable.

----------------------------------------------------------------------------------------------------
NOT_APPLICABLE: GemmGemmConfiguration(datatype='f16', g=1, m=65, k=93, n=38, o=127, trans_a=True, trans_b=True, trans_c=False, trans_o=False, arch='gfx1100', chip='gfx1100', num_cu=70, num_chiplets=1, perfconfig='attn:v1:128,32,16,2,1,2,0,4,1,8,8')
Lowering rejected config as not applicable
Command line = -operation gemm_gemm -t f32 --arch gfx1100 --num_cu 70 --num_chiplets 1 -g 2 -m 109 -k 86 -n 96 -gemmO 16 -transA=False -transB=True -transC=True -transO=False --perf_config=attn:v1:64,256,64,1,1,16,32,1,2,4,4 -pv -relDiff_threshold 1e-4
Errors = loc("<stdin>":10:1): error: ttg.shared (81920) exceeds LDS limit (65536) for amdgcn-amd-amdhsa:gfx1100
Lowering not applicable.

----------------------------------------------------------------------------------------------------
NOT_APPLICABLE: GemmGemmConfiguration(datatype='f32', g=2, m=109, k=86, n=96, o=16, trans_a=False, trans_b=True, trans_c=True, trans_o=False, arch='gfx1100', chip='gfx1100', num_cu=70, num_chiplets=1, perfconfig='attn:v1:64,256,64,1,1,16,32,1,2,4,4')
----------------------------------------------------------------------------------------------------
PASS: GemmGemmConfiguration(datatype='f32', g=2, m=54, k=67, n=5, o=20, trans_a=False, trans_b=True, trans_c=False, trans_o=True, arch='gfx1100', chip='gfx1100', num_cu=70, num_chiplets=1, perfconfig='attn:v1:32,32,64,2,1,16,32,1,1,0,1')
----------------------------------------------------------------------------------------------------
PASS: GemmGemmConfiguration(datatype='f32', g=2, m=32, k=111, n=26, o=121, trans_a=False, trans_b=True, trans_c=False, trans_o=True, arch='gfx1100', chip='gfx1100', num_cu=70, num_chiplets=1, perfconfig='attn:v1:16,32,128,1,1,8,16,2,3,0,0')
----------------------------------------------------------------------------------------------------
PASS: GemmGemmConfiguration(datatype='bf16', g=2, m=37, k=11, n=24, o=90, trans_a=True, trans_b=False, trans_c=False, trans_o=True, arch='gfx1100', chip='gfx1100', num_cu=70, num_chiplets=1, perfconfig='attn:v1:128,32,16,2,1,8,0,1,3,8,2')
Lowering rejected config as not applicable
Command line = -operation gemm_gemm -t f16 --arch gfx1100 --num_cu 70 --num_chiplets 1 -g 1 -m 15 -k 85 -n 101 -gemmO 77 -transA=False -transB=True -transC=False -transO=False --perf_config=attn:v1:32,128,64,1,1,1,16,4,1,0,0 -pv
Errors = loc("<stdin>":15:10): error: Fusion with SplitK perfConfig is not legal
Lowering not applicable.

----------------------------------------------------------------------------------------------------
NOT_APPLICABLE: GemmGemmConfiguration(datatype='f16', g=1, m=15, k=85, n=101, o=77, trans_a=False, trans_b=True, trans_c=False, trans_o=False, arch='gfx1100', chip='gfx1100', num_cu=70, num_chiplets=1, perfconfig='attn:v1:32,128,64,1,1,1,16,4,1,0,0')
Lowering rejected config as not applicable
Command line = -operation gemm_gemm -t bf16 --arch gfx1100 --num_cu 70 --num_chiplets 1 -g 1 -m 13 -k 20 -n 5 -gemmO 102 -transA=False -transB=True -transC=False -transO=False --perf_config=attn:v1:64,64,16,1,1,2,0,2,3,1,1 -pv -RMS_threshold 1e-2
Errors = loc("<stdin>":15:10): error: Fusion with SplitK perfConfig is not legal
Lowering not applicable.

----------------------------------------------------------------------------------------------------
NOT_APPLICABLE: GemmGemmConfiguration(datatype='bf16', g=1, m=13, k=20, n=5, o=102, trans_a=False, trans_b=True, trans_c=False, trans_o=False, arch='gfx1100', chip='gfx1100', num_cu=70, num_chiplets=1, perfconfig='attn:v1:64,64,16,1,1,2,0,2,3,1,1')
Lowering rejected config as not applicable
Command line = -operation gemm_gemm -t bf16 --arch gfx1100 --num_cu 70 --num_chiplets 1 -g 1 -m 67 -k 8 -n 28 -gemmO 75 -transA=True -transB=False -transC=True -transO=False --perf_config=attn:v1:32,256,64,1,1,2,16,2,3,0,0 -pv -RMS_threshold 1e-2
Errors = loc("<stdin>":15:10): error: Fusion with SplitK perfConfig is not legal
Lowering not applicable.

----------------------------------------------------------------------------------------------------
NOT_APPLICABLE: GemmGemmConfiguration(datatype='bf16', g=1, m=67, k=8, n=28, o=75, trans_a=True, trans_b=False, trans_c=True, trans_o=False, arch='gfx1100', chip='gfx1100', num_cu=70, num_chiplets=1, perfconfig='attn:v1:32,256,64,1,1,2,16,2,3,0,0')
Lowering rejected config as not applicable
Command line = -operation gemm_gemm -t f16 --arch gfx1100 --num_cu 70 --num_chiplets 1 -g 1 -m 61 -k 52 -n 90 -gemmO 93 -transA=False -transB=False -transC=True -transO=True --perf_config=attn:v1:128,16,16,1,1,4,0,2,1,8,0 -pv
Errors = loc("<stdin>":15:10): error: Fusion with SplitK perfConfig is not legal
Lowering not applicable.

----------------------------------------------------------------------------------------------------
NOT_APPLICABLE: GemmGemmConfiguration(datatype='f16', g=1, m=61, k=52, n=90, o=93, trans_a=False, trans_b=False, trans_c=True, trans_o=True, arch='gfx1100', chip='gfx1100', num_cu=70, num_chiplets=1, perfconfig='attn:v1:128,16,16,1,1,4,0,2,1,8,0')
Lowering rejected config as not applicable
Command line = -operation gemm_gemm -t f32 --arch gfx1100 --num_cu 70 --num_chiplets 1 -g 1 -m 31 -k 4 -n 73 -gemmO 4 -transA=False -transB=False -transC=False -transO=False --perf_config=attn:v1:32,256,128,1,1,8,0,2,1,2,4 -pv -relDiff_threshold 1e-4
Errors = loc("<stdin>":9:1): error: ttg.shared (131072) exceeds LDS limit (65536) for amdgcn-amd-amdhsa:gfx1100
Lowering not applicable.

----------------------------------------------------------------------------------------------------
NOT_APPLICABLE: GemmGemmConfiguration(datatype='f32', g=1, m=31, k=4, n=73, o=4, trans_a=False, trans_b=False, trans_c=False, trans_o=False, arch='gfx1100', chip='gfx1100', num_cu=70, num_chiplets=1, perfconfig='attn:v1:32,256,128,1,1,8,0,2,1,2,4')
----------------------------------------------------------------------------------------------------
PASS: GemmGemmConfiguration(datatype='f32', g=2, m=36, k=94, n=91, o=110, trans_a=False, trans_b=False, trans_c=True, trans_o=False, arch='gfx1100', chip='gfx1100', num_cu=70, num_chiplets=1, perfconfig='attn:v1:16,16,64,2,1,8,0,1,2,4,2')
----------------------------------------------------------------------------------------------------
PASS: GemmGemmConfiguration(datatype='f16', g=2, m=10, k=67, n=107, o=91, trans_a=False, trans_b=False, trans_c=True, trans_o=True, arch='gfx1100', chip='gfx1100', num_cu=70, num_chiplets=1, perfconfig='attn:v1:32,32,16,2,1,1,32,1,2,8,8')
----------------------------------------------------------------------------------------------------
PASS: GemmGemmConfiguration(datatype='f16', g=1, m=63, k=110, n=70, o=22, trans_a=True, trans_b=False, trans_c=True, trans_o=True, arch='gfx1100', chip='gfx1100', num_cu=70, num_chiplets=1, perfconfig='attn:v1:128,128,128,2,1,16,32,1,1,8,1')
Lowering rejected config as not applicable
Command line = -operation gemm_gemm -t f16 --arch gfx1100 --num_cu 70 --num_chiplets 1 -g 2 -m 126 -k 105 -n 107 -gemmO 97 -transA=True -transB=True -transC=True -transO=False --perf_config=attn:v1:64,64,32,2,1,4,16,4,2,2,8 -pv
Errors = loc("<stdin>":16:10): error: Fusion with SplitK perfConfig is not legal
Lowering not applicable.

----------------------------------------------------------------------------------------------------
NOT_APPLICABLE: GemmGemmConfiguration(datatype='f16', g=2, m=126, k=105, n=107, o=97, trans_a=True, trans_b=True, trans_c=True, trans_o=False, arch='gfx1100', chip='gfx1100', num_cu=70, num_chiplets=1, perfconfig='attn:v1:64,64,32,2,1,4,16,4,2,2,8')
Lowering rejected config as not applicable
Command line = -operation gemm_gemm -t bf16 --arch gfx1100 --num_cu 70 --num_chiplets 1 -g 1 -m 66 -k 111 -n 91 -gemmO 5 -transA=True -transB=True -transC=True -transO=True --perf_config=attn:v1:128,128,64,1,1,1,16,3,3,2,2 -pv -RMS_threshold 1e-2
Errors = loc("<stdin>":16:10): error: Fusion with SplitK perfConfig is not legal
Lowering not applicable.

----------------------------------------------------------------------------------------------------
NOT_APPLICABLE: GemmGemmConfiguration(datatype='bf16', g=1, m=66, k=111, n=91, o=5, trans_a=True, trans_b=True, trans_c=True, trans_o=True, arch='gfx1100', chip='gfx1100', num_cu=70, num_chiplets=1, perfconfig='attn:v1:128,128,64,1,1,1,16,3,3,2,2')
Lowering rejected config as not applicable
Command line = -operation gemm_gemm -t bf16 --arch gfx1100 --num_cu 70 --num_chiplets 1 -g 1 -m 91 -k 72 -n 103 -gemmO 95 -transA=False -transB=False -transC=False -transO=False --perf_config=attn:v1:32,64,64,2,1,8,32,3,2,1,8 -pv -RMS_threshold 1e-2
Errors = loc("<stdin>":16:10): error: Fusion with SplitK perfConfig is not legal
Lowering not applicable.

----------------------------------------------------------------------------------------------------
NOT_APPLICABLE: GemmGemmConfiguration(datatype='bf16', g=1, m=91, k=72, n=103, o=95, trans_a=False, trans_b=False, trans_c=False, trans_o=False, arch='gfx1100', chip='gfx1100', num_cu=70, num_chiplets=1, perfconfig='attn:v1:32,64,64,2,1,8,32,3,2,1,8')
Lowering rejected config as not applicable
Command line = -operation gemm_gemm -t f16 --arch gfx1100 --num_cu 70 --num_chiplets 1 -g 2 -m 89 -k 72 -n 98 -gemmO 45 -transA=True -transB=True -transC=True -transO=True --perf_config=attn:v1:256,64,64,2,1,8,32,3,1,0,8 -pv
Errors = loc("<stdin>":16:10): error: Fusion with SplitK perfConfig is not legal
Lowering not applicable.

----------------------------------------------------------------------------------------------------
NOT_APPLICABLE: GemmGemmConfiguration(datatype='f16', g=2, m=89, k=72, n=98, o=45, trans_a=True, trans_b=True, trans_c=True, trans_o=True, arch='gfx1100', chip='gfx1100', num_cu=70, num_chiplets=1, perfconfig='attn:v1:256,64,64,2,1,8,32,3,1,0,8')
Lowering rejected config as not applicable
Command line = -operation gemm_gemm -t bf16 --arch gfx1100 --num_cu 70 --num_chiplets 1 -g 2 -m 78 -k 28 -n 4 -gemmO 3 -transA=True -transB=True -transC=True -transO=True --perf_config=attn:v1:128,64,16,1,1,1,32,2,1,1,2 -pv -RMS_threshold 1e-2
Errors = loc("<stdin>":16:10): error: Fusion with SplitK perfConfig is not legal
Lowering not applicable.

----------------------------------------------------------------------------------------------------
NOT_APPLICABLE: GemmGemmConfiguration(datatype='bf16', g=2, m=78, k=28, n=4, o=3, trans_a=True, trans_b=True, trans_c=True, trans_o=True, arch='gfx1100', chip='gfx1100', num_cu=70, num_chiplets=1, perfconfig='attn:v1:128,64,16,1,1,1,32,2,1,1,2')
Lowering rejected config as not applicable
Command line = -operation gemm_gemm -t bf16 --arch gfx1100 --num_cu 70 --num_chiplets 1 -g 2 -m 55 -k 5 -n 102 -gemmO 35 -transA=True -transB=True -transC=True -transO=True --perf_config=attn:v1:128,64,32,2,1,1,32,2,2,8,0 -pv -RMS_threshold 1e-2
Errors = loc("<stdin>":16:10): error: Fusion with SplitK perfConfig is not legal
Lowering not applicable.

----------------------------------------------------------------------------------------------------
NOT_APPLICABLE: GemmGemmConfiguration(datatype='bf16', g=2, m=55, k=5, n=102, o=35, trans_a=True, trans_b=True, trans_c=True, trans_o=True, arch='gfx1100', chip='gfx1100', num_cu=70, num_chiplets=1, perfconfig='attn:v1:128,64,32,2,1,1,32,2,2,8,0')
----------------------------------------------------------------------------------------------------
PASS: GemmGemmConfiguration(datatype='f32', g=1, m=57, k=34, n=118, o=41, trans_a=False, trans_b=False, trans_c=False, trans_o=False, arch='gfx1100', chip='gfx1100', num_cu=70, num_chiplets=1, perfconfig='attn:v1:32,32,16,1,1,8,16,2,1,4,8')
----------------------------------------------------------------------------------------------------
PASS: GemmGemmConfiguration(datatype='f32', g=1, m=99, k=36, n=77, o=128, trans_a=False, trans_b=False, trans_c=False, trans_o=False, arch='gfx1100', chip='gfx1100', num_cu=70, num_chiplets=1, perfconfig='attn:v1:256,32,64,2,1,1,0,2,2,1,2')
Lowering rejected config as not applicable
Command line = -operation gemm_gemm -t f16 --arch gfx1100 --num_cu 70 --num_chiplets 1 -g 1 -m 15 -k 67 -n 9 -gemmO 63 -transA=False -transB=False -transC=True -transO=False --perf_config=attn:v1:128,32,32,2,1,1,0,2,3,2,4 -pv
Errors = loc("<stdin>":15:10): error: Fusion with SplitK perfConfig is not legal
Lowering not applicable.

----------------------------------------------------------------------------------------------------
NOT_APPLICABLE: GemmGemmConfiguration(datatype='f16', g=1, m=15, k=67, n=9, o=63, trans_a=False, trans_b=False, trans_c=True, trans_o=False, arch='gfx1100', chip='gfx1100', num_cu=70, num_chiplets=1, perfconfig='attn:v1:128,32,32,2,1,1,0,2,3,2,4')
Lowering rejected config as not applicable
Command line = -operation gemm_gemm -t f16 --arch gfx1100 --num_cu 70 --num_chiplets 1 -g 2 -m 69 -k 66 -n 76 -gemmO 64 -transA=True -transB=True -transC=True -transO=False --perf_config=attn:v1:32,256,128,1,1,4,0,2,1,4,4 -pv
Errors = loc("<stdin>":16:10): error: Fusion with SplitK perfConfig is not legal
Lowering not applicable.

----------------------------------------------------------------------------------------------------
NOT_APPLICABLE: GemmGemmConfiguration(datatype='f16', g=2, m=69, k=66, n=76, o=64, trans_a=True, trans_b=True, trans_c=True, trans_o=False, arch='gfx1100', chip='gfx1100', num_cu=70, num_chiplets=1, perfconfig='attn:v1:32,256,128,1,1,4,0,2,1,4,4')
Lowering rejected config as not applicable
Command line = -operation gemm_gemm -t bf16 --arch gfx1100 --num_cu 70 --num_chiplets 1 -g 1 -m 102 -k 90 -n 14 -gemmO 40 -transA=True -transB=True -transC=False -transO=False --perf_config=attn:v1:128,32,16,1,1,16,16,4,1,2,1 -pv -RMS_threshold 1e-2
Errors = loc("<stdin>":16:10): error: Fusion with SplitK perfConfig is not legal
Lowering not applicable.

----------------------------------------------------------------------------------------------------
NOT_APPLICABLE: GemmGemmConfiguration(datatype='bf16', g=1, m=102, k=90, n=14, o=40, trans_a=True, trans_b=True, trans_c=False, trans_o=False, arch='gfx1100', chip='gfx1100', num_cu=70, num_chiplets=1, perfconfig='attn:v1:128,32,16,1,1,16,16,4,1,2,1')
Lowering rejected config as not applicable
Command line = -operation gemm_gemm -t f32 --arch gfx1100 --num_cu 70 --num_chiplets 1 -g 2 -m 114 -k 27 -n 14 -gemmO 68 -transA=False -transB=True -transC=True -transO=False --perf_config=attn:v1:16,256,128,1,1,16,0,1,1,8,8 -pv -relDiff_threshold 1e-4
Errors = loc("<stdin>":10:1): error: ttg.shared (131072) exceeds LDS limit (65536) for amdgcn-amd-amdhsa:gfx1100
Lowering not applicable.

----------------------------------------------------------------------------------------------------
NOT_APPLICABLE: GemmGemmConfiguration(datatype='f32', g=2, m=114, k=27, n=14, o=68, trans_a=False, trans_b=True, trans_c=True, trans_o=False, arch='gfx1100', chip='gfx1100', num_cu=70, num_chiplets=1, perfconfig='attn:v1:16,256,128,1,1,16,0,1,1,8,8')
----------------------------------------------------------------------------------------------------
PASS: GemmGemmConfiguration(datatype='f32', g=2, m=77, k=61, n=8, o=17, trans_a=False, trans_b=True, trans_c=True, trans_o=False, arch='gfx1100', chip='gfx1100', num_cu=70, num_chiplets=1, perfconfig='attn:v1:16,16,64,1,1,8,16,1,3,1,1')
----------------------------------------------------------------------------------------------------
PASS: GemmGemmConfiguration(datatype='bf16', g=2, m=120, k=95, n=70, o=64, trans_a=True, trans_b=False, trans_c=True, trans_o=True, arch='gfx1100', chip='gfx1100', num_cu=70, num_chiplets=1, perfconfig='attn:v1:16,64,16,1,1,2,32,1,2,8,0')
----------------------------------------------------------------------------------------------------
PASS: GemmGemmConfiguration(datatype='f32', g=2, m=71, k=26, n=112, o=28, trans_a=False, trans_b=True, trans_c=True, trans_o=False, arch='gfx1100', chip='gfx1100', num_cu=70, num_chiplets=1, perfconfig='attn:v1:128,32,128,2,1,2,16,2,3,8,8')
----------------------------------------------------------------------------------------------------
PASS: GemmGemmConfiguration(datatype='f32', g=2, m=109, k=100, n=106, o=92, trans_a=True, trans_b=False, trans_c=True, trans_o=True, arch='gfx1100', chip='gfx1100', num_cu=70, num_chiplets=1, perfconfig='attn:v1:256,32,16,1,1,2,32,4,3,1,0')
Lowering rejected config as not applicable
Command line = -operation gemm_gemm -t f16 --arch gfx1100 --num_cu 70 --num_chiplets 1 -g 2 -m 39 -k 106 -n 10 -gemmO 110 -transA=False -transB=True -transC=True -transO=False --perf_config=attn:v1:128,64,128,1,1,1,0,2,2,2,2 -pv
Errors = loc("<stdin>":16:10): error: Fusion with SplitK perfConfig is not legal
Lowering not applicable.

----------------------------------------------------------------------------------------------------
NOT_APPLICABLE: GemmGemmConfiguration(datatype='f16', g=2, m=39, k=106, n=10, o=110, trans_a=False, trans_b=True, trans_c=True, trans_o=False, arch='gfx1100', chip='gfx1100', num_cu=70, num_chiplets=1, perfconfig='attn:v1:128,64,128,1,1,1,0,2,2,2,2')
Lowering rejected config as not applicable
Command line = -operation gemm_gemm -t f32 --arch gfx1100 --num_cu 70 --num_chiplets 1 -g 2 -m 49 -k 61 -n 12 -gemmO 5 -transA=True -transB=False -transC=True -transO=False --perf_config=attn:v1:64,256,32,2,1,8,0,1,3,2,1 -pv -relDiff_threshold 1e-4
Errors = loc("<stdin>":10:1): error: ttg.shared (81920) exceeds LDS limit (65536) for amdgcn-amd-amdhsa:gfx1100
Lowering not applicable.

----------------------------------------------------------------------------------------------------
NOT_APPLICABLE: GemmGemmConfiguration(datatype='f32', g=2, m=49, k=61, n=12, o=5, trans_a=True, trans_b=False, trans_c=True, trans_o=False, arch='gfx1100', chip='gfx1100', num_cu=70, num_chiplets=1, perfconfig='attn:v1:64,256,32,2,1,8,0,1,3,2,1')
----------------------------------------------------------------------------------------------------
PASS: GemmGemmConfiguration(datatype='bf16', g=1, m=48, k=63, n=1, o=4, trans_a=True, trans_b=False, trans_c=False, trans_o=True, arch='gfx1100', chip='gfx1100', num_cu=70, num_chiplets=1, perfconfig='attn:v1:16,128,32,1,1,4,16,1,2,1,0')
----------------------------------------------------------------------------------------------------
PASS: GemmGemmConfiguration(datatype='f32', g=2, m=77, k=123, n=102, o=11, trans_a=True, trans_b=False, trans_c=False, trans_o=True, arch='gfx1100', chip='gfx1100', num_cu=70, num_chiplets=1, perfconfig='attn:v1:128,16,16,1,1,8,16,1,1,0,2')
----------------------------------------------------------------------------------------------------
PASS: GemmGemmConfiguration(datatype='bf16', g=1, m=110, k=57, n=112, o=56, trans_a=False, trans_b=False, trans_c=True, trans_o=False, arch='gfx1100', chip='gfx1100', num_cu=70, num_chiplets=1, perfconfig='attn:v1:32,64,64,1,1,2,16,1,1,1,8')
----------------------------------------------------------------------------------------------------
PASS: GemmGemmConfiguration(datatype='bf16', g=2, m=101, k=8, n=51, o=9, trans_a=False, trans_b=False, trans_c=False, trans_o=False, arch='gfx1100', chip='gfx1100', num_cu=70, num_chiplets=1, perfconfig='attn:v1:128,64,64,2,1,4,0,1,1,1,0')
----------------------------------------------------------------------------------------------------
PASS: GemmGemmConfiguration(datatype='f16', g=1, m=65, k=16, n=85, o=106, trans_a=True, trans_b=False, trans_c=False, trans_o=False, arch='gfx1100', chip='gfx1100', num_cu=70, num_chiplets=1, perfconfig='attn:v1:256,128,16,2,1,1,0,1,2,0,2')
----------------------------------------------------------------------------------------------------
PASS: GemmGemmConfiguration(datatype='f32', g=1, m=120, k=42, n=80, o=33, trans_a=True, trans_b=True, trans_c=True, trans_o=True, arch='gfx1100', chip='gfx1100', num_cu=70, num_chiplets=1, perfconfig='attn:v1:64,256,32,2,1,1,32,3,2,4,1')
Lowering rejected config as not applicable
Command line = -operation gemm_gemm -t bf16 --arch gfx1100 --num_cu 70 --num_chiplets 1 -g 1 -m 35 -k 111 -n 70 -gemmO 43 -transA=False -transB=True -transC=False -transO=True --perf_config=attn:v1:64,32,128,1,1,2,16,4,3,0,4 -pv -RMS_threshold 1e-2
Errors = loc("<stdin>":15:10): error: Fusion with SplitK perfConfig is not legal
Lowering not applicable.

----------------------------------------------------------------------------------------------------
NOT_APPLICABLE: GemmGemmConfiguration(datatype='bf16', g=1, m=35, k=111, n=70, o=43, trans_a=False, trans_b=True, trans_c=False, trans_o=True, arch='gfx1100', chip='gfx1100', num_cu=70, num_chiplets=1, perfconfig='attn:v1:64,32,128,1,1,2,16,4,3,0,4')
Lowering rejected config as not applicable
Command line = -operation gemm_gemm -t bf16 --arch gfx1100 --num_cu 70 --num_chiplets 1 -g 2 -m 114 -k 38 -n 68 -gemmO 2 -transA=False -transB=True -transC=False -transO=True --perf_config=attn:v1:128,64,16,1,1,4,16,4,2,4,2 -pv -RMS_threshold 1e-2
Errors = loc("<stdin>":16:10): error: Fusion with SplitK perfConfig is not legal
Lowering not applicable.

----------------------------------------------------------------------------------------------------
NOT_APPLICABLE: GemmGemmConfiguration(datatype='bf16', g=2, m=114, k=38, n=68, o=2, trans_a=False, trans_b=True, trans_c=False, trans_o=True, arch='gfx1100', chip='gfx1100', num_cu=70, num_chiplets=1, perfconfig='attn:v1:128,64,16,1,1,4,16,4,2,4,2')
Lowering rejected config as not applicable
Command line = -operation gemm_gemm -t f16 --arch gfx1100 --num_cu 70 --num_chiplets 1 -g 1 -m 121 -k 90 -n 119 -gemmO 16 -transA=False -transB=True -transC=True -transO=True --perf_config=attn:v1:32,256,128,2,1,1,16,3,2,4,4 -pv
Errors = loc("<stdin>":15:10): error: Fusion with SplitK perfConfig is not legal
Lowering not applicable.

----------------------------------------------------------------------------------------------------
NOT_APPLICABLE: GemmGemmConfiguration(datatype='f16', g=1, m=121, k=90, n=119, o=16, trans_a=False, trans_b=True, trans_c=True, trans_o=True, arch='gfx1100', chip='gfx1100', num_cu=70, num_chiplets=1, perfconfig='attn:v1:32,256,128,2,1,1,16,3,2,4,4')
Lowering rejected config as not applicable
Command line = -operation gemm_gemm -t bf16 --arch gfx1100 --num_cu 70 --num_chiplets 1 -g 1 -m 51 -k 72 -n 93 -gemmO 44 -transA=True -transB=True -transC=True -transO=True --perf_config=attn:v1:128,128,64,2,1,16,0,2,3,0,4 -pv -RMS_threshold 1e-2
Errors = loc("<stdin>":16:10): error: Fusion with SplitK perfConfig is not legal
Lowering not applicable.

----------------------------------------------------------------------------------------------------
NOT_APPLICABLE: GemmGemmConfiguration(datatype='bf16', g=1, m=51, k=72, n=93, o=44, trans_a=True, trans_b=True, trans_c=True, trans_o=True, arch='gfx1100', chip='gfx1100', num_cu=70, num_chiplets=1, perfconfig='attn:v1:128,128,64,2,1,16,0,2,3,0,4')
Lowering rejected config as not applicable
Command line = -operation gemm_gemm -t f32 --arch gfx1100 --num_cu 70 --num_chiplets 1 -g 2 -m 25 -k 125 -n 70 -gemmO 87 -transA=False -transB=True -transC=False -transO=True --perf_config=attn:v1:32,256,32,1,1,16,0,4,1,1,1 -pv -relDiff_threshold 1e-4
Errors = loc("<stdin>":10:1): error: ttg.shared (131072) exceeds LDS limit (65536) for amdgcn-amd-amdhsa:gfx1100
Lowering not applicable.

----------------------------------------------------------------------------------------------------
NOT_APPLICABLE: GemmGemmConfiguration(datatype='f32', g=2, m=25, k=125, n=70, o=87, trans_a=False, trans_b=True, trans_c=False, trans_o=True, arch='gfx1100', chip='gfx1100', num_cu=70, num_chiplets=1, perfconfig='attn:v1:32,256,32,1,1,16,0,4,1,1,1')
----------------------------------------------------------------------------------------------------
PASS: GemmGemmConfiguration(datatype='f32', g=1, m=98, k=103, n=34, o=89, trans_a=False, trans_b=True, trans_c=True, trans_o=True, arch='gfx1100', chip='gfx1100', num_cu=70, num_chiplets=1, perfconfig='attn:v1:64,64,32,2,1,16,32,3,1,2,2')
----------------------------------------------------------------------------------------------------
PASS: GemmGemmConfiguration(datatype='f32', g=1, m=31, k=57, n=1, o=17, trans_a=True, trans_b=False, trans_c=True, trans_o=True, arch='gfx1100', chip='gfx1100', num_cu=70, num_chiplets=1, perfconfig='attn:v1:16,64,64,1,1,2,32,2,2,2,8')
Lowering rejected config as not applicable
Command line = -operation gemm_gemm -t f32 --arch gfx1100 --num_cu 70 --num_chiplets 1 -g 2 -m 74 -k 61 -n 104 -gemmO 23 -transA=False -transB=True -transC=True -transO=True --perf_config=attn:v1:256,256,16,1,1,1,16,2,3,2,2 -pv -relDiff_threshold 1e-4
Errors = loc("<stdin>":10:1): error: ttg.shared (262144) exceeds LDS limit (65536) for amdgcn-amd-amdhsa:gfx1100
Lowering not applicable.

----------------------------------------------------------------------------------------------------
NOT_APPLICABLE: GemmGemmConfiguration(datatype='f32', g=2, m=74, k=61, n=104, o=23, trans_a=False, trans_b=True, trans_c=True, trans_o=True, arch='gfx1100', chip='gfx1100', num_cu=70, num_chiplets=1, perfconfig='attn:v1:256,256,16,1,1,1,16,2,3,2,2')
Lowering rejected config as not applicable
Command line = -operation gemm_gemm -t f16 --arch gfx1100 --num_cu 70 --num_chiplets 1 -g 2 -m 96 -k 125 -n 16 -gemmO 118 -transA=True -transB=False -transC=False -transO=False --perf_config=attn:v1:256,64,128,1,1,4,0,3,3,1,0 -pv
Errors = loc("<stdin>":16:10): error: Fusion with SplitK perfConfig is not legal
Lowering not applicable.

----------------------------------------------------------------------------------------------------
NOT_APPLICABLE: GemmGemmConfiguration(datatype='f16', g=2, m=96, k=125, n=16, o=118, trans_a=True, trans_b=False, trans_c=False, trans_o=False, arch='gfx1100', chip='gfx1100', num_cu=70, num_chiplets=1, perfconfig='attn:v1:256,64,128,1,1,4,0,3,3,1,0')
Lowering rejected config as not applicable
Command line = -operation gemm_gemm -t bf16 --arch gfx1100 --num_cu 70 --num_chiplets 1 -g 2 -m 117 -k 47 -n 118 -gemmO 128 -transA=True -transB=False -transC=False -transO=True --perf_config=attn:v1:32,16,16,1,1,4,32,4,1,4,8 -pv -RMS_threshold 1e-2
Errors = loc("<stdin>":16:10): error: Fusion with SplitK perfConfig is not legal
Lowering not applicable.

----------------------------------------------------------------------------------------------------
NOT_APPLICABLE: GemmGemmConfiguration(datatype='bf16', g=2, m=117, k=47, n=118, o=128, trans_a=True, trans_b=False, trans_c=False, trans_o=True, arch='gfx1100', chip='gfx1100', num_cu=70, num_chiplets=1, perfconfig='attn:v1:32,16,16,1,1,4,32,4,1,4,8')
Lowering rejected config as not applicable
Command line = -operation gemm_gemm -t bf16 --arch gfx1100 --num_cu 70 --num_chiplets 1 -g 1 -m 81 -k 117 -n 38 -gemmO 80 -transA=True -transB=False -transC=False -transO=True --perf_config=attn:v1:64,128,64,2,1,8,32,3,1,1,0 -pv -RMS_threshold 1e-2
Errors = loc("<stdin>":16:10): error: Fusion with SplitK perfConfig is not legal
Lowering not applicable.

----------------------------------------------------------------------------------------------------
NOT_APPLICABLE: GemmGemmConfiguration(datatype='bf16', g=1, m=81, k=117, n=38, o=80, trans_a=True, trans_b=False, trans_c=False, trans_o=True, arch='gfx1100', chip='gfx1100', num_cu=70, num_chiplets=1, perfconfig='attn:v1:64,128,64,2,1,8,32,3,1,1,0')
Lowering rejected config as not applicable
Command line = -operation gemm_gemm -t f16 --arch gfx1100 --num_cu 70 --num_chiplets 1 -g 2 -m 67 -k 96 -n 44 -gemmO 50 -transA=True -transB=False -transC=True -transO=False --perf_config=attn:v1:256,256,32,2,1,1,0,3,1,0,0 -pv
Errors = loc("<stdin>":16:10): error: Fusion with SplitK perfConfig is not legal
Lowering not applicable.

----------------------------------------------------------------------------------------------------
NOT_APPLICABLE: GemmGemmConfiguration(datatype='f16', g=2, m=67, k=96, n=44, o=50, trans_a=True, trans_b=False, trans_c=True, trans_o=False, arch='gfx1100', chip='gfx1100', num_cu=70, num_chiplets=1, perfconfig='attn:v1:256,256,32,2,1,1,0,3,1,0,0')
Lowering rejected config as not applicable
Command line = -operation gemm_gemm -t f32 --arch gfx1100 --num_cu 70 --num_chiplets 1 -g 1 -m 13 -k 95 -n 99 -gemmO 21 -transA=True -transB=False -transC=True -transO=True --perf_config=attn:v1:256,128,32,2,1,8,32,4,2,4,8 -pv -relDiff_threshold 1e-4
Errors = loc("<stdin>":9:1): error: ttg.shared (131072) exceeds LDS limit (65536) for amdgcn-amd-amdhsa:gfx1100
Lowering not applicable.

----------------------------------------------------------------------------------------------------
NOT_APPLICABLE: GemmGemmConfiguration(datatype='f32', g=1, m=13, k=95, n=99, o=21, trans_a=True, trans_b=False, trans_c=True, trans_o=True, arch='gfx1100', chip='gfx1100', num_cu=70, num_chiplets=1, perfconfig='attn:v1:256,128,32,2,1,8,32,4,2,4,8')
----------------------------------------------------------------------------------------------------
PASS: GemmGemmConfiguration(datatype='f32', g=1, m=101, k=28, n=79, o=27, trans_a=False, trans_b=True, trans_c=False, trans_o=False, arch='gfx1100', chip='gfx1100', num_cu=70, num_chiplets=1, perfconfig='attn:v1:32,32,128,1,1,16,0,3,3,1,0')
----------------------------------------------------------------------------------------------------
PASS: GemmGemmConfiguration(datatype='f16', g=1, m=53, k=99, n=48, o=89, trans_a=True, trans_b=False, trans_c=True, trans_o=False, arch='gfx1100', chip='gfx1100', num_cu=70, num_chiplets=1, perfconfig='attn:v1:64,16,16,2,1,4,16,1,3,8,4')
----------------------------------------------------------------------------------------------------
PASS: GemmGemmConfiguration(datatype='f16', g=2, m=64, k=48, n=78, o=59, trans_a=True, trans_b=True, trans_c=False, trans_o=True, arch='gfx1100', chip='gfx1100', num_cu=70, num_chiplets=1, perfconfig='attn:v1:16,256,32,1,1,16,0,1,2,2,2')
Lowering rejected config as not applicable
Command line = -operation gemm_gemm -t bf16 --arch gfx1100 --num_cu 70 --num_chiplets 1 -g 2 -m 100 -k 34 -n 23 -gemmO 13 -transA=False -transB=False -transC=False -transO=True --perf_config=attn:v1:64,64,32,2,1,8,0,3,1,1,1 -pv -RMS_threshold 1e-2
Errors = loc("<stdin>":16:10): error: Fusion with SplitK perfConfig is not legal
Lowering not applicable.

----------------------------------------------------------------------------------------------------
NOT_APPLICABLE: GemmGemmConfiguration(datatype='bf16', g=2, m=100, k=34, n=23, o=13, trans_a=False, trans_b=False, trans_c=False, trans_o=True, arch='gfx1100', chip='gfx1100', num_cu=70, num_chiplets=1, perfconfig='attn:v1:64,64,32,2,1,8,0,3,1,1,1')
Lowering rejected config as not applicable
Command line = -operation gemm_gemm -t f16 --arch gfx1100 --num_cu 70 --num_chiplets 1 -g 2 -m 54 -k 67 -n 83 -gemmO 33 -transA=True -transB=True -transC=True -transO=True --perf_config=attn:v1:128,32,16,1,1,2,0,4,2,1,0 -pv
Errors = loc("<stdin>":16:10): error: Fusion with SplitK perfConfig is not legal
Lowering not applicable.

----------------------------------------------------------------------------------------------------
NOT_APPLICABLE: GemmGemmConfiguration(datatype='f16', g=2, m=54, k=67, n=83, o=33, trans_a=True, trans_b=True, trans_c=True, trans_o=True, arch='gfx1100', chip='gfx1100', num_cu=70, num_chiplets=1, perfconfig='attn:v1:128,32,16,1,1,2,0,4,2,1,0')
Lowering rejected config as not applicable
Command line = -operation gemm_gemm -t f16 --arch gfx1100 --num_cu 70 --num_chiplets 1 -g 1 -m 73 -k 126 -n 123 -gemmO 44 -transA=True -transB=True -transC=True -transO=True --perf_config=attn:v1:256,256,16,1,1,8,32,4,3,8,1 -pv
Errors = loc("<stdin>":16:10): error: Fusion with SplitK perfConfig is not legal
Lowering not applicable.

----------------------------------------------------------------------------------------------------
NOT_APPLICABLE: GemmGemmConfiguration(datatype='f16', g=1, m=73, k=126, n=123, o=44, trans_a=True, trans_b=True, trans_c=True, trans_o=True, arch='gfx1100', chip='gfx1100', num_cu=70, num_chiplets=1, perfconfig='attn:v1:256,256,16,1,1,8,32,4,3,8,1')
Lowering rejected config as not applicable
Command line = -operation gemm_gemm -t bf16 --arch gfx1100 --num_cu 70 --num_chiplets 1 -g 1 -m 39 -k 102 -n 8 -gemmO 42 -transA=False -transB=False -transC=True -transO=False --perf_config=attn:v1:128,32,64,2,1,2,16,4,1,8,4 -pv -RMS_threshold 1e-2
Errors = loc("<stdin>":15:10): error: Fusion with SplitK perfConfig is not legal
Lowering not applicable.

----------------------------------------------------------------------------------------------------
NOT_APPLICABLE: GemmGemmConfiguration(datatype='bf16', g=1, m=39, k=102, n=8, o=42, trans_a=False, trans_b=False, trans_c=True, trans_o=False, arch='gfx1100', chip='gfx1100', num_cu=70, num_chiplets=1, perfconfig='attn:v1:128,32,64,2,1,2,16,4,1,8,4')
Lowering rejected config as not applicable
Command line = -operation gemm_gemm -t f16 --arch gfx1100 --num_cu 70 --num_chiplets 1 -g 2 -m 70 -k 8 -n 14 -gemmO 97 -transA=False -transB=False -transC=True -transO=True --perf_config=attn:v1:64,32,128,2,1,16,32,3,1,8,1 -pv
Errors = loc("<stdin>":16:10): error: Fusion with SplitK perfConfig is not legal
Lowering not applicable.

----------------------------------------------------------------------------------------------------
NOT_APPLICABLE: GemmGemmConfiguration(datatype='f16', g=2, m=70, k=8, n=14, o=97, trans_a=False, trans_b=False, trans_c=True, trans_o=True, arch='gfx1100', chip='gfx1100', num_cu=70, num_chiplets=1, perfconfig='attn:v1:64,32,128,2,1,16,32,3,1,8,1')
Lowering rejected config as not applicable
Command line = -operation gemm_gemm -t bf16 --arch gfx1100 --num_cu 70 --num_chiplets 1 -g 1 -m 42 -k 96 -n 76 -gemmO 42 -transA=False -transB=False -transC=True -transO=True --perf_config=attn:v1:256,256,128,1,1,4,16,2,1,0,1 -pv -RMS_threshold 1e-2
Errors = loc("<stdin>":15:10): error: Fusion with SplitK perfConfig is not legal
Lowering not applicable.

----------------------------------------------------------------------------------------------------
NOT_APPLICABLE: GemmGemmConfiguration(datatype='bf16', g=1, m=42, k=96, n=76, o=42, trans_a=False, trans_b=False, trans_c=True, trans_o=True, arch='gfx1100', chip='gfx1100', num_cu=70, num_chiplets=1, perfconfig='attn:v1:256,256,128,1,1,4,16,2,1,0,1')
Lowering rejected config as not applicable
Command line = -operation gemm_gemm -t bf16 --arch gfx1100 --num_cu 70 --num_chiplets 1 -g 1 -m 44 -k 104 -n 9 -gemmO 23 -transA=False -transB=False -transC=False -transO=False --perf_config=attn:v1:256,16,32,2,1,4,32,3,2,8,2 -pv -RMS_threshold 1e-2
Errors = loc("<stdin>":16:10): error: Fusion with SplitK perfConfig is not legal
Lowering not applicable.

----------------------------------------------------------------------------------------------------
NOT_APPLICABLE: GemmGemmConfiguration(datatype='bf16', g=1, m=44, k=104, n=9, o=23, trans_a=False, trans_b=False, trans_c=False, trans_o=False, arch='gfx1100', chip='gfx1100', num_cu=70, num_chiplets=1, perfconfig='attn:v1:256,16,32,2,1,4,32,3,2,8,2')
----------------------------------------------------------------------------------------------------
PASS: GemmGemmConfiguration(datatype='f32', g=2, m=94, k=53, n=7, o=117, trans_a=False, trans_b=False, trans_c=True, trans_o=False, arch='gfx1100', chip='gfx1100', num_cu=70, num_chiplets=1, perfconfig='attn:v1:32,16,128,2,1,16,32,2,2,2,4')
Lowering rejected config as not applicable
Command line = -operation gemm_gemm -t f16 --arch gfx1100 --num_cu 70 --num_chiplets 1 -g 1 -m 27 -k 96 -n 79 -gemmO 81 -transA=False -transB=False -transC=False -transO=False --perf_config=attn:v1:16,16,64,1,1,4,32,2,1,1,8 -pv
Errors = loc("<stdin>":16:10): error: Fusion with SplitK perfConfig is not legal
Lowering not applicable.

----------------------------------------------------------------------------------------------------
NOT_APPLICABLE: GemmGemmConfiguration(datatype='f16', g=1, m=27, k=96, n=79, o=81, trans_a=False, trans_b=False, trans_c=False, trans_o=False, arch='gfx1100', chip='gfx1100', num_cu=70, num_chiplets=1, perfconfig='attn:v1:16,16,64,1,1,4,32,2,1,1,8')
Lowering rejected config as not applicable
Command line = -operation gemm_gemm -t f16 --arch gfx1100 --num_cu 70 --num_chiplets 1 -g 2 -m 59 -k 48 -n 50 -gemmO 65 -transA=False -transB=False -transC=False -transO=False --perf_config=attn:v1:16,64,128,1,1,8,0,2,3,8,4 -pv
Errors = loc("<stdin>":16:10): error: Fusion with SplitK perfConfig is not legal
Lowering not applicable.

----------------------------------------------------------------------------------------------------
NOT_APPLICABLE: GemmGemmConfiguration(datatype='f16', g=2, m=59, k=48, n=50, o=65, trans_a=False, trans_b=False, trans_c=False, trans_o=False, arch='gfx1100', chip='gfx1100', num_cu=70, num_chiplets=1, perfconfig='attn:v1:16,64,128,1,1,8,0,2,3,8,4')
Lowering rejected config as not applicable
Command line = -operation gemm_gemm -t f16 --arch gfx1100 --num_cu 70 --num_chiplets 1 -g 2 -m 97 -k 64 -n 79 -gemmO 65 -transA=True -transB=True -transC=False -transO=True --perf_config=attn:v1:32,16,128,1,1,1,16,2,3,0,2 -pv
Errors = loc("<stdin>":16:10): error: Fusion with SplitK perfConfig is not legal
Lowering not applicable.

----------------------------------------------------------------------------------------------------
NOT_APPLICABLE: GemmGemmConfiguration(datatype='f16', g=2, m=97, k=64, n=79, o=65, trans_a=True, trans_b=True, trans_c=False, trans_o=True, arch='gfx1100', chip='gfx1100', num_cu=70, num_chiplets=1, perfconfig='attn:v1:32,16,128,1,1,1,16,2,3,0,2')
----------------------------------------------------------------------------------------------------
PASS: GemmGemmConfiguration(datatype='f32', g=2, m=94, k=34, n=27, o=51, trans_a=True, trans_b=False, trans_c=True, trans_o=False, arch='gfx1100', chip='gfx1100', num_cu=70, num_chiplets=1, perfconfig='attn:v1:16,16,64,1,1,16,32,1,3,4,0')
----------------------------------------------------------------------------------------------------
PASS: GemmGemmConfiguration(datatype='f32', g=2, m=31, k=112, n=125, o=70, trans_a=True, trans_b=True, trans_c=True, trans_o=True, arch='gfx1100', chip='gfx1100', num_cu=70, num_chiplets=1, perfconfig='attn:v1:16,128,16,1,1,16,32,1,2,0,8')
----------------------------------------------------------------------------------------------------
PASS: GemmGemmConfiguration(datatype='bf16', g=2, m=3, k=128, n=105, o=105, trans_a=True, trans_b=True, trans_c=False, trans_o=True, arch='gfx1100', chip='gfx1100', num_cu=70, num_chiplets=1, perfconfig='attn:v1:32,256,64,1,1,16,0,1,1,1,0')
----------------------------------------------------------------------------------------------------
PASS: GemmGemmConfiguration(datatype='f32', g=1, m=84, k=1, n=65, o=87, trans_a=False, trans_b=False, trans_c=False, trans_o=False, arch='gfx1100', chip='gfx1100', num_cu=70, num_chiplets=1, perfconfig='attn:v1:64,64,128,1,1,16,0,1,1,4,8')
Lowering rejected config as not applicable
Command line = -operation gemm_gemm -t bf16 --arch gfx1100 --num_cu 70 --num_chiplets 1 -g 1 -m 84 -k 34 -n 29 -gemmO 114 -transA=False -transB=False -transC=False -transO=True --perf_config=attn:v1:256,256,32,2,1,8,16,1,1,2,8 -pv -RMS_threshold 1e-2
Errors = loc("<stdin>":11:1): error: ttg.shared (131072) exceeds LDS limit (65536) for amdgcn-amd-amdhsa:gfx1100
Lowering not applicable.

----------------------------------------------------------------------------------------------------
NOT_APPLICABLE: GemmGemmConfiguration(datatype='bf16', g=1, m=84, k=34, n=29, o=114, trans_a=False, trans_b=False, trans_c=False, trans_o=True, arch='gfx1100', chip='gfx1100', num_cu=70, num_chiplets=1, perfconfig='attn:v1:256,256,32,2,1,8,16,1,1,2,8')
Lowering rejected config as not applicable
Command line = -operation gemm_gemm -t f16 --arch gfx1100 --num_cu 70 --num_chiplets 1 -g 1 -m 2 -k 60 -n 48 -gemmO 16 -transA=False -transB=False -transC=True -transO=True --perf_config=attn:v1:256,128,128,2,1,8,16,4,2,1,1 -pv
Errors = loc("<stdin>":15:10): error: Fusion with SplitK perfConfig is not legal
Lowering not applicable.

----------------------------------------------------------------------------------------------------
NOT_APPLICABLE: GemmGemmConfiguration(datatype='f16', g=1, m=2, k=60, n=48, o=16, trans_a=False, trans_b=False, trans_c=True, trans_o=True, arch='gfx1100', chip='gfx1100', num_cu=70, num_chiplets=1, perfconfig='attn:v1:256,128,128,2,1,8,16,4,2,1,1')
Lowering rejected config as not applicable
Command line = -operation gemm_gemm -t bf16 --arch gfx1100 --num_cu 70 --num_chiplets 1 -g 1 -m 8 -k 41 -n 99 -gemmO 4 -transA=True -transB=False -transC=False -transO=True --perf_config=attn:v1:32,128,128,2,1,1,0,3,2,1,1 -pv -RMS_threshold 1e-2
Errors = loc("<stdin>":16:10): error: Fusion with SplitK perfConfig is not legal
Lowering not applicable.

----------------------------------------------------------------------------------------------------
NOT_APPLICABLE: GemmGemmConfiguration(datatype='bf16', g=1, m=8, k=41, n=99, o=4, trans_a=True, trans_b=False, trans_c=False, trans_o=True, arch='gfx1100', chip='gfx1100', num_cu=70, num_chiplets=1, perfconfig='attn:v1:32,128,128,2,1,1,0,3,2,1,1')
Lowering rejected config as not applicable
Command line = -operation gemm_gemm -t f16 --arch gfx1100 --num_cu 70 --num_chiplets 1 -g 2 -m 20 -k 11 -n 54 -gemmO 37 -transA=True -transB=False -transC=False -transO=True --perf_config=attn:v1:256,64,128,2,1,16,16,4,3,8,4 -pv
Errors = loc("<stdin>":16:10): error: Fusion with SplitK perfConfig is not legal
Lowering not applicable.

----------------------------------------------------------------------------------------------------
NOT_APPLICABLE: GemmGemmConfiguration(datatype='f16', g=2, m=20, k=11, n=54, o=37, trans_a=True, trans_b=False, trans_c=False, trans_o=True, arch='gfx1100', chip='gfx1100', num_cu=70, num_chiplets=1, perfconfig='attn:v1:256,64,128,2,1,16,16,4,3,8,4')
Lowering rejected config as not applicable
Command line = -operation gemm_gemm -t bf16 --arch gfx1100 --num_cu 70 --num_chiplets 1 -g 1 -m 52 -k 52 -n 47 -gemmO 31 -transA=True -transB=False -transC=False -transO=True --perf_config=attn:v1:256,32,32,1,1,2,16,4,1,1,0 -pv -RMS_threshold 1e-2
Errors = loc("<stdin>":16:10): error: Fusion with SplitK perfConfig is not legal
Lowering not applicable.

----------------------------------------------------------------------------------------------------
NOT_APPLICABLE: GemmGemmConfiguration(datatype='bf16', g=1, m=52, k=52, n=47, o=31, trans_a=True, trans_b=False, trans_c=False, trans_o=True, arch='gfx1100', chip='gfx1100', num_cu=70, num_chiplets=1, perfconfig='attn:v1:256,32,32,1,1,2,16,4,1,1,0')
Lowering rejected config as not applicable
Command line = -operation gemm_gemm -t bf16 --arch gfx1100 --num_cu 70 --num_chiplets 1 -g 1 -m 68 -k 92 -n 92 -gemmO 76 -transA=False -transB=True -transC=False -transO=False --perf_config=attn:v1:16,16,128,2,1,8,16,2,2,0,0 -pv -RMS_threshold 1e-2
Errors = loc("<stdin>":15:10): error: Fusion with SplitK perfConfig is not legal
Lowering not applicable.

----------------------------------------------------------------------------------------------------
NOT_APPLICABLE: GemmGemmConfiguration(datatype='bf16', g=1, m=68, k=92, n=92, o=76, trans_a=False, trans_b=True, trans_c=False, trans_o=False, arch='gfx1100', chip='gfx1100', num_cu=70, num_chiplets=1, perfconfig='attn:v1:16,16,128,2,1,8,16,2,2,0,0')
----------------------------------------------------------------------------------------------------
PASS: GemmGemmConfiguration(datatype='f32', g=1, m=42, k=128, n=6, o=9, trans_a=False, trans_b=False, trans_c=False, trans_o=True, arch='gfx1100', chip='gfx1100', num_cu=70, num_chiplets=1, perfconfig='attn:v1:16,16,128,1,1,16,0,1,3,4,1')
----------------------------------------------------------------------------------------------------
PASS: GemmGemmConfiguration(datatype='f32', g=2, m=54, k=8, n=21, o=72, trans_a=False, trans_b=False, trans_c=False, trans_o=True, arch='gfx1100', chip='gfx1100', num_cu=70, num_chiplets=1, perfconfig='attn:v1:32,64,32,1,1,4,0,3,1,8,2')
----------------------------------------------------------------------------------------------------
PASS: GemmGemmConfiguration(datatype='f32', g=1, m=112, k=38, n=88, o=112, trans_a=True, trans_b=True, trans_c=False, trans_o=False, arch='gfx1100', chip='gfx1100', num_cu=70, num_chiplets=1, perfconfig='attn:v1:128,128,64,1,1,4,16,4,3,0,4')
Lowering rejected config as not applicable
Command line = -operation gemm_gemm -t f16 --arch gfx1100 --num_cu 70 --num_chiplets 1 -g 1 -m 54 -k 119 -n 105 -gemmO 22 -transA=True -transB=False -transC=True -transO=True --perf_config=attn:v1:128,16,128,2,1,8,0,2,2,2,8 -pv
Errors = loc("<stdin>":15:10): error: Fusion with SplitK perfConfig is not legal
Lowering not applicable.

----------------------------------------------------------------------------------------------------
NOT_APPLICABLE: GemmGemmConfiguration(datatype='f16', g=1, m=54, k=119, n=105, o=22, trans_a=True, trans_b=False, trans_c=True, trans_o=True, arch='gfx1100', chip='gfx1100', num_cu=70, num_chiplets=1, perfconfig='attn:v1:128,16,128,2,1,8,0,2,2,2,8')
Lowering rejected config as not applicable
Command line = -operation gemm_gemm -t f32 --arch gfx1100 --num_cu 70 --num_chiplets 1 -g 2 -m 119 -k 19 -n 58 -gemmO 70 -transA=False -transB=True -transC=False -transO=True --perf_config=attn:v1:128,256,32,1,1,16,16,4,2,8,8 -pv -relDiff_threshold 1e-4
Errors = loc("<stdin>":10:1): error: ttg.shared (131072) exceeds LDS limit (65536) for amdgcn-amd-amdhsa:gfx1100
Lowering not applicable.

----------------------------------------------------------------------------------------------------
NOT_APPLICABLE: GemmGemmConfiguration(datatype='f32', g=2, m=119, k=19, n=58, o=70, trans_a=False, trans_b=True, trans_c=False, trans_o=True, arch='gfx1100', chip='gfx1100', num_cu=70, num_chiplets=1, perfconfig='attn:v1:128,256,32,1,1,16,16,4,2,8,8')
----------------------------------------------------------------------------------------------------
PASS: GemmGemmConfiguration(datatype='f16', g=1, m=93, k=1, n=8, o=61, trans_a=False, trans_b=False, trans_c=True, trans_o=True, arch='gfx1100', chip='gfx1100', num_cu=70, num_chiplets=1, perfconfig='attn:v1:64,16,128,1,1,8,16,1,1,2,1')
Lowering rejected config as not applicable
Command line = -operation gemm_gemm -t f32 --arch gfx1100 --num_cu 70 --num_chiplets 1 -g 2 -m 63 -k 125 -n 34 -gemmO 16 -transA=False -transB=False -transC=False -transO=True --perf_config=attn:v1:64,256,128,1,1,2,32,1,2,1,1 -pv -relDiff_threshold 1e-4
Errors = loc("<stdin>":10:1): error: ttg.shared (131072) exceeds LDS limit (65536) for amdgcn-amd-amdhsa:gfx1100
Lowering not applicable.

----------------------------------------------------------------------------------------------------
NOT_APPLICABLE: GemmGemmConfiguration(datatype='f32', g=2, m=63, k=125, n=34, o=16, trans_a=False, trans_b=False, trans_c=False, trans_o=True, arch='gfx1100', chip='gfx1100', num_cu=70, num_chiplets=1, perfconfig='attn:v1:64,256,128,1,1,2,32,1,2,1,1')
----------------------------------------------------------------------------------------------------
PASS: GemmGemmConfiguration(datatype='f16', g=2, m=46, k=114, n=90, o=53, trans_a=True, trans_b=True, trans_c=True, trans_o=True, arch='gfx1100', chip='gfx1100', num_cu=70, num_chiplets=1, perfconfig='attn:v1:64,16,32,1,1,2,32,1,3,8,0')
Lowering rejected config as not applicable
Command line = -operation gemm_gemm -t f32 --arch gfx1100 --num_cu 70 --num_chiplets 1 -g 2 -m 99 -k 1 -n 57 -gemmO 78 -transA=True -transB=True -transC=True -transO=True --perf_config=attn:v1:256,256,16,2,1,4,16,2,3,4,2 -pv -relDiff_threshold 1e-4
Errors = loc("<stdin>":10:1): error: ttg.shared (262144) exceeds LDS limit (65536) for amdgcn-amd-amdhsa:gfx1100
Lowering not applicable.

----------------------------------------------------------------------------------------------------
NOT_APPLICABLE: GemmGemmConfiguration(datatype='f32', g=2, m=99, k=1, n=57, o=78, trans_a=True, trans_b=True, trans_c=True, trans_o=True, arch='gfx1100', chip='gfx1100', num_cu=70, num_chiplets=1, perfconfig='attn:v1:256,256,16,2,1,4,16,2,3,4,2')
----------------------------------------------------------------------------------------------------
PASS: GemmGemmConfiguration(datatype='f32', g=1, m=107, k=62, n=110, o=121, trans_a=True, trans_b=True, trans_c=True, trans_o=False, arch='gfx1100', chip='gfx1100', num_cu=70, num_chiplets=1, perfconfig='attn:v1:128,32,32,2,1,8,16,3,2,8,8')
----------------------------------------------------------------------------------------------------
PASS: GemmGemmConfiguration(datatype='f32', g=1, m=117, k=76, n=82, o=31, trans_a=True, trans_b=False, trans_c=True, trans_o=False, arch='gfx1100', chip='gfx1100', num_cu=70, num_chiplets=1, perfconfig='attn:v1:64,128,16,1,1,8,0,4,2,1,1')
Lowering rejected config as not applicable
Command line = -operation gemm_gemm -t bf16 --arch gfx1100 --num_cu 70 --num_chiplets 1 -g 2 -m 34 -k 86 -n 62 -gemmO 44 -transA=True -transB=True -transC=False -transO=False --perf_config=attn:v1:32,256,128,2,1,16,32,4,3,8,8 -pv -RMS_threshold 1e-2
Errors = loc("<stdin>":16:10): error: Fusion with SplitK perfConfig is not legal
Lowering not applicable.

----------------------------------------------------------------------------------------------------
NOT_APPLICABLE: GemmGemmConfiguration(datatype='bf16', g=2, m=34, k=86, n=62, o=44, trans_a=True, trans_b=True, trans_c=False, trans_o=False, arch='gfx1100', chip='gfx1100', num_cu=70, num_chiplets=1, perfconfig='attn:v1:32,256,128,2,1,16,32,4,3,8,8')
Lowering rejected config as not applicable
Command line = -operation gemm_gemm -t bf16 --arch gfx1100 --num_cu 70 --num_chiplets 1 -g 2 -m 68 -k 17 -n 78 -gemmO 13 -transA=False -transB=False -transC=False -transO=True --perf_config=attn:v1:16,128,16,1,1,4,32,2,3,4,0 -pv -RMS_threshold 1e-2
Errors = loc("<stdin>":16:10): error: Fusion with SplitK perfConfig is not legal
Lowering not applicable.

----------------------------------------------------------------------------------------------------
NOT_APPLICABLE: GemmGemmConfiguration(datatype='bf16', g=2, m=68, k=17, n=78, o=13, trans_a=False, trans_b=False, trans_c=False, trans_o=True, arch='gfx1100', chip='gfx1100', num_cu=70, num_chiplets=1, perfconfig='attn:v1:16,128,16,1,1,4,32,2,3,4,0')
----------------------------------------------------------------------------------------------------
PASS: GemmGemmConfiguration(datatype='f32', g=2, m=39, k=27, n=1, o=126, trans_a=True, trans_b=True, trans_c=False, trans_o=False, arch='gfx1100', chip='gfx1100', num_cu=70, num_chiplets=1, perfconfig='attn:v1:16,32,64,2,1,4,32,1,3,2,8')
----------------------------------------------------------------------------------------------------
PASS: GemmGemmConfiguration(datatype='f16', g=2, m=86, k=25, n=64, o=41, trans_a=True, trans_b=True, trans_c=False, trans_o=False, arch='gfx1100', chip='gfx1100', num_cu=70, num_chiplets=1, perfconfig='attn:v1:16,16,32,2,1,8,0,1,2,1,0')
----------------------------------------------------------------------------------------------------
PASS: GemmGemmConfiguration(datatype='bf16', g=2, m=121, k=73, n=31, o=7, trans_a=False, trans_b=True, trans_c=True, trans_o=True, arch='gfx1100', chip='gfx1100', num_cu=70, num_chiplets=1, perfconfig='attn:v1:128,16,16,2,1,1,0,1,1,4,4')
----------------------------------------------------------------------------------------------------
PASS: GemmGemmConfiguration(datatype='f32', g=2, m=124, k=92, n=49, o=126, trans_a=False, trans_b=False, trans_c=False, trans_o=False, arch='gfx1100', chip='gfx1100', num_cu=70, num_chiplets=1, perfconfig='attn:v1:16,128,32,1,1,1,0,3,2,2,4')
----------------------------------------------------------------------------------------------------
PASS: GemmGemmConfiguration(datatype='f32', g=2, m=55, k=66, n=39, o=126, trans_a=False, trans_b=False, trans_c=True, trans_o=False, arch='gfx1100', chip='gfx1100', num_cu=70, num_chiplets=1, perfconfig='attn:v1:16,64,128,1,1,2,0,4,2,0,4')
----------------------------------------------------------------------------------------------------
PASS: GemmGemmConfiguration(datatype='bf16', g=1, m=44, k=118, n=12, o=79, trans_a=False, trans_b=False, trans_c=True, trans_o=True, arch='gfx1100', chip='gfx1100', num_cu=70, num_chiplets=1, perfconfig='attn:v1:128,128,32,1,1,1,32,1,3,1,8')
Lowering rejected config as not applicable
Command line = -operation gemm_gemm -t f16 --arch gfx1100 --num_cu 70 --num_chiplets 1 -g 1 -m 20 -k 53 -n 58 -gemmO 38 -transA=False -transB=False -transC=False -transO=True --perf_config=attn:v1:64,32,16,1,1,4,16,2,2,4,2 -pv
Errors = loc("<stdin>":16:10): error: Fusion with SplitK perfConfig is not legal
Lowering not applicable.

----------------------------------------------------------------------------------------------------
NOT_APPLICABLE: GemmGemmConfiguration(datatype='f16', g=1, m=20, k=53, n=58, o=38, trans_a=False, trans_b=False, trans_c=False, trans_o=True, arch='gfx1100', chip='gfx1100', num_cu=70, num_chiplets=1, perfconfig='attn:v1:64,32,16,1,1,4,16,2,2,4,2')
Lowering rejected config as not applicable
Command line = -operation gemm_gemm -t f16 --arch gfx1100 --num_cu 70 --num_chiplets 1 -g 2 -m 69 -k 80 -n 26 -gemmO 22 -transA=True -transB=True -transC=False -transO=True --perf_config=attn:v1:128,16,64,1,1,4,0,3,2,1,1 -pv
Errors = loc("<stdin>":16:10): error: Fusion with SplitK perfConfig is not legal
Lowering not applicable.

----------------------------------------------------------------------------------------------------
NOT_APPLICABLE: GemmGemmConfiguration(datatype='f16', g=2, m=69, k=80, n=26, o=22, trans_a=True, trans_b=True, trans_c=False, trans_o=True, arch='gfx1100', chip='gfx1100', num_cu=70, num_chiplets=1, perfconfig='attn:v1:128,16,64,1,1,4,0,3,2,1,1')
Lowering rejected config as not applicable
Command line = -operation gemm_gemm -t f16 --arch gfx1100 --num_cu 70 --num_chiplets 1 -g 2 -m 24 -k 20 -n 93 -gemmO 119 -transA=True -transB=False -transC=False -transO=True --perf_config=attn:v1:32,32,128,1,1,16,32,3,1,0,1 -pv
Errors = loc("<stdin>":16:10): error: Fusion with SplitK perfConfig is not legal
Lowering not applicable.

FAIL: Timeout in rocmlir-driver stage (120s)
Config = GemmGemmConfiguration(datatype='f32', g=1, m=90, k=37, n=1, o=97, trans_a=False, trans_b=False, trans_c=False, trans_o=True, arch='gfx1100', chip='gfx1100', num_cu=70, num_chiplets=1, perfconfig='attn:v1:128,128,64,1,1,1,16,4,2,2,4')
Command line = -operation gemm_gemm -t f32 --arch gfx1100 --num_cu 70 --num_chiplets 1 -g 1 -m 90 -k 37 -n 1 -gemmO 97 -transA=False -transB=False -transC=False -transO=True --perf_config=attn:v1:128,128,64,1,1,1,16,4,2,2,4 -pv -relDiff_threshold 1e-4
----------------------------------------------------------------------------------------------------
NOT_APPLICABLE: GemmGemmConfiguration(datatype='f16', g=2, m=24, k=20, n=93, o=119, trans_a=True, trans_b=False, trans_c=False, trans_o=True, arch='gfx1100', chip='gfx1100', num_cu=70, num_chiplets=1, perfconfig='attn:v1:32,32,128,1,1,16,32,3,1,0,1')
Lowering rejected config as not applicable
Command line = -operation gemm_gemm -t f16 --arch gfx1100 --num_cu 70 --num_chiplets 1 -g 1 -m 92 -k 119 -n 72 -gemmO 43 -transA=False -transB=True -transC=False -transO=True --perf_config=attn:v1:32,32,16,1,1,8,0,2,1,1,8 -pv
Errors = loc("<stdin>":15:10): error: Fusion with SplitK perfConfig is not legal
Lowering not applicable.

----------------------------------------------------------------------------------------------------
NOT_APPLICABLE: GemmGemmConfiguration(datatype='f16', g=1, m=92, k=119, n=72, o=43, trans_a=False, trans_b=True, trans_c=False, trans_o=True, arch='gfx1100', chip='gfx1100', num_cu=70, num_chiplets=1, perfconfig='attn:v1:32,32,16,1,1,8,0,2,1,1,8')
----------------------------------------------------------------------------------------------------
PASS: GemmGemmConfiguration(datatype='f16', g=1, m=99, k=64, n=50, o=103, trans_a=False, trans_b=False, trans_c=True, trans_o=True, arch='gfx1100', chip='gfx1100', num_cu=70, num_chiplets=1, perfconfig='attn:v1:128,16,64,2,1,8,32,1,2,8,4')
----------------------------------------------------------------------------------------------------
PASS: GemmGemmConfiguration(datatype='f32', g=2, m=118, k=7, n=70, o=55, trans_a=False, trans_b=False, trans_c=True, trans_o=False, arch='gfx1100', chip='gfx1100', num_cu=70, num_chiplets=1, perfconfig='attn:v1:64,32,16,1,1,2,16,2,3,0,4')
----------------------------------------------------------------------------------------------------
PASS: GemmGemmConfiguration(datatype='f32', g=2, m=42, k=21, n=41, o=75, trans_a=False, trans_b=False, trans_c=True, trans_o=True, arch='gfx1100', chip='gfx1100', num_cu=70, num_chiplets=1, perfconfig='attn:v1:64,32,32,1,1,1,16,1,3,0,2')
----------------------------------------------------------------------------------------------------
FAIL: GemmGemmConfiguration(datatype='f32', g=1, m=90, k=37, n=1, o=97, trans_a=False, trans_b=False, trans_c=False, trans_o=True, arch='gfx1100', chip='gfx1100', num_cu=70, num_chiplets=1, perfconfig='attn:v1:128,128,64,1,1,1,16,4,2,2,4')
Lowering rejected config as not applicable
Command line = -operation gemm_gemm -t bf16 --arch gfx1100 --num_cu 70 --num_chiplets 1 -g 1 -m 64 -k 108 -n 28 -gemmO 118 -transA=False -transB=False -transC=True -transO=True --perf_config=attn:v1:128,256,16,2,1,16,32,2,2,1,2 -pv -RMS_threshold 1e-2
Errors = loc("<stdin>":15:10): error: Fusion with SplitK perfConfig is not legal
Lowering not applicable.

----------------------------------------------------------------------------------------------------
NOT_APPLICABLE: GemmGemmConfiguration(datatype='bf16', g=1, m=64, k=108, n=28, o=118, trans_a=False, trans_b=False, trans_c=True, trans_o=True, arch='gfx1100', chip='gfx1100', num_cu=70, num_chiplets=1, perfconfig='attn:v1:128,256,16,2,1,16,32,2,2,1,2')
Lowering rejected config as not applicable
Command line = -operation gemm_gemm -t f16 --arch gfx1100 --num_cu 70 --num_chiplets 1 -g 1 -m 111 -k 34 -n 51 -gemmO 76 -transA=False -transB=True -transC=True -transO=False --perf_config=attn:v1:256,32,16,2,1,4,16,3,3,2,8 -pv
Errors = loc("<stdin>":15:10): error: Fusion with SplitK perfConfig is not legal
Lowering not applicable.

----------------------------------------------------------------------------------------------------
NOT_APPLICABLE: GemmGemmConfiguration(datatype='f16', g=1, m=111, k=34, n=51, o=76, trans_a=False, trans_b=True, trans_c=True, trans_o=False, arch='gfx1100', chip='gfx1100', num_cu=70, num_chiplets=1, perfconfig='attn:v1:256,32,16,2,1,4,16,3,3,2,8')
Lowering rejected config as not applicable
Command line = -operation gemm_gemm -t f16 --arch gfx1100 --num_cu 70 --num_chiplets 1 -g 2 -m 87 -k 80 -n 75 -gemmO 12 -transA=True -transB=True -transC=False -transO=False --perf_config=attn:v1:128,16,64,1,1,16,0,2,2,4,1 -pv
Errors = loc("<stdin>":16:10): error: Fusion with SplitK perfConfig is not legal
Lowering not applicable.

----------------------------------------------------------------------------------------------------
NOT_APPLICABLE: GemmGemmConfiguration(datatype='f16', g=2, m=87, k=80, n=75, o=12, trans_a=True, trans_b=True, trans_c=False, trans_o=False, arch='gfx1100', chip='gfx1100', num_cu=70, num_chiplets=1, perfconfig='attn:v1:128,16,64,1,1,16,0,2,2,4,1')
Lowering rejected config as not applicable
Command line = -operation gemm_gemm -t f32 --arch gfx1100 --num_cu 70 --num_chiplets 1 -g 2 -m 64 -k 94 -n 70 -gemmO 81 -transA=False -transB=True -transC=True -transO=True --perf_config=attn:v1:16,32,128,1,1,2,0,2,3,8,1 -pv -relDiff_threshold 1e-4
Errors = loc("<stdin>":10:1): error: ttg.shared (67584) exceeds LDS limit (65536) for amdgcn-amd-amdhsa:gfx1100
Lowering not applicable.

----------------------------------------------------------------------------------------------------
NOT_APPLICABLE: GemmGemmConfiguration(datatype='f32', g=2, m=64, k=94, n=70, o=81, trans_a=False, trans_b=True, trans_c=True, trans_o=True, arch='gfx1100', chip='gfx1100', num_cu=70, num_chiplets=1, perfconfig='attn:v1:16,32,128,1,1,2,0,2,3,8,1')
----------------------------------------------------------------------------------------------------
PASS: GemmGemmConfiguration(datatype='f32', g=1, m=125, k=8, n=25, o=17, trans_a=True, trans_b=True, trans_c=True, trans_o=True, arch='gfx1100', chip='gfx1100', num_cu=70, num_chiplets=1, perfconfig='attn:v1:16,16,32,1,1,16,32,4,3,2,8')
----------------------------------------------------------------------------------------------------
PASS: GemmGemmConfiguration(datatype='f32', g=2, m=75, k=64, n=47, o=7, trans_a=True, trans_b=True, trans_c=True, trans_o=False, arch='gfx1100', chip='gfx1100', num_cu=70, num_chiplets=1, perfconfig='attn:v1:16,64,32,2,1,2,32,2,1,0,2')
----------------------------------------------------------------------------------------------------
PASS: GemmGemmConfiguration(datatype='bf16', g=2, m=117, k=121, n=128, o=50, trans_a=False, trans_b=False, trans_c=True, trans_o=False, arch='gfx1100', chip='gfx1100', num_cu=70, num_chiplets=1, perfconfig='attn:v1:32,32,128,1,1,1,0,1,1,1,8')
----------------------------------------------------------------------------------------------------
PASS: GemmGemmConfiguration(datatype='f32', g=2, m=15, k=122, n=74, o=81, trans_a=False, trans_b=False, trans_c=True, trans_o=True, arch='gfx1100', chip='gfx1100', num_cu=70, num_chiplets=1, perfconfig='attn:v1:32,64,64,2,1,2,32,3,3,4,1')
Lowering rejected config as not applicable
Command line = -operation gemm_gemm -t bf16 --arch gfx1100 --num_cu 70 --num_chiplets 1 -g 1 -m 4 -k 23 -n 111 -gemmO 30 -transA=True -transB=False -transC=True -transO=True --perf_config=attn:v1:128,128,64,2,1,16,16,2,3,4,1 -pv -RMS_threshold 1e-2
Errors = loc("<stdin>":15:10): error: Fusion with SplitK perfConfig is not legal
Lowering not applicable.

----------------------------------------------------------------------------------------------------
NOT_APPLICABLE: GemmGemmConfiguration(datatype='bf16', g=1, m=4, k=23, n=111, o=30, trans_a=True, trans_b=False, trans_c=True, trans_o=True, arch='gfx1100', chip='gfx1100', num_cu=70, num_chiplets=1, perfconfig='attn:v1:128,128,64,2,1,16,16,2,3,4,1')
Lowering rejected config as not applicable
Command line = -operation gemm_gemm -t bf16 --arch gfx1100 --num_cu 70 --num_chiplets 1 -g 1 -m 28 -k 108 -n 94 -gemmO 75 -transA=False -transB=True -transC=True -transO=False --perf_config=attn:v1:64,32,128,2,1,4,0,2,2,1,1 -pv -RMS_threshold 1e-2
Errors = loc("<stdin>":15:10): error: Fusion with SplitK perfConfig is not legal
Lowering not applicable.

----------------------------------------------------------------------------------------------------
NOT_APPLICABLE: GemmGemmConfiguration(datatype='bf16', g=1, m=28, k=108, n=94, o=75, trans_a=False, trans_b=True, trans_c=True, trans_o=False, arch='gfx1100', chip='gfx1100', num_cu=70, num_chiplets=1, perfconfig='attn:v1:64,32,128,2,1,4,0,2,2,1,1')
Lowering rejected config as not applicable
Command line = -operation gemm_gemm -t bf16 --arch gfx1100 --num_cu 70 --num_chiplets 1 -g 1 -m 106 -k 76 -n 72 -gemmO 79 -transA=False -transB=True -transC=False -transO=True --perf_config=attn:v1:16,16,32,2,1,8,16,2,2,2,0 -pv -RMS_threshold 1e-2
Errors = loc("<stdin>":15:10): error: Fusion with SplitK perfConfig is not legal
Lowering not applicable.

----------------------------------------------------------------------------------------------------
NOT_APPLICABLE: GemmGemmConfiguration(datatype='bf16', g=1, m=106, k=76, n=72, o=79, trans_a=False, trans_b=True, trans_c=False, trans_o=True, arch='gfx1100', chip='gfx1100', num_cu=70, num_chiplets=1, perfconfig='attn:v1:16,16,32,2,1,8,16,2,2,2,0')
Lowering rejected config as not applicable
Command line = -operation gemm_gemm -t f16 --arch gfx1100 --num_cu 70 --num_chiplets 1 -g 2 -m 53 -k 123 -n 73 -gemmO 112 -transA=False -transB=True -transC=False -transO=True --perf_config=attn:v1:128,64,64,1,1,1,16,3,1,8,2 -pv
Errors = loc("<stdin>":16:10): error: Fusion with SplitK perfConfig is not legal
Lowering not applicable.

----------------------------------------------------------------------------------------------------
NOT_APPLICABLE: GemmGemmConfiguration(datatype='f16', g=2, m=53, k=123, n=73, o=112, trans_a=False, trans_b=True, trans_c=False, trans_o=True, arch='gfx1100', chip='gfx1100', num_cu=70, num_chiplets=1, perfconfig='attn:v1:128,64,64,1,1,1,16,3,1,8,2')
Lowering rejected config as not applicable
Command line = -operation gemm_gemm -t f32 --arch gfx1100 --num_cu 70 --num_chiplets 1 -g 2 -m 93 -k 24 -n 105 -gemmO 87 -transA=False -transB=True -transC=False -transO=False --perf_config=attn:v1:16,256,128,1,1,8,16,1,2,8,0 -pv -relDiff_threshold 1e-4
Errors = loc("<stdin>":10:1): error: ttg.shared (131072) exceeds LDS limit (65536) for amdgcn-amd-amdhsa:gfx1100
Lowering not applicable.

----------------------------------------------------------------------------------------------------
NOT_APPLICABLE: GemmGemmConfiguration(datatype='f32', g=2, m=93, k=24, n=105, o=87, trans_a=False, trans_b=True, trans_c=False, trans_o=False, arch='gfx1100', chip='gfx1100', num_cu=70, num_chiplets=1, perfconfig='attn:v1:16,256,128,1,1,8,16,1,2,8,0')
----------------------------------------------------------------------------------------------------
PASS: GemmGemmConfiguration(datatype='bf16', g=2, m=1, k=41, n=5, o=65, trans_a=False, trans_b=False, trans_c=False, trans_o=True, arch='gfx1100', chip='gfx1100', num_cu=70, num_chiplets=1, perfconfig='attn:v1:16,256,16,1,1,8,32,1,1,2,1')
----------------------------------------------------------------------------------------------------
PASS: GemmGemmConfiguration(datatype='f32', g=2, m=115, k=97, n=84, o=89, trans_a=True, trans_b=True, trans_c=True, trans_o=True, arch='gfx1100', chip='gfx1100', num_cu=70, num_chiplets=1, perfconfig='attn:v1:16,64,16,2,1,2,16,4,3,0,1')
----------------------------------------------------------------------------------------------------
PASS: GemmGemmConfiguration(datatype='f32', g=2, m=14, k=17, n=113, o=92, trans_a=False, trans_b=True, trans_c=True, trans_o=False, arch='gfx1100', chip='gfx1100', num_cu=70, num_chiplets=1, perfconfig='attn:v1:64,32,16,2,1,4,32,3,1,4,8')
Lowering rejected config as not applicable
Command line = -operation gemm_gemm -t bf16 --arch gfx1100 --num_cu 70 --num_chiplets 1 -g 2 -m 8 -k 30 -n 41 -gemmO 63 -transA=False -transB=False -transC=False -transO=False --perf_config=attn:v1:256,16,32,2,1,16,32,4,2,2,0 -pv -RMS_threshold 1e-2
Errors = loc("<stdin>":16:10): error: Fusion with SplitK perfConfig is not legal
Lowering not applicable.

----------------------------------------------------------------------------------------------------
NOT_APPLICABLE: GemmGemmConfiguration(datatype='bf16', g=2, m=8, k=30, n=41, o=63, trans_a=False, trans_b=False, trans_c=False, trans_o=False, arch='gfx1100', chip='gfx1100', num_cu=70, num_chiplets=1, perfconfig='attn:v1:256,16,32,2,1,16,32,4,2,2,0')
Lowering rejected config as not applicable
Command line = -operation gemm_gemm -t f16 --arch gfx1100 --num_cu 70 --num_chiplets 1 -g 1 -m 111 -k 44 -n 49 -gemmO 109 -transA=True -transB=True -transC=True -transO=True --perf_config=attn:v1:32,128,16,1,1,4,16,2,3,4,4 -pv
Errors = loc("<stdin>":16:10): error: Fusion with SplitK perfConfig is not legal
Lowering not applicable.

----------------------------------------------------------------------------------------------------
NOT_APPLICABLE: GemmGemmConfiguration(datatype='f16', g=1, m=111, k=44, n=49, o=109, trans_a=True, trans_b=True, trans_c=True, trans_o=True, arch='gfx1100', chip='gfx1100', num_cu=70, num_chiplets=1, perfconfig='attn:v1:32,128,16,1,1,4,16,2,3,4,4')
Lowering rejected config as not applicable
Command line = -operation gemm_gemm -t f32 --arch gfx1100 --num_cu 70 --num_chiplets 1 -g 1 -m 18 -k 85 -n 21 -gemmO 9 -transA=False -transB=False -transC=True -transO=False --perf_config=attn:v1:16,128,64,2,1,16,16,2,3,0,0 -pv -relDiff_threshold 1e-4
Errors = loc("<stdin>":9:1): error: ttg.shared (73728) exceeds LDS limit (65536) for amdgcn-amd-amdhsa:gfx1100
Lowering not applicable.

----------------------------------------------------------------------------------------------------
NOT_APPLICABLE: GemmGemmConfiguration(datatype='f32', g=1, m=18, k=85, n=21, o=9, trans_a=False, trans_b=False, trans_c=True, trans_o=False, arch='gfx1100', chip='gfx1100', num_cu=70, num_chiplets=1, perfconfig='attn:v1:16,128,64,2,1,16,16,2,3,0,0')
----------------------------------------------------------------------------------------------------
PASS: GemmGemmConfiguration(datatype='f16', g=2, m=35, k=116, n=104, o=34, trans_a=True, trans_b=True, trans_c=False, trans_o=False, arch='gfx1100', chip='gfx1100', num_cu=70, num_chiplets=1, perfconfig='attn:v1:256,16,128,1,1,16,32,1,3,2,8')
----------------------------------------------------------------------------------------------------
PASS: GemmGemmConfiguration(datatype='f32', g=2, m=116, k=9, n=70, o=100, trans_a=False, trans_b=True, trans_c=True, trans_o=False, arch='gfx1100', chip='gfx1100', num_cu=70, num_chiplets=1, perfconfig='attn:v1:32,16,128,2,1,8,32,1,3,2,2')
----------------------------------------------------------------------------------------------------
PASS: GemmGemmConfiguration(datatype='bf16', g=2, m=90, k=123, n=79, o=88, trans_a=False, trans_b=True, trans_c=False, trans_o=False, arch='gfx1100', chip='gfx1100', num_cu=70, num_chiplets=1, perfconfig='attn:v1:16,64,64,1,1,16,32,1,3,4,2')
----------------------------------------------------------------------------------------------------
PASS: GemmGemmConfiguration(datatype='f32', g=2, m=75, k=33, n=94, o=82, trans_a=True, trans_b=False, trans_c=True, trans_o=True, arch='gfx1100', chip='gfx1100', num_cu=70, num_chiplets=1, perfconfig='attn:v1:32,16,128,1,1,4,0,2,2,2,2')
----------------------------------------------------------------------------------------------------
PASS: GemmGemmConfiguration(datatype='f32', g=2, m=17, k=128, n=30, o=40, trans_a=False, trans_b=True, trans_c=True, trans_o=True, arch='gfx1100', chip='gfx1100', num_cu=70, num_chiplets=1, perfconfig='attn:v1:32,128,16,2,1,2,16,3,3,4,2')
Lowering rejected config as not applicable
Command line = -operation gemm_gemm -t f16 --arch gfx1100 --num_cu 70 --num_chiplets 1 -g 2 -m 126 -k 119 -n 73 -gemmO 68 -transA=True -transB=True -transC=False -transO=False --perf_config=attn:v1:128,64,128,2,1,8,32,4,3,1,1 -pv
Errors = loc("<stdin>":16:10): error: Fusion with SplitK perfConfig is not legal
Lowering not applicable.

----------------------------------------------------------------------------------------------------
NOT_APPLICABLE: GemmGemmConfiguration(datatype='f16', g=2, m=126, k=119, n=73, o=68, trans_a=True, trans_b=True, trans_c=False, trans_o=False, arch='gfx1100', chip='gfx1100', num_cu=70, num_chiplets=1, perfconfig='attn:v1:128,64,128,2,1,8,32,4,3,1,1')
Lowering rejected config as not applicable
Command line = -operation gemm_gemm -t f16 --arch gfx1100 --num_cu 70 --num_chiplets 1 -g 1 -m 68 -k 108 -n 53 -gemmO 35 -transA=True -transB=False -transC=False -transO=False --perf_config=attn:v1:16,128,32,2,1,1,32,4,1,1,0 -pv
Errors = loc("<stdin>":16:10): error: Fusion with SplitK perfConfig is not legal
Lowering not applicable.

----------------------------------------------------------------------------------------------------
NOT_APPLICABLE: GemmGemmConfiguration(datatype='f16', g=1, m=68, k=108, n=53, o=35, trans_a=True, trans_b=False, trans_c=False, trans_o=False, arch='gfx1100', chip='gfx1100', num_cu=70, num_chiplets=1, perfconfig='attn:v1:16,128,32,2,1,1,32,4,1,1,0')
----------------------------------------------------------------------------------------------------
PASS: GemmGemmConfiguration(datatype='bf16', g=1, m=63, k=27, n=8, o=68, trans_a=True, trans_b=False, trans_c=True, trans_o=True, arch='gfx1100', chip='gfx1100', num_cu=70, num_chiplets=1, perfconfig='attn:v1:128,16,16,1,1,16,16,1,2,1,8')
----------------------------------------------------------------------------------------------------
PASS: GemmGemmConfiguration(datatype='f16', g=1, m=56, k=49, n=91, o=3, trans_a=True, trans_b=False, trans_c=True, trans_o=False, arch='gfx1100', chip='gfx1100', num_cu=70, num_chiplets=1, perfconfig='attn:v1:32,32,128,2,1,8,0,1,1,2,8')
----------------------------------------------------------------------------------------------------
PASS: GemmGemmConfiguration(datatype='bf16', g=1, m=28, k=83, n=106, o=48, trans_a=True, trans_b=True, trans_c=True, trans_o=True, arch='gfx1100', chip='gfx1100', num_cu=70, num_chiplets=1, perfconfig='attn:v1:64,32,128,2,1,8,16,1,1,8,4')
----------------------------------------------------------------------------------------------------
PASS: GemmGemmConfiguration(datatype='f32', g=1, m=117, k=48, n=125, o=114, trans_a=True, trans_b=True, trans_c=False, trans_o=True, arch='gfx1100', chip='gfx1100', num_cu=70, num_chiplets=1, perfconfig='attn:v1:128,16,64,1,1,8,16,2,2,1,4')
----------------------------------------------------------------------------------------------------
PASS: GemmGemmConfiguration(datatype='f16', g=1, m=100, k=77, n=60, o=72, trans_a=False, trans_b=True, trans_c=False, trans_o=False, arch='gfx1100', chip='gfx1100', num_cu=70, num_chiplets=1, perfconfig='attn:v1:32,256,64,2,1,1,32,1,2,4,1')
----------------------------------------------------------------------------------------------------
PASS: GemmGemmConfiguration(datatype='f32', g=1, m=15, k=123, n=23, o=89, trans_a=True, trans_b=True, trans_c=False, trans_o=True, arch='gfx1100', chip='gfx1100', num_cu=70, num_chiplets=1, perfconfig='attn:v1:128,32,32,2,1,1,16,1,2,8,1')
Lowering rejected config as not applicable
Command line = -operation gemm_gemm -t f16 --arch gfx1100 --num_cu 70 --num_chiplets 1 -g 2 -m 82 -k 115 -n 56 -gemmO 79 -transA=False -transB=True -transC=True -transO=False --perf_config=attn:v1:32,32,16,2,1,8,0,3,2,4,2 -pv
Errors = loc("<stdin>":16:10): error: Fusion with SplitK perfConfig is not legal
Lowering not applicable.

----------------------------------------------------------------------------------------------------
NOT_APPLICABLE: GemmGemmConfiguration(datatype='f16', g=2, m=82, k=115, n=56, o=79, trans_a=False, trans_b=True, trans_c=True, trans_o=False, arch='gfx1100', chip='gfx1100', num_cu=70, num_chiplets=1, perfconfig='attn:v1:32,32,16,2,1,8,0,3,2,4,2')
Lowering rejected config as not applicable
Command line = -operation gemm_gemm -t f16 --arch gfx1100 --num_cu 70 --num_chiplets 1 -g 2 -m 68 -k 90 -n 13 -gemmO 22 -transA=True -transB=True -transC=False -transO=True --perf_config=attn:v1:32,64,16,1,1,16,16,2,3,2,8 -pv
Errors = loc("<stdin>":16:10): error: Fusion with SplitK perfConfig is not legal
Lowering not applicable.

----------------------------------------------------------------------------------------------------
NOT_APPLICABLE: GemmGemmConfiguration(datatype='f16', g=2, m=68, k=90, n=13, o=22, trans_a=True, trans_b=True, trans_c=False, trans_o=True, arch='gfx1100', chip='gfx1100', num_cu=70, num_chiplets=1, perfconfig='attn:v1:32,64,16,1,1,16,16,2,3,2,8')
Lowering rejected config as not applicable
Command line = -operation gemm_gemm -t bf16 --arch gfx1100 --num_cu 70 --num_chiplets 1 -g 1 -m 46 -k 70 -n 18 -gemmO 76 -transA=False -transB=True -transC=False -transO=False --perf_config=attn:v1:256,128,64,1,1,1,16,2,1,0,2 -pv -RMS_threshold 1e-2
Errors = loc("<stdin>":15:10): error: Fusion with SplitK perfConfig is not legal
Lowering not applicable.

----------------------------------------------------------------------------------------------------
NOT_APPLICABLE: GemmGemmConfiguration(datatype='bf16', g=1, m=46, k=70, n=18, o=76, trans_a=False, trans_b=True, trans_c=False, trans_o=False, arch='gfx1100', chip='gfx1100', num_cu=70, num_chiplets=1, perfconfig='attn:v1:256,128,64,1,1,1,16,2,1,0,2')
Lowering rejected config as not applicable
Command line = -operation gemm_gemm -t bf16 --arch gfx1100 --num_cu 70 --num_chiplets 1 -g 1 -m 128 -k 71 -n 58 -gemmO 23 -transA=False -transB=True -transC=True -transO=True --perf_config=attn:v1:16,256,32,2,1,8,32,3,3,4,4 -pv -RMS_threshold 1e-2
Errors = loc("<stdin>":15:10): error: Fusion with SplitK perfConfig is not legal
Lowering not applicable.

----------------------------------------------------------------------------------------------------
NOT_APPLICABLE: GemmGemmConfiguration(datatype='bf16', g=1, m=128, k=71, n=58, o=23, trans_a=False, trans_b=True, trans_c=True, trans_o=True, arch='gfx1100', chip='gfx1100', num_cu=70, num_chiplets=1, perfconfig='attn:v1:16,256,32,2,1,8,32,3,3,4,4')
----------------------------------------------------------------------------------------------------
PASS: GemmGemmConfiguration(datatype='f32', g=1, m=73, k=20, n=47, o=78, trans_a=False, trans_b=True, trans_c=False, trans_o=True, arch='gfx1100', chip='gfx1100', num_cu=70, num_chiplets=1, perfconfig='attn:v1:64,16,64,1,1,8,16,3,2,1,2')
----------------------------------------------------------------------------------------------------
PASS: GemmGemmConfiguration(datatype='f32', g=2, m=125, k=41, n=119, o=59, trans_a=True, trans_b=False, trans_c=False, trans_o=True, arch='gfx1100', chip='gfx1100', num_cu=70, num_chiplets=1, perfconfig='attn:v1:32,32,32,1,1,8,32,1,1,1,2')
----------------------------------------------------------------------------------------------------
PASS: GemmGemmConfiguration(datatype='bf16', g=2, m=58, k=19, n=10, o=38, trans_a=True, trans_b=True, trans_c=True, trans_o=False, arch='gfx1100', chip='gfx1100', num_cu=70, num_chiplets=1, perfconfig='attn:v1:128,256,128,2,1,4,32,1,3,0,4')
----------------------------------------------------------------------------------------------------
PASS: GemmGemmConfiguration(datatype='f32', g=2, m=23, k=20, n=31, o=52, trans_a=True, trans_b=True, trans_c=False, trans_o=True, arch='gfx1100', chip='gfx1100', num_cu=70, num_chiplets=1, perfconfig='attn:v1:64,32,64,1,1,1,0,2,2,8,0')
Lowering rejected config as not applicable
Command line = -operation gemm_gemm -t bf16 --arch gfx1100 --num_cu 70 --num_chiplets 1 -g 2 -m 56 -k 121 -n 22 -gemmO 117 -transA=False -transB=True -transC=False -transO=True --perf_config=attn:v1:16,32,32,2,1,1,0,2,1,8,0 -pv -RMS_threshold 1e-2
Errors = loc("<stdin>":16:10): error: Fusion with SplitK perfConfig is not legal
Lowering not applicable.

----------------------------------------------------------------------------------------------------
NOT_APPLICABLE: GemmGemmConfiguration(datatype='bf16', g=2, m=56, k=121, n=22, o=117, trans_a=False, trans_b=True, trans_c=False, trans_o=True, arch='gfx1100', chip='gfx1100', num_cu=70, num_chiplets=1, perfconfig='attn:v1:16,32,32,2,1,1,0,2,1,8,0')
Lowering rejected config as not applicable
Command line = -operation gemm_gemm -t f16 --arch gfx1100 --num_cu 70 --num_chiplets 1 -g 1 -m 49 -k 103 -n 18 -gemmO 62 -transA=True -transB=True -transC=True -transO=True --perf_config=attn:v1:128,256,64,2,1,8,16,2,2,8,2 -pv
Errors = loc("<stdin>":16:10): error: Fusion with SplitK perfConfig is not legal
Lowering not applicable.

----------------------------------------------------------------------------------------------------
NOT_APPLICABLE: GemmGemmConfiguration(datatype='f16', g=1, m=49, k=103, n=18, o=62, trans_a=True, trans_b=True, trans_c=True, trans_o=True, arch='gfx1100', chip='gfx1100', num_cu=70, num_chiplets=1, perfconfig='attn:v1:128,256,64,2,1,8,16,2,2,8,2')
Lowering rejected config as not applicable
Command line = -operation gemm_gemm -t f16 --arch gfx1100 --num_cu 70 --num_chiplets 1 -g 2 -m 33 -k 122 -n 88 -gemmO 52 -transA=False -transB=False -transC=False -transO=True --perf_config=attn:v1:128,32,32,1,1,2,0,4,2,2,1 -pv
Errors = loc("<stdin>":16:10): error: Fusion with SplitK perfConfig is not legal
Lowering not applicable.

----------------------------------------------------------------------------------------------------
NOT_APPLICABLE: GemmGemmConfiguration(datatype='f16', g=2, m=33, k=122, n=88, o=52, trans_a=False, trans_b=False, trans_c=False, trans_o=True, arch='gfx1100', chip='gfx1100', num_cu=70, num_chiplets=1, perfconfig='attn:v1:128,32,32,1,1,2,0,4,2,2,1')
Lowering rejected config as not applicable
Command line = -operation gemm_gemm -t f16 --arch gfx1100 --num_cu 70 --num_chiplets 1 -g 1 -m 22 -k 76 -n 113 -gemmO 128 -transA=True -transB=True -transC=True -transO=False --perf_config=attn:v1:16,64,16,1,1,8,0,3,2,2,4 -pv
Errors = loc("<stdin>":16:10): error: Fusion with SplitK perfConfig is not legal
Lowering not applicable.

----------------------------------------------------------------------------------------------------
NOT_APPLICABLE: GemmGemmConfiguration(datatype='f16', g=1, m=22, k=76, n=113, o=128, trans_a=True, trans_b=True, trans_c=True, trans_o=False, arch='gfx1100', chip='gfx1100', num_cu=70, num_chiplets=1, perfconfig='attn:v1:16,64,16,1,1,8,0,3,2,2,4')
Lowering rejected config as not applicable
Command line = -operation gemm_gemm -t f32 --arch gfx1100 --num_cu 70 --num_chiplets 1 -g 2 -m 61 -k 102 -n 23 -gemmO 81 -transA=False -transB=True -transC=False -transO=False --perf_config=attn:v1:32,256,32,1,1,4,16,2,1,4,1 -pv -relDiff_threshold 1e-4
Errors = loc("<stdin>":10:1): error: ttg.shared (131072) exceeds LDS limit (65536) for amdgcn-amd-amdhsa:gfx1100
Lowering not applicable.

----------------------------------------------------------------------------------------------------
NOT_APPLICABLE: GemmGemmConfiguration(datatype='f32', g=2, m=61, k=102, n=23, o=81, trans_a=False, trans_b=True, trans_c=False, trans_o=False, arch='gfx1100', chip='gfx1100', num_cu=70, num_chiplets=1, perfconfig='attn:v1:32,256,32,1,1,4,16,2,1,4,1')
----------------------------------------------------------------------------------------------------
PASS: GemmGemmConfiguration(datatype='bf16', g=2, m=76, k=70, n=24, o=62, trans_a=True, trans_b=False, trans_c=False, trans_o=False, arch='gfx1100', chip='gfx1100', num_cu=70, num_chiplets=1, perfconfig='attn:v1:128,32,64,2,1,16,32,1,3,0,1')
----------------------------------------------------------------------------------------------------
PASS: GemmGemmConfiguration(datatype='bf16', g=1, m=80, k=22, n=80, o=59, trans_a=False, trans_b=False, trans_c=False, trans_o=False, arch='gfx1100', chip='gfx1100', num_cu=70, num_chiplets=1, perfconfig='attn:v1:32,128,64,1,1,1,0,1,3,2,4')
----------------------------------------------------------------------------------------------------
PASS: GemmGemmConfiguration(datatype='f32', g=1, m=123, k=19, n=90, o=125, trans_a=False, trans_b=True, trans_c=False, trans_o=False, arch='gfx1100', chip='gfx1100', num_cu=70, num_chiplets=1, perfconfig='attn:v1:128,64,128,2,1,4,0,3,2,0,8')
Lowering rejected config as not applicable
Command line = -operation gemm_gemm -t bf16 --arch gfx1100 --num_cu 70 --num_chiplets 1 -g 1 -m 112 -k 98 -n 76 -gemmO 67 -transA=False -transB=False -transC=False -transO=False --perf_config=attn:v1:16,16,32,2,1,1,32,4,2,2,2 -pv -RMS_threshold 1e-2
Errors = loc("<stdin>":16:10): error: Fusion with SplitK perfConfig is not legal
Lowering not applicable.

----------------------------------------------------------------------------------------------------
NOT_APPLICABLE: GemmGemmConfiguration(datatype='bf16', g=1, m=112, k=98, n=76, o=67, trans_a=False, trans_b=False, trans_c=False, trans_o=False, arch='gfx1100', chip='gfx1100', num_cu=70, num_chiplets=1, perfconfig='attn:v1:16,16,32,2,1,1,32,4,2,2,2')
Lowering rejected config as not applicable
Command line = -operation gemm_gemm -t f16 --arch gfx1100 --num_cu 70 --num_chiplets 1 -g 1 -m 5 -k 112 -n 33 -gemmO 114 -transA=False -transB=False -transC=False -transO=True --perf_config=attn:v1:64,256,32,2,1,16,16,3,2,0,2 -pv
Errors = loc("<stdin>":16:10): error: Fusion with SplitK perfConfig is not legal
Lowering not applicable.

----------------------------------------------------------------------------------------------------
NOT_APPLICABLE: GemmGemmConfiguration(datatype='f16', g=1, m=5, k=112, n=33, o=114, trans_a=False, trans_b=False, trans_c=False, trans_o=True, arch='gfx1100', chip='gfx1100', num_cu=70, num_chiplets=1, perfconfig='attn:v1:64,256,32,2,1,16,16,3,2,0,2')
Lowering rejected config as not applicable
Command line = -operation gemm_gemm -t f16 --arch gfx1100 --num_cu 70 --num_chiplets 1 -g 1 -m 82 -k 57 -n 37 -gemmO 100 -transA=True -transB=False -transC=False -transO=False --perf_config=attn:v1:16,32,16,1,1,8,0,4,2,4,8 -pv
Errors = loc("<stdin>":16:10): error: Fusion with SplitK perfConfig is not legal
Lowering not applicable.

----------------------------------------------------------------------------------------------------
NOT_APPLICABLE: GemmGemmConfiguration(datatype='f16', g=1, m=82, k=57, n=37, o=100, trans_a=True, trans_b=False, trans_c=False, trans_o=False, arch='gfx1100', chip='gfx1100', num_cu=70, num_chiplets=1, perfconfig='attn:v1:16,32,16,1,1,8,0,4,2,4,8')
Lowering rejected config as not applicable
Command line = -operation gemm_gemm -t f16 --arch gfx1100 --num_cu 70 --num_chiplets 1 -g 2 -m 128 -k 25 -n 60 -gemmO 102 -transA=False -transB=False -transC=True -transO=True --perf_config=attn:v1:32,128,16,1,1,2,16,4,3,8,0 -pv
Errors = loc("<stdin>":16:10): error: Fusion with SplitK perfConfig is not legal
Lowering not applicable.

----------------------------------------------------------------------------------------------------
NOT_APPLICABLE: GemmGemmConfiguration(datatype='f16', g=2, m=128, k=25, n=60, o=102, trans_a=False, trans_b=False, trans_c=True, trans_o=True, arch='gfx1100', chip='gfx1100', num_cu=70, num_chiplets=1, perfconfig='attn:v1:32,128,16,1,1,2,16,4,3,8,0')
Lowering rejected config as not applicable
Command line = -operation gemm_gemm -t bf16 --arch gfx1100 --num_cu 70 --num_chiplets 1 -g 1 -m 120 -k 128 -n 76 -gemmO 72 -transA=True -transB=True -transC=False -transO=True --perf_config=attn:v1:128,128,128,1,1,4,0,3,2,4,2 -pv -RMS_threshold 1e-2
Errors = loc("<stdin>":16:10): error: Fusion with SplitK perfConfig is not legal
Lowering not applicable.

----------------------------------------------------------------------------------------------------
NOT_APPLICABLE: GemmGemmConfiguration(datatype='bf16', g=1, m=120, k=128, n=76, o=72, trans_a=True, trans_b=True, trans_c=False, trans_o=True, arch='gfx1100', chip='gfx1100', num_cu=70, num_chiplets=1, perfconfig='attn:v1:128,128,128,1,1,4,0,3,2,4,2')
----------------------------------------------------------------------------------------------------
PASS: GemmGemmConfiguration(datatype='f32', g=2, m=117, k=20, n=14, o=96, trans_a=True, trans_b=False, trans_c=True, trans_o=False, arch='gfx1100', chip='gfx1100', num_cu=70, num_chiplets=1, perfconfig='attn:v1:16,64,32,2,1,8,16,3,2,0,0')
Lowering rejected config as not applicable
Command line = -operation gemm_gemm -t f32 --arch gfx1100 --num_cu 70 --num_chiplets 1 -g 2 -m 114 -k 116 -n 19 -gemmO 107 -transA=False -transB=False -transC=False -transO=True --perf_config=attn:v1:256,256,32,2,1,8,16,2,1,2,0 -pv -relDiff_threshold 1e-4
Errors = loc("<stdin>":10:1): error: ttg.shared (262144) exceeds LDS limit (65536) for amdgcn-amd-amdhsa:gfx1100
Lowering not applicable.

----------------------------------------------------------------------------------------------------
NOT_APPLICABLE: GemmGemmConfiguration(datatype='f32', g=2, m=114, k=116, n=19, o=107, trans_a=False, trans_b=False, trans_c=False, trans_o=True, arch='gfx1100', chip='gfx1100', num_cu=70, num_chiplets=1, perfconfig='attn:v1:256,256,32,2,1,8,16,2,1,2,0')
----------------------------------------------------------------------------------------------------
PASS: GemmGemmConfiguration(datatype='f32', g=2, m=19, k=7, n=98, o=85, trans_a=False, trans_b=True, trans_c=False, trans_o=True, arch='gfx1100', chip='gfx1100', num_cu=70, num_chiplets=1, perfconfig='attn:v1:128,128,16,1,1,8,32,1,1,0,1')
Lowering rejected config as not applicable
Command line = -operation gemm_gemm -t bf16 --arch gfx1100 --num_cu 70 --num_chiplets 1 -g 1 -m 64 -k 124 -n 13 -gemmO 71 -transA=False -transB=False -transC=True -transO=True --perf_config=attn:v1:128,32,16,1,1,4,0,4,3,4,1 -pv -RMS_threshold 1e-2
Errors = loc("<stdin>":15:10): error: Fusion with SplitK perfConfig is not legal
Lowering not applicable.

----------------------------------------------------------------------------------------------------
NOT_APPLICABLE: GemmGemmConfiguration(datatype='bf16', g=1, m=64, k=124, n=13, o=71, trans_a=False, trans_b=False, trans_c=True, trans_o=True, arch='gfx1100', chip='gfx1100', num_cu=70, num_chiplets=1, perfconfig='attn:v1:128,32,16,1,1,4,0,4,3,4,1')
Lowering rejected config as not applicable
Command line = -operation gemm_gemm -t bf16 --arch gfx1100 --num_cu 70 --num_chiplets 1 -g 2 -m 10 -k 12 -n 41 -gemmO 115 -transA=True -transB=True -transC=True -transO=True --perf_config=attn:v1:128,16,128,1,1,16,0,4,3,1,4 -pv -RMS_threshold 1e-2
Errors = loc("<stdin>":16:10): error: Fusion with SplitK perfConfig is not legal
Lowering not applicable.

----------------------------------------------------------------------------------------------------
NOT_APPLICABLE: GemmGemmConfiguration(datatype='bf16', g=2, m=10, k=12, n=41, o=115, trans_a=True, trans_b=True, trans_c=True, trans_o=True, arch='gfx1100', chip='gfx1100', num_cu=70, num_chiplets=1, perfconfig='attn:v1:128,16,128,1,1,16,0,4,3,1,4')
Lowering rejected config as not applicable
Command line = -operation gemm_gemm -t bf16 --arch gfx1100 --num_cu 70 --num_chiplets 1 -g 1 -m 98 -k 103 -n 105 -gemmO 81 -transA=True -transB=True -transC=True -transO=False --perf_config=attn:v1:64,64,64,2,1,8,32,3,1,1,1 -pv -RMS_threshold 1e-2
Errors = loc("<stdin>":16:10): error: Fusion with SplitK perfConfig is not legal
Lowering not applicable.

----------------------------------------------------------------------------------------------------
NOT_APPLICABLE: GemmGemmConfiguration(datatype='bf16', g=1, m=98, k=103, n=105, o=81, trans_a=True, trans_b=True, trans_c=True, trans_o=False, arch='gfx1100', chip='gfx1100', num_cu=70, num_chiplets=1, perfconfig='attn:v1:64,64,64,2,1,8,32,3,1,1,1')
Lowering rejected config as not applicable
Command line = -operation gemm_gemm -t f32 --arch gfx1100 --num_cu 70 --num_chiplets 1 -g 1 -m 105 -k 65 -n 43 -gemmO 41 -transA=False -transB=False -transC=False -transO=True --perf_config=attn:v1:32,256,128,2,1,16,16,1,2,1,8 -pv -relDiff_threshold 1e-4
Errors = loc("<stdin>":10:1): error: ttg.shared (131072) exceeds LDS limit (65536) for amdgcn-amd-amdhsa:gfx1100
Lowering not applicable.

----------------------------------------------------------------------------------------------------
NOT_APPLICABLE: GemmGemmConfiguration(datatype='f32', g=1, m=105, k=65, n=43, o=41, trans_a=False, trans_b=False, trans_c=False, trans_o=True, arch='gfx1100', chip='gfx1100', num_cu=70, num_chiplets=1, perfconfig='attn:v1:32,256,128,2,1,16,16,1,2,1,8')
Lowering rejected config as not applicable
Command line = -operation gemm_gemm -t f32 --arch gfx1100 --num_cu 70 --num_chiplets 1 -g 2 -m 85 -k 100 -n 94 -gemmO 102 -transA=False -transB=False -transC=False -transO=True --perf_config=attn:v1:256,128,128,2,1,16,0,4,3,1,4 -pv -relDiff_threshold 1e-4
Errors = loc("<stdin>":10:1): error: ttg.shared (131072) exceeds LDS limit (65536) for amdgcn-amd-amdhsa:gfx1100
Lowering not applicable.

----------------------------------------------------------------------------------------------------
NOT_APPLICABLE: GemmGemmConfiguration(datatype='f32', g=2, m=85, k=100, n=94, o=102, trans_a=False, trans_b=False, trans_c=False, trans_o=True, arch='gfx1100', chip='gfx1100', num_cu=70, num_chiplets=1, perfconfig='attn:v1:256,128,128,2,1,16,0,4,3,1,4')
----------------------------------------------------------------------------------------------------
PASS: GemmGemmConfiguration(datatype='f32', g=1, m=117, k=90, n=44, o=65, trans_a=False, trans_b=True, trans_c=True, trans_o=True, arch='gfx1100', chip='gfx1100', num_cu=70, num_chiplets=1, perfconfig='attn:v1:16,128,64,1,1,16,16,1,1,2,2')
----------------------------------------------------------------------------------------------------
PASS: GemmGemmConfiguration(datatype='f16', g=1, m=71, k=88, n=54, o=117, trans_a=True, trans_b=False, trans_c=False, trans_o=False, arch='gfx1100', chip='gfx1100', num_cu=70, num_chiplets=1, perfconfig='attn:v1:64,256,64,1,1,16,16,1,1,1,8')
----------------------------------------------------------------------------------------------------
PASS: GemmGemmConfiguration(datatype='bf16', g=1, m=56, k=102, n=56, o=96, trans_a=False, trans_b=False, trans_c=False, trans_o=False, arch='gfx1100', chip='gfx1100', num_cu=70, num_chiplets=1, perfconfig='attn:v1:16,128,128,1,1,16,32,1,2,8,0')
Lowering rejected config as not applicable
Command line = -operation gemm_gemm -t f16 --arch gfx1100 --num_cu 70 --num_chiplets 1 -g 2 -m 60 -k 79 -n 54 -gemmO 12 -transA=False -transB=False -transC=False -transO=False --perf_config=attn:v1:16,256,16,1,1,4,0,3,2,1,0 -pv
Errors = loc("<stdin>":16:10): error: Fusion with SplitK perfConfig is not legal
Lowering not applicable.

----------------------------------------------------------------------------------------------------
NOT_APPLICABLE: GemmGemmConfiguration(datatype='f16', g=2, m=60, k=79, n=54, o=12, trans_a=False, trans_b=False, trans_c=False, trans_o=False, arch='gfx1100', chip='gfx1100', num_cu=70, num_chiplets=1, perfconfig='attn:v1:16,256,16,1,1,4,0,3,2,1,0')
Lowering rejected config as not applicable
Command line = -operation gemm_gemm -t f16 --arch gfx1100 --num_cu 70 --num_chiplets 1 -g 2 -m 53 -k 22 -n 99 -gemmO 26 -transA=False -transB=False -transC=False -transO=True --perf_config=attn:v1:128,128,64,1,1,1,16,3,2,1,2 -pv
Errors = loc("<stdin>":16:10): error: Fusion with SplitK perfConfig is not legal
Lowering not applicable.

----------------------------------------------------------------------------------------------------
NOT_APPLICABLE: GemmGemmConfiguration(datatype='f16', g=2, m=53, k=22, n=99, o=26, trans_a=False, trans_b=False, trans_c=False, trans_o=True, arch='gfx1100', chip='gfx1100', num_cu=70, num_chiplets=1, perfconfig='attn:v1:128,128,64,1,1,1,16,3,2,1,2')
Lowering rejected config as not applicable
Command line = -operation gemm_gemm -t bf16 --arch gfx1100 --num_cu 70 --num_chiplets 1 -g 1 -m 81 -k 32 -n 118 -gemmO 19 -transA=True -transB=False -transC=True -transO=False --perf_config=attn:v1:256,32,128,1,1,8,32,2,2,4,0 -pv -RMS_threshold 1e-2
Errors = loc("<stdin>":15:10): error: Fusion with SplitK perfConfig is not legal
Lowering not applicable.

----------------------------------------------------------------------------------------------------
NOT_APPLICABLE: GemmGemmConfiguration(datatype='bf16', g=1, m=81, k=32, n=118, o=19, trans_a=True, trans_b=False, trans_c=True, trans_o=False, arch='gfx1100', chip='gfx1100', num_cu=70, num_chiplets=1, perfconfig='attn:v1:256,32,128,1,1,8,32,2,2,4,0')
Lowering rejected config as not applicable
Command line = -operation gemm_gemm -t f32 --arch gfx1100 --num_cu 70 --num_chiplets 1 -g 2 -m 35 -k 111 -n 55 -gemmO 31 -transA=True -transB=True -transC=True -transO=False --perf_config=attn:v1:32,256,32,1,1,1,0,3,3,0,4 -pv -relDiff_threshold 1e-4
Errors = loc("<stdin>":10:1): error: ttg.shared (73728) exceeds LDS limit (65536) for amdgcn-amd-amdhsa:gfx1100
Lowering not applicable.

----------------------------------------------------------------------------------------------------
NOT_APPLICABLE: GemmGemmConfiguration(datatype='f32', g=2, m=35, k=111, n=55, o=31, trans_a=True, trans_b=True, trans_c=True, trans_o=False, arch='gfx1100', chip='gfx1100', num_cu=70, num_chiplets=1, perfconfig='attn:v1:32,256,32,1,1,1,0,3,3,0,4')
----------------------------------------------------------------------------------------------------
PASS: GemmGemmConfiguration(datatype='f32', g=1, m=14, k=81, n=38, o=28, trans_a=True, trans_b=False, trans_c=False, trans_o=True, arch='gfx1100', chip='gfx1100', num_cu=70, num_chiplets=1, perfconfig='attn:v1:16,64,32,2,1,2,16,2,2,0,1')
----------------------------------------------------------------------------------------------------
PASS: GemmGemmConfiguration(datatype='f32', g=1, m=61, k=110, n=35, o=81, trans_a=False, trans_b=False, trans_c=False, trans_o=True, arch='gfx1100', chip='gfx1100', num_cu=70, num_chiplets=1, perfconfig='attn:v1:16,32,64,2,1,2,16,2,1,8,8')
----------------------------------------------------------------------------------------------------
PASS: GemmGemmConfiguration(datatype='f32', g=2, m=72, k=75, n=28, o=89, trans_a=False, trans_b=True, trans_c=True, trans_o=False, arch='gfx1100', chip='gfx1100', num_cu=70, num_chiplets=1, perfconfig='attn:v1:64,64,64,2,1,8,16,4,1,0,1')
----------------------------------------------------------------------------------------------------
PASS: GemmGemmConfiguration(datatype='f32', g=1, m=57, k=112, n=121, o=121, trans_a=True, trans_b=False, trans_c=True, trans_o=False, arch='gfx1100', chip='gfx1100', num_cu=70, num_chiplets=1, perfconfig='attn:v1:64,32,128,1,1,2,0,4,1,8,0')
Lowering rejected config as not applicable
Command line = -operation gemm_gemm -t bf16 --arch gfx1100 --num_cu 70 --num_chiplets 1 -g 2 -m 101 -k 48 -n 80 -gemmO 30 -transA=True -transB=False -transC=False -transO=False --perf_config=attn:v1:16,16,128,1,1,1,0,4,1,0,0 -pv -RMS_threshold 1e-2
Errors = loc("<stdin>":16:10): error: Fusion with SplitK perfConfig is not legal
Lowering not applicable.

----------------------------------------------------------------------------------------------------
NOT_APPLICABLE: GemmGemmConfiguration(datatype='bf16', g=2, m=101, k=48, n=80, o=30, trans_a=True, trans_b=False, trans_c=False, trans_o=False, arch='gfx1100', chip='gfx1100', num_cu=70, num_chiplets=1, perfconfig='attn:v1:16,16,128,1,1,1,0,4,1,0,0')
Lowering rejected config as not applicable
Command line = -operation gemm_gemm -t bf16 --arch gfx1100 --num_cu 70 --num_chiplets 1 -g 1 -m 104 -k 116 -n 117 -gemmO 16 -transA=False -transB=True -transC=False -transO=False --perf_config=attn:v1:32,256,16,2,1,4,32,2,1,0,1 -pv -RMS_threshold 1e-2
Errors = loc("<stdin>":15:10): error: Fusion with SplitK perfConfig is not legal
Lowering not applicable.

----------------------------------------------------------------------------------------------------
NOT_APPLICABLE: GemmGemmConfiguration(datatype='bf16', g=1, m=104, k=116, n=117, o=16, trans_a=False, trans_b=True, trans_c=False, trans_o=False, arch='gfx1100', chip='gfx1100', num_cu=70, num_chiplets=1, perfconfig='attn:v1:32,256,16,2,1,4,32,2,1,0,1')
Lowering rejected config as not applicable
Command line = -operation gemm_gemm -t f16 --arch gfx1100 --num_cu 70 --num_chiplets 1 -g 2 -m 20 -k 98 -n 24 -gemmO 71 -transA=False -transB=False -transC=False -transO=True --perf_config=attn:v1:64,128,16,2,1,4,0,2,1,0,1 -pv
Errors = loc("<stdin>":16:10): error: Fusion with SplitK perfConfig is not legal
Lowering not applicable.

----------------------------------------------------------------------------------------------------
NOT_APPLICABLE: GemmGemmConfiguration(datatype='f16', g=2, m=20, k=98, n=24, o=71, trans_a=False, trans_b=False, trans_c=False, trans_o=True, arch='gfx1100', chip='gfx1100', num_cu=70, num_chiplets=1, perfconfig='attn:v1:64,128,16,2,1,4,0,2,1,0,1')
Lowering rejected config as not applicable
Command line = -operation gemm_gemm -t bf16 --arch gfx1100 --num_cu 70 --num_chiplets 1 -g 2 -m 72 -k 27 -n 68 -gemmO 72 -transA=False -transB=False -transC=True -transO=False --perf_config=attn:v1:128,128,128,1,1,4,32,4,3,4,8 -pv -RMS_threshold 1e-2
Errors = loc("<stdin>":16:10): error: Fusion with SplitK perfConfig is not legal
Lowering not applicable.

----------------------------------------------------------------------------------------------------
NOT_APPLICABLE: GemmGemmConfiguration(datatype='bf16', g=2, m=72, k=27, n=68, o=72, trans_a=False, trans_b=False, trans_c=True, trans_o=False, arch='gfx1100', chip='gfx1100', num_cu=70, num_chiplets=1, perfconfig='attn:v1:128,128,128,1,1,4,32,4,3,4,8')
----------------------------------------------------------------------------------------------------
PASS: GemmGemmConfiguration(datatype='f16', g=2, m=88, k=106, n=40, o=44, trans_a=True, trans_b=False, trans_c=True, trans_o=False, arch='gfx1100', chip='gfx1100', num_cu=70, num_chiplets=1, perfconfig='attn:v1:32,16,64,1,1,4,32,1,2,1,8')
----------------------------------------------------------------------------------------------------
PASS: GemmGemmConfiguration(datatype='bf16', g=1, m=120, k=105, n=76, o=15, trans_a=True, trans_b=False, trans_c=False, trans_o=False, arch='gfx1100', chip='gfx1100', num_cu=70, num_chiplets=1, perfconfig='attn:v1:16,128,64,2,1,16,32,1,3,0,8')
----------------------------------------------------------------------------------------------------
PASS: GemmGemmConfiguration(datatype='f32', g=2, m=90, k=98, n=42, o=88, trans_a=False, trans_b=False, trans_c=False, trans_o=True, arch='gfx1100', chip='gfx1100', num_cu=70, num_chiplets=1, perfconfig='attn:v1:32,32,32,1,1,1,16,3,2,0,8')
----------------------------------------------------------------------------------------------------
PASS: GemmGemmConfiguration(datatype='f32', g=2, m=25, k=56, n=52, o=37, trans_a=False, trans_b=False, trans_c=True, trans_o=True, arch='gfx1100', chip='gfx1100', num_cu=70, num_chiplets=1, perfconfig='attn:v1:128,128,32,2,1,8,32,3,3,1,4')
Lowering rejected config as not applicable
Command line = -operation gemm_gemm -t bf16 --arch gfx1100 --num_cu 70 --num_chiplets 1 -g 2 -m 90 -k 124 -n 63 -gemmO 100 -transA=False -transB=True -transC=True -transO=True --perf_config=attn:v1:256,32,128,1,1,8,16,3,2,8,1 -pv -RMS_threshold 1e-2
Errors = loc("<stdin>":16:10): error: Fusion with SplitK perfConfig is not legal
Lowering not applicable.

----------------------------------------------------------------------------------------------------
NOT_APPLICABLE: GemmGemmConfiguration(datatype='bf16', g=2, m=90, k=124, n=63, o=100, trans_a=False, trans_b=True, trans_c=True, trans_o=True, arch='gfx1100', chip='gfx1100', num_cu=70, num_chiplets=1, perfconfig='attn:v1:256,32,128,1,1,8,16,3,2,8,1')
Lowering rejected config as not applicable
Command line = -operation gemm_gemm -t f16 --arch gfx1100 --num_cu 70 --num_chiplets 1 -g 2 -m 122 -k 53 -n 21 -gemmO 81 -transA=True -transB=False -transC=True -transO=False --perf_config=attn:v1:256,32,64,1,1,1,0,3,1,8,0 -pv
Errors = loc("<stdin>":16:10): error: Fusion with SplitK perfConfig is not legal
Lowering not applicable.

----------------------------------------------------------------------------------------------------
NOT_APPLICABLE: GemmGemmConfiguration(datatype='f16', g=2, m=122, k=53, n=21, o=81, trans_a=True, trans_b=False, trans_c=True, trans_o=False, arch='gfx1100', chip='gfx1100', num_cu=70, num_chiplets=1, perfconfig='attn:v1:256,32,64,1,1,1,0,3,1,8,0')
Lowering rejected config as not applicable
Command line = -operation gemm_gemm -t bf16 --arch gfx1100 --num_cu 70 --num_chiplets 1 -g 1 -m 46 -k 36 -n 75 -gemmO 13 -transA=True -transB=False -transC=True -transO=False --perf_config=attn:v1:32,64,64,2,1,2,0,3,1,0,4 -pv -RMS_threshold 1e-2
Errors = loc("<stdin>":15:10): error: Fusion with SplitK perfConfig is not legal
Lowering not applicable.

----------------------------------------------------------------------------------------------------
NOT_APPLICABLE: GemmGemmConfiguration(datatype='bf16', g=1, m=46, k=36, n=75, o=13, trans_a=True, trans_b=False, trans_c=True, trans_o=False, arch='gfx1100', chip='gfx1100', num_cu=70, num_chiplets=1, perfconfig='attn:v1:32,64,64,2,1,2,0,3,1,0,4')
----------------------------------------------------------------------------------------------------
PASS: GemmGemmConfiguration(datatype='f32', g=1, m=104, k=120, n=38, o=14, trans_a=False, trans_b=False, trans_c=False, trans_o=False, arch='gfx1100', chip='gfx1100', num_cu=70, num_chiplets=1, perfconfig='attn:v1:64,128,16,1,1,16,16,2,1,4,4')
----------------------------------------------------------------------------------------------------
PASS: GemmGemmConfiguration(datatype='f32', g=2, m=49, k=74, n=110, o=119, trans_a=False, trans_b=False, trans_c=False, trans_o=False, arch='gfx1100', chip='gfx1100', num_cu=70, num_chiplets=1, perfconfig='attn:v1:32,64,32,1,1,16,0,2,1,1,0')
----------------------------------------------------------------------------------------------------
PASS: GemmGemmConfiguration(datatype='f32', g=1, m=11, k=84, n=50, o=25, trans_a=True, trans_b=True, trans_c=True, trans_o=False, arch='gfx1100', chip='gfx1100', num_cu=70, num_chiplets=1, perfconfig='attn:v1:32,16,16,1,1,4,0,1,1,2,0')
----------------------------------------------------------------------------------------------------
PASS: GemmGemmConfiguration(datatype='f32', g=2, m=33, k=119, n=17, o=3, trans_a=True, trans_b=True, trans_c=True, trans_o=True, arch='gfx1100', chip='gfx1100', num_cu=70, num_chiplets=1, perfconfig='attn:v1:16,32,128,2,1,8,16,3,2,1,0')
----------------------------------------------------------------------------------------------------
PASS: GemmGemmConfiguration(datatype='f32', g=2, m=57, k=96, n=21, o=75, trans_a=False, trans_b=True, trans_c=False, trans_o=False, arch='gfx1100', chip='gfx1100', num_cu=70, num_chiplets=1, perfconfig='attn:v1:128,64,64,1,1,2,32,1,2,8,0')
Lowering rejected config as not applicable
Command line = -operation gemm_gemm -t bf16 --arch gfx1100 --num_cu 70 --num_chiplets 1 -g 1 -m 93 -k 17 -n 27 -gemmO 119 -transA=True -transB=True -transC=True -transO=False --perf_config=attn:v1:128,128,128,2,1,4,32,3,2,2,0 -pv -RMS_threshold 1e-2
Errors = loc("<stdin>":16:10): error: Fusion with SplitK perfConfig is not legal
Lowering not applicable.

----------------------------------------------------------------------------------------------------
NOT_APPLICABLE: GemmGemmConfiguration(datatype='bf16', g=1, m=93, k=17, n=27, o=119, trans_a=True, trans_b=True, trans_c=True, trans_o=False, arch='gfx1100', chip='gfx1100', num_cu=70, num_chiplets=1, perfconfig='attn:v1:128,128,128,2,1,4,32,3,2,2,0')
Lowering rejected config as not applicable
Command line = -operation gemm_gemm -t bf16 --arch gfx1100 --num_cu 70 --num_chiplets 1 -g 1 -m 48 -k 34 -n 53 -gemmO 61 -transA=True -transB=False -transC=True -transO=True --perf_config=attn:v1:64,128,32,2,1,2,0,4,2,4,8 -pv -RMS_threshold 1e-2
Errors = loc("<stdin>":15:10): error: Fusion with SplitK perfConfig is not legal
Lowering not applicable.

----------------------------------------------------------------------------------------------------
NOT_APPLICABLE: GemmGemmConfiguration(datatype='bf16', g=1, m=48, k=34, n=53, o=61, trans_a=True, trans_b=False, trans_c=True, trans_o=True, arch='gfx1100', chip='gfx1100', num_cu=70, num_chiplets=1, perfconfig='attn:v1:64,128,32,2,1,2,0,4,2,4,8')
Lowering rejected config as not applicable
Command line = -operation gemm_gemm -t bf16 --arch gfx1100 --num_cu 70 --num_chiplets 1 -g 1 -m 40 -k 45 -n 75 -gemmO 122 -transA=False -transB=False -transC=False -transO=True --perf_config=attn:v1:64,128,32,1,1,16,16,4,2,4,1 -pv -RMS_threshold 1e-2
Errors = loc("<stdin>":16:10): error: Fusion with SplitK perfConfig is not legal
Lowering not applicable.

----------------------------------------------------------------------------------------------------
NOT_APPLICABLE: GemmGemmConfiguration(datatype='bf16', g=1, m=40, k=45, n=75, o=122, trans_a=False, trans_b=False, trans_c=False, trans_o=True, arch='gfx1100', chip='gfx1100', num_cu=70, num_chiplets=1, perfconfig='attn:v1:64,128,32,1,1,16,16,4,2,4,1')
Lowering rejected config as not applicable
Command line = -operation gemm_gemm -t bf16 --arch gfx1100 --num_cu 70 --num_chiplets 1 -g 1 -m 102 -k 9 -n 46 -gemmO 85 -transA=False -transB=True -transC=False -transO=False --perf_config=attn:v1:64,256,128,1,1,1,32,3,3,1,1 -pv -RMS_threshold 1e-2
Errors = loc("<stdin>":15:10): error: Fusion with SplitK perfConfig is not legal
Lowering not applicable.

----------------------------------------------------------------------------------------------------
NOT_APPLICABLE: GemmGemmConfiguration(datatype='bf16', g=1, m=102, k=9, n=46, o=85, trans_a=False, trans_b=True, trans_c=False, trans_o=False, arch='gfx1100', chip='gfx1100', num_cu=70, num_chiplets=1, perfconfig='attn:v1:64,256,128,1,1,1,32,3,3,1,1')
Lowering rejected config as not applicable
Command line = -operation gemm_gemm -t bf16 --arch gfx1100 --num_cu 70 --num_chiplets 1 -g 2 -m 90 -k 124 -n 64 -gemmO 14 -transA=True -transB=False -transC=False -transO=True --perf_config=attn:v1:16,128,128,1,1,2,32,2,3,0,4 -pv -RMS_threshold 1e-2
Errors = loc("<stdin>":16:10): error: Fusion with SplitK perfConfig is not legal
Lowering not applicable.

----------------------------------------------------------------------------------------------------
NOT_APPLICABLE: GemmGemmConfiguration(datatype='bf16', g=2, m=90, k=124, n=64, o=14, trans_a=True, trans_b=False, trans_c=False, trans_o=True, arch='gfx1100', chip='gfx1100', num_cu=70, num_chiplets=1, perfconfig='attn:v1:16,128,128,1,1,2,32,2,3,0,4')
Lowering rejected config as not applicable
Command line = -operation gemm_gemm -t f32 --arch gfx1100 --num_cu 70 --num_chiplets 1 -g 1 -m 104 -k 81 -n 81 -gemmO 93 -transA=True -transB=True -transC=True -transO=True --perf_config=attn:v1:256,64,64,2,1,16,32,4,2,8,8 -pv -relDiff_threshold 1e-4
Errors = loc("<stdin>":9:1): error: ttg.shared (131072) exceeds LDS limit (65536) for amdgcn-amd-amdhsa:gfx1100
Lowering not applicable.

----------------------------------------------------------------------------------------------------
NOT_APPLICABLE: GemmGemmConfiguration(datatype='f32', g=1, m=104, k=81, n=81, o=93, trans_a=True, trans_b=True, trans_c=True, trans_o=True, arch='gfx1100', chip='gfx1100', num_cu=70, num_chiplets=1, perfconfig='attn:v1:256,64,64,2,1,16,32,4,2,8,8')
----------------------------------------------------------------------------------------------------
PASS: GemmGemmConfiguration(datatype='f32', g=1, m=122, k=72, n=28, o=10, trans_a=True, trans_b=False, trans_c=False, trans_o=True, arch='gfx1100', chip='gfx1100', num_cu=70, num_chiplets=1, perfconfig='attn:v1:64,32,32,2,1,16,32,3,2,0,1')
----------------------------------------------------------------------------------------------------
PASS: GemmGemmConfiguration(datatype='f32', g=1, m=61, k=68, n=44, o=85, trans_a=True, trans_b=True, trans_c=True, trans_o=True, arch='gfx1100', chip='gfx1100', num_cu=70, num_chiplets=1, perfconfig='attn:v1:64,128,32,2,1,16,0,1,3,8,2')
Lowering rejected config as not applicable
Command line = -operation gemm_gemm -t bf16 --arch gfx1100 --num_cu 70 --num_chiplets 1 -g 2 -m 30 -k 57 -n 64 -gemmO 51 -transA=False -transB=True -transC=False -transO=True --perf_config=attn:v1:128,16,32,1,1,8,16,2,2,4,1 -pv -RMS_threshold 1e-2
Errors = loc("<stdin>":16:10): error: Fusion with SplitK perfConfig is not legal
Lowering not applicable.

----------------------------------------------------------------------------------------------------
NOT_APPLICABLE: GemmGemmConfiguration(datatype='bf16', g=2, m=30, k=57, n=64, o=51, trans_a=False, trans_b=True, trans_c=False, trans_o=True, arch='gfx1100', chip='gfx1100', num_cu=70, num_chiplets=1, perfconfig='attn:v1:128,16,32,1,1,8,16,2,2,4,1')
Lowering rejected config as not applicable
Command line = -operation gemm_gemm -t f16 --arch gfx1100 --num_cu 70 --num_chiplets 1 -g 1 -m 104 -k 7 -n 12 -gemmO 80 -transA=False -transB=False -transC=True -transO=True --perf_config=attn:v1:32,16,128,2,1,8,32,4,3,8,8 -pv
Errors = loc("<stdin>":15:10): error: Fusion with SplitK perfConfig is not legal
Lowering not applicable.

----------------------------------------------------------------------------------------------------
NOT_APPLICABLE: GemmGemmConfiguration(datatype='f16', g=1, m=104, k=7, n=12, o=80, trans_a=False, trans_b=False, trans_c=True, trans_o=True, arch='gfx1100', chip='gfx1100', num_cu=70, num_chiplets=1, perfconfig='attn:v1:32,16,128,2,1,8,32,4,3,8,8')
Lowering rejected config as not applicable
Command line = -operation gemm_gemm -t bf16 --arch gfx1100 --num_cu 70 --num_chiplets 1 -g 2 -m 74 -k 115 -n 30 -gemmO 26 -transA=True -transB=True -transC=False -transO=False --perf_config=attn:v1:128,64,128,1,1,16,0,2,2,8,1 -pv -RMS_threshold 1e-2
Errors = loc("<stdin>":16:10): error: Fusion with SplitK perfConfig is not legal
Lowering not applicable.

----------------------------------------------------------------------------------------------------
NOT_APPLICABLE: GemmGemmConfiguration(datatype='bf16', g=2, m=74, k=115, n=30, o=26, trans_a=True, trans_b=True, trans_c=False, trans_o=False, arch='gfx1100', chip='gfx1100', num_cu=70, num_chiplets=1, perfconfig='attn:v1:128,64,128,1,1,16,0,2,2,8,1')
Lowering rejected config as not applicable
Command line = -operation gemm_gemm -t f16 --arch gfx1100 --num_cu 70 --num_chiplets 1 -g 1 -m 111 -k 81 -n 23 -gemmO 124 -transA=False -transB=False -transC=True -transO=False --perf_config=attn:v1:32,32,32,1,1,2,16,3,3,4,0 -pv
Errors = loc("<stdin>":15:10): error: Fusion with SplitK perfConfig is not legal
Lowering not applicable.

----------------------------------------------------------------------------------------------------
NOT_APPLICABLE: GemmGemmConfiguration(datatype='f16', g=1, m=111, k=81, n=23, o=124, trans_a=False, trans_b=False, trans_c=True, trans_o=False, arch='gfx1100', chip='gfx1100', num_cu=70, num_chiplets=1, perfconfig='attn:v1:32,32,32,1,1,2,16,3,3,4,0')
Lowering rejected config as not applicable
Command line = -operation gemm_gemm -t f16 --arch gfx1100 --num_cu 70 --num_chiplets 1 -g 2 -m 96 -k 112 -n 95 -gemmO 83 -transA=False -transB=True -transC=True -transO=True --perf_config=attn:v1:32,32,128,2,1,1,16,3,3,0,0 -pv
Errors = loc("<stdin>":16:10): error: Fusion with SplitK perfConfig is not legal
Lowering not applicable.

----------------------------------------------------------------------------------------------------
NOT_APPLICABLE: GemmGemmConfiguration(datatype='f16', g=2, m=96, k=112, n=95, o=83, trans_a=False, trans_b=True, trans_c=True, trans_o=True, arch='gfx1100', chip='gfx1100', num_cu=70, num_chiplets=1, perfconfig='attn:v1:32,32,128,2,1,1,16,3,3,0,0')
----------------------------------------------------------------------------------------------------
PASS: GemmGemmConfiguration(datatype='f32', g=2, m=48, k=60, n=116, o=75, trans_a=True, trans_b=True, trans_c=False, trans_o=False, arch='gfx1100', chip='gfx1100', num_cu=70, num_chiplets=1, perfconfig='attn:v1:16,32,16,2,1,8,16,4,3,4,4')
----------------------------------------------------------------------------------------------------
PASS: GemmGemmConfiguration(datatype='bf16', g=2, m=10, k=87, n=10, o=19, trans_a=True, trans_b=False, trans_c=True, trans_o=True, arch='gfx1100', chip='gfx1100', num_cu=70, num_chiplets=1, perfconfig='attn:v1:32,32,64,2,1,8,32,1,1,2,8')
----------------------------------------------------------------------------------------------------
PASS: GemmGemmConfiguration(datatype='f32', g=2, m=86, k=86, n=120, o=78, trans_a=True, trans_b=False, trans_c=False, trans_o=False, arch='gfx1100', chip='gfx1100', num_cu=70, num_chiplets=1, perfconfig='attn:v1:64,16,32,1,1,8,0,2,1,2,0')
Lowering rejected config as not applicable
Command line = -operation gemm_gemm -t bf16 --arch gfx1100 --num_cu 70 --num_chiplets 1 -g 2 -m 16 -k 21 -n 83 -gemmO 102 -transA=True -transB=True -transC=False -transO=True --perf_config=attn:v1:128,16,64,1,1,4,32,4,2,4,2 -pv -RMS_threshold 1e-2
Errors = loc("<stdin>":16:10): error: Fusion with SplitK perfConfig is not legal
Lowering not applicable.

----------------------------------------------------------------------------------------------------
NOT_APPLICABLE: GemmGemmConfiguration(datatype='bf16', g=2, m=16, k=21, n=83, o=102, trans_a=True, trans_b=True, trans_c=False, trans_o=True, arch='gfx1100', chip='gfx1100', num_cu=70, num_chiplets=1, perfconfig='attn:v1:128,16,64,1,1,4,32,4,2,4,2')
Lowering rejected config as not applicable
Command line = -operation gemm_gemm -t f16 --arch gfx1100 --num_cu 70 --num_chiplets 1 -g 1 -m 78 -k 62 -n 30 -gemmO 45 -transA=False -transB=False -transC=True -transO=False --perf_config=attn:v1:64,128,32,1,1,2,32,4,3,1,8 -pv
Errors = loc("<stdin>":15:10): error: Fusion with SplitK perfConfig is not legal
Lowering not applicable.

----------------------------------------------------------------------------------------------------
NOT_APPLICABLE: GemmGemmConfiguration(datatype='f16', g=1, m=78, k=62, n=30, o=45, trans_a=False, trans_b=False, trans_c=True, trans_o=False, arch='gfx1100', chip='gfx1100', num_cu=70, num_chiplets=1, perfconfig='attn:v1:64,128,32,1,1,2,32,4,3,1,8')
Lowering rejected config as not applicable
Command line = -operation gemm_gemm -t bf16 --arch gfx1100 --num_cu 70 --num_chiplets 1 -g 2 -m 119 -k 100 -n 27 -gemmO 79 -transA=True -transB=True -transC=True -transO=False --perf_config=attn:v1:64,64,32,2,1,8,32,3,3,8,8 -pv -RMS_threshold 1e-2
Errors = loc("<stdin>":16:10): error: Fusion with SplitK perfConfig is not legal
Lowering not applicable.

----------------------------------------------------------------------------------------------------
NOT_APPLICABLE: GemmGemmConfiguration(datatype='bf16', g=2, m=119, k=100, n=27, o=79, trans_a=True, trans_b=True, trans_c=True, trans_o=False, arch='gfx1100', chip='gfx1100', num_cu=70, num_chiplets=1, perfconfig='attn:v1:64,64,32,2,1,8,32,3,3,8,8')
Lowering rejected config as not applicable
Command line = -operation gemm_gemm -t bf16 --arch gfx1100 --num_cu 70 --num_chiplets 1 -g 2 -m 94 -k 81 -n 80 -gemmO 78 -transA=False -transB=True -transC=True -transO=True --perf_config=attn:v1:128,32,16,2,1,1,16,3,2,4,4 -pv -RMS_threshold 1e-2
Errors = loc("<stdin>":16:10): error: Fusion with SplitK perfConfig is not legal
Lowering not applicable.

----------------------------------------------------------------------------------------------------
NOT_APPLICABLE: GemmGemmConfiguration(datatype='bf16', g=2, m=94, k=81, n=80, o=78, trans_a=False, trans_b=True, trans_c=True, trans_o=True, arch='gfx1100', chip='gfx1100', num_cu=70, num_chiplets=1, perfconfig='attn:v1:128,32,16,2,1,1,16,3,2,4,4')
----------------------------------------------------------------------------------------------------
PASS: GemmGemmConfiguration(datatype='f32', g=2, m=119, k=88, n=35, o=58, trans_a=False, trans_b=False, trans_c=False, trans_o=False, arch='gfx1100', chip='gfx1100', num_cu=70, num_chiplets=1, perfconfig='attn:v1:16,128,16,2,1,16,16,4,3,2,4')
----------------------------------------------------------------------------------------------------
PASS: GemmGemmConfiguration(datatype='f16', g=1, m=108, k=76, n=9, o=26, trans_a=True, trans_b=False, trans_c=True, trans_o=True, arch='gfx1100', chip='gfx1100', num_cu=70, num_chiplets=1, perfconfig='attn:v1:32,128,32,2,1,2,16,1,2,2,2')
----------------------------------------------------------------------------------------------------
PASS: GemmGemmConfiguration(datatype='bf16', g=2, m=16, k=116, n=119, o=42, trans_a=True, trans_b=True, trans_c=True, trans_o=True, arch='gfx1100', chip='gfx1100', num_cu=70, num_chiplets=1, perfconfig='attn:v1:16,64,128,2,1,16,16,1,3,4,0')
----------------------------------------------------------------------------------------------------
PASS: GemmGemmConfiguration(datatype='f32', g=1, m=69, k=124, n=31, o=119, trans_a=True, trans_b=True, trans_c=False, trans_o=True, arch='gfx1100', chip='gfx1100', num_cu=70, num_chiplets=1, perfconfig='attn:v1:64,32,16,2,1,1,32,3,2,2,4')
Lowering rejected config as not applicable
Command line = -operation gemm_gemm -t bf16 --arch gfx1100 --num_cu 70 --num_chiplets 1 -g 2 -m 114 -k 76 -n 62 -gemmO 57 -transA=False -transB=True -transC=True -transO=False --perf_config=attn:v1:256,32,128,2,1,8,16,3,2,2,0 -pv -RMS_threshold 1e-2
Errors = loc("<stdin>":16:10): error: Fusion with SplitK perfConfig is not legal
Lowering not applicable.

----------------------------------------------------------------------------------------------------
NOT_APPLICABLE: GemmGemmConfiguration(datatype='bf16', g=2, m=114, k=76, n=62, o=57, trans_a=False, trans_b=True, trans_c=True, trans_o=False, arch='gfx1100', chip='gfx1100', num_cu=70, num_chiplets=1, perfconfig='attn:v1:256,32,128,2,1,8,16,3,2,2,0')
Lowering rejected config as not applicable
Command line = -operation gemm_gemm -t f16 --arch gfx1100 --num_cu 70 --num_chiplets 1 -g 2 -m 25 -k 48 -n 118 -gemmO 116 -transA=True -transB=False -transC=False -transO=False --perf_config=attn:v1:128,64,32,2,1,1,0,4,3,0,1 -pv
Errors = loc("<stdin>":16:10): error: Fusion with SplitK perfConfig is not legal
Lowering not applicable.

----------------------------------------------------------------------------------------------------
NOT_APPLICABLE: GemmGemmConfiguration(datatype='f16', g=2, m=25, k=48, n=118, o=116, trans_a=True, trans_b=False, trans_c=False, trans_o=False, arch='gfx1100', chip='gfx1100', num_cu=70, num_chiplets=1, perfconfig='attn:v1:128,64,32,2,1,1,0,4,3,0,1')
Lowering rejected config as not applicable
Command line = -operation gemm_gemm -t bf16 --arch gfx1100 --num_cu 70 --num_chiplets 1 -g 1 -m 31 -k 57 -n 10 -gemmO 9 -transA=True -transB=True -transC=True -transO=False --perf_config=attn:v1:32,256,32,1,1,16,16,2,3,8,4 -pv -RMS_threshold 1e-2
Errors = loc("<stdin>":16:10): error: Fusion with SplitK perfConfig is not legal
Lowering not applicable.

----------------------------------------------------------------------------------------------------
NOT_APPLICABLE: GemmGemmConfiguration(datatype='bf16', g=1, m=31, k=57, n=10, o=9, trans_a=True, trans_b=True, trans_c=True, trans_o=False, arch='gfx1100', chip='gfx1100', num_cu=70, num_chiplets=1, perfconfig='attn:v1:32,256,32,1,1,16,16,2,3,8,4')
Lowering rejected config as not applicable
Command line = -operation gemm_gemm -t f16 --arch gfx1100 --num_cu 70 --num_chiplets 1 -g 2 -m 99 -k 75 -n 118 -gemmO 47 -transA=True -transB=True -transC=False -transO=False --perf_config=attn:v1:64,128,64,2,1,8,16,3,1,1,2 -pv
Errors = loc("<stdin>":16:10): error: Fusion with SplitK perfConfig is not legal
Lowering not applicable.

----------------------------------------------------------------------------------------------------
NOT_APPLICABLE: GemmGemmConfiguration(datatype='f16', g=2, m=99, k=75, n=118, o=47, trans_a=True, trans_b=True, trans_c=False, trans_o=False, arch='gfx1100', chip='gfx1100', num_cu=70, num_chiplets=1, perfconfig='attn:v1:64,128,64,2,1,8,16,3,1,1,2')
Lowering rejected config as not applicable
Command line = -operation gemm_gemm -t bf16 --arch gfx1100 --num_cu 70 --num_chiplets 1 -g 2 -m 94 -k 4 -n 55 -gemmO 27 -transA=True -transB=True -transC=False -transO=True --perf_config=attn:v1:256,256,128,1,1,16,0,4,2,8,1 -pv -RMS_threshold 1e-2
Errors = loc("<stdin>":16:10): error: Fusion with SplitK perfConfig is not legal
Lowering not applicable.

----------------------------------------------------------------------------------------------------
NOT_APPLICABLE: GemmGemmConfiguration(datatype='bf16', g=2, m=94, k=4, n=55, o=27, trans_a=True, trans_b=True, trans_c=False, trans_o=True, arch='gfx1100', chip='gfx1100', num_cu=70, num_chiplets=1, perfconfig='attn:v1:256,256,128,1,1,16,0,4,2,8,1')
Lowering rejected config as not applicable
Command line = -operation gemm_gemm -t bf16 --arch gfx1100 --num_cu 70 --num_chiplets 1 -g 1 -m 61 -k 76 -n 2 -gemmO 52 -transA=True -transB=False -transC=True -transO=False --perf_config=attn:v1:256,256,32,1,1,8,0,4,1,2,2 -pv -RMS_threshold 1e-2
Errors = loc("<stdin>":15:10): error: Fusion with SplitK perfConfig is not legal
Lowering not applicable.

----------------------------------------------------------------------------------------------------
NOT_APPLICABLE: GemmGemmConfiguration(datatype='bf16', g=1, m=61, k=76, n=2, o=52, trans_a=True, trans_b=False, trans_c=True, trans_o=False, arch='gfx1100', chip='gfx1100', num_cu=70, num_chiplets=1, perfconfig='attn:v1:256,256,32,1,1,8,0,4,1,2,2')
----------------------------------------------------------------------------------------------------
PASS: GemmGemmConfiguration(datatype='f16', g=1, m=56, k=67, n=71, o=30, trans_a=True, trans_b=False, trans_c=True, trans_o=True, arch='gfx1100', chip='gfx1100', num_cu=70, num_chiplets=1, perfconfig='attn:v1:64,16,128,1,1,16,32,1,1,1,4')
----------------------------------------------------------------------------------------------------
PASS: GemmGemmConfiguration(datatype='f16', g=1, m=77, k=117, n=69, o=121, trans_a=True, trans_b=True, trans_c=False, trans_o=True, arch='gfx1100', chip='gfx1100', num_cu=70, num_chiplets=1, perfconfig='attn:v1:16,128,64,1,1,4,32,1,2,2,0')
Lowering rejected config as not applicable
Command line = -operation gemm_gemm -t bf16 --arch gfx1100 --num_cu 70 --num_chiplets 1 -g 1 -m 120 -k 93 -n 33 -gemmO 127 -transA=True -transB=False -transC=True -transO=True --perf_config=attn:v1:256,32,64,1,1,1,32,4,2,8,8 -pv -RMS_threshold 1e-2
Errors = loc("<stdin>":15:10): error: Fusion with SplitK perfConfig is not legal
Lowering not applicable.

----------------------------------------------------------------------------------------------------
NOT_APPLICABLE: GemmGemmConfiguration(datatype='bf16', g=1, m=120, k=93, n=33, o=127, trans_a=True, trans_b=False, trans_c=True, trans_o=True, arch='gfx1100', chip='gfx1100', num_cu=70, num_chiplets=1, perfconfig='attn:v1:256,32,64,1,1,1,32,4,2,8,8')
Lowering rejected config as not applicable
Command line = -operation gemm_gemm -t f16 --arch gfx1100 --num_cu 70 --num_chiplets 1 -g 1 -m 117 -k 40 -n 39 -gemmO 125 -transA=True -transB=True -transC=False -transO=False --perf_config=attn:v1:128,128,64,2,1,1,32,4,2,0,0 -pv
Errors = loc("<stdin>":16:10): error: Fusion with SplitK perfConfig is not legal
Lowering not applicable.

----------------------------------------------------------------------------------------------------
NOT_APPLICABLE: GemmGemmConfiguration(datatype='f16', g=1, m=117, k=40, n=39, o=125, trans_a=True, trans_b=True, trans_c=False, trans_o=False, arch='gfx1100', chip='gfx1100', num_cu=70, num_chiplets=1, perfconfig='attn:v1:128,128,64,2,1,1,32,4,2,0,0')
Lowering rejected config as not applicable
Command line = -operation gemm_gemm -t bf16 --arch gfx1100 --num_cu 70 --num_chiplets 1 -g 2 -m 109 -k 25 -n 34 -gemmO 104 -transA=False -transB=False -transC=True -transO=True --perf_config=attn:v1:256,256,64,1,1,16,0,4,1,4,8 -pv -RMS_threshold 1e-2
Errors = loc("<stdin>":16:10): error: Fusion with SplitK perfConfig is not legal
Lowering not applicable.

----------------------------------------------------------------------------------------------------
NOT_APPLICABLE: GemmGemmConfiguration(datatype='bf16', g=2, m=109, k=25, n=34, o=104, trans_a=False, trans_b=False, trans_c=True, trans_o=True, arch='gfx1100', chip='gfx1100', num_cu=70, num_chiplets=1, perfconfig='attn:v1:256,256,64,1,1,16,0,4,1,4,8')
Lowering rejected config as not applicable
Command line = -operation gemm_gemm -t f16 --arch gfx1100 --num_cu 70 --num_chiplets 1 -g 2 -m 101 -k 88 -n 105 -gemmO 45 -transA=False -transB=True -transC=True -transO=True --perf_config=attn:v1:16,256,128,2,1,16,16,2,3,0,1 -pv
Errors = loc("<stdin>":16:10): error: Fusion with SplitK perfConfig is not legal
Lowering not applicable.

----------------------------------------------------------------------------------------------------
NOT_APPLICABLE: GemmGemmConfiguration(datatype='f16', g=2, m=101, k=88, n=105, o=45, trans_a=False, trans_b=True, trans_c=True, trans_o=True, arch='gfx1100', chip='gfx1100', num_cu=70, num_chiplets=1, perfconfig='attn:v1:16,256,128,2,1,16,16,2,3,0,1')
Lowering rejected config as not applicable
Command line = -operation gemm_gemm -t f16 --arch gfx1100 --num_cu 70 --num_chiplets 1 -g 1 -m 15 -k 41 -n 41 -gemmO 100 -transA=False -transB=True -transC=True -transO=True --perf_config=attn:v1:16,32,32,1,1,8,0,3,1,1,8 -pv
Errors = loc("<stdin>":14:10): error: Fusion with SplitK perfConfig is not legal
Lowering not applicable.

----------------------------------------------------------------------------------------------------
NOT_APPLICABLE: GemmGemmConfiguration(datatype='f16', g=1, m=15, k=41, n=41, o=100, trans_a=False, trans_b=True, trans_c=True, trans_o=True, arch='gfx1100', chip='gfx1100', num_cu=70, num_chiplets=1, perfconfig='attn:v1:16,32,32,1,1,8,0,3,1,1,8')
----------------------------------------------------------------------------------------------------
PASS: GemmGemmConfiguration(datatype='f32', g=1, m=126, k=33, n=101, o=17, trans_a=False, trans_b=False, trans_c=True, trans_o=False, arch='gfx1100', chip='gfx1100', num_cu=70, num_chiplets=1, perfconfig='attn:v1:16,16,32,1,1,8,32,3,2,1,8')
----------------------------------------------------------------------------------------------------
PASS: GemmGemmConfiguration(datatype='bf16', g=2, m=127, k=11, n=123, o=96, trans_a=False, trans_b=True, trans_c=False, trans_o=False, arch='gfx1100', chip='gfx1100', num_cu=70, num_chiplets=1, perfconfig='attn:v1:16,16,128,2,1,8,32,1,2,8,4')
----------------------------------------------------------------------------------------------------
PASS: GemmGemmConfiguration(datatype='f32', g=1, m=93, k=46, n=85, o=116, trans_a=False, trans_b=True, trans_c=False, trans_o=True, arch='gfx1100', chip='gfx1100', num_cu=70, num_chiplets=1, perfconfig='attn:v1:128,128,32,2,1,1,16,4,1,8,0')
Lowering rejected config as not applicable
Command line = -operation gemm_gemm -t bf16 --arch gfx1100 --num_cu 70 --num_chiplets 1 -g 2 -m 86 -k 6 -n 115 -gemmO 1 -transA=False -transB=False -transC=True -transO=False --perf_config=attn:v1:16,64,16,1,1,2,16,2,3,1,2 -pv -RMS_threshold 1e-2
Errors = loc("<stdin>":17:10): error: Fusion with SplitK perfConfig is not legal
Lowering not applicable.

----------------------------------------------------------------------------------------------------
NOT_APPLICABLE: GemmGemmConfiguration(datatype='bf16', g=2, m=86, k=6, n=115, o=1, trans_a=False, trans_b=False, trans_c=True, trans_o=False, arch='gfx1100', chip='gfx1100', num_cu=70, num_chiplets=1, perfconfig='attn:v1:16,64,16,1,1,2,16,2,3,1,2')
Lowering rejected config as not applicable
Command line = -operation gemm_gemm -t f16 --arch gfx1100 --num_cu 70 --num_chiplets 1 -g 2 -m 10 -k 90 -n 11 -gemmO 5 -transA=False -transB=True -transC=True -transO=False --perf_config=attn:v1:128,32,128,2,1,8,32,4,3,8,8 -pv
Errors = loc("<stdin>":16:10): error: Fusion with SplitK perfConfig is not legal
Lowering not applicable.

----------------------------------------------------------------------------------------------------
NOT_APPLICABLE: GemmGemmConfiguration(datatype='f16', g=2, m=10, k=90, n=11, o=5, trans_a=False, trans_b=True, trans_c=True, trans_o=False, arch='gfx1100', chip='gfx1100', num_cu=70, num_chiplets=1, perfconfig='attn:v1:128,32,128,2,1,8,32,4,3,8,8')
Lowering rejected config as not applicable
Command line = -operation gemm_gemm -t bf16 --arch gfx1100 --num_cu 70 --num_chiplets 1 -g 2 -m 73 -k 47 -n 1 -gemmO 96 -transA=False -transB=False -transC=False -transO=True --perf_config=attn:v1:256,256,16,1,1,4,16,3,3,2,1 -pv -RMS_threshold 1e-2
Errors = loc("<stdin>":17:10): error: Fusion with SplitK perfConfig is not legal
Lowering not applicable.

----------------------------------------------------------------------------------------------------
NOT_APPLICABLE: GemmGemmConfiguration(datatype='bf16', g=2, m=73, k=47, n=1, o=96, trans_a=False, trans_b=False, trans_c=False, trans_o=True, arch='gfx1100', chip='gfx1100', num_cu=70, num_chiplets=1, perfconfig='attn:v1:256,256,16,1,1,4,16,3,3,2,1')
Lowering rejected config as not applicable
Command line = -operation gemm_gemm -t f32 --arch gfx1100 --num_cu 70 --num_chiplets 1 -g 2 -m 61 -k 16 -n 62 -gemmO 81 -transA=True -transB=True -transC=False -transO=False --perf_config=attn:v1:256,128,64,1,1,16,0,3,3,2,0 -pv -relDiff_threshold 1e-4
Errors = loc("<stdin>":10:1): error: ttg.shared (131072) exceeds LDS limit (65536) for amdgcn-amd-amdhsa:gfx1100
Lowering not applicable.

----------------------------------------------------------------------------------------------------
NOT_APPLICABLE: GemmGemmConfiguration(datatype='f32', g=2, m=61, k=16, n=62, o=81, trans_a=True, trans_b=True, trans_c=False, trans_o=False, arch='gfx1100', chip='gfx1100', num_cu=70, num_chiplets=1, perfconfig='attn:v1:256,128,64,1,1,16,0,3,3,2,0')
----------------------------------------------------------------------------------------------------
PASS: GemmGemmConfiguration(datatype='f16', g=2, m=91, k=60, n=89, o=102, trans_a=False, trans_b=True, trans_c=False, trans_o=False, arch='gfx1100', chip='gfx1100', num_cu=70, num_chiplets=1, perfconfig='attn:v1:16,256,64,2,1,2,16,1,3,8,0')
Lowering rejected config as not applicable
Command line = -operation gemm_gemm -t f32 --arch gfx1100 --num_cu 70 --num_chiplets 1 -g 1 -m 11 -k 103 -n 33 -gemmO 114 -transA=False -transB=False -transC=False -transO=True --perf_config=attn:v1:256,256,128,1,1,2,16,3,1,0,1 -pv -relDiff_threshold 1e-4
Errors = loc("<stdin>":10:1): error: ttg.shared (262144) exceeds LDS limit (65536) for amdgcn-amd-amdhsa:gfx1100
Lowering not applicable.

----------------------------------------------------------------------------------------------------
NOT_APPLICABLE: GemmGemmConfiguration(datatype='f32', g=1, m=11, k=103, n=33, o=114, trans_a=False, trans_b=False, trans_c=False, trans_o=True, arch='gfx1100', chip='gfx1100', num_cu=70, num_chiplets=1, perfconfig='attn:v1:256,256,128,1,1,2,16,3,1,0,1')
----------------------------------------------------------------------------------------------------
PASS: GemmGemmConfiguration(datatype='f32', g=2, m=50, k=54, n=70, o=40, trans_a=False, trans_b=False, trans_c=False, trans_o=True, arch='gfx1100', chip='gfx1100', num_cu=70, num_chiplets=1, perfconfig='attn:v1:128,16,64,1,1,1,32,1,3,2,1')
----------------------------------------------------------------------------------------------------
PASS: GemmGemmConfiguration(datatype='f32', g=2, m=6, k=12, n=83, o=66, trans_a=False, trans_b=True, trans_c=False, trans_o=True, arch='gfx1100', chip='gfx1100', num_cu=70, num_chiplets=1, perfconfig='attn:v1:128,16,16,1,1,1,16,1,2,0,4')
Lowering rejected config as not applicable
Command line = -operation gemm_gemm -t f16 --arch gfx1100 --num_cu 70 --num_chiplets 1 -g 2 -m 119 -k 16 -n 122 -gemmO 34 -transA=True -transB=True -transC=False -transO=True --perf_config=attn:v1:128,64,32,2,1,4,32,2,1,0,2 -pv
Errors = loc("<stdin>":16:10): error: Fusion with SplitK perfConfig is not legal
Lowering not applicable.

----------------------------------------------------------------------------------------------------
NOT_APPLICABLE: GemmGemmConfiguration(datatype='f16', g=2, m=119, k=16, n=122, o=34, trans_a=True, trans_b=True, trans_c=False, trans_o=True, arch='gfx1100', chip='gfx1100', num_cu=70, num_chiplets=1, perfconfig='attn:v1:128,64,32,2,1,4,32,2,1,0,2')
Lowering rejected config as not applicable
Command line = -operation gemm_gemm -t bf16 --arch gfx1100 --num_cu 70 --num_chiplets 1 -g 1 -m 123 -k 54 -n 99 -gemmO 20 -transA=False -transB=False -transC=True -transO=True --perf_config=attn:v1:32,128,64,1,1,4,0,2,1,0,8 -pv -RMS_threshold 1e-2
Errors = loc("<stdin>":15:10): error: Fusion with SplitK perfConfig is not legal
Lowering not applicable.

----------------------------------------------------------------------------------------------------
NOT_APPLICABLE: GemmGemmConfiguration(datatype='bf16', g=1, m=123, k=54, n=99, o=20, trans_a=False, trans_b=False, trans_c=True, trans_o=True, arch='gfx1100', chip='gfx1100', num_cu=70, num_chiplets=1, perfconfig='attn:v1:32,128,64,1,1,4,0,2,1,0,8')
Lowering rejected config as not applicable
Command line = -operation gemm_gemm -t bf16 --arch gfx1100 --num_cu 70 --num_chiplets 1 -g 1 -m 105 -k 109 -n 113 -gemmO 71 -transA=True -transB=False -transC=True -transO=False --perf_config=attn:v1:256,256,128,1,1,4,0,4,2,4,1 -pv -RMS_threshold 1e-2
Errors = loc("<stdin>":15:10): error: Fusion with SplitK perfConfig is not legal
Lowering not applicable.

----------------------------------------------------------------------------------------------------
NOT_APPLICABLE: GemmGemmConfiguration(datatype='bf16', g=1, m=105, k=109, n=113, o=71, trans_a=True, trans_b=False, trans_c=True, trans_o=False, arch='gfx1100', chip='gfx1100', num_cu=70, num_chiplets=1, perfconfig='attn:v1:256,256,128,1,1,4,0,4,2,4,1')
Lowering rejected config as not applicable
Command line = -operation gemm_gemm -t f16 --arch gfx1100 --num_cu 70 --num_chiplets 1 -g 2 -m 54 -k 111 -n 86 -gemmO 113 -transA=True -transB=True -transC=True -transO=False --perf_config=attn:v1:128,256,16,1,1,2,16,2,2,1,2 -pv
Errors = loc("<stdin>":16:10): error: Fusion with SplitK perfConfig is not legal
Lowering not applicable.

----------------------------------------------------------------------------------------------------
NOT_APPLICABLE: GemmGemmConfiguration(datatype='f16', g=2, m=54, k=111, n=86, o=113, trans_a=True, trans_b=True, trans_c=True, trans_o=False, arch='gfx1100', chip='gfx1100', num_cu=70, num_chiplets=1, perfconfig='attn:v1:128,256,16,1,1,2,16,2,2,1,2')
Lowering rejected config as not applicable
Command line = -operation gemm_gemm -t f32 --arch gfx1100 --num_cu 70 --num_chiplets 1 -g 2 -m 28 -k 105 -n 97 -gemmO 71 -transA=False -transB=False -transC=False -transO=True --perf_config=attn:v1:256,128,64,2,1,8,0,2,1,1,2 -pv -relDiff_threshold 1e-4
Errors = loc("<stdin>":10:1): error: ttg.shared (131072) exceeds LDS limit (65536) for amdgcn-amd-amdhsa:gfx1100
Lowering not applicable.

----------------------------------------------------------------------------------------------------
NOT_APPLICABLE: GemmGemmConfiguration(datatype='f32', g=2, m=28, k=105, n=97, o=71, trans_a=False, trans_b=False, trans_c=False, trans_o=True, arch='gfx1100', chip='gfx1100', num_cu=70, num_chiplets=1, perfconfig='attn:v1:256,128,64,2,1,8,0,2,1,1,2')
----------------------------------------------------------------------------------------------------
PASS: GemmGemmConfiguration(datatype='f16', g=1, m=41, k=21, n=96, o=117, trans_a=False, trans_b=True, trans_c=True, trans_o=True, arch='gfx1100', chip='gfx1100', num_cu=70, num_chiplets=1, perfconfig='attn:v1:32,16,16,1,1,2,16,1,3,8,2')
----------------------------------------------------------------------------------------------------
PASS: GemmGemmConfiguration(datatype='bf16', g=2, m=64, k=96, n=97, o=125, trans_a=True, trans_b=False, trans_c=False, trans_o=False, arch='gfx1100', chip='gfx1100', num_cu=70, num_chiplets=1, perfconfig='attn:v1:128,128,128,1,1,4,16,1,2,1,1')
----------------------------------------------------------------------------------------------------
PASS: GemmGemmConfiguration(datatype='f32', g=2, m=84, k=21, n=28, o=98, trans_a=True, trans_b=False, trans_c=True, trans_o=False, arch='gfx1100', chip='gfx1100', num_cu=70, num_chiplets=1, perfconfig='attn:v1:128,128,64,2,1,8,32,1,1,2,2')
Lowering rejected config as not applicable
Command line = -operation gemm_gemm -t bf16 --arch gfx1100 --num_cu 70 --num_chiplets 1 -g 1 -m 62 -k 81 -n 10 -gemmO 61 -transA=True -transB=False -transC=True -transO=True --perf_config=attn:v1:128,32,64,2,1,2,0,3,2,1,0 -pv -RMS_threshold 1e-2
Errors = loc("<stdin>":15:10): error: Fusion with SplitK perfConfig is not legal
Lowering not applicable.

----------------------------------------------------------------------------------------------------
NOT_APPLICABLE: GemmGemmConfiguration(datatype='bf16', g=1, m=62, k=81, n=10, o=61, trans_a=True, trans_b=False, trans_c=True, trans_o=True, arch='gfx1100', chip='gfx1100', num_cu=70, num_chiplets=1, perfconfig='attn:v1:128,32,64,2,1,2,0,3,2,1,0')
Lowering rejected config as not applicable
Command line = -operation gemm_gemm -t f16 --arch gfx1100 --num_cu 70 --num_chiplets 1 -g 1 -m 107 -k 47 -n 115 -gemmO 128 -transA=False -transB=True -transC=True -transO=True --perf_config=attn:v1:64,64,128,2,1,16,32,3,2,8,1 -pv
Errors = loc("<stdin>":15:10): error: Fusion with SplitK perfConfig is not legal
Lowering not applicable.

----------------------------------------------------------------------------------------------------
NOT_APPLICABLE: GemmGemmConfiguration(datatype='f16', g=1, m=107, k=47, n=115, o=128, trans_a=False, trans_b=True, trans_c=True, trans_o=True, arch='gfx1100', chip='gfx1100', num_cu=70, num_chiplets=1, perfconfig='attn:v1:64,64,128,2,1,16,32,3,2,8,1')
----------------------------------------------------------------------------------------------------
PASS: GemmGemmConfiguration(datatype='f32', g=2, m=103, k=56, n=89, o=5, trans_a=False, trans_b=False, trans_c=False, trans_o=True, arch='gfx1100', chip='gfx1100', num_cu=70, num_chiplets=1, perfconfig='attn:v1:32,32,128,2,1,16,16,3,3,2,0')
----------------------------------------------------------------------------------------------------
PASS: GemmGemmConfiguration(datatype='bf16', g=1, m=50, k=69, n=81, o=67, trans_a=True, trans_b=True, trans_c=True, trans_o=True, arch='gfx1100', chip='gfx1100', num_cu=70, num_chiplets=1, perfconfig='attn:v1:16,32,16,2,1,16,16,1,2,1,1')
----------------------------------------------------------------------------------------------------
PASS: GemmGemmConfiguration(datatype='f32', g=2, m=88, k=89, n=87, o=106, trans_a=True, trans_b=False, trans_c=False, trans_o=False, arch='gfx1100', chip='gfx1100', num_cu=70, num_chiplets=1, perfconfig='attn:v1:16,128,128,1,1,16,16,3,1,2,0')
Lowering rejected config as not applicable
Command line = -operation gemm_gemm -t f32 --arch gfx1100 --num_cu 70 --num_chiplets 1 -g 1 -m 5 -k 49 -n 24 -gemmO 26 -transA=True -transB=False -transC=False -transO=False --perf_config=attn:v1:128,256,16,2,1,2,0,2,2,4,1 -pv -relDiff_threshold 1e-4
Errors = loc("<stdin>":10:1): error: ttg.shared (131072) exceeds LDS limit (65536) for amdgcn-amd-amdhsa:gfx1100
Lowering not applicable.

----------------------------------------------------------------------------------------------------
NOT_APPLICABLE: GemmGemmConfiguration(datatype='f32', g=1, m=5, k=49, n=24, o=26, trans_a=True, trans_b=False, trans_c=False, trans_o=False, arch='gfx1100', chip='gfx1100', num_cu=70, num_chiplets=1, perfconfig='attn:v1:128,256,16,2,1,2,0,2,2,4,1')
----------------------------------------------------------------------------------------------------
PASS: GemmGemmConfiguration(datatype='f16', g=1, m=44, k=53, n=56, o=26, trans_a=False, trans_b=True, trans_c=False, trans_o=False, arch='gfx1100', chip='gfx1100', num_cu=70, num_chiplets=1, perfconfig='attn:v1:16,128,128,2,1,1,0,1,3,2,1')
----------------------------------------------------------------------------------------------------
PASS: GemmGemmConfiguration(datatype='f32', g=2, m=31, k=67, n=100, o=101, trans_a=False, trans_b=False, trans_c=False, trans_o=True, arch='gfx1100', chip='gfx1100', num_cu=70, num_chiplets=1, perfconfig='attn:v1:128,64,64,1,1,2,32,2,1,0,4')
Lowering rejected config as not applicable
Command line = -operation gemm_gemm -t f16 --arch gfx1100 --num_cu 70 --num_chiplets 1 -g 2 -m 98 -k 23 -n 101 -gemmO 49 -transA=True -transB=True -transC=False -transO=False --perf_config=attn:v1:32,64,128,2,1,4,32,2,2,8,0 -pv
Errors = loc("<stdin>":16:10): error: Fusion with SplitK perfConfig is not legal
Lowering not applicable.

----------------------------------------------------------------------------------------------------
NOT_APPLICABLE: GemmGemmConfiguration(datatype='f16', g=2, m=98, k=23, n=101, o=49, trans_a=True, trans_b=True, trans_c=False, trans_o=False, arch='gfx1100', chip='gfx1100', num_cu=70, num_chiplets=1, perfconfig='attn:v1:32,64,128,2,1,4,32,2,2,8,0')
Lowering rejected config as not applicable
Command line = -operation gemm_gemm -t bf16 --arch gfx1100 --num_cu 70 --num_chiplets 1 -g 1 -m 125 -k 38 -n 2 -gemmO 61 -transA=True -transB=False -transC=False -transO=False --perf_config=attn:v1:128,32,32,1,1,4,32,2,2,4,0 -pv -RMS_threshold 1e-2
Errors = loc("<stdin>":16:10): error: Fusion with SplitK perfConfig is not legal
Lowering not applicable.

----------------------------------------------------------------------------------------------------
NOT_APPLICABLE: GemmGemmConfiguration(datatype='bf16', g=1, m=125, k=38, n=2, o=61, trans_a=True, trans_b=False, trans_c=False, trans_o=False, arch='gfx1100', chip='gfx1100', num_cu=70, num_chiplets=1, perfconfig='attn:v1:128,32,32,1,1,4,32,2,2,4,0')
Lowering rejected config as not applicable
Command line = -operation gemm_gemm -t bf16 --arch gfx1100 --num_cu 70 --num_chiplets 1 -g 1 -m 95 -k 32 -n 67 -gemmO 7 -transA=True -transB=True -transC=True -transO=True --perf_config=attn:v1:32,64,16,1,1,4,32,4,3,1,2 -pv -RMS_threshold 1e-2
Errors = loc("<stdin>":16:10): error: Fusion with SplitK perfConfig is not legal
Lowering not applicable.

----------------------------------------------------------------------------------------------------
NOT_APPLICABLE: GemmGemmConfiguration(datatype='bf16', g=1, m=95, k=32, n=67, o=7, trans_a=True, trans_b=True, trans_c=True, trans_o=True, arch='gfx1100', chip='gfx1100', num_cu=70, num_chiplets=1, perfconfig='attn:v1:32,64,16,1,1,4,32,4,3,1,2')
Lowering rejected config as not applicable
Command line = -operation gemm_gemm -t bf16 --arch gfx1100 --num_cu 70 --num_chiplets 1 -g 1 -m 35 -k 24 -n 87 -gemmO 18 -transA=False -transB=True -transC=True -transO=False --perf_config=attn:v1:64,128,16,1,1,16,0,4,3,4,1 -pv -RMS_threshold 1e-2
Errors = loc("<stdin>":15:10): error: Fusion with SplitK perfConfig is not legal
Lowering not applicable.

----------------------------------------------------------------------------------------------------
NOT_APPLICABLE: GemmGemmConfiguration(datatype='bf16', g=1, m=35, k=24, n=87, o=18, trans_a=False, trans_b=True, trans_c=True, trans_o=False, arch='gfx1100', chip='gfx1100', num_cu=70, num_chiplets=1, perfconfig='attn:v1:64,128,16,1,1,16,0,4,3,4,1')
Lowering rejected config as not applicable
Command line = -operation gemm_gemm -t f32 --arch gfx1100 --num_cu 70 --num_chiplets 1 -g 1 -m 109 -k 61 -n 48 -gemmO 100 -transA=True -transB=False -transC=True -transO=False --perf_config=attn:v1:128,256,64,1,1,4,0,3,1,4,4 -pv -relDiff_threshold 1e-4
Errors = loc("<stdin>":9:1): error: ttg.shared (131072) exceeds LDS limit (65536) for amdgcn-amd-amdhsa:gfx1100
Lowering not applicable.

----------------------------------------------------------------------------------------------------
NOT_APPLICABLE: GemmGemmConfiguration(datatype='f32', g=1, m=109, k=61, n=48, o=100, trans_a=True, trans_b=False, trans_c=True, trans_o=False, arch='gfx1100', chip='gfx1100', num_cu=70, num_chiplets=1, perfconfig='attn:v1:128,256,64,1,1,4,0,3,1,4,4')
----------------------------------------------------------------------------------------------------
PASS: GemmGemmConfiguration(datatype='f16', g=2, m=94, k=37, n=114, o=25, trans_a=False, trans_b=True, trans_c=True, trans_o=False, arch='gfx1100', chip='gfx1100', num_cu=70, num_chiplets=1, perfconfig='attn:v1:128,128,128,1,1,8,16,1,2,8,8')
----------------------------------------------------------------------------------------------------
PASS: GemmGemmConfiguration(datatype='f32', g=1, m=56, k=111, n=55, o=21, trans_a=True, trans_b=False, trans_c=True, trans_o=False, arch='gfx1100', chip='gfx1100', num_cu=70, num_chiplets=1, perfconfig='attn:v1:64,16,32,2,1,1,0,3,2,8,0')
----------------------------------------------------------------------------------------------------
PASS: GemmGemmConfiguration(datatype='f32', g=2, m=84, k=78, n=24, o=72, trans_a=True, trans_b=False, trans_c=False, trans_o=True, arch='gfx1100', chip='gfx1100', num_cu=70, num_chiplets=1, perfconfig='attn:v1:128,16,16,2,1,1,0,1,1,0,2')
Lowering rejected config as not applicable
Command line = -operation gemm_gemm -t f16 --arch gfx1100 --num_cu 70 --num_chiplets 1 -g 2 -m 23 -k 84 -n 51 -gemmO 7 -transA=False -transB=True -transC=False -transO=False --perf_config=attn:v1:32,32,16,1,1,2,32,4,1,2,4 -pv
Errors = loc("<stdin>":16:10): error: Fusion with SplitK perfConfig is not legal
Lowering not applicable.

----------------------------------------------------------------------------------------------------
NOT_APPLICABLE: GemmGemmConfiguration(datatype='f16', g=2, m=23, k=84, n=51, o=7, trans_a=False, trans_b=True, trans_c=False, trans_o=False, arch='gfx1100', chip='gfx1100', num_cu=70, num_chiplets=1, perfconfig='attn:v1:32,32,16,1,1,2,32,4,1,2,4')
Lowering rejected config as not applicable
Command line = -operation gemm_gemm -t f16 --arch gfx1100 --num_cu 70 --num_chiplets 1 -g 2 -m 70 -k 55 -n 83 -gemmO 74 -transA=False -transB=True -transC=True -transO=False --perf_config=attn:v1:64,256,128,2,1,4,16,3,3,1,0 -pv
Errors = loc("<stdin>":16:10): error: Fusion with SplitK perfConfig is not legal
Lowering not applicable.

----------------------------------------------------------------------------------------------------
NOT_APPLICABLE: GemmGemmConfiguration(datatype='f16', g=2, m=70, k=55, n=83, o=74, trans_a=False, trans_b=True, trans_c=True, trans_o=False, arch='gfx1100', chip='gfx1100', num_cu=70, num_chiplets=1, perfconfig='attn:v1:64,256,128,2,1,4,16,3,3,1,0')
Lowering rejected config as not applicable
Command line = -operation gemm_gemm -t f16 --arch gfx1100 --num_cu 70 --num_chiplets 1 -g 2 -m 51 -k 108 -n 11 -gemmO 35 -transA=False -transB=False -transC=True -transO=False --perf_config=attn:v1:256,32,64,1,1,2,32,4,3,1,2 -pv
Errors = loc("<stdin>":16:10): error: Fusion with SplitK perfConfig is not legal
Lowering not applicable.

----------------------------------------------------------------------------------------------------
NOT_APPLICABLE: GemmGemmConfiguration(datatype='f16', g=2, m=51, k=108, n=11, o=35, trans_a=False, trans_b=False, trans_c=True, trans_o=False, arch='gfx1100', chip='gfx1100', num_cu=70, num_chiplets=1, perfconfig='attn:v1:256,32,64,1,1,2,32,4,3,1,2')
Lowering rejected config as not applicable
Command line = -operation gemm_gemm -t bf16 --arch gfx1100 --num_cu 70 --num_chiplets 1 -g 2 -m 61 -k 127 -n 18 -gemmO 112 -transA=False -transB=False -transC=True -transO=False --perf_config=attn:v1:256,64,16,1,1,1,32,3,3,2,4 -pv -RMS_threshold 1e-2
Errors = loc("<stdin>":16:10): error: Fusion with SplitK perfConfig is not legal
Lowering not applicable.

----------------------------------------------------------------------------------------------------
NOT_APPLICABLE: GemmGemmConfiguration(datatype='bf16', g=2, m=61, k=127, n=18, o=112, trans_a=False, trans_b=False, trans_c=True, trans_o=False, arch='gfx1100', chip='gfx1100', num_cu=70, num_chiplets=1, perfconfig='attn:v1:256,64,16,1,1,1,32,3,3,2,4')
Lowering rejected config as not applicable
Command line = -operation gemm_gemm -t f16 --arch gfx1100 --num_cu 70 --num_chiplets 1 -g 2 -m 101 -k 57 -n 59 -gemmO 126 -transA=False -transB=False -transC=False -transO=False --perf_config=attn:v1:128,256,64,1,1,8,16,4,2,0,8 -pv
Errors = loc("<stdin>":16:10): error: Fusion with SplitK perfConfig is not legal
Lowering not applicable.

----------------------------------------------------------------------------------------------------
NOT_APPLICABLE: GemmGemmConfiguration(datatype='f16', g=2, m=101, k=57, n=59, o=126, trans_a=False, trans_b=False, trans_c=False, trans_o=False, arch='gfx1100', chip='gfx1100', num_cu=70, num_chiplets=1, perfconfig='attn:v1:128,256,64,1,1,8,16,4,2,0,8')
Lowering rejected config as not applicable
Command line = -operation gemm_gemm -t f16 --arch gfx1100 --num_cu 70 --num_chiplets 1 -g 1 -m 43 -k 93 -n 122 -gemmO 63 -transA=False -transB=True -transC=True -transO=False --perf_config=attn:v1:256,256,64,1,1,2,32,3,1,1,0 -pv
Errors = loc("<stdin>":15:10): error: Fusion with SplitK perfConfig is not legal
Lowering not applicable.

----------------------------------------------------------------------------------------------------
NOT_APPLICABLE: GemmGemmConfiguration(datatype='f16', g=1, m=43, k=93, n=122, o=63, trans_a=False, trans_b=True, trans_c=True, trans_o=False, arch='gfx1100', chip='gfx1100', num_cu=70, num_chiplets=1, perfconfig='attn:v1:256,256,64,1,1,2,32,3,1,1,0')
----------------------------------------------------------------------------------------------------
PASS: GemmGemmConfiguration(datatype='f16', g=2, m=99, k=24, n=115, o=85, trans_a=False, trans_b=True, trans_c=True, trans_o=True, arch='gfx1100', chip='gfx1100', num_cu=70, num_chiplets=1, perfconfig='attn:v1:256,16,128,2,1,16,32,1,1,0,0')
----------------------------------------------------------------------------------------------------
PASS: GemmGemmConfiguration(datatype='f32', g=2, m=110, k=28, n=71, o=124, trans_a=False, trans_b=False, trans_c=True, trans_o=False, arch='gfx1100', chip='gfx1100', num_cu=70, num_chiplets=1, perfconfig='attn:v1:16,128,16,2,1,2,16,3,2,2,2')
Lowering rejected config as not applicable
Command line = -operation gemm_gemm -t bf16 --arch gfx1100 --num_cu 70 --num_chiplets 1 -g 1 -m 15 -k 20 -n 6 -gemmO 44 -transA=True -transB=False -transC=False -transO=False --perf_config=attn:v1:128,16,16,1,1,8,32,3,2,4,8 -pv -RMS_threshold 1e-2
Errors = loc("<stdin>":16:10): error: Fusion with SplitK perfConfig is not legal
Lowering not applicable.

----------------------------------------------------------------------------------------------------
NOT_APPLICABLE: GemmGemmConfiguration(datatype='bf16', g=1, m=15, k=20, n=6, o=44, trans_a=True, trans_b=False, trans_c=False, trans_o=False, arch='gfx1100', chip='gfx1100', num_cu=70, num_chiplets=1, perfconfig='attn:v1:128,16,16,1,1,8,32,3,2,4,8')
Lowering rejected config as not applicable
Command line = -operation gemm_gemm -t bf16 --arch gfx1100 --num_cu 70 --num_chiplets 1 -g 2 -m 123 -k 24 -n 21 -gemmO 64 -transA=False -transB=True -transC=True -transO=True --perf_config=attn:v1:256,128,32,2,1,4,16,2,1,4,0 -pv -RMS_threshold 1e-2
Errors = loc("<stdin>":16:10): error: Fusion with SplitK perfConfig is not legal
Lowering not applicable.

----------------------------------------------------------------------------------------------------
NOT_APPLICABLE: GemmGemmConfiguration(datatype='bf16', g=2, m=123, k=24, n=21, o=64, trans_a=False, trans_b=True, trans_c=True, trans_o=True, arch='gfx1100', chip='gfx1100', num_cu=70, num_chiplets=1, perfconfig='attn:v1:256,128,32,2,1,4,16,2,1,4,0')
Lowering rejected config as not applicable
Command line = -operation gemm_gemm -t bf16 --arch gfx1100 --num_cu 70 --num_chiplets 1 -g 2 -m 74 -k 114 -n 8 -gemmO 3 -transA=True -transB=True -transC=True -transO=False --perf_config=attn:v1:16,64,128,1,1,2,0,2,3,0,0 -pv -RMS_threshold 1e-2
Errors = loc("<stdin>":16:10): error: Fusion with SplitK perfConfig is not legal
Lowering not applicable.

----------------------------------------------------------------------------------------------------
NOT_APPLICABLE: GemmGemmConfiguration(datatype='bf16', g=2, m=74, k=114, n=8, o=3, trans_a=True, trans_b=True, trans_c=True, trans_o=False, arch='gfx1100', chip='gfx1100', num_cu=70, num_chiplets=1, perfconfig='attn:v1:16,64,128,1,1,2,0,2,3,0,0')
Lowering rejected config as not applicable
Command line = -operation gemm_gemm -t f32 --arch gfx1100 --num_cu 70 --num_chiplets 1 -g 2 -m 64 -k 61 -n 76 -gemmO 65 -transA=True -transB=True -transC=True -transO=True --perf_config=attn:v1:32,256,64,1,1,8,32,2,1,4,1 -pv -relDiff_threshold 1e-4
Errors = loc("<stdin>":10:1): error: ttg.shared (131072) exceeds LDS limit (65536) for amdgcn-amd-amdhsa:gfx1100
Lowering not applicable.

----------------------------------------------------------------------------------------------------
NOT_APPLICABLE: GemmGemmConfiguration(datatype='f32', g=2, m=64, k=61, n=76, o=65, trans_a=True, trans_b=True, trans_c=True, trans_o=True, arch='gfx1100', chip='gfx1100', num_cu=70, num_chiplets=1, perfconfig='attn:v1:32,256,64,1,1,8,32,2,1,4,1')
----------------------------------------------------------------------------------------------------
PASS: GemmGemmConfiguration(datatype='f32', g=1, m=67, k=17, n=78, o=18, trans_a=False, trans_b=False, trans_c=False, trans_o=True, arch='gfx1100', chip='gfx1100', num_cu=70, num_chiplets=1, perfconfig='attn:v1:32,64,64,2,1,4,32,3,3,0,2')
----------------------------------------------------------------------------------------------------
PASS: GemmGemmConfiguration(datatype='f16', g=1, m=69, k=36, n=82, o=66, trans_a=False, trans_b=True, trans_c=False, trans_o=False, arch='gfx1100', chip='gfx1100', num_cu=70, num_chiplets=1, perfconfig='attn:v1:256,32,16,2,1,8,0,1,1,0,8')
----------------------------------------------------------------------------------------------------
PASS: GemmGemmConfiguration(datatype='f32', g=1, m=127, k=97, n=122, o=75, trans_a=False, trans_b=False, trans_c=True, trans_o=True, arch='gfx1100', chip='gfx1100', num_cu=70, num_chiplets=1, perfconfig='attn:v1:32,32,64,2,1,4,0,4,3,0,8')
Lowering rejected config as not applicable
Command line = -operation gemm_gemm -t f32 --arch gfx1100 --num_cu 70 --num_chiplets 1 -g 1 -m 55 -k 71 -n 34 -gemmO 116 -transA=False -transB=True -transC=True -transO=False --perf_config=attn:v1:256,256,64,1,1,1,16,3,3,0,4 -pv -relDiff_threshold 1e-4
Errors = loc("<stdin>":9:1): error: ttg.shared (262144) exceeds LDS limit (65536) for amdgcn-amd-amdhsa:gfx1100
Lowering not applicable.

----------------------------------------------------------------------------------------------------
NOT_APPLICABLE: GemmGemmConfiguration(datatype='f32', g=1, m=55, k=71, n=34, o=116, trans_a=False, trans_b=True, trans_c=True, trans_o=False, arch='gfx1100', chip='gfx1100', num_cu=70, num_chiplets=1, perfconfig='attn:v1:256,256,64,1,1,1,16,3,3,0,4')
Lowering rejected config as not applicable
Command line = -operation gemm_gemm -t f16 --arch gfx1100 --num_cu 70 --num_chiplets 1 -g 1 -m 112 -k 84 -n 52 -gemmO 2 -transA=True -transB=False -transC=True -transO=False --perf_config=attn:v1:32,128,16,2,1,4,16,4,2,1,2 -pv
Errors = loc("<stdin>":15:10): error: Fusion with SplitK perfConfig is not legal
Lowering not applicable.

----------------------------------------------------------------------------------------------------
NOT_APPLICABLE: GemmGemmConfiguration(datatype='f16', g=1, m=112, k=84, n=52, o=2, trans_a=True, trans_b=False, trans_c=True, trans_o=False, arch='gfx1100', chip='gfx1100', num_cu=70, num_chiplets=1, perfconfig='attn:v1:32,128,16,2,1,4,16,4,2,1,2')
Lowering rejected config as not applicable
Command line = -operation gemm_gemm -t f16 --arch gfx1100 --num_cu 70 --num_chiplets 1 -g 2 -m 30 -k 83 -n 59 -gemmO 64 -transA=True -transB=True -transC=False -transO=False --perf_config=attn:v1:128,256,128,1,1,2,0,4,2,1,8 -pv
Errors = loc("<stdin>":16:10): error: Fusion with SplitK perfConfig is not legal
Lowering not applicable.

----------------------------------------------------------------------------------------------------
NOT_APPLICABLE: GemmGemmConfiguration(datatype='f16', g=2, m=30, k=83, n=59, o=64, trans_a=True, trans_b=True, trans_c=False, trans_o=False, arch='gfx1100', chip='gfx1100', num_cu=70, num_chiplets=1, perfconfig='attn:v1:128,256,128,1,1,2,0,4,2,1,8')
Lowering rejected config as not applicable
Command line = -operation gemm_gemm -t bf16 --arch gfx1100 --num_cu 70 --num_chiplets 1 -g 2 -m 98 -k 24 -n 87 -gemmO 118 -transA=False -transB=True -transC=True -transO=True --perf_config=attn:v1:128,32,32,1,1,2,16,3,3,1,8 -pv -RMS_threshold 1e-2
Errors = loc("<stdin>":16:10): error: Fusion with SplitK perfConfig is not legal
Lowering not applicable.

----------------------------------------------------------------------------------------------------
NOT_APPLICABLE: GemmGemmConfiguration(datatype='bf16', g=2, m=98, k=24, n=87, o=118, trans_a=False, trans_b=True, trans_c=True, trans_o=True, arch='gfx1100', chip='gfx1100', num_cu=70, num_chiplets=1, perfconfig='attn:v1:128,32,32,1,1,2,16,3,3,1,8')
Lowering rejected config as not applicable
Command line = -operation gemm_gemm -t bf16 --arch gfx1100 --num_cu 70 --num_chiplets 1 -g 2 -m 90 -k 98 -n 20 -gemmO 13 -transA=True -transB=True -transC=False -transO=False --perf_config=attn:v1:64,256,64,1,1,8,32,3,1,2,0 -pv -RMS_threshold 1e-2
Errors = loc("<stdin>":16:10): error: Fusion with SplitK perfConfig is not legal
Lowering not applicable.

----------------------------------------------------------------------------------------------------
NOT_APPLICABLE: GemmGemmConfiguration(datatype='bf16', g=2, m=90, k=98, n=20, o=13, trans_a=True, trans_b=True, trans_c=False, trans_o=False, arch='gfx1100', chip='gfx1100', num_cu=70, num_chiplets=1, perfconfig='attn:v1:64,256,64,1,1,8,32,3,1,2,0')
----------------------------------------------------------------------------------------------------
PASS: GemmGemmConfiguration(datatype='f32', g=2, m=58, k=43, n=40, o=28, trans_a=False, trans_b=False, trans_c=True, trans_o=True, arch='gfx1100', chip='gfx1100', num_cu=70, num_chiplets=1, perfconfig='attn:v1:128,16,16,1,1,4,32,3,1,8,4')
Lowering rejected config as not applicable
Command line = -operation gemm_gemm -t f32 --arch gfx1100 --num_cu 70 --num_chiplets 1 -g 1 -m 6 -k 47 -n 50 -gemmO 85 -transA=True -transB=True -transC=True -transO=False --perf_config=attn:v1:16,256,64,2,1,1,0,1,2,1,4 -pv -relDiff_threshold 1e-4
Errors = loc("<stdin>":10:1): error: ttg.shared (131072) exceeds LDS limit (65536) for amdgcn-amd-amdhsa:gfx1100
Lowering not applicable.

----------------------------------------------------------------------------------------------------
NOT_APPLICABLE: GemmGemmConfiguration(datatype='f32', g=1, m=6, k=47, n=50, o=85, trans_a=True, trans_b=True, trans_c=True, trans_o=False, arch='gfx1100', chip='gfx1100', num_cu=70, num_chiplets=1, perfconfig='attn:v1:16,256,64,2,1,1,0,1,2,1,4')
----------------------------------------------------------------------------------------------------
PASS: GemmGemmConfiguration(datatype='f32', g=1, m=39, k=77, n=73, o=41, trans_a=False, trans_b=True, trans_c=True, trans_o=True, arch='gfx1100', chip='gfx1100', num_cu=70, num_chiplets=1, perfconfig='attn:v1:16,256,32,1,1,16,16,1,1,4,1')
----------------------------------------------------------------------------------------------------
PASS: GemmGemmConfiguration(datatype='f32', g=2, m=109, k=101, n=89, o=20, trans_a=True, trans_b=False, trans_c=False, trans_o=False, arch='gfx1100', chip='gfx1100', num_cu=70, num_chiplets=1, perfconfig='attn:v1:128,32,128,1,1,2,32,2,2,0,8')
Lowering rejected config as not applicable
Command line = -operation gemm_gemm -t f16 --arch gfx1100 --num_cu 70 --num_chiplets 1 -g 2 -m 40 -k 6 -n 73 -gemmO 71 -transA=False -transB=True -transC=False -transO=False --perf_config=attn:v1:64,256,16,1,1,2,32,4,1,2,0 -pv
Errors = loc("<stdin>":16:10): error: Fusion with SplitK perfConfig is not legal
Lowering not applicable.

----------------------------------------------------------------------------------------------------
NOT_APPLICABLE: GemmGemmConfiguration(datatype='f16', g=2, m=40, k=6, n=73, o=71, trans_a=False, trans_b=True, trans_c=False, trans_o=False, arch='gfx1100', chip='gfx1100', num_cu=70, num_chiplets=1, perfconfig='attn:v1:64,256,16,1,1,2,32,4,1,2,0')
Lowering rejected config as not applicable
Command line = -operation gemm_gemm -t bf16 --arch gfx1100 --num_cu 70 --num_chiplets 1 -g 2 -m 4 -k 19 -n 95 -gemmO 4 -transA=True -transB=False -transC=True -transO=False --perf_config=attn:v1:16,64,128,1,1,8,0,2,2,8,8 -pv -RMS_threshold 1e-2
Errors = loc("<stdin>":16:10): error: Fusion with SplitK perfConfig is not legal
Lowering not applicable.

----------------------------------------------------------------------------------------------------
NOT_APPLICABLE: GemmGemmConfiguration(datatype='bf16', g=2, m=4, k=19, n=95, o=4, trans_a=True, trans_b=False, trans_c=True, trans_o=False, arch='gfx1100', chip='gfx1100', num_cu=70, num_chiplets=1, perfconfig='attn:v1:16,64,128,1,1,8,0,2,2,8,8')
Lowering rejected config as not applicable
Command line = -operation gemm_gemm -t f16 --arch gfx1100 --num_cu 70 --num_chiplets 1 -g 1 -m 93 -k 35 -n 20 -gemmO 82 -transA=True -transB=False -transC=True -transO=True --perf_config=attn:v1:256,16,64,2,1,8,0,4,2,0,4 -pv
Errors = loc("<stdin>":15:10): error: Fusion with SplitK perfConfig is not legal
Lowering not applicable.

----------------------------------------------------------------------------------------------------
NOT_APPLICABLE: GemmGemmConfiguration(datatype='f16', g=1, m=93, k=35, n=20, o=82, trans_a=True, trans_b=False, trans_c=True, trans_o=True, arch='gfx1100', chip='gfx1100', num_cu=70, num_chiplets=1, perfconfig='attn:v1:256,16,64,2,1,8,0,4,2,0,4')
Lowering rejected config as not applicable
Command line = -operation gemm_gemm -t bf16 --arch gfx1100 --num_cu 70 --num_chiplets 1 -g 2 -m 5 -k 74 -n 33 -gemmO 10 -transA=True -transB=True -transC=False -transO=False --perf_config=attn:v1:256,128,64,1,1,2,32,3,3,4,2 -pv -RMS_threshold 1e-2
Errors = loc("<stdin>":16:10): error: Fusion with SplitK perfConfig is not legal
Lowering not applicable.

----------------------------------------------------------------------------------------------------
NOT_APPLICABLE: GemmGemmConfiguration(datatype='bf16', g=2, m=5, k=74, n=33, o=10, trans_a=True, trans_b=True, trans_c=False, trans_o=False, arch='gfx1100', chip='gfx1100', num_cu=70, num_chiplets=1, perfconfig='attn:v1:256,128,64,1,1,2,32,3,3,4,2')
Lowering rejected config as not applicable
Command line = -operation gemm_gemm -t f32 --arch gfx1100 --num_cu 70 --num_chiplets 1 -g 1 -m 26 -k 67 -n 107 -gemmO 112 -transA=False -transB=False -transC=False -transO=True --perf_config=attn:v1:64,256,16,2,1,16,0,1,3,4,8 -pv -relDiff_threshold 1e-4
Errors = loc("<stdin>":10:1): error: ttg.shared (131072) exceeds LDS limit (65536) for amdgcn-amd-amdhsa:gfx1100
Lowering not applicable.

----------------------------------------------------------------------------------------------------
NOT_APPLICABLE: GemmGemmConfiguration(datatype='f32', g=1, m=26, k=67, n=107, o=112, trans_a=False, trans_b=False, trans_c=False, trans_o=True, arch='gfx1100', chip='gfx1100', num_cu=70, num_chiplets=1, perfconfig='attn:v1:64,256,16,2,1,16,0,1,3,4,8')
----------------------------------------------------------------------------------------------------
PASS: GemmGemmConfiguration(datatype='f16', g=2, m=53, k=89, n=54, o=13, trans_a=True, trans_b=False, trans_c=False, trans_o=False, arch='gfx1100', chip='gfx1100', num_cu=70, num_chiplets=1, perfconfig='attn:v1:256,128,32,2,1,8,32,1,1,8,2')
----------------------------------------------------------------------------------------------------
PASS: GemmGemmConfiguration(datatype='f16', g=1, m=11, k=104, n=53, o=11, trans_a=False, trans_b=False, trans_c=False, trans_o=True, arch='gfx1100', chip='gfx1100', num_cu=70, num_chiplets=1, perfconfig='attn:v1:16,256,64,1,1,2,16,1,2,4,8')
----------------------------------------------------------------------------------------------------
PASS: GemmGemmConfiguration(datatype='f32', g=2, m=82, k=102, n=123, o=15, trans_a=True, trans_b=False, trans_c=True, trans_o=True, arch='gfx1100', chip='gfx1100', num_cu=70, num_chiplets=1, perfconfig='attn:v1:64,128,32,1,1,1,32,1,3,1,1')
Lowering rejected config as not applicable
Command line = -operation gemm_gemm -t f16 --arch gfx1100 --num_cu 70 --num_chiplets 1 -g 1 -m 111 -k 86 -n 20 -gemmO 117 -transA=False -transB=True -transC=True -transO=True --perf_config=attn:v1:128,32,64,2,1,2,0,2,3,4,8 -pv
Errors = loc("<stdin>":15:10): error: Fusion with SplitK perfConfig is not legal
Lowering not applicable.

----------------------------------------------------------------------------------------------------
NOT_APPLICABLE: GemmGemmConfiguration(datatype='f16', g=1, m=111, k=86, n=20, o=117, trans_a=False, trans_b=True, trans_c=True, trans_o=True, arch='gfx1100', chip='gfx1100', num_cu=70, num_chiplets=1, perfconfig='attn:v1:128,32,64,2,1,2,0,2,3,4,8')
Lowering rejected config as not applicable
Command line = -operation gemm_gemm -t f16 --arch gfx1100 --num_cu 70 --num_chiplets 1 -g 2 -m 72 -k 83 -n 55 -gemmO 7 -transA=False -transB=False -transC=False -transO=False --perf_config=attn:v1:128,32,64,1,1,4,0,3,2,2,0 -pv
Errors = loc("<stdin>":16:10): error: Fusion with SplitK perfConfig is not legal
Lowering not applicable.

----------------------------------------------------------------------------------------------------
NOT_APPLICABLE: GemmGemmConfiguration(datatype='f16', g=2, m=72, k=83, n=55, o=7, trans_a=False, trans_b=False, trans_c=False, trans_o=False, arch='gfx1100', chip='gfx1100', num_cu=70, num_chiplets=1, perfconfig='attn:v1:128,32,64,1,1,4,0,3,2,2,0')
Lowering rejected config as not applicable
Command line = -operation gemm_gemm -t f16 --arch gfx1100 --num_cu 70 --num_chiplets 1 -g 1 -m 98 -k 26 -n 75 -gemmO 121 -transA=True -transB=True -transC=True -transO=True --perf_config=attn:v1:128,128,128,1,1,1,0,3,2,4,8 -pv
Errors = loc("<stdin>":16:10): error: Fusion with SplitK perfConfig is not legal
Lowering not applicable.

----------------------------------------------------------------------------------------------------
NOT_APPLICABLE: GemmGemmConfiguration(datatype='f16', g=1, m=98, k=26, n=75, o=121, trans_a=True, trans_b=True, trans_c=True, trans_o=True, arch='gfx1100', chip='gfx1100', num_cu=70, num_chiplets=1, perfconfig='attn:v1:128,128,128,1,1,1,0,3,2,4,8')
Lowering rejected config as not applicable
Command line = -operation gemm_gemm -t f16 --arch gfx1100 --num_cu 70 --num_chiplets 1 -g 2 -m 43 -k 83 -n 119 -gemmO 56 -transA=False -transB=True -transC=False -transO=False --perf_config=attn:v1:256,256,16,2,1,1,32,3,1,4,8 -pv
Errors = loc("<stdin>":16:10): error: Fusion with SplitK perfConfig is not legal
Lowering not applicable.

----------------------------------------------------------------------------------------------------
NOT_APPLICABLE: GemmGemmConfiguration(datatype='f16', g=2, m=43, k=83, n=119, o=56, trans_a=False, trans_b=True, trans_c=False, trans_o=False, arch='gfx1100', chip='gfx1100', num_cu=70, num_chiplets=1, perfconfig='attn:v1:256,256,16,2,1,1,32,3,1,4,8')
----------------------------------------------------------------------------------------------------
PASS: GemmGemmConfiguration(datatype='f16', g=1, m=88, k=36, n=18, o=15, trans_a=True, trans_b=True, trans_c=True, trans_o=False, arch='gfx1100', chip='gfx1100', num_cu=70, num_chiplets=1, perfconfig='attn:v1:128,64,32,2,1,8,32,1,2,8,4')
Lowering rejected config as not applicable
Command line = -operation gemm_gemm -t f32 --arch gfx1100 --num_cu 70 --num_chiplets 1 -g 2 -m 107 -k 111 -n 77 -gemmO 113 -transA=True -transB=False -transC=False -transO=False --perf_config=attn:v1:256,256,16,2,1,16,0,1,3,4,2 -pv -relDiff_threshold 1e-4
Errors = loc("<stdin>":10:1): error: ttg.shared (262144) exceeds LDS limit (65536) for amdgcn-amd-amdhsa:gfx1100
Lowering not applicable.

----------------------------------------------------------------------------------------------------
NOT_APPLICABLE: GemmGemmConfiguration(datatype='f32', g=2, m=107, k=111, n=77, o=113, trans_a=True, trans_b=False, trans_c=False, trans_o=False, arch='gfx1100', chip='gfx1100', num_cu=70, num_chiplets=1, perfconfig='attn:v1:256,256,16,2,1,16,0,1,3,4,2')
----------------------------------------------------------------------------------------------------
PASS: GemmGemmConfiguration(datatype='f32', g=2, m=65, k=65, n=1, o=103, trans_a=False, trans_b=True, trans_c=True, trans_o=True, arch='gfx1100', chip='gfx1100', num_cu=70, num_chiplets=1, perfconfig='attn:v1:16,16,64,2,1,4,16,2,1,0,2')
----------------------------------------------------------------------------------------------------
PASS: GemmGemmConfiguration(datatype='f32', g=2, m=122, k=119, n=108, o=45, trans_a=True, trans_b=False, trans_c=True, trans_o=True, arch='gfx1100', chip='gfx1100', num_cu=70, num_chiplets=1, perfconfig='attn:v1:32,128,128,1,1,8,0,3,1,2,2')
Lowering rejected config as not applicable
Command line = -operation gemm_gemm -t f16 --arch gfx1100 --num_cu 70 --num_chiplets 1 -g 2 -m 70 -k 2 -n 78 -gemmO 92 -transA=True -transB=True -transC=False -transO=False --perf_config=attn:v1:128,32,128,1,1,1,32,3,2,2,4 -pv
Errors = loc("<stdin>":16:10): error: Fusion with SplitK perfConfig is not legal
Lowering not applicable.

----------------------------------------------------------------------------------------------------
NOT_APPLICABLE: GemmGemmConfiguration(datatype='f16', g=2, m=70, k=2, n=78, o=92, trans_a=True, trans_b=True, trans_c=False, trans_o=False, arch='gfx1100', chip='gfx1100', num_cu=70, num_chiplets=1, perfconfig='attn:v1:128,32,128,1,1,1,32,3,2,2,4')
Lowering rejected config as not applicable
Command line = -operation gemm_gemm -t bf16 --arch gfx1100 --num_cu 70 --num_chiplets 1 -g 2 -m 45 -k 31 -n 39 -gemmO 20 -transA=False -transB=False -transC=True -transO=False --perf_config=attn:v1:32,256,16,2,1,16,0,2,2,2,8 -pv -RMS_threshold 1e-2
Errors = loc("<stdin>":16:10): error: Fusion with SplitK perfConfig is not legal
Lowering not applicable.

----------------------------------------------------------------------------------------------------
NOT_APPLICABLE: GemmGemmConfiguration(datatype='bf16', g=2, m=45, k=31, n=39, o=20, trans_a=False, trans_b=False, trans_c=True, trans_o=False, arch='gfx1100', chip='gfx1100', num_cu=70, num_chiplets=1, perfconfig='attn:v1:32,256,16,2,1,16,0,2,2,2,8')
Lowering rejected config as not applicable
Command line = -operation gemm_gemm -t f16 --arch gfx1100 --num_cu 70 --num_chiplets 1 -g 1 -m 89 -k 18 -n 105 -gemmO 36 -transA=True -transB=False -transC=False -transO=False --perf_config=attn:v1:256,32,128,2,1,4,0,2,1,8,8 -pv
Errors = loc("<stdin>":16:10): error: Fusion with SplitK perfConfig is not legal
Lowering not applicable.

----------------------------------------------------------------------------------------------------
NOT_APPLICABLE: GemmGemmConfiguration(datatype='f16', g=1, m=89, k=18, n=105, o=36, trans_a=True, trans_b=False, trans_c=False, trans_o=False, arch='gfx1100', chip='gfx1100', num_cu=70, num_chiplets=1, perfconfig='attn:v1:256,32,128,2,1,4,0,2,1,8,8')
Lowering rejected config as not applicable
Command line = -operation gemm_gemm -t bf16 --arch gfx1100 --num_cu 70 --num_chiplets 1 -g 1 -m 68 -k 28 -n 119 -gemmO 99 -transA=True -transB=False -transC=False -transO=True --perf_config=attn:v1:64,128,16,1,1,4,32,2,2,8,8 -pv -RMS_threshold 1e-2
Errors = loc("<stdin>":16:10): error: Fusion with SplitK perfConfig is not legal
Lowering not applicable.

----------------------------------------------------------------------------------------------------
NOT_APPLICABLE: GemmGemmConfiguration(datatype='bf16', g=1, m=68, k=28, n=119, o=99, trans_a=True, trans_b=False, trans_c=False, trans_o=True, arch='gfx1100', chip='gfx1100', num_cu=70, num_chiplets=1, perfconfig='attn:v1:64,128,16,1,1,4,32,2,2,8,8')
Lowering rejected config as not applicable
Command line = -operation gemm_gemm -t bf16 --arch gfx1100 --num_cu 70 --num_chiplets 1 -g 1 -m 103 -k 64 -n 99 -gemmO 114 -transA=False -transB=False -transC=False -transO=False --perf_config=attn:v1:64,16,64,2,1,16,0,2,3,1,8 -pv -RMS_threshold 1e-2
Errors = loc("<stdin>":16:10): error: Fusion with SplitK perfConfig is not legal
Lowering not applicable.

----------------------------------------------------------------------------------------------------
NOT_APPLICABLE: GemmGemmConfiguration(datatype='bf16', g=1, m=103, k=64, n=99, o=114, trans_a=False, trans_b=False, trans_c=False, trans_o=False, arch='gfx1100', chip='gfx1100', num_cu=70, num_chiplets=1, perfconfig='attn:v1:64,16,64,2,1,16,0,2,3,1,8')
Lowering rejected config as not applicable
Command line = -operation gemm_gemm -t f16 --arch gfx1100 --num_cu 70 --num_chiplets 1 -g 1 -m 105 -k 89 -n 90 -gemmO 45 -transA=True -transB=True -transC=True -transO=False --perf_config=attn:v1:64,16,64,2,1,8,0,4,3,4,2 -pv
Errors = loc("<stdin>":16:10): error: Fusion with SplitK perfConfig is not legal
Lowering not applicable.

----------------------------------------------------------------------------------------------------
NOT_APPLICABLE: GemmGemmConfiguration(datatype='f16', g=1, m=105, k=89, n=90, o=45, trans_a=True, trans_b=True, trans_c=True, trans_o=False, arch='gfx1100', chip='gfx1100', num_cu=70, num_chiplets=1, perfconfig='attn:v1:64,16,64,2,1,8,0,4,3,4,2')
----------------------------------------------------------------------------------------------------
PASS: GemmGemmConfiguration(datatype='bf16', g=1, m=76, k=28, n=67, o=5, trans_a=True, trans_b=True, trans_c=True, trans_o=False, arch='gfx1100', chip='gfx1100', num_cu=70, num_chiplets=1, perfconfig='attn:v1:32,64,64,1,1,2,16,1,2,4,2')
----------------------------------------------------------------------------------------------------
PASS: GemmGemmConfiguration(datatype='f32', g=2, m=11, k=93, n=61, o=100, trans_a=True, trans_b=False, trans_c=False, trans_o=True, arch='gfx1100', chip='gfx1100', num_cu=70, num_chiplets=1, perfconfig='attn:v1:16,128,32,1,1,1,32,4,1,8,1')
*** Summary of failures ***
-operation gemm_gemm -t f32 --arch gfx1100 --num_cu 70 --num_chiplets 1 -g 2 -m 8 -k 5 -n 48 -gemmO 94 -transA=False -transB=True -transC=False -transO=True --perf_config=attn:v1:256,64,64,2,1,1,0,1,1,4,2 -pv -relDiff_threshold 1e-4
-operation gemm_gemm -t f32 --arch gfx1100 --num_cu 70 --num_chiplets 1 -g 1 -m 91 -k 92 -n 106 -gemmO 18 -transA=True -transB=False -transC=False -transO=False --perf_config=attn:v1:128,128,64,2,1,1,32,2,2,1,4 -pv -relDiff_threshold 1e-4
-operation gemm_gemm -t f32 --arch gfx1100 --num_cu 70 --num_chiplets 1 -g 1 -m 95 -k 111 -n 10 -gemmO 53 -transA=True -transB=False -transC=True -transO=False --perf_config=attn:v1:64,128,128,1,1,1,0,1,3,4,0 -pv -relDiff_threshold 1e-4
-operation gemm_gemm -t f32 --arch gfx1100 --num_cu 70 --num_chiplets 1 -g 1 -m 93 -k 95 -n 16 -gemmO 73 -transA=False -transB=False -transC=False -transO=True --perf_config=attn:v1:64,128,64,2,1,1,32,1,2,8,1 -pv -relDiff_threshold 1e-4
-operation gemm_gemm -t f32 --arch gfx1100 --num_cu 70 --num_chiplets 1 -g 1 -m 90 -k 37 -n 1 -gemmO 97 -transA=False -transB=False -transC=False -transO=True --perf_config=attn:v1:128,128,64,1,1,1,16,4,2,2,4 -pv -relDiff_threshold 1e-4
Passed: 406, Not applicable: 589, Failed: 5
