FAIL: Timeout in rocmlir-driver stage (120s)
Config = GemmConfiguration(datatype='fp8', out_dtype='f32', g=2, m=140, k=332, n=268, trans_a=True, trans_b=True, perfconfig='gemm:v1:256,256,128,2,1,2,0,1,2,0,8', scaled_gemm=False, scale_a_dtype=None, scale_b_dtype=None, trans_scale_a=False, trans_scale_b=False, arch='gfx1100', chip='gfx1100', num_cu=70, num_chiplets=1)
Command line = -operation gemm -t fp8 -out_datatype f32 --arch gfx1100 --num_cu 70 --num_chiplets 1 -g 2 -m 140 -k 332 -n 268 -transA=True -transB=True --perf_config=gemm:v1:256,256,128,2,1,2,0,1,2,0,8 -pv -relDiff_threshold 1e-5
Lowering rejected config as not applicable
Command line = -operation gemm -t i8 -out_datatype i32 --arch gfx1100 --num_cu 70 --num_chiplets 1 -g 2 -m 461 -k 414 -n 301 -transA=False -transB=True --perf_config=gemm:v1:128,64,64,1,1,2,16,4,1,4,0 -pv
Errors = loc("<stdin>":18:10): error: Fusion with SplitK perfConfig is not legal
Lowering not applicable.

----------------------------------------------------------------------------------------------------
NOT_APPLICABLE: GemmConfiguration(datatype='i8', out_dtype='i32', g=2, m=461, k=414, n=301, trans_a=False, trans_b=True, perfconfig='gemm:v1:128,64,64,1,1,2,16,4,1,4,0', scaled_gemm=False, scale_a_dtype=None, scale_b_dtype=None, trans_scale_a=False, trans_scale_b=False, arch='gfx1100', chip='gfx1100', num_cu=70, num_chiplets=1)
Lowering rejected config as not applicable
Command line = -operation gemm -t i8 -out_datatype i32 --arch gfx1100 --num_cu 70 --num_chiplets 1 -g 1 -m 9 -k 394 -n 297 -transA=False -transB=True --perf_config=gemm:v1:64,32,64,2,1,1,16,2,1,1,2 -pv
Errors = loc("<stdin>":17:10): error: Fusion with SplitK perfConfig is not legal
Lowering not applicable.

----------------------------------------------------------------------------------------------------
NOT_APPLICABLE: GemmConfiguration(datatype='i8', out_dtype='i32', g=1, m=9, k=394, n=297, trans_a=False, trans_b=True, perfconfig='gemm:v1:64,32,64,2,1,1,16,2,1,1,2', scaled_gemm=False, scale_a_dtype=None, scale_b_dtype=None, trans_scale_a=False, trans_scale_b=False, arch='gfx1100', chip='gfx1100', num_cu=70, num_chiplets=1)
Lowering rejected config as not applicable
Command line = -operation gemm -t i8 -out_datatype i32 --arch gfx1100 --num_cu 70 --num_chiplets 1 -g 2 -m 17 -k 180 -n 448 -transA=True -transB=False --perf_config=gemm:v1:16,32,32,2,1,8,0,2,3,4,0 -pv
Errors = loc("<stdin>":18:10): error: Fusion with SplitK perfConfig is not legal
Lowering not applicable.

----------------------------------------------------------------------------------------------------
NOT_APPLICABLE: GemmConfiguration(datatype='i8', out_dtype='i32', g=2, m=17, k=180, n=448, trans_a=True, trans_b=False, perfconfig='gemm:v1:16,32,32,2,1,8,0,2,3,4,0', scaled_gemm=False, scale_a_dtype=None, scale_b_dtype=None, trans_scale_a=False, trans_scale_b=False, arch='gfx1100', chip='gfx1100', num_cu=70, num_chiplets=1)
----------------------------------------------------------------------------------------------------
PASS: GemmConfiguration(datatype='fp8', out_dtype='f32', g=1, m=417, k=239, n=111, trans_a=False, trans_b=True, perfconfig='gemm:v1:32,32,32,2,1,16,32,4,1,4,4', scaled_gemm=False, scale_a_dtype=None, scale_b_dtype=None, trans_scale_a=False, trans_scale_b=False, arch='gfx1100', chip='gfx1100', num_cu=70, num_chiplets=1)
----------------------------------------------------------------------------------------------------
PASS: GemmConfiguration(datatype='fp8', out_dtype='f32', g=1, m=492, k=506, n=378, trans_a=True, trans_b=False, perfconfig='gemm:v1:16,32,16,1,1,8,16,1,3,2,1', scaled_gemm=False, scale_a_dtype=None, scale_b_dtype=None, trans_scale_a=False, trans_scale_b=False, arch='gfx1100', chip='gfx1100', num_cu=70, num_chiplets=1)
----------------------------------------------------------------------------------------------------
PASS: GemmConfiguration(datatype='f32', out_dtype='f32', g=1, m=205, k=403, n=356, trans_a=True, trans_b=False, perfconfig='gemm:v1:256,64,16,2,1,4,16,1,2,2,0', scaled_gemm=False, scale_a_dtype=None, scale_b_dtype=None, trans_scale_a=False, trans_scale_b=False, arch='gfx1100', chip='gfx1100', num_cu=70, num_chiplets=1)
----------------------------------------------------------------------------------------------------
PASS: GemmConfiguration(datatype='fp8', out_dtype='f32', g=1, m=73, k=208, n=117, trans_a=True, trans_b=True, perfconfig='gemm:v1:16,16,128,1,1,16,32,4,2,4,2', scaled_gemm=False, scale_a_dtype=None, scale_b_dtype=None, trans_scale_a=False, trans_scale_b=False, arch='gfx1100', chip='gfx1100', num_cu=70, num_chiplets=1)
----------------------------------------------------------------------------------------------------
FAIL: GemmConfiguration(datatype='fp8', out_dtype='f32', g=2, m=140, k=332, n=268, trans_a=True, trans_b=True, perfconfig='gemm:v1:256,256,128,2,1,2,0,1,2,0,8', scaled_gemm=False, scale_a_dtype=None, scale_b_dtype=None, trans_scale_a=False, trans_scale_b=False, arch='gfx1100', chip='gfx1100', num_cu=70, num_chiplets=1)
Lowering rejected config as not applicable
Command line = -operation gemm -t bf16 -out_datatype bf16 --arch gfx1100 --num_cu 70 --num_chiplets 1 -g 1 -m 106 -k 410 -n 428 -transA=False -transB=False --perf_config=gemm:v1:32,128,32,2,1,4,16,4,3,0,8 -pv -RMS_threshold 1e-2
Errors = loc("<stdin>":18:10): error: Fusion with SplitK perfConfig is not legal
Lowering not applicable.

----------------------------------------------------------------------------------------------------
NOT_APPLICABLE: GemmConfiguration(datatype='bf16', out_dtype='bf16', g=1, m=106, k=410, n=428, trans_a=False, trans_b=False, perfconfig='gemm:v1:32,128,32,2,1,4,16,4,3,0,8', scaled_gemm=False, scale_a_dtype=None, scale_b_dtype=None, trans_scale_a=False, trans_scale_b=False, arch='gfx1100', chip='gfx1100', num_cu=70, num_chiplets=1)
Lowering rejected config as not applicable
Command line = -operation gemm -t f16 -out_datatype f16 --arch gfx1100 --num_cu 70 --num_chiplets 1 -g 1 -m 461 -k 319 -n 416 -transA=False -transB=True --perf_config=gemm:v1:16,32,64,1,1,8,32,2,3,4,2 -pv
Errors = loc("<stdin>":17:10): error: Fusion with SplitK perfConfig is not legal
Lowering not applicable.

----------------------------------------------------------------------------------------------------
NOT_APPLICABLE: GemmConfiguration(datatype='f16', out_dtype='f16', g=1, m=461, k=319, n=416, trans_a=False, trans_b=True, perfconfig='gemm:v1:16,32,64,1,1,8,32,2,3,4,2', scaled_gemm=False, scale_a_dtype=None, scale_b_dtype=None, trans_scale_a=False, trans_scale_b=False, arch='gfx1100', chip='gfx1100', num_cu=70, num_chiplets=1)
----------------------------------------------------------------------------------------------------
PASS: GemmConfiguration(datatype='f32', out_dtype='f32', g=2, m=448, k=376, n=469, trans_a=True, trans_b=False, perfconfig='gemm:v1:64,64,64,1,1,8,0,2,1,4,8', scaled_gemm=False, scale_a_dtype=None, scale_b_dtype=None, trans_scale_a=False, trans_scale_b=False, arch='gfx1100', chip='gfx1100', num_cu=70, num_chiplets=1)
----------------------------------------------------------------------------------------------------
PASS: GemmConfiguration(datatype='fp8', out_dtype='f32', g=1, m=267, k=479, n=389, trans_a=True, trans_b=True, perfconfig='gemm:v1:64,32,128,2,1,16,16,4,3,0,2', scaled_gemm=False, scale_a_dtype=None, scale_b_dtype=None, trans_scale_a=False, trans_scale_b=False, arch='gfx1100', chip='gfx1100', num_cu=70, num_chiplets=1)
----------------------------------------------------------------------------------------------------
PASS: GemmConfiguration(datatype='f32', out_dtype='f32', g=1, m=38, k=447, n=48, trans_a=False, trans_b=True, perfconfig='gemm:v1:32,256,16,2,1,2,0,3,1,8,4', scaled_gemm=False, scale_a_dtype=None, scale_b_dtype=None, trans_scale_a=False, trans_scale_b=False, arch='gfx1100', chip='gfx1100', num_cu=70, num_chiplets=1)
----------------------------------------------------------------------------------------------------
PASS: GemmConfiguration(datatype='bf16', out_dtype='bf16', g=2, m=341, k=256, n=317, trans_a=False, trans_b=False, perfconfig='gemm:v1:256,64,16,1,1,1,32,1,3,4,0', scaled_gemm=False, scale_a_dtype=None, scale_b_dtype=None, trans_scale_a=False, trans_scale_b=False, arch='gfx1100', chip='gfx1100', num_cu=70, num_chiplets=1)
----------------------------------------------------------------------------------------------------
PASS: GemmConfiguration(datatype='f32', out_dtype='f32', g=2, m=127, k=195, n=66, trans_a=True, trans_b=False, perfconfig='gemm:v1:128,256,64,2,1,8,0,4,1,8,1', scaled_gemm=False, scale_a_dtype=None, scale_b_dtype=None, trans_scale_a=False, trans_scale_b=False, arch='gfx1100', chip='gfx1100', num_cu=70, num_chiplets=1)
----------------------------------------------------------------------------------------------------
PASS: GemmConfiguration(datatype='f32', out_dtype='f32', g=1, m=86, k=278, n=255, trans_a=True, trans_b=False, perfconfig='gemm:v1:256,128,64,2,1,1,0,1,1,4,0', scaled_gemm=False, scale_a_dtype=None, scale_b_dtype=None, trans_scale_a=False, trans_scale_b=False, arch='gfx1100', chip='gfx1100', num_cu=70, num_chiplets=1)
Lowering rejected config as not applicable
Command line = -operation gemm -t bf16 -out_datatype bf16 --arch gfx1100 --num_cu 70 --num_chiplets 1 -g 2 -m 478 -k 110 -n 214 -transA=False -transB=False --perf_config=gemm:v1:64,256,128,2,1,2,32,4,1,0,4 -pv -RMS_threshold 1e-2
Errors = loc("<stdin>":18:10): error: Fusion with SplitK perfConfig is not legal
Lowering not applicable.

----------------------------------------------------------------------------------------------------
NOT_APPLICABLE: GemmConfiguration(datatype='bf16', out_dtype='bf16', g=2, m=478, k=110, n=214, trans_a=False, trans_b=False, perfconfig='gemm:v1:64,256,128,2,1,2,32,4,1,0,4', scaled_gemm=False, scale_a_dtype=None, scale_b_dtype=None, trans_scale_a=False, trans_scale_b=False, arch='gfx1100', chip='gfx1100', num_cu=70, num_chiplets=1)
Lowering rejected config as not applicable
Command line = -operation gemm -t f16 -out_datatype f16 --arch gfx1100 --num_cu 70 --num_chiplets 1 -g 1 -m 190 -k 171 -n 393 -transA=False -transB=False --perf_config=gemm:v1:32,64,16,1,1,16,32,4,1,8,0 -pv
Errors = loc("<stdin>":18:10): error: Fusion with SplitK perfConfig is not legal
Lowering not applicable.

----------------------------------------------------------------------------------------------------
NOT_APPLICABLE: GemmConfiguration(datatype='f16', out_dtype='f16', g=1, m=190, k=171, n=393, trans_a=False, trans_b=False, perfconfig='gemm:v1:32,64,16,1,1,16,32,4,1,8,0', scaled_gemm=False, scale_a_dtype=None, scale_b_dtype=None, trans_scale_a=False, trans_scale_b=False, arch='gfx1100', chip='gfx1100', num_cu=70, num_chiplets=1)
Lowering rejected config as not applicable
Command line = -operation gemm -t bf16 -out_datatype bf16 --arch gfx1100 --num_cu 70 --num_chiplets 1 -g 1 -m 195 -k 14 -n 136 -transA=False -transB=True --perf_config=gemm:v1:16,64,64,2,1,16,16,4,2,4,0 -pv -RMS_threshold 1e-2
Errors = loc("<stdin>":17:10): error: Fusion with SplitK perfConfig is not legal
Lowering not applicable.

----------------------------------------------------------------------------------------------------
NOT_APPLICABLE: GemmConfiguration(datatype='bf16', out_dtype='bf16', g=1, m=195, k=14, n=136, trans_a=False, trans_b=True, perfconfig='gemm:v1:16,64,64,2,1,16,16,4,2,4,0', scaled_gemm=False, scale_a_dtype=None, scale_b_dtype=None, trans_scale_a=False, trans_scale_b=False, arch='gfx1100', chip='gfx1100', num_cu=70, num_chiplets=1)
Lowering rejected config as not applicable
Command line = -operation gemm -t f32 -out_datatype f32 --arch gfx1100 --num_cu 70 --num_chiplets 1 -g 1 -m 358 -k 150 -n 491 -transA=True -transB=True --perf_config=gemm:v1:16,256,128,1,1,16,0,4,1,2,4 -pv
Errors = loc("<stdin>":12:1): error: ttg.shared (131072) exceeds LDS limit (65536) for amdgcn-amd-amdhsa:gfx1100
Lowering not applicable.

----------------------------------------------------------------------------------------------------
NOT_APPLICABLE: GemmConfiguration(datatype='f32', out_dtype='f32', g=1, m=358, k=150, n=491, trans_a=True, trans_b=True, perfconfig='gemm:v1:16,256,128,1,1,16,0,4,1,2,4', scaled_gemm=False, scale_a_dtype=None, scale_b_dtype=None, trans_scale_a=False, trans_scale_b=False, arch='gfx1100', chip='gfx1100', num_cu=70, num_chiplets=1)
----------------------------------------------------------------------------------------------------
PASS: GemmConfiguration(datatype='f32', out_dtype='f32', g=1, m=391, k=504, n=318, trans_a=True, trans_b=True, perfconfig='gemm:v1:64,32,16,1,1,4,0,1,3,2,4', scaled_gemm=False, scale_a_dtype=None, scale_b_dtype=None, trans_scale_a=False, trans_scale_b=False, arch='gfx1100', chip='gfx1100', num_cu=70, num_chiplets=1)
----------------------------------------------------------------------------------------------------
PASS: GemmConfiguration(datatype='f32', out_dtype='f32', g=2, m=262, k=286, n=462, trans_a=True, trans_b=True, perfconfig='gemm:v1:16,128,32,2,1,1,32,4,3,1,1', scaled_gemm=False, scale_a_dtype=None, scale_b_dtype=None, trans_scale_a=False, trans_scale_b=False, arch='gfx1100', chip='gfx1100', num_cu=70, num_chiplets=1)
----------------------------------------------------------------------------------------------------
PASS: GemmConfiguration(datatype='i8', out_dtype='i32', g=1, m=282, k=131, n=290, trans_a=True, trans_b=True, perfconfig='gemm:v1:256,128,128,2,1,8,32,1,1,8,1', scaled_gemm=False, scale_a_dtype=None, scale_b_dtype=None, trans_scale_a=False, trans_scale_b=False, arch='gfx1100', chip='gfx1100', num_cu=70, num_chiplets=1)
----------------------------------------------------------------------------------------------------
PASS: GemmConfiguration(datatype='fp8', out_dtype='f32', g=2, m=356, k=194, n=326, trans_a=False, trans_b=False, perfconfig='gemm:v1:16,16,64,2,1,8,0,1,3,4,8', scaled_gemm=False, scale_a_dtype=None, scale_b_dtype=None, trans_scale_a=False, trans_scale_b=False, arch='gfx1100', chip='gfx1100', num_cu=70, num_chiplets=1)
Lowering rejected config as not applicable
Command line = -operation gemm -t i8 -out_datatype i32 --arch gfx1100 --num_cu 70 --num_chiplets 1 -g 2 -m 284 -k 86 -n 453 -transA=False -transB=True --perf_config=gemm:v1:128,16,32,1,1,2,32,4,2,2,2 -pv
Errors = loc("<stdin>":18:10): error: Fusion with SplitK perfConfig is not legal
Lowering not applicable.

----------------------------------------------------------------------------------------------------
NOT_APPLICABLE: GemmConfiguration(datatype='i8', out_dtype='i32', g=2, m=284, k=86, n=453, trans_a=False, trans_b=True, perfconfig='gemm:v1:128,16,32,1,1,2,32,4,2,2,2', scaled_gemm=False, scale_a_dtype=None, scale_b_dtype=None, trans_scale_a=False, trans_scale_b=False, arch='gfx1100', chip='gfx1100', num_cu=70, num_chiplets=1)
Lowering rejected config as not applicable
Command line = -operation gemm -t i8 -out_datatype i32 --arch gfx1100 --num_cu 70 --num_chiplets 1 -g 1 -m 251 -k 466 -n 472 -transA=False -transB=False --perf_config=gemm:v1:64,128,128,2,1,1,0,3,1,1,2 -pv
Errors = loc("<stdin>":18:10): error: Fusion with SplitK perfConfig is not legal
Lowering not applicable.

----------------------------------------------------------------------------------------------------
NOT_APPLICABLE: GemmConfiguration(datatype='i8', out_dtype='i32', g=1, m=251, k=466, n=472, trans_a=False, trans_b=False, perfconfig='gemm:v1:64,128,128,2,1,1,0,3,1,1,2', scaled_gemm=False, scale_a_dtype=None, scale_b_dtype=None, trans_scale_a=False, trans_scale_b=False, arch='gfx1100', chip='gfx1100', num_cu=70, num_chiplets=1)
Lowering rejected config as not applicable
Command line = -operation gemm -t f16 -out_datatype f16 --arch gfx1100 --num_cu 70 --num_chiplets 1 -g 1 -m 501 -k 29 -n 176 -transA=True -transB=False --perf_config=gemm:v1:64,64,64,1,1,8,0,3,3,1,1 -pv
Errors = loc("<stdin>":18:10): error: Fusion with SplitK perfConfig is not legal
Lowering not applicable.

----------------------------------------------------------------------------------------------------
NOT_APPLICABLE: GemmConfiguration(datatype='f16', out_dtype='f16', g=1, m=501, k=29, n=176, trans_a=True, trans_b=False, perfconfig='gemm:v1:64,64,64,1,1,8,0,3,3,1,1', scaled_gemm=False, scale_a_dtype=None, scale_b_dtype=None, trans_scale_a=False, trans_scale_b=False, arch='gfx1100', chip='gfx1100', num_cu=70, num_chiplets=1)
Lowering rejected config as not applicable
Command line = -operation gemm -t i8 -out_datatype i32 --arch gfx1100 --num_cu 70 --num_chiplets 1 -g 1 -m 94 -k 82 -n 211 -transA=True -transB=True --perf_config=gemm:v1:256,64,32,2,1,2,32,2,2,8,4 -pv
Errors = loc("<stdin>":18:10): error: Fusion with SplitK perfConfig is not legal
Lowering not applicable.

----------------------------------------------------------------------------------------------------
NOT_APPLICABLE: GemmConfiguration(datatype='i8', out_dtype='i32', g=1, m=94, k=82, n=211, trans_a=True, trans_b=True, perfconfig='gemm:v1:256,64,32,2,1,2,32,2,2,8,4', scaled_gemm=False, scale_a_dtype=None, scale_b_dtype=None, trans_scale_a=False, trans_scale_b=False, arch='gfx1100', chip='gfx1100', num_cu=70, num_chiplets=1)
----------------------------------------------------------------------------------------------------
PASS: GemmConfiguration(datatype='fp8', out_dtype='f32', g=1, m=453, k=35, n=282, trans_a=True, trans_b=True, perfconfig='gemm:v1:256,64,64,2,1,16,0,3,3,8,2', scaled_gemm=False, scale_a_dtype=None, scale_b_dtype=None, trans_scale_a=False, trans_scale_b=False, arch='gfx1100', chip='gfx1100', num_cu=70, num_chiplets=1)
----------------------------------------------------------------------------------------------------
PASS: GemmConfiguration(datatype='f32', out_dtype='f32', g=2, m=308, k=296, n=451, trans_a=False, trans_b=True, perfconfig='gemm:v1:128,32,64,2,1,1,32,2,2,0,2', scaled_gemm=False, scale_a_dtype=None, scale_b_dtype=None, trans_scale_a=False, trans_scale_b=False, arch='gfx1100', chip='gfx1100', num_cu=70, num_chiplets=1)
----------------------------------------------------------------------------------------------------
PASS: GemmConfiguration(datatype='f32', out_dtype='f32', g=2, m=373, k=160, n=201, trans_a=True, trans_b=False, perfconfig='gemm:v1:64,64,128,2,1,2,16,3,3,8,0', scaled_gemm=False, scale_a_dtype=None, scale_b_dtype=None, trans_scale_a=False, trans_scale_b=False, arch='gfx1100', chip='gfx1100', num_cu=70, num_chiplets=1)
----------------------------------------------------------------------------------------------------
PASS: GemmConfiguration(datatype='fp8', out_dtype='f32', g=1, m=147, k=397, n=506, trans_a=True, trans_b=True, perfconfig='gemm:v1:32,32,128,2,1,1,32,1,3,1,4', scaled_gemm=False, scale_a_dtype=None, scale_b_dtype=None, trans_scale_a=False, trans_scale_b=False, arch='gfx1100', chip='gfx1100', num_cu=70, num_chiplets=1)
Lowering rejected config as not applicable
Command line = -operation gemm -t f16 -out_datatype f16 --arch gfx1100 --num_cu 70 --num_chiplets 1 -g 2 -m 451 -k 80 -n 457 -transA=True -transB=True --perf_config=gemm:v1:256,256,32,2,1,1,16,2,3,8,1 -pv
Errors = loc("<stdin>":18:10): error: Fusion with SplitK perfConfig is not legal
Lowering not applicable.

----------------------------------------------------------------------------------------------------
NOT_APPLICABLE: GemmConfiguration(datatype='f16', out_dtype='f16', g=2, m=451, k=80, n=457, trans_a=True, trans_b=True, perfconfig='gemm:v1:256,256,32,2,1,1,16,2,3,8,1', scaled_gemm=False, scale_a_dtype=None, scale_b_dtype=None, trans_scale_a=False, trans_scale_b=False, arch='gfx1100', chip='gfx1100', num_cu=70, num_chiplets=1)
Lowering rejected config as not applicable
Command line = -operation gemm -t i8 -out_datatype i32 --arch gfx1100 --num_cu 70 --num_chiplets 1 -g 1 -m 368 -k 189 -n 89 -transA=False -transB=True --perf_config=gemm:v1:32,256,128,2,1,16,0,3,1,2,0 -pv
Errors = loc("<stdin>":17:10): error: Fusion with SplitK perfConfig is not legal
Lowering not applicable.

----------------------------------------------------------------------------------------------------
NOT_APPLICABLE: GemmConfiguration(datatype='i8', out_dtype='i32', g=1, m=368, k=189, n=89, trans_a=False, trans_b=True, perfconfig='gemm:v1:32,256,128,2,1,16,0,3,1,2,0', scaled_gemm=False, scale_a_dtype=None, scale_b_dtype=None, trans_scale_a=False, trans_scale_b=False, arch='gfx1100', chip='gfx1100', num_cu=70, num_chiplets=1)
Lowering rejected config as not applicable
Command line = -operation gemm -t i8 -out_datatype i32 --arch gfx1100 --num_cu 70 --num_chiplets 1 -g 2 -m 92 -k 496 -n 5 -transA=True -transB=False --perf_config=gemm:v1:16,256,64,1,1,16,32,3,2,4,0 -pv
Errors = loc("<stdin>":18:10): error: Fusion with SplitK perfConfig is not legal
Lowering not applicable.

----------------------------------------------------------------------------------------------------
NOT_APPLICABLE: GemmConfiguration(datatype='i8', out_dtype='i32', g=2, m=92, k=496, n=5, trans_a=True, trans_b=False, perfconfig='gemm:v1:16,256,64,1,1,16,32,3,2,4,0', scaled_gemm=False, scale_a_dtype=None, scale_b_dtype=None, trans_scale_a=False, trans_scale_b=False, arch='gfx1100', chip='gfx1100', num_cu=70, num_chiplets=1)
Lowering rejected config as not applicable
Command line = -operation gemm -t bf16 -out_datatype bf16 --arch gfx1100 --num_cu 70 --num_chiplets 1 -g 2 -m 368 -k 6 -n 451 -transA=True -transB=False --perf_config=gemm:v1:128,256,64,2,1,4,0,2,2,4,8 -pv -RMS_threshold 1e-2
Errors = loc("<stdin>":18:10): error: Fusion with SplitK perfConfig is not legal
Lowering not applicable.

----------------------------------------------------------------------------------------------------
NOT_APPLICABLE: GemmConfiguration(datatype='bf16', out_dtype='bf16', g=2, m=368, k=6, n=451, trans_a=True, trans_b=False, perfconfig='gemm:v1:128,256,64,2,1,4,0,2,2,4,8', scaled_gemm=False, scale_a_dtype=None, scale_b_dtype=None, trans_scale_a=False, trans_scale_b=False, arch='gfx1100', chip='gfx1100', num_cu=70, num_chiplets=1)
----------------------------------------------------------------------------------------------------
PASS: GemmConfiguration(datatype='f32', out_dtype='f32', g=2, m=278, k=382, n=110, trans_a=False, trans_b=True, perfconfig='gemm:v1:64,32,16,2,1,4,32,1,3,0,8', scaled_gemm=False, scale_a_dtype=None, scale_b_dtype=None, trans_scale_a=False, trans_scale_b=False, arch='gfx1100', chip='gfx1100', num_cu=70, num_chiplets=1)
----------------------------------------------------------------------------------------------------
PASS: GemmConfiguration(datatype='f32', out_dtype='f32', g=1, m=423, k=200, n=449, trans_a=True, trans_b=False, perfconfig='gemm:v1:256,64,16,2,1,16,32,2,3,2,1', scaled_gemm=False, scale_a_dtype=None, scale_b_dtype=None, trans_scale_a=False, trans_scale_b=False, arch='gfx1100', chip='gfx1100', num_cu=70, num_chiplets=1)
----------------------------------------------------------------------------------------------------
PASS: GemmConfiguration(datatype='f32', out_dtype='f32', g=1, m=16, k=211, n=147, trans_a=True, trans_b=True, perfconfig='gemm:v1:128,64,64,2,1,2,0,4,2,4,1', scaled_gemm=False, scale_a_dtype=None, scale_b_dtype=None, trans_scale_a=False, trans_scale_b=False, arch='gfx1100', chip='gfx1100', num_cu=70, num_chiplets=1)
----------------------------------------------------------------------------------------------------
PASS: GemmConfiguration(datatype='fp8', out_dtype='f32', g=2, m=359, k=367, n=321, trans_a=False, trans_b=False, perfconfig='gemm:v1:256,128,32,2,1,1,0,2,1,4,4', scaled_gemm=False, scale_a_dtype=None, scale_b_dtype=None, trans_scale_a=False, trans_scale_b=False, arch='gfx1100', chip='gfx1100', num_cu=70, num_chiplets=1)
Lowering rejected config as not applicable
Command line = -operation gemm -t i8 -out_datatype i32 --arch gfx1100 --num_cu 70 --num_chiplets 1 -g 2 -m 224 -k 501 -n 182 -transA=True -transB=False --perf_config=gemm:v1:128,256,32,2,1,16,0,4,2,1,1 -pv
Errors = loc("<stdin>":18:10): error: Fusion with SplitK perfConfig is not legal
Lowering not applicable.

----------------------------------------------------------------------------------------------------
NOT_APPLICABLE: GemmConfiguration(datatype='i8', out_dtype='i32', g=2, m=224, k=501, n=182, trans_a=True, trans_b=False, perfconfig='gemm:v1:128,256,32,2,1,16,0,4,2,1,1', scaled_gemm=False, scale_a_dtype=None, scale_b_dtype=None, trans_scale_a=False, trans_scale_b=False, arch='gfx1100', chip='gfx1100', num_cu=70, num_chiplets=1)
Lowering rejected config as not applicable
Command line = -operation gemm -t bf16 -out_datatype bf16 --arch gfx1100 --num_cu 70 --num_chiplets 1 -g 2 -m 345 -k 174 -n 238 -transA=False -transB=False --perf_config=gemm:v1:32,256,128,2,1,16,32,3,1,8,0 -pv -RMS_threshold 1e-2
Errors = loc("<stdin>":18:10): error: Fusion with SplitK perfConfig is not legal
Lowering not applicable.

----------------------------------------------------------------------------------------------------
NOT_APPLICABLE: GemmConfiguration(datatype='bf16', out_dtype='bf16', g=2, m=345, k=174, n=238, trans_a=False, trans_b=False, perfconfig='gemm:v1:32,256,128,2,1,16,32,3,1,8,0', scaled_gemm=False, scale_a_dtype=None, scale_b_dtype=None, trans_scale_a=False, trans_scale_b=False, arch='gfx1100', chip='gfx1100', num_cu=70, num_chiplets=1)
Lowering rejected config as not applicable
Command line = -operation gemm -t bf16 -out_datatype bf16 --arch gfx1100 --num_cu 70 --num_chiplets 1 -g 2 -m 305 -k 292 -n 223 -transA=True -transB=False --perf_config=gemm:v1:32,64,16,2,1,4,32,2,3,2,4 -pv -RMS_threshold 1e-2
Errors = loc("<stdin>":18:10): error: Fusion with SplitK perfConfig is not legal
Lowering not applicable.

----------------------------------------------------------------------------------------------------
NOT_APPLICABLE: GemmConfiguration(datatype='bf16', out_dtype='bf16', g=2, m=305, k=292, n=223, trans_a=True, trans_b=False, perfconfig='gemm:v1:32,64,16,2,1,4,32,2,3,2,4', scaled_gemm=False, scale_a_dtype=None, scale_b_dtype=None, trans_scale_a=False, trans_scale_b=False, arch='gfx1100', chip='gfx1100', num_cu=70, num_chiplets=1)
Lowering rejected config as not applicable
Command line = -operation gemm -t f16 -out_datatype f16 --arch gfx1100 --num_cu 70 --num_chiplets 1 -g 1 -m 315 -k 459 -n 10 -transA=True -transB=False --perf_config=gemm:v1:128,64,16,1,1,8,32,3,2,8,1 -pv
Errors = loc("<stdin>":18:10): error: Fusion with SplitK perfConfig is not legal
Lowering not applicable.

----------------------------------------------------------------------------------------------------
NOT_APPLICABLE: GemmConfiguration(datatype='f16', out_dtype='f16', g=1, m=315, k=459, n=10, trans_a=True, trans_b=False, perfconfig='gemm:v1:128,64,16,1,1,8,32,3,2,8,1', scaled_gemm=False, scale_a_dtype=None, scale_b_dtype=None, trans_scale_a=False, trans_scale_b=False, arch='gfx1100', chip='gfx1100', num_cu=70, num_chiplets=1)
----------------------------------------------------------------------------------------------------
PASS: GemmConfiguration(datatype='f32', out_dtype='f32', g=2, m=155, k=291, n=467, trans_a=False, trans_b=False, perfconfig='gemm:v1:32,32,128,2,1,8,16,3,3,2,1', scaled_gemm=False, scale_a_dtype=None, scale_b_dtype=None, trans_scale_a=False, trans_scale_b=False, arch='gfx1100', chip='gfx1100', num_cu=70, num_chiplets=1)
----------------------------------------------------------------------------------------------------
PASS: GemmConfiguration(datatype='fp8', out_dtype='f32', g=2, m=415, k=190, n=219, trans_a=True, trans_b=False, perfconfig='gemm:v1:32,64,128,1,1,16,0,2,3,0,0', scaled_gemm=False, scale_a_dtype=None, scale_b_dtype=None, trans_scale_a=False, trans_scale_b=False, arch='gfx1100', chip='gfx1100', num_cu=70, num_chiplets=1)
----------------------------------------------------------------------------------------------------
PASS: GemmConfiguration(datatype='fp8', out_dtype='f32', g=1, m=407, k=239, n=232, trans_a=True, trans_b=False, perfconfig='gemm:v1:64,64,64,2,1,2,32,1,3,2,1', scaled_gemm=False, scale_a_dtype=None, scale_b_dtype=None, trans_scale_a=False, trans_scale_b=False, arch='gfx1100', chip='gfx1100', num_cu=70, num_chiplets=1)
Lowering rejected config as not applicable
Command line = -operation gemm -t bf16 -out_datatype bf16 --arch gfx1100 --num_cu 70 --num_chiplets 1 -g 1 -m 399 -k 427 -n 277 -transA=False -transB=True --perf_config=gemm:v1:256,256,64,1,1,1,0,1,3,8,4 -pv -RMS_threshold 1e-2
Errors = loc("<stdin>":12:1): error: ttg.shared (131072) exceeds LDS limit (65536) for amdgcn-amd-amdhsa:gfx1100
Lowering not applicable.

----------------------------------------------------------------------------------------------------
NOT_APPLICABLE: GemmConfiguration(datatype='bf16', out_dtype='bf16', g=1, m=399, k=427, n=277, trans_a=False, trans_b=True, perfconfig='gemm:v1:256,256,64,1,1,1,0,1,3,8,4', scaled_gemm=False, scale_a_dtype=None, scale_b_dtype=None, trans_scale_a=False, trans_scale_b=False, arch='gfx1100', chip='gfx1100', num_cu=70, num_chiplets=1)
Lowering rejected config as not applicable
Command line = -operation gemm -t i8 -out_datatype i32 --arch gfx1100 --num_cu 70 --num_chiplets 1 -g 1 -m 347 -k 310 -n 456 -transA=False -transB=True --perf_config=gemm:v1:32,256,128,1,1,1,16,2,3,2,1 -pv
Errors = loc("<stdin>":17:10): error: Fusion with SplitK perfConfig is not legal
Lowering not applicable.

----------------------------------------------------------------------------------------------------
NOT_APPLICABLE: GemmConfiguration(datatype='i8', out_dtype='i32', g=1, m=347, k=310, n=456, trans_a=False, trans_b=True, perfconfig='gemm:v1:32,256,128,1,1,1,16,2,3,2,1', scaled_gemm=False, scale_a_dtype=None, scale_b_dtype=None, trans_scale_a=False, trans_scale_b=False, arch='gfx1100', chip='gfx1100', num_cu=70, num_chiplets=1)
Lowering rejected config as not applicable
Command line = -operation gemm -t f16 -out_datatype f16 --arch gfx1100 --num_cu 70 --num_chiplets 1 -g 2 -m 460 -k 298 -n 312 -transA=True -transB=False --perf_config=gemm:v1:32,128,128,2,1,1,32,3,3,8,2 -pv
Errors = loc("<stdin>":18:10): error: Fusion with SplitK perfConfig is not legal
Lowering not applicable.

----------------------------------------------------------------------------------------------------
NOT_APPLICABLE: GemmConfiguration(datatype='f16', out_dtype='f16', g=2, m=460, k=298, n=312, trans_a=True, trans_b=False, perfconfig='gemm:v1:32,128,128,2,1,1,32,3,3,8,2', scaled_gemm=False, scale_a_dtype=None, scale_b_dtype=None, trans_scale_a=False, trans_scale_b=False, arch='gfx1100', chip='gfx1100', num_cu=70, num_chiplets=1)
----------------------------------------------------------------------------------------------------
PASS: GemmConfiguration(datatype='fp8', out_dtype='f32', g=2, m=207, k=228, n=407, trans_a=False, trans_b=False, perfconfig='gemm:v1:32,32,32,2,1,4,0,3,3,2,0', scaled_gemm=False, scale_a_dtype=None, scale_b_dtype=None, trans_scale_a=False, trans_scale_b=False, arch='gfx1100', chip='gfx1100', num_cu=70, num_chiplets=1)
----------------------------------------------------------------------------------------------------
PASS: GemmConfiguration(datatype='fp8', out_dtype='f32', g=1, m=16, k=491, n=292, trans_a=False, trans_b=True, perfconfig='gemm:v1:32,64,64,2,1,8,0,4,1,1,0', scaled_gemm=False, scale_a_dtype=None, scale_b_dtype=None, trans_scale_a=False, trans_scale_b=False, arch='gfx1100', chip='gfx1100', num_cu=70, num_chiplets=1)
----------------------------------------------------------------------------------------------------
PASS: GemmConfiguration(datatype='fp8', out_dtype='f32', g=2, m=466, k=450, n=181, trans_a=False, trans_b=True, perfconfig='gemm:v1:32,16,128,1,1,16,0,4,3,0,0', scaled_gemm=False, scale_a_dtype=None, scale_b_dtype=None, trans_scale_a=False, trans_scale_b=False, arch='gfx1100', chip='gfx1100', num_cu=70, num_chiplets=1)
----------------------------------------------------------------------------------------------------
PASS: GemmConfiguration(datatype='f32', out_dtype='f32', g=2, m=182, k=294, n=408, trans_a=True, trans_b=False, perfconfig='gemm:v1:32,64,128,1,1,8,16,3,3,8,2', scaled_gemm=False, scale_a_dtype=None, scale_b_dtype=None, trans_scale_a=False, trans_scale_b=False, arch='gfx1100', chip='gfx1100', num_cu=70, num_chiplets=1)
----------------------------------------------------------------------------------------------------
PASS: GemmConfiguration(datatype='i8', out_dtype='i32', g=2, m=469, k=142, n=133, trans_a=True, trans_b=False, perfconfig='gemm:v1:256,128,16,1,1,1,16,1,2,0,0', scaled_gemm=False, scale_a_dtype=None, scale_b_dtype=None, trans_scale_a=False, trans_scale_b=False, arch='gfx1100', chip='gfx1100', num_cu=70, num_chiplets=1)
----------------------------------------------------------------------------------------------------
PASS: GemmConfiguration(datatype='fp8', out_dtype='f32', g=1, m=259, k=220, n=428, trans_a=False, trans_b=False, perfconfig='gemm:v1:128,128,128,2,1,1,16,2,3,4,0', scaled_gemm=False, scale_a_dtype=None, scale_b_dtype=None, trans_scale_a=False, trans_scale_b=False, arch='gfx1100', chip='gfx1100', num_cu=70, num_chiplets=1)
Lowering rejected config as not applicable
Command line = -operation gemm -t bf16 -out_datatype bf16 --arch gfx1100 --num_cu 70 --num_chiplets 1 -g 2 -m 475 -k 481 -n 379 -transA=False -transB=True --perf_config=gemm:v1:128,128,64,1,1,4,0,4,1,2,8 -pv -RMS_threshold 1e-2
Errors = loc("<stdin>":18:10): error: Fusion with SplitK perfConfig is not legal
Lowering not applicable.

----------------------------------------------------------------------------------------------------
NOT_APPLICABLE: GemmConfiguration(datatype='bf16', out_dtype='bf16', g=2, m=475, k=481, n=379, trans_a=False, trans_b=True, perfconfig='gemm:v1:128,128,64,1,1,4,0,4,1,2,8', scaled_gemm=False, scale_a_dtype=None, scale_b_dtype=None, trans_scale_a=False, trans_scale_b=False, arch='gfx1100', chip='gfx1100', num_cu=70, num_chiplets=1)
Lowering rejected config as not applicable
Command line = -operation gemm -t i8 -out_datatype i32 --arch gfx1100 --num_cu 70 --num_chiplets 1 -g 1 -m 482 -k 492 -n 282 -transA=True -transB=False --perf_config=gemm:v1:32,32,64,2,1,2,32,4,2,1,1 -pv
Errors = loc("<stdin>":18:10): error: Fusion with SplitK perfConfig is not legal
Lowering not applicable.

----------------------------------------------------------------------------------------------------
NOT_APPLICABLE: GemmConfiguration(datatype='i8', out_dtype='i32', g=1, m=482, k=492, n=282, trans_a=True, trans_b=False, perfconfig='gemm:v1:32,32,64,2,1,2,32,4,2,1,1', scaled_gemm=False, scale_a_dtype=None, scale_b_dtype=None, trans_scale_a=False, trans_scale_b=False, arch='gfx1100', chip='gfx1100', num_cu=70, num_chiplets=1)
Lowering rejected config as not applicable
Command line = -operation gemm -t bf16 -out_datatype bf16 --arch gfx1100 --num_cu 70 --num_chiplets 1 -g 1 -m 17 -k 375 -n 17 -transA=True -transB=True --perf_config=gemm:v1:16,64,16,2,1,4,0,2,2,8,8 -pv -RMS_threshold 1e-2
Errors = loc("<stdin>":18:10): error: Fusion with SplitK perfConfig is not legal
Lowering not applicable.

----------------------------------------------------------------------------------------------------
NOT_APPLICABLE: GemmConfiguration(datatype='bf16', out_dtype='bf16', g=1, m=17, k=375, n=17, trans_a=True, trans_b=True, perfconfig='gemm:v1:16,64,16,2,1,4,0,2,2,8,8', scaled_gemm=False, scale_a_dtype=None, scale_b_dtype=None, trans_scale_a=False, trans_scale_b=False, arch='gfx1100', chip='gfx1100', num_cu=70, num_chiplets=1)
----------------------------------------------------------------------------------------------------
PASS: GemmConfiguration(datatype='f16', out_dtype='f16', g=2, m=323, k=129, n=40, trans_a=False, trans_b=True, perfconfig='gemm:v1:128,16,128,1,1,4,32,1,2,0,4', scaled_gemm=False, scale_a_dtype=None, scale_b_dtype=None, trans_scale_a=False, trans_scale_b=False, arch='gfx1100', chip='gfx1100', num_cu=70, num_chiplets=1)
----------------------------------------------------------------------------------------------------
PASS: GemmConfiguration(datatype='fp8', out_dtype='f32', g=1, m=426, k=124, n=205, trans_a=False, trans_b=True, perfconfig='gemm:v1:64,32,32,1,1,8,0,3,2,1,1', scaled_gemm=False, scale_a_dtype=None, scale_b_dtype=None, trans_scale_a=False, trans_scale_b=False, arch='gfx1100', chip='gfx1100', num_cu=70, num_chiplets=1)
----------------------------------------------------------------------------------------------------
PASS: GemmConfiguration(datatype='fp8', out_dtype='f32', g=1, m=119, k=152, n=377, trans_a=False, trans_b=False, perfconfig='gemm:v1:128,64,16,1,1,16,32,4,3,1,4', scaled_gemm=False, scale_a_dtype=None, scale_b_dtype=None, trans_scale_a=False, trans_scale_b=False, arch='gfx1100', chip='gfx1100', num_cu=70, num_chiplets=1)
----------------------------------------------------------------------------------------------------
PASS: GemmConfiguration(datatype='fp8', out_dtype='f32', g=1, m=395, k=332, n=393, trans_a=True, trans_b=True, perfconfig='gemm:v1:64,256,32,2,1,8,32,4,1,4,0', scaled_gemm=False, scale_a_dtype=None, scale_b_dtype=None, trans_scale_a=False, trans_scale_b=False, arch='gfx1100', chip='gfx1100', num_cu=70, num_chiplets=1)
----------------------------------------------------------------------------------------------------
PASS: GemmConfiguration(datatype='fp8', out_dtype='f32', g=1, m=496, k=216, n=281, trans_a=True, trans_b=True, perfconfig='gemm:v1:256,64,64,1,1,2,16,1,3,2,2', scaled_gemm=False, scale_a_dtype=None, scale_b_dtype=None, trans_scale_a=False, trans_scale_b=False, arch='gfx1100', chip='gfx1100', num_cu=70, num_chiplets=1)
Lowering rejected config as not applicable
Command line = -operation gemm -t bf16 -out_datatype bf16 --arch gfx1100 --num_cu 70 --num_chiplets 1 -g 2 -m 438 -k 433 -n 132 -transA=False -transB=False --perf_config=gemm:v1:256,256,64,2,1,2,32,2,1,4,1 -pv -RMS_threshold 1e-2
Errors = loc("<stdin>":18:10): error: Fusion with SplitK perfConfig is not legal
Lowering not applicable.

----------------------------------------------------------------------------------------------------
NOT_APPLICABLE: GemmConfiguration(datatype='bf16', out_dtype='bf16', g=2, m=438, k=433, n=132, trans_a=False, trans_b=False, perfconfig='gemm:v1:256,256,64,2,1,2,32,2,1,4,1', scaled_gemm=False, scale_a_dtype=None, scale_b_dtype=None, trans_scale_a=False, trans_scale_b=False, arch='gfx1100', chip='gfx1100', num_cu=70, num_chiplets=1)
Lowering rejected config as not applicable
Command line = -operation gemm -t f16 -out_datatype f16 --arch gfx1100 --num_cu 70 --num_chiplets 1 -g 1 -m 98 -k 494 -n 29 -transA=True -transB=True --perf_config=gemm:v1:32,32,16,2,1,4,32,2,1,1,8 -pv
Errors = loc("<stdin>":18:10): error: Fusion with SplitK perfConfig is not legal
Lowering not applicable.

----------------------------------------------------------------------------------------------------
NOT_APPLICABLE: GemmConfiguration(datatype='f16', out_dtype='f16', g=1, m=98, k=494, n=29, trans_a=True, trans_b=True, perfconfig='gemm:v1:32,32,16,2,1,4,32,2,1,1,8', scaled_gemm=False, scale_a_dtype=None, scale_b_dtype=None, trans_scale_a=False, trans_scale_b=False, arch='gfx1100', chip='gfx1100', num_cu=70, num_chiplets=1)
Lowering rejected config as not applicable
Command line = -operation gemm -t f16 -out_datatype f16 --arch gfx1100 --num_cu 70 --num_chiplets 1 -g 2 -m 120 -k 446 -n 30 -transA=True -transB=True --perf_config=gemm:v1:128,32,16,2,1,4,0,4,3,2,1 -pv
Errors = loc("<stdin>":18:10): error: Fusion with SplitK perfConfig is not legal
Lowering not applicable.

----------------------------------------------------------------------------------------------------
NOT_APPLICABLE: GemmConfiguration(datatype='f16', out_dtype='f16', g=2, m=120, k=446, n=30, trans_a=True, trans_b=True, perfconfig='gemm:v1:128,32,16,2,1,4,0,4,3,2,1', scaled_gemm=False, scale_a_dtype=None, scale_b_dtype=None, trans_scale_a=False, trans_scale_b=False, arch='gfx1100', chip='gfx1100', num_cu=70, num_chiplets=1)
Lowering rejected config as not applicable
Command line = -operation gemm -t f16 -out_datatype f16 --arch gfx1100 --num_cu 70 --num_chiplets 1 -g 2 -m 16 -k 84 -n 444 -transA=True -transB=False --perf_config=gemm:v1:256,32,128,1,1,16,16,2,1,2,2 -pv
Errors = loc("<stdin>":18:10): error: Fusion with SplitK perfConfig is not legal
Lowering not applicable.

----------------------------------------------------------------------------------------------------
NOT_APPLICABLE: GemmConfiguration(datatype='f16', out_dtype='f16', g=2, m=16, k=84, n=444, trans_a=True, trans_b=False, perfconfig='gemm:v1:256,32,128,1,1,16,16,2,1,2,2', scaled_gemm=False, scale_a_dtype=None, scale_b_dtype=None, trans_scale_a=False, trans_scale_b=False, arch='gfx1100', chip='gfx1100', num_cu=70, num_chiplets=1)
Lowering rejected config as not applicable
Command line = -operation gemm -t f32 -out_datatype f32 --arch gfx1100 --num_cu 70 --num_chiplets 1 -g 2 -m 276 -k 321 -n 253 -transA=True -transB=True --perf_config=gemm:v1:256,128,64,2,1,8,16,1,3,8,4 -pv
Errors = loc("<stdin>":11:1): error: ttg.shared (196608) exceeds LDS limit (65536) for amdgcn-amd-amdhsa:gfx1100
Lowering not applicable.

----------------------------------------------------------------------------------------------------
NOT_APPLICABLE: GemmConfiguration(datatype='f32', out_dtype='f32', g=2, m=276, k=321, n=253, trans_a=True, trans_b=True, perfconfig='gemm:v1:256,128,64,2,1,8,16,1,3,8,4', scaled_gemm=False, scale_a_dtype=None, scale_b_dtype=None, trans_scale_a=False, trans_scale_b=False, arch='gfx1100', chip='gfx1100', num_cu=70, num_chiplets=1)
----------------------------------------------------------------------------------------------------
PASS: GemmConfiguration(datatype='fp8', out_dtype='f32', g=1, m=325, k=83, n=456, trans_a=False, trans_b=True, perfconfig='gemm:v1:32,32,16,2,1,2,0,3,2,0,0', scaled_gemm=False, scale_a_dtype=None, scale_b_dtype=None, trans_scale_a=False, trans_scale_b=False, arch='gfx1100', chip='gfx1100', num_cu=70, num_chiplets=1)
Lowering rejected config as not applicable
Command line = -operation gemm -t f32 -out_datatype f32 --arch gfx1100 --num_cu 70 --num_chiplets 1 -g 2 -m 468 -k 238 -n 318 -transA=True -transB=True --perf_config=gemm:v1:64,256,128,2,1,1,32,1,3,0,1 -pv
Errors = loc("<stdin>":11:1): error: ttg.shared (327680) exceeds LDS limit (65536) for amdgcn-amd-amdhsa:gfx1100
Lowering not applicable.

----------------------------------------------------------------------------------------------------
NOT_APPLICABLE: GemmConfiguration(datatype='f32', out_dtype='f32', g=2, m=468, k=238, n=318, trans_a=True, trans_b=True, perfconfig='gemm:v1:64,256,128,2,1,1,32,1,3,0,1', scaled_gemm=False, scale_a_dtype=None, scale_b_dtype=None, trans_scale_a=False, trans_scale_b=False, arch='gfx1100', chip='gfx1100', num_cu=70, num_chiplets=1)
----------------------------------------------------------------------------------------------------
PASS: GemmConfiguration(datatype='fp8', out_dtype='f32', g=1, m=223, k=427, n=461, trans_a=True, trans_b=False, perfconfig='gemm:v1:32,64,128,2,1,4,0,4,3,8,8', scaled_gemm=False, scale_a_dtype=None, scale_b_dtype=None, trans_scale_a=False, trans_scale_b=False, arch='gfx1100', chip='gfx1100', num_cu=70, num_chiplets=1)
Lowering rejected config as not applicable
Command line = -operation gemm -t f16 -out_datatype f16 --arch gfx1100 --num_cu 70 --num_chiplets 1 -g 1 -m 108 -k 385 -n 172 -transA=True -transB=False --perf_config=gemm:v1:128,256,128,1,1,8,16,3,2,8,4 -pv
Errors = loc("<stdin>":18:10): error: Fusion with SplitK perfConfig is not legal
Lowering not applicable.

----------------------------------------------------------------------------------------------------
NOT_APPLICABLE: GemmConfiguration(datatype='f16', out_dtype='f16', g=1, m=108, k=385, n=172, trans_a=True, trans_b=False, perfconfig='gemm:v1:128,256,128,1,1,8,16,3,2,8,4', scaled_gemm=False, scale_a_dtype=None, scale_b_dtype=None, trans_scale_a=False, trans_scale_b=False, arch='gfx1100', chip='gfx1100', num_cu=70, num_chiplets=1)
Lowering rejected config as not applicable
Command line = -operation gemm -t f16 -out_datatype f16 --arch gfx1100 --num_cu 70 --num_chiplets 1 -g 1 -m 50 -k 132 -n 4 -transA=True -transB=True --perf_config=gemm:v1:128,64,64,1,1,2,16,4,3,8,1 -pv
Errors = loc("<stdin>":18:10): error: Fusion with SplitK perfConfig is not legal
Lowering not applicable.

----------------------------------------------------------------------------------------------------
NOT_APPLICABLE: GemmConfiguration(datatype='f16', out_dtype='f16', g=1, m=50, k=132, n=4, trans_a=True, trans_b=True, perfconfig='gemm:v1:128,64,64,1,1,2,16,4,3,8,1', scaled_gemm=False, scale_a_dtype=None, scale_b_dtype=None, trans_scale_a=False, trans_scale_b=False, arch='gfx1100', chip='gfx1100', num_cu=70, num_chiplets=1)
Lowering rejected config as not applicable
Command line = -operation gemm -t i8 -out_datatype i32 --arch gfx1100 --num_cu 70 --num_chiplets 1 -g 2 -m 420 -k 53 -n 452 -transA=True -transB=True --perf_config=gemm:v1:32,16,64,1,1,16,0,2,1,0,2 -pv
Errors = loc("<stdin>":18:10): error: Fusion with SplitK perfConfig is not legal
Lowering not applicable.

----------------------------------------------------------------------------------------------------
NOT_APPLICABLE: GemmConfiguration(datatype='i8', out_dtype='i32', g=2, m=420, k=53, n=452, trans_a=True, trans_b=True, perfconfig='gemm:v1:32,16,64,1,1,16,0,2,1,0,2', scaled_gemm=False, scale_a_dtype=None, scale_b_dtype=None, trans_scale_a=False, trans_scale_b=False, arch='gfx1100', chip='gfx1100', num_cu=70, num_chiplets=1)
Lowering rejected config as not applicable
Command line = -operation gemm -t i8 -out_datatype i32 --arch gfx1100 --num_cu 70 --num_chiplets 1 -g 2 -m 493 -k 331 -n 129 -transA=False -transB=True --perf_config=gemm:v1:128,16,64,2,1,4,0,4,2,0,2 -pv
Errors = loc("<stdin>":18:10): error: Fusion with SplitK perfConfig is not legal
Lowering not applicable.

----------------------------------------------------------------------------------------------------
NOT_APPLICABLE: GemmConfiguration(datatype='i8', out_dtype='i32', g=2, m=493, k=331, n=129, trans_a=False, trans_b=True, perfconfig='gemm:v1:128,16,64,2,1,4,0,4,2,0,2', scaled_gemm=False, scale_a_dtype=None, scale_b_dtype=None, trans_scale_a=False, trans_scale_b=False, arch='gfx1100', chip='gfx1100', num_cu=70, num_chiplets=1)
Lowering rejected config as not applicable
Command line = -operation gemm -t f16 -out_datatype f16 --arch gfx1100 --num_cu 70 --num_chiplets 1 -g 2 -m 356 -k 440 -n 59 -transA=True -transB=True --perf_config=gemm:v1:64,128,64,2,1,8,0,2,3,4,1 -pv
Errors = loc("<stdin>":18:10): error: Fusion with SplitK perfConfig is not legal
Lowering not applicable.

----------------------------------------------------------------------------------------------------
NOT_APPLICABLE: GemmConfiguration(datatype='f16', out_dtype='f16', g=2, m=356, k=440, n=59, trans_a=True, trans_b=True, perfconfig='gemm:v1:64,128,64,2,1,8,0,2,3,4,1', scaled_gemm=False, scale_a_dtype=None, scale_b_dtype=None, trans_scale_a=False, trans_scale_b=False, arch='gfx1100', chip='gfx1100', num_cu=70, num_chiplets=1)
----------------------------------------------------------------------------------------------------
PASS: GemmConfiguration(datatype='f16', out_dtype='f16', g=1, m=60, k=153, n=493, trans_a=True, trans_b=False, perfconfig='gemm:v1:16,64,32,2,1,4,32,1,1,8,4', scaled_gemm=False, scale_a_dtype=None, scale_b_dtype=None, trans_scale_a=False, trans_scale_b=False, arch='gfx1100', chip='gfx1100', num_cu=70, num_chiplets=1)
----------------------------------------------------------------------------------------------------
PASS: GemmConfiguration(datatype='bf16', out_dtype='bf16', g=1, m=226, k=312, n=19, trans_a=True, trans_b=True, perfconfig='gemm:v1:64,16,32,2,1,1,32,1,1,2,1', scaled_gemm=False, scale_a_dtype=None, scale_b_dtype=None, trans_scale_a=False, trans_scale_b=False, arch='gfx1100', chip='gfx1100', num_cu=70, num_chiplets=1)
----------------------------------------------------------------------------------------------------
PASS: GemmConfiguration(datatype='f32', out_dtype='f32', g=1, m=91, k=199, n=324, trans_a=False, trans_b=False, perfconfig='gemm:v1:64,128,16,1,1,1,16,1,3,2,4', scaled_gemm=False, scale_a_dtype=None, scale_b_dtype=None, trans_scale_a=False, trans_scale_b=False, arch='gfx1100', chip='gfx1100', num_cu=70, num_chiplets=1)
Lowering rejected config as not applicable
Command line = -operation gemm -t i8 -out_datatype i32 --arch gfx1100 --num_cu 70 --num_chiplets 1 -g 1 -m 512 -k 441 -n 499 -transA=True -transB=True --perf_config=gemm:v1:16,32,32,2,1,16,32,2,2,0,1 -pv
Errors = loc("<stdin>":18:10): error: Fusion with SplitK perfConfig is not legal
Lowering not applicable.

----------------------------------------------------------------------------------------------------
NOT_APPLICABLE: GemmConfiguration(datatype='i8', out_dtype='i32', g=1, m=512, k=441, n=499, trans_a=True, trans_b=True, perfconfig='gemm:v1:16,32,32,2,1,16,32,2,2,0,1', scaled_gemm=False, scale_a_dtype=None, scale_b_dtype=None, trans_scale_a=False, trans_scale_b=False, arch='gfx1100', chip='gfx1100', num_cu=70, num_chiplets=1)
Lowering rejected config as not applicable
Command line = -operation gemm -t f16 -out_datatype f16 --arch gfx1100 --num_cu 70 --num_chiplets 1 -g 2 -m 174 -k 310 -n 159 -transA=False -transB=False --perf_config=gemm:v1:128,128,16,2,1,16,16,2,2,1,0 -pv
Errors = loc("<stdin>":18:10): error: Fusion with SplitK perfConfig is not legal
Lowering not applicable.

----------------------------------------------------------------------------------------------------
NOT_APPLICABLE: GemmConfiguration(datatype='f16', out_dtype='f16', g=2, m=174, k=310, n=159, trans_a=False, trans_b=False, perfconfig='gemm:v1:128,128,16,2,1,16,16,2,2,1,0', scaled_gemm=False, scale_a_dtype=None, scale_b_dtype=None, trans_scale_a=False, trans_scale_b=False, arch='gfx1100', chip='gfx1100', num_cu=70, num_chiplets=1)
Lowering rejected config as not applicable
Command line = -operation gemm -t i8 -out_datatype i32 --arch gfx1100 --num_cu 70 --num_chiplets 1 -g 1 -m 143 -k 143 -n 272 -transA=True -transB=True --perf_config=gemm:v1:32,256,16,1,1,2,0,2,1,1,4 -pv
Errors = loc("<stdin>":17:10): error: Fusion with SplitK perfConfig is not legal
Lowering not applicable.

----------------------------------------------------------------------------------------------------
NOT_APPLICABLE: GemmConfiguration(datatype='i8', out_dtype='i32', g=1, m=143, k=143, n=272, trans_a=True, trans_b=True, perfconfig='gemm:v1:32,256,16,1,1,2,0,2,1,1,4', scaled_gemm=False, scale_a_dtype=None, scale_b_dtype=None, trans_scale_a=False, trans_scale_b=False, arch='gfx1100', chip='gfx1100', num_cu=70, num_chiplets=1)
----------------------------------------------------------------------------------------------------
PASS: GemmConfiguration(datatype='i8', out_dtype='i32', g=2, m=8, k=205, n=477, trans_a=True, trans_b=False, perfconfig='gemm:v1:64,16,16,1,1,16,16,1,3,8,1', scaled_gemm=False, scale_a_dtype=None, scale_b_dtype=None, trans_scale_a=False, trans_scale_b=False, arch='gfx1100', chip='gfx1100', num_cu=70, num_chiplets=1)
----------------------------------------------------------------------------------------------------
PASS: GemmConfiguration(datatype='fp8', out_dtype='f32', g=1, m=428, k=466, n=185, trans_a=False, trans_b=False, perfconfig='gemm:v1:32,16,16,1,1,16,0,1,1,8,2', scaled_gemm=False, scale_a_dtype=None, scale_b_dtype=None, trans_scale_a=False, trans_scale_b=False, arch='gfx1100', chip='gfx1100', num_cu=70, num_chiplets=1)
----------------------------------------------------------------------------------------------------
PASS: GemmConfiguration(datatype='f32', out_dtype='f32', g=2, m=53, k=327, n=339, trans_a=True, trans_b=True, perfconfig='gemm:v1:16,16,128,2,1,2,32,1,2,4,0', scaled_gemm=False, scale_a_dtype=None, scale_b_dtype=None, trans_scale_a=False, trans_scale_b=False, arch='gfx1100', chip='gfx1100', num_cu=70, num_chiplets=1)
----------------------------------------------------------------------------------------------------
PASS: GemmConfiguration(datatype='f32', out_dtype='f32', g=2, m=369, k=256, n=312, trans_a=True, trans_b=True, perfconfig='gemm:v1:32,128,16,1,1,4,16,3,3,0,1', scaled_gemm=False, scale_a_dtype=None, scale_b_dtype=None, trans_scale_a=False, trans_scale_b=False, arch='gfx1100', chip='gfx1100', num_cu=70, num_chiplets=1)
----------------------------------------------------------------------------------------------------
PASS: GemmConfiguration(datatype='bf16', out_dtype='bf16', g=2, m=153, k=474, n=117, trans_a=False, trans_b=False, perfconfig='gemm:v1:128,32,128,2,1,1,0,1,2,1,4', scaled_gemm=False, scale_a_dtype=None, scale_b_dtype=None, trans_scale_a=False, trans_scale_b=False, arch='gfx1100', chip='gfx1100', num_cu=70, num_chiplets=1)
Lowering rejected config as not applicable
Command line = -operation gemm -t f16 -out_datatype f16 --arch gfx1100 --num_cu 70 --num_chiplets 1 -g 1 -m 172 -k 443 -n 101 -transA=True -transB=False --perf_config=gemm:v1:256,64,64,1,1,4,16,4,1,8,0 -pv
Errors = loc("<stdin>":18:10): error: Fusion with SplitK perfConfig is not legal
Lowering not applicable.

----------------------------------------------------------------------------------------------------
NOT_APPLICABLE: GemmConfiguration(datatype='f16', out_dtype='f16', g=1, m=172, k=443, n=101, trans_a=True, trans_b=False, perfconfig='gemm:v1:256,64,64,1,1,4,16,4,1,8,0', scaled_gemm=False, scale_a_dtype=None, scale_b_dtype=None, trans_scale_a=False, trans_scale_b=False, arch='gfx1100', chip='gfx1100', num_cu=70, num_chiplets=1)
Lowering rejected config as not applicable
Command line = -operation gemm -t f16 -out_datatype f16 --arch gfx1100 --num_cu 70 --num_chiplets 1 -g 2 -m 165 -k 136 -n 307 -transA=False -transB=False --perf_config=gemm:v1:64,128,16,1,1,4,32,4,2,4,4 -pv
Errors = loc("<stdin>":18:10): error: Fusion with SplitK perfConfig is not legal
Lowering not applicable.

----------------------------------------------------------------------------------------------------
NOT_APPLICABLE: GemmConfiguration(datatype='f16', out_dtype='f16', g=2, m=165, k=136, n=307, trans_a=False, trans_b=False, perfconfig='gemm:v1:64,128,16,1,1,4,32,4,2,4,4', scaled_gemm=False, scale_a_dtype=None, scale_b_dtype=None, trans_scale_a=False, trans_scale_b=False, arch='gfx1100', chip='gfx1100', num_cu=70, num_chiplets=1)
Lowering rejected config as not applicable
Command line = -operation gemm -t f16 -out_datatype f16 --arch gfx1100 --num_cu 70 --num_chiplets 1 -g 2 -m 407 -k 474 -n 154 -transA=True -transB=False --perf_config=gemm:v1:32,256,16,2,1,2,16,2,3,2,0 -pv
Errors = loc("<stdin>":18:10): error: Fusion with SplitK perfConfig is not legal
Lowering not applicable.

----------------------------------------------------------------------------------------------------
NOT_APPLICABLE: GemmConfiguration(datatype='f16', out_dtype='f16', g=2, m=407, k=474, n=154, trans_a=True, trans_b=False, perfconfig='gemm:v1:32,256,16,2,1,2,16,2,3,2,0', scaled_gemm=False, scale_a_dtype=None, scale_b_dtype=None, trans_scale_a=False, trans_scale_b=False, arch='gfx1100', chip='gfx1100', num_cu=70, num_chiplets=1)
Lowering rejected config as not applicable
Command line = -operation gemm -t bf16 -out_datatype bf16 --arch gfx1100 --num_cu 70 --num_chiplets 1 -g 1 -m 147 -k 262 -n 32 -transA=True -transB=False --perf_config=gemm:v1:128,128,64,2,1,2,32,3,1,8,1 -pv -RMS_threshold 1e-2
Errors = loc("<stdin>":18:10): error: Fusion with SplitK perfConfig is not legal
Lowering not applicable.

----------------------------------------------------------------------------------------------------
NOT_APPLICABLE: GemmConfiguration(datatype='bf16', out_dtype='bf16', g=1, m=147, k=262, n=32, trans_a=True, trans_b=False, perfconfig='gemm:v1:128,128,64,2,1,2,32,3,1,8,1', scaled_gemm=False, scale_a_dtype=None, scale_b_dtype=None, trans_scale_a=False, trans_scale_b=False, arch='gfx1100', chip='gfx1100', num_cu=70, num_chiplets=1)
Lowering rejected config as not applicable
Command line = -operation gemm -t f32 -out_datatype f32 --arch gfx1100 --num_cu 70 --num_chiplets 1 -g 2 -m 511 -k 162 -n 44 -transA=True -transB=True --perf_config=gemm:v1:64,256,128,1,1,8,32,2,1,1,0 -pv
Errors = loc("<stdin>":12:1): error: ttg.shared (131072) exceeds LDS limit (65536) for amdgcn-amd-amdhsa:gfx1100
Lowering not applicable.

----------------------------------------------------------------------------------------------------
NOT_APPLICABLE: GemmConfiguration(datatype='f32', out_dtype='f32', g=2, m=511, k=162, n=44, trans_a=True, trans_b=True, perfconfig='gemm:v1:64,256,128,1,1,8,32,2,1,1,0', scaled_gemm=False, scale_a_dtype=None, scale_b_dtype=None, trans_scale_a=False, trans_scale_b=False, arch='gfx1100', chip='gfx1100', num_cu=70, num_chiplets=1)
Lowering rejected config as not applicable
Command line = -operation gemm -t f32 -out_datatype f32 --arch gfx1100 --num_cu 70 --num_chiplets 1 -g 2 -m 463 -k 267 -n 313 -transA=False -transB=False --perf_config=gemm:v1:32,256,128,1,1,1,32,1,3,1,8 -pv
Errors = loc("<stdin>":11:1): error: ttg.shared (294912) exceeds LDS limit (65536) for amdgcn-amd-amdhsa:gfx1100
Lowering not applicable.

----------------------------------------------------------------------------------------------------
NOT_APPLICABLE: GemmConfiguration(datatype='f32', out_dtype='f32', g=2, m=463, k=267, n=313, trans_a=False, trans_b=False, perfconfig='gemm:v1:32,256,128,1,1,1,32,1,3,1,8', scaled_gemm=False, scale_a_dtype=None, scale_b_dtype=None, trans_scale_a=False, trans_scale_b=False, arch='gfx1100', chip='gfx1100', num_cu=70, num_chiplets=1)
----------------------------------------------------------------------------------------------------
PASS: GemmConfiguration(datatype='f32', out_dtype='f32', g=2, m=365, k=267, n=69, trans_a=False, trans_b=False, perfconfig='gemm:v1:256,64,16,1,1,2,16,3,1,8,2', scaled_gemm=False, scale_a_dtype=None, scale_b_dtype=None, trans_scale_a=False, trans_scale_b=False, arch='gfx1100', chip='gfx1100', num_cu=70, num_chiplets=1)
----------------------------------------------------------------------------------------------------
PASS: GemmConfiguration(datatype='i8', out_dtype='i32', g=2, m=149, k=346, n=58, trans_a=True, trans_b=True, perfconfig='gemm:v1:256,32,32,1,1,2,0,1,2,2,4', scaled_gemm=False, scale_a_dtype=None, scale_b_dtype=None, trans_scale_a=False, trans_scale_b=False, arch='gfx1100', chip='gfx1100', num_cu=70, num_chiplets=1)
Lowering rejected config as not applicable
Command line = -operation gemm -t i8 -out_datatype i32 --arch gfx1100 --num_cu 70 --num_chiplets 1 -g 2 -m 156 -k 477 -n 267 -transA=False -transB=True --perf_config=gemm:v1:16,16,32,2,1,2,16,3,1,4,1 -pv
Errors = loc("<stdin>":18:10): error: Fusion with SplitK perfConfig is not legal
Lowering not applicable.

----------------------------------------------------------------------------------------------------
NOT_APPLICABLE: GemmConfiguration(datatype='i8', out_dtype='i32', g=2, m=156, k=477, n=267, trans_a=False, trans_b=True, perfconfig='gemm:v1:16,16,32,2,1,2,16,3,1,4,1', scaled_gemm=False, scale_a_dtype=None, scale_b_dtype=None, trans_scale_a=False, trans_scale_b=False, arch='gfx1100', chip='gfx1100', num_cu=70, num_chiplets=1)
Lowering rejected config as not applicable
Command line = -operation gemm -t f16 -out_datatype f16 --arch gfx1100 --num_cu 70 --num_chiplets 1 -g 1 -m 134 -k 349 -n 261 -transA=False -transB=False --perf_config=gemm:v1:64,32,128,2,1,4,16,2,3,4,8 -pv
Errors = loc("<stdin>":18:10): error: Fusion with SplitK perfConfig is not legal
Lowering not applicable.

----------------------------------------------------------------------------------------------------
NOT_APPLICABLE: GemmConfiguration(datatype='f16', out_dtype='f16', g=1, m=134, k=349, n=261, trans_a=False, trans_b=False, perfconfig='gemm:v1:64,32,128,2,1,4,16,2,3,4,8', scaled_gemm=False, scale_a_dtype=None, scale_b_dtype=None, trans_scale_a=False, trans_scale_b=False, arch='gfx1100', chip='gfx1100', num_cu=70, num_chiplets=1)
Lowering rejected config as not applicable
Command line = -operation gemm -t f16 -out_datatype f16 --arch gfx1100 --num_cu 70 --num_chiplets 1 -g 1 -m 365 -k 437 -n 119 -transA=False -transB=True --perf_config=gemm:v1:64,16,128,2,1,4,16,4,1,8,2 -pv
Errors = loc("<stdin>":17:10): error: Fusion with SplitK perfConfig is not legal
Lowering not applicable.

----------------------------------------------------------------------------------------------------
NOT_APPLICABLE: GemmConfiguration(datatype='f16', out_dtype='f16', g=1, m=365, k=437, n=119, trans_a=False, trans_b=True, perfconfig='gemm:v1:64,16,128,2,1,4,16,4,1,8,2', scaled_gemm=False, scale_a_dtype=None, scale_b_dtype=None, trans_scale_a=False, trans_scale_b=False, arch='gfx1100', chip='gfx1100', num_cu=70, num_chiplets=1)
Lowering rejected config as not applicable
Command line = -operation gemm -t f16 -out_datatype f16 --arch gfx1100 --num_cu 70 --num_chiplets 1 -g 2 -m 260 -k 149 -n 206 -transA=True -transB=True --perf_config=gemm:v1:16,32,32,2,1,16,0,2,1,0,8 -pv
Errors = loc("<stdin>":18:10): error: Fusion with SplitK perfConfig is not legal
Lowering not applicable.

----------------------------------------------------------------------------------------------------
NOT_APPLICABLE: GemmConfiguration(datatype='f16', out_dtype='f16', g=2, m=260, k=149, n=206, trans_a=True, trans_b=True, perfconfig='gemm:v1:16,32,32,2,1,16,0,2,1,0,8', scaled_gemm=False, scale_a_dtype=None, scale_b_dtype=None, trans_scale_a=False, trans_scale_b=False, arch='gfx1100', chip='gfx1100', num_cu=70, num_chiplets=1)
----------------------------------------------------------------------------------------------------
PASS: GemmConfiguration(datatype='fp8', out_dtype='f32', g=1, m=379, k=165, n=191, trans_a=False, trans_b=False, perfconfig='gemm:v1:64,16,16,2,1,4,32,1,2,8,1', scaled_gemm=False, scale_a_dtype=None, scale_b_dtype=None, trans_scale_a=False, trans_scale_b=False, arch='gfx1100', chip='gfx1100', num_cu=70, num_chiplets=1)
----------------------------------------------------------------------------------------------------
PASS: GemmConfiguration(datatype='f32', out_dtype='f32', g=1, m=3, k=448, n=69, trans_a=False, trans_b=False, perfconfig='gemm:v1:32,128,32,2,1,2,16,4,3,8,2', scaled_gemm=False, scale_a_dtype=None, scale_b_dtype=None, trans_scale_a=False, trans_scale_b=False, arch='gfx1100', chip='gfx1100', num_cu=70, num_chiplets=1)
----------------------------------------------------------------------------------------------------
PASS: GemmConfiguration(datatype='f32', out_dtype='f32', g=1, m=127, k=233, n=310, trans_a=False, trans_b=False, perfconfig='gemm:v1:64,64,64,2,1,4,32,1,1,2,1', scaled_gemm=False, scale_a_dtype=None, scale_b_dtype=None, trans_scale_a=False, trans_scale_b=False, arch='gfx1100', chip='gfx1100', num_cu=70, num_chiplets=1)
----------------------------------------------------------------------------------------------------
PASS: GemmConfiguration(datatype='fp8', out_dtype='f32', g=2, m=410, k=507, n=412, trans_a=False, trans_b=True, perfconfig='gemm:v1:16,128,64,2,1,1,0,4,1,1,4', scaled_gemm=False, scale_a_dtype=None, scale_b_dtype=None, trans_scale_a=False, trans_scale_b=False, arch='gfx1100', chip='gfx1100', num_cu=70, num_chiplets=1)
Lowering rejected config as not applicable
Command line = -operation gemm -t bf16 -out_datatype bf16 --arch gfx1100 --num_cu 70 --num_chiplets 1 -g 2 -m 83 -k 207 -n 3 -transA=True -transB=True --perf_config=gemm:v1:32,32,32,1,1,4,16,4,2,1,0 -pv -RMS_threshold 1e-2
Errors = loc("<stdin>":18:10): error: Fusion with SplitK perfConfig is not legal
Lowering not applicable.

----------------------------------------------------------------------------------------------------
NOT_APPLICABLE: GemmConfiguration(datatype='bf16', out_dtype='bf16', g=2, m=83, k=207, n=3, trans_a=True, trans_b=True, perfconfig='gemm:v1:32,32,32,1,1,4,16,4,2,1,0', scaled_gemm=False, scale_a_dtype=None, scale_b_dtype=None, trans_scale_a=False, trans_scale_b=False, arch='gfx1100', chip='gfx1100', num_cu=70, num_chiplets=1)
Lowering rejected config as not applicable
Command line = -operation gemm -t bf16 -out_datatype bf16 --arch gfx1100 --num_cu 70 --num_chiplets 1 -g 2 -m 207 -k 290 -n 466 -transA=False -transB=False --perf_config=gemm:v1:256,256,128,2,1,16,0,3,2,8,0 -pv -RMS_threshold 1e-2
Errors = loc("<stdin>":18:10): error: Fusion with SplitK perfConfig is not legal
Lowering not applicable.

----------------------------------------------------------------------------------------------------
NOT_APPLICABLE: GemmConfiguration(datatype='bf16', out_dtype='bf16', g=2, m=207, k=290, n=466, trans_a=False, trans_b=False, perfconfig='gemm:v1:256,256,128,2,1,16,0,3,2,8,0', scaled_gemm=False, scale_a_dtype=None, scale_b_dtype=None, trans_scale_a=False, trans_scale_b=False, arch='gfx1100', chip='gfx1100', num_cu=70, num_chiplets=1)
Lowering rejected config as not applicable
Command line = -operation gemm -t i8 -out_datatype i32 --arch gfx1100 --num_cu 70 --num_chiplets 1 -g 1 -m 171 -k 66 -n 22 -transA=True -transB=True --perf_config=gemm:v1:64,256,16,2,1,2,16,4,3,1,0 -pv
Errors = loc("<stdin>":18:10): error: Fusion with SplitK perfConfig is not legal
Lowering not applicable.

----------------------------------------------------------------------------------------------------
NOT_APPLICABLE: GemmConfiguration(datatype='i8', out_dtype='i32', g=1, m=171, k=66, n=22, trans_a=True, trans_b=True, perfconfig='gemm:v1:64,256,16,2,1,2,16,4,3,1,0', scaled_gemm=False, scale_a_dtype=None, scale_b_dtype=None, trans_scale_a=False, trans_scale_b=False, arch='gfx1100', chip='gfx1100', num_cu=70, num_chiplets=1)
Lowering rejected config as not applicable
Command line = -operation gemm -t f16 -out_datatype f16 --arch gfx1100 --num_cu 70 --num_chiplets 1 -g 1 -m 245 -k 100 -n 117 -transA=True -transB=False --perf_config=gemm:v1:256,32,128,2,1,16,16,2,1,2,2 -pv
Errors = loc("<stdin>":18:10): error: Fusion with SplitK perfConfig is not legal
Lowering not applicable.

----------------------------------------------------------------------------------------------------
NOT_APPLICABLE: GemmConfiguration(datatype='f16', out_dtype='f16', g=1, m=245, k=100, n=117, trans_a=True, trans_b=False, perfconfig='gemm:v1:256,32,128,2,1,16,16,2,1,2,2', scaled_gemm=False, scale_a_dtype=None, scale_b_dtype=None, trans_scale_a=False, trans_scale_b=False, arch='gfx1100', chip='gfx1100', num_cu=70, num_chiplets=1)
----------------------------------------------------------------------------------------------------
PASS: GemmConfiguration(datatype='i8', out_dtype='i32', g=2, m=386, k=407, n=309, trans_a=True, trans_b=False, perfconfig='gemm:v1:32,256,32,2,1,8,32,1,3,8,1', scaled_gemm=False, scale_a_dtype=None, scale_b_dtype=None, trans_scale_a=False, trans_scale_b=False, arch='gfx1100', chip='gfx1100', num_cu=70, num_chiplets=1)
----------------------------------------------------------------------------------------------------
PASS: GemmConfiguration(datatype='fp8', out_dtype='f32', g=2, m=397, k=475, n=182, trans_a=False, trans_b=False, perfconfig='gemm:v1:32,256,128,1,1,16,32,4,1,2,2', scaled_gemm=False, scale_a_dtype=None, scale_b_dtype=None, trans_scale_a=False, trans_scale_b=False, arch='gfx1100', chip='gfx1100', num_cu=70, num_chiplets=1)
----------------------------------------------------------------------------------------------------
PASS: GemmConfiguration(datatype='f32', out_dtype='f32', g=2, m=188, k=157, n=13, trans_a=True, trans_b=False, perfconfig='gemm:v1:64,16,128,1,1,1,16,2,3,8,8', scaled_gemm=False, scale_a_dtype=None, scale_b_dtype=None, trans_scale_a=False, trans_scale_b=False, arch='gfx1100', chip='gfx1100', num_cu=70, num_chiplets=1)
----------------------------------------------------------------------------------------------------
PASS: GemmConfiguration(datatype='f32', out_dtype='f32', g=2, m=448, k=391, n=299, trans_a=True, trans_b=False, perfconfig='gemm:v1:128,256,32,2,1,1,0,4,1,0,0', scaled_gemm=False, scale_a_dtype=None, scale_b_dtype=None, trans_scale_a=False, trans_scale_b=False, arch='gfx1100', chip='gfx1100', num_cu=70, num_chiplets=1)
Lowering rejected config as not applicable
Command line = -operation gemm -t i8 -out_datatype i32 --arch gfx1100 --num_cu 70 --num_chiplets 1 -g 1 -m 371 -k 487 -n 476 -transA=False -transB=False --perf_config=gemm:v1:256,16,128,2,1,8,0,4,2,2,0 -pv
Errors = loc("<stdin>":18:10): error: Fusion with SplitK perfConfig is not legal
Lowering not applicable.

----------------------------------------------------------------------------------------------------
NOT_APPLICABLE: GemmConfiguration(datatype='i8', out_dtype='i32', g=1, m=371, k=487, n=476, trans_a=False, trans_b=False, perfconfig='gemm:v1:256,16,128,2,1,8,0,4,2,2,0', scaled_gemm=False, scale_a_dtype=None, scale_b_dtype=None, trans_scale_a=False, trans_scale_b=False, arch='gfx1100', chip='gfx1100', num_cu=70, num_chiplets=1)
Lowering rejected config as not applicable
Command line = -operation gemm -t i8 -out_datatype i32 --arch gfx1100 --num_cu 70 --num_chiplets 1 -g 1 -m 278 -k 366 -n 2 -transA=False -transB=False --perf_config=gemm:v1:32,256,16,2,1,8,32,2,2,1,8 -pv
Errors = loc("<stdin>":18:10): error: Fusion with SplitK perfConfig is not legal
Lowering not applicable.

----------------------------------------------------------------------------------------------------
NOT_APPLICABLE: GemmConfiguration(datatype='i8', out_dtype='i32', g=1, m=278, k=366, n=2, trans_a=False, trans_b=False, perfconfig='gemm:v1:32,256,16,2,1,8,32,2,2,1,8', scaled_gemm=False, scale_a_dtype=None, scale_b_dtype=None, trans_scale_a=False, trans_scale_b=False, arch='gfx1100', chip='gfx1100', num_cu=70, num_chiplets=1)
Lowering rejected config as not applicable
Command line = -operation gemm -t bf16 -out_datatype bf16 --arch gfx1100 --num_cu 70 --num_chiplets 1 -g 2 -m 502 -k 218 -n 255 -transA=False -transB=True --perf_config=gemm:v1:32,16,32,2,1,16,16,4,2,8,1 -pv -RMS_threshold 1e-2
Errors = loc("<stdin>":18:10): error: Fusion with SplitK perfConfig is not legal
Lowering not applicable.

----------------------------------------------------------------------------------------------------
NOT_APPLICABLE: GemmConfiguration(datatype='bf16', out_dtype='bf16', g=2, m=502, k=218, n=255, trans_a=False, trans_b=True, perfconfig='gemm:v1:32,16,32,2,1,16,16,4,2,8,1', scaled_gemm=False, scale_a_dtype=None, scale_b_dtype=None, trans_scale_a=False, trans_scale_b=False, arch='gfx1100', chip='gfx1100', num_cu=70, num_chiplets=1)
Lowering rejected config as not applicable
Command line = -operation gemm -t f16 -out_datatype f16 --arch gfx1100 --num_cu 70 --num_chiplets 1 -g 2 -m 271 -k 65 -n 501 -transA=True -transB=False --perf_config=gemm:v1:128,256,64,1,1,2,0,3,1,2,1 -pv
Errors = loc("<stdin>":18:10): error: Fusion with SplitK perfConfig is not legal
Lowering not applicable.

----------------------------------------------------------------------------------------------------
NOT_APPLICABLE: GemmConfiguration(datatype='f16', out_dtype='f16', g=2, m=271, k=65, n=501, trans_a=True, trans_b=False, perfconfig='gemm:v1:128,256,64,1,1,2,0,3,1,2,1', scaled_gemm=False, scale_a_dtype=None, scale_b_dtype=None, trans_scale_a=False, trans_scale_b=False, arch='gfx1100', chip='gfx1100', num_cu=70, num_chiplets=1)
Lowering rejected config as not applicable
Command line = -operation gemm -t bf16 -out_datatype bf16 --arch gfx1100 --num_cu 70 --num_chiplets 1 -g 2 -m 6 -k 47 -n 143 -transA=False -transB=True --perf_config=gemm:v1:16,32,128,2,1,16,32,3,2,1,2 -pv -RMS_threshold 1e-2
Errors = loc("<stdin>":18:10): error: Fusion with SplitK perfConfig is not legal
Lowering not applicable.

----------------------------------------------------------------------------------------------------
NOT_APPLICABLE: GemmConfiguration(datatype='bf16', out_dtype='bf16', g=2, m=6, k=47, n=143, trans_a=False, trans_b=True, perfconfig='gemm:v1:16,32,128,2,1,16,32,3,2,1,2', scaled_gemm=False, scale_a_dtype=None, scale_b_dtype=None, trans_scale_a=False, trans_scale_b=False, arch='gfx1100', chip='gfx1100', num_cu=70, num_chiplets=1)
Lowering rejected config as not applicable
Command line = -operation gemm -t f16 -out_datatype f16 --arch gfx1100 --num_cu 70 --num_chiplets 1 -g 2 -m 121 -k 350 -n 386 -transA=True -transB=False --perf_config=gemm:v1:64,256,128,2,1,4,0,2,1,0,1 -pv
Errors = loc("<stdin>":18:10): error: Fusion with SplitK perfConfig is not legal
Lowering not applicable.

----------------------------------------------------------------------------------------------------
NOT_APPLICABLE: GemmConfiguration(datatype='f16', out_dtype='f16', g=2, m=121, k=350, n=386, trans_a=True, trans_b=False, perfconfig='gemm:v1:64,256,128,2,1,4,0,2,1,0,1', scaled_gemm=False, scale_a_dtype=None, scale_b_dtype=None, trans_scale_a=False, trans_scale_b=False, arch='gfx1100', chip='gfx1100', num_cu=70, num_chiplets=1)
----------------------------------------------------------------------------------------------------
PASS: GemmConfiguration(datatype='f32', out_dtype='f32', g=1, m=121, k=452, n=383, trans_a=False, trans_b=False, perfconfig='gemm:v1:32,32,16,1,1,2,16,4,3,4,0', scaled_gemm=False, scale_a_dtype=None, scale_b_dtype=None, trans_scale_a=False, trans_scale_b=False, arch='gfx1100', chip='gfx1100', num_cu=70, num_chiplets=1)
----------------------------------------------------------------------------------------------------
PASS: GemmConfiguration(datatype='fp8', out_dtype='f32', g=2, m=111, k=339, n=376, trans_a=False, trans_b=True, perfconfig='gemm:v1:32,32,128,2,1,2,16,3,1,1,0', scaled_gemm=False, scale_a_dtype=None, scale_b_dtype=None, trans_scale_a=False, trans_scale_b=False, arch='gfx1100', chip='gfx1100', num_cu=70, num_chiplets=1)
Lowering rejected config as not applicable
Command line = -operation gemm -t f16 -out_datatype f16 --arch gfx1100 --num_cu 70 --num_chiplets 1 -g 2 -m 202 -k 346 -n 210 -transA=True -transB=True --perf_config=gemm:v1:64,32,32,2,1,4,32,4,2,0,1 -pv
Errors = loc("<stdin>":18:10): error: Fusion with SplitK perfConfig is not legal
Lowering not applicable.

----------------------------------------------------------------------------------------------------
NOT_APPLICABLE: GemmConfiguration(datatype='f16', out_dtype='f16', g=2, m=202, k=346, n=210, trans_a=True, trans_b=True, perfconfig='gemm:v1:64,32,32,2,1,4,32,4,2,0,1', scaled_gemm=False, scale_a_dtype=None, scale_b_dtype=None, trans_scale_a=False, trans_scale_b=False, arch='gfx1100', chip='gfx1100', num_cu=70, num_chiplets=1)
Lowering rejected config as not applicable
Command line = -operation gemm -t f16 -out_datatype f16 --arch gfx1100 --num_cu 70 --num_chiplets 1 -g 2 -m 408 -k 411 -n 476 -transA=True -transB=True --perf_config=gemm:v1:16,16,32,2,1,1,0,4,3,0,8 -pv
Errors = loc("<stdin>":18:10): error: Fusion with SplitK perfConfig is not legal
Lowering not applicable.

----------------------------------------------------------------------------------------------------
NOT_APPLICABLE: GemmConfiguration(datatype='f16', out_dtype='f16', g=2, m=408, k=411, n=476, trans_a=True, trans_b=True, perfconfig='gemm:v1:16,16,32,2,1,1,0,4,3,0,8', scaled_gemm=False, scale_a_dtype=None, scale_b_dtype=None, trans_scale_a=False, trans_scale_b=False, arch='gfx1100', chip='gfx1100', num_cu=70, num_chiplets=1)
----------------------------------------------------------------------------------------------------
PASS: GemmConfiguration(datatype='bf16', out_dtype='bf16', g=2, m=341, k=91, n=502, trans_a=False, trans_b=True, perfconfig='gemm:v1:16,16,128,1,1,8,16,1,1,0,1', scaled_gemm=False, scale_a_dtype=None, scale_b_dtype=None, trans_scale_a=False, trans_scale_b=False, arch='gfx1100', chip='gfx1100', num_cu=70, num_chiplets=1)
Lowering rejected config as not applicable
Command line = -operation gemm -t f16 -out_datatype f16 --arch gfx1100 --num_cu 70 --num_chiplets 1 -g 2 -m 90 -k 172 -n 166 -transA=False -transB=False --perf_config=gemm:v1:256,32,128,1,1,2,16,1,3,8,0 -pv
Errors = loc("<stdin>":13:1): error: ttg.shared (147456) exceeds LDS limit (65536) for amdgcn-amd-amdhsa:gfx1100
Lowering not applicable.

----------------------------------------------------------------------------------------------------
NOT_APPLICABLE: GemmConfiguration(datatype='f16', out_dtype='f16', g=2, m=90, k=172, n=166, trans_a=False, trans_b=False, perfconfig='gemm:v1:256,32,128,1,1,2,16,1,3,8,0', scaled_gemm=False, scale_a_dtype=None, scale_b_dtype=None, trans_scale_a=False, trans_scale_b=False, arch='gfx1100', chip='gfx1100', num_cu=70, num_chiplets=1)
----------------------------------------------------------------------------------------------------
PASS: GemmConfiguration(datatype='fp8', out_dtype='f32', g=1, m=342, k=456, n=348, trans_a=True, trans_b=True, perfconfig='gemm:v1:32,64,32,2,1,1,16,2,1,8,2', scaled_gemm=False, scale_a_dtype=None, scale_b_dtype=None, trans_scale_a=False, trans_scale_b=False, arch='gfx1100', chip='gfx1100', num_cu=70, num_chiplets=1)
----------------------------------------------------------------------------------------------------
PASS: GemmConfiguration(datatype='f32', out_dtype='f32', g=1, m=216, k=387, n=16, trans_a=True, trans_b=True, perfconfig='gemm:v1:128,32,128,2,1,4,16,4,3,1,4', scaled_gemm=False, scale_a_dtype=None, scale_b_dtype=None, trans_scale_a=False, trans_scale_b=False, arch='gfx1100', chip='gfx1100', num_cu=70, num_chiplets=1)
----------------------------------------------------------------------------------------------------
PASS: GemmConfiguration(datatype='f32', out_dtype='f32', g=1, m=434, k=26, n=173, trans_a=True, trans_b=False, perfconfig='gemm:v1:128,32,128,1,1,4,32,2,2,1,0', scaled_gemm=False, scale_a_dtype=None, scale_b_dtype=None, trans_scale_a=False, trans_scale_b=False, arch='gfx1100', chip='gfx1100', num_cu=70, num_chiplets=1)
Lowering rejected config as not applicable
Command line = -operation gemm -t bf16 -out_datatype bf16 --arch gfx1100 --num_cu 70 --num_chiplets 1 -g 1 -m 416 -k 398 -n 176 -transA=True -transB=False --perf_config=gemm:v1:256,128,128,2,1,1,32,1,3,1,1 -pv -RMS_threshold 1e-2
Errors = loc("<stdin>":13:1): error: ttg.shared (196608) exceeds LDS limit (65536) for amdgcn-amd-amdhsa:gfx1100
Lowering not applicable.

----------------------------------------------------------------------------------------------------
NOT_APPLICABLE: GemmConfiguration(datatype='bf16', out_dtype='bf16', g=1, m=416, k=398, n=176, trans_a=True, trans_b=False, perfconfig='gemm:v1:256,128,128,2,1,1,32,1,3,1,1', scaled_gemm=False, scale_a_dtype=None, scale_b_dtype=None, trans_scale_a=False, trans_scale_b=False, arch='gfx1100', chip='gfx1100', num_cu=70, num_chiplets=1)
Lowering rejected config as not applicable
Command line = -operation gemm -t i8 -out_datatype i32 --arch gfx1100 --num_cu 70 --num_chiplets 1 -g 1 -m 227 -k 449 -n 358 -transA=True -transB=False --perf_config=gemm:v1:64,128,16,2,1,4,0,2,2,2,2 -pv
Errors = loc("<stdin>":18:10): error: Fusion with SplitK perfConfig is not legal
Lowering not applicable.

----------------------------------------------------------------------------------------------------
NOT_APPLICABLE: GemmConfiguration(datatype='i8', out_dtype='i32', g=1, m=227, k=449, n=358, trans_a=True, trans_b=False, perfconfig='gemm:v1:64,128,16,2,1,4,0,2,2,2,2', scaled_gemm=False, scale_a_dtype=None, scale_b_dtype=None, trans_scale_a=False, trans_scale_b=False, arch='gfx1100', chip='gfx1100', num_cu=70, num_chiplets=1)
Lowering rejected config as not applicable
Command line = -operation gemm -t i8 -out_datatype i32 --arch gfx1100 --num_cu 70 --num_chiplets 1 -g 1 -m 87 -k 290 -n 23 -transA=True -transB=True --perf_config=gemm:v1:256,32,128,2,1,4,16,4,3,2,4 -pv
Errors = loc("<stdin>":18:10): error: Fusion with SplitK perfConfig is not legal
Lowering not applicable.

----------------------------------------------------------------------------------------------------
NOT_APPLICABLE: GemmConfiguration(datatype='i8', out_dtype='i32', g=1, m=87, k=290, n=23, trans_a=True, trans_b=True, perfconfig='gemm:v1:256,32,128,2,1,4,16,4,3,2,4', scaled_gemm=False, scale_a_dtype=None, scale_b_dtype=None, trans_scale_a=False, trans_scale_b=False, arch='gfx1100', chip='gfx1100', num_cu=70, num_chiplets=1)
----------------------------------------------------------------------------------------------------
PASS: GemmConfiguration(datatype='f32', out_dtype='f32', g=1, m=209, k=157, n=81, trans_a=False, trans_b=False, perfconfig='gemm:v1:64,64,16,1,1,4,16,4,1,2,0', scaled_gemm=False, scale_a_dtype=None, scale_b_dtype=None, trans_scale_a=False, trans_scale_b=False, arch='gfx1100', chip='gfx1100', num_cu=70, num_chiplets=1)
----------------------------------------------------------------------------------------------------
PASS: GemmConfiguration(datatype='f16', out_dtype='f16', g=1, m=240, k=444, n=172, trans_a=True, trans_b=True, perfconfig='gemm:v1:32,32,64,2,1,2,16,1,1,4,8', scaled_gemm=False, scale_a_dtype=None, scale_b_dtype=None, trans_scale_a=False, trans_scale_b=False, arch='gfx1100', chip='gfx1100', num_cu=70, num_chiplets=1)
----------------------------------------------------------------------------------------------------
PASS: GemmConfiguration(datatype='bf16', out_dtype='bf16', g=1, m=473, k=8, n=433, trans_a=True, trans_b=False, perfconfig='gemm:v1:256,16,16,2,1,1,16,1,1,1,0', scaled_gemm=False, scale_a_dtype=None, scale_b_dtype=None, trans_scale_a=False, trans_scale_b=False, arch='gfx1100', chip='gfx1100', num_cu=70, num_chiplets=1)
----------------------------------------------------------------------------------------------------
PASS: GemmConfiguration(datatype='f32', out_dtype='f32', g=1, m=398, k=369, n=496, trans_a=True, trans_b=True, perfconfig='gemm:v1:32,128,16,2,1,1,32,1,2,1,8', scaled_gemm=False, scale_a_dtype=None, scale_b_dtype=None, trans_scale_a=False, trans_scale_b=False, arch='gfx1100', chip='gfx1100', num_cu=70, num_chiplets=1)
Lowering rejected config as not applicable
Command line = -operation gemm -t f16 -out_datatype f16 --arch gfx1100 --num_cu 70 --num_chiplets 1 -g 2 -m 46 -k 268 -n 169 -transA=False -transB=True --perf_config=gemm:v1:32,256,128,1,1,1,0,1,2,2,1 -pv
Errors = loc("<stdin>":13:1): error: ttg.shared (73728) exceeds LDS limit (65536) for amdgcn-amd-amdhsa:gfx1100
Lowering not applicable.

----------------------------------------------------------------------------------------------------
NOT_APPLICABLE: GemmConfiguration(datatype='f16', out_dtype='f16', g=2, m=46, k=268, n=169, trans_a=False, trans_b=True, perfconfig='gemm:v1:32,256,128,1,1,1,0,1,2,2,1', scaled_gemm=False, scale_a_dtype=None, scale_b_dtype=None, trans_scale_a=False, trans_scale_b=False, arch='gfx1100', chip='gfx1100', num_cu=70, num_chiplets=1)
----------------------------------------------------------------------------------------------------
PASS: GemmConfiguration(datatype='fp8', out_dtype='f32', g=2, m=100, k=29, n=452, trans_a=True, trans_b=False, perfconfig='gemm:v1:256,256,128,1,1,4,0,1,1,0,4', scaled_gemm=False, scale_a_dtype=None, scale_b_dtype=None, trans_scale_a=False, trans_scale_b=False, arch='gfx1100', chip='gfx1100', num_cu=70, num_chiplets=1)
Lowering rejected config as not applicable
Command line = -operation gemm -t f16 -out_datatype f16 --arch gfx1100 --num_cu 70 --num_chiplets 1 -g 1 -m 2 -k 408 -n 228 -transA=False -transB=True --perf_config=gemm:v1:64,16,16,1,1,8,32,4,1,0,4 -pv
Errors = loc("<stdin>":17:10): error: Fusion with SplitK perfConfig is not legal
Lowering not applicable.

----------------------------------------------------------------------------------------------------
NOT_APPLICABLE: GemmConfiguration(datatype='f16', out_dtype='f16', g=1, m=2, k=408, n=228, trans_a=False, trans_b=True, perfconfig='gemm:v1:64,16,16,1,1,8,32,4,1,0,4', scaled_gemm=False, scale_a_dtype=None, scale_b_dtype=None, trans_scale_a=False, trans_scale_b=False, arch='gfx1100', chip='gfx1100', num_cu=70, num_chiplets=1)
Lowering rejected config as not applicable
Command line = -operation gemm -t f32 -out_datatype f32 --arch gfx1100 --num_cu 70 --num_chiplets 1 -g 2 -m 422 -k 129 -n 165 -transA=False -transB=False --perf_config=gemm:v1:256,16,32,1,1,16,0,2,3,4,8 -pv
Errors = loc("<stdin>":12:1): error: ttg.shared (69632) exceeds LDS limit (65536) for amdgcn-amd-amdhsa:gfx1100
Lowering not applicable.

----------------------------------------------------------------------------------------------------
NOT_APPLICABLE: GemmConfiguration(datatype='f32', out_dtype='f32', g=2, m=422, k=129, n=165, trans_a=False, trans_b=False, perfconfig='gemm:v1:256,16,32,1,1,16,0,2,3,4,8', scaled_gemm=False, scale_a_dtype=None, scale_b_dtype=None, trans_scale_a=False, trans_scale_b=False, arch='gfx1100', chip='gfx1100', num_cu=70, num_chiplets=1)
----------------------------------------------------------------------------------------------------
PASS: GemmConfiguration(datatype='i8', out_dtype='i32', g=2, m=49, k=113, n=117, trans_a=False, trans_b=False, perfconfig='gemm:v1:32,32,32,2,1,16,16,1,2,0,1', scaled_gemm=False, scale_a_dtype=None, scale_b_dtype=None, trans_scale_a=False, trans_scale_b=False, arch='gfx1100', chip='gfx1100', num_cu=70, num_chiplets=1)
Lowering rejected config as not applicable
Command line = -operation gemm -t f32 -out_datatype f32 --arch gfx1100 --num_cu 70 --num_chiplets 1 -g 1 -m 185 -k 319 -n 478 -transA=False -transB=True --perf_config=gemm:v1:256,64,32,2,1,1,32,4,3,2,2 -pv
Errors = loc("<stdin>":11:1): error: ttg.shared (81920) exceeds LDS limit (65536) for amdgcn-amd-amdhsa:gfx1100
Lowering not applicable.

----------------------------------------------------------------------------------------------------
NOT_APPLICABLE: GemmConfiguration(datatype='f32', out_dtype='f32', g=1, m=185, k=319, n=478, trans_a=False, trans_b=True, perfconfig='gemm:v1:256,64,32,2,1,1,32,4,3,2,2', scaled_gemm=False, scale_a_dtype=None, scale_b_dtype=None, trans_scale_a=False, trans_scale_b=False, arch='gfx1100', chip='gfx1100', num_cu=70, num_chiplets=1)
----------------------------------------------------------------------------------------------------
PASS: GemmConfiguration(datatype='f32', out_dtype='f32', g=2, m=442, k=349, n=413, trans_a=True, trans_b=True, perfconfig='gemm:v1:32,64,32,2,1,1,16,1,2,2,0', scaled_gemm=False, scale_a_dtype=None, scale_b_dtype=None, trans_scale_a=False, trans_scale_b=False, arch='gfx1100', chip='gfx1100', num_cu=70, num_chiplets=1)
----------------------------------------------------------------------------------------------------
PASS: GemmConfiguration(datatype='fp8', out_dtype='f32', g=1, m=306, k=258, n=279, trans_a=True, trans_b=False, perfconfig='gemm:v1:64,16,128,2,1,4,32,3,3,2,8', scaled_gemm=False, scale_a_dtype=None, scale_b_dtype=None, trans_scale_a=False, trans_scale_b=False, arch='gfx1100', chip='gfx1100', num_cu=70, num_chiplets=1)
----------------------------------------------------------------------------------------------------
PASS: GemmConfiguration(datatype='fp8', out_dtype='f32', g=2, m=486, k=17, n=151, trans_a=False, trans_b=True, perfconfig='gemm:v1:256,64,64,2,1,8,32,4,3,1,4', scaled_gemm=False, scale_a_dtype=None, scale_b_dtype=None, trans_scale_a=False, trans_scale_b=False, arch='gfx1100', chip='gfx1100', num_cu=70, num_chiplets=1)
----------------------------------------------------------------------------------------------------
PASS: GemmConfiguration(datatype='fp8', out_dtype='f32', g=1, m=355, k=243, n=63, trans_a=True, trans_b=True, perfconfig='gemm:v1:256,32,128,2,1,8,32,1,2,1,0', scaled_gemm=False, scale_a_dtype=None, scale_b_dtype=None, trans_scale_a=False, trans_scale_b=False, arch='gfx1100', chip='gfx1100', num_cu=70, num_chiplets=1)
Lowering rejected config as not applicable
Command line = -operation gemm -t f16 -out_datatype f16 --arch gfx1100 --num_cu 70 --num_chiplets 1 -g 2 -m 498 -k 394 -n 487 -transA=False -transB=False --perf_config=gemm:v1:16,32,64,1,1,16,32,2,2,8,4 -pv
Errors = loc("<stdin>":18:10): error: Fusion with SplitK perfConfig is not legal
Lowering not applicable.

----------------------------------------------------------------------------------------------------
NOT_APPLICABLE: GemmConfiguration(datatype='f16', out_dtype='f16', g=2, m=498, k=394, n=487, trans_a=False, trans_b=False, perfconfig='gemm:v1:16,32,64,1,1,16,32,2,2,8,4', scaled_gemm=False, scale_a_dtype=None, scale_b_dtype=None, trans_scale_a=False, trans_scale_b=False, arch='gfx1100', chip='gfx1100', num_cu=70, num_chiplets=1)
Lowering rejected config as not applicable
Command line = -operation gemm -t bf16 -out_datatype bf16 --arch gfx1100 --num_cu 70 --num_chiplets 1 -g 1 -m 33 -k 242 -n 169 -transA=False -transB=False --perf_config=gemm:v1:64,16,32,1,1,1,0,2,1,4,0 -pv -RMS_threshold 1e-2
Errors = loc("<stdin>":18:10): error: Fusion with SplitK perfConfig is not legal
Lowering not applicable.

----------------------------------------------------------------------------------------------------
NOT_APPLICABLE: GemmConfiguration(datatype='bf16', out_dtype='bf16', g=1, m=33, k=242, n=169, trans_a=False, trans_b=False, perfconfig='gemm:v1:64,16,32,1,1,1,0,2,1,4,0', scaled_gemm=False, scale_a_dtype=None, scale_b_dtype=None, trans_scale_a=False, trans_scale_b=False, arch='gfx1100', chip='gfx1100', num_cu=70, num_chiplets=1)
Lowering rejected config as not applicable
Command line = -operation gemm -t i8 -out_datatype i32 --arch gfx1100 --num_cu 70 --num_chiplets 1 -g 1 -m 93 -k 428 -n 303 -transA=True -transB=False --perf_config=gemm:v1:256,16,16,2,1,4,32,3,2,2,1 -pv
Errors = loc("<stdin>":18:10): error: Fusion with SplitK perfConfig is not legal
Lowering not applicable.

----------------------------------------------------------------------------------------------------
NOT_APPLICABLE: GemmConfiguration(datatype='i8', out_dtype='i32', g=1, m=93, k=428, n=303, trans_a=True, trans_b=False, perfconfig='gemm:v1:256,16,16,2,1,4,32,3,2,2,1', scaled_gemm=False, scale_a_dtype=None, scale_b_dtype=None, trans_scale_a=False, trans_scale_b=False, arch='gfx1100', chip='gfx1100', num_cu=70, num_chiplets=1)
----------------------------------------------------------------------------------------------------
PASS: GemmConfiguration(datatype='bf16', out_dtype='bf16', g=2, m=327, k=480, n=292, trans_a=False, trans_b=False, perfconfig='gemm:v1:128,64,128,2,1,16,32,1,2,2,4', scaled_gemm=False, scale_a_dtype=None, scale_b_dtype=None, trans_scale_a=False, trans_scale_b=False, arch='gfx1100', chip='gfx1100', num_cu=70, num_chiplets=1)
----------------------------------------------------------------------------------------------------
PASS: GemmConfiguration(datatype='i8', out_dtype='i32', g=1, m=370, k=279, n=115, trans_a=False, trans_b=False, perfconfig='gemm:v1:128,256,64,2,1,4,32,1,1,0,2', scaled_gemm=False, scale_a_dtype=None, scale_b_dtype=None, trans_scale_a=False, trans_scale_b=False, arch='gfx1100', chip='gfx1100', num_cu=70, num_chiplets=1)
----------------------------------------------------------------------------------------------------
PASS: GemmConfiguration(datatype='fp8', out_dtype='f32', g=2, m=438, k=175, n=496, trans_a=False, trans_b=True, perfconfig='gemm:v1:32,128,64,2,1,8,16,2,2,1,4', scaled_gemm=False, scale_a_dtype=None, scale_b_dtype=None, trans_scale_a=False, trans_scale_b=False, arch='gfx1100', chip='gfx1100', num_cu=70, num_chiplets=1)
----------------------------------------------------------------------------------------------------
PASS: GemmConfiguration(datatype='f32', out_dtype='f32', g=2, m=122, k=355, n=55, trans_a=True, trans_b=False, perfconfig='gemm:v1:64,64,64,1,1,2,32,3,2,1,2', scaled_gemm=False, scale_a_dtype=None, scale_b_dtype=None, trans_scale_a=False, trans_scale_b=False, arch='gfx1100', chip='gfx1100', num_cu=70, num_chiplets=1)
----------------------------------------------------------------------------------------------------
PASS: GemmConfiguration(datatype='f32', out_dtype='f32', g=1, m=70, k=503, n=140, trans_a=True, trans_b=False, perfconfig='gemm:v1:128,128,32,1,1,1,16,1,1,2,0', scaled_gemm=False, scale_a_dtype=None, scale_b_dtype=None, trans_scale_a=False, trans_scale_b=False, arch='gfx1100', chip='gfx1100', num_cu=70, num_chiplets=1)
Lowering rejected config as not applicable
Command line = -operation gemm -t bf16 -out_datatype bf16 --arch gfx1100 --num_cu 70 --num_chiplets 1 -g 1 -m 110 -k 189 -n 216 -transA=False -transB=False --perf_config=gemm:v1:16,16,32,1,1,2,32,4,1,4,2 -pv -RMS_threshold 1e-2
Errors = loc("<stdin>":18:10): error: Fusion with SplitK perfConfig is not legal
Lowering not applicable.

----------------------------------------------------------------------------------------------------
NOT_APPLICABLE: GemmConfiguration(datatype='bf16', out_dtype='bf16', g=1, m=110, k=189, n=216, trans_a=False, trans_b=False, perfconfig='gemm:v1:16,16,32,1,1,2,32,4,1,4,2', scaled_gemm=False, scale_a_dtype=None, scale_b_dtype=None, trans_scale_a=False, trans_scale_b=False, arch='gfx1100', chip='gfx1100', num_cu=70, num_chiplets=1)
Lowering rejected config as not applicable
Command line = -operation gemm -t bf16 -out_datatype bf16 --arch gfx1100 --num_cu 70 --num_chiplets 1 -g 1 -m 359 -k 3 -n 75 -transA=False -transB=True --perf_config=gemm:v1:64,16,32,2,1,2,32,3,2,2,2 -pv -RMS_threshold 1e-2
Errors = loc("<stdin>":17:10): error: Fusion with SplitK perfConfig is not legal
Lowering not applicable.

----------------------------------------------------------------------------------------------------
NOT_APPLICABLE: GemmConfiguration(datatype='bf16', out_dtype='bf16', g=1, m=359, k=3, n=75, trans_a=False, trans_b=True, perfconfig='gemm:v1:64,16,32,2,1,2,32,3,2,2,2', scaled_gemm=False, scale_a_dtype=None, scale_b_dtype=None, trans_scale_a=False, trans_scale_b=False, arch='gfx1100', chip='gfx1100', num_cu=70, num_chiplets=1)
Lowering rejected config as not applicable
Command line = -operation gemm -t f32 -out_datatype f32 --arch gfx1100 --num_cu 70 --num_chiplets 1 -g 2 -m 484 -k 476 -n 428 -transA=False -transB=False --perf_config=gemm:v1:256,32,128,2,1,8,32,3,1,2,8 -pv
Errors = loc("<stdin>":12:1): error: ttg.shared (131072) exceeds LDS limit (65536) for amdgcn-amd-amdhsa:gfx1100
Lowering not applicable.

----------------------------------------------------------------------------------------------------
NOT_APPLICABLE: GemmConfiguration(datatype='f32', out_dtype='f32', g=2, m=484, k=476, n=428, trans_a=False, trans_b=False, perfconfig='gemm:v1:256,32,128,2,1,8,32,3,1,2,8', scaled_gemm=False, scale_a_dtype=None, scale_b_dtype=None, trans_scale_a=False, trans_scale_b=False, arch='gfx1100', chip='gfx1100', num_cu=70, num_chiplets=1)
----------------------------------------------------------------------------------------------------
PASS: GemmConfiguration(datatype='i8', out_dtype='i32', g=1, m=115, k=5, n=450, trans_a=True, trans_b=True, perfconfig='gemm:v1:32,16,32,1,1,2,16,1,1,4,4', scaled_gemm=False, scale_a_dtype=None, scale_b_dtype=None, trans_scale_a=False, trans_scale_b=False, arch='gfx1100', chip='gfx1100', num_cu=70, num_chiplets=1)
----------------------------------------------------------------------------------------------------
PASS: GemmConfiguration(datatype='fp8', out_dtype='f32', g=1, m=419, k=333, n=298, trans_a=False, trans_b=False, perfconfig='gemm:v1:128,32,16,1,1,2,16,3,1,1,2', scaled_gemm=False, scale_a_dtype=None, scale_b_dtype=None, trans_scale_a=False, trans_scale_b=False, arch='gfx1100', chip='gfx1100', num_cu=70, num_chiplets=1)
----------------------------------------------------------------------------------------------------
PASS: GemmConfiguration(datatype='bf16', out_dtype='bf16', g=2, m=154, k=338, n=451, trans_a=True, trans_b=True, perfconfig='gemm:v1:32,32,128,1,1,1,0,1,3,8,2', scaled_gemm=False, scale_a_dtype=None, scale_b_dtype=None, trans_scale_a=False, trans_scale_b=False, arch='gfx1100', chip='gfx1100', num_cu=70, num_chiplets=1)
----------------------------------------------------------------------------------------------------
PASS: GemmConfiguration(datatype='f16', out_dtype='f16', g=2, m=228, k=258, n=479, trans_a=True, trans_b=True, perfconfig='gemm:v1:16,128,128,1,1,1,0,1,1,4,8', scaled_gemm=False, scale_a_dtype=None, scale_b_dtype=None, trans_scale_a=False, trans_scale_b=False, arch='gfx1100', chip='gfx1100', num_cu=70, num_chiplets=1)
----------------------------------------------------------------------------------------------------
PASS: GemmConfiguration(datatype='fp8', out_dtype='f32', g=2, m=187, k=504, n=459, trans_a=True, trans_b=False, perfconfig='gemm:v1:32,32,128,1,1,2,0,3,2,1,8', scaled_gemm=False, scale_a_dtype=None, scale_b_dtype=None, trans_scale_a=False, trans_scale_b=False, arch='gfx1100', chip='gfx1100', num_cu=70, num_chiplets=1)
Lowering rejected config as not applicable
Command line = -operation gemm -t f16 -out_datatype f16 --arch gfx1100 --num_cu 70 --num_chiplets 1 -g 2 -m 403 -k 171 -n 119 -transA=True -transB=False --perf_config=gemm:v1:32,128,32,2,1,8,32,2,1,2,4 -pv
Errors = loc("<stdin>":18:10): error: Fusion with SplitK perfConfig is not legal
Lowering not applicable.

----------------------------------------------------------------------------------------------------
NOT_APPLICABLE: GemmConfiguration(datatype='f16', out_dtype='f16', g=2, m=403, k=171, n=119, trans_a=True, trans_b=False, perfconfig='gemm:v1:32,128,32,2,1,8,32,2,1,2,4', scaled_gemm=False, scale_a_dtype=None, scale_b_dtype=None, trans_scale_a=False, trans_scale_b=False, arch='gfx1100', chip='gfx1100', num_cu=70, num_chiplets=1)
Lowering rejected config as not applicable
Command line = -operation gemm -t bf16 -out_datatype bf16 --arch gfx1100 --num_cu 70 --num_chiplets 1 -g 1 -m 133 -k 232 -n 105 -transA=True -transB=True --perf_config=gemm:v1:64,16,128,1,1,4,0,4,3,2,8 -pv -RMS_threshold 1e-2
Errors = loc("<stdin>":18:10): error: Fusion with SplitK perfConfig is not legal
Lowering not applicable.

----------------------------------------------------------------------------------------------------
NOT_APPLICABLE: GemmConfiguration(datatype='bf16', out_dtype='bf16', g=1, m=133, k=232, n=105, trans_a=True, trans_b=True, perfconfig='gemm:v1:64,16,128,1,1,4,0,4,3,2,8', scaled_gemm=False, scale_a_dtype=None, scale_b_dtype=None, trans_scale_a=False, trans_scale_b=False, arch='gfx1100', chip='gfx1100', num_cu=70, num_chiplets=1)
Lowering rejected config as not applicable
Command line = -operation gemm -t f16 -out_datatype f16 --arch gfx1100 --num_cu 70 --num_chiplets 1 -g 1 -m 436 -k 358 -n 23 -transA=False -transB=True --perf_config=gemm:v1:32,256,16,2,1,8,32,3,1,4,0 -pv
Errors = loc("<stdin>":17:10): error: Fusion with SplitK perfConfig is not legal
Lowering not applicable.

----------------------------------------------------------------------------------------------------
NOT_APPLICABLE: GemmConfiguration(datatype='f16', out_dtype='f16', g=1, m=436, k=358, n=23, trans_a=False, trans_b=True, perfconfig='gemm:v1:32,256,16,2,1,8,32,3,1,4,0', scaled_gemm=False, scale_a_dtype=None, scale_b_dtype=None, trans_scale_a=False, trans_scale_b=False, arch='gfx1100', chip='gfx1100', num_cu=70, num_chiplets=1)
Lowering rejected config as not applicable
Command line = -operation gemm -t bf16 -out_datatype bf16 --arch gfx1100 --num_cu 70 --num_chiplets 1 -g 2 -m 155 -k 390 -n 263 -transA=False -transB=False --perf_config=gemm:v1:128,128,128,1,1,4,32,3,1,4,1 -pv -RMS_threshold 1e-2
Errors = loc("<stdin>":18:10): error: Fusion with SplitK perfConfig is not legal
Lowering not applicable.

----------------------------------------------------------------------------------------------------
NOT_APPLICABLE: GemmConfiguration(datatype='bf16', out_dtype='bf16', g=2, m=155, k=390, n=263, trans_a=False, trans_b=False, perfconfig='gemm:v1:128,128,128,1,1,4,32,3,1,4,1', scaled_gemm=False, scale_a_dtype=None, scale_b_dtype=None, trans_scale_a=False, trans_scale_b=False, arch='gfx1100', chip='gfx1100', num_cu=70, num_chiplets=1)
Lowering rejected config as not applicable
Command line = -operation gemm -t i8 -out_datatype i32 --arch gfx1100 --num_cu 70 --num_chiplets 1 -g 1 -m 145 -k 109 -n 90 -transA=False -transB=False --perf_config=gemm:v1:256,64,128,2,1,4,32,4,1,2,8 -pv
Errors = loc("<stdin>":18:10): error: Fusion with SplitK perfConfig is not legal
Lowering not applicable.

----------------------------------------------------------------------------------------------------
NOT_APPLICABLE: GemmConfiguration(datatype='i8', out_dtype='i32', g=1, m=145, k=109, n=90, trans_a=False, trans_b=False, perfconfig='gemm:v1:256,64,128,2,1,4,32,4,1,2,8', scaled_gemm=False, scale_a_dtype=None, scale_b_dtype=None, trans_scale_a=False, trans_scale_b=False, arch='gfx1100', chip='gfx1100', num_cu=70, num_chiplets=1)
Lowering rejected config as not applicable
Command line = -operation gemm -t i8 -out_datatype i32 --arch gfx1100 --num_cu 70 --num_chiplets 1 -g 1 -m 240 -k 266 -n 94 -transA=False -transB=True --perf_config=gemm:v1:256,32,32,2,1,8,0,2,3,4,0 -pv
Errors = loc("<stdin>":17:10): error: Fusion with SplitK perfConfig is not legal
Lowering not applicable.

----------------------------------------------------------------------------------------------------
NOT_APPLICABLE: GemmConfiguration(datatype='i8', out_dtype='i32', g=1, m=240, k=266, n=94, trans_a=False, trans_b=True, perfconfig='gemm:v1:256,32,32,2,1,8,0,2,3,4,0', scaled_gemm=False, scale_a_dtype=None, scale_b_dtype=None, trans_scale_a=False, trans_scale_b=False, arch='gfx1100', chip='gfx1100', num_cu=70, num_chiplets=1)
----------------------------------------------------------------------------------------------------
PASS: GemmConfiguration(datatype='fp8', out_dtype='f32', g=1, m=86, k=145, n=301, trans_a=False, trans_b=True, perfconfig='gemm:v1:16,16,128,1,1,1,32,4,2,2,2', scaled_gemm=False, scale_a_dtype=None, scale_b_dtype=None, trans_scale_a=False, trans_scale_b=False, arch='gfx1100', chip='gfx1100', num_cu=70, num_chiplets=1)
----------------------------------------------------------------------------------------------------
PASS: GemmConfiguration(datatype='f32', out_dtype='f32', g=1, m=207, k=308, n=476, trans_a=True, trans_b=False, perfconfig='gemm:v1:64,256,32,2,1,1,0,3,2,4,1', scaled_gemm=False, scale_a_dtype=None, scale_b_dtype=None, trans_scale_a=False, trans_scale_b=False, arch='gfx1100', chip='gfx1100', num_cu=70, num_chiplets=1)
Lowering rejected config as not applicable
Command line = -operation gemm -t f16 -out_datatype f16 --arch gfx1100 --num_cu 70 --num_chiplets 1 -g 2 -m 122 -k 303 -n 282 -transA=False -transB=False --perf_config=gemm:v1:16,128,64,2,1,16,16,2,2,1,2 -pv
Errors = loc("<stdin>":18:10): error: Fusion with SplitK perfConfig is not legal
Lowering not applicable.

----------------------------------------------------------------------------------------------------
NOT_APPLICABLE: GemmConfiguration(datatype='f16', out_dtype='f16', g=2, m=122, k=303, n=282, trans_a=False, trans_b=False, perfconfig='gemm:v1:16,128,64,2,1,16,16,2,2,1,2', scaled_gemm=False, scale_a_dtype=None, scale_b_dtype=None, trans_scale_a=False, trans_scale_b=False, arch='gfx1100', chip='gfx1100', num_cu=70, num_chiplets=1)
Lowering rejected config as not applicable
Command line = -operation gemm -t f16 -out_datatype f16 --arch gfx1100 --num_cu 70 --num_chiplets 1 -g 1 -m 403 -k 133 -n 126 -transA=False -transB=True --perf_config=gemm:v1:16,256,64,1,1,1,0,4,1,8,8 -pv
Errors = loc("<stdin>":17:10): error: Fusion with SplitK perfConfig is not legal
Lowering not applicable.

----------------------------------------------------------------------------------------------------
NOT_APPLICABLE: GemmConfiguration(datatype='f16', out_dtype='f16', g=1, m=403, k=133, n=126, trans_a=False, trans_b=True, perfconfig='gemm:v1:16,256,64,1,1,1,0,4,1,8,8', scaled_gemm=False, scale_a_dtype=None, scale_b_dtype=None, trans_scale_a=False, trans_scale_b=False, arch='gfx1100', chip='gfx1100', num_cu=70, num_chiplets=1)
Lowering rejected config as not applicable
Command line = -operation gemm -t bf16 -out_datatype bf16 --arch gfx1100 --num_cu 70 --num_chiplets 1 -g 1 -m 134 -k 278 -n 352 -transA=True -transB=False --perf_config=gemm:v1:64,128,128,1,1,8,0,3,1,4,8 -pv -RMS_threshold 1e-2
Errors = loc("<stdin>":18:10): error: Fusion with SplitK perfConfig is not legal
Lowering not applicable.

----------------------------------------------------------------------------------------------------
NOT_APPLICABLE: GemmConfiguration(datatype='bf16', out_dtype='bf16', g=1, m=134, k=278, n=352, trans_a=True, trans_b=False, perfconfig='gemm:v1:64,128,128,1,1,8,0,3,1,4,8', scaled_gemm=False, scale_a_dtype=None, scale_b_dtype=None, trans_scale_a=False, trans_scale_b=False, arch='gfx1100', chip='gfx1100', num_cu=70, num_chiplets=1)
Lowering rejected config as not applicable
Command line = -operation gemm -t f16 -out_datatype f16 --arch gfx1100 --num_cu 70 --num_chiplets 1 -g 2 -m 151 -k 497 -n 106 -transA=False -transB=False --perf_config=gemm:v1:128,64,32,2,1,4,32,2,3,2,2 -pv
Errors = loc("<stdin>":18:10): error: Fusion with SplitK perfConfig is not legal
Lowering not applicable.

----------------------------------------------------------------------------------------------------
NOT_APPLICABLE: GemmConfiguration(datatype='f16', out_dtype='f16', g=2, m=151, k=497, n=106, trans_a=False, trans_b=False, perfconfig='gemm:v1:128,64,32,2,1,4,32,2,3,2,2', scaled_gemm=False, scale_a_dtype=None, scale_b_dtype=None, trans_scale_a=False, trans_scale_b=False, arch='gfx1100', chip='gfx1100', num_cu=70, num_chiplets=1)
Lowering rejected config as not applicable
Command line = -operation gemm -t f16 -out_datatype f16 --arch gfx1100 --num_cu 70 --num_chiplets 1 -g 1 -m 254 -k 424 -n 154 -transA=False -transB=False --perf_config=gemm:v1:16,16,16,1,1,4,32,2,3,8,2 -pv
Errors = loc("<stdin>":18:10): error: Fusion with SplitK perfConfig is not legal
Lowering not applicable.

----------------------------------------------------------------------------------------------------
NOT_APPLICABLE: GemmConfiguration(datatype='f16', out_dtype='f16', g=1, m=254, k=424, n=154, trans_a=False, trans_b=False, perfconfig='gemm:v1:16,16,16,1,1,4,32,2,3,8,2', scaled_gemm=False, scale_a_dtype=None, scale_b_dtype=None, trans_scale_a=False, trans_scale_b=False, arch='gfx1100', chip='gfx1100', num_cu=70, num_chiplets=1)
----------------------------------------------------------------------------------------------------
PASS: GemmConfiguration(datatype='f16', out_dtype='f16', g=1, m=372, k=495, n=197, trans_a=False, trans_b=True, perfconfig='gemm:v1:32,16,16,1,1,8,16,1,2,0,2', scaled_gemm=False, scale_a_dtype=None, scale_b_dtype=None, trans_scale_a=False, trans_scale_b=False, arch='gfx1100', chip='gfx1100', num_cu=70, num_chiplets=1)
----------------------------------------------------------------------------------------------------
PASS: GemmConfiguration(datatype='f16', out_dtype='f16', g=1, m=158, k=29, n=86, trans_a=True, trans_b=False, perfconfig='gemm:v1:128,128,64,1,1,8,16,1,1,0,2', scaled_gemm=False, scale_a_dtype=None, scale_b_dtype=None, trans_scale_a=False, trans_scale_b=False, arch='gfx1100', chip='gfx1100', num_cu=70, num_chiplets=1)
----------------------------------------------------------------------------------------------------
PASS: GemmConfiguration(datatype='fp8', out_dtype='f32', g=1, m=152, k=144, n=159, trans_a=True, trans_b=True, perfconfig='gemm:v1:32,32,32,2,1,8,16,2,3,0,2', scaled_gemm=False, scale_a_dtype=None, scale_b_dtype=None, trans_scale_a=False, trans_scale_b=False, arch='gfx1100', chip='gfx1100', num_cu=70, num_chiplets=1)
Lowering rejected config as not applicable
Command line = -operation gemm -t i8 -out_datatype i32 --arch gfx1100 --num_cu 70 --num_chiplets 1 -g 1 -m 358 -k 420 -n 41 -transA=False -transB=True --perf_config=gemm:v1:128,64,32,2,1,8,0,4,3,4,8 -pv
Errors = loc("<stdin>":17:10): error: Fusion with SplitK perfConfig is not legal
Lowering not applicable.

----------------------------------------------------------------------------------------------------
NOT_APPLICABLE: GemmConfiguration(datatype='i8', out_dtype='i32', g=1, m=358, k=420, n=41, trans_a=False, trans_b=True, perfconfig='gemm:v1:128,64,32,2,1,8,0,4,3,4,8', scaled_gemm=False, scale_a_dtype=None, scale_b_dtype=None, trans_scale_a=False, trans_scale_b=False, arch='gfx1100', chip='gfx1100', num_cu=70, num_chiplets=1)
Lowering rejected config as not applicable
Command line = -operation gemm -t bf16 -out_datatype bf16 --arch gfx1100 --num_cu 70 --num_chiplets 1 -g 1 -m 505 -k 26 -n 173 -transA=True -transB=True --perf_config=gemm:v1:32,128,16,1,1,2,32,3,1,0,2 -pv -RMS_threshold 1e-2
Errors = loc("<stdin>":18:10): error: Fusion with SplitK perfConfig is not legal
Lowering not applicable.

----------------------------------------------------------------------------------------------------
NOT_APPLICABLE: GemmConfiguration(datatype='bf16', out_dtype='bf16', g=1, m=505, k=26, n=173, trans_a=True, trans_b=True, perfconfig='gemm:v1:32,128,16,1,1,2,32,3,1,0,2', scaled_gemm=False, scale_a_dtype=None, scale_b_dtype=None, trans_scale_a=False, trans_scale_b=False, arch='gfx1100', chip='gfx1100', num_cu=70, num_chiplets=1)
Lowering rejected config as not applicable
Command line = -operation gemm -t i8 -out_datatype i32 --arch gfx1100 --num_cu 70 --num_chiplets 1 -g 1 -m 114 -k 68 -n 312 -transA=False -transB=False --perf_config=gemm:v1:64,64,16,2,1,2,32,2,2,2,1 -pv
Errors = loc("<stdin>":18:10): error: Fusion with SplitK perfConfig is not legal
Lowering not applicable.

----------------------------------------------------------------------------------------------------
NOT_APPLICABLE: GemmConfiguration(datatype='i8', out_dtype='i32', g=1, m=114, k=68, n=312, trans_a=False, trans_b=False, perfconfig='gemm:v1:64,64,16,2,1,2,32,2,2,2,1', scaled_gemm=False, scale_a_dtype=None, scale_b_dtype=None, trans_scale_a=False, trans_scale_b=False, arch='gfx1100', chip='gfx1100', num_cu=70, num_chiplets=1)
Lowering rejected config as not applicable
Command line = -operation gemm -t i8 -out_datatype i32 --arch gfx1100 --num_cu 70 --num_chiplets 1 -g 2 -m 321 -k 151 -n 3 -transA=False -transB=False --perf_config=gemm:v1:128,64,32,1,1,4,16,3,1,8,0 -pv
Errors = loc("<stdin>":18:10): error: Fusion with SplitK perfConfig is not legal
Lowering not applicable.

----------------------------------------------------------------------------------------------------
NOT_APPLICABLE: GemmConfiguration(datatype='i8', out_dtype='i32', g=2, m=321, k=151, n=3, trans_a=False, trans_b=False, perfconfig='gemm:v1:128,64,32,1,1,4,16,3,1,8,0', scaled_gemm=False, scale_a_dtype=None, scale_b_dtype=None, trans_scale_a=False, trans_scale_b=False, arch='gfx1100', chip='gfx1100', num_cu=70, num_chiplets=1)
----------------------------------------------------------------------------------------------------
PASS: GemmConfiguration(datatype='f32', out_dtype='f32', g=2, m=335, k=91, n=489, trans_a=True, trans_b=False, perfconfig='gemm:v1:32,64,64,2,1,8,16,2,2,1,4', scaled_gemm=False, scale_a_dtype=None, scale_b_dtype=None, trans_scale_a=False, trans_scale_b=False, arch='gfx1100', chip='gfx1100', num_cu=70, num_chiplets=1)
----------------------------------------------------------------------------------------------------
PASS: GemmConfiguration(datatype='f16', out_dtype='f16', g=2, m=116, k=318, n=243, trans_a=False, trans_b=False, perfconfig='gemm:v1:16,32,32,2,1,1,32,1,3,1,2', scaled_gemm=False, scale_a_dtype=None, scale_b_dtype=None, trans_scale_a=False, trans_scale_b=False, arch='gfx1100', chip='gfx1100', num_cu=70, num_chiplets=1)
----------------------------------------------------------------------------------------------------
PASS: GemmConfiguration(datatype='f16', out_dtype='f16', g=1, m=238, k=57, n=295, trans_a=True, trans_b=True, perfconfig='gemm:v1:64,128,64,1,1,4,16,1,1,0,8', scaled_gemm=False, scale_a_dtype=None, scale_b_dtype=None, trans_scale_a=False, trans_scale_b=False, arch='gfx1100', chip='gfx1100', num_cu=70, num_chiplets=1)
----------------------------------------------------------------------------------------------------
PASS: GemmConfiguration(datatype='fp8', out_dtype='f32', g=2, m=455, k=279, n=492, trans_a=True, trans_b=True, perfconfig='gemm:v1:16,128,128,1,1,1,16,1,2,0,8', scaled_gemm=False, scale_a_dtype=None, scale_b_dtype=None, trans_scale_a=False, trans_scale_b=False, arch='gfx1100', chip='gfx1100', num_cu=70, num_chiplets=1)
Lowering rejected config as not applicable
Command line = -operation gemm -t bf16 -out_datatype bf16 --arch gfx1100 --num_cu 70 --num_chiplets 1 -g 2 -m 323 -k 481 -n 177 -transA=False -transB=True --perf_config=gemm:v1:32,64,16,1,1,16,16,2,1,1,4 -pv -RMS_threshold 1e-2
Errors = loc("<stdin>":18:10): error: Fusion with SplitK perfConfig is not legal
Lowering not applicable.

----------------------------------------------------------------------------------------------------
NOT_APPLICABLE: GemmConfiguration(datatype='bf16', out_dtype='bf16', g=2, m=323, k=481, n=177, trans_a=False, trans_b=True, perfconfig='gemm:v1:32,64,16,1,1,16,16,2,1,1,4', scaled_gemm=False, scale_a_dtype=None, scale_b_dtype=None, trans_scale_a=False, trans_scale_b=False, arch='gfx1100', chip='gfx1100', num_cu=70, num_chiplets=1)
Lowering rejected config as not applicable
Command line = -operation gemm -t bf16 -out_datatype bf16 --arch gfx1100 --num_cu 70 --num_chiplets 1 -g 2 -m 221 -k 352 -n 449 -transA=True -transB=True --perf_config=gemm:v1:128,64,128,2,1,8,0,2,3,2,1 -pv -RMS_threshold 1e-2
Errors = loc("<stdin>":18:10): error: Fusion with SplitK perfConfig is not legal
Lowering not applicable.

----------------------------------------------------------------------------------------------------
NOT_APPLICABLE: GemmConfiguration(datatype='bf16', out_dtype='bf16', g=2, m=221, k=352, n=449, trans_a=True, trans_b=True, perfconfig='gemm:v1:128,64,128,2,1,8,0,2,3,2,1', scaled_gemm=False, scale_a_dtype=None, scale_b_dtype=None, trans_scale_a=False, trans_scale_b=False, arch='gfx1100', chip='gfx1100', num_cu=70, num_chiplets=1)
Lowering rejected config as not applicable
Command line = -operation gemm -t f16 -out_datatype f16 --arch gfx1100 --num_cu 70 --num_chiplets 1 -g 1 -m 271 -k 463 -n 356 -transA=True -transB=False --perf_config=gemm:v1:128,128,16,1,1,4,32,2,1,0,8 -pv
Errors = loc("<stdin>":18:10): error: Fusion with SplitK perfConfig is not legal
Lowering not applicable.

----------------------------------------------------------------------------------------------------
NOT_APPLICABLE: GemmConfiguration(datatype='f16', out_dtype='f16', g=1, m=271, k=463, n=356, trans_a=True, trans_b=False, perfconfig='gemm:v1:128,128,16,1,1,4,32,2,1,0,8', scaled_gemm=False, scale_a_dtype=None, scale_b_dtype=None, trans_scale_a=False, trans_scale_b=False, arch='gfx1100', chip='gfx1100', num_cu=70, num_chiplets=1)
Lowering rejected config as not applicable
Command line = -operation gemm -t bf16 -out_datatype bf16 --arch gfx1100 --num_cu 70 --num_chiplets 1 -g 2 -m 509 -k 206 -n 91 -transA=True -transB=False --perf_config=gemm:v1:128,64,16,2,1,2,32,4,1,1,1 -pv -RMS_threshold 1e-2
Errors = loc("<stdin>":18:10): error: Fusion with SplitK perfConfig is not legal
Lowering not applicable.

----------------------------------------------------------------------------------------------------
NOT_APPLICABLE: GemmConfiguration(datatype='bf16', out_dtype='bf16', g=2, m=509, k=206, n=91, trans_a=True, trans_b=False, perfconfig='gemm:v1:128,64,16,2,1,2,32,4,1,1,1', scaled_gemm=False, scale_a_dtype=None, scale_b_dtype=None, trans_scale_a=False, trans_scale_b=False, arch='gfx1100', chip='gfx1100', num_cu=70, num_chiplets=1)
----------------------------------------------------------------------------------------------------
PASS: GemmConfiguration(datatype='i8', out_dtype='i32', g=1, m=49, k=202, n=473, trans_a=True, trans_b=False, perfconfig='gemm:v1:16,32,16,1,1,2,0,1,3,8,4', scaled_gemm=False, scale_a_dtype=None, scale_b_dtype=None, trans_scale_a=False, trans_scale_b=False, arch='gfx1100', chip='gfx1100', num_cu=70, num_chiplets=1)
----------------------------------------------------------------------------------------------------
PASS: GemmConfiguration(datatype='f16', out_dtype='f16', g=1, m=216, k=503, n=240, trans_a=False, trans_b=True, perfconfig='gemm:v1:256,256,16,2,1,16,16,1,2,0,2', scaled_gemm=False, scale_a_dtype=None, scale_b_dtype=None, trans_scale_a=False, trans_scale_b=False, arch='gfx1100', chip='gfx1100', num_cu=70, num_chiplets=1)
----------------------------------------------------------------------------------------------------
PASS: GemmConfiguration(datatype='fp8', out_dtype='f32', g=1, m=221, k=272, n=86, trans_a=True, trans_b=True, perfconfig='gemm:v1:16,32,16,2,1,1,16,1,3,8,4', scaled_gemm=False, scale_a_dtype=None, scale_b_dtype=None, trans_scale_a=False, trans_scale_b=False, arch='gfx1100', chip='gfx1100', num_cu=70, num_chiplets=1)
----------------------------------------------------------------------------------------------------
PASS: GemmConfiguration(datatype='f32', out_dtype='f32', g=2, m=52, k=131, n=404, trans_a=True, trans_b=False, perfconfig='gemm:v1:128,256,16,1,1,1,32,1,2,2,4', scaled_gemm=False, scale_a_dtype=None, scale_b_dtype=None, trans_scale_a=False, trans_scale_b=False, arch='gfx1100', chip='gfx1100', num_cu=70, num_chiplets=1)
Lowering rejected config as not applicable
Command line = -operation gemm -t bf16 -out_datatype bf16 --arch gfx1100 --num_cu 70 --num_chiplets 1 -g 1 -m 460 -k 239 -n 281 -transA=False -transB=True --perf_config=gemm:v1:256,16,128,2,1,16,16,2,1,2,1 -pv -RMS_threshold 1e-2
Errors = loc("<stdin>":17:10): error: Fusion with SplitK perfConfig is not legal
Lowering not applicable.

----------------------------------------------------------------------------------------------------
NOT_APPLICABLE: GemmConfiguration(datatype='bf16', out_dtype='bf16', g=1, m=460, k=239, n=281, trans_a=False, trans_b=True, perfconfig='gemm:v1:256,16,128,2,1,16,16,2,1,2,1', scaled_gemm=False, scale_a_dtype=None, scale_b_dtype=None, trans_scale_a=False, trans_scale_b=False, arch='gfx1100', chip='gfx1100', num_cu=70, num_chiplets=1)
Lowering rejected config as not applicable
Command line = -operation gemm -t bf16 -out_datatype bf16 --arch gfx1100 --num_cu 70 --num_chiplets 1 -g 1 -m 121 -k 261 -n 443 -transA=True -transB=False --perf_config=gemm:v1:64,256,64,2,1,16,0,2,2,4,4 -pv -RMS_threshold 1e-2
Errors = loc("<stdin>":18:10): error: Fusion with SplitK perfConfig is not legal
Lowering not applicable.

----------------------------------------------------------------------------------------------------
NOT_APPLICABLE: GemmConfiguration(datatype='bf16', out_dtype='bf16', g=1, m=121, k=261, n=443, trans_a=True, trans_b=False, perfconfig='gemm:v1:64,256,64,2,1,16,0,2,2,4,4', scaled_gemm=False, scale_a_dtype=None, scale_b_dtype=None, trans_scale_a=False, trans_scale_b=False, arch='gfx1100', chip='gfx1100', num_cu=70, num_chiplets=1)
Lowering rejected config as not applicable
Command line = -operation gemm -t f16 -out_datatype f16 --arch gfx1100 --num_cu 70 --num_chiplets 1 -g 1 -m 264 -k 199 -n 120 -transA=False -transB=False --perf_config=gemm:v1:32,256,32,2,1,8,0,2,2,0,0 -pv
Errors = loc("<stdin>":18:10): error: Fusion with SplitK perfConfig is not legal
Lowering not applicable.

----------------------------------------------------------------------------------------------------
NOT_APPLICABLE: GemmConfiguration(datatype='f16', out_dtype='f16', g=1, m=264, k=199, n=120, trans_a=False, trans_b=False, perfconfig='gemm:v1:32,256,32,2,1,8,0,2,2,0,0', scaled_gemm=False, scale_a_dtype=None, scale_b_dtype=None, trans_scale_a=False, trans_scale_b=False, arch='gfx1100', chip='gfx1100', num_cu=70, num_chiplets=1)
Lowering rejected config as not applicable
Command line = -operation gemm -t i8 -out_datatype i32 --arch gfx1100 --num_cu 70 --num_chiplets 1 -g 1 -m 334 -k 301 -n 425 -transA=True -transB=False --perf_config=gemm:v1:64,256,128,1,1,1,32,2,2,0,0 -pv
Errors = loc("<stdin>":18:10): error: Fusion with SplitK perfConfig is not legal
Lowering not applicable.

----------------------------------------------------------------------------------------------------
NOT_APPLICABLE: GemmConfiguration(datatype='i8', out_dtype='i32', g=1, m=334, k=301, n=425, trans_a=True, trans_b=False, perfconfig='gemm:v1:64,256,128,1,1,1,32,2,2,0,0', scaled_gemm=False, scale_a_dtype=None, scale_b_dtype=None, trans_scale_a=False, trans_scale_b=False, arch='gfx1100', chip='gfx1100', num_cu=70, num_chiplets=1)
Lowering rejected config as not applicable
Command line = -operation gemm -t i8 -out_datatype i32 --arch gfx1100 --num_cu 70 --num_chiplets 1 -g 1 -m 457 -k 337 -n 482 -transA=False -transB=True --perf_config=gemm:v1:256,256,128,2,1,16,0,1,3,0,1 -pv
Errors = loc("<stdin>":12:1): error: ttg.shared (131072) exceeds LDS limit (65536) for amdgcn-amd-amdhsa:gfx1100
Lowering not applicable.

FAIL: Timeout in rocmlir-driver stage (120s)
Config = GemmConfiguration(datatype='fp8', out_dtype='f32', g=1, m=510, k=484, n=33, trans_a=True, trans_b=True, perfconfig='gemm:v1:256,128,128,2,1,2,0,2,2,0,0', scaled_gemm=False, scale_a_dtype=None, scale_b_dtype=None, trans_scale_a=False, trans_scale_b=False, arch='gfx1100', chip='gfx1100', num_cu=70, num_chiplets=1)
Command line = -operation gemm -t fp8 -out_datatype f32 --arch gfx1100 --num_cu 70 --num_chiplets 1 -g 1 -m 510 -k 484 -n 33 -transA=True -transB=True --perf_config=gemm:v1:256,128,128,2,1,2,0,2,2,0,0 -pv -relDiff_threshold 1e-5
----------------------------------------------------------------------------------------------------
NOT_APPLICABLE: GemmConfiguration(datatype='i8', out_dtype='i32', g=1, m=457, k=337, n=482, trans_a=False, trans_b=True, perfconfig='gemm:v1:256,256,128,2,1,16,0,1,3,0,1', scaled_gemm=False, scale_a_dtype=None, scale_b_dtype=None, trans_scale_a=False, trans_scale_b=False, arch='gfx1100', chip='gfx1100', num_cu=70, num_chiplets=1)
----------------------------------------------------------------------------------------------------
PASS: GemmConfiguration(datatype='fp8', out_dtype='f32', g=2, m=321, k=235, n=285, trans_a=True, trans_b=True, perfconfig='gemm:v1:32,256,128,2,1,8,0,4,1,1,0', scaled_gemm=False, scale_a_dtype=None, scale_b_dtype=None, trans_scale_a=False, trans_scale_b=False, arch='gfx1100', chip='gfx1100', num_cu=70, num_chiplets=1)
----------------------------------------------------------------------------------------------------
PASS: GemmConfiguration(datatype='f32', out_dtype='f32', g=2, m=63, k=86, n=128, trans_a=True, trans_b=True, perfconfig='gemm:v1:256,128,32,1,1,2,16,4,3,0,1', scaled_gemm=False, scale_a_dtype=None, scale_b_dtype=None, trans_scale_a=False, trans_scale_b=False, arch='gfx1100', chip='gfx1100', num_cu=70, num_chiplets=1)
----------------------------------------------------------------------------------------------------
FAIL: GemmConfiguration(datatype='fp8', out_dtype='f32', g=1, m=510, k=484, n=33, trans_a=True, trans_b=True, perfconfig='gemm:v1:256,128,128,2,1,2,0,2,2,0,0', scaled_gemm=False, scale_a_dtype=None, scale_b_dtype=None, trans_scale_a=False, trans_scale_b=False, arch='gfx1100', chip='gfx1100', num_cu=70, num_chiplets=1)
Lowering rejected config as not applicable
Command line = -operation gemm -t i8 -out_datatype i32 --arch gfx1100 --num_cu 70 --num_chiplets 1 -g 2 -m 169 -k 474 -n 506 -transA=True -transB=False --perf_config=gemm:v1:256,64,32,2,1,8,32,4,3,8,2 -pv
Errors = loc("<stdin>":18:10): error: Fusion with SplitK perfConfig is not legal
Lowering not applicable.

----------------------------------------------------------------------------------------------------
NOT_APPLICABLE: GemmConfiguration(datatype='i8', out_dtype='i32', g=2, m=169, k=474, n=506, trans_a=True, trans_b=False, perfconfig='gemm:v1:256,64,32,2,1,8,32,4,3,8,2', scaled_gemm=False, scale_a_dtype=None, scale_b_dtype=None, trans_scale_a=False, trans_scale_b=False, arch='gfx1100', chip='gfx1100', num_cu=70, num_chiplets=1)
Lowering rejected config as not applicable
Command line = -operation gemm -t f16 -out_datatype f16 --arch gfx1100 --num_cu 70 --num_chiplets 1 -g 2 -m 238 -k 371 -n 184 -transA=False -transB=False --perf_config=gemm:v1:16,256,128,1,1,1,16,2,2,1,2 -pv
Errors = loc("<stdin>":18:10): error: Fusion with SplitK perfConfig is not legal
Lowering not applicable.

----------------------------------------------------------------------------------------------------
NOT_APPLICABLE: GemmConfiguration(datatype='f16', out_dtype='f16', g=2, m=238, k=371, n=184, trans_a=False, trans_b=False, perfconfig='gemm:v1:16,256,128,1,1,1,16,2,2,1,2', scaled_gemm=False, scale_a_dtype=None, scale_b_dtype=None, trans_scale_a=False, trans_scale_b=False, arch='gfx1100', chip='gfx1100', num_cu=70, num_chiplets=1)
Lowering rejected config as not applicable
Command line = -operation gemm -t bf16 -out_datatype bf16 --arch gfx1100 --num_cu 70 --num_chiplets 1 -g 1 -m 13 -k 12 -n 67 -transA=False -transB=False --perf_config=gemm:v1:32,128,16,1,1,2,0,2,2,1,2 -pv -RMS_threshold 1e-2
Errors = loc("<stdin>":18:10): error: Fusion with SplitK perfConfig is not legal
Lowering not applicable.

----------------------------------------------------------------------------------------------------
NOT_APPLICABLE: GemmConfiguration(datatype='bf16', out_dtype='bf16', g=1, m=13, k=12, n=67, trans_a=False, trans_b=False, perfconfig='gemm:v1:32,128,16,1,1,2,0,2,2,1,2', scaled_gemm=False, scale_a_dtype=None, scale_b_dtype=None, trans_scale_a=False, trans_scale_b=False, arch='gfx1100', chip='gfx1100', num_cu=70, num_chiplets=1)
Lowering rejected config as not applicable
Command line = -operation gemm -t i8 -out_datatype i32 --arch gfx1100 --num_cu 70 --num_chiplets 1 -g 2 -m 170 -k 129 -n 462 -transA=False -transB=False --perf_config=gemm:v1:32,64,16,1,1,16,0,3,3,2,1 -pv
Errors = loc("<stdin>":18:10): error: Fusion with SplitK perfConfig is not legal
Lowering not applicable.

----------------------------------------------------------------------------------------------------
NOT_APPLICABLE: GemmConfiguration(datatype='i8', out_dtype='i32', g=2, m=170, k=129, n=462, trans_a=False, trans_b=False, perfconfig='gemm:v1:32,64,16,1,1,16,0,3,3,2,1', scaled_gemm=False, scale_a_dtype=None, scale_b_dtype=None, trans_scale_a=False, trans_scale_b=False, arch='gfx1100', chip='gfx1100', num_cu=70, num_chiplets=1)
----------------------------------------------------------------------------------------------------
PASS: GemmConfiguration(datatype='f16', out_dtype='f16', g=2, m=262, k=95, n=170, trans_a=True, trans_b=True, perfconfig='gemm:v1:64,16,64,1,1,2,0,1,1,4,1', scaled_gemm=False, scale_a_dtype=None, scale_b_dtype=None, trans_scale_a=False, trans_scale_b=False, arch='gfx1100', chip='gfx1100', num_cu=70, num_chiplets=1)
----------------------------------------------------------------------------------------------------
PASS: GemmConfiguration(datatype='bf16', out_dtype='bf16', g=1, m=256, k=282, n=431, trans_a=True, trans_b=False, perfconfig='gemm:v1:128,64,16,2,1,2,0,1,2,2,1', scaled_gemm=False, scale_a_dtype=None, scale_b_dtype=None, trans_scale_a=False, trans_scale_b=False, arch='gfx1100', chip='gfx1100', num_cu=70, num_chiplets=1)
----------------------------------------------------------------------------------------------------
PASS: GemmConfiguration(datatype='f32', out_dtype='f32', g=1, m=505, k=193, n=385, trans_a=True, trans_b=False, perfconfig='gemm:v1:64,16,128,2,1,1,32,1,2,4,8', scaled_gemm=False, scale_a_dtype=None, scale_b_dtype=None, trans_scale_a=False, trans_scale_b=False, arch='gfx1100', chip='gfx1100', num_cu=70, num_chiplets=1)
----------------------------------------------------------------------------------------------------
PASS: GemmConfiguration(datatype='f16', out_dtype='f16', g=2, m=359, k=374, n=48, trans_a=False, trans_b=False, perfconfig='gemm:v1:256,128,32,2,1,2,0,1,2,4,2', scaled_gemm=False, scale_a_dtype=None, scale_b_dtype=None, trans_scale_a=False, trans_scale_b=False, arch='gfx1100', chip='gfx1100', num_cu=70, num_chiplets=1)
Lowering rejected config as not applicable
Command line = -operation gemm -t i8 -out_datatype i32 --arch gfx1100 --num_cu 70 --num_chiplets 1 -g 1 -m 86 -k 128 -n 217 -transA=False -transB=True --perf_config=gemm:v1:32,64,32,2,1,2,32,4,3,4,0 -pv
Errors = loc("<stdin>":17:10): error: Fusion with SplitK perfConfig is not legal
Lowering not applicable.

----------------------------------------------------------------------------------------------------
NOT_APPLICABLE: GemmConfiguration(datatype='i8', out_dtype='i32', g=1, m=86, k=128, n=217, trans_a=False, trans_b=True, perfconfig='gemm:v1:32,64,32,2,1,2,32,4,3,4,0', scaled_gemm=False, scale_a_dtype=None, scale_b_dtype=None, trans_scale_a=False, trans_scale_b=False, arch='gfx1100', chip='gfx1100', num_cu=70, num_chiplets=1)
Lowering rejected config as not applicable
Command line = -operation gemm -t bf16 -out_datatype bf16 --arch gfx1100 --num_cu 70 --num_chiplets 1 -g 2 -m 85 -k 234 -n 398 -transA=True -transB=True --perf_config=gemm:v1:32,16,32,2,1,2,16,3,1,2,1 -pv -RMS_threshold 1e-2
Errors = loc("<stdin>":18:10): error: Fusion with SplitK perfConfig is not legal
Lowering not applicable.

----------------------------------------------------------------------------------------------------
NOT_APPLICABLE: GemmConfiguration(datatype='bf16', out_dtype='bf16', g=2, m=85, k=234, n=398, trans_a=True, trans_b=True, perfconfig='gemm:v1:32,16,32,2,1,2,16,3,1,2,1', scaled_gemm=False, scale_a_dtype=None, scale_b_dtype=None, trans_scale_a=False, trans_scale_b=False, arch='gfx1100', chip='gfx1100', num_cu=70, num_chiplets=1)
Lowering rejected config as not applicable
Command line = -operation gemm -t i8 -out_datatype i32 --arch gfx1100 --num_cu 70 --num_chiplets 1 -g 1 -m 313 -k 87 -n 207 -transA=False -transB=True --perf_config=gemm:v1:256,128,32,2,1,16,32,2,3,0,4 -pv
Errors = loc("<stdin>":17:10): error: Fusion with SplitK perfConfig is not legal
Lowering not applicable.

----------------------------------------------------------------------------------------------------
NOT_APPLICABLE: GemmConfiguration(datatype='i8', out_dtype='i32', g=1, m=313, k=87, n=207, trans_a=False, trans_b=True, perfconfig='gemm:v1:256,128,32,2,1,16,32,2,3,0,4', scaled_gemm=False, scale_a_dtype=None, scale_b_dtype=None, trans_scale_a=False, trans_scale_b=False, arch='gfx1100', chip='gfx1100', num_cu=70, num_chiplets=1)
----------------------------------------------------------------------------------------------------
PASS: GemmConfiguration(datatype='bf16', out_dtype='bf16', g=1, m=302, k=381, n=77, trans_a=True, trans_b=False, perfconfig='gemm:v1:256,128,64,1,1,16,16,1,1,4,4', scaled_gemm=False, scale_a_dtype=None, scale_b_dtype=None, trans_scale_a=False, trans_scale_b=False, arch='gfx1100', chip='gfx1100', num_cu=70, num_chiplets=1)
----------------------------------------------------------------------------------------------------
PASS: GemmConfiguration(datatype='i8', out_dtype='i32', g=1, m=419, k=158, n=121, trans_a=False, trans_b=True, perfconfig='gemm:v1:128,256,32,2,1,4,32,1,1,8,4', scaled_gemm=False, scale_a_dtype=None, scale_b_dtype=None, trans_scale_a=False, trans_scale_b=False, arch='gfx1100', chip='gfx1100', num_cu=70, num_chiplets=1)
----------------------------------------------------------------------------------------------------
PASS: GemmConfiguration(datatype='i8', out_dtype='i32', g=1, m=17, k=191, n=374, trans_a=False, trans_b=True, perfconfig='gemm:v1:32,128,64,2,1,1,0,1,1,1,4', scaled_gemm=False, scale_a_dtype=None, scale_b_dtype=None, trans_scale_a=False, trans_scale_b=False, arch='gfx1100', chip='gfx1100', num_cu=70, num_chiplets=1)
----------------------------------------------------------------------------------------------------
PASS: GemmConfiguration(datatype='fp8', out_dtype='f32', g=1, m=16, k=289, n=12, trans_a=True, trans_b=False, perfconfig='gemm:v1:32,128,32,2,1,4,0,2,2,2,8', scaled_gemm=False, scale_a_dtype=None, scale_b_dtype=None, trans_scale_a=False, trans_scale_b=False, arch='gfx1100', chip='gfx1100', num_cu=70, num_chiplets=1)
----------------------------------------------------------------------------------------------------
PASS: GemmConfiguration(datatype='fp8', out_dtype='f32', g=1, m=220, k=247, n=49, trans_a=False, trans_b=False, perfconfig='gemm:v1:256,64,32,1,1,2,16,4,2,8,0', scaled_gemm=False, scale_a_dtype=None, scale_b_dtype=None, trans_scale_a=False, trans_scale_b=False, arch='gfx1100', chip='gfx1100', num_cu=70, num_chiplets=1)
Lowering rejected config as not applicable
Command line = -operation gemm -t i8 -out_datatype i32 --arch gfx1100 --num_cu 70 --num_chiplets 1 -g 1 -m 270 -k 133 -n 239 -transA=False -transB=False --perf_config=gemm:v1:16,256,16,1,1,8,0,4,3,1,1 -pv
Errors = loc("<stdin>":18:10): error: Fusion with SplitK perfConfig is not legal
Lowering not applicable.

----------------------------------------------------------------------------------------------------
NOT_APPLICABLE: GemmConfiguration(datatype='i8', out_dtype='i32', g=1, m=270, k=133, n=239, trans_a=False, trans_b=False, perfconfig='gemm:v1:16,256,16,1,1,8,0,4,3,1,1', scaled_gemm=False, scale_a_dtype=None, scale_b_dtype=None, trans_scale_a=False, trans_scale_b=False, arch='gfx1100', chip='gfx1100', num_cu=70, num_chiplets=1)
Lowering rejected config as not applicable
Command line = -operation gemm -t bf16 -out_datatype bf16 --arch gfx1100 --num_cu 70 --num_chiplets 1 -g 2 -m 417 -k 119 -n 329 -transA=False -transB=False --perf_config=gemm:v1:128,128,64,2,1,2,0,4,3,2,1 -pv -RMS_threshold 1e-2
Errors = loc("<stdin>":18:10): error: Fusion with SplitK perfConfig is not legal
Lowering not applicable.

----------------------------------------------------------------------------------------------------
NOT_APPLICABLE: GemmConfiguration(datatype='bf16', out_dtype='bf16', g=2, m=417, k=119, n=329, trans_a=False, trans_b=False, perfconfig='gemm:v1:128,128,64,2,1,2,0,4,3,2,1', scaled_gemm=False, scale_a_dtype=None, scale_b_dtype=None, trans_scale_a=False, trans_scale_b=False, arch='gfx1100', chip='gfx1100', num_cu=70, num_chiplets=1)
Lowering rejected config as not applicable
Command line = -operation gemm -t f16 -out_datatype f16 --arch gfx1100 --num_cu 70 --num_chiplets 1 -g 1 -m 337 -k 462 -n 133 -transA=False -transB=False --perf_config=gemm:v1:32,64,16,2,1,1,32,3,1,2,8 -pv
Errors = loc("<stdin>":18:10): error: Fusion with SplitK perfConfig is not legal
Lowering not applicable.

----------------------------------------------------------------------------------------------------
NOT_APPLICABLE: GemmConfiguration(datatype='f16', out_dtype='f16', g=1, m=337, k=462, n=133, trans_a=False, trans_b=False, perfconfig='gemm:v1:32,64,16,2,1,1,32,3,1,2,8', scaled_gemm=False, scale_a_dtype=None, scale_b_dtype=None, trans_scale_a=False, trans_scale_b=False, arch='gfx1100', chip='gfx1100', num_cu=70, num_chiplets=1)
Lowering rejected config as not applicable
Command line = -operation gemm -t f16 -out_datatype f16 --arch gfx1100 --num_cu 70 --num_chiplets 1 -g 2 -m 295 -k 471 -n 303 -transA=True -transB=True --perf_config=gemm:v1:256,256,64,2,1,4,0,2,2,8,4 -pv
Errors = loc("<stdin>":18:10): error: Fusion with SplitK perfConfig is not legal
Lowering not applicable.

----------------------------------------------------------------------------------------------------
NOT_APPLICABLE: GemmConfiguration(datatype='f16', out_dtype='f16', g=2, m=295, k=471, n=303, trans_a=True, trans_b=True, perfconfig='gemm:v1:256,256,64,2,1,4,0,2,2,8,4', scaled_gemm=False, scale_a_dtype=None, scale_b_dtype=None, trans_scale_a=False, trans_scale_b=False, arch='gfx1100', chip='gfx1100', num_cu=70, num_chiplets=1)
Lowering rejected config as not applicable
Command line = -operation gemm -t i8 -out_datatype i32 --arch gfx1100 --num_cu 70 --num_chiplets 1 -g 2 -m 434 -k 258 -n 5 -transA=True -transB=True --perf_config=gemm:v1:64,64,32,2,1,16,32,2,3,4,0 -pv
Errors = loc("<stdin>":18:10): error: Fusion with SplitK perfConfig is not legal
Lowering not applicable.

----------------------------------------------------------------------------------------------------
NOT_APPLICABLE: GemmConfiguration(datatype='i8', out_dtype='i32', g=2, m=434, k=258, n=5, trans_a=True, trans_b=True, perfconfig='gemm:v1:64,64,32,2,1,16,32,2,3,4,0', scaled_gemm=False, scale_a_dtype=None, scale_b_dtype=None, trans_scale_a=False, trans_scale_b=False, arch='gfx1100', chip='gfx1100', num_cu=70, num_chiplets=1)
----------------------------------------------------------------------------------------------------
PASS: GemmConfiguration(datatype='f16', out_dtype='f16', g=1, m=421, k=473, n=125, trans_a=True, trans_b=False, perfconfig='gemm:v1:64,32,16,2,1,1,32,1,3,8,0', scaled_gemm=False, scale_a_dtype=None, scale_b_dtype=None, trans_scale_a=False, trans_scale_b=False, arch='gfx1100', chip='gfx1100', num_cu=70, num_chiplets=1)
----------------------------------------------------------------------------------------------------
PASS: GemmConfiguration(datatype='fp8', out_dtype='f32', g=2, m=322, k=223, n=245, trans_a=False, trans_b=False, perfconfig='gemm:v1:32,32,128,1,1,4,0,4,3,0,2', scaled_gemm=False, scale_a_dtype=None, scale_b_dtype=None, trans_scale_a=False, trans_scale_b=False, arch='gfx1100', chip='gfx1100', num_cu=70, num_chiplets=1)
----------------------------------------------------------------------------------------------------
PASS: GemmConfiguration(datatype='fp8', out_dtype='f32', g=1, m=340, k=421, n=268, trans_a=True, trans_b=True, perfconfig='gemm:v1:128,128,128,1,1,8,16,1,2,0,8', scaled_gemm=False, scale_a_dtype=None, scale_b_dtype=None, trans_scale_a=False, trans_scale_b=False, arch='gfx1100', chip='gfx1100', num_cu=70, num_chiplets=1)
Lowering rejected config as not applicable
Command line = -operation gemm -t bf16 -out_datatype bf16 --arch gfx1100 --num_cu 70 --num_chiplets 1 -g 2 -m 502 -k 214 -n 9 -transA=True -transB=True --perf_config=gemm:v1:128,32,32,2,1,2,0,4,1,2,8 -pv -RMS_threshold 1e-2
Errors = loc("<stdin>":18:10): error: Fusion with SplitK perfConfig is not legal
Lowering not applicable.

----------------------------------------------------------------------------------------------------
NOT_APPLICABLE: GemmConfiguration(datatype='bf16', out_dtype='bf16', g=2, m=502, k=214, n=9, trans_a=True, trans_b=True, perfconfig='gemm:v1:128,32,32,2,1,2,0,4,1,2,8', scaled_gemm=False, scale_a_dtype=None, scale_b_dtype=None, trans_scale_a=False, trans_scale_b=False, arch='gfx1100', chip='gfx1100', num_cu=70, num_chiplets=1)
Lowering rejected config as not applicable
Command line = -operation gemm -t i8 -out_datatype i32 --arch gfx1100 --num_cu 70 --num_chiplets 1 -g 1 -m 465 -k 370 -n 461 -transA=False -transB=False --perf_config=gemm:v1:256,64,128,2,1,1,32,2,1,4,1 -pv
Errors = loc("<stdin>":18:10): error: Fusion with SplitK perfConfig is not legal
Lowering not applicable.

----------------------------------------------------------------------------------------------------
NOT_APPLICABLE: GemmConfiguration(datatype='i8', out_dtype='i32', g=1, m=465, k=370, n=461, trans_a=False, trans_b=False, perfconfig='gemm:v1:256,64,128,2,1,1,32,2,1,4,1', scaled_gemm=False, scale_a_dtype=None, scale_b_dtype=None, trans_scale_a=False, trans_scale_b=False, arch='gfx1100', chip='gfx1100', num_cu=70, num_chiplets=1)
Lowering rejected config as not applicable
Command line = -operation gemm -t f16 -out_datatype f16 --arch gfx1100 --num_cu 70 --num_chiplets 1 -g 1 -m 350 -k 260 -n 454 -transA=True -transB=True --perf_config=gemm:v1:128,64,64,1,1,1,32,3,1,1,1 -pv
Errors = loc("<stdin>":18:10): error: Fusion with SplitK perfConfig is not legal
Lowering not applicable.

----------------------------------------------------------------------------------------------------
NOT_APPLICABLE: GemmConfiguration(datatype='f16', out_dtype='f16', g=1, m=350, k=260, n=454, trans_a=True, trans_b=True, perfconfig='gemm:v1:128,64,64,1,1,1,32,3,1,1,1', scaled_gemm=False, scale_a_dtype=None, scale_b_dtype=None, trans_scale_a=False, trans_scale_b=False, arch='gfx1100', chip='gfx1100', num_cu=70, num_chiplets=1)
----------------------------------------------------------------------------------------------------
PASS: GemmConfiguration(datatype='bf16', out_dtype='bf16', g=1, m=260, k=44, n=353, trans_a=False, trans_b=True, perfconfig='gemm:v1:16,32,64,2,1,2,32,1,2,4,2', scaled_gemm=False, scale_a_dtype=None, scale_b_dtype=None, trans_scale_a=False, trans_scale_b=False, arch='gfx1100', chip='gfx1100', num_cu=70, num_chiplets=1)
----------------------------------------------------------------------------------------------------
PASS: GemmConfiguration(datatype='f32', out_dtype='f32', g=2, m=100, k=111, n=5, trans_a=True, trans_b=True, perfconfig='gemm:v1:64,64,16,1,1,8,32,3,3,2,0', scaled_gemm=False, scale_a_dtype=None, scale_b_dtype=None, trans_scale_a=False, trans_scale_b=False, arch='gfx1100', chip='gfx1100', num_cu=70, num_chiplets=1)
----------------------------------------------------------------------------------------------------
PASS: GemmConfiguration(datatype='f32', out_dtype='f32', g=1, m=465, k=132, n=305, trans_a=True, trans_b=True, perfconfig='gemm:v1:256,16,16,2,1,2,16,2,3,8,1', scaled_gemm=False, scale_a_dtype=None, scale_b_dtype=None, trans_scale_a=False, trans_scale_b=False, arch='gfx1100', chip='gfx1100', num_cu=70, num_chiplets=1)
----------------------------------------------------------------------------------------------------
PASS: GemmConfiguration(datatype='i8', out_dtype='i32', g=1, m=208, k=171, n=192, trans_a=False, trans_b=False, perfconfig='gemm:v1:128,32,16,1,1,4,16,1,2,8,2', scaled_gemm=False, scale_a_dtype=None, scale_b_dtype=None, trans_scale_a=False, trans_scale_b=False, arch='gfx1100', chip='gfx1100', num_cu=70, num_chiplets=1)
----------------------------------------------------------------------------------------------------
PASS: GemmConfiguration(datatype='fp8', out_dtype='f32', g=2, m=366, k=403, n=166, trans_a=True, trans_b=False, perfconfig='gemm:v1:16,128,128,1,1,16,16,1,3,0,1', scaled_gemm=False, scale_a_dtype=None, scale_b_dtype=None, trans_scale_a=False, trans_scale_b=False, arch='gfx1100', chip='gfx1100', num_cu=70, num_chiplets=1)
Lowering rejected config as not applicable
Command line = -operation gemm -t i8 -out_datatype i32 --arch gfx1100 --num_cu 70 --num_chiplets 1 -g 1 -m 407 -k 213 -n 86 -transA=False -transB=True --perf_config=gemm:v1:16,128,16,2,1,2,32,4,2,2,1 -pv
Errors = loc("<stdin>":17:10): error: Fusion with SplitK perfConfig is not legal
Lowering not applicable.

----------------------------------------------------------------------------------------------------
NOT_APPLICABLE: GemmConfiguration(datatype='i8', out_dtype='i32', g=1, m=407, k=213, n=86, trans_a=False, trans_b=True, perfconfig='gemm:v1:16,128,16,2,1,2,32,4,2,2,1', scaled_gemm=False, scale_a_dtype=None, scale_b_dtype=None, trans_scale_a=False, trans_scale_b=False, arch='gfx1100', chip='gfx1100', num_cu=70, num_chiplets=1)
Lowering rejected config as not applicable
Command line = -operation gemm -t f16 -out_datatype f16 --arch gfx1100 --num_cu 70 --num_chiplets 1 -g 2 -m 115 -k 264 -n 136 -transA=False -transB=False --perf_config=gemm:v1:256,64,16,1,1,16,32,3,1,2,8 -pv
Errors = loc("<stdin>":18:10): error: Fusion with SplitK perfConfig is not legal
Lowering not applicable.

----------------------------------------------------------------------------------------------------
NOT_APPLICABLE: GemmConfiguration(datatype='f16', out_dtype='f16', g=2, m=115, k=264, n=136, trans_a=False, trans_b=False, perfconfig='gemm:v1:256,64,16,1,1,16,32,3,1,2,8', scaled_gemm=False, scale_a_dtype=None, scale_b_dtype=None, trans_scale_a=False, trans_scale_b=False, arch='gfx1100', chip='gfx1100', num_cu=70, num_chiplets=1)
Lowering rejected config as not applicable
Command line = -operation gemm -t f16 -out_datatype f16 --arch gfx1100 --num_cu 70 --num_chiplets 1 -g 2 -m 512 -k 284 -n 382 -transA=False -transB=True --perf_config=gemm:v1:32,128,32,1,1,8,16,4,1,4,8 -pv
Errors = loc("<stdin>":18:10): error: Fusion with SplitK perfConfig is not legal
Lowering not applicable.

----------------------------------------------------------------------------------------------------
NOT_APPLICABLE: GemmConfiguration(datatype='f16', out_dtype='f16', g=2, m=512, k=284, n=382, trans_a=False, trans_b=True, perfconfig='gemm:v1:32,128,32,1,1,8,16,4,1,4,8', scaled_gemm=False, scale_a_dtype=None, scale_b_dtype=None, trans_scale_a=False, trans_scale_b=False, arch='gfx1100', chip='gfx1100', num_cu=70, num_chiplets=1)
Lowering rejected config as not applicable
Command line = -operation gemm -t bf16 -out_datatype bf16 --arch gfx1100 --num_cu 70 --num_chiplets 1 -g 1 -m 132 -k 301 -n 180 -transA=False -transB=False --perf_config=gemm:v1:128,16,64,1,1,2,16,2,2,4,4 -pv -RMS_threshold 1e-2
Errors = loc("<stdin>":18:10): error: Fusion with SplitK perfConfig is not legal
Lowering not applicable.

----------------------------------------------------------------------------------------------------
NOT_APPLICABLE: GemmConfiguration(datatype='bf16', out_dtype='bf16', g=1, m=132, k=301, n=180, trans_a=False, trans_b=False, perfconfig='gemm:v1:128,16,64,1,1,2,16,2,2,4,4', scaled_gemm=False, scale_a_dtype=None, scale_b_dtype=None, trans_scale_a=False, trans_scale_b=False, arch='gfx1100', chip='gfx1100', num_cu=70, num_chiplets=1)
Lowering rejected config as not applicable
Command line = -operation gemm -t f32 -out_datatype f32 --arch gfx1100 --num_cu 70 --num_chiplets 1 -g 2 -m 102 -k 157 -n 158 -transA=False -transB=True --perf_config=gemm:v1:256,32,64,2,1,8,16,1,3,1,8 -pv
Errors = loc("<stdin>":11:1): error: ttg.shared (147456) exceeds LDS limit (65536) for amdgcn-amd-amdhsa:gfx1100
Lowering not applicable.

----------------------------------------------------------------------------------------------------
NOT_APPLICABLE: GemmConfiguration(datatype='f32', out_dtype='f32', g=2, m=102, k=157, n=158, trans_a=False, trans_b=True, perfconfig='gemm:v1:256,32,64,2,1,8,16,1,3,1,8', scaled_gemm=False, scale_a_dtype=None, scale_b_dtype=None, trans_scale_a=False, trans_scale_b=False, arch='gfx1100', chip='gfx1100', num_cu=70, num_chiplets=1)
----------------------------------------------------------------------------------------------------
PASS: GemmConfiguration(datatype='f16', out_dtype='f16', g=2, m=407, k=106, n=512, trans_a=True, trans_b=True, perfconfig='gemm:v1:64,32,128,2,1,16,0,1,2,2,2', scaled_gemm=False, scale_a_dtype=None, scale_b_dtype=None, trans_scale_a=False, trans_scale_b=False, arch='gfx1100', chip='gfx1100', num_cu=70, num_chiplets=1)
----------------------------------------------------------------------------------------------------
PASS: GemmConfiguration(datatype='fp8', out_dtype='f32', g=2, m=304, k=343, n=316, trans_a=False, trans_b=True, perfconfig='gemm:v1:64,64,64,1,1,4,32,1,3,8,0', scaled_gemm=False, scale_a_dtype=None, scale_b_dtype=None, trans_scale_a=False, trans_scale_b=False, arch='gfx1100', chip='gfx1100', num_cu=70, num_chiplets=1)
----------------------------------------------------------------------------------------------------
PASS: GemmConfiguration(datatype='f32', out_dtype='f32', g=1, m=218, k=206, n=57, trans_a=True, trans_b=False, perfconfig='gemm:v1:64,256,64,2,1,4,16,4,3,4,2', scaled_gemm=False, scale_a_dtype=None, scale_b_dtype=None, trans_scale_a=False, trans_scale_b=False, arch='gfx1100', chip='gfx1100', num_cu=70, num_chiplets=1)
Lowering rejected config as not applicable
Command line = -operation gemm -t i8 -out_datatype i32 --arch gfx1100 --num_cu 70 --num_chiplets 1 -g 2 -m 28 -k 128 -n 464 -transA=True -transB=True --perf_config=gemm:v1:32,256,64,1,1,16,16,3,2,2,8 -pv
Errors = loc("<stdin>":18:10): error: Fusion with SplitK perfConfig is not legal
Lowering not applicable.

----------------------------------------------------------------------------------------------------
NOT_APPLICABLE: GemmConfiguration(datatype='i8', out_dtype='i32', g=2, m=28, k=128, n=464, trans_a=True, trans_b=True, perfconfig='gemm:v1:32,256,64,1,1,16,16,3,2,2,8', scaled_gemm=False, scale_a_dtype=None, scale_b_dtype=None, trans_scale_a=False, trans_scale_b=False, arch='gfx1100', chip='gfx1100', num_cu=70, num_chiplets=1)
Lowering rejected config as not applicable
Command line = -operation gemm -t f16 -out_datatype f16 --arch gfx1100 --num_cu 70 --num_chiplets 1 -g 1 -m 316 -k 52 -n 53 -transA=False -transB=True --perf_config=gemm:v1:64,128,16,1,1,16,16,3,2,4,1 -pv
Errors = loc("<stdin>":17:10): error: Fusion with SplitK perfConfig is not legal
Lowering not applicable.

----------------------------------------------------------------------------------------------------
NOT_APPLICABLE: GemmConfiguration(datatype='f16', out_dtype='f16', g=1, m=316, k=52, n=53, trans_a=False, trans_b=True, perfconfig='gemm:v1:64,128,16,1,1,16,16,3,2,4,1', scaled_gemm=False, scale_a_dtype=None, scale_b_dtype=None, trans_scale_a=False, trans_scale_b=False, arch='gfx1100', chip='gfx1100', num_cu=70, num_chiplets=1)
Lowering rejected config as not applicable
Command line = -operation gemm -t f16 -out_datatype f16 --arch gfx1100 --num_cu 70 --num_chiplets 1 -g 2 -m 338 -k 487 -n 170 -transA=False -transB=False --perf_config=gemm:v1:128,128,16,1,1,16,16,2,1,2,2 -pv
Errors = loc("<stdin>":18:10): error: Fusion with SplitK perfConfig is not legal
Lowering not applicable.

----------------------------------------------------------------------------------------------------
NOT_APPLICABLE: GemmConfiguration(datatype='f16', out_dtype='f16', g=2, m=338, k=487, n=170, trans_a=False, trans_b=False, perfconfig='gemm:v1:128,128,16,1,1,16,16,2,1,2,2', scaled_gemm=False, scale_a_dtype=None, scale_b_dtype=None, trans_scale_a=False, trans_scale_b=False, arch='gfx1100', chip='gfx1100', num_cu=70, num_chiplets=1)
----------------------------------------------------------------------------------------------------
PASS: GemmConfiguration(datatype='f16', out_dtype='f16', g=1, m=352, k=51, n=81, trans_a=True, trans_b=True, perfconfig='gemm:v1:16,128,32,2,1,16,16,1,1,0,1', scaled_gemm=False, scale_a_dtype=None, scale_b_dtype=None, trans_scale_a=False, trans_scale_b=False, arch='gfx1100', chip='gfx1100', num_cu=70, num_chiplets=1)
----------------------------------------------------------------------------------------------------
PASS: GemmConfiguration(datatype='fp8', out_dtype='f32', g=2, m=173, k=381, n=183, trans_a=True, trans_b=False, perfconfig='gemm:v1:128,64,16,2,1,16,32,2,1,2,0', scaled_gemm=False, scale_a_dtype=None, scale_b_dtype=None, trans_scale_a=False, trans_scale_b=False, arch='gfx1100', chip='gfx1100', num_cu=70, num_chiplets=1)
----------------------------------------------------------------------------------------------------
PASS: GemmConfiguration(datatype='bf16', out_dtype='bf16', g=2, m=495, k=87, n=123, trans_a=False, trans_b=False, perfconfig='gemm:v1:64,32,64,2,1,1,32,1,3,4,2', scaled_gemm=False, scale_a_dtype=None, scale_b_dtype=None, trans_scale_a=False, trans_scale_b=False, arch='gfx1100', chip='gfx1100', num_cu=70, num_chiplets=1)
----------------------------------------------------------------------------------------------------
PASS: GemmConfiguration(datatype='f32', out_dtype='f32', g=1, m=186, k=33, n=396, trans_a=False, trans_b=False, perfconfig='gemm:v1:16,32,128,1,1,1,0,2,2,8,8', scaled_gemm=False, scale_a_dtype=None, scale_b_dtype=None, trans_scale_a=False, trans_scale_b=False, arch='gfx1100', chip='gfx1100', num_cu=70, num_chiplets=1)
----------------------------------------------------------------------------------------------------
PASS: GemmConfiguration(datatype='f32', out_dtype='f32', g=1, m=396, k=59, n=256, trans_a=False, trans_b=False, perfconfig='gemm:v1:128,16,128,2,1,1,0,1,1,8,0', scaled_gemm=False, scale_a_dtype=None, scale_b_dtype=None, trans_scale_a=False, trans_scale_b=False, arch='gfx1100', chip='gfx1100', num_cu=70, num_chiplets=1)
Lowering rejected config as not applicable
Command line = -operation gemm -t f16 -out_datatype f16 --arch gfx1100 --num_cu 70 --num_chiplets 1 -g 2 -m 214 -k 501 -n 508 -transA=False -transB=True --perf_config=gemm:v1:256,128,32,1,1,1,32,2,1,0,2 -pv
Errors = loc("<stdin>":18:10): error: Fusion with SplitK perfConfig is not legal
Lowering not applicable.

----------------------------------------------------------------------------------------------------
NOT_APPLICABLE: GemmConfiguration(datatype='f16', out_dtype='f16', g=2, m=214, k=501, n=508, trans_a=False, trans_b=True, perfconfig='gemm:v1:256,128,32,1,1,1,32,2,1,0,2', scaled_gemm=False, scale_a_dtype=None, scale_b_dtype=None, trans_scale_a=False, trans_scale_b=False, arch='gfx1100', chip='gfx1100', num_cu=70, num_chiplets=1)
Lowering rejected config as not applicable
Command line = -operation gemm -t bf16 -out_datatype bf16 --arch gfx1100 --num_cu 70 --num_chiplets 1 -g 1 -m 27 -k 88 -n 132 -transA=False -transB=False --perf_config=gemm:v1:128,16,16,2,1,4,0,2,2,0,0 -pv -RMS_threshold 1e-2
Errors = loc("<stdin>":18:10): error: Fusion with SplitK perfConfig is not legal
Lowering not applicable.

----------------------------------------------------------------------------------------------------
NOT_APPLICABLE: GemmConfiguration(datatype='bf16', out_dtype='bf16', g=1, m=27, k=88, n=132, trans_a=False, trans_b=False, perfconfig='gemm:v1:128,16,16,2,1,4,0,2,2,0,0', scaled_gemm=False, scale_a_dtype=None, scale_b_dtype=None, trans_scale_a=False, trans_scale_b=False, arch='gfx1100', chip='gfx1100', num_cu=70, num_chiplets=1)
Lowering rejected config as not applicable
Command line = -operation gemm -t bf16 -out_datatype bf16 --arch gfx1100 --num_cu 70 --num_chiplets 1 -g 2 -m 499 -k 418 -n 243 -transA=True -transB=False --perf_config=gemm:v1:128,256,64,1,1,8,32,2,1,0,0 -pv -RMS_threshold 1e-2
Errors = loc("<stdin>":18:10): error: Fusion with SplitK perfConfig is not legal
Lowering not applicable.

----------------------------------------------------------------------------------------------------
NOT_APPLICABLE: GemmConfiguration(datatype='bf16', out_dtype='bf16', g=2, m=499, k=418, n=243, trans_a=True, trans_b=False, perfconfig='gemm:v1:128,256,64,1,1,8,32,2,1,0,0', scaled_gemm=False, scale_a_dtype=None, scale_b_dtype=None, trans_scale_a=False, trans_scale_b=False, arch='gfx1100', chip='gfx1100', num_cu=70, num_chiplets=1)
Lowering rejected config as not applicable
Command line = -operation gemm -t bf16 -out_datatype bf16 --arch gfx1100 --num_cu 70 --num_chiplets 1 -g 1 -m 417 -k 66 -n 71 -transA=False -transB=True --perf_config=gemm:v1:256,32,32,1,1,2,16,4,2,0,2 -pv -RMS_threshold 1e-2
Errors = loc("<stdin>":17:10): error: Fusion with SplitK perfConfig is not legal
Lowering not applicable.

----------------------------------------------------------------------------------------------------
NOT_APPLICABLE: GemmConfiguration(datatype='bf16', out_dtype='bf16', g=1, m=417, k=66, n=71, trans_a=False, trans_b=True, perfconfig='gemm:v1:256,32,32,1,1,2,16,4,2,0,2', scaled_gemm=False, scale_a_dtype=None, scale_b_dtype=None, trans_scale_a=False, trans_scale_b=False, arch='gfx1100', chip='gfx1100', num_cu=70, num_chiplets=1)
Lowering rejected config as not applicable
Command line = -operation gemm -t bf16 -out_datatype bf16 --arch gfx1100 --num_cu 70 --num_chiplets 1 -g 2 -m 494 -k 369 -n 349 -transA=True -transB=False --perf_config=gemm:v1:256,32,64,2,1,16,16,4,3,0,1 -pv -RMS_threshold 1e-2
Errors = loc("<stdin>":18:10): error: Fusion with SplitK perfConfig is not legal
Lowering not applicable.

----------------------------------------------------------------------------------------------------
NOT_APPLICABLE: GemmConfiguration(datatype='bf16', out_dtype='bf16', g=2, m=494, k=369, n=349, trans_a=True, trans_b=False, perfconfig='gemm:v1:256,32,64,2,1,16,16,4,3,0,1', scaled_gemm=False, scale_a_dtype=None, scale_b_dtype=None, trans_scale_a=False, trans_scale_b=False, arch='gfx1100', chip='gfx1100', num_cu=70, num_chiplets=1)
----------------------------------------------------------------------------------------------------
PASS: GemmConfiguration(datatype='fp8', out_dtype='f32', g=1, m=303, k=255, n=253, trans_a=True, trans_b=False, perfconfig='gemm:v1:32,128,64,2,1,16,32,4,1,4,2', scaled_gemm=False, scale_a_dtype=None, scale_b_dtype=None, trans_scale_a=False, trans_scale_b=False, arch='gfx1100', chip='gfx1100', num_cu=70, num_chiplets=1)
----------------------------------------------------------------------------------------------------
PASS: GemmConfiguration(datatype='fp8', out_dtype='f32', g=1, m=250, k=139, n=208, trans_a=False, trans_b=True, perfconfig='gemm:v1:32,64,32,2,1,2,32,1,1,2,8', scaled_gemm=False, scale_a_dtype=None, scale_b_dtype=None, trans_scale_a=False, trans_scale_b=False, arch='gfx1100', chip='gfx1100', num_cu=70, num_chiplets=1)
----------------------------------------------------------------------------------------------------
PASS: GemmConfiguration(datatype='fp8', out_dtype='f32', g=2, m=489, k=227, n=308, trans_a=True, trans_b=False, perfconfig='gemm:v1:128,32,128,1,1,2,0,2,1,0,1', scaled_gemm=False, scale_a_dtype=None, scale_b_dtype=None, trans_scale_a=False, trans_scale_b=False, arch='gfx1100', chip='gfx1100', num_cu=70, num_chiplets=1)
Lowering rejected config as not applicable
Command line = -operation gemm -t f16 -out_datatype f16 --arch gfx1100 --num_cu 70 --num_chiplets 1 -g 1 -m 98 -k 215 -n 436 -transA=False -transB=False --perf_config=gemm:v1:64,128,32,1,1,1,0,3,2,2,4 -pv
Errors = loc("<stdin>":18:10): error: Fusion with SplitK perfConfig is not legal
Lowering not applicable.

----------------------------------------------------------------------------------------------------
NOT_APPLICABLE: GemmConfiguration(datatype='f16', out_dtype='f16', g=1, m=98, k=215, n=436, trans_a=False, trans_b=False, perfconfig='gemm:v1:64,128,32,1,1,1,0,3,2,2,4', scaled_gemm=False, scale_a_dtype=None, scale_b_dtype=None, trans_scale_a=False, trans_scale_b=False, arch='gfx1100', chip='gfx1100', num_cu=70, num_chiplets=1)
Lowering rejected config as not applicable
Command line = -operation gemm -t bf16 -out_datatype bf16 --arch gfx1100 --num_cu 70 --num_chiplets 1 -g 1 -m 319 -k 508 -n 180 -transA=True -transB=False --perf_config=gemm:v1:64,128,16,2,1,1,32,3,3,4,2 -pv -RMS_threshold 1e-2
Errors = loc("<stdin>":18:10): error: Fusion with SplitK perfConfig is not legal
Lowering not applicable.

----------------------------------------------------------------------------------------------------
NOT_APPLICABLE: GemmConfiguration(datatype='bf16', out_dtype='bf16', g=1, m=319, k=508, n=180, trans_a=True, trans_b=False, perfconfig='gemm:v1:64,128,16,2,1,1,32,3,3,4,2', scaled_gemm=False, scale_a_dtype=None, scale_b_dtype=None, trans_scale_a=False, trans_scale_b=False, arch='gfx1100', chip='gfx1100', num_cu=70, num_chiplets=1)
Lowering rejected config as not applicable
Command line = -operation gemm -t bf16 -out_datatype bf16 --arch gfx1100 --num_cu 70 --num_chiplets 1 -g 1 -m 335 -k 27 -n 198 -transA=True -transB=True --perf_config=gemm:v1:256,256,128,2,1,16,0,3,2,2,0 -pv -RMS_threshold 1e-2
Errors = loc("<stdin>":18:10): error: Fusion with SplitK perfConfig is not legal
Lowering not applicable.

----------------------------------------------------------------------------------------------------
NOT_APPLICABLE: GemmConfiguration(datatype='bf16', out_dtype='bf16', g=1, m=335, k=27, n=198, trans_a=True, trans_b=True, perfconfig='gemm:v1:256,256,128,2,1,16,0,3,2,2,0', scaled_gemm=False, scale_a_dtype=None, scale_b_dtype=None, trans_scale_a=False, trans_scale_b=False, arch='gfx1100', chip='gfx1100', num_cu=70, num_chiplets=1)
Lowering rejected config as not applicable
Command line = -operation gemm -t i8 -out_datatype i32 --arch gfx1100 --num_cu 70 --num_chiplets 1 -g 2 -m 133 -k 38 -n 92 -transA=False -transB=False --perf_config=gemm:v1:16,32,64,2,1,2,16,4,1,0,8 -pv
Errors = loc("<stdin>":18:10): error: Fusion with SplitK perfConfig is not legal
Lowering not applicable.

----------------------------------------------------------------------------------------------------
NOT_APPLICABLE: GemmConfiguration(datatype='i8', out_dtype='i32', g=2, m=133, k=38, n=92, trans_a=False, trans_b=False, perfconfig='gemm:v1:16,32,64,2,1,2,16,4,1,0,8', scaled_gemm=False, scale_a_dtype=None, scale_b_dtype=None, trans_scale_a=False, trans_scale_b=False, arch='gfx1100', chip='gfx1100', num_cu=70, num_chiplets=1)
----------------------------------------------------------------------------------------------------
PASS: GemmConfiguration(datatype='f32', out_dtype='f32', g=1, m=164, k=122, n=123, trans_a=False, trans_b=True, perfconfig='gemm:v1:64,64,32,1,1,16,16,2,1,4,0', scaled_gemm=False, scale_a_dtype=None, scale_b_dtype=None, trans_scale_a=False, trans_scale_b=False, arch='gfx1100', chip='gfx1100', num_cu=70, num_chiplets=1)
----------------------------------------------------------------------------------------------------
PASS: GemmConfiguration(datatype='f32', out_dtype='f32', g=1, m=99, k=197, n=487, trans_a=True, trans_b=True, perfconfig='gemm:v1:32,64,32,2,1,8,32,4,3,2,1', scaled_gemm=False, scale_a_dtype=None, scale_b_dtype=None, trans_scale_a=False, trans_scale_b=False, arch='gfx1100', chip='gfx1100', num_cu=70, num_chiplets=1)
----------------------------------------------------------------------------------------------------
PASS: GemmConfiguration(datatype='f16', out_dtype='f16', g=2, m=249, k=322, n=494, trans_a=True, trans_b=False, perfconfig='gemm:v1:64,32,16,2,1,4,0,1,2,1,2', scaled_gemm=False, scale_a_dtype=None, scale_b_dtype=None, trans_scale_a=False, trans_scale_b=False, arch='gfx1100', chip='gfx1100', num_cu=70, num_chiplets=1)
----------------------------------------------------------------------------------------------------
PASS: GemmConfiguration(datatype='f16', out_dtype='f16', g=2, m=93, k=9, n=489, trans_a=False, trans_b=False, perfconfig='gemm:v1:64,32,128,2,1,4,32,1,1,0,1', scaled_gemm=False, scale_a_dtype=None, scale_b_dtype=None, trans_scale_a=False, trans_scale_b=False, arch='gfx1100', chip='gfx1100', num_cu=70, num_chiplets=1)
Lowering rejected config as not applicable
Command line = -operation gemm -t i8 -out_datatype i32 --arch gfx1100 --num_cu 70 --num_chiplets 1 -g 2 -m 458 -k 290 -n 97 -transA=True -transB=True --perf_config=gemm:v1:256,16,64,2,1,4,16,3,3,4,8 -pv
Errors = loc("<stdin>":18:10): error: Fusion with SplitK perfConfig is not legal
Lowering not applicable.

----------------------------------------------------------------------------------------------------
NOT_APPLICABLE: GemmConfiguration(datatype='i8', out_dtype='i32', g=2, m=458, k=290, n=97, trans_a=True, trans_b=True, perfconfig='gemm:v1:256,16,64,2,1,4,16,3,3,4,8', scaled_gemm=False, scale_a_dtype=None, scale_b_dtype=None, trans_scale_a=False, trans_scale_b=False, arch='gfx1100', chip='gfx1100', num_cu=70, num_chiplets=1)
Lowering rejected config as not applicable
Command line = -operation gemm -t i8 -out_datatype i32 --arch gfx1100 --num_cu 70 --num_chiplets 1 -g 2 -m 396 -k 336 -n 389 -transA=True -transB=False --perf_config=gemm:v1:256,32,64,2,1,16,32,4,3,0,2 -pv
Errors = loc("<stdin>":18:10): error: Fusion with SplitK perfConfig is not legal
Lowering not applicable.

----------------------------------------------------------------------------------------------------
NOT_APPLICABLE: GemmConfiguration(datatype='i8', out_dtype='i32', g=2, m=396, k=336, n=389, trans_a=True, trans_b=False, perfconfig='gemm:v1:256,32,64,2,1,16,32,4,3,0,2', scaled_gemm=False, scale_a_dtype=None, scale_b_dtype=None, trans_scale_a=False, trans_scale_b=False, arch='gfx1100', chip='gfx1100', num_cu=70, num_chiplets=1)
----------------------------------------------------------------------------------------------------
PASS: GemmConfiguration(datatype='bf16', out_dtype='bf16', g=2, m=265, k=493, n=101, trans_a=True, trans_b=True, perfconfig='gemm:v1:64,32,16,2,1,4,0,1,3,0,4', scaled_gemm=False, scale_a_dtype=None, scale_b_dtype=None, trans_scale_a=False, trans_scale_b=False, arch='gfx1100', chip='gfx1100', num_cu=70, num_chiplets=1)
Lowering rejected config as not applicable
Command line = -operation gemm -t i8 -out_datatype i32 --arch gfx1100 --num_cu 70 --num_chiplets 1 -g 2 -m 412 -k 462 -n 129 -transA=True -transB=False --perf_config=gemm:v1:128,256,128,2,1,16,0,1,3,4,8 -pv
Errors = loc("<stdin>":13:1): error: ttg.shared (98304) exceeds LDS limit (65536) for amdgcn-amd-amdhsa:gfx1100
Lowering not applicable.

----------------------------------------------------------------------------------------------------
NOT_APPLICABLE: GemmConfiguration(datatype='i8', out_dtype='i32', g=2, m=412, k=462, n=129, trans_a=True, trans_b=False, perfconfig='gemm:v1:128,256,128,2,1,16,0,1,3,4,8', scaled_gemm=False, scale_a_dtype=None, scale_b_dtype=None, trans_scale_a=False, trans_scale_b=False, arch='gfx1100', chip='gfx1100', num_cu=70, num_chiplets=1)
Lowering rejected config as not applicable
Command line = -operation gemm -t fp8 -out_datatype f32 --arch gfx1100 --num_cu 70 --num_chiplets 1 -g 2 -m 285 -k 452 -n 458 -transA=True -transB=True --perf_config=gemm:v1:256,128,128,2,1,16,32,2,3,4,8 -pv -relDiff_threshold 1e-5
Errors = loc("<stdin>":13:1): error: ttg.shared (131072) exceeds LDS limit (65536) for amdgcn-amd-amdhsa:gfx1100
Lowering not applicable.

----------------------------------------------------------------------------------------------------
NOT_APPLICABLE: GemmConfiguration(datatype='fp8', out_dtype='f32', g=2, m=285, k=452, n=458, trans_a=True, trans_b=True, perfconfig='gemm:v1:256,128,128,2,1,16,32,2,3,4,8', scaled_gemm=False, scale_a_dtype=None, scale_b_dtype=None, trans_scale_a=False, trans_scale_b=False, arch='gfx1100', chip='gfx1100', num_cu=70, num_chiplets=1)
----------------------------------------------------------------------------------------------------
PASS: GemmConfiguration(datatype='fp8', out_dtype='f32', g=1, m=383, k=410, n=115, trans_a=False, trans_b=False, perfconfig='gemm:v1:32,32,16,2,1,8,16,3,3,1,2', scaled_gemm=False, scale_a_dtype=None, scale_b_dtype=None, trans_scale_a=False, trans_scale_b=False, arch='gfx1100', chip='gfx1100', num_cu=70, num_chiplets=1)
----------------------------------------------------------------------------------------------------
PASS: GemmConfiguration(datatype='fp8', out_dtype='f32', g=1, m=85, k=290, n=398, trans_a=False, trans_b=True, perfconfig='gemm:v1:128,64,32,2,1,8,16,2,2,4,0', scaled_gemm=False, scale_a_dtype=None, scale_b_dtype=None, trans_scale_a=False, trans_scale_b=False, arch='gfx1100', chip='gfx1100', num_cu=70, num_chiplets=1)
----------------------------------------------------------------------------------------------------
PASS: GemmConfiguration(datatype='fp8', out_dtype='f32', g=2, m=245, k=74, n=164, trans_a=False, trans_b=False, perfconfig='gemm:v1:128,64,64,1,1,2,32,3,1,8,1', scaled_gemm=False, scale_a_dtype=None, scale_b_dtype=None, trans_scale_a=False, trans_scale_b=False, arch='gfx1100', chip='gfx1100', num_cu=70, num_chiplets=1)
Lowering rejected config as not applicable
Command line = -operation gemm -t f16 -out_datatype f16 --arch gfx1100 --num_cu 70 --num_chiplets 1 -g 1 -m 24 -k 52 -n 109 -transA=False -transB=True --perf_config=gemm:v1:32,16,64,2,1,2,0,3,3,4,8 -pv
Errors = loc("<stdin>":17:10): error: Fusion with SplitK perfConfig is not legal
Lowering not applicable.

----------------------------------------------------------------------------------------------------
NOT_APPLICABLE: GemmConfiguration(datatype='f16', out_dtype='f16', g=1, m=24, k=52, n=109, trans_a=False, trans_b=True, perfconfig='gemm:v1:32,16,64,2,1,2,0,3,3,4,8', scaled_gemm=False, scale_a_dtype=None, scale_b_dtype=None, trans_scale_a=False, trans_scale_b=False, arch='gfx1100', chip='gfx1100', num_cu=70, num_chiplets=1)
Lowering rejected config as not applicable
Command line = -operation gemm -t i8 -out_datatype i32 --arch gfx1100 --num_cu 70 --num_chiplets 1 -g 2 -m 274 -k 478 -n 449 -transA=True -transB=True --perf_config=gemm:v1:16,16,128,1,1,4,32,4,2,4,4 -pv
Errors = loc("<stdin>":18:10): error: Fusion with SplitK perfConfig is not legal
Lowering not applicable.

----------------------------------------------------------------------------------------------------
NOT_APPLICABLE: GemmConfiguration(datatype='i8', out_dtype='i32', g=2, m=274, k=478, n=449, trans_a=True, trans_b=True, perfconfig='gemm:v1:16,16,128,1,1,4,32,4,2,4,4', scaled_gemm=False, scale_a_dtype=None, scale_b_dtype=None, trans_scale_a=False, trans_scale_b=False, arch='gfx1100', chip='gfx1100', num_cu=70, num_chiplets=1)
Lowering rejected config as not applicable
Command line = -operation gemm -t bf16 -out_datatype bf16 --arch gfx1100 --num_cu 70 --num_chiplets 1 -g 1 -m 298 -k 368 -n 351 -transA=False -transB=True --perf_config=gemm:v1:32,64,16,1,1,2,32,3,2,0,1 -pv -RMS_threshold 1e-2
Errors = loc("<stdin>":17:10): error: Fusion with SplitK perfConfig is not legal
Lowering not applicable.

----------------------------------------------------------------------------------------------------
NOT_APPLICABLE: GemmConfiguration(datatype='bf16', out_dtype='bf16', g=1, m=298, k=368, n=351, trans_a=False, trans_b=True, perfconfig='gemm:v1:32,64,16,1,1,2,32,3,2,0,1', scaled_gemm=False, scale_a_dtype=None, scale_b_dtype=None, trans_scale_a=False, trans_scale_b=False, arch='gfx1100', chip='gfx1100', num_cu=70, num_chiplets=1)
Lowering rejected config as not applicable
Command line = -operation gemm -t bf16 -out_datatype bf16 --arch gfx1100 --num_cu 70 --num_chiplets 1 -g 1 -m 403 -k 139 -n 287 -transA=False -transB=True --perf_config=gemm:v1:128,128,32,2,1,2,0,4,2,4,8 -pv -RMS_threshold 1e-2
Errors = loc("<stdin>":17:10): error: Fusion with SplitK perfConfig is not legal
Lowering not applicable.

----------------------------------------------------------------------------------------------------
NOT_APPLICABLE: GemmConfiguration(datatype='bf16', out_dtype='bf16', g=1, m=403, k=139, n=287, trans_a=False, trans_b=True, perfconfig='gemm:v1:128,128,32,2,1,2,0,4,2,4,8', scaled_gemm=False, scale_a_dtype=None, scale_b_dtype=None, trans_scale_a=False, trans_scale_b=False, arch='gfx1100', chip='gfx1100', num_cu=70, num_chiplets=1)
----------------------------------------------------------------------------------------------------
PASS: GemmConfiguration(datatype='bf16', out_dtype='bf16', g=1, m=491, k=324, n=21, trans_a=True, trans_b=False, perfconfig='gemm:v1:16,16,16,2,1,2,32,1,2,1,2', scaled_gemm=False, scale_a_dtype=None, scale_b_dtype=None, trans_scale_a=False, trans_scale_b=False, arch='gfx1100', chip='gfx1100', num_cu=70, num_chiplets=1)
----------------------------------------------------------------------------------------------------
PASS: GemmConfiguration(datatype='fp8', out_dtype='f32', g=2, m=41, k=193, n=384, trans_a=False, trans_b=True, perfconfig='gemm:v1:128,32,16,1,1,8,0,2,2,8,8', scaled_gemm=False, scale_a_dtype=None, scale_b_dtype=None, trans_scale_a=False, trans_scale_b=False, arch='gfx1100', chip='gfx1100', num_cu=70, num_chiplets=1)
----------------------------------------------------------------------------------------------------
PASS: GemmConfiguration(datatype='fp8', out_dtype='f32', g=2, m=155, k=470, n=274, trans_a=True, trans_b=True, perfconfig='gemm:v1:64,128,16,1,1,16,32,3,3,0,8', scaled_gemm=False, scale_a_dtype=None, scale_b_dtype=None, trans_scale_a=False, trans_scale_b=False, arch='gfx1100', chip='gfx1100', num_cu=70, num_chiplets=1)
----------------------------------------------------------------------------------------------------
PASS: GemmConfiguration(datatype='fp8', out_dtype='f32', g=1, m=237, k=329, n=482, trans_a=False, trans_b=True, perfconfig='gemm:v1:64,16,64,1,1,2,32,2,2,8,2', scaled_gemm=False, scale_a_dtype=None, scale_b_dtype=None, trans_scale_a=False, trans_scale_b=False, arch='gfx1100', chip='gfx1100', num_cu=70, num_chiplets=1)
Lowering rejected config as not applicable
Command line = -operation gemm -t i8 -out_datatype i32 --arch gfx1100 --num_cu 70 --num_chiplets 1 -g 2 -m 140 -k 503 -n 98 -transA=False -transB=False --perf_config=gemm:v1:16,16,128,2,1,1,16,4,2,8,2 -pv
Errors = loc("<stdin>":18:10): error: Fusion with SplitK perfConfig is not legal
Lowering not applicable.

----------------------------------------------------------------------------------------------------
NOT_APPLICABLE: GemmConfiguration(datatype='i8', out_dtype='i32', g=2, m=140, k=503, n=98, trans_a=False, trans_b=False, perfconfig='gemm:v1:16,16,128,2,1,1,16,4,2,8,2', scaled_gemm=False, scale_a_dtype=None, scale_b_dtype=None, trans_scale_a=False, trans_scale_b=False, arch='gfx1100', chip='gfx1100', num_cu=70, num_chiplets=1)
Lowering rejected config as not applicable
Command line = -operation gemm -t f16 -out_datatype f16 --arch gfx1100 --num_cu 70 --num_chiplets 1 -g 1 -m 249 -k 364 -n 365 -transA=True -transB=False --perf_config=gemm:v1:64,16,16,1,1,8,16,3,1,0,8 -pv
Errors = loc("<stdin>":18:10): error: Fusion with SplitK perfConfig is not legal
Lowering not applicable.

----------------------------------------------------------------------------------------------------
NOT_APPLICABLE: GemmConfiguration(datatype='f16', out_dtype='f16', g=1, m=249, k=364, n=365, trans_a=True, trans_b=False, perfconfig='gemm:v1:64,16,16,1,1,8,16,3,1,0,8', scaled_gemm=False, scale_a_dtype=None, scale_b_dtype=None, trans_scale_a=False, trans_scale_b=False, arch='gfx1100', chip='gfx1100', num_cu=70, num_chiplets=1)
Lowering rejected config as not applicable
Command line = -operation gemm -t f16 -out_datatype f16 --arch gfx1100 --num_cu 70 --num_chiplets 1 -g 1 -m 293 -k 423 -n 15 -transA=True -transB=False --perf_config=gemm:v1:16,128,32,1,1,8,0,4,1,0,2 -pv
Errors = loc("<stdin>":18:10): error: Fusion with SplitK perfConfig is not legal
Lowering not applicable.

----------------------------------------------------------------------------------------------------
NOT_APPLICABLE: GemmConfiguration(datatype='f16', out_dtype='f16', g=1, m=293, k=423, n=15, trans_a=True, trans_b=False, perfconfig='gemm:v1:16,128,32,1,1,8,0,4,1,0,2', scaled_gemm=False, scale_a_dtype=None, scale_b_dtype=None, trans_scale_a=False, trans_scale_b=False, arch='gfx1100', chip='gfx1100', num_cu=70, num_chiplets=1)
Lowering rejected config as not applicable
Command line = -operation gemm -t i8 -out_datatype i32 --arch gfx1100 --num_cu 70 --num_chiplets 1 -g 1 -m 491 -k 154 -n 188 -transA=True -transB=False --perf_config=gemm:v1:16,32,32,1,1,4,32,3,2,8,4 -pv
Errors = loc("<stdin>":18:10): error: Fusion with SplitK perfConfig is not legal
Lowering not applicable.

----------------------------------------------------------------------------------------------------
NOT_APPLICABLE: GemmConfiguration(datatype='i8', out_dtype='i32', g=1, m=491, k=154, n=188, trans_a=True, trans_b=False, perfconfig='gemm:v1:16,32,32,1,1,4,32,3,2,8,4', scaled_gemm=False, scale_a_dtype=None, scale_b_dtype=None, trans_scale_a=False, trans_scale_b=False, arch='gfx1100', chip='gfx1100', num_cu=70, num_chiplets=1)
Lowering rejected config as not applicable
Command line = -operation gemm -t i8 -out_datatype i32 --arch gfx1100 --num_cu 70 --num_chiplets 1 -g 1 -m 350 -k 487 -n 283 -transA=False -transB=True --perf_config=gemm:v1:32,64,16,1,1,1,32,3,1,2,4 -pv
Errors = loc("<stdin>":17:10): error: Fusion with SplitK perfConfig is not legal
Lowering not applicable.

----------------------------------------------------------------------------------------------------
NOT_APPLICABLE: GemmConfiguration(datatype='i8', out_dtype='i32', g=1, m=350, k=487, n=283, trans_a=False, trans_b=True, perfconfig='gemm:v1:32,64,16,1,1,1,32,3,1,2,4', scaled_gemm=False, scale_a_dtype=None, scale_b_dtype=None, trans_scale_a=False, trans_scale_b=False, arch='gfx1100', chip='gfx1100', num_cu=70, num_chiplets=1)
Lowering rejected config as not applicable
Command line = -operation gemm -t bf16 -out_datatype bf16 --arch gfx1100 --num_cu 70 --num_chiplets 1 -g 1 -m 476 -k 21 -n 90 -transA=False -transB=False --perf_config=gemm:v1:64,32,128,2,1,2,16,4,1,0,4 -pv -RMS_threshold 1e-2
Errors = loc("<stdin>":18:10): error: Fusion with SplitK perfConfig is not legal
Lowering not applicable.

----------------------------------------------------------------------------------------------------
NOT_APPLICABLE: GemmConfiguration(datatype='bf16', out_dtype='bf16', g=1, m=476, k=21, n=90, trans_a=False, trans_b=False, perfconfig='gemm:v1:64,32,128,2,1,2,16,4,1,0,4', scaled_gemm=False, scale_a_dtype=None, scale_b_dtype=None, trans_scale_a=False, trans_scale_b=False, arch='gfx1100', chip='gfx1100', num_cu=70, num_chiplets=1)
----------------------------------------------------------------------------------------------------
PASS: GemmConfiguration(datatype='bf16', out_dtype='bf16', g=2, m=464, k=98, n=400, trans_a=True, trans_b=True, perfconfig='gemm:v1:32,64,32,1,1,16,32,1,2,8,8', scaled_gemm=False, scale_a_dtype=None, scale_b_dtype=None, trans_scale_a=False, trans_scale_b=False, arch='gfx1100', chip='gfx1100', num_cu=70, num_chiplets=1)
----------------------------------------------------------------------------------------------------
PASS: GemmConfiguration(datatype='fp8', out_dtype='f32', g=1, m=294, k=158, n=386, trans_a=True, trans_b=True, perfconfig='gemm:v1:16,128,64,1,1,2,0,4,2,1,0', scaled_gemm=False, scale_a_dtype=None, scale_b_dtype=None, trans_scale_a=False, trans_scale_b=False, arch='gfx1100', chip='gfx1100', num_cu=70, num_chiplets=1)
Lowering rejected config as not applicable
Command line = -operation gemm -t f16 -out_datatype f16 --arch gfx1100 --num_cu 70 --num_chiplets 1 -g 1 -m 101 -k 402 -n 306 -transA=False -transB=False --perf_config=gemm:v1:64,64,128,1,1,8,32,4,3,0,1 -pv
Errors = loc("<stdin>":18:10): error: Fusion with SplitK perfConfig is not legal
Lowering not applicable.

----------------------------------------------------------------------------------------------------
NOT_APPLICABLE: GemmConfiguration(datatype='f16', out_dtype='f16', g=1, m=101, k=402, n=306, trans_a=False, trans_b=False, perfconfig='gemm:v1:64,64,128,1,1,8,32,4,3,0,1', scaled_gemm=False, scale_a_dtype=None, scale_b_dtype=None, trans_scale_a=False, trans_scale_b=False, arch='gfx1100', chip='gfx1100', num_cu=70, num_chiplets=1)
Lowering rejected config as not applicable
Command line = -operation gemm -t bf16 -out_datatype bf16 --arch gfx1100 --num_cu 70 --num_chiplets 1 -g 2 -m 327 -k 278 -n 113 -transA=False -transB=True --perf_config=gemm:v1:64,16,32,2,1,2,0,2,1,4,8 -pv -RMS_threshold 1e-2
Errors = loc("<stdin>":18:10): error: Fusion with SplitK perfConfig is not legal
Lowering not applicable.

----------------------------------------------------------------------------------------------------
NOT_APPLICABLE: GemmConfiguration(datatype='bf16', out_dtype='bf16', g=2, m=327, k=278, n=113, trans_a=False, trans_b=True, perfconfig='gemm:v1:64,16,32,2,1,2,0,2,1,4,8', scaled_gemm=False, scale_a_dtype=None, scale_b_dtype=None, trans_scale_a=False, trans_scale_b=False, arch='gfx1100', chip='gfx1100', num_cu=70, num_chiplets=1)
Lowering rejected config as not applicable
Command line = -operation gemm -t bf16 -out_datatype bf16 --arch gfx1100 --num_cu 70 --num_chiplets 1 -g 1 -m 473 -k 320 -n 182 -transA=True -transB=True --perf_config=gemm:v1:32,16,32,1,1,4,0,2,3,4,4 -pv -RMS_threshold 1e-2
Errors = loc("<stdin>":18:10): error: Fusion with SplitK perfConfig is not legal
Lowering not applicable.

----------------------------------------------------------------------------------------------------
NOT_APPLICABLE: GemmConfiguration(datatype='bf16', out_dtype='bf16', g=1, m=473, k=320, n=182, trans_a=True, trans_b=True, perfconfig='gemm:v1:32,16,32,1,1,4,0,2,3,4,4', scaled_gemm=False, scale_a_dtype=None, scale_b_dtype=None, trans_scale_a=False, trans_scale_b=False, arch='gfx1100', chip='gfx1100', num_cu=70, num_chiplets=1)
Lowering rejected config as not applicable
Command line = -operation gemm -t i8 -out_datatype i32 --arch gfx1100 --num_cu 70 --num_chiplets 1 -g 2 -m 432 -k 91 -n 17 -transA=True -transB=True --perf_config=gemm:v1:32,128,16,2,1,16,32,4,1,8,0 -pv
Errors = loc("<stdin>":18:10): error: Fusion with SplitK perfConfig is not legal
Lowering not applicable.

----------------------------------------------------------------------------------------------------
NOT_APPLICABLE: GemmConfiguration(datatype='i8', out_dtype='i32', g=2, m=432, k=91, n=17, trans_a=True, trans_b=True, perfconfig='gemm:v1:32,128,16,2,1,16,32,4,1,8,0', scaled_gemm=False, scale_a_dtype=None, scale_b_dtype=None, trans_scale_a=False, trans_scale_b=False, arch='gfx1100', chip='gfx1100', num_cu=70, num_chiplets=1)
Lowering rejected config as not applicable
Command line = -operation gemm -t bf16 -out_datatype bf16 --arch gfx1100 --num_cu 70 --num_chiplets 1 -g 1 -m 484 -k 207 -n 230 -transA=False -transB=False --perf_config=gemm:v1:64,256,16,2,1,16,0,3,2,0,0 -pv -RMS_threshold 1e-2
Errors = loc("<stdin>":18:10): error: Fusion with SplitK perfConfig is not legal
Lowering not applicable.

----------------------------------------------------------------------------------------------------
NOT_APPLICABLE: GemmConfiguration(datatype='bf16', out_dtype='bf16', g=1, m=484, k=207, n=230, trans_a=False, trans_b=False, perfconfig='gemm:v1:64,256,16,2,1,16,0,3,2,0,0', scaled_gemm=False, scale_a_dtype=None, scale_b_dtype=None, trans_scale_a=False, trans_scale_b=False, arch='gfx1100', chip='gfx1100', num_cu=70, num_chiplets=1)
Lowering rejected config as not applicable
Command line = -operation gemm -t i8 -out_datatype i32 --arch gfx1100 --num_cu 70 --num_chiplets 1 -g 2 -m 175 -k 166 -n 151 -transA=True -transB=False --perf_config=gemm:v1:64,128,128,1,1,16,32,3,3,4,1 -pv
Errors = loc("<stdin>":18:10): error: Fusion with SplitK perfConfig is not legal
Lowering not applicable.

----------------------------------------------------------------------------------------------------
NOT_APPLICABLE: GemmConfiguration(datatype='i8', out_dtype='i32', g=2, m=175, k=166, n=151, trans_a=True, trans_b=False, perfconfig='gemm:v1:64,128,128,1,1,16,32,3,3,4,1', scaled_gemm=False, scale_a_dtype=None, scale_b_dtype=None, trans_scale_a=False, trans_scale_b=False, arch='gfx1100', chip='gfx1100', num_cu=70, num_chiplets=1)
Lowering rejected config as not applicable
Command line = -operation gemm -t bf16 -out_datatype bf16 --arch gfx1100 --num_cu 70 --num_chiplets 1 -g 1 -m 230 -k 435 -n 30 -transA=True -transB=False --perf_config=gemm:v1:128,16,32,2,1,4,32,2,2,1,4 -pv -RMS_threshold 1e-2
Errors = loc("<stdin>":18:10): error: Fusion with SplitK perfConfig is not legal
Lowering not applicable.

----------------------------------------------------------------------------------------------------
NOT_APPLICABLE: GemmConfiguration(datatype='bf16', out_dtype='bf16', g=1, m=230, k=435, n=30, trans_a=True, trans_b=False, perfconfig='gemm:v1:128,16,32,2,1,4,32,2,2,1,4', scaled_gemm=False, scale_a_dtype=None, scale_b_dtype=None, trans_scale_a=False, trans_scale_b=False, arch='gfx1100', chip='gfx1100', num_cu=70, num_chiplets=1)
----------------------------------------------------------------------------------------------------
PASS: GemmConfiguration(datatype='fp8', out_dtype='f32', g=1, m=192, k=219, n=229, trans_a=True, trans_b=True, perfconfig='gemm:v1:128,256,16,1,1,2,32,1,2,4,1', scaled_gemm=False, scale_a_dtype=None, scale_b_dtype=None, trans_scale_a=False, trans_scale_b=False, arch='gfx1100', chip='gfx1100', num_cu=70, num_chiplets=1)
Lowering rejected config as not applicable
Command line = -operation gemm -t f16 -out_datatype f16 --arch gfx1100 --num_cu 70 --num_chiplets 1 -g 2 -m 168 -k 329 -n 230 -transA=False -transB=True --perf_config=gemm:v1:32,64,32,1,1,2,0,4,1,8,8 -pv
Errors = loc("<stdin>":18:10): error: Fusion with SplitK perfConfig is not legal
Lowering not applicable.

----------------------------------------------------------------------------------------------------
NOT_APPLICABLE: GemmConfiguration(datatype='f16', out_dtype='f16', g=2, m=168, k=329, n=230, trans_a=False, trans_b=True, perfconfig='gemm:v1:32,64,32,1,1,2,0,4,1,8,8', scaled_gemm=False, scale_a_dtype=None, scale_b_dtype=None, trans_scale_a=False, trans_scale_b=False, arch='gfx1100', chip='gfx1100', num_cu=70, num_chiplets=1)
Lowering rejected config as not applicable
Command line = -operation gemm -t bf16 -out_datatype bf16 --arch gfx1100 --num_cu 70 --num_chiplets 1 -g 2 -m 27 -k 490 -n 203 -transA=True -transB=False --perf_config=gemm:v1:256,32,32,2,1,8,32,3,2,8,2 -pv -RMS_threshold 1e-2
Errors = loc("<stdin>":18:10): error: Fusion with SplitK perfConfig is not legal
Lowering not applicable.

----------------------------------------------------------------------------------------------------
NOT_APPLICABLE: GemmConfiguration(datatype='bf16', out_dtype='bf16', g=2, m=27, k=490, n=203, trans_a=True, trans_b=False, perfconfig='gemm:v1:256,32,32,2,1,8,32,3,2,8,2', scaled_gemm=False, scale_a_dtype=None, scale_b_dtype=None, trans_scale_a=False, trans_scale_b=False, arch='gfx1100', chip='gfx1100', num_cu=70, num_chiplets=1)
Lowering rejected config as not applicable
Command line = -operation gemm -t f16 -out_datatype f16 --arch gfx1100 --num_cu 70 --num_chiplets 1 -g 1 -m 431 -k 100 -n 140 -transA=True -transB=False --perf_config=gemm:v1:256,64,32,1,1,2,32,4,3,2,1 -pv
Errors = loc("<stdin>":18:10): error: Fusion with SplitK perfConfig is not legal
Lowering not applicable.

----------------------------------------------------------------------------------------------------
NOT_APPLICABLE: GemmConfiguration(datatype='f16', out_dtype='f16', g=1, m=431, k=100, n=140, trans_a=True, trans_b=False, perfconfig='gemm:v1:256,64,32,1,1,2,32,4,3,2,1', scaled_gemm=False, scale_a_dtype=None, scale_b_dtype=None, trans_scale_a=False, trans_scale_b=False, arch='gfx1100', chip='gfx1100', num_cu=70, num_chiplets=1)
FAIL: Timeout in rocmlir-driver stage (120s)
Config = GemmConfiguration(datatype='bf16', out_dtype='bf16', g=2, m=78, k=408, n=44, trans_a=False, trans_b=True, perfconfig='gemm:v1:256,256,32,1,1,1,16,1,2,0,1', scaled_gemm=False, scale_a_dtype=None, scale_b_dtype=None, trans_scale_a=False, trans_scale_b=False, arch='gfx1100', chip='gfx1100', num_cu=70, num_chiplets=1)
Command line = -operation gemm -t bf16 -out_datatype bf16 --arch gfx1100 --num_cu 70 --num_chiplets 1 -g 2 -m 78 -k 408 -n 44 -transA=False -transB=True --perf_config=gemm:v1:256,256,32,1,1,1,16,1,2,0,1 -pv -RMS_threshold 1e-2
FAIL: Timeout in rocmlir-driver stage (120s)
Config = GemmConfiguration(datatype='fp8', out_dtype='f32', g=1, m=28, k=2, n=115, trans_a=True, trans_b=True, perfconfig='gemm:v1:64,256,128,2,1,1,16,1,2,4,0', scaled_gemm=False, scale_a_dtype=None, scale_b_dtype=None, trans_scale_a=False, trans_scale_b=False, arch='gfx1100', chip='gfx1100', num_cu=70, num_chiplets=1)
Command line = -operation gemm -t fp8 -out_datatype f32 --arch gfx1100 --num_cu 70 --num_chiplets 1 -g 1 -m 28 -k 2 -n 115 -transA=True -transB=True --perf_config=gemm:v1:64,256,128,2,1,1,16,1,2,4,0 -pv -relDiff_threshold 1e-5
Lowering rejected config as not applicable
Command line = -operation gemm -t bf16 -out_datatype bf16 --arch gfx1100 --num_cu 70 --num_chiplets 1 -g 2 -m 94 -k 151 -n 468 -transA=True -transB=False --perf_config=gemm:v1:32,128,16,1,1,8,32,4,2,8,0 -pv -RMS_threshold 1e-2
Errors = loc("<stdin>":18:10): error: Fusion with SplitK perfConfig is not legal
Lowering not applicable.

----------------------------------------------------------------------------------------------------
NOT_APPLICABLE: GemmConfiguration(datatype='bf16', out_dtype='bf16', g=2, m=94, k=151, n=468, trans_a=True, trans_b=False, perfconfig='gemm:v1:32,128,16,1,1,8,32,4,2,8,0', scaled_gemm=False, scale_a_dtype=None, scale_b_dtype=None, trans_scale_a=False, trans_scale_b=False, arch='gfx1100', chip='gfx1100', num_cu=70, num_chiplets=1)
----------------------------------------------------------------------------------------------------
PASS: GemmConfiguration(datatype='bf16', out_dtype='bf16', g=1, m=101, k=278, n=423, trans_a=False, trans_b=True, perfconfig='gemm:v1:16,128,64,2,1,2,32,1,3,1,2', scaled_gemm=False, scale_a_dtype=None, scale_b_dtype=None, trans_scale_a=False, trans_scale_b=False, arch='gfx1100', chip='gfx1100', num_cu=70, num_chiplets=1)
----------------------------------------------------------------------------------------------------
PASS: GemmConfiguration(datatype='fp8', out_dtype='f32', g=2, m=11, k=315, n=451, trans_a=True, trans_b=False, perfconfig='gemm:v1:16,16,128,2,1,8,0,3,2,8,4', scaled_gemm=False, scale_a_dtype=None, scale_b_dtype=None, trans_scale_a=False, trans_scale_b=False, arch='gfx1100', chip='gfx1100', num_cu=70, num_chiplets=1)
----------------------------------------------------------------------------------------------------
PASS: GemmConfiguration(datatype='fp8', out_dtype='f32', g=2, m=87, k=385, n=141, trans_a=True, trans_b=True, perfconfig='gemm:v1:16,128,64,2,1,4,32,1,3,8,1', scaled_gemm=False, scale_a_dtype=None, scale_b_dtype=None, trans_scale_a=False, trans_scale_b=False, arch='gfx1100', chip='gfx1100', num_cu=70, num_chiplets=1)
----------------------------------------------------------------------------------------------------
FAIL: GemmConfiguration(datatype='bf16', out_dtype='bf16', g=2, m=78, k=408, n=44, trans_a=False, trans_b=True, perfconfig='gemm:v1:256,256,32,1,1,1,16,1,2,0,1', scaled_gemm=False, scale_a_dtype=None, scale_b_dtype=None, trans_scale_a=False, trans_scale_b=False, arch='gfx1100', chip='gfx1100', num_cu=70, num_chiplets=1)
Lowering rejected config as not applicable
Command line = -operation gemm -t bf16 -out_datatype bf16 --arch gfx1100 --num_cu 70 --num_chiplets 1 -g 1 -m 485 -k 35 -n 373 -transA=False -transB=False --perf_config=gemm:v1:16,128,16,2,1,2,32,3,3,1,2 -pv -RMS_threshold 1e-2
Errors = loc("<stdin>":18:10): error: Fusion with SplitK perfConfig is not legal
Lowering not applicable.

----------------------------------------------------------------------------------------------------
NOT_APPLICABLE: GemmConfiguration(datatype='bf16', out_dtype='bf16', g=1, m=485, k=35, n=373, trans_a=False, trans_b=False, perfconfig='gemm:v1:16,128,16,2,1,2,32,3,3,1,2', scaled_gemm=False, scale_a_dtype=None, scale_b_dtype=None, trans_scale_a=False, trans_scale_b=False, arch='gfx1100', chip='gfx1100', num_cu=70, num_chiplets=1)
Lowering rejected config as not applicable
Command line = -operation gemm -t bf16 -out_datatype bf16 --arch gfx1100 --num_cu 70 --num_chiplets 1 -g 1 -m 273 -k 311 -n 74 -transA=False -transB=True --perf_config=gemm:v1:128,16,128,2,1,16,32,2,2,1,4 -pv -RMS_threshold 1e-2
Errors = loc("<stdin>":17:10): error: Fusion with SplitK perfConfig is not legal
Lowering not applicable.

----------------------------------------------------------------------------------------------------
NOT_APPLICABLE: GemmConfiguration(datatype='bf16', out_dtype='bf16', g=1, m=273, k=311, n=74, trans_a=False, trans_b=True, perfconfig='gemm:v1:128,16,128,2,1,16,32,2,2,1,4', scaled_gemm=False, scale_a_dtype=None, scale_b_dtype=None, trans_scale_a=False, trans_scale_b=False, arch='gfx1100', chip='gfx1100', num_cu=70, num_chiplets=1)
Lowering rejected config as not applicable
Command line = -operation gemm -t f16 -out_datatype f16 --arch gfx1100 --num_cu 70 --num_chiplets 1 -g 1 -m 249 -k 91 -n 313 -transA=True -transB=True --perf_config=gemm:v1:256,64,64,1,1,4,16,3,2,2,8 -pv
Errors = loc("<stdin>":18:10): error: Fusion with SplitK perfConfig is not legal
Lowering not applicable.

----------------------------------------------------------------------------------------------------
NOT_APPLICABLE: GemmConfiguration(datatype='f16', out_dtype='f16', g=1, m=249, k=91, n=313, trans_a=True, trans_b=True, perfconfig='gemm:v1:256,64,64,1,1,4,16,3,2,2,8', scaled_gemm=False, scale_a_dtype=None, scale_b_dtype=None, trans_scale_a=False, trans_scale_b=False, arch='gfx1100', chip='gfx1100', num_cu=70, num_chiplets=1)
Lowering rejected config as not applicable
Command line = -operation gemm -t i8 -out_datatype i32 --arch gfx1100 --num_cu 70 --num_chiplets 1 -g 2 -m 86 -k 90 -n 68 -transA=False -transB=False --perf_config=gemm:v1:256,32,32,2,1,2,16,4,2,2,2 -pv
Errors = loc("<stdin>":18:10): error: Fusion with SplitK perfConfig is not legal
Lowering not applicable.

----------------------------------------------------------------------------------------------------
NOT_APPLICABLE: GemmConfiguration(datatype='i8', out_dtype='i32', g=2, m=86, k=90, n=68, trans_a=False, trans_b=False, perfconfig='gemm:v1:256,32,32,2,1,2,16,4,2,2,2', scaled_gemm=False, scale_a_dtype=None, scale_b_dtype=None, trans_scale_a=False, trans_scale_b=False, arch='gfx1100', chip='gfx1100', num_cu=70, num_chiplets=1)
Lowering rejected config as not applicable
Command line = -operation gemm -t f16 -out_datatype f16 --arch gfx1100 --num_cu 70 --num_chiplets 1 -g 2 -m 335 -k 387 -n 303 -transA=True -transB=True --perf_config=gemm:v1:32,64,64,2,1,1,0,2,2,4,0 -pv
Errors = loc("<stdin>":18:10): error: Fusion with SplitK perfConfig is not legal
Lowering not applicable.

----------------------------------------------------------------------------------------------------
NOT_APPLICABLE: GemmConfiguration(datatype='f16', out_dtype='f16', g=2, m=335, k=387, n=303, trans_a=True, trans_b=True, perfconfig='gemm:v1:32,64,64,2,1,1,0,2,2,4,0', scaled_gemm=False, scale_a_dtype=None, scale_b_dtype=None, trans_scale_a=False, trans_scale_b=False, arch='gfx1100', chip='gfx1100', num_cu=70, num_chiplets=1)
----------------------------------------------------------------------------------------------------
PASS: GemmConfiguration(datatype='f32', out_dtype='f32', g=2, m=309, k=441, n=68, trans_a=False, trans_b=False, perfconfig='gemm:v1:64,16,64,1,1,2,16,3,1,4,4', scaled_gemm=False, scale_a_dtype=None, scale_b_dtype=None, trans_scale_a=False, trans_scale_b=False, arch='gfx1100', chip='gfx1100', num_cu=70, num_chiplets=1)
----------------------------------------------------------------------------------------------------
PASS: GemmConfiguration(datatype='i8', out_dtype='i32', g=2, m=368, k=410, n=387, trans_a=True, trans_b=True, perfconfig='gemm:v1:256,16,16,2,1,2,16,1,3,8,0', scaled_gemm=False, scale_a_dtype=None, scale_b_dtype=None, trans_scale_a=False, trans_scale_b=False, arch='gfx1100', chip='gfx1100', num_cu=70, num_chiplets=1)
----------------------------------------------------------------------------------------------------
FAIL: GemmConfiguration(datatype='fp8', out_dtype='f32', g=1, m=28, k=2, n=115, trans_a=True, trans_b=True, perfconfig='gemm:v1:64,256,128,2,1,1,16,1,2,4,0', scaled_gemm=False, scale_a_dtype=None, scale_b_dtype=None, trans_scale_a=False, trans_scale_b=False, arch='gfx1100', chip='gfx1100', num_cu=70, num_chiplets=1)
Lowering rejected config as not applicable
Command line = -operation gemm -t bf16 -out_datatype bf16 --arch gfx1100 --num_cu 70 --num_chiplets 1 -g 1 -m 22 -k 249 -n 330 -transA=True -transB=True --perf_config=gemm:v1:128,16,32,2,1,16,0,3,1,1,2 -pv -RMS_threshold 1e-2
Errors = loc("<stdin>":18:10): error: Fusion with SplitK perfConfig is not legal
Lowering not applicable.

----------------------------------------------------------------------------------------------------
NOT_APPLICABLE: GemmConfiguration(datatype='bf16', out_dtype='bf16', g=1, m=22, k=249, n=330, trans_a=True, trans_b=True, perfconfig='gemm:v1:128,16,32,2,1,16,0,3,1,1,2', scaled_gemm=False, scale_a_dtype=None, scale_b_dtype=None, trans_scale_a=False, trans_scale_b=False, arch='gfx1100', chip='gfx1100', num_cu=70, num_chiplets=1)
Lowering rejected config as not applicable
Command line = -operation gemm -t f16 -out_datatype f16 --arch gfx1100 --num_cu 70 --num_chiplets 1 -g 2 -m 474 -k 13 -n 350 -transA=True -transB=False --perf_config=gemm:v1:128,32,128,2,1,2,32,2,3,4,2 -pv
Errors = loc("<stdin>":18:10): error: Fusion with SplitK perfConfig is not legal
Lowering not applicable.

----------------------------------------------------------------------------------------------------
NOT_APPLICABLE: GemmConfiguration(datatype='f16', out_dtype='f16', g=2, m=474, k=13, n=350, trans_a=True, trans_b=False, perfconfig='gemm:v1:128,32,128,2,1,2,32,2,3,4,2', scaled_gemm=False, scale_a_dtype=None, scale_b_dtype=None, trans_scale_a=False, trans_scale_b=False, arch='gfx1100', chip='gfx1100', num_cu=70, num_chiplets=1)
Lowering rejected config as not applicable
Command line = -operation gemm -t f16 -out_datatype f16 --arch gfx1100 --num_cu 70 --num_chiplets 1 -g 2 -m 117 -k 187 -n 90 -transA=True -transB=False --perf_config=gemm:v1:256,16,128,2,1,16,16,4,3,8,2 -pv
Errors = loc("<stdin>":18:10): error: Fusion with SplitK perfConfig is not legal
Lowering not applicable.

----------------------------------------------------------------------------------------------------
NOT_APPLICABLE: GemmConfiguration(datatype='f16', out_dtype='f16', g=2, m=117, k=187, n=90, trans_a=True, trans_b=False, perfconfig='gemm:v1:256,16,128,2,1,16,16,4,3,8,2', scaled_gemm=False, scale_a_dtype=None, scale_b_dtype=None, trans_scale_a=False, trans_scale_b=False, arch='gfx1100', chip='gfx1100', num_cu=70, num_chiplets=1)
Lowering rejected config as not applicable
Command line = -operation gemm -t bf16 -out_datatype bf16 --arch gfx1100 --num_cu 70 --num_chiplets 1 -g 1 -m 156 -k 130 -n 208 -transA=False -transB=True --perf_config=gemm:v1:32,64,16,2,1,2,16,2,3,1,8 -pv -RMS_threshold 1e-2
Errors = loc("<stdin>":17:10): error: Fusion with SplitK perfConfig is not legal
Lowering not applicable.

----------------------------------------------------------------------------------------------------
NOT_APPLICABLE: GemmConfiguration(datatype='bf16', out_dtype='bf16', g=1, m=156, k=130, n=208, trans_a=False, trans_b=True, perfconfig='gemm:v1:32,64,16,2,1,2,16,2,3,1,8', scaled_gemm=False, scale_a_dtype=None, scale_b_dtype=None, trans_scale_a=False, trans_scale_b=False, arch='gfx1100', chip='gfx1100', num_cu=70, num_chiplets=1)
Lowering rejected config as not applicable
Command line = -operation gemm -t f16 -out_datatype f16 --arch gfx1100 --num_cu 70 --num_chiplets 1 -g 2 -m 257 -k 425 -n 147 -transA=True -transB=True --perf_config=gemm:v1:256,64,128,2,1,16,32,1,2,0,2 -pv
Errors = loc("<stdin>":13:1): error: ttg.shared (81920) exceeds LDS limit (65536) for amdgcn-amd-amdhsa:gfx1100
Lowering not applicable.

----------------------------------------------------------------------------------------------------
NOT_APPLICABLE: GemmConfiguration(datatype='f16', out_dtype='f16', g=2, m=257, k=425, n=147, trans_a=True, trans_b=True, perfconfig='gemm:v1:256,64,128,2,1,16,32,1,2,0,2', scaled_gemm=False, scale_a_dtype=None, scale_b_dtype=None, trans_scale_a=False, trans_scale_b=False, arch='gfx1100', chip='gfx1100', num_cu=70, num_chiplets=1)
----------------------------------------------------------------------------------------------------
PASS: GemmConfiguration(datatype='bf16', out_dtype='bf16', g=2, m=242, k=254, n=467, trans_a=True, trans_b=False, perfconfig='gemm:v1:256,128,32,2,1,8,32,1,3,1,1', scaled_gemm=False, scale_a_dtype=None, scale_b_dtype=None, trans_scale_a=False, trans_scale_b=False, arch='gfx1100', chip='gfx1100', num_cu=70, num_chiplets=1)
----------------------------------------------------------------------------------------------------
PASS: GemmConfiguration(datatype='fp8', out_dtype='f32', g=2, m=265, k=100, n=463, trans_a=False, trans_b=False, perfconfig='gemm:v1:16,64,64,1,1,16,16,2,3,1,2', scaled_gemm=False, scale_a_dtype=None, scale_b_dtype=None, trans_scale_a=False, trans_scale_b=False, arch='gfx1100', chip='gfx1100', num_cu=70, num_chiplets=1)
----------------------------------------------------------------------------------------------------
PASS: GemmConfiguration(datatype='i8', out_dtype='i32', g=2, m=127, k=491, n=145, trans_a=True, trans_b=True, perfconfig='gemm:v1:256,16,64,1,1,1,0,1,2,2,0', scaled_gemm=False, scale_a_dtype=None, scale_b_dtype=None, trans_scale_a=False, trans_scale_b=False, arch='gfx1100', chip='gfx1100', num_cu=70, num_chiplets=1)
Lowering rejected config as not applicable
Command line = -operation gemm -t bf16 -out_datatype bf16 --arch gfx1100 --num_cu 70 --num_chiplets 1 -g 1 -m 267 -k 25 -n 235 -transA=False -transB=True --perf_config=gemm:v1:32,128,16,1,1,8,16,2,1,2,8 -pv -RMS_threshold 1e-2
Errors = loc("<stdin>":17:10): error: Fusion with SplitK perfConfig is not legal
Lowering not applicable.

----------------------------------------------------------------------------------------------------
NOT_APPLICABLE: GemmConfiguration(datatype='bf16', out_dtype='bf16', g=1, m=267, k=25, n=235, trans_a=False, trans_b=True, perfconfig='gemm:v1:32,128,16,1,1,8,16,2,1,2,8', scaled_gemm=False, scale_a_dtype=None, scale_b_dtype=None, trans_scale_a=False, trans_scale_b=False, arch='gfx1100', chip='gfx1100', num_cu=70, num_chiplets=1)
----------------------------------------------------------------------------------------------------
PASS: GemmConfiguration(datatype='f32', out_dtype='f32', g=2, m=300, k=414, n=354, trans_a=False, trans_b=True, perfconfig='gemm:v1:64,16,32,1,1,8,32,3,1,8,2', scaled_gemm=False, scale_a_dtype=None, scale_b_dtype=None, trans_scale_a=False, trans_scale_b=False, arch='gfx1100', chip='gfx1100', num_cu=70, num_chiplets=1)
----------------------------------------------------------------------------------------------------
PASS: GemmConfiguration(datatype='fp8', out_dtype='f32', g=2, m=451, k=121, n=256, trans_a=False, trans_b=False, perfconfig='gemm:v1:32,16,16,2,1,2,32,1,1,8,1', scaled_gemm=False, scale_a_dtype=None, scale_b_dtype=None, trans_scale_a=False, trans_scale_b=False, arch='gfx1100', chip='gfx1100', num_cu=70, num_chiplets=1)
Lowering rejected config as not applicable
Command line = -operation gemm -t f32 -out_datatype f32 --arch gfx1100 --num_cu 70 --num_chiplets 1 -g 1 -m 380 -k 419 -n 221 -transA=True -transB=True --perf_config=gemm:v1:256,128,64,2,1,8,16,4,3,8,2 -pv
Errors = loc("<stdin>":12:1): error: ttg.shared (196608) exceeds LDS limit (65536) for amdgcn-amd-amdhsa:gfx1100
Lowering not applicable.

----------------------------------------------------------------------------------------------------
NOT_APPLICABLE: GemmConfiguration(datatype='f32', out_dtype='f32', g=1, m=380, k=419, n=221, trans_a=True, trans_b=True, perfconfig='gemm:v1:256,128,64,2,1,8,16,4,3,8,2', scaled_gemm=False, scale_a_dtype=None, scale_b_dtype=None, trans_scale_a=False, trans_scale_b=False, arch='gfx1100', chip='gfx1100', num_cu=70, num_chiplets=1)
----------------------------------------------------------------------------------------------------
PASS: GemmConfiguration(datatype='bf16', out_dtype='bf16', g=2, m=128, k=103, n=143, trans_a=False, trans_b=True, perfconfig='gemm:v1:16,64,128,2,1,16,32,1,2,1,8', scaled_gemm=False, scale_a_dtype=None, scale_b_dtype=None, trans_scale_a=False, trans_scale_b=False, arch='gfx1100', chip='gfx1100', num_cu=70, num_chiplets=1)
FAIL: Timeout in rocmlir-driver stage (120s)
Config = GemmConfiguration(datatype='fp8', out_dtype='f32', g=1, m=1, k=344, n=91, trans_a=False, trans_b=True, perfconfig='gemm:v1:64,256,128,1,1,1,16,3,2,1,0', scaled_gemm=False, scale_a_dtype=None, scale_b_dtype=None, trans_scale_a=False, trans_scale_b=False, arch='gfx1100', chip='gfx1100', num_cu=70, num_chiplets=1)
Command line = -operation gemm -t fp8 -out_datatype f32 --arch gfx1100 --num_cu 70 --num_chiplets 1 -g 1 -m 1 -k 344 -n 91 -transA=False -transB=True --perf_config=gemm:v1:64,256,128,1,1,1,16,3,2,1,0 -pv -relDiff_threshold 1e-5
----------------------------------------------------------------------------------------------------
PASS: GemmConfiguration(datatype='f32', out_dtype='f32', g=1, m=190, k=207, n=23, trans_a=True, trans_b=True, perfconfig='gemm:v1:64,32,64,2,1,4,32,4,3,2,2', scaled_gemm=False, scale_a_dtype=None, scale_b_dtype=None, trans_scale_a=False, trans_scale_b=False, arch='gfx1100', chip='gfx1100', num_cu=70, num_chiplets=1)
----------------------------------------------------------------------------------------------------
PASS: GemmConfiguration(datatype='fp8', out_dtype='f32', g=2, m=23, k=107, n=231, trans_a=True, trans_b=False, perfconfig='gemm:v1:128,128,16,2,1,2,0,2,3,8,2', scaled_gemm=False, scale_a_dtype=None, scale_b_dtype=None, trans_scale_a=False, trans_scale_b=False, arch='gfx1100', chip='gfx1100', num_cu=70, num_chiplets=1)
----------------------------------------------------------------------------------------------------
FAIL: GemmConfiguration(datatype='fp8', out_dtype='f32', g=1, m=1, k=344, n=91, trans_a=False, trans_b=True, perfconfig='gemm:v1:64,256,128,1,1,1,16,3,2,1,0', scaled_gemm=False, scale_a_dtype=None, scale_b_dtype=None, trans_scale_a=False, trans_scale_b=False, arch='gfx1100', chip='gfx1100', num_cu=70, num_chiplets=1)
Lowering rejected config as not applicable
Command line = -operation gemm -t bf16 -out_datatype bf16 --arch gfx1100 --num_cu 70 --num_chiplets 1 -g 1 -m 156 -k 225 -n 409 -transA=True -transB=True --perf_config=gemm:v1:64,32,16,1,1,8,32,2,1,4,0 -pv -RMS_threshold 1e-2
Errors = loc("<stdin>":18:10): error: Fusion with SplitK perfConfig is not legal
Lowering not applicable.

----------------------------------------------------------------------------------------------------
NOT_APPLICABLE: GemmConfiguration(datatype='bf16', out_dtype='bf16', g=1, m=156, k=225, n=409, trans_a=True, trans_b=True, perfconfig='gemm:v1:64,32,16,1,1,8,32,2,1,4,0', scaled_gemm=False, scale_a_dtype=None, scale_b_dtype=None, trans_scale_a=False, trans_scale_b=False, arch='gfx1100', chip='gfx1100', num_cu=70, num_chiplets=1)
Lowering rejected config as not applicable
Command line = -operation gemm -t f16 -out_datatype f16 --arch gfx1100 --num_cu 70 --num_chiplets 1 -g 1 -m 238 -k 100 -n 40 -transA=True -transB=False --perf_config=gemm:v1:32,128,16,2,1,4,16,2,3,0,1 -pv
Errors = loc("<stdin>":18:10): error: Fusion with SplitK perfConfig is not legal
Lowering not applicable.

----------------------------------------------------------------------------------------------------
NOT_APPLICABLE: GemmConfiguration(datatype='f16', out_dtype='f16', g=1, m=238, k=100, n=40, trans_a=True, trans_b=False, perfconfig='gemm:v1:32,128,16,2,1,4,16,2,3,0,1', scaled_gemm=False, scale_a_dtype=None, scale_b_dtype=None, trans_scale_a=False, trans_scale_b=False, arch='gfx1100', chip='gfx1100', num_cu=70, num_chiplets=1)
Lowering rejected config as not applicable
Command line = -operation gemm -t bf16 -out_datatype bf16 --arch gfx1100 --num_cu 70 --num_chiplets 1 -g 1 -m 167 -k 161 -n 53 -transA=False -transB=True --perf_config=gemm:v1:128,256,128,1,1,4,32,4,2,0,2 -pv -RMS_threshold 1e-2
Errors = loc("<stdin>":17:10): error: Fusion with SplitK perfConfig is not legal
Lowering not applicable.

----------------------------------------------------------------------------------------------------
NOT_APPLICABLE: GemmConfiguration(datatype='bf16', out_dtype='bf16', g=1, m=167, k=161, n=53, trans_a=False, trans_b=True, perfconfig='gemm:v1:128,256,128,1,1,4,32,4,2,0,2', scaled_gemm=False, scale_a_dtype=None, scale_b_dtype=None, trans_scale_a=False, trans_scale_b=False, arch='gfx1100', chip='gfx1100', num_cu=70, num_chiplets=1)
----------------------------------------------------------------------------------------------------
PASS: GemmConfiguration(datatype='f32', out_dtype='f32', g=2, m=313, k=11, n=280, trans_a=False, trans_b=False, perfconfig='gemm:v1:16,32,64,1,1,2,32,1,3,8,1', scaled_gemm=False, scale_a_dtype=None, scale_b_dtype=None, trans_scale_a=False, trans_scale_b=False, arch='gfx1100', chip='gfx1100', num_cu=70, num_chiplets=1)
----------------------------------------------------------------------------------------------------
PASS: GemmConfiguration(datatype='bf16', out_dtype='bf16', g=1, m=330, k=163, n=359, trans_a=False, trans_b=True, perfconfig='gemm:v1:128,16,32,1,1,16,0,1,1,2,4', scaled_gemm=False, scale_a_dtype=None, scale_b_dtype=None, trans_scale_a=False, trans_scale_b=False, arch='gfx1100', chip='gfx1100', num_cu=70, num_chiplets=1)
----------------------------------------------------------------------------------------------------
PASS: GemmConfiguration(datatype='fp8', out_dtype='f32', g=2, m=273, k=366, n=41, trans_a=True, trans_b=True, perfconfig='gemm:v1:32,64,32,1,1,8,0,4,2,0,0', scaled_gemm=False, scale_a_dtype=None, scale_b_dtype=None, trans_scale_a=False, trans_scale_b=False, arch='gfx1100', chip='gfx1100', num_cu=70, num_chiplets=1)
----------------------------------------------------------------------------------------------------
PASS: GemmConfiguration(datatype='f32', out_dtype='f32', g=2, m=433, k=38, n=130, trans_a=True, trans_b=False, perfconfig='gemm:v1:256,32,16,1,1,2,32,3,1,4,8', scaled_gemm=False, scale_a_dtype=None, scale_b_dtype=None, trans_scale_a=False, trans_scale_b=False, arch='gfx1100', chip='gfx1100', num_cu=70, num_chiplets=1)
----------------------------------------------------------------------------------------------------
PASS: GemmConfiguration(datatype='fp8', out_dtype='f32', g=2, m=443, k=440, n=206, trans_a=False, trans_b=False, perfconfig='gemm:v1:256,64,32,2,1,16,0,4,3,0,8', scaled_gemm=False, scale_a_dtype=None, scale_b_dtype=None, trans_scale_a=False, trans_scale_b=False, arch='gfx1100', chip='gfx1100', num_cu=70, num_chiplets=1)
Lowering rejected config as not applicable
Command line = -operation gemm -t f16 -out_datatype f16 --arch gfx1100 --num_cu 70 --num_chiplets 1 -g 2 -m 469 -k 256 -n 360 -transA=False -transB=False --perf_config=gemm:v1:128,32,32,2,1,2,16,2,1,4,8 -pv
Errors = loc("<stdin>":18:10): error: Fusion with SplitK perfConfig is not legal
Lowering not applicable.

----------------------------------------------------------------------------------------------------
NOT_APPLICABLE: GemmConfiguration(datatype='f16', out_dtype='f16', g=2, m=469, k=256, n=360, trans_a=False, trans_b=False, perfconfig='gemm:v1:128,32,32,2,1,2,16,2,1,4,8', scaled_gemm=False, scale_a_dtype=None, scale_b_dtype=None, trans_scale_a=False, trans_scale_b=False, arch='gfx1100', chip='gfx1100', num_cu=70, num_chiplets=1)
Lowering rejected config as not applicable
Command line = -operation gemm -t i8 -out_datatype i32 --arch gfx1100 --num_cu 70 --num_chiplets 1 -g 1 -m 122 -k 194 -n 271 -transA=False -transB=False --perf_config=gemm:v1:64,64,32,2,1,2,16,2,1,1,0 -pv
Errors = loc("<stdin>":18:10): error: Fusion with SplitK perfConfig is not legal
Lowering not applicable.

----------------------------------------------------------------------------------------------------
NOT_APPLICABLE: GemmConfiguration(datatype='i8', out_dtype='i32', g=1, m=122, k=194, n=271, trans_a=False, trans_b=False, perfconfig='gemm:v1:64,64,32,2,1,2,16,2,1,1,0', scaled_gemm=False, scale_a_dtype=None, scale_b_dtype=None, trans_scale_a=False, trans_scale_b=False, arch='gfx1100', chip='gfx1100', num_cu=70, num_chiplets=1)
Lowering rejected config as not applicable
Command line = -operation gemm -t i8 -out_datatype i32 --arch gfx1100 --num_cu 70 --num_chiplets 1 -g 2 -m 16 -k 466 -n 34 -transA=False -transB=True --perf_config=gemm:v1:256,256,16,1,1,2,16,3,3,1,0 -pv
Errors = loc("<stdin>":18:10): error: Fusion with SplitK perfConfig is not legal
Lowering not applicable.

----------------------------------------------------------------------------------------------------
NOT_APPLICABLE: GemmConfiguration(datatype='i8', out_dtype='i32', g=2, m=16, k=466, n=34, trans_a=False, trans_b=True, perfconfig='gemm:v1:256,256,16,1,1,2,16,3,3,1,0', scaled_gemm=False, scale_a_dtype=None, scale_b_dtype=None, trans_scale_a=False, trans_scale_b=False, arch='gfx1100', chip='gfx1100', num_cu=70, num_chiplets=1)
Lowering rejected config as not applicable
Command line = -operation gemm -t i8 -out_datatype i32 --arch gfx1100 --num_cu 70 --num_chiplets 1 -g 2 -m 332 -k 263 -n 204 -transA=False -transB=True --perf_config=gemm:v1:32,256,64,2,1,4,0,2,3,8,2 -pv
Errors = loc("<stdin>":18:10): error: Fusion with SplitK perfConfig is not legal
Lowering not applicable.

----------------------------------------------------------------------------------------------------
NOT_APPLICABLE: GemmConfiguration(datatype='i8', out_dtype='i32', g=2, m=332, k=263, n=204, trans_a=False, trans_b=True, perfconfig='gemm:v1:32,256,64,2,1,4,0,2,3,8,2', scaled_gemm=False, scale_a_dtype=None, scale_b_dtype=None, trans_scale_a=False, trans_scale_b=False, arch='gfx1100', chip='gfx1100', num_cu=70, num_chiplets=1)
----------------------------------------------------------------------------------------------------
PASS: GemmConfiguration(datatype='f32', out_dtype='f32', g=1, m=434, k=431, n=18, trans_a=False, trans_b=True, perfconfig='gemm:v1:16,256,16,1,1,1,16,2,3,0,4', scaled_gemm=False, scale_a_dtype=None, scale_b_dtype=None, trans_scale_a=False, trans_scale_b=False, arch='gfx1100', chip='gfx1100', num_cu=70, num_chiplets=1)
----------------------------------------------------------------------------------------------------
PASS: GemmConfiguration(datatype='fp8', out_dtype='f32', g=1, m=18, k=47, n=314, trans_a=True, trans_b=False, perfconfig='gemm:v1:32,16,128,2,1,4,0,3,3,8,8', scaled_gemm=False, scale_a_dtype=None, scale_b_dtype=None, trans_scale_a=False, trans_scale_b=False, arch='gfx1100', chip='gfx1100', num_cu=70, num_chiplets=1)
----------------------------------------------------------------------------------------------------
PASS: GemmConfiguration(datatype='i8', out_dtype='i32', g=1, m=211, k=247, n=121, trans_a=False, trans_b=True, perfconfig='gemm:v1:128,128,16,2,1,1,0,1,2,8,8', scaled_gemm=False, scale_a_dtype=None, scale_b_dtype=None, trans_scale_a=False, trans_scale_b=False, arch='gfx1100', chip='gfx1100', num_cu=70, num_chiplets=1)
----------------------------------------------------------------------------------------------------
PASS: GemmConfiguration(datatype='f32', out_dtype='f32', g=2, m=245, k=229, n=144, trans_a=True, trans_b=True, perfconfig='gemm:v1:64,128,32,2,1,2,0,2,2,0,0', scaled_gemm=False, scale_a_dtype=None, scale_b_dtype=None, trans_scale_a=False, trans_scale_b=False, arch='gfx1100', chip='gfx1100', num_cu=70, num_chiplets=1)
Lowering rejected config as not applicable
Command line = -operation gemm -t i8 -out_datatype i32 --arch gfx1100 --num_cu 70 --num_chiplets 1 -g 2 -m 356 -k 296 -n 223 -transA=False -transB=True --perf_config=gemm:v1:128,256,64,2,1,2,32,2,2,1,8 -pv
Errors = loc("<stdin>":18:10): error: Fusion with SplitK perfConfig is not legal
Lowering not applicable.

----------------------------------------------------------------------------------------------------
NOT_APPLICABLE: GemmConfiguration(datatype='i8', out_dtype='i32', g=2, m=356, k=296, n=223, trans_a=False, trans_b=True, perfconfig='gemm:v1:128,256,64,2,1,2,32,2,2,1,8', scaled_gemm=False, scale_a_dtype=None, scale_b_dtype=None, trans_scale_a=False, trans_scale_b=False, arch='gfx1100', chip='gfx1100', num_cu=70, num_chiplets=1)
Lowering rejected config as not applicable
Command line = -operation gemm -t f16 -out_datatype f16 --arch gfx1100 --num_cu 70 --num_chiplets 1 -g 1 -m 457 -k 248 -n 382 -transA=True -transB=False --perf_config=gemm:v1:64,128,16,1,1,8,32,3,3,8,2 -pv
Errors = loc("<stdin>":18:10): error: Fusion with SplitK perfConfig is not legal
Lowering not applicable.

----------------------------------------------------------------------------------------------------
NOT_APPLICABLE: GemmConfiguration(datatype='f16', out_dtype='f16', g=1, m=457, k=248, n=382, trans_a=True, trans_b=False, perfconfig='gemm:v1:64,128,16,1,1,8,32,3,3,8,2', scaled_gemm=False, scale_a_dtype=None, scale_b_dtype=None, trans_scale_a=False, trans_scale_b=False, arch='gfx1100', chip='gfx1100', num_cu=70, num_chiplets=1)
Lowering rejected config as not applicable
Command line = -operation gemm -t i8 -out_datatype i32 --arch gfx1100 --num_cu 70 --num_chiplets 1 -g 2 -m 163 -k 366 -n 402 -transA=False -transB=False --perf_config=gemm:v1:128,64,64,1,1,1,16,4,3,0,2 -pv
Errors = loc("<stdin>":18:10): error: Fusion with SplitK perfConfig is not legal
Lowering not applicable.

----------------------------------------------------------------------------------------------------
NOT_APPLICABLE: GemmConfiguration(datatype='i8', out_dtype='i32', g=2, m=163, k=366, n=402, trans_a=False, trans_b=False, perfconfig='gemm:v1:128,64,64,1,1,1,16,4,3,0,2', scaled_gemm=False, scale_a_dtype=None, scale_b_dtype=None, trans_scale_a=False, trans_scale_b=False, arch='gfx1100', chip='gfx1100', num_cu=70, num_chiplets=1)
Lowering rejected config as not applicable
Command line = -operation gemm -t f16 -out_datatype f16 --arch gfx1100 --num_cu 70 --num_chiplets 1 -g 1 -m 416 -k 233 -n 462 -transA=False -transB=True --perf_config=gemm:v1:64,16,64,2,1,16,0,3,3,0,2 -pv
Errors = loc("<stdin>":17:10): error: Fusion with SplitK perfConfig is not legal
Lowering not applicable.

----------------------------------------------------------------------------------------------------
NOT_APPLICABLE: GemmConfiguration(datatype='f16', out_dtype='f16', g=1, m=416, k=233, n=462, trans_a=False, trans_b=True, perfconfig='gemm:v1:64,16,64,2,1,16,0,3,3,0,2', scaled_gemm=False, scale_a_dtype=None, scale_b_dtype=None, trans_scale_a=False, trans_scale_b=False, arch='gfx1100', chip='gfx1100', num_cu=70, num_chiplets=1)
Lowering rejected config as not applicable
Command line = -operation gemm -t f16 -out_datatype f16 --arch gfx1100 --num_cu 70 --num_chiplets 1 -g 2 -m 504 -k 123 -n 396 -transA=True -transB=False --perf_config=gemm:v1:128,128,32,1,1,1,0,2,1,0,2 -pv
Errors = loc("<stdin>":18:10): error: Fusion with SplitK perfConfig is not legal
Lowering not applicable.

----------------------------------------------------------------------------------------------------
NOT_APPLICABLE: GemmConfiguration(datatype='f16', out_dtype='f16', g=2, m=504, k=123, n=396, trans_a=True, trans_b=False, perfconfig='gemm:v1:128,128,32,1,1,1,0,2,1,0,2', scaled_gemm=False, scale_a_dtype=None, scale_b_dtype=None, trans_scale_a=False, trans_scale_b=False, arch='gfx1100', chip='gfx1100', num_cu=70, num_chiplets=1)
----------------------------------------------------------------------------------------------------
PASS: GemmConfiguration(datatype='f32', out_dtype='f32', g=2, m=460, k=211, n=213, trans_a=True, trans_b=True, perfconfig='gemm:v1:32,16,64,2,1,1,32,4,1,4,8', scaled_gemm=False, scale_a_dtype=None, scale_b_dtype=None, trans_scale_a=False, trans_scale_b=False, arch='gfx1100', chip='gfx1100', num_cu=70, num_chiplets=1)
----------------------------------------------------------------------------------------------------
PASS: GemmConfiguration(datatype='bf16', out_dtype='bf16', g=1, m=280, k=354, n=54, trans_a=True, trans_b=False, perfconfig='gemm:v1:16,64,64,2,1,2,16,1,2,8,2', scaled_gemm=False, scale_a_dtype=None, scale_b_dtype=None, trans_scale_a=False, trans_scale_b=False, arch='gfx1100', chip='gfx1100', num_cu=70, num_chiplets=1)
Lowering rejected config as not applicable
Command line = -operation gemm -t fp8 -out_datatype f32 --arch gfx1100 --num_cu 70 --num_chiplets 1 -g 1 -m 163 -k 391 -n 503 -transA=True -transB=False --perf_config=gemm:v1:256,64,128,2,1,4,32,3,3,4,4 -pv -relDiff_threshold 1e-5
Errors = loc("<stdin>":13:1): error: ttg.shared (81920) exceeds LDS limit (65536) for amdgcn-amd-amdhsa:gfx1100
Lowering not applicable.

----------------------------------------------------------------------------------------------------
NOT_APPLICABLE: GemmConfiguration(datatype='fp8', out_dtype='f32', g=1, m=163, k=391, n=503, trans_a=True, trans_b=False, perfconfig='gemm:v1:256,64,128,2,1,4,32,3,3,4,4', scaled_gemm=False, scale_a_dtype=None, scale_b_dtype=None, trans_scale_a=False, trans_scale_b=False, arch='gfx1100', chip='gfx1100', num_cu=70, num_chiplets=1)
Lowering rejected config as not applicable
Command line = -operation gemm -t bf16 -out_datatype bf16 --arch gfx1100 --num_cu 70 --num_chiplets 1 -g 1 -m 264 -k 351 -n 429 -transA=True -transB=False --perf_config=gemm:v1:32,32,32,2,1,1,32,4,1,4,4 -pv -RMS_threshold 1e-2
Errors = loc("<stdin>":18:10): error: Fusion with SplitK perfConfig is not legal
Lowering not applicable.

----------------------------------------------------------------------------------------------------
NOT_APPLICABLE: GemmConfiguration(datatype='bf16', out_dtype='bf16', g=1, m=264, k=351, n=429, trans_a=True, trans_b=False, perfconfig='gemm:v1:32,32,32,2,1,1,32,4,1,4,4', scaled_gemm=False, scale_a_dtype=None, scale_b_dtype=None, trans_scale_a=False, trans_scale_b=False, arch='gfx1100', chip='gfx1100', num_cu=70, num_chiplets=1)
Lowering rejected config as not applicable
Command line = -operation gemm -t bf16 -out_datatype bf16 --arch gfx1100 --num_cu 70 --num_chiplets 1 -g 1 -m 27 -k 154 -n 185 -transA=True -transB=False --perf_config=gemm:v1:256,16,64,2,1,4,16,2,2,4,4 -pv -RMS_threshold 1e-2
Errors = loc("<stdin>":18:10): error: Fusion with SplitK perfConfig is not legal
Lowering not applicable.

----------------------------------------------------------------------------------------------------
NOT_APPLICABLE: GemmConfiguration(datatype='bf16', out_dtype='bf16', g=1, m=27, k=154, n=185, trans_a=True, trans_b=False, perfconfig='gemm:v1:256,16,64,2,1,4,16,2,2,4,4', scaled_gemm=False, scale_a_dtype=None, scale_b_dtype=None, trans_scale_a=False, trans_scale_b=False, arch='gfx1100', chip='gfx1100', num_cu=70, num_chiplets=1)
Lowering rejected config as not applicable
Command line = -operation gemm -t f16 -out_datatype f16 --arch gfx1100 --num_cu 70 --num_chiplets 1 -g 2 -m 436 -k 304 -n 53 -transA=False -transB=True --perf_config=gemm:v1:256,256,16,2,1,1,16,2,2,8,1 -pv
Errors = loc("<stdin>":18:10): error: Fusion with SplitK perfConfig is not legal
Lowering not applicable.

----------------------------------------------------------------------------------------------------
NOT_APPLICABLE: GemmConfiguration(datatype='f16', out_dtype='f16', g=2, m=436, k=304, n=53, trans_a=False, trans_b=True, perfconfig='gemm:v1:256,256,16,2,1,1,16,2,2,8,1', scaled_gemm=False, scale_a_dtype=None, scale_b_dtype=None, trans_scale_a=False, trans_scale_b=False, arch='gfx1100', chip='gfx1100', num_cu=70, num_chiplets=1)
----------------------------------------------------------------------------------------------------
PASS: GemmConfiguration(datatype='f32', out_dtype='f32', g=1, m=112, k=359, n=381, trans_a=False, trans_b=False, perfconfig='gemm:v1:256,16,16,2,1,4,16,2,2,2,2', scaled_gemm=False, scale_a_dtype=None, scale_b_dtype=None, trans_scale_a=False, trans_scale_b=False, arch='gfx1100', chip='gfx1100', num_cu=70, num_chiplets=1)
----------------------------------------------------------------------------------------------------
PASS: GemmConfiguration(datatype='i8', out_dtype='i32', g=1, m=423, k=421, n=138, trans_a=True, trans_b=False, perfconfig='gemm:v1:128,16,32,2,1,2,0,1,1,0,1', scaled_gemm=False, scale_a_dtype=None, scale_b_dtype=None, trans_scale_a=False, trans_scale_b=False, arch='gfx1100', chip='gfx1100', num_cu=70, num_chiplets=1)
----------------------------------------------------------------------------------------------------
PASS: GemmConfiguration(datatype='bf16', out_dtype='bf16', g=1, m=112, k=103, n=483, trans_a=True, trans_b=False, perfconfig='gemm:v1:128,64,128,2,1,4,16,1,3,8,2', scaled_gemm=False, scale_a_dtype=None, scale_b_dtype=None, trans_scale_a=False, trans_scale_b=False, arch='gfx1100', chip='gfx1100', num_cu=70, num_chiplets=1)
----------------------------------------------------------------------------------------------------
PASS: GemmConfiguration(datatype='fp8', out_dtype='f32', g=2, m=230, k=128, n=93, trans_a=True, trans_b=True, perfconfig='gemm:v1:32,16,128,1,1,8,0,4,2,0,1', scaled_gemm=False, scale_a_dtype=None, scale_b_dtype=None, trans_scale_a=False, trans_scale_b=False, arch='gfx1100', chip='gfx1100', num_cu=70, num_chiplets=1)
----------------------------------------------------------------------------------------------------
PASS: GemmConfiguration(datatype='fp8', out_dtype='f32', g=1, m=123, k=230, n=244, trans_a=True, trans_b=True, perfconfig='gemm:v1:256,128,64,1,1,1,32,2,1,4,1', scaled_gemm=False, scale_a_dtype=None, scale_b_dtype=None, trans_scale_a=False, trans_scale_b=False, arch='gfx1100', chip='gfx1100', num_cu=70, num_chiplets=1)
Lowering rejected config as not applicable
Command line = -operation gemm -t i8 -out_datatype i32 --arch gfx1100 --num_cu 70 --num_chiplets 1 -g 2 -m 86 -k 361 -n 199 -transA=True -transB=False --perf_config=gemm:v1:16,256,128,1,1,1,0,3,1,2,8 -pv
Errors = loc("<stdin>":18:10): error: Fusion with SplitK perfConfig is not legal
Lowering not applicable.

----------------------------------------------------------------------------------------------------
NOT_APPLICABLE: GemmConfiguration(datatype='i8', out_dtype='i32', g=2, m=86, k=361, n=199, trans_a=True, trans_b=False, perfconfig='gemm:v1:16,256,128,1,1,1,0,3,1,2,8', scaled_gemm=False, scale_a_dtype=None, scale_b_dtype=None, trans_scale_a=False, trans_scale_b=False, arch='gfx1100', chip='gfx1100', num_cu=70, num_chiplets=1)
Lowering rejected config as not applicable
Command line = -operation gemm -t f16 -out_datatype f16 --arch gfx1100 --num_cu 70 --num_chiplets 1 -g 1 -m 504 -k 490 -n 364 -transA=False -transB=False --perf_config=gemm:v1:32,16,32,2,1,4,32,3,1,4,8 -pv
Errors = loc("<stdin>":18:10): error: Fusion with SplitK perfConfig is not legal
Lowering not applicable.

----------------------------------------------------------------------------------------------------
NOT_APPLICABLE: GemmConfiguration(datatype='f16', out_dtype='f16', g=1, m=504, k=490, n=364, trans_a=False, trans_b=False, perfconfig='gemm:v1:32,16,32,2,1,4,32,3,1,4,8', scaled_gemm=False, scale_a_dtype=None, scale_b_dtype=None, trans_scale_a=False, trans_scale_b=False, arch='gfx1100', chip='gfx1100', num_cu=70, num_chiplets=1)
Lowering rejected config as not applicable
Command line = -operation gemm -t f16 -out_datatype f16 --arch gfx1100 --num_cu 70 --num_chiplets 1 -g 2 -m 346 -k 283 -n 384 -transA=False -transB=True --perf_config=gemm:v1:64,16,16,1,1,16,0,3,3,0,0 -pv
Errors = loc("<stdin>":18:10): error: Fusion with SplitK perfConfig is not legal
Lowering not applicable.

----------------------------------------------------------------------------------------------------
NOT_APPLICABLE: GemmConfiguration(datatype='f16', out_dtype='f16', g=2, m=346, k=283, n=384, trans_a=False, trans_b=True, perfconfig='gemm:v1:64,16,16,1,1,16,0,3,3,0,0', scaled_gemm=False, scale_a_dtype=None, scale_b_dtype=None, trans_scale_a=False, trans_scale_b=False, arch='gfx1100', chip='gfx1100', num_cu=70, num_chiplets=1)
Lowering rejected config as not applicable
Command line = -operation gemm -t i8 -out_datatype i32 --arch gfx1100 --num_cu 70 --num_chiplets 1 -g 1 -m 65 -k 231 -n 248 -transA=False -transB=False --perf_config=gemm:v1:64,256,16,2,1,1,32,4,3,0,2 -pv
Errors = loc("<stdin>":18:10): error: Fusion with SplitK perfConfig is not legal
Lowering not applicable.

----------------------------------------------------------------------------------------------------
NOT_APPLICABLE: GemmConfiguration(datatype='i8', out_dtype='i32', g=1, m=65, k=231, n=248, trans_a=False, trans_b=False, perfconfig='gemm:v1:64,256,16,2,1,1,32,4,3,0,2', scaled_gemm=False, scale_a_dtype=None, scale_b_dtype=None, trans_scale_a=False, trans_scale_b=False, arch='gfx1100', chip='gfx1100', num_cu=70, num_chiplets=1)
----------------------------------------------------------------------------------------------------
PASS: GemmConfiguration(datatype='f32', out_dtype='f32', g=2, m=258, k=168, n=15, trans_a=False, trans_b=False, perfconfig='gemm:v1:32,16,16,2,1,8,16,4,3,2,2', scaled_gemm=False, scale_a_dtype=None, scale_b_dtype=None, trans_scale_a=False, trans_scale_b=False, arch='gfx1100', chip='gfx1100', num_cu=70, num_chiplets=1)
Lowering rejected config as not applicable
Command line = -operation gemm -t f32 -out_datatype f32 --arch gfx1100 --num_cu 70 --num_chiplets 1 -g 1 -m 14 -k 304 -n 477 -transA=False -transB=False --perf_config=gemm:v1:256,16,128,2,1,1,16,1,1,4,8 -pv
Errors = loc("<stdin>":11:1): error: ttg.shared (131072) exceeds LDS limit (65536) for amdgcn-amd-amdhsa:gfx1100
Lowering not applicable.

----------------------------------------------------------------------------------------------------
NOT_APPLICABLE: GemmConfiguration(datatype='f32', out_dtype='f32', g=1, m=14, k=304, n=477, trans_a=False, trans_b=False, perfconfig='gemm:v1:256,16,128,2,1,1,16,1,1,4,8', scaled_gemm=False, scale_a_dtype=None, scale_b_dtype=None, trans_scale_a=False, trans_scale_b=False, arch='gfx1100', chip='gfx1100', num_cu=70, num_chiplets=1)
Lowering rejected config as not applicable
Command line = -operation gemm -t f32 -out_datatype f32 --arch gfx1100 --num_cu 70 --num_chiplets 1 -g 2 -m 359 -k 141 -n 40 -transA=True -transB=True --perf_config=gemm:v1:64,256,64,2,1,1,32,1,3,8,0 -pv
Errors = loc("<stdin>":11:1): error: ttg.shared (163840) exceeds LDS limit (65536) for amdgcn-amd-amdhsa:gfx1100
Lowering not applicable.

----------------------------------------------------------------------------------------------------
NOT_APPLICABLE: GemmConfiguration(datatype='f32', out_dtype='f32', g=2, m=359, k=141, n=40, trans_a=True, trans_b=True, perfconfig='gemm:v1:64,256,64,2,1,1,32,1,3,8,0', scaled_gemm=False, scale_a_dtype=None, scale_b_dtype=None, trans_scale_a=False, trans_scale_b=False, arch='gfx1100', chip='gfx1100', num_cu=70, num_chiplets=1)
----------------------------------------------------------------------------------------------------
PASS: GemmConfiguration(datatype='f32', out_dtype='f32', g=1, m=122, k=410, n=339, trans_a=True, trans_b=False, perfconfig='gemm:v1:128,16,128,2,1,2,0,4,2,2,4', scaled_gemm=False, scale_a_dtype=None, scale_b_dtype=None, trans_scale_a=False, trans_scale_b=False, arch='gfx1100', chip='gfx1100', num_cu=70, num_chiplets=1)
Lowering rejected config as not applicable
Command line = -operation gemm -t i8 -out_datatype i32 --arch gfx1100 --num_cu 70 --num_chiplets 1 -g 1 -m 483 -k 44 -n 179 -transA=False -transB=False --perf_config=gemm:v1:16,128,64,2,1,1,32,4,1,1,8 -pv
Errors = loc("<stdin>":18:10): error: Fusion with SplitK perfConfig is not legal
Lowering not applicable.

----------------------------------------------------------------------------------------------------
NOT_APPLICABLE: GemmConfiguration(datatype='i8', out_dtype='i32', g=1, m=483, k=44, n=179, trans_a=False, trans_b=False, perfconfig='gemm:v1:16,128,64,2,1,1,32,4,1,1,8', scaled_gemm=False, scale_a_dtype=None, scale_b_dtype=None, trans_scale_a=False, trans_scale_b=False, arch='gfx1100', chip='gfx1100', num_cu=70, num_chiplets=1)
Lowering rejected config as not applicable
Command line = -operation gemm -t bf16 -out_datatype bf16 --arch gfx1100 --num_cu 70 --num_chiplets 1 -g 1 -m 4 -k 50 -n 68 -transA=True -transB=False --perf_config=gemm:v1:32,32,128,2,1,4,0,4,3,8,0 -pv -RMS_threshold 1e-2
Errors = loc("<stdin>":18:10): error: Fusion with SplitK perfConfig is not legal
Lowering not applicable.

----------------------------------------------------------------------------------------------------
NOT_APPLICABLE: GemmConfiguration(datatype='bf16', out_dtype='bf16', g=1, m=4, k=50, n=68, trans_a=True, trans_b=False, perfconfig='gemm:v1:32,32,128,2,1,4,0,4,3,8,0', scaled_gemm=False, scale_a_dtype=None, scale_b_dtype=None, trans_scale_a=False, trans_scale_b=False, arch='gfx1100', chip='gfx1100', num_cu=70, num_chiplets=1)
Lowering rejected config as not applicable
Command line = -operation gemm -t i8 -out_datatype i32 --arch gfx1100 --num_cu 70 --num_chiplets 1 -g 1 -m 500 -k 108 -n 64 -transA=True -transB=True --perf_config=gemm:v1:16,128,32,1,1,16,0,3,1,1,1 -pv
Errors = loc("<stdin>":18:10): error: Fusion with SplitK perfConfig is not legal
Lowering not applicable.

----------------------------------------------------------------------------------------------------
NOT_APPLICABLE: GemmConfiguration(datatype='i8', out_dtype='i32', g=1, m=500, k=108, n=64, trans_a=True, trans_b=True, perfconfig='gemm:v1:16,128,32,1,1,16,0,3,1,1,1', scaled_gemm=False, scale_a_dtype=None, scale_b_dtype=None, trans_scale_a=False, trans_scale_b=False, arch='gfx1100', chip='gfx1100', num_cu=70, num_chiplets=1)
Lowering rejected config as not applicable
Command line = -operation gemm -t i8 -out_datatype i32 --arch gfx1100 --num_cu 70 --num_chiplets 1 -g 2 -m 215 -k 16 -n 176 -transA=True -transB=False --perf_config=gemm:v1:128,128,128,2,1,4,32,3,3,4,8 -pv
Errors = loc("<stdin>":18:10): error: Fusion with SplitK perfConfig is not legal
Lowering not applicable.

----------------------------------------------------------------------------------------------------
NOT_APPLICABLE: GemmConfiguration(datatype='i8', out_dtype='i32', g=2, m=215, k=16, n=176, trans_a=True, trans_b=False, perfconfig='gemm:v1:128,128,128,2,1,4,32,3,3,4,8', scaled_gemm=False, scale_a_dtype=None, scale_b_dtype=None, trans_scale_a=False, trans_scale_b=False, arch='gfx1100', chip='gfx1100', num_cu=70, num_chiplets=1)
----------------------------------------------------------------------------------------------------
PASS: GemmConfiguration(datatype='fp8', out_dtype='f32', g=2, m=135, k=88, n=386, trans_a=False, trans_b=False, perfconfig='gemm:v1:32,128,32,2,1,16,0,3,1,8,4', scaled_gemm=False, scale_a_dtype=None, scale_b_dtype=None, trans_scale_a=False, trans_scale_b=False, arch='gfx1100', chip='gfx1100', num_cu=70, num_chiplets=1)
----------------------------------------------------------------------------------------------------
PASS: GemmConfiguration(datatype='f32', out_dtype='f32', g=1, m=92, k=124, n=448, trans_a=False, trans_b=True, perfconfig='gemm:v1:16,32,64,1,1,8,16,2,2,8,0', scaled_gemm=False, scale_a_dtype=None, scale_b_dtype=None, trans_scale_a=False, trans_scale_b=False, arch='gfx1100', chip='gfx1100', num_cu=70, num_chiplets=1)
----------------------------------------------------------------------------------------------------
PASS: GemmConfiguration(datatype='fp8', out_dtype='f32', g=1, m=159, k=89, n=273, trans_a=False, trans_b=True, perfconfig='gemm:v1:32,64,16,1,1,1,0,3,1,4,1', scaled_gemm=False, scale_a_dtype=None, scale_b_dtype=None, trans_scale_a=False, trans_scale_b=False, arch='gfx1100', chip='gfx1100', num_cu=70, num_chiplets=1)
----------------------------------------------------------------------------------------------------
PASS: GemmConfiguration(datatype='bf16', out_dtype='bf16', g=2, m=115, k=82, n=304, trans_a=False, trans_b=False, perfconfig='gemm:v1:128,128,128,2,1,1,32,1,1,2,8', scaled_gemm=False, scale_a_dtype=None, scale_b_dtype=None, trans_scale_a=False, trans_scale_b=False, arch='gfx1100', chip='gfx1100', num_cu=70, num_chiplets=1)
Lowering rejected config as not applicable
Command line = -operation gemm -t f16 -out_datatype f16 --arch gfx1100 --num_cu 70 --num_chiplets 1 -g 2 -m 64 -k 20 -n 115 -transA=True -transB=False --perf_config=gemm:v1:64,128,128,1,1,16,16,4,1,4,0 -pv
Errors = loc("<stdin>":18:10): error: Fusion with SplitK perfConfig is not legal
Lowering not applicable.

----------------------------------------------------------------------------------------------------
NOT_APPLICABLE: GemmConfiguration(datatype='f16', out_dtype='f16', g=2, m=64, k=20, n=115, trans_a=True, trans_b=False, perfconfig='gemm:v1:64,128,128,1,1,16,16,4,1,4,0', scaled_gemm=False, scale_a_dtype=None, scale_b_dtype=None, trans_scale_a=False, trans_scale_b=False, arch='gfx1100', chip='gfx1100', num_cu=70, num_chiplets=1)
Lowering rejected config as not applicable
Command line = -operation gemm -t f16 -out_datatype f16 --arch gfx1100 --num_cu 70 --num_chiplets 1 -g 1 -m 359 -k 342 -n 335 -transA=False -transB=False --perf_config=gemm:v1:256,256,128,1,1,1,0,4,3,4,2 -pv
Errors = loc("<stdin>":18:10): error: Fusion with SplitK perfConfig is not legal
Lowering not applicable.

----------------------------------------------------------------------------------------------------
NOT_APPLICABLE: GemmConfiguration(datatype='f16', out_dtype='f16', g=1, m=359, k=342, n=335, trans_a=False, trans_b=False, perfconfig='gemm:v1:256,256,128,1,1,1,0,4,3,4,2', scaled_gemm=False, scale_a_dtype=None, scale_b_dtype=None, trans_scale_a=False, trans_scale_b=False, arch='gfx1100', chip='gfx1100', num_cu=70, num_chiplets=1)
Lowering rejected config as not applicable
Command line = -operation gemm -t f32 -out_datatype f32 --arch gfx1100 --num_cu 70 --num_chiplets 1 -g 2 -m 191 -k 402 -n 352 -transA=True -transB=True --perf_config=gemm:v1:256,32,64,1,1,2,32,1,3,2,8 -pv
Errors = loc("<stdin>":11:1): error: ttg.shared (147456) exceeds LDS limit (65536) for amdgcn-amd-amdhsa:gfx1100
Lowering not applicable.

----------------------------------------------------------------------------------------------------
NOT_APPLICABLE: GemmConfiguration(datatype='f32', out_dtype='f32', g=2, m=191, k=402, n=352, trans_a=True, trans_b=True, perfconfig='gemm:v1:256,32,64,1,1,2,32,1,3,2,8', scaled_gemm=False, scale_a_dtype=None, scale_b_dtype=None, trans_scale_a=False, trans_scale_b=False, arch='gfx1100', chip='gfx1100', num_cu=70, num_chiplets=1)
----------------------------------------------------------------------------------------------------
PASS: GemmConfiguration(datatype='bf16', out_dtype='bf16', g=1, m=49, k=105, n=461, trans_a=True, trans_b=True, perfconfig='gemm:v1:256,256,16,2,1,16,0,1,3,8,8', scaled_gemm=False, scale_a_dtype=None, scale_b_dtype=None, trans_scale_a=False, trans_scale_b=False, arch='gfx1100', chip='gfx1100', num_cu=70, num_chiplets=1)
----------------------------------------------------------------------------------------------------
PASS: GemmConfiguration(datatype='fp8', out_dtype='f32', g=1, m=30, k=451, n=496, trans_a=False, trans_b=False, perfconfig='gemm:v1:32,16,64,2,1,8,16,1,2,2,8', scaled_gemm=False, scale_a_dtype=None, scale_b_dtype=None, trans_scale_a=False, trans_scale_b=False, arch='gfx1100', chip='gfx1100', num_cu=70, num_chiplets=1)
----------------------------------------------------------------------------------------------------
PASS: GemmConfiguration(datatype='f32', out_dtype='f32', g=2, m=289, k=217, n=141, trans_a=True, trans_b=True, perfconfig='gemm:v1:128,32,128,1,1,8,32,3,3,1,2', scaled_gemm=False, scale_a_dtype=None, scale_b_dtype=None, trans_scale_a=False, trans_scale_b=False, arch='gfx1100', chip='gfx1100', num_cu=70, num_chiplets=1)
----------------------------------------------------------------------------------------------------
PASS: GemmConfiguration(datatype='f32', out_dtype='f32', g=2, m=97, k=169, n=360, trans_a=True, trans_b=False, perfconfig='gemm:v1:32,128,128,1,1,2,16,3,1,0,8', scaled_gemm=False, scale_a_dtype=None, scale_b_dtype=None, trans_scale_a=False, trans_scale_b=False, arch='gfx1100', chip='gfx1100', num_cu=70, num_chiplets=1)
----------------------------------------------------------------------------------------------------
PASS: GemmConfiguration(datatype='f32', out_dtype='f32', g=2, m=100, k=38, n=471, trans_a=True, trans_b=True, perfconfig='gemm:v1:64,64,128,1,1,1,16,4,2,0,1', scaled_gemm=False, scale_a_dtype=None, scale_b_dtype=None, trans_scale_a=False, trans_scale_b=False, arch='gfx1100', chip='gfx1100', num_cu=70, num_chiplets=1)
Lowering rejected config as not applicable
Command line = -operation gemm -t i8 -out_datatype i32 --arch gfx1100 --num_cu 70 --num_chiplets 1 -g 1 -m 5 -k 27 -n 115 -transA=False -transB=True --perf_config=gemm:v1:256,256,16,1,1,16,0,3,1,1,0 -pv
Errors = loc("<stdin>":17:10): error: Fusion with SplitK perfConfig is not legal
Lowering not applicable.

----------------------------------------------------------------------------------------------------
NOT_APPLICABLE: GemmConfiguration(datatype='i8', out_dtype='i32', g=1, m=5, k=27, n=115, trans_a=False, trans_b=True, perfconfig='gemm:v1:256,256,16,1,1,16,0,3,1,1,0', scaled_gemm=False, scale_a_dtype=None, scale_b_dtype=None, trans_scale_a=False, trans_scale_b=False, arch='gfx1100', chip='gfx1100', num_cu=70, num_chiplets=1)
Lowering rejected config as not applicable
Command line = -operation gemm -t i8 -out_datatype i32 --arch gfx1100 --num_cu 70 --num_chiplets 1 -g 2 -m 148 -k 498 -n 333 -transA=True -transB=True --perf_config=gemm:v1:64,128,128,1,1,8,32,4,2,0,0 -pv
Errors = loc("<stdin>":18:10): error: Fusion with SplitK perfConfig is not legal
Lowering not applicable.

----------------------------------------------------------------------------------------------------
NOT_APPLICABLE: GemmConfiguration(datatype='i8', out_dtype='i32', g=2, m=148, k=498, n=333, trans_a=True, trans_b=True, perfconfig='gemm:v1:64,128,128,1,1,8,32,4,2,0,0', scaled_gemm=False, scale_a_dtype=None, scale_b_dtype=None, trans_scale_a=False, trans_scale_b=False, arch='gfx1100', chip='gfx1100', num_cu=70, num_chiplets=1)
Lowering rejected config as not applicable
Command line = -operation gemm -t bf16 -out_datatype bf16 --arch gfx1100 --num_cu 70 --num_chiplets 1 -g 2 -m 148 -k 443 -n 411 -transA=True -transB=True --perf_config=gemm:v1:256,128,32,1,1,4,16,4,2,4,2 -pv -RMS_threshold 1e-2
Errors = loc("<stdin>":18:10): error: Fusion with SplitK perfConfig is not legal
Lowering not applicable.

----------------------------------------------------------------------------------------------------
NOT_APPLICABLE: GemmConfiguration(datatype='bf16', out_dtype='bf16', g=2, m=148, k=443, n=411, trans_a=True, trans_b=True, perfconfig='gemm:v1:256,128,32,1,1,4,16,4,2,4,2', scaled_gemm=False, scale_a_dtype=None, scale_b_dtype=None, trans_scale_a=False, trans_scale_b=False, arch='gfx1100', chip='gfx1100', num_cu=70, num_chiplets=1)
----------------------------------------------------------------------------------------------------
PASS: GemmConfiguration(datatype='f32', out_dtype='f32', g=2, m=444, k=350, n=496, trans_a=False, trans_b=True, perfconfig='gemm:v1:16,16,32,1,1,8,0,2,2,2,4', scaled_gemm=False, scale_a_dtype=None, scale_b_dtype=None, trans_scale_a=False, trans_scale_b=False, arch='gfx1100', chip='gfx1100', num_cu=70, num_chiplets=1)
Lowering rejected config as not applicable
Command line = -operation gemm -t fp8 -out_datatype f32 --arch gfx1100 --num_cu 70 --num_chiplets 1 -g 2 -m 393 -k 415 -n 101 -transA=False -transB=False --perf_config=gemm:v1:128,256,128,1,1,16,32,2,3,2,4 -pv -relDiff_threshold 1e-5
Errors = loc("<stdin>":13:1): error: ttg.shared (131072) exceeds LDS limit (65536) for amdgcn-amd-amdhsa:gfx1100
Lowering not applicable.

----------------------------------------------------------------------------------------------------
NOT_APPLICABLE: GemmConfiguration(datatype='fp8', out_dtype='f32', g=2, m=393, k=415, n=101, trans_a=False, trans_b=False, perfconfig='gemm:v1:128,256,128,1,1,16,32,2,3,2,4', scaled_gemm=False, scale_a_dtype=None, scale_b_dtype=None, trans_scale_a=False, trans_scale_b=False, arch='gfx1100', chip='gfx1100', num_cu=70, num_chiplets=1)
----------------------------------------------------------------------------------------------------
PASS: GemmConfiguration(datatype='fp8', out_dtype='f32', g=2, m=414, k=300, n=488, trans_a=False, trans_b=False, perfconfig='gemm:v1:16,128,64,2,1,8,32,3,2,0,8', scaled_gemm=False, scale_a_dtype=None, scale_b_dtype=None, trans_scale_a=False, trans_scale_b=False, arch='gfx1100', chip='gfx1100', num_cu=70, num_chiplets=1)
----------------------------------------------------------------------------------------------------
PASS: GemmConfiguration(datatype='fp8', out_dtype='f32', g=1, m=396, k=224, n=342, trans_a=True, trans_b=False, perfconfig='gemm:v1:256,16,128,2,1,8,16,2,2,4,4', scaled_gemm=False, scale_a_dtype=None, scale_b_dtype=None, trans_scale_a=False, trans_scale_b=False, arch='gfx1100', chip='gfx1100', num_cu=70, num_chiplets=1)
----------------------------------------------------------------------------------------------------
PASS: GemmConfiguration(datatype='fp8', out_dtype='f32', g=1, m=45, k=241, n=98, trans_a=False, trans_b=False, perfconfig='gemm:v1:256,16,128,1,1,8,16,3,3,1,2', scaled_gemm=False, scale_a_dtype=None, scale_b_dtype=None, trans_scale_a=False, trans_scale_b=False, arch='gfx1100', chip='gfx1100', num_cu=70, num_chiplets=1)
Lowering rejected config as not applicable
Command line = -operation gemm -t bf16 -out_datatype bf16 --arch gfx1100 --num_cu 70 --num_chiplets 1 -g 2 -m 83 -k 512 -n 480 -transA=False -transB=False --perf_config=gemm:v1:256,16,128,2,1,2,32,4,3,1,2 -pv -RMS_threshold 1e-2
Errors = loc("<stdin>":18:10): error: Fusion with SplitK perfConfig is not legal
Lowering not applicable.

----------------------------------------------------------------------------------------------------
NOT_APPLICABLE: GemmConfiguration(datatype='bf16', out_dtype='bf16', g=2, m=83, k=512, n=480, trans_a=False, trans_b=False, perfconfig='gemm:v1:256,16,128,2,1,2,32,4,3,1,2', scaled_gemm=False, scale_a_dtype=None, scale_b_dtype=None, trans_scale_a=False, trans_scale_b=False, arch='gfx1100', chip='gfx1100', num_cu=70, num_chiplets=1)
Lowering rejected config as not applicable
Command line = -operation gemm -t f16 -out_datatype f16 --arch gfx1100 --num_cu 70 --num_chiplets 1 -g 2 -m 132 -k 27 -n 262 -transA=True -transB=True --perf_config=gemm:v1:64,64,32,1,1,8,0,2,1,4,0 -pv
Errors = loc("<stdin>":18:10): error: Fusion with SplitK perfConfig is not legal
Lowering not applicable.

----------------------------------------------------------------------------------------------------
NOT_APPLICABLE: GemmConfiguration(datatype='f16', out_dtype='f16', g=2, m=132, k=27, n=262, trans_a=True, trans_b=True, perfconfig='gemm:v1:64,64,32,1,1,8,0,2,1,4,0', scaled_gemm=False, scale_a_dtype=None, scale_b_dtype=None, trans_scale_a=False, trans_scale_b=False, arch='gfx1100', chip='gfx1100', num_cu=70, num_chiplets=1)
Lowering rejected config as not applicable
Command line = -operation gemm -t f16 -out_datatype f16 --arch gfx1100 --num_cu 70 --num_chiplets 1 -g 2 -m 131 -k 200 -n 438 -transA=False -transB=True --perf_config=gemm:v1:16,256,16,1,1,16,32,3,2,8,2 -pv
Errors = loc("<stdin>":18:10): error: Fusion with SplitK perfConfig is not legal
Lowering not applicable.

----------------------------------------------------------------------------------------------------
NOT_APPLICABLE: GemmConfiguration(datatype='f16', out_dtype='f16', g=2, m=131, k=200, n=438, trans_a=False, trans_b=True, perfconfig='gemm:v1:16,256,16,1,1,16,32,3,2,8,2', scaled_gemm=False, scale_a_dtype=None, scale_b_dtype=None, trans_scale_a=False, trans_scale_b=False, arch='gfx1100', chip='gfx1100', num_cu=70, num_chiplets=1)
Lowering rejected config as not applicable
Command line = -operation gemm -t i8 -out_datatype i32 --arch gfx1100 --num_cu 70 --num_chiplets 1 -g 1 -m 137 -k 271 -n 111 -transA=True -transB=True --perf_config=gemm:v1:16,16,16,2,1,2,32,3,1,8,1 -pv
Errors = loc("<stdin>":18:10): error: Fusion with SplitK perfConfig is not legal
Lowering not applicable.

----------------------------------------------------------------------------------------------------
NOT_APPLICABLE: GemmConfiguration(datatype='i8', out_dtype='i32', g=1, m=137, k=271, n=111, trans_a=True, trans_b=True, perfconfig='gemm:v1:16,16,16,2,1,2,32,3,1,8,1', scaled_gemm=False, scale_a_dtype=None, scale_b_dtype=None, trans_scale_a=False, trans_scale_b=False, arch='gfx1100', chip='gfx1100', num_cu=70, num_chiplets=1)
----------------------------------------------------------------------------------------------------
PASS: GemmConfiguration(datatype='f16', out_dtype='f16', g=1, m=195, k=41, n=430, trans_a=True, trans_b=True, perfconfig='gemm:v1:64,32,32,2,1,8,32,1,2,4,4', scaled_gemm=False, scale_a_dtype=None, scale_b_dtype=None, trans_scale_a=False, trans_scale_b=False, arch='gfx1100', chip='gfx1100', num_cu=70, num_chiplets=1)
----------------------------------------------------------------------------------------------------
PASS: GemmConfiguration(datatype='i8', out_dtype='i32', g=1, m=221, k=488, n=501, trans_a=False, trans_b=False, perfconfig='gemm:v1:16,32,128,2,1,8,0,1,3,2,1', scaled_gemm=False, scale_a_dtype=None, scale_b_dtype=None, trans_scale_a=False, trans_scale_b=False, arch='gfx1100', chip='gfx1100', num_cu=70, num_chiplets=1)
----------------------------------------------------------------------------------------------------
PASS: GemmConfiguration(datatype='f32', out_dtype='f32', g=1, m=261, k=455, n=376, trans_a=False, trans_b=True, perfconfig='gemm:v1:32,64,128,1,1,4,0,1,1,4,0', scaled_gemm=False, scale_a_dtype=None, scale_b_dtype=None, trans_scale_a=False, trans_scale_b=False, arch='gfx1100', chip='gfx1100', num_cu=70, num_chiplets=1)
----------------------------------------------------------------------------------------------------
PASS: GemmConfiguration(datatype='fp8', out_dtype='f32', g=1, m=193, k=174, n=118, trans_a=True, trans_b=False, perfconfig='gemm:v1:128,128,64,1,1,16,0,1,2,2,2', scaled_gemm=False, scale_a_dtype=None, scale_b_dtype=None, trans_scale_a=False, trans_scale_b=False, arch='gfx1100', chip='gfx1100', num_cu=70, num_chiplets=1)
Lowering rejected config as not applicable
Command line = -operation gemm -t i8 -out_datatype i32 --arch gfx1100 --num_cu 70 --num_chiplets 1 -g 2 -m 287 -k 79 -n 15 -transA=False -transB=True --perf_config=gemm:v1:128,64,16,2,1,1,0,4,1,0,4 -pv
Errors = loc("<stdin>":18:10): error: Fusion with SplitK perfConfig is not legal
Lowering not applicable.

----------------------------------------------------------------------------------------------------
NOT_APPLICABLE: GemmConfiguration(datatype='i8', out_dtype='i32', g=2, m=287, k=79, n=15, trans_a=False, trans_b=True, perfconfig='gemm:v1:128,64,16,2,1,1,0,4,1,0,4', scaled_gemm=False, scale_a_dtype=None, scale_b_dtype=None, trans_scale_a=False, trans_scale_b=False, arch='gfx1100', chip='gfx1100', num_cu=70, num_chiplets=1)
Lowering rejected config as not applicable
Command line = -operation gemm -t bf16 -out_datatype bf16 --arch gfx1100 --num_cu 70 --num_chiplets 1 -g 1 -m 257 -k 339 -n 270 -transA=True -transB=False --perf_config=gemm:v1:256,16,16,2,1,1,0,3,2,1,1 -pv -RMS_threshold 1e-2
Errors = loc("<stdin>":18:10): error: Fusion with SplitK perfConfig is not legal
Lowering not applicable.

----------------------------------------------------------------------------------------------------
NOT_APPLICABLE: GemmConfiguration(datatype='bf16', out_dtype='bf16', g=1, m=257, k=339, n=270, trans_a=True, trans_b=False, perfconfig='gemm:v1:256,16,16,2,1,1,0,3,2,1,1', scaled_gemm=False, scale_a_dtype=None, scale_b_dtype=None, trans_scale_a=False, trans_scale_b=False, arch='gfx1100', chip='gfx1100', num_cu=70, num_chiplets=1)
Lowering rejected config as not applicable
Command line = -operation gemm -t i8 -out_datatype i32 --arch gfx1100 --num_cu 70 --num_chiplets 1 -g 1 -m 315 -k 253 -n 415 -transA=True -transB=False --perf_config=gemm:v1:16,256,16,2,1,4,0,3,3,4,0 -pv
Errors = loc("<stdin>":18:10): error: Fusion with SplitK perfConfig is not legal
Lowering not applicable.

----------------------------------------------------------------------------------------------------
NOT_APPLICABLE: GemmConfiguration(datatype='i8', out_dtype='i32', g=1, m=315, k=253, n=415, trans_a=True, trans_b=False, perfconfig='gemm:v1:16,256,16,2,1,4,0,3,3,4,0', scaled_gemm=False, scale_a_dtype=None, scale_b_dtype=None, trans_scale_a=False, trans_scale_b=False, arch='gfx1100', chip='gfx1100', num_cu=70, num_chiplets=1)
Lowering rejected config as not applicable
Command line = -operation gemm -t bf16 -out_datatype bf16 --arch gfx1100 --num_cu 70 --num_chiplets 1 -g 1 -m 398 -k 499 -n 469 -transA=True -transB=True --perf_config=gemm:v1:64,32,128,1,1,16,16,4,2,2,2 -pv -RMS_threshold 1e-2
Errors = loc("<stdin>":18:10): error: Fusion with SplitK perfConfig is not legal
Lowering not applicable.

FAIL: Timeout in rocmlir-driver stage (120s)
Config = GemmConfiguration(datatype='fp8', out_dtype='f32', g=1, m=504, k=7, n=478, trans_a=False, trans_b=False, perfconfig='gemm:v1:32,256,128,2,1,1,32,4,1,8,0', scaled_gemm=False, scale_a_dtype=None, scale_b_dtype=None, trans_scale_a=False, trans_scale_b=False, arch='gfx1100', chip='gfx1100', num_cu=70, num_chiplets=1)
Command line = -operation gemm -t fp8 -out_datatype f32 --arch gfx1100 --num_cu 70 --num_chiplets 1 -g 1 -m 504 -k 7 -n 478 -transA=False -transB=False --perf_config=gemm:v1:32,256,128,2,1,1,32,4,1,8,0 -pv -relDiff_threshold 1e-5
----------------------------------------------------------------------------------------------------
NOT_APPLICABLE: GemmConfiguration(datatype='bf16', out_dtype='bf16', g=1, m=398, k=499, n=469, trans_a=True, trans_b=True, perfconfig='gemm:v1:64,32,128,1,1,16,16,4,2,2,2', scaled_gemm=False, scale_a_dtype=None, scale_b_dtype=None, trans_scale_a=False, trans_scale_b=False, arch='gfx1100', chip='gfx1100', num_cu=70, num_chiplets=1)
Lowering rejected config as not applicable
Command line = -operation gemm -t bf16 -out_datatype bf16 --arch gfx1100 --num_cu 70 --num_chiplets 1 -g 1 -m 25 -k 417 -n 476 -transA=False -transB=True --perf_config=gemm:v1:32,128,128,2,1,2,0,3,1,1,0 -pv -RMS_threshold 1e-2
Errors = loc("<stdin>":17:10): error: Fusion with SplitK perfConfig is not legal
Lowering not applicable.

----------------------------------------------------------------------------------------------------
NOT_APPLICABLE: GemmConfiguration(datatype='bf16', out_dtype='bf16', g=1, m=25, k=417, n=476, trans_a=False, trans_b=True, perfconfig='gemm:v1:32,128,128,2,1,2,0,3,1,1,0', scaled_gemm=False, scale_a_dtype=None, scale_b_dtype=None, trans_scale_a=False, trans_scale_b=False, arch='gfx1100', chip='gfx1100', num_cu=70, num_chiplets=1)
Lowering rejected config as not applicable
Command line = -operation gemm -t f32 -out_datatype f32 --arch gfx1100 --num_cu 70 --num_chiplets 1 -g 2 -m 86 -k 152 -n 273 -transA=True -transB=False --perf_config=gemm:v1:16,256,128,2,1,4,32,4,2,8,4 -pv
Errors = loc("<stdin>":12:1): error: ttg.shared (131072) exceeds LDS limit (65536) for amdgcn-amd-amdhsa:gfx1100
Lowering not applicable.

----------------------------------------------------------------------------------------------------
NOT_APPLICABLE: GemmConfiguration(datatype='f32', out_dtype='f32', g=2, m=86, k=152, n=273, trans_a=True, trans_b=False, perfconfig='gemm:v1:16,256,128,2,1,4,32,4,2,8,4', scaled_gemm=False, scale_a_dtype=None, scale_b_dtype=None, trans_scale_a=False, trans_scale_b=False, arch='gfx1100', chip='gfx1100', num_cu=70, num_chiplets=1)
----------------------------------------------------------------------------------------------------
PASS: GemmConfiguration(datatype='f32', out_dtype='f32', g=1, m=305, k=383, n=454, trans_a=True, trans_b=False, perfconfig='gemm:v1:256,32,16,2,1,8,16,2,1,4,1', scaled_gemm=False, scale_a_dtype=None, scale_b_dtype=None, trans_scale_a=False, trans_scale_b=False, arch='gfx1100', chip='gfx1100', num_cu=70, num_chiplets=1)
----------------------------------------------------------------------------------------------------
PASS: GemmConfiguration(datatype='f16', out_dtype='f16', g=1, m=367, k=307, n=223, trans_a=False, trans_b=False, perfconfig='gemm:v1:64,256,32,2,1,16,0,1,3,0,1', scaled_gemm=False, scale_a_dtype=None, scale_b_dtype=None, trans_scale_a=False, trans_scale_b=False, arch='gfx1100', chip='gfx1100', num_cu=70, num_chiplets=1)
Lowering rejected config as not applicable
Command line = -operation gemm -t i8 -out_datatype i32 --arch gfx1100 --num_cu 70 --num_chiplets 1 -g 2 -m 273 -k 476 -n 121 -transA=True -transB=True --perf_config=gemm:v1:16,16,128,2,1,1,16,2,3,0,1 -pv
Errors = loc("<stdin>":18:10): error: Fusion with SplitK perfConfig is not legal
Lowering not applicable.

----------------------------------------------------------------------------------------------------
NOT_APPLICABLE: GemmConfiguration(datatype='i8', out_dtype='i32', g=2, m=273, k=476, n=121, trans_a=True, trans_b=True, perfconfig='gemm:v1:16,16,128,2,1,1,16,2,3,0,1', scaled_gemm=False, scale_a_dtype=None, scale_b_dtype=None, trans_scale_a=False, trans_scale_b=False, arch='gfx1100', chip='gfx1100', num_cu=70, num_chiplets=1)
Lowering rejected config as not applicable
Command line = -operation gemm -t i8 -out_datatype i32 --arch gfx1100 --num_cu 70 --num_chiplets 1 -g 2 -m 134 -k 134 -n 412 -transA=True -transB=True --perf_config=gemm:v1:32,16,128,1,1,2,32,2,2,8,0 -pv
Errors = loc("<stdin>":18:10): error: Fusion with SplitK perfConfig is not legal
Lowering not applicable.

----------------------------------------------------------------------------------------------------
NOT_APPLICABLE: GemmConfiguration(datatype='i8', out_dtype='i32', g=2, m=134, k=134, n=412, trans_a=True, trans_b=True, perfconfig='gemm:v1:32,16,128,1,1,2,32,2,2,8,0', scaled_gemm=False, scale_a_dtype=None, scale_b_dtype=None, trans_scale_a=False, trans_scale_b=False, arch='gfx1100', chip='gfx1100', num_cu=70, num_chiplets=1)
----------------------------------------------------------------------------------------------------
PASS: GemmConfiguration(datatype='f32', out_dtype='f32', g=2, m=201, k=98, n=233, trans_a=False, trans_b=True, perfconfig='gemm:v1:32,16,16,1,1,16,16,2,2,1,2', scaled_gemm=False, scale_a_dtype=None, scale_b_dtype=None, trans_scale_a=False, trans_scale_b=False, arch='gfx1100', chip='gfx1100', num_cu=70, num_chiplets=1)
----------------------------------------------------------------------------------------------------
PASS: GemmConfiguration(datatype='f16', out_dtype='f16', g=1, m=316, k=39, n=292, trans_a=True, trans_b=True, perfconfig='gemm:v1:64,64,64,2,1,4,32,1,3,8,4', scaled_gemm=False, scale_a_dtype=None, scale_b_dtype=None, trans_scale_a=False, trans_scale_b=False, arch='gfx1100', chip='gfx1100', num_cu=70, num_chiplets=1)
----------------------------------------------------------------------------------------------------
PASS: GemmConfiguration(datatype='fp8', out_dtype='f32', g=1, m=292, k=312, n=286, trans_a=True, trans_b=False, perfconfig='gemm:v1:16,32,32,1,1,16,32,2,2,4,4', scaled_gemm=False, scale_a_dtype=None, scale_b_dtype=None, trans_scale_a=False, trans_scale_b=False, arch='gfx1100', chip='gfx1100', num_cu=70, num_chiplets=1)
----------------------------------------------------------------------------------------------------
PASS: GemmConfiguration(datatype='fp8', out_dtype='f32', g=2, m=366, k=298, n=149, trans_a=False, trans_b=True, perfconfig='gemm:v1:64,64,128,1,1,8,0,4,2,8,8', scaled_gemm=False, scale_a_dtype=None, scale_b_dtype=None, trans_scale_a=False, trans_scale_b=False, arch='gfx1100', chip='gfx1100', num_cu=70, num_chiplets=1)
Lowering rejected config as not applicable
Command line = -operation gemm -t bf16 -out_datatype bf16 --arch gfx1100 --num_cu 70 --num_chiplets 1 -g 1 -m 353 -k 170 -n 238 -transA=False -transB=True --perf_config=gemm:v1:256,64,64,1,1,1,32,1,3,0,8 -pv -RMS_threshold 1e-2
Errors = loc("<stdin>":12:1): error: ttg.shared (81920) exceeds LDS limit (65536) for amdgcn-amd-amdhsa:gfx1100
Lowering not applicable.

----------------------------------------------------------------------------------------------------
NOT_APPLICABLE: GemmConfiguration(datatype='bf16', out_dtype='bf16', g=1, m=353, k=170, n=238, trans_a=False, trans_b=True, perfconfig='gemm:v1:256,64,64,1,1,1,32,1,3,0,8', scaled_gemm=False, scale_a_dtype=None, scale_b_dtype=None, trans_scale_a=False, trans_scale_b=False, arch='gfx1100', chip='gfx1100', num_cu=70, num_chiplets=1)
----------------------------------------------------------------------------------------------------
FAIL: GemmConfiguration(datatype='fp8', out_dtype='f32', g=1, m=504, k=7, n=478, trans_a=False, trans_b=False, perfconfig='gemm:v1:32,256,128,2,1,1,32,4,1,8,0', scaled_gemm=False, scale_a_dtype=None, scale_b_dtype=None, trans_scale_a=False, trans_scale_b=False, arch='gfx1100', chip='gfx1100', num_cu=70, num_chiplets=1)
Lowering rejected config as not applicable
Command line = -operation gemm -t i8 -out_datatype i32 --arch gfx1100 --num_cu 70 --num_chiplets 1 -g 2 -m 367 -k 57 -n 191 -transA=False -transB=False --perf_config=gemm:v1:16,16,64,1,1,8,0,2,1,0,8 -pv
Errors = loc("<stdin>":18:10): error: Fusion with SplitK perfConfig is not legal
Lowering not applicable.

----------------------------------------------------------------------------------------------------
NOT_APPLICABLE: GemmConfiguration(datatype='i8', out_dtype='i32', g=2, m=367, k=57, n=191, trans_a=False, trans_b=False, perfconfig='gemm:v1:16,16,64,1,1,8,0,2,1,0,8', scaled_gemm=False, scale_a_dtype=None, scale_b_dtype=None, trans_scale_a=False, trans_scale_b=False, arch='gfx1100', chip='gfx1100', num_cu=70, num_chiplets=1)
Lowering rejected config as not applicable
Command line = -operation gemm -t i8 -out_datatype i32 --arch gfx1100 --num_cu 70 --num_chiplets 1 -g 2 -m 300 -k 24 -n 353 -transA=True -transB=True --perf_config=gemm:v1:256,128,32,1,1,2,32,2,1,1,8 -pv
Errors = loc("<stdin>":18:10): error: Fusion with SplitK perfConfig is not legal
Lowering not applicable.

----------------------------------------------------------------------------------------------------
NOT_APPLICABLE: GemmConfiguration(datatype='i8', out_dtype='i32', g=2, m=300, k=24, n=353, trans_a=True, trans_b=True, perfconfig='gemm:v1:256,128,32,1,1,2,32,2,1,1,8', scaled_gemm=False, scale_a_dtype=None, scale_b_dtype=None, trans_scale_a=False, trans_scale_b=False, arch='gfx1100', chip='gfx1100', num_cu=70, num_chiplets=1)
----------------------------------------------------------------------------------------------------
PASS: GemmConfiguration(datatype='f32', out_dtype='f32', g=2, m=303, k=441, n=249, trans_a=False, trans_b=False, perfconfig='gemm:v1:32,64,16,2,1,4,0,4,2,1,4', scaled_gemm=False, scale_a_dtype=None, scale_b_dtype=None, trans_scale_a=False, trans_scale_b=False, arch='gfx1100', chip='gfx1100', num_cu=70, num_chiplets=1)
----------------------------------------------------------------------------------------------------
PASS: GemmConfiguration(datatype='f32', out_dtype='f32', g=2, m=231, k=100, n=215, trans_a=True, trans_b=True, perfconfig='gemm:v1:16,32,64,1,1,1,16,3,3,0,8', scaled_gemm=False, scale_a_dtype=None, scale_b_dtype=None, trans_scale_a=False, trans_scale_b=False, arch='gfx1100', chip='gfx1100', num_cu=70, num_chiplets=1)
----------------------------------------------------------------------------------------------------
PASS: GemmConfiguration(datatype='fp8', out_dtype='f32', g=2, m=19, k=420, n=484, trans_a=True, trans_b=True, perfconfig='gemm:v1:32,16,32,2,1,4,0,4,2,1,1', scaled_gemm=False, scale_a_dtype=None, scale_b_dtype=None, trans_scale_a=False, trans_scale_b=False, arch='gfx1100', chip='gfx1100', num_cu=70, num_chiplets=1)
----------------------------------------------------------------------------------------------------
PASS: GemmConfiguration(datatype='f32', out_dtype='f32', g=2, m=166, k=157, n=193, trans_a=True, trans_b=True, perfconfig='gemm:v1:128,128,32,2,1,4,0,2,3,4,8', scaled_gemm=False, scale_a_dtype=None, scale_b_dtype=None, trans_scale_a=False, trans_scale_b=False, arch='gfx1100', chip='gfx1100', num_cu=70, num_chiplets=1)
----------------------------------------------------------------------------------------------------
PASS: GemmConfiguration(datatype='fp8', out_dtype='f32', g=1, m=391, k=40, n=178, trans_a=False, trans_b=False, perfconfig='gemm:v1:256,64,64,1,1,4,16,1,2,4,2', scaled_gemm=False, scale_a_dtype=None, scale_b_dtype=None, trans_scale_a=False, trans_scale_b=False, arch='gfx1100', chip='gfx1100', num_cu=70, num_chiplets=1)
----------------------------------------------------------------------------------------------------
PASS: GemmConfiguration(datatype='fp8', out_dtype='f32', g=1, m=491, k=44, n=296, trans_a=False, trans_b=True, perfconfig='gemm:v1:256,128,16,2,1,2,0,4,1,2,2', scaled_gemm=False, scale_a_dtype=None, scale_b_dtype=None, trans_scale_a=False, trans_scale_b=False, arch='gfx1100', chip='gfx1100', num_cu=70, num_chiplets=1)
Lowering rejected config as not applicable
Command line = -operation gemm -t i8 -out_datatype i32 --arch gfx1100 --num_cu 70 --num_chiplets 1 -g 2 -m 117 -k 308 -n 503 -transA=False -transB=False --perf_config=gemm:v1:64,128,16,1,1,4,16,2,2,8,0 -pv
Errors = loc("<stdin>":18:10): error: Fusion with SplitK perfConfig is not legal
Lowering not applicable.

----------------------------------------------------------------------------------------------------
NOT_APPLICABLE: GemmConfiguration(datatype='i8', out_dtype='i32', g=2, m=117, k=308, n=503, trans_a=False, trans_b=False, perfconfig='gemm:v1:64,128,16,1,1,4,16,2,2,8,0', scaled_gemm=False, scale_a_dtype=None, scale_b_dtype=None, trans_scale_a=False, trans_scale_b=False, arch='gfx1100', chip='gfx1100', num_cu=70, num_chiplets=1)
Lowering rejected config as not applicable
Command line = -operation gemm -t i8 -out_datatype i32 --arch gfx1100 --num_cu 70 --num_chiplets 1 -g 1 -m 467 -k 236 -n 89 -transA=True -transB=True --perf_config=gemm:v1:64,64,32,1,1,2,16,2,3,4,4 -pv
Errors = loc("<stdin>":18:10): error: Fusion with SplitK perfConfig is not legal
Lowering not applicable.

----------------------------------------------------------------------------------------------------
NOT_APPLICABLE: GemmConfiguration(datatype='i8', out_dtype='i32', g=1, m=467, k=236, n=89, trans_a=True, trans_b=True, perfconfig='gemm:v1:64,64,32,1,1,2,16,2,3,4,4', scaled_gemm=False, scale_a_dtype=None, scale_b_dtype=None, trans_scale_a=False, trans_scale_b=False, arch='gfx1100', chip='gfx1100', num_cu=70, num_chiplets=1)
Lowering rejected config as not applicable
Command line = -operation gemm -t f16 -out_datatype f16 --arch gfx1100 --num_cu 70 --num_chiplets 1 -g 2 -m 6 -k 246 -n 355 -transA=False -transB=False --perf_config=gemm:v1:32,32,32,2,1,1,16,3,3,2,1 -pv
Errors = loc("<stdin>":18:10): error: Fusion with SplitK perfConfig is not legal
Lowering not applicable.

----------------------------------------------------------------------------------------------------
NOT_APPLICABLE: GemmConfiguration(datatype='f16', out_dtype='f16', g=2, m=6, k=246, n=355, trans_a=False, trans_b=False, perfconfig='gemm:v1:32,32,32,2,1,1,16,3,3,2,1', scaled_gemm=False, scale_a_dtype=None, scale_b_dtype=None, trans_scale_a=False, trans_scale_b=False, arch='gfx1100', chip='gfx1100', num_cu=70, num_chiplets=1)
Lowering rejected config as not applicable
Command line = -operation gemm -t f16 -out_datatype f16 --arch gfx1100 --num_cu 70 --num_chiplets 1 -g 2 -m 252 -k 449 -n 87 -transA=True -transB=False --perf_config=gemm:v1:128,16,128,1,1,1,32,3,3,4,1 -pv
Errors = loc("<stdin>":18:10): error: Fusion with SplitK perfConfig is not legal
Lowering not applicable.

----------------------------------------------------------------------------------------------------
NOT_APPLICABLE: GemmConfiguration(datatype='f16', out_dtype='f16', g=2, m=252, k=449, n=87, trans_a=True, trans_b=False, perfconfig='gemm:v1:128,16,128,1,1,1,32,3,3,4,1', scaled_gemm=False, scale_a_dtype=None, scale_b_dtype=None, trans_scale_a=False, trans_scale_b=False, arch='gfx1100', chip='gfx1100', num_cu=70, num_chiplets=1)
----------------------------------------------------------------------------------------------------
PASS: GemmConfiguration(datatype='f32', out_dtype='f32', g=2, m=274, k=497, n=42, trans_a=False, trans_b=True, perfconfig='gemm:v1:32,32,32,1,1,4,0,2,1,2,2', scaled_gemm=False, scale_a_dtype=None, scale_b_dtype=None, trans_scale_a=False, trans_scale_b=False, arch='gfx1100', chip='gfx1100', num_cu=70, num_chiplets=1)
----------------------------------------------------------------------------------------------------
PASS: GemmConfiguration(datatype='fp8', out_dtype='f32', g=1, m=85, k=330, n=154, trans_a=False, trans_b=False, perfconfig='gemm:v1:32,16,32,2,1,2,0,3,2,4,1', scaled_gemm=False, scale_a_dtype=None, scale_b_dtype=None, trans_scale_a=False, trans_scale_b=False, arch='gfx1100', chip='gfx1100', num_cu=70, num_chiplets=1)
Lowering rejected config as not applicable
Command line = -operation gemm -t f32 -out_datatype f32 --arch gfx1100 --num_cu 70 --num_chiplets 1 -g 1 -m 298 -k 484 -n 334 -transA=True -transB=True --perf_config=gemm:v1:64,256,64,2,1,1,32,4,3,0,0 -pv
Errors = loc("<stdin>":12:1): error: ttg.shared (163840) exceeds LDS limit (65536) for amdgcn-amd-amdhsa:gfx1100
Lowering not applicable.

----------------------------------------------------------------------------------------------------
NOT_APPLICABLE: GemmConfiguration(datatype='f32', out_dtype='f32', g=1, m=298, k=484, n=334, trans_a=True, trans_b=True, perfconfig='gemm:v1:64,256,64,2,1,1,32,4,3,0,0', scaled_gemm=False, scale_a_dtype=None, scale_b_dtype=None, trans_scale_a=False, trans_scale_b=False, arch='gfx1100', chip='gfx1100', num_cu=70, num_chiplets=1)
----------------------------------------------------------------------------------------------------
PASS: GemmConfiguration(datatype='f32', out_dtype='f32', g=1, m=284, k=65, n=403, trans_a=True, trans_b=True, perfconfig='gemm:v1:256,256,32,1,1,8,16,4,1,1,0', scaled_gemm=False, scale_a_dtype=None, scale_b_dtype=None, trans_scale_a=False, trans_scale_b=False, arch='gfx1100', chip='gfx1100', num_cu=70, num_chiplets=1)
Lowering rejected config as not applicable
Command line = -operation gemm -t i8 -out_datatype i32 --arch gfx1100 --num_cu 70 --num_chiplets 1 -g 2 -m 264 -k 215 -n 314 -transA=True -transB=False --perf_config=gemm:v1:64,128,16,1,1,8,32,4,2,8,4 -pv
Errors = loc("<stdin>":18:10): error: Fusion with SplitK perfConfig is not legal
Lowering not applicable.

----------------------------------------------------------------------------------------------------
NOT_APPLICABLE: GemmConfiguration(datatype='i8', out_dtype='i32', g=2, m=264, k=215, n=314, trans_a=True, trans_b=False, perfconfig='gemm:v1:64,128,16,1,1,8,32,4,2,8,4', scaled_gemm=False, scale_a_dtype=None, scale_b_dtype=None, trans_scale_a=False, trans_scale_b=False, arch='gfx1100', chip='gfx1100', num_cu=70, num_chiplets=1)
Lowering rejected config as not applicable
Command line = -operation gemm -t f16 -out_datatype f16 --arch gfx1100 --num_cu 70 --num_chiplets 1 -g 1 -m 279 -k 95 -n 58 -transA=True -transB=False --perf_config=gemm:v1:256,256,16,2,1,2,32,2,1,1,4 -pv
Errors = loc("<stdin>":18:10): error: Fusion with SplitK perfConfig is not legal
Lowering not applicable.

----------------------------------------------------------------------------------------------------
NOT_APPLICABLE: GemmConfiguration(datatype='f16', out_dtype='f16', g=1, m=279, k=95, n=58, trans_a=True, trans_b=False, perfconfig='gemm:v1:256,256,16,2,1,2,32,2,1,1,4', scaled_gemm=False, scale_a_dtype=None, scale_b_dtype=None, trans_scale_a=False, trans_scale_b=False, arch='gfx1100', chip='gfx1100', num_cu=70, num_chiplets=1)
Lowering rejected config as not applicable
Command line = -operation gemm -t i8 -out_datatype i32 --arch gfx1100 --num_cu 70 --num_chiplets 1 -g 2 -m 7 -k 39 -n 135 -transA=True -transB=True --perf_config=gemm:v1:16,256,32,1,1,1,0,2,2,1,8 -pv
Errors = loc("<stdin>":18:10): error: Fusion with SplitK perfConfig is not legal
Lowering not applicable.

----------------------------------------------------------------------------------------------------
NOT_APPLICABLE: GemmConfiguration(datatype='i8', out_dtype='i32', g=2, m=7, k=39, n=135, trans_a=True, trans_b=True, perfconfig='gemm:v1:16,256,32,1,1,1,0,2,2,1,8', scaled_gemm=False, scale_a_dtype=None, scale_b_dtype=None, trans_scale_a=False, trans_scale_b=False, arch='gfx1100', chip='gfx1100', num_cu=70, num_chiplets=1)
Lowering rejected config as not applicable
Command line = -operation gemm -t i8 -out_datatype i32 --arch gfx1100 --num_cu 70 --num_chiplets 1 -g 1 -m 330 -k 105 -n 175 -transA=False -transB=False --perf_config=gemm:v1:256,16,32,1,1,1,16,2,1,2,4 -pv
Errors = loc("<stdin>":18:10): error: Fusion with SplitK perfConfig is not legal
Lowering not applicable.

----------------------------------------------------------------------------------------------------
NOT_APPLICABLE: GemmConfiguration(datatype='i8', out_dtype='i32', g=1, m=330, k=105, n=175, trans_a=False, trans_b=False, perfconfig='gemm:v1:256,16,32,1,1,1,16,2,1,2,4', scaled_gemm=False, scale_a_dtype=None, scale_b_dtype=None, trans_scale_a=False, trans_scale_b=False, arch='gfx1100', chip='gfx1100', num_cu=70, num_chiplets=1)
----------------------------------------------------------------------------------------------------
PASS: GemmConfiguration(datatype='i8', out_dtype='i32', g=2, m=482, k=72, n=370, trans_a=False, trans_b=True, perfconfig='gemm:v1:256,32,16,2,1,8,16,1,1,0,1', scaled_gemm=False, scale_a_dtype=None, scale_b_dtype=None, trans_scale_a=False, trans_scale_b=False, arch='gfx1100', chip='gfx1100', num_cu=70, num_chiplets=1)
----------------------------------------------------------------------------------------------------
PASS: GemmConfiguration(datatype='i8', out_dtype='i32', g=2, m=175, k=140, n=164, trans_a=False, trans_b=False, perfconfig='gemm:v1:128,16,64,1,1,8,0,1,2,1,8', scaled_gemm=False, scale_a_dtype=None, scale_b_dtype=None, trans_scale_a=False, trans_scale_b=False, arch='gfx1100', chip='gfx1100', num_cu=70, num_chiplets=1)
----------------------------------------------------------------------------------------------------
PASS: GemmConfiguration(datatype='fp8', out_dtype='f32', g=1, m=328, k=409, n=235, trans_a=False, trans_b=True, perfconfig='gemm:v1:64,16,16,2,1,16,0,2,3,8,4', scaled_gemm=False, scale_a_dtype=None, scale_b_dtype=None, trans_scale_a=False, trans_scale_b=False, arch='gfx1100', chip='gfx1100', num_cu=70, num_chiplets=1)
----------------------------------------------------------------------------------------------------
PASS: GemmConfiguration(datatype='fp8', out_dtype='f32', g=1, m=73, k=79, n=428, trans_a=True, trans_b=True, perfconfig='gemm:v1:32,128,128,1,1,1,16,3,3,8,0', scaled_gemm=False, scale_a_dtype=None, scale_b_dtype=None, trans_scale_a=False, trans_scale_b=False, arch='gfx1100', chip='gfx1100', num_cu=70, num_chiplets=1)
Lowering rejected config as not applicable
Command line = -operation gemm -t bf16 -out_datatype bf16 --arch gfx1100 --num_cu 70 --num_chiplets 1 -g 1 -m 285 -k 76 -n 255 -transA=True -transB=False --perf_config=gemm:v1:256,128,16,2,1,16,0,3,3,4,2 -pv -RMS_threshold 1e-2
Errors = loc("<stdin>":18:10): error: Fusion with SplitK perfConfig is not legal
Lowering not applicable.

----------------------------------------------------------------------------------------------------
NOT_APPLICABLE: GemmConfiguration(datatype='bf16', out_dtype='bf16', g=1, m=285, k=76, n=255, trans_a=True, trans_b=False, perfconfig='gemm:v1:256,128,16,2,1,16,0,3,3,4,2', scaled_gemm=False, scale_a_dtype=None, scale_b_dtype=None, trans_scale_a=False, trans_scale_b=False, arch='gfx1100', chip='gfx1100', num_cu=70, num_chiplets=1)
Lowering rejected config as not applicable
Command line = -operation gemm -t i8 -out_datatype i32 --arch gfx1100 --num_cu 70 --num_chiplets 1 -g 1 -m 489 -k 400 -n 371 -transA=True -transB=True --perf_config=gemm:v1:16,32,128,1,1,16,16,3,3,0,1 -pv
Errors = loc("<stdin>":18:10): error: Fusion with SplitK perfConfig is not legal
Lowering not applicable.

----------------------------------------------------------------------------------------------------
NOT_APPLICABLE: GemmConfiguration(datatype='i8', out_dtype='i32', g=1, m=489, k=400, n=371, trans_a=True, trans_b=True, perfconfig='gemm:v1:16,32,128,1,1,16,16,3,3,0,1', scaled_gemm=False, scale_a_dtype=None, scale_b_dtype=None, trans_scale_a=False, trans_scale_b=False, arch='gfx1100', chip='gfx1100', num_cu=70, num_chiplets=1)
Lowering rejected config as not applicable
Command line = -operation gemm -t bf16 -out_datatype bf16 --arch gfx1100 --num_cu 70 --num_chiplets 1 -g 2 -m 41 -k 94 -n 461 -transA=False -transB=True --perf_config=gemm:v1:32,256,64,2,1,16,0,2,2,2,2 -pv -RMS_threshold 1e-2
Errors = loc("<stdin>":18:10): error: Fusion with SplitK perfConfig is not legal
Lowering not applicable.

----------------------------------------------------------------------------------------------------
NOT_APPLICABLE: GemmConfiguration(datatype='bf16', out_dtype='bf16', g=2, m=41, k=94, n=461, trans_a=False, trans_b=True, perfconfig='gemm:v1:32,256,64,2,1,16,0,2,2,2,2', scaled_gemm=False, scale_a_dtype=None, scale_b_dtype=None, trans_scale_a=False, trans_scale_b=False, arch='gfx1100', chip='gfx1100', num_cu=70, num_chiplets=1)
----------------------------------------------------------------------------------------------------
PASS: GemmConfiguration(datatype='f32', out_dtype='f32', g=1, m=110, k=1, n=380, trans_a=True, trans_b=True, perfconfig='gemm:v1:256,64,16,1,1,16,16,3,2,4,2', scaled_gemm=False, scale_a_dtype=None, scale_b_dtype=None, trans_scale_a=False, trans_scale_b=False, arch='gfx1100', chip='gfx1100', num_cu=70, num_chiplets=1)
----------------------------------------------------------------------------------------------------
PASS: GemmConfiguration(datatype='fp8', out_dtype='f32', g=2, m=396, k=140, n=70, trans_a=False, trans_b=False, perfconfig='gemm:v1:128,64,32,2,1,8,16,3,1,4,4', scaled_gemm=False, scale_a_dtype=None, scale_b_dtype=None, trans_scale_a=False, trans_scale_b=False, arch='gfx1100', chip='gfx1100', num_cu=70, num_chiplets=1)
----------------------------------------------------------------------------------------------------
PASS: GemmConfiguration(datatype='f32', out_dtype='f32', g=2, m=193, k=97, n=238, trans_a=False, trans_b=True, perfconfig='gemm:v1:32,128,16,1,1,1,0,2,1,1,1', scaled_gemm=False, scale_a_dtype=None, scale_b_dtype=None, trans_scale_a=False, trans_scale_b=False, arch='gfx1100', chip='gfx1100', num_cu=70, num_chiplets=1)
----------------------------------------------------------------------------------------------------
PASS: GemmConfiguration(datatype='fp8', out_dtype='f32', g=2, m=216, k=328, n=317, trans_a=True, trans_b=True, perfconfig='gemm:v1:128,32,64,2,1,4,16,4,2,4,2', scaled_gemm=False, scale_a_dtype=None, scale_b_dtype=None, trans_scale_a=False, trans_scale_b=False, arch='gfx1100', chip='gfx1100', num_cu=70, num_chiplets=1)
----------------------------------------------------------------------------------------------------
PASS: GemmConfiguration(datatype='fp8', out_dtype='f32', g=2, m=390, k=133, n=286, trans_a=False, trans_b=True, perfconfig='gemm:v1:32,128,32,1,1,2,32,3,2,1,8', scaled_gemm=False, scale_a_dtype=None, scale_b_dtype=None, trans_scale_a=False, trans_scale_b=False, arch='gfx1100', chip='gfx1100', num_cu=70, num_chiplets=1)
Lowering rejected config as not applicable
Command line = -operation gemm -t f16 -out_datatype f16 --arch gfx1100 --num_cu 70 --num_chiplets 1 -g 1 -m 62 -k 125 -n 335 -transA=True -transB=True --perf_config=gemm:v1:256,256,16,1,1,8,0,3,1,1,8 -pv
Errors = loc("<stdin>":18:10): error: Fusion with SplitK perfConfig is not legal
Lowering not applicable.

----------------------------------------------------------------------------------------------------
NOT_APPLICABLE: GemmConfiguration(datatype='f16', out_dtype='f16', g=1, m=62, k=125, n=335, trans_a=True, trans_b=True, perfconfig='gemm:v1:256,256,16,1,1,8,0,3,1,1,8', scaled_gemm=False, scale_a_dtype=None, scale_b_dtype=None, trans_scale_a=False, trans_scale_b=False, arch='gfx1100', chip='gfx1100', num_cu=70, num_chiplets=1)
Lowering rejected config as not applicable
Command line = -operation gemm -t f16 -out_datatype f16 --arch gfx1100 --num_cu 70 --num_chiplets 1 -g 2 -m 361 -k 384 -n 88 -transA=True -transB=True --perf_config=gemm:v1:16,256,64,1,1,16,16,4,1,1,2 -pv
Errors = loc("<stdin>":18:10): error: Fusion with SplitK perfConfig is not legal
Lowering not applicable.

----------------------------------------------------------------------------------------------------
NOT_APPLICABLE: GemmConfiguration(datatype='f16', out_dtype='f16', g=2, m=361, k=384, n=88, trans_a=True, trans_b=True, perfconfig='gemm:v1:16,256,64,1,1,16,16,4,1,1,2', scaled_gemm=False, scale_a_dtype=None, scale_b_dtype=None, trans_scale_a=False, trans_scale_b=False, arch='gfx1100', chip='gfx1100', num_cu=70, num_chiplets=1)
Lowering rejected config as not applicable
Command line = -operation gemm -t bf16 -out_datatype bf16 --arch gfx1100 --num_cu 70 --num_chiplets 1 -g 1 -m 199 -k 176 -n 176 -transA=False -transB=True --perf_config=gemm:v1:16,256,32,1,1,4,16,3,2,0,2 -pv -RMS_threshold 1e-2
Errors = loc("<stdin>":17:10): error: Fusion with SplitK perfConfig is not legal
Lowering not applicable.

----------------------------------------------------------------------------------------------------
NOT_APPLICABLE: GemmConfiguration(datatype='bf16', out_dtype='bf16', g=1, m=199, k=176, n=176, trans_a=False, trans_b=True, perfconfig='gemm:v1:16,256,32,1,1,4,16,3,2,0,2', scaled_gemm=False, scale_a_dtype=None, scale_b_dtype=None, trans_scale_a=False, trans_scale_b=False, arch='gfx1100', chip='gfx1100', num_cu=70, num_chiplets=1)
Lowering rejected config as not applicable
Command line = -operation gemm -t f16 -out_datatype f16 --arch gfx1100 --num_cu 70 --num_chiplets 1 -g 1 -m 310 -k 509 -n 375 -transA=True -transB=False --perf_config=gemm:v1:128,32,32,2,1,4,32,4,3,4,4 -pv
Errors = loc("<stdin>":18:10): error: Fusion with SplitK perfConfig is not legal
Lowering not applicable.

----------------------------------------------------------------------------------------------------
NOT_APPLICABLE: GemmConfiguration(datatype='f16', out_dtype='f16', g=1, m=310, k=509, n=375, trans_a=True, trans_b=False, perfconfig='gemm:v1:128,32,32,2,1,4,32,4,3,4,4', scaled_gemm=False, scale_a_dtype=None, scale_b_dtype=None, trans_scale_a=False, trans_scale_b=False, arch='gfx1100', chip='gfx1100', num_cu=70, num_chiplets=1)
----------------------------------------------------------------------------------------------------
PASS: GemmConfiguration(datatype='bf16', out_dtype='bf16', g=1, m=23, k=248, n=202, trans_a=False, trans_b=False, perfconfig='gemm:v1:32,64,32,2,1,16,16,1,2,2,0', scaled_gemm=False, scale_a_dtype=None, scale_b_dtype=None, trans_scale_a=False, trans_scale_b=False, arch='gfx1100', chip='gfx1100', num_cu=70, num_chiplets=1)
----------------------------------------------------------------------------------------------------
PASS: GemmConfiguration(datatype='i8', out_dtype='i32', g=2, m=278, k=354, n=53, trans_a=False, trans_b=False, perfconfig='gemm:v1:64,16,64,2,1,2,16,1,2,2,4', scaled_gemm=False, scale_a_dtype=None, scale_b_dtype=None, trans_scale_a=False, trans_scale_b=False, arch='gfx1100', chip='gfx1100', num_cu=70, num_chiplets=1)
----------------------------------------------------------------------------------------------------
PASS: GemmConfiguration(datatype='fp8', out_dtype='f32', g=1, m=101, k=353, n=353, trans_a=True, trans_b=True, perfconfig='gemm:v1:256,32,16,2,1,2,16,2,2,2,0', scaled_gemm=False, scale_a_dtype=None, scale_b_dtype=None, trans_scale_a=False, trans_scale_b=False, arch='gfx1100', chip='gfx1100', num_cu=70, num_chiplets=1)
----------------------------------------------------------------------------------------------------
PASS: GemmConfiguration(datatype='fp8', out_dtype='f32', g=2, m=447, k=272, n=121, trans_a=True, trans_b=True, perfconfig='gemm:v1:64,32,64,1,1,1,16,3,3,1,8', scaled_gemm=False, scale_a_dtype=None, scale_b_dtype=None, trans_scale_a=False, trans_scale_b=False, arch='gfx1100', chip='gfx1100', num_cu=70, num_chiplets=1)
Lowering rejected config as not applicable
Command line = -operation gemm -t bf16 -out_datatype bf16 --arch gfx1100 --num_cu 70 --num_chiplets 1 -g 2 -m 215 -k 461 -n 214 -transA=False -transB=False --perf_config=gemm:v1:64,128,64,2,1,2,16,2,3,8,0 -pv -RMS_threshold 1e-2
Errors = loc("<stdin>":18:10): error: Fusion with SplitK perfConfig is not legal
Lowering not applicable.

----------------------------------------------------------------------------------------------------
NOT_APPLICABLE: GemmConfiguration(datatype='bf16', out_dtype='bf16', g=2, m=215, k=461, n=214, trans_a=False, trans_b=False, perfconfig='gemm:v1:64,128,64,2,1,2,16,2,3,8,0', scaled_gemm=False, scale_a_dtype=None, scale_b_dtype=None, trans_scale_a=False, trans_scale_b=False, arch='gfx1100', chip='gfx1100', num_cu=70, num_chiplets=1)
Lowering rejected config as not applicable
Command line = -operation gemm -t bf16 -out_datatype bf16 --arch gfx1100 --num_cu 70 --num_chiplets 1 -g 1 -m 224 -k 36 -n 174 -transA=True -transB=True --perf_config=gemm:v1:16,128,128,2,1,4,32,3,3,1,4 -pv -RMS_threshold 1e-2
Errors = loc("<stdin>":18:10): error: Fusion with SplitK perfConfig is not legal
Lowering not applicable.

----------------------------------------------------------------------------------------------------
NOT_APPLICABLE: GemmConfiguration(datatype='bf16', out_dtype='bf16', g=1, m=224, k=36, n=174, trans_a=True, trans_b=True, perfconfig='gemm:v1:16,128,128,2,1,4,32,3,3,1,4', scaled_gemm=False, scale_a_dtype=None, scale_b_dtype=None, trans_scale_a=False, trans_scale_b=False, arch='gfx1100', chip='gfx1100', num_cu=70, num_chiplets=1)
----------------------------------------------------------------------------------------------------
PASS: GemmConfiguration(datatype='f32', out_dtype='f32', g=1, m=307, k=126, n=183, trans_a=False, trans_b=False, perfconfig='gemm:v1:16,128,16,1,1,8,32,4,1,4,2', scaled_gemm=False, scale_a_dtype=None, scale_b_dtype=None, trans_scale_a=False, trans_scale_b=False, arch='gfx1100', chip='gfx1100', num_cu=70, num_chiplets=1)
----------------------------------------------------------------------------------------------------
PASS: GemmConfiguration(datatype='f32', out_dtype='f32', g=1, m=233, k=176, n=76, trans_a=False, trans_b=False, perfconfig='gemm:v1:16,16,64,2,1,8,16,2,3,2,0', scaled_gemm=False, scale_a_dtype=None, scale_b_dtype=None, trans_scale_a=False, trans_scale_b=False, arch='gfx1100', chip='gfx1100', num_cu=70, num_chiplets=1)
----------------------------------------------------------------------------------------------------
PASS: GemmConfiguration(datatype='i8', out_dtype='i32', g=1, m=140, k=104, n=277, trans_a=False, trans_b=False, perfconfig='gemm:v1:16,256,32,1,1,4,16,1,1,2,8', scaled_gemm=False, scale_a_dtype=None, scale_b_dtype=None, trans_scale_a=False, trans_scale_b=False, arch='gfx1100', chip='gfx1100', num_cu=70, num_chiplets=1)
----------------------------------------------------------------------------------------------------
PASS: GemmConfiguration(datatype='f32', out_dtype='f32', g=2, m=102, k=471, n=159, trans_a=True, trans_b=True, perfconfig='gemm:v1:64,16,64,2,1,16,0,3,3,0,1', scaled_gemm=False, scale_a_dtype=None, scale_b_dtype=None, trans_scale_a=False, trans_scale_b=False, arch='gfx1100', chip='gfx1100', num_cu=70, num_chiplets=1)
----------------------------------------------------------------------------------------------------
PASS: GemmConfiguration(datatype='f32', out_dtype='f32', g=1, m=345, k=298, n=317, trans_a=False, trans_b=True, perfconfig='gemm:v1:128,16,32,2,1,4,16,1,2,1,2', scaled_gemm=False, scale_a_dtype=None, scale_b_dtype=None, trans_scale_a=False, trans_scale_b=False, arch='gfx1100', chip='gfx1100', num_cu=70, num_chiplets=1)
----------------------------------------------------------------------------------------------------
PASS: GemmConfiguration(datatype='f32', out_dtype='f32', g=2, m=317, k=96, n=43, trans_a=True, trans_b=False, perfconfig='gemm:v1:256,32,16,1,1,4,0,4,3,2,1', scaled_gemm=False, scale_a_dtype=None, scale_b_dtype=None, trans_scale_a=False, trans_scale_b=False, arch='gfx1100', chip='gfx1100', num_cu=70, num_chiplets=1)
Lowering rejected config as not applicable
Command line = -operation gemm -t i8 -out_datatype i32 --arch gfx1100 --num_cu 70 --num_chiplets 1 -g 2 -m 298 -k 372 -n 236 -transA=True -transB=True --perf_config=gemm:v1:64,64,64,2,1,8,0,4,1,4,1 -pv
Errors = loc("<stdin>":18:10): error: Fusion with SplitK perfConfig is not legal
Lowering not applicable.

----------------------------------------------------------------------------------------------------
NOT_APPLICABLE: GemmConfiguration(datatype='i8', out_dtype='i32', g=2, m=298, k=372, n=236, trans_a=True, trans_b=True, perfconfig='gemm:v1:64,64,64,2,1,8,0,4,1,4,1', scaled_gemm=False, scale_a_dtype=None, scale_b_dtype=None, trans_scale_a=False, trans_scale_b=False, arch='gfx1100', chip='gfx1100', num_cu=70, num_chiplets=1)
Lowering rejected config as not applicable
Command line = -operation gemm -t i8 -out_datatype i32 --arch gfx1100 --num_cu 70 --num_chiplets 1 -g 2 -m 435 -k 105 -n 400 -transA=False -transB=False --perf_config=gemm:v1:128,256,16,1,1,16,0,2,1,2,8 -pv
Errors = loc("<stdin>":18:10): error: Fusion with SplitK perfConfig is not legal
Lowering not applicable.

----------------------------------------------------------------------------------------------------
NOT_APPLICABLE: GemmConfiguration(datatype='i8', out_dtype='i32', g=2, m=435, k=105, n=400, trans_a=False, trans_b=False, perfconfig='gemm:v1:128,256,16,1,1,16,0,2,1,2,8', scaled_gemm=False, scale_a_dtype=None, scale_b_dtype=None, trans_scale_a=False, trans_scale_b=False, arch='gfx1100', chip='gfx1100', num_cu=70, num_chiplets=1)
Lowering rejected config as not applicable
Command line = -operation gemm -t i8 -out_datatype i32 --arch gfx1100 --num_cu 70 --num_chiplets 1 -g 2 -m 204 -k 271 -n 16 -transA=False -transB=True --perf_config=gemm:v1:32,64,64,1,1,16,16,2,3,1,1 -pv
Errors = loc("<stdin>":18:10): error: Fusion with SplitK perfConfig is not legal
Lowering not applicable.

----------------------------------------------------------------------------------------------------
NOT_APPLICABLE: GemmConfiguration(datatype='i8', out_dtype='i32', g=2, m=204, k=271, n=16, trans_a=False, trans_b=True, perfconfig='gemm:v1:32,64,64,1,1,16,16,2,3,1,1', scaled_gemm=False, scale_a_dtype=None, scale_b_dtype=None, trans_scale_a=False, trans_scale_b=False, arch='gfx1100', chip='gfx1100', num_cu=70, num_chiplets=1)
Lowering rejected config as not applicable
Command line = -operation gemm -t f16 -out_datatype f16 --arch gfx1100 --num_cu 70 --num_chiplets 1 -g 1 -m 501 -k 365 -n 372 -transA=True -transB=False --perf_config=gemm:v1:16,64,64,1,1,4,32,2,2,0,8 -pv
Errors = loc("<stdin>":18:10): error: Fusion with SplitK perfConfig is not legal
Lowering not applicable.

----------------------------------------------------------------------------------------------------
NOT_APPLICABLE: GemmConfiguration(datatype='f16', out_dtype='f16', g=1, m=501, k=365, n=372, trans_a=True, trans_b=False, perfconfig='gemm:v1:16,64,64,1,1,4,32,2,2,0,8', scaled_gemm=False, scale_a_dtype=None, scale_b_dtype=None, trans_scale_a=False, trans_scale_b=False, arch='gfx1100', chip='gfx1100', num_cu=70, num_chiplets=1)
Lowering rejected config as not applicable
Command line = -operation gemm -t bf16 -out_datatype bf16 --arch gfx1100 --num_cu 70 --num_chiplets 1 -g 2 -m 475 -k 504 -n 185 -transA=True -transB=True --perf_config=gemm:v1:128,32,16,2,1,16,32,2,3,2,0 -pv -RMS_threshold 1e-2
Errors = loc("<stdin>":18:10): error: Fusion with SplitK perfConfig is not legal
Lowering not applicable.

----------------------------------------------------------------------------------------------------
NOT_APPLICABLE: GemmConfiguration(datatype='bf16', out_dtype='bf16', g=2, m=475, k=504, n=185, trans_a=True, trans_b=True, perfconfig='gemm:v1:128,32,16,2,1,16,32,2,3,2,0', scaled_gemm=False, scale_a_dtype=None, scale_b_dtype=None, trans_scale_a=False, trans_scale_b=False, arch='gfx1100', chip='gfx1100', num_cu=70, num_chiplets=1)
----------------------------------------------------------------------------------------------------
PASS: GemmConfiguration(datatype='f32', out_dtype='f32', g=1, m=225, k=289, n=193, trans_a=False, trans_b=False, perfconfig='gemm:v1:16,64,128,1,1,8,16,3,2,1,8', scaled_gemm=False, scale_a_dtype=None, scale_b_dtype=None, trans_scale_a=False, trans_scale_b=False, arch='gfx1100', chip='gfx1100', num_cu=70, num_chiplets=1)
----------------------------------------------------------------------------------------------------
PASS: GemmConfiguration(datatype='i8', out_dtype='i32', g=2, m=488, k=97, n=446, trans_a=False, trans_b=True, perfconfig='gemm:v1:16,128,16,1,1,16,32,1,3,1,2', scaled_gemm=False, scale_a_dtype=None, scale_b_dtype=None, trans_scale_a=False, trans_scale_b=False, arch='gfx1100', chip='gfx1100', num_cu=70, num_chiplets=1)
----------------------------------------------------------------------------------------------------
PASS: GemmConfiguration(datatype='f32', out_dtype='f32', g=1, m=103, k=41, n=445, trans_a=False, trans_b=False, perfconfig='gemm:v1:64,256,16,1,1,8,32,3,2,1,1', scaled_gemm=False, scale_a_dtype=None, scale_b_dtype=None, trans_scale_a=False, trans_scale_b=False, arch='gfx1100', chip='gfx1100', num_cu=70, num_chiplets=1)
Lowering rejected config as not applicable
Command line = -operation gemm -t i8 -out_datatype i32 --arch gfx1100 --num_cu 70 --num_chiplets 1 -g 1 -m 95 -k 446 -n 295 -transA=True -transB=False --perf_config=gemm:v1:256,128,128,2,1,4,16,2,2,8,1 -pv
Errors = loc("<stdin>":18:10): error: Fusion with SplitK perfConfig is not legal
Lowering not applicable.

----------------------------------------------------------------------------------------------------
NOT_APPLICABLE: GemmConfiguration(datatype='i8', out_dtype='i32', g=1, m=95, k=446, n=295, trans_a=True, trans_b=False, perfconfig='gemm:v1:256,128,128,2,1,4,16,2,2,8,1', scaled_gemm=False, scale_a_dtype=None, scale_b_dtype=None, trans_scale_a=False, trans_scale_b=False, arch='gfx1100', chip='gfx1100', num_cu=70, num_chiplets=1)
Lowering rejected config as not applicable
Command line = -operation gemm -t f16 -out_datatype f16 --arch gfx1100 --num_cu 70 --num_chiplets 1 -g 1 -m 370 -k 433 -n 457 -transA=False -transB=True --perf_config=gemm:v1:16,32,32,2,1,2,0,3,2,4,0 -pv
Errors = loc("<stdin>":17:10): error: Fusion with SplitK perfConfig is not legal
Lowering not applicable.

----------------------------------------------------------------------------------------------------
NOT_APPLICABLE: GemmConfiguration(datatype='f16', out_dtype='f16', g=1, m=370, k=433, n=457, trans_a=False, trans_b=True, perfconfig='gemm:v1:16,32,32,2,1,2,0,3,2,4,0', scaled_gemm=False, scale_a_dtype=None, scale_b_dtype=None, trans_scale_a=False, trans_scale_b=False, arch='gfx1100', chip='gfx1100', num_cu=70, num_chiplets=1)
Lowering rejected config as not applicable
Command line = -operation gemm -t bf16 -out_datatype bf16 --arch gfx1100 --num_cu 70 --num_chiplets 1 -g 1 -m 174 -k 374 -n 57 -transA=True -transB=False --perf_config=gemm:v1:64,64,32,2,1,4,16,4,2,8,1 -pv -RMS_threshold 1e-2
Errors = loc("<stdin>":18:10): error: Fusion with SplitK perfConfig is not legal
Lowering not applicable.

----------------------------------------------------------------------------------------------------
NOT_APPLICABLE: GemmConfiguration(datatype='bf16', out_dtype='bf16', g=1, m=174, k=374, n=57, trans_a=True, trans_b=False, perfconfig='gemm:v1:64,64,32,2,1,4,16,4,2,8,1', scaled_gemm=False, scale_a_dtype=None, scale_b_dtype=None, trans_scale_a=False, trans_scale_b=False, arch='gfx1100', chip='gfx1100', num_cu=70, num_chiplets=1)
Lowering rejected config as not applicable
Command line = -operation gemm -t bf16 -out_datatype bf16 --arch gfx1100 --num_cu 70 --num_chiplets 1 -g 1 -m 222 -k 312 -n 498 -transA=True -transB=False --perf_config=gemm:v1:16,64,16,2,1,2,32,3,1,2,2 -pv -RMS_threshold 1e-2
Errors = loc("<stdin>":18:10): error: Fusion with SplitK perfConfig is not legal
Lowering not applicable.

----------------------------------------------------------------------------------------------------
NOT_APPLICABLE: GemmConfiguration(datatype='bf16', out_dtype='bf16', g=1, m=222, k=312, n=498, trans_a=True, trans_b=False, perfconfig='gemm:v1:16,64,16,2,1,2,32,3,1,2,2', scaled_gemm=False, scale_a_dtype=None, scale_b_dtype=None, trans_scale_a=False, trans_scale_b=False, arch='gfx1100', chip='gfx1100', num_cu=70, num_chiplets=1)
----------------------------------------------------------------------------------------------------
PASS: GemmConfiguration(datatype='bf16', out_dtype='bf16', g=2, m=61, k=8, n=88, trans_a=True, trans_b=False, perfconfig='gemm:v1:16,32,32,2,1,1,16,1,1,0,2', scaled_gemm=False, scale_a_dtype=None, scale_b_dtype=None, trans_scale_a=False, trans_scale_b=False, arch='gfx1100', chip='gfx1100', num_cu=70, num_chiplets=1)
----------------------------------------------------------------------------------------------------
PASS: GemmConfiguration(datatype='f32', out_dtype='f32', g=1, m=376, k=29, n=185, trans_a=False, trans_b=False, perfconfig='gemm:v1:64,256,16,2,1,8,32,4,2,4,4', scaled_gemm=False, scale_a_dtype=None, scale_b_dtype=None, trans_scale_a=False, trans_scale_b=False, arch='gfx1100', chip='gfx1100', num_cu=70, num_chiplets=1)
----------------------------------------------------------------------------------------------------
PASS: GemmConfiguration(datatype='f32', out_dtype='f32', g=1, m=83, k=83, n=421, trans_a=True, trans_b=False, perfconfig='gemm:v1:16,64,128,1,1,4,32,3,3,2,8', scaled_gemm=False, scale_a_dtype=None, scale_b_dtype=None, trans_scale_a=False, trans_scale_b=False, arch='gfx1100', chip='gfx1100', num_cu=70, num_chiplets=1)
Lowering rejected config as not applicable
Command line = -operation gemm -t bf16 -out_datatype bf16 --arch gfx1100 --num_cu 70 --num_chiplets 1 -g 2 -m 110 -k 436 -n 125 -transA=True -transB=False --perf_config=gemm:v1:256,256,128,1,1,4,0,1,3,4,0 -pv -RMS_threshold 1e-2
Errors = loc("<stdin>":13:1): error: ttg.shared (262144) exceeds LDS limit (65536) for amdgcn-amd-amdhsa:gfx1100
Lowering not applicable.

----------------------------------------------------------------------------------------------------
NOT_APPLICABLE: GemmConfiguration(datatype='bf16', out_dtype='bf16', g=2, m=110, k=436, n=125, trans_a=True, trans_b=False, perfconfig='gemm:v1:256,256,128,1,1,4,0,1,3,4,0', scaled_gemm=False, scale_a_dtype=None, scale_b_dtype=None, trans_scale_a=False, trans_scale_b=False, arch='gfx1100', chip='gfx1100', num_cu=70, num_chiplets=1)
Lowering rejected config as not applicable
Command line = -operation gemm -t i8 -out_datatype i32 --arch gfx1100 --num_cu 70 --num_chiplets 1 -g 2 -m 34 -k 130 -n 311 -transA=False -transB=False --perf_config=gemm:v1:64,64,16,2,1,1,16,3,1,1,1 -pv
Errors = loc("<stdin>":18:10): error: Fusion with SplitK perfConfig is not legal
Lowering not applicable.

----------------------------------------------------------------------------------------------------
NOT_APPLICABLE: GemmConfiguration(datatype='i8', out_dtype='i32', g=2, m=34, k=130, n=311, trans_a=False, trans_b=False, perfconfig='gemm:v1:64,64,16,2,1,1,16,3,1,1,1', scaled_gemm=False, scale_a_dtype=None, scale_b_dtype=None, trans_scale_a=False, trans_scale_b=False, arch='gfx1100', chip='gfx1100', num_cu=70, num_chiplets=1)
Lowering rejected config as not applicable
Command line = -operation gemm -t i8 -out_datatype i32 --arch gfx1100 --num_cu 70 --num_chiplets 1 -g 1 -m 104 -k 91 -n 468 -transA=True -transB=True --perf_config=gemm:v1:128,64,128,2,1,8,16,4,3,1,4 -pv
Errors = loc("<stdin>":18:10): error: Fusion with SplitK perfConfig is not legal
Lowering not applicable.

----------------------------------------------------------------------------------------------------
NOT_APPLICABLE: GemmConfiguration(datatype='i8', out_dtype='i32', g=1, m=104, k=91, n=468, trans_a=True, trans_b=True, perfconfig='gemm:v1:128,64,128,2,1,8,16,4,3,1,4', scaled_gemm=False, scale_a_dtype=None, scale_b_dtype=None, trans_scale_a=False, trans_scale_b=False, arch='gfx1100', chip='gfx1100', num_cu=70, num_chiplets=1)
Lowering rejected config as not applicable
Command line = -operation gemm -t bf16 -out_datatype bf16 --arch gfx1100 --num_cu 70 --num_chiplets 1 -g 2 -m 168 -k 14 -n 93 -transA=False -transB=True --perf_config=gemm:v1:64,128,32,2,1,1,16,3,1,1,0 -pv -RMS_threshold 1e-2
Errors = loc("<stdin>":18:10): error: Fusion with SplitK perfConfig is not legal
Lowering not applicable.

----------------------------------------------------------------------------------------------------
NOT_APPLICABLE: GemmConfiguration(datatype='bf16', out_dtype='bf16', g=2, m=168, k=14, n=93, trans_a=False, trans_b=True, perfconfig='gemm:v1:64,128,32,2,1,1,16,3,1,1,0', scaled_gemm=False, scale_a_dtype=None, scale_b_dtype=None, trans_scale_a=False, trans_scale_b=False, arch='gfx1100', chip='gfx1100', num_cu=70, num_chiplets=1)
Lowering rejected config as not applicable
Command line = -operation gemm -t f32 -out_datatype f32 --arch gfx1100 --num_cu 70 --num_chiplets 1 -g 1 -m 102 -k 319 -n 444 -transA=False -transB=False --perf_config=gemm:v1:64,128,64,2,1,8,32,3,3,2,2 -pv
Errors = loc("<stdin>":12:1): error: ttg.shared (98304) exceeds LDS limit (65536) for amdgcn-amd-amdhsa:gfx1100
Lowering not applicable.

----------------------------------------------------------------------------------------------------
NOT_APPLICABLE: GemmConfiguration(datatype='f32', out_dtype='f32', g=1, m=102, k=319, n=444, trans_a=False, trans_b=False, perfconfig='gemm:v1:64,128,64,2,1,8,32,3,3,2,2', scaled_gemm=False, scale_a_dtype=None, scale_b_dtype=None, trans_scale_a=False, trans_scale_b=False, arch='gfx1100', chip='gfx1100', num_cu=70, num_chiplets=1)
----------------------------------------------------------------------------------------------------
PASS: GemmConfiguration(datatype='fp8', out_dtype='f32', g=1, m=173, k=264, n=48, trans_a=False, trans_b=False, perfconfig='gemm:v1:64,32,32,2,1,16,16,4,2,4,2', scaled_gemm=False, scale_a_dtype=None, scale_b_dtype=None, trans_scale_a=False, trans_scale_b=False, arch='gfx1100', chip='gfx1100', num_cu=70, num_chiplets=1)
----------------------------------------------------------------------------------------------------
PASS: GemmConfiguration(datatype='fp8', out_dtype='f32', g=1, m=215, k=72, n=164, trans_a=True, trans_b=False, perfconfig='gemm:v1:64,256,32,1,1,2,0,2,2,4,8', scaled_gemm=False, scale_a_dtype=None, scale_b_dtype=None, trans_scale_a=False, trans_scale_b=False, arch='gfx1100', chip='gfx1100', num_cu=70, num_chiplets=1)
----------------------------------------------------------------------------------------------------
PASS: GemmConfiguration(datatype='fp8', out_dtype='f32', g=1, m=236, k=242, n=291, trans_a=True, trans_b=True, perfconfig='gemm:v1:16,64,128,2,1,1,32,1,2,1,8', scaled_gemm=False, scale_a_dtype=None, scale_b_dtype=None, trans_scale_a=False, trans_scale_b=False, arch='gfx1100', chip='gfx1100', num_cu=70, num_chiplets=1)
----------------------------------------------------------------------------------------------------
PASS: GemmConfiguration(datatype='fp8', out_dtype='f32', g=1, m=491, k=415, n=226, trans_a=True, trans_b=False, perfconfig='gemm:v1:16,256,32,2,1,1,16,3,3,2,1', scaled_gemm=False, scale_a_dtype=None, scale_b_dtype=None, trans_scale_a=False, trans_scale_b=False, arch='gfx1100', chip='gfx1100', num_cu=70, num_chiplets=1)
Lowering rejected config as not applicable
Command line = -operation gemm -t i8 -out_datatype i32 --arch gfx1100 --num_cu 70 --num_chiplets 1 -g 2 -m 69 -k 254 -n 357 -transA=False -transB=False --perf_config=gemm:v1:256,32,128,1,1,8,16,3,2,4,4 -pv
Errors = loc("<stdin>":18:10): error: Fusion with SplitK perfConfig is not legal
Lowering not applicable.

----------------------------------------------------------------------------------------------------
NOT_APPLICABLE: GemmConfiguration(datatype='i8', out_dtype='i32', g=2, m=69, k=254, n=357, trans_a=False, trans_b=False, perfconfig='gemm:v1:256,32,128,1,1,8,16,3,2,4,4', scaled_gemm=False, scale_a_dtype=None, scale_b_dtype=None, trans_scale_a=False, trans_scale_b=False, arch='gfx1100', chip='gfx1100', num_cu=70, num_chiplets=1)
Lowering rejected config as not applicable
Command line = -operation gemm -t bf16 -out_datatype bf16 --arch gfx1100 --num_cu 70 --num_chiplets 1 -g 2 -m 334 -k 477 -n 367 -transA=True -transB=False --perf_config=gemm:v1:32,64,64,2,1,16,0,2,1,4,8 -pv -RMS_threshold 1e-2
Errors = loc("<stdin>":18:10): error: Fusion with SplitK perfConfig is not legal
Lowering not applicable.

----------------------------------------------------------------------------------------------------
NOT_APPLICABLE: GemmConfiguration(datatype='bf16', out_dtype='bf16', g=2, m=334, k=477, n=367, trans_a=True, trans_b=False, perfconfig='gemm:v1:32,64,64,2,1,16,0,2,1,4,8', scaled_gemm=False, scale_a_dtype=None, scale_b_dtype=None, trans_scale_a=False, trans_scale_b=False, arch='gfx1100', chip='gfx1100', num_cu=70, num_chiplets=1)
Lowering rejected config as not applicable
Command line = -operation gemm -t bf16 -out_datatype bf16 --arch gfx1100 --num_cu 70 --num_chiplets 1 -g 1 -m 117 -k 111 -n 366 -transA=False -transB=False --perf_config=gemm:v1:128,64,128,2,1,16,0,2,2,4,4 -pv -RMS_threshold 1e-2
Errors = loc("<stdin>":18:10): error: Fusion with SplitK perfConfig is not legal
Lowering not applicable.

----------------------------------------------------------------------------------------------------
NOT_APPLICABLE: GemmConfiguration(datatype='bf16', out_dtype='bf16', g=1, m=117, k=111, n=366, trans_a=False, trans_b=False, perfconfig='gemm:v1:128,64,128,2,1,16,0,2,2,4,4', scaled_gemm=False, scale_a_dtype=None, scale_b_dtype=None, trans_scale_a=False, trans_scale_b=False, arch='gfx1100', chip='gfx1100', num_cu=70, num_chiplets=1)
Lowering rejected config as not applicable
Command line = -operation gemm -t f16 -out_datatype f16 --arch gfx1100 --num_cu 70 --num_chiplets 1 -g 2 -m 293 -k 132 -n 405 -transA=True -transB=True --perf_config=gemm:v1:256,128,32,2,1,2,16,3,2,4,4 -pv
Errors = loc("<stdin>":18:10): error: Fusion with SplitK perfConfig is not legal
Lowering not applicable.

----------------------------------------------------------------------------------------------------
NOT_APPLICABLE: GemmConfiguration(datatype='f16', out_dtype='f16', g=2, m=293, k=132, n=405, trans_a=True, trans_b=True, perfconfig='gemm:v1:256,128,32,2,1,2,16,3,2,4,4', scaled_gemm=False, scale_a_dtype=None, scale_b_dtype=None, trans_scale_a=False, trans_scale_b=False, arch='gfx1100', chip='gfx1100', num_cu=70, num_chiplets=1)
Lowering rejected config as not applicable
Command line = -operation gemm -t i8 -out_datatype i32 --arch gfx1100 --num_cu 70 --num_chiplets 1 -g 2 -m 45 -k 367 -n 355 -transA=True -transB=False --perf_config=gemm:v1:16,16,64,2,1,4,32,2,3,4,0 -pv
Errors = loc("<stdin>":18:10): error: Fusion with SplitK perfConfig is not legal
Lowering not applicable.

----------------------------------------------------------------------------------------------------
NOT_APPLICABLE: GemmConfiguration(datatype='i8', out_dtype='i32', g=2, m=45, k=367, n=355, trans_a=True, trans_b=False, perfconfig='gemm:v1:16,16,64,2,1,4,32,2,3,4,0', scaled_gemm=False, scale_a_dtype=None, scale_b_dtype=None, trans_scale_a=False, trans_scale_b=False, arch='gfx1100', chip='gfx1100', num_cu=70, num_chiplets=1)
----------------------------------------------------------------------------------------------------
PASS: GemmConfiguration(datatype='bf16', out_dtype='bf16', g=2, m=399, k=265, n=241, trans_a=True, trans_b=True, perfconfig='gemm:v1:128,32,64,1,1,4,0,1,2,1,2', scaled_gemm=False, scale_a_dtype=None, scale_b_dtype=None, trans_scale_a=False, trans_scale_b=False, arch='gfx1100', chip='gfx1100', num_cu=70, num_chiplets=1)
----------------------------------------------------------------------------------------------------
PASS: GemmConfiguration(datatype='bf16', out_dtype='bf16', g=1, m=161, k=481, n=143, trans_a=False, trans_b=False, perfconfig='gemm:v1:128,128,64,1,1,1,32,1,3,1,4', scaled_gemm=False, scale_a_dtype=None, scale_b_dtype=None, trans_scale_a=False, trans_scale_b=False, arch='gfx1100', chip='gfx1100', num_cu=70, num_chiplets=1)
----------------------------------------------------------------------------------------------------
PASS: GemmConfiguration(datatype='fp8', out_dtype='f32', g=2, m=297, k=235, n=389, trans_a=True, trans_b=False, perfconfig='gemm:v1:256,256,32,1,1,1,32,4,1,8,1', scaled_gemm=False, scale_a_dtype=None, scale_b_dtype=None, trans_scale_a=False, trans_scale_b=False, arch='gfx1100', chip='gfx1100', num_cu=70, num_chiplets=1)
Lowering rejected config as not applicable
Command line = -operation gemm -t bf16 -out_datatype bf16 --arch gfx1100 --num_cu 70 --num_chiplets 1 -g 2 -m 132 -k 306 -n 61 -transA=True -transB=True --perf_config=gemm:v1:32,256,64,1,1,16,16,2,3,2,8 -pv -RMS_threshold 1e-2
Errors = loc("<stdin>":18:10): error: Fusion with SplitK perfConfig is not legal
Lowering not applicable.

----------------------------------------------------------------------------------------------------
NOT_APPLICABLE: GemmConfiguration(datatype='bf16', out_dtype='bf16', g=2, m=132, k=306, n=61, trans_a=True, trans_b=True, perfconfig='gemm:v1:32,256,64,1,1,16,16,2,3,2,8', scaled_gemm=False, scale_a_dtype=None, scale_b_dtype=None, trans_scale_a=False, trans_scale_b=False, arch='gfx1100', chip='gfx1100', num_cu=70, num_chiplets=1)
Lowering rejected config as not applicable
Command line = -operation gemm -t f16 -out_datatype f16 --arch gfx1100 --num_cu 70 --num_chiplets 1 -g 1 -m 131 -k 80 -n 185 -transA=True -transB=True --perf_config=gemm:v1:64,64,64,1,1,16,32,4,1,4,8 -pv
Errors = loc("<stdin>":18:10): error: Fusion with SplitK perfConfig is not legal
Lowering not applicable.

----------------------------------------------------------------------------------------------------
NOT_APPLICABLE: GemmConfiguration(datatype='f16', out_dtype='f16', g=1, m=131, k=80, n=185, trans_a=True, trans_b=True, perfconfig='gemm:v1:64,64,64,1,1,16,32,4,1,4,8', scaled_gemm=False, scale_a_dtype=None, scale_b_dtype=None, trans_scale_a=False, trans_scale_b=False, arch='gfx1100', chip='gfx1100', num_cu=70, num_chiplets=1)
Lowering rejected config as not applicable
Command line = -operation gemm -t bf16 -out_datatype bf16 --arch gfx1100 --num_cu 70 --num_chiplets 1 -g 2 -m 205 -k 201 -n 64 -transA=True -transB=False --perf_config=gemm:v1:16,256,32,1,1,2,32,2,2,0,8 -pv -RMS_threshold 1e-2
Errors = loc("<stdin>":18:10): error: Fusion with SplitK perfConfig is not legal
Lowering not applicable.

----------------------------------------------------------------------------------------------------
NOT_APPLICABLE: GemmConfiguration(datatype='bf16', out_dtype='bf16', g=2, m=205, k=201, n=64, trans_a=True, trans_b=False, perfconfig='gemm:v1:16,256,32,1,1,2,32,2,2,0,8', scaled_gemm=False, scale_a_dtype=None, scale_b_dtype=None, trans_scale_a=False, trans_scale_b=False, arch='gfx1100', chip='gfx1100', num_cu=70, num_chiplets=1)
----------------------------------------------------------------------------------------------------
PASS: GemmConfiguration(datatype='f16', out_dtype='f16', g=2, m=476, k=282, n=204, trans_a=False, trans_b=False, perfconfig='gemm:v1:64,16,32,2,1,4,0,1,3,2,8', scaled_gemm=False, scale_a_dtype=None, scale_b_dtype=None, trans_scale_a=False, trans_scale_b=False, arch='gfx1100', chip='gfx1100', num_cu=70, num_chiplets=1)
----------------------------------------------------------------------------------------------------
PASS: GemmConfiguration(datatype='i8', out_dtype='i32', g=2, m=192, k=158, n=152, trans_a=False, trans_b=False, perfconfig='gemm:v1:16,128,64,1,1,4,32,1,1,8,1', scaled_gemm=False, scale_a_dtype=None, scale_b_dtype=None, trans_scale_a=False, trans_scale_b=False, arch='gfx1100', chip='gfx1100', num_cu=70, num_chiplets=1)
----------------------------------------------------------------------------------------------------
PASS: GemmConfiguration(datatype='i8', out_dtype='i32', g=1, m=233, k=76, n=27, trans_a=False, trans_b=True, perfconfig='gemm:v1:128,256,32,2,1,16,0,1,2,1,8', scaled_gemm=False, scale_a_dtype=None, scale_b_dtype=None, trans_scale_a=False, trans_scale_b=False, arch='gfx1100', chip='gfx1100', num_cu=70, num_chiplets=1)
----------------------------------------------------------------------------------------------------
PASS: GemmConfiguration(datatype='fp8', out_dtype='f32', g=1, m=422, k=1, n=372, trans_a=True, trans_b=False, perfconfig='gemm:v1:16,64,64,2,1,2,32,3,2,1,2', scaled_gemm=False, scale_a_dtype=None, scale_b_dtype=None, trans_scale_a=False, trans_scale_b=False, arch='gfx1100', chip='gfx1100', num_cu=70, num_chiplets=1)
Lowering rejected config as not applicable
Command line = -operation gemm -t i8 -out_datatype i32 --arch gfx1100 --num_cu 70 --num_chiplets 1 -g 1 -m 267 -k 372 -n 26 -transA=True -transB=True --perf_config=gemm:v1:256,256,128,1,1,4,16,1,3,0,4 -pv
Errors = loc("<stdin>":13:1): error: ttg.shared (131072) exceeds LDS limit (65536) for amdgcn-amd-amdhsa:gfx1100
Lowering not applicable.

----------------------------------------------------------------------------------------------------
NOT_APPLICABLE: GemmConfiguration(datatype='i8', out_dtype='i32', g=1, m=267, k=372, n=26, trans_a=True, trans_b=True, perfconfig='gemm:v1:256,256,128,1,1,4,16,1,3,0,4', scaled_gemm=False, scale_a_dtype=None, scale_b_dtype=None, trans_scale_a=False, trans_scale_b=False, arch='gfx1100', chip='gfx1100', num_cu=70, num_chiplets=1)
Lowering rejected config as not applicable
Command line = -operation gemm -t i8 -out_datatype i32 --arch gfx1100 --num_cu 70 --num_chiplets 1 -g 2 -m 339 -k 511 -n 191 -transA=True -transB=True --perf_config=gemm:v1:32,128,128,2,1,16,32,4,1,8,1 -pv
Errors = loc("<stdin>":18:10): error: Fusion with SplitK perfConfig is not legal
Lowering not applicable.

----------------------------------------------------------------------------------------------------
NOT_APPLICABLE: GemmConfiguration(datatype='i8', out_dtype='i32', g=2, m=339, k=511, n=191, trans_a=True, trans_b=True, perfconfig='gemm:v1:32,128,128,2,1,16,32,4,1,8,1', scaled_gemm=False, scale_a_dtype=None, scale_b_dtype=None, trans_scale_a=False, trans_scale_b=False, arch='gfx1100', chip='gfx1100', num_cu=70, num_chiplets=1)
Lowering rejected config as not applicable
Command line = -operation gemm -t i8 -out_datatype i32 --arch gfx1100 --num_cu 70 --num_chiplets 1 -g 1 -m 371 -k 355 -n 56 -transA=False -transB=True --perf_config=gemm:v1:256,16,32,1,1,1,0,4,3,8,2 -pv
Errors = loc("<stdin>":17:10): error: Fusion with SplitK perfConfig is not legal
Lowering not applicable.

----------------------------------------------------------------------------------------------------
NOT_APPLICABLE: GemmConfiguration(datatype='i8', out_dtype='i32', g=1, m=371, k=355, n=56, trans_a=False, trans_b=True, perfconfig='gemm:v1:256,16,32,1,1,1,0,4,3,8,2', scaled_gemm=False, scale_a_dtype=None, scale_b_dtype=None, trans_scale_a=False, trans_scale_b=False, arch='gfx1100', chip='gfx1100', num_cu=70, num_chiplets=1)
Lowering rejected config as not applicable
Command line = -operation gemm -t f16 -out_datatype f16 --arch gfx1100 --num_cu 70 --num_chiplets 1 -g 1 -m 224 -k 172 -n 442 -transA=True -transB=False --perf_config=gemm:v1:256,16,64,1,1,2,16,1,3,8,4 -pv
Errors = loc("<stdin>":13:1): error: ttg.shared (69632) exceeds LDS limit (65536) for amdgcn-amd-amdhsa:gfx1100
Lowering not applicable.

----------------------------------------------------------------------------------------------------
NOT_APPLICABLE: GemmConfiguration(datatype='f16', out_dtype='f16', g=1, m=224, k=172, n=442, trans_a=True, trans_b=False, perfconfig='gemm:v1:256,16,64,1,1,2,16,1,3,8,4', scaled_gemm=False, scale_a_dtype=None, scale_b_dtype=None, trans_scale_a=False, trans_scale_b=False, arch='gfx1100', chip='gfx1100', num_cu=70, num_chiplets=1)
----------------------------------------------------------------------------------------------------
PASS: GemmConfiguration(datatype='bf16', out_dtype='bf16', g=2, m=3, k=255, n=149, trans_a=False, trans_b=False, perfconfig='gemm:v1:16,16,64,1,1,4,32,1,2,2,2', scaled_gemm=False, scale_a_dtype=None, scale_b_dtype=None, trans_scale_a=False, trans_scale_b=False, arch='gfx1100', chip='gfx1100', num_cu=70, num_chiplets=1)
----------------------------------------------------------------------------------------------------
PASS: GemmConfiguration(datatype='f32', out_dtype='f32', g=1, m=347, k=474, n=414, trans_a=True, trans_b=True, perfconfig='gemm:v1:256,64,32,2,1,16,16,1,1,0,0', scaled_gemm=False, scale_a_dtype=None, scale_b_dtype=None, trans_scale_a=False, trans_scale_b=False, arch='gfx1100', chip='gfx1100', num_cu=70, num_chiplets=1)
----------------------------------------------------------------------------------------------------
PASS: GemmConfiguration(datatype='f32', out_dtype='f32', g=1, m=464, k=80, n=276, trans_a=True, trans_b=True, perfconfig='gemm:v1:256,64,32,2,1,4,32,4,3,0,4', scaled_gemm=False, scale_a_dtype=None, scale_b_dtype=None, trans_scale_a=False, trans_scale_b=False, arch='gfx1100', chip='gfx1100', num_cu=70, num_chiplets=1)
----------------------------------------------------------------------------------------------------
PASS: GemmConfiguration(datatype='fp8', out_dtype='f32', g=2, m=78, k=248, n=160, trans_a=False, trans_b=False, perfconfig='gemm:v1:32,128,16,2,1,1,16,4,3,2,1', scaled_gemm=False, scale_a_dtype=None, scale_b_dtype=None, trans_scale_a=False, trans_scale_b=False, arch='gfx1100', chip='gfx1100', num_cu=70, num_chiplets=1)
----------------------------------------------------------------------------------------------------
PASS: GemmConfiguration(datatype='fp8', out_dtype='f32', g=2, m=326, k=384, n=348, trans_a=True, trans_b=True, perfconfig='gemm:v1:16,256,64,1,1,4,16,4,1,1,1', scaled_gemm=False, scale_a_dtype=None, scale_b_dtype=None, trans_scale_a=False, trans_scale_b=False, arch='gfx1100', chip='gfx1100', num_cu=70, num_chiplets=1)
Lowering rejected config as not applicable
Command line = -operation gemm -t bf16 -out_datatype bf16 --arch gfx1100 --num_cu 70 --num_chiplets 1 -g 2 -m 375 -k 42 -n 146 -transA=True -transB=False --perf_config=gemm:v1:64,16,16,2,1,2,0,4,1,1,1 -pv -RMS_threshold 1e-2
Errors = loc("<stdin>":18:10): error: Fusion with SplitK perfConfig is not legal
Lowering not applicable.

----------------------------------------------------------------------------------------------------
NOT_APPLICABLE: GemmConfiguration(datatype='bf16', out_dtype='bf16', g=2, m=375, k=42, n=146, trans_a=True, trans_b=False, perfconfig='gemm:v1:64,16,16,2,1,2,0,4,1,1,1', scaled_gemm=False, scale_a_dtype=None, scale_b_dtype=None, trans_scale_a=False, trans_scale_b=False, arch='gfx1100', chip='gfx1100', num_cu=70, num_chiplets=1)
Lowering rejected config as not applicable
Command line = -operation gemm -t i8 -out_datatype i32 --arch gfx1100 --num_cu 70 --num_chiplets 1 -g 2 -m 253 -k 307 -n 386 -transA=False -transB=False --perf_config=gemm:v1:64,256,16,1,1,1,16,3,3,8,0 -pv
Errors = loc("<stdin>":18:10): error: Fusion with SplitK perfConfig is not legal
Lowering not applicable.

----------------------------------------------------------------------------------------------------
NOT_APPLICABLE: GemmConfiguration(datatype='i8', out_dtype='i32', g=2, m=253, k=307, n=386, trans_a=False, trans_b=False, perfconfig='gemm:v1:64,256,16,1,1,1,16,3,3,8,0', scaled_gemm=False, scale_a_dtype=None, scale_b_dtype=None, trans_scale_a=False, trans_scale_b=False, arch='gfx1100', chip='gfx1100', num_cu=70, num_chiplets=1)
Lowering rejected config as not applicable
Command line = -operation gemm -t f16 -out_datatype f16 --arch gfx1100 --num_cu 70 --num_chiplets 1 -g 1 -m 229 -k 184 -n 188 -transA=False -transB=False --perf_config=gemm:v1:256,16,16,1,1,1,0,4,3,0,0 -pv
Errors = loc("<stdin>":18:10): error: Fusion with SplitK perfConfig is not legal
Lowering not applicable.

----------------------------------------------------------------------------------------------------
NOT_APPLICABLE: GemmConfiguration(datatype='f16', out_dtype='f16', g=1, m=229, k=184, n=188, trans_a=False, trans_b=False, perfconfig='gemm:v1:256,16,16,1,1,1,0,4,3,0,0', scaled_gemm=False, scale_a_dtype=None, scale_b_dtype=None, trans_scale_a=False, trans_scale_b=False, arch='gfx1100', chip='gfx1100', num_cu=70, num_chiplets=1)
Lowering rejected config as not applicable
Command line = -operation gemm -t bf16 -out_datatype bf16 --arch gfx1100 --num_cu 70 --num_chiplets 1 -g 2 -m 442 -k 276 -n 159 -transA=False -transB=True --perf_config=gemm:v1:64,32,128,2,1,1,0,4,2,2,1 -pv -RMS_threshold 1e-2
Errors = loc("<stdin>":18:10): error: Fusion with SplitK perfConfig is not legal
Lowering not applicable.

----------------------------------------------------------------------------------------------------
NOT_APPLICABLE: GemmConfiguration(datatype='bf16', out_dtype='bf16', g=2, m=442, k=276, n=159, trans_a=False, trans_b=True, perfconfig='gemm:v1:64,32,128,2,1,1,0,4,2,2,1', scaled_gemm=False, scale_a_dtype=None, scale_b_dtype=None, trans_scale_a=False, trans_scale_b=False, arch='gfx1100', chip='gfx1100', num_cu=70, num_chiplets=1)
Lowering rejected config as not applicable
Command line = -operation gemm -t i8 -out_datatype i32 --arch gfx1100 --num_cu 70 --num_chiplets 1 -g 1 -m 510 -k 339 -n 111 -transA=True -transB=False --perf_config=gemm:v1:32,128,128,2,1,8,0,4,1,1,8 -pv
Errors = loc("<stdin>":18:10): error: Fusion with SplitK perfConfig is not legal
Lowering not applicable.

----------------------------------------------------------------------------------------------------
NOT_APPLICABLE: GemmConfiguration(datatype='i8', out_dtype='i32', g=1, m=510, k=339, n=111, trans_a=True, trans_b=False, perfconfig='gemm:v1:32,128,128,2,1,8,0,4,1,1,8', scaled_gemm=False, scale_a_dtype=None, scale_b_dtype=None, trans_scale_a=False, trans_scale_b=False, arch='gfx1100', chip='gfx1100', num_cu=70, num_chiplets=1)
----------------------------------------------------------------------------------------------------
PASS: GemmConfiguration(datatype='f32', out_dtype='f32', g=1, m=53, k=424, n=258, trans_a=False, trans_b=True, perfconfig='gemm:v1:64,32,16,1,1,4,0,1,3,8,2', scaled_gemm=False, scale_a_dtype=None, scale_b_dtype=None, trans_scale_a=False, trans_scale_b=False, arch='gfx1100', chip='gfx1100', num_cu=70, num_chiplets=1)
----------------------------------------------------------------------------------------------------
PASS: GemmConfiguration(datatype='bf16', out_dtype='bf16', g=2, m=216, k=330, n=299, trans_a=False, trans_b=False, perfconfig='gemm:v1:64,16,128,1,1,16,16,1,1,0,2', scaled_gemm=False, scale_a_dtype=None, scale_b_dtype=None, trans_scale_a=False, trans_scale_b=False, arch='gfx1100', chip='gfx1100', num_cu=70, num_chiplets=1)
----------------------------------------------------------------------------------------------------
PASS: GemmConfiguration(datatype='fp8', out_dtype='f32', g=1, m=204, k=98, n=160, trans_a=True, trans_b=True, perfconfig='gemm:v1:16,256,16,2,1,2,32,4,3,1,0', scaled_gemm=False, scale_a_dtype=None, scale_b_dtype=None, trans_scale_a=False, trans_scale_b=False, arch='gfx1100', chip='gfx1100', num_cu=70, num_chiplets=1)
Lowering rejected config as not applicable
Command line = -operation gemm -t bf16 -out_datatype bf16 --arch gfx1100 --num_cu 70 --num_chiplets 1 -g 2 -m 56 -k 86 -n 305 -transA=False -transB=True --perf_config=gemm:v1:256,256,64,1,1,2,16,2,3,0,0 -pv -RMS_threshold 1e-2
Errors = loc("<stdin>":18:10): error: Fusion with SplitK perfConfig is not legal
Lowering not applicable.

----------------------------------------------------------------------------------------------------
NOT_APPLICABLE: GemmConfiguration(datatype='bf16', out_dtype='bf16', g=2, m=56, k=86, n=305, trans_a=False, trans_b=True, perfconfig='gemm:v1:256,256,64,1,1,2,16,2,3,0,0', scaled_gemm=False, scale_a_dtype=None, scale_b_dtype=None, trans_scale_a=False, trans_scale_b=False, arch='gfx1100', chip='gfx1100', num_cu=70, num_chiplets=1)
Lowering rejected config as not applicable
Command line = -operation gemm -t i8 -out_datatype i32 --arch gfx1100 --num_cu 70 --num_chiplets 1 -g 2 -m 447 -k 382 -n 189 -transA=True -transB=True --perf_config=gemm:v1:16,128,64,1,1,16,32,3,3,2,0 -pv
Errors = loc("<stdin>":18:10): error: Fusion with SplitK perfConfig is not legal
Lowering not applicable.

----------------------------------------------------------------------------------------------------
NOT_APPLICABLE: GemmConfiguration(datatype='i8', out_dtype='i32', g=2, m=447, k=382, n=189, trans_a=True, trans_b=True, perfconfig='gemm:v1:16,128,64,1,1,16,32,3,3,2,0', scaled_gemm=False, scale_a_dtype=None, scale_b_dtype=None, trans_scale_a=False, trans_scale_b=False, arch='gfx1100', chip='gfx1100', num_cu=70, num_chiplets=1)
Lowering rejected config as not applicable
Command line = -operation gemm -t i8 -out_datatype i32 --arch gfx1100 --num_cu 70 --num_chiplets 1 -g 2 -m 67 -k 139 -n 173 -transA=True -transB=False --perf_config=gemm:v1:64,256,16,2,1,4,0,4,3,4,8 -pv
Errors = loc("<stdin>":18:10): error: Fusion with SplitK perfConfig is not legal
Lowering not applicable.

----------------------------------------------------------------------------------------------------
NOT_APPLICABLE: GemmConfiguration(datatype='i8', out_dtype='i32', g=2, m=67, k=139, n=173, trans_a=True, trans_b=False, perfconfig='gemm:v1:64,256,16,2,1,4,0,4,3,4,8', scaled_gemm=False, scale_a_dtype=None, scale_b_dtype=None, trans_scale_a=False, trans_scale_b=False, arch='gfx1100', chip='gfx1100', num_cu=70, num_chiplets=1)
Lowering rejected config as not applicable
Command line = -operation gemm -t i8 -out_datatype i32 --arch gfx1100 --num_cu 70 --num_chiplets 1 -g 2 -m 394 -k 210 -n 326 -transA=True -transB=True --perf_config=gemm:v1:128,256,64,2,1,4,0,4,2,8,8 -pv
Errors = loc("<stdin>":18:10): error: Fusion with SplitK perfConfig is not legal
Lowering not applicable.

----------------------------------------------------------------------------------------------------
NOT_APPLICABLE: GemmConfiguration(datatype='i8', out_dtype='i32', g=2, m=394, k=210, n=326, trans_a=True, trans_b=True, perfconfig='gemm:v1:128,256,64,2,1,4,0,4,2,8,8', scaled_gemm=False, scale_a_dtype=None, scale_b_dtype=None, trans_scale_a=False, trans_scale_b=False, arch='gfx1100', chip='gfx1100', num_cu=70, num_chiplets=1)
----------------------------------------------------------------------------------------------------
PASS: GemmConfiguration(datatype='f32', out_dtype='f32', g=2, m=457, k=316, n=282, trans_a=False, trans_b=True, perfconfig='gemm:v1:128,32,16,2,1,8,0,1,3,2,1', scaled_gemm=False, scale_a_dtype=None, scale_b_dtype=None, trans_scale_a=False, trans_scale_b=False, arch='gfx1100', chip='gfx1100', num_cu=70, num_chiplets=1)
----------------------------------------------------------------------------------------------------
PASS: GemmConfiguration(datatype='f32', out_dtype='f32', g=2, m=377, k=212, n=244, trans_a=True, trans_b=True, perfconfig='gemm:v1:32,16,64,1,1,4,32,1,3,4,0', scaled_gemm=False, scale_a_dtype=None, scale_b_dtype=None, trans_scale_a=False, trans_scale_b=False, arch='gfx1100', chip='gfx1100', num_cu=70, num_chiplets=1)
----------------------------------------------------------------------------------------------------
PASS: GemmConfiguration(datatype='f32', out_dtype='f32', g=1, m=211, k=83, n=116, trans_a=True, trans_b=True, perfconfig='gemm:v1:128,64,128,1,1,8,0,3,1,2,8', scaled_gemm=False, scale_a_dtype=None, scale_b_dtype=None, trans_scale_a=False, trans_scale_b=False, arch='gfx1100', chip='gfx1100', num_cu=70, num_chiplets=1)
----------------------------------------------------------------------------------------------------
PASS: GemmConfiguration(datatype='fp8', out_dtype='f32', g=2, m=7, k=112, n=124, trans_a=False, trans_b=True, perfconfig='gemm:v1:128,128,16,2,1,1,32,3,3,1,4', scaled_gemm=False, scale_a_dtype=None, scale_b_dtype=None, trans_scale_a=False, trans_scale_b=False, arch='gfx1100', chip='gfx1100', num_cu=70, num_chiplets=1)
Lowering rejected config as not applicable
Command line = -operation gemm -t f16 -out_datatype f16 --arch gfx1100 --num_cu 70 --num_chiplets 1 -g 1 -m 313 -k 495 -n 230 -transA=True -transB=False --perf_config=gemm:v1:32,32,32,1,1,8,32,4,3,8,0 -pv
Errors = loc("<stdin>":18:10): error: Fusion with SplitK perfConfig is not legal
Lowering not applicable.

----------------------------------------------------------------------------------------------------
NOT_APPLICABLE: GemmConfiguration(datatype='f16', out_dtype='f16', g=1, m=313, k=495, n=230, trans_a=True, trans_b=False, perfconfig='gemm:v1:32,32,32,1,1,8,32,4,3,8,0', scaled_gemm=False, scale_a_dtype=None, scale_b_dtype=None, trans_scale_a=False, trans_scale_b=False, arch='gfx1100', chip='gfx1100', num_cu=70, num_chiplets=1)
Lowering rejected config as not applicable
Command line = -operation gemm -t i8 -out_datatype i32 --arch gfx1100 --num_cu 70 --num_chiplets 1 -g 2 -m 127 -k 132 -n 427 -transA=False -transB=False --perf_config=gemm:v1:256,256,64,1,1,16,0,2,2,4,2 -pv
Errors = loc("<stdin>":18:10): error: Fusion with SplitK perfConfig is not legal
Lowering not applicable.

----------------------------------------------------------------------------------------------------
NOT_APPLICABLE: GemmConfiguration(datatype='i8', out_dtype='i32', g=2, m=127, k=132, n=427, trans_a=False, trans_b=False, perfconfig='gemm:v1:256,256,64,1,1,16,0,2,2,4,2', scaled_gemm=False, scale_a_dtype=None, scale_b_dtype=None, trans_scale_a=False, trans_scale_b=False, arch='gfx1100', chip='gfx1100', num_cu=70, num_chiplets=1)
Lowering rejected config as not applicable
Command line = -operation gemm -t i8 -out_datatype i32 --arch gfx1100 --num_cu 70 --num_chiplets 1 -g 1 -m 355 -k 91 -n 62 -transA=False -transB=False --perf_config=gemm:v1:16,16,128,2,1,8,32,4,1,4,2 -pv
Errors = loc("<stdin>":18:10): error: Fusion with SplitK perfConfig is not legal
Lowering not applicable.

----------------------------------------------------------------------------------------------------
NOT_APPLICABLE: GemmConfiguration(datatype='i8', out_dtype='i32', g=1, m=355, k=91, n=62, trans_a=False, trans_b=False, perfconfig='gemm:v1:16,16,128,2,1,8,32,4,1,4,2', scaled_gemm=False, scale_a_dtype=None, scale_b_dtype=None, trans_scale_a=False, trans_scale_b=False, arch='gfx1100', chip='gfx1100', num_cu=70, num_chiplets=1)
Lowering rejected config as not applicable
Command line = -operation gemm -t bf16 -out_datatype bf16 --arch gfx1100 --num_cu 70 --num_chiplets 1 -g 2 -m 62 -k 485 -n 373 -transA=False -transB=True --perf_config=gemm:v1:64,64,64,2,1,16,16,3,2,2,2 -pv -RMS_threshold 1e-2
Errors = loc("<stdin>":18:10): error: Fusion with SplitK perfConfig is not legal
Lowering not applicable.

----------------------------------------------------------------------------------------------------
NOT_APPLICABLE: GemmConfiguration(datatype='bf16', out_dtype='bf16', g=2, m=62, k=485, n=373, trans_a=False, trans_b=True, perfconfig='gemm:v1:64,64,64,2,1,16,16,3,2,2,2', scaled_gemm=False, scale_a_dtype=None, scale_b_dtype=None, trans_scale_a=False, trans_scale_b=False, arch='gfx1100', chip='gfx1100', num_cu=70, num_chiplets=1)
----------------------------------------------------------------------------------------------------
PASS: GemmConfiguration(datatype='fp8', out_dtype='f32', g=2, m=451, k=126, n=505, trans_a=True, trans_b=False, perfconfig='gemm:v1:32,16,16,2,1,8,0,4,3,4,4', scaled_gemm=False, scale_a_dtype=None, scale_b_dtype=None, trans_scale_a=False, trans_scale_b=False, arch='gfx1100', chip='gfx1100', num_cu=70, num_chiplets=1)
----------------------------------------------------------------------------------------------------
PASS: GemmConfiguration(datatype='f16', out_dtype='f16', g=2, m=188, k=477, n=463, trans_a=True, trans_b=True, perfconfig='gemm:v1:64,16,128,2,1,2,16,1,3,8,4', scaled_gemm=False, scale_a_dtype=None, scale_b_dtype=None, trans_scale_a=False, trans_scale_b=False, arch='gfx1100', chip='gfx1100', num_cu=70, num_chiplets=1)
----------------------------------------------------------------------------------------------------
PASS: GemmConfiguration(datatype='fp8', out_dtype='f32', g=1, m=234, k=37, n=134, trans_a=True, trans_b=False, perfconfig='gemm:v1:128,16,16,2,1,2,0,2,3,1,0', scaled_gemm=False, scale_a_dtype=None, scale_b_dtype=None, trans_scale_a=False, trans_scale_b=False, arch='gfx1100', chip='gfx1100', num_cu=70, num_chiplets=1)
----------------------------------------------------------------------------------------------------
PASS: GemmConfiguration(datatype='f32', out_dtype='f32', g=2, m=45, k=394, n=231, trans_a=False, trans_b=True, perfconfig='gemm:v1:128,64,128,1,1,8,16,1,1,1,8', scaled_gemm=False, scale_a_dtype=None, scale_b_dtype=None, trans_scale_a=False, trans_scale_b=False, arch='gfx1100', chip='gfx1100', num_cu=70, num_chiplets=1)
Lowering rejected config as not applicable
Command line = -operation gemm -t bf16 -out_datatype bf16 --arch gfx1100 --num_cu 70 --num_chiplets 1 -g 1 -m 155 -k 207 -n 152 -transA=True -transB=True --perf_config=gemm:v1:32,16,32,2,1,16,32,4,1,4,0 -pv -RMS_threshold 1e-2
Errors = loc("<stdin>":18:10): error: Fusion with SplitK perfConfig is not legal
Lowering not applicable.

----------------------------------------------------------------------------------------------------
NOT_APPLICABLE: GemmConfiguration(datatype='bf16', out_dtype='bf16', g=1, m=155, k=207, n=152, trans_a=True, trans_b=True, perfconfig='gemm:v1:32,16,32,2,1,16,32,4,1,4,0', scaled_gemm=False, scale_a_dtype=None, scale_b_dtype=None, trans_scale_a=False, trans_scale_b=False, arch='gfx1100', chip='gfx1100', num_cu=70, num_chiplets=1)
Lowering rejected config as not applicable
Command line = -operation gemm -t bf16 -out_datatype bf16 --arch gfx1100 --num_cu 70 --num_chiplets 1 -g 1 -m 332 -k 158 -n 450 -transA=False -transB=False --perf_config=gemm:v1:128,128,16,2,1,2,16,4,2,0,1 -pv -RMS_threshold 1e-2
Errors = loc("<stdin>":18:10): error: Fusion with SplitK perfConfig is not legal
Lowering not applicable.

----------------------------------------------------------------------------------------------------
NOT_APPLICABLE: GemmConfiguration(datatype='bf16', out_dtype='bf16', g=1, m=332, k=158, n=450, trans_a=False, trans_b=False, perfconfig='gemm:v1:128,128,16,2,1,2,16,4,2,0,1', scaled_gemm=False, scale_a_dtype=None, scale_b_dtype=None, trans_scale_a=False, trans_scale_b=False, arch='gfx1100', chip='gfx1100', num_cu=70, num_chiplets=1)
Lowering rejected config as not applicable
Command line = -operation gemm -t f16 -out_datatype f16 --arch gfx1100 --num_cu 70 --num_chiplets 1 -g 1 -m 397 -k 277 -n 416 -transA=False -transB=False --perf_config=gemm:v1:256,64,32,2,1,16,32,4,1,4,8 -pv
Errors = loc("<stdin>":18:10): error: Fusion with SplitK perfConfig is not legal
Lowering not applicable.

----------------------------------------------------------------------------------------------------
NOT_APPLICABLE: GemmConfiguration(datatype='f16', out_dtype='f16', g=1, m=397, k=277, n=416, trans_a=False, trans_b=False, perfconfig='gemm:v1:256,64,32,2,1,16,32,4,1,4,8', scaled_gemm=False, scale_a_dtype=None, scale_b_dtype=None, trans_scale_a=False, trans_scale_b=False, arch='gfx1100', chip='gfx1100', num_cu=70, num_chiplets=1)
Lowering rejected config as not applicable
Command line = -operation gemm -t i8 -out_datatype i32 --arch gfx1100 --num_cu 70 --num_chiplets 1 -g 1 -m 452 -k 60 -n 486 -transA=False -transB=False --perf_config=gemm:v1:32,32,32,2,1,2,16,3,2,8,1 -pv
Errors = loc("<stdin>":18:10): error: Fusion with SplitK perfConfig is not legal
Lowering not applicable.

----------------------------------------------------------------------------------------------------
NOT_APPLICABLE: GemmConfiguration(datatype='i8', out_dtype='i32', g=1, m=452, k=60, n=486, trans_a=False, trans_b=False, perfconfig='gemm:v1:32,32,32,2,1,2,16,3,2,8,1', scaled_gemm=False, scale_a_dtype=None, scale_b_dtype=None, trans_scale_a=False, trans_scale_b=False, arch='gfx1100', chip='gfx1100', num_cu=70, num_chiplets=1)
Lowering rejected config as not applicable
Command line = -operation gemm -t f16 -out_datatype f16 --arch gfx1100 --num_cu 70 --num_chiplets 1 -g 1 -m 291 -k 452 -n 416 -transA=True -transB=False --perf_config=gemm:v1:64,128,128,2,1,8,0,1,3,8,2 -pv
Errors = loc("<stdin>":13:1): error: ttg.shared (98304) exceeds LDS limit (65536) for amdgcn-amd-amdhsa:gfx1100
Lowering not applicable.

----------------------------------------------------------------------------------------------------
NOT_APPLICABLE: GemmConfiguration(datatype='f16', out_dtype='f16', g=1, m=291, k=452, n=416, trans_a=True, trans_b=False, perfconfig='gemm:v1:64,128,128,2,1,8,0,1,3,8,2', scaled_gemm=False, scale_a_dtype=None, scale_b_dtype=None, trans_scale_a=False, trans_scale_b=False, arch='gfx1100', chip='gfx1100', num_cu=70, num_chiplets=1)
----------------------------------------------------------------------------------------------------
PASS: GemmConfiguration(datatype='f32', out_dtype='f32', g=2, m=386, k=355, n=400, trans_a=False, trans_b=True, perfconfig='gemm:v1:64,16,32,1,1,8,0,4,1,4,4', scaled_gemm=False, scale_a_dtype=None, scale_b_dtype=None, trans_scale_a=False, trans_scale_b=False, arch='gfx1100', chip='gfx1100', num_cu=70, num_chiplets=1)
----------------------------------------------------------------------------------------------------
PASS: GemmConfiguration(datatype='fp8', out_dtype='f32', g=1, m=201, k=218, n=354, trans_a=False, trans_b=False, perfconfig='gemm:v1:32,256,32,2,1,1,32,4,1,2,4', scaled_gemm=False, scale_a_dtype=None, scale_b_dtype=None, trans_scale_a=False, trans_scale_b=False, arch='gfx1100', chip='gfx1100', num_cu=70, num_chiplets=1)
----------------------------------------------------------------------------------------------------
PASS: GemmConfiguration(datatype='f32', out_dtype='f32', g=2, m=77, k=408, n=113, trans_a=False, trans_b=False, perfconfig='gemm:v1:128,32,128,1,1,2,0,4,3,2,0', scaled_gemm=False, scale_a_dtype=None, scale_b_dtype=None, trans_scale_a=False, trans_scale_b=False, arch='gfx1100', chip='gfx1100', num_cu=70, num_chiplets=1)
Lowering rejected config as not applicable
Command line = -operation gemm -t bf16 -out_datatype bf16 --arch gfx1100 --num_cu 70 --num_chiplets 1 -g 2 -m 168 -k 379 -n 425 -transA=False -transB=True --perf_config=gemm:v1:64,128,64,1,1,4,0,2,2,1,2 -pv -RMS_threshold 1e-2
Errors = loc("<stdin>":18:10): error: Fusion with SplitK perfConfig is not legal
Lowering not applicable.

----------------------------------------------------------------------------------------------------
NOT_APPLICABLE: GemmConfiguration(datatype='bf16', out_dtype='bf16', g=2, m=168, k=379, n=425, trans_a=False, trans_b=True, perfconfig='gemm:v1:64,128,64,1,1,4,0,2,2,1,2', scaled_gemm=False, scale_a_dtype=None, scale_b_dtype=None, trans_scale_a=False, trans_scale_b=False, arch='gfx1100', chip='gfx1100', num_cu=70, num_chiplets=1)
Lowering rejected config as not applicable
Command line = -operation gemm -t i8 -out_datatype i32 --arch gfx1100 --num_cu 70 --num_chiplets 1 -g 2 -m 315 -k 379 -n 364 -transA=False -transB=True --perf_config=gemm:v1:128,16,32,2,1,2,0,3,1,0,1 -pv
Errors = loc("<stdin>":18:10): error: Fusion with SplitK perfConfig is not legal
Lowering not applicable.

----------------------------------------------------------------------------------------------------
NOT_APPLICABLE: GemmConfiguration(datatype='i8', out_dtype='i32', g=2, m=315, k=379, n=364, trans_a=False, trans_b=True, perfconfig='gemm:v1:128,16,32,2,1,2,0,3,1,0,1', scaled_gemm=False, scale_a_dtype=None, scale_b_dtype=None, trans_scale_a=False, trans_scale_b=False, arch='gfx1100', chip='gfx1100', num_cu=70, num_chiplets=1)
Lowering rejected config as not applicable
Command line = -operation gemm -t i8 -out_datatype i32 --arch gfx1100 --num_cu 70 --num_chiplets 1 -g 2 -m 81 -k 54 -n 185 -transA=True -transB=False --perf_config=gemm:v1:32,256,128,1,1,8,32,2,3,4,0 -pv
Errors = loc("<stdin>":18:10): error: Fusion with SplitK perfConfig is not legal
Lowering not applicable.

----------------------------------------------------------------------------------------------------
NOT_APPLICABLE: GemmConfiguration(datatype='i8', out_dtype='i32', g=2, m=81, k=54, n=185, trans_a=True, trans_b=False, perfconfig='gemm:v1:32,256,128,1,1,8,32,2,3,4,0', scaled_gemm=False, scale_a_dtype=None, scale_b_dtype=None, trans_scale_a=False, trans_scale_b=False, arch='gfx1100', chip='gfx1100', num_cu=70, num_chiplets=1)
Lowering rejected config as not applicable
Command line = -operation gemm -t f16 -out_datatype f16 --arch gfx1100 --num_cu 70 --num_chiplets 1 -g 1 -m 34 -k 206 -n 328 -transA=False -transB=True --perf_config=gemm:v1:256,128,128,2,1,8,0,3,2,2,1 -pv
Errors = loc("<stdin>":17:10): error: Fusion with SplitK perfConfig is not legal
Lowering not applicable.

----------------------------------------------------------------------------------------------------
NOT_APPLICABLE: GemmConfiguration(datatype='f16', out_dtype='f16', g=1, m=34, k=206, n=328, trans_a=False, trans_b=True, perfconfig='gemm:v1:256,128,128,2,1,8,0,3,2,2,1', scaled_gemm=False, scale_a_dtype=None, scale_b_dtype=None, trans_scale_a=False, trans_scale_b=False, arch='gfx1100', chip='gfx1100', num_cu=70, num_chiplets=1)
Lowering rejected config as not applicable
Command line = -operation gemm -t bf16 -out_datatype bf16 --arch gfx1100 --num_cu 70 --num_chiplets 1 -g 1 -m 339 -k 166 -n 501 -transA=True -transB=False --perf_config=gemm:v1:32,256,128,1,1,4,0,3,1,0,8 -pv -RMS_threshold 1e-2
Errors = loc("<stdin>":18:10): error: Fusion with SplitK perfConfig is not legal
Lowering not applicable.

----------------------------------------------------------------------------------------------------
NOT_APPLICABLE: GemmConfiguration(datatype='bf16', out_dtype='bf16', g=1, m=339, k=166, n=501, trans_a=True, trans_b=False, perfconfig='gemm:v1:32,256,128,1,1,4,0,3,1,0,8', scaled_gemm=False, scale_a_dtype=None, scale_b_dtype=None, trans_scale_a=False, trans_scale_b=False, arch='gfx1100', chip='gfx1100', num_cu=70, num_chiplets=1)
----------------------------------------------------------------------------------------------------
PASS: GemmConfiguration(datatype='f32', out_dtype='f32', g=1, m=8, k=441, n=404, trans_a=False, trans_b=True, perfconfig='gemm:v1:32,16,16,1,1,1,16,3,2,0,2', scaled_gemm=False, scale_a_dtype=None, scale_b_dtype=None, trans_scale_a=False, trans_scale_b=False, arch='gfx1100', chip='gfx1100', num_cu=70, num_chiplets=1)
----------------------------------------------------------------------------------------------------
PASS: GemmConfiguration(datatype='f32', out_dtype='f32', g=1, m=383, k=137, n=69, trans_a=True, trans_b=True, perfconfig='gemm:v1:32,32,64,2,1,8,0,1,2,2,4', scaled_gemm=False, scale_a_dtype=None, scale_b_dtype=None, trans_scale_a=False, trans_scale_b=False, arch='gfx1100', chip='gfx1100', num_cu=70, num_chiplets=1)
----------------------------------------------------------------------------------------------------
PASS: GemmConfiguration(datatype='fp8', out_dtype='f32', g=2, m=199, k=232, n=32, trans_a=True, trans_b=True, perfconfig='gemm:v1:32,16,32,2,1,16,16,4,2,2,8', scaled_gemm=False, scale_a_dtype=None, scale_b_dtype=None, trans_scale_a=False, trans_scale_b=False, arch='gfx1100', chip='gfx1100', num_cu=70, num_chiplets=1)
Lowering rejected config as not applicable
Command line = -operation gemm -t f16 -out_datatype f16 --arch gfx1100 --num_cu 70 --num_chiplets 1 -g 2 -m 471 -k 228 -n 203 -transA=True -transB=False --perf_config=gemm:v1:16,64,64,1,1,2,32,4,2,2,1 -pv
Errors = loc("<stdin>":18:10): error: Fusion with SplitK perfConfig is not legal
Lowering not applicable.

----------------------------------------------------------------------------------------------------
NOT_APPLICABLE: GemmConfiguration(datatype='f16', out_dtype='f16', g=2, m=471, k=228, n=203, trans_a=True, trans_b=False, perfconfig='gemm:v1:16,64,64,1,1,2,32,4,2,2,1', scaled_gemm=False, scale_a_dtype=None, scale_b_dtype=None, trans_scale_a=False, trans_scale_b=False, arch='gfx1100', chip='gfx1100', num_cu=70, num_chiplets=1)
Lowering rejected config as not applicable
Command line = -operation gemm -t i8 -out_datatype i32 --arch gfx1100 --num_cu 70 --num_chiplets 1 -g 2 -m 422 -k 354 -n 427 -transA=True -transB=True --perf_config=gemm:v1:32,64,16,1,1,4,0,4,1,2,0 -pv
Errors = loc("<stdin>":18:10): error: Fusion with SplitK perfConfig is not legal
Lowering not applicable.

----------------------------------------------------------------------------------------------------
NOT_APPLICABLE: GemmConfiguration(datatype='i8', out_dtype='i32', g=2, m=422, k=354, n=427, trans_a=True, trans_b=True, perfconfig='gemm:v1:32,64,16,1,1,4,0,4,1,2,0', scaled_gemm=False, scale_a_dtype=None, scale_b_dtype=None, trans_scale_a=False, trans_scale_b=False, arch='gfx1100', chip='gfx1100', num_cu=70, num_chiplets=1)
Lowering rejected config as not applicable
Command line = -operation gemm -t f16 -out_datatype f16 --arch gfx1100 --num_cu 70 --num_chiplets 1 -g 1 -m 72 -k 7 -n 278 -transA=False -transB=False --perf_config=gemm:v1:128,16,64,2,1,8,16,2,3,8,0 -pv
Errors = loc("<stdin>":18:10): error: Fusion with SplitK perfConfig is not legal
Lowering not applicable.

----------------------------------------------------------------------------------------------------
NOT_APPLICABLE: GemmConfiguration(datatype='f16', out_dtype='f16', g=1, m=72, k=7, n=278, trans_a=False, trans_b=False, perfconfig='gemm:v1:128,16,64,2,1,8,16,2,3,8,0', scaled_gemm=False, scale_a_dtype=None, scale_b_dtype=None, trans_scale_a=False, trans_scale_b=False, arch='gfx1100', chip='gfx1100', num_cu=70, num_chiplets=1)
Lowering rejected config as not applicable
Command line = -operation gemm -t f16 -out_datatype f16 --arch gfx1100 --num_cu 70 --num_chiplets 1 -g 2 -m 34 -k 425 -n 60 -transA=False -transB=True --perf_config=gemm:v1:32,256,16,2,1,8,0,2,3,8,1 -pv
Errors = loc("<stdin>":18:10): error: Fusion with SplitK perfConfig is not legal
Lowering not applicable.

----------------------------------------------------------------------------------------------------
NOT_APPLICABLE: GemmConfiguration(datatype='f16', out_dtype='f16', g=2, m=34, k=425, n=60, trans_a=False, trans_b=True, perfconfig='gemm:v1:32,256,16,2,1,8,0,2,3,8,1', scaled_gemm=False, scale_a_dtype=None, scale_b_dtype=None, trans_scale_a=False, trans_scale_b=False, arch='gfx1100', chip='gfx1100', num_cu=70, num_chiplets=1)
----------------------------------------------------------------------------------------------------
PASS: GemmConfiguration(datatype='f16', out_dtype='f16', g=1, m=481, k=412, n=270, trans_a=False, trans_b=True, perfconfig='gemm:v1:128,64,32,1,1,4,16,1,2,1,4', scaled_gemm=False, scale_a_dtype=None, scale_b_dtype=None, trans_scale_a=False, trans_scale_b=False, arch='gfx1100', chip='gfx1100', num_cu=70, num_chiplets=1)
----------------------------------------------------------------------------------------------------
PASS: GemmConfiguration(datatype='fp8', out_dtype='f32', g=2, m=259, k=466, n=304, trans_a=True, trans_b=False, perfconfig='gemm:v1:32,64,32,2,1,1,0,2,1,8,2', scaled_gemm=False, scale_a_dtype=None, scale_b_dtype=None, trans_scale_a=False, trans_scale_b=False, arch='gfx1100', chip='gfx1100', num_cu=70, num_chiplets=1)
----------------------------------------------------------------------------------------------------
PASS: GemmConfiguration(datatype='fp8', out_dtype='f32', g=2, m=416, k=195, n=108, trans_a=False, trans_b=True, perfconfig='gemm:v1:128,16,64,2,1,16,16,2,2,0,1', scaled_gemm=False, scale_a_dtype=None, scale_b_dtype=None, trans_scale_a=False, trans_scale_b=False, arch='gfx1100', chip='gfx1100', num_cu=70, num_chiplets=1)
----------------------------------------------------------------------------------------------------
PASS: GemmConfiguration(datatype='fp8', out_dtype='f32', g=1, m=190, k=187, n=302, trans_a=False, trans_b=True, perfconfig='gemm:v1:64,256,128,2,1,2,0,3,1,0,1', scaled_gemm=False, scale_a_dtype=None, scale_b_dtype=None, trans_scale_a=False, trans_scale_b=False, arch='gfx1100', chip='gfx1100', num_cu=70, num_chiplets=1)
Lowering rejected config as not applicable
Command line = -operation gemm -t i8 -out_datatype i32 --arch gfx1100 --num_cu 70 --num_chiplets 1 -g 2 -m 27 -k 264 -n 326 -transA=True -transB=True --perf_config=gemm:v1:64,16,64,1,1,8,32,3,3,4,0 -pv
Errors = loc("<stdin>":18:10): error: Fusion with SplitK perfConfig is not legal
Lowering not applicable.

----------------------------------------------------------------------------------------------------
NOT_APPLICABLE: GemmConfiguration(datatype='i8', out_dtype='i32', g=2, m=27, k=264, n=326, trans_a=True, trans_b=True, perfconfig='gemm:v1:64,16,64,1,1,8,32,3,3,4,0', scaled_gemm=False, scale_a_dtype=None, scale_b_dtype=None, trans_scale_a=False, trans_scale_b=False, arch='gfx1100', chip='gfx1100', num_cu=70, num_chiplets=1)
Lowering rejected config as not applicable
Command line = -operation gemm -t i8 -out_datatype i32 --arch gfx1100 --num_cu 70 --num_chiplets 1 -g 2 -m 305 -k 466 -n 100 -transA=False -transB=True --perf_config=gemm:v1:16,64,64,1,1,2,0,2,1,4,0 -pv
Errors = loc("<stdin>":18:10): error: Fusion with SplitK perfConfig is not legal
Lowering not applicable.

----------------------------------------------------------------------------------------------------
NOT_APPLICABLE: GemmConfiguration(datatype='i8', out_dtype='i32', g=2, m=305, k=466, n=100, trans_a=False, trans_b=True, perfconfig='gemm:v1:16,64,64,1,1,2,0,2,1,4,0', scaled_gemm=False, scale_a_dtype=None, scale_b_dtype=None, trans_scale_a=False, trans_scale_b=False, arch='gfx1100', chip='gfx1100', num_cu=70, num_chiplets=1)
Lowering rejected config as not applicable
Command line = -operation gemm -t f16 -out_datatype f16 --arch gfx1100 --num_cu 70 --num_chiplets 1 -g 2 -m 18 -k 404 -n 224 -transA=True -transB=True --perf_config=gemm:v1:256,32,16,2,1,8,0,4,1,8,4 -pv
Errors = loc("<stdin>":18:10): error: Fusion with SplitK perfConfig is not legal
Lowering not applicable.

----------------------------------------------------------------------------------------------------
NOT_APPLICABLE: GemmConfiguration(datatype='f16', out_dtype='f16', g=2, m=18, k=404, n=224, trans_a=True, trans_b=True, perfconfig='gemm:v1:256,32,16,2,1,8,0,4,1,8,4', scaled_gemm=False, scale_a_dtype=None, scale_b_dtype=None, trans_scale_a=False, trans_scale_b=False, arch='gfx1100', chip='gfx1100', num_cu=70, num_chiplets=1)
----------------------------------------------------------------------------------------------------
PASS: GemmConfiguration(datatype='f32', out_dtype='f32', g=2, m=285, k=148, n=134, trans_a=True, trans_b=True, perfconfig='gemm:v1:16,64,64,1,1,4,0,3,3,2,4', scaled_gemm=False, scale_a_dtype=None, scale_b_dtype=None, trans_scale_a=False, trans_scale_b=False, arch='gfx1100', chip='gfx1100', num_cu=70, num_chiplets=1)
----------------------------------------------------------------------------------------------------
PASS: GemmConfiguration(datatype='f32', out_dtype='f32', g=1, m=147, k=88, n=83, trans_a=True, trans_b=True, perfconfig='gemm:v1:16,128,16,2,1,2,32,4,3,4,8', scaled_gemm=False, scale_a_dtype=None, scale_b_dtype=None, trans_scale_a=False, trans_scale_b=False, arch='gfx1100', chip='gfx1100', num_cu=70, num_chiplets=1)
----------------------------------------------------------------------------------------------------
PASS: GemmConfiguration(datatype='f32', out_dtype='f32', g=2, m=134, k=161, n=84, trans_a=False, trans_b=True, perfconfig='gemm:v1:32,128,128,2,1,16,32,2,3,1,8', scaled_gemm=False, scale_a_dtype=None, scale_b_dtype=None, trans_scale_a=False, trans_scale_b=False, arch='gfx1100', chip='gfx1100', num_cu=70, num_chiplets=1)
----------------------------------------------------------------------------------------------------
PASS: GemmConfiguration(datatype='f32', out_dtype='f32', g=1, m=7, k=218, n=149, trans_a=True, trans_b=True, perfconfig='gemm:v1:32,256,16,1,1,1,32,3,1,4,4', scaled_gemm=False, scale_a_dtype=None, scale_b_dtype=None, trans_scale_a=False, trans_scale_b=False, arch='gfx1100', chip='gfx1100', num_cu=70, num_chiplets=1)
----------------------------------------------------------------------------------------------------
PASS: GemmConfiguration(datatype='f32', out_dtype='f32', g=1, m=400, k=221, n=423, trans_a=False, trans_b=False, perfconfig='gemm:v1:128,64,64,2,1,1,32,4,1,1,8', scaled_gemm=False, scale_a_dtype=None, scale_b_dtype=None, trans_scale_a=False, trans_scale_b=False, arch='gfx1100', chip='gfx1100', num_cu=70, num_chiplets=1)
Lowering rejected config as not applicable
Command line = -operation gemm -t i8 -out_datatype i32 --arch gfx1100 --num_cu 70 --num_chiplets 1 -g 2 -m 489 -k 335 -n 171 -transA=True -transB=False --perf_config=gemm:v1:128,16,64,2,1,8,16,2,3,4,4 -pv
Errors = loc("<stdin>":18:10): error: Fusion with SplitK perfConfig is not legal
Lowering not applicable.

----------------------------------------------------------------------------------------------------
NOT_APPLICABLE: GemmConfiguration(datatype='i8', out_dtype='i32', g=2, m=489, k=335, n=171, trans_a=True, trans_b=False, perfconfig='gemm:v1:128,16,64,2,1,8,16,2,3,4,4', scaled_gemm=False, scale_a_dtype=None, scale_b_dtype=None, trans_scale_a=False, trans_scale_b=False, arch='gfx1100', chip='gfx1100', num_cu=70, num_chiplets=1)
----------------------------------------------------------------------------------------------------
PASS: GemmConfiguration(datatype='f32', out_dtype='f32', g=1, m=177, k=481, n=262, trans_a=False, trans_b=False, perfconfig='gemm:v1:64,32,16,1,1,16,0,1,3,1,1', scaled_gemm=False, scale_a_dtype=None, scale_b_dtype=None, trans_scale_a=False, trans_scale_b=False, arch='gfx1100', chip='gfx1100', num_cu=70, num_chiplets=1)
----------------------------------------------------------------------------------------------------
PASS: GemmConfiguration(datatype='f32', out_dtype='f32', g=2, m=45, k=490, n=26, trans_a=False, trans_b=True, perfconfig='gemm:v1:16,16,32,2,1,8,16,4,3,2,0', scaled_gemm=False, scale_a_dtype=None, scale_b_dtype=None, trans_scale_a=False, trans_scale_b=False, arch='gfx1100', chip='gfx1100', num_cu=70, num_chiplets=1)
----------------------------------------------------------------------------------------------------
PASS: GemmConfiguration(datatype='bf16', out_dtype='bf16', g=2, m=458, k=112, n=148, trans_a=True, trans_b=True, perfconfig='gemm:v1:16,64,128,1,1,4,0,1,3,0,8', scaled_gemm=False, scale_a_dtype=None, scale_b_dtype=None, trans_scale_a=False, trans_scale_b=False, arch='gfx1100', chip='gfx1100', num_cu=70, num_chiplets=1)
----------------------------------------------------------------------------------------------------
PASS: GemmConfiguration(datatype='f32', out_dtype='f32', g=2, m=257, k=321, n=186, trans_a=False, trans_b=False, perfconfig='gemm:v1:64,16,64,1,1,4,16,1,2,0,0', scaled_gemm=False, scale_a_dtype=None, scale_b_dtype=None, trans_scale_a=False, trans_scale_b=False, arch='gfx1100', chip='gfx1100', num_cu=70, num_chiplets=1)
----------------------------------------------------------------------------------------------------
PASS: GemmConfiguration(datatype='f32', out_dtype='f32', g=2, m=162, k=216, n=458, trans_a=False, trans_b=True, perfconfig='gemm:v1:32,64,64,2,1,2,0,3,3,4,2', scaled_gemm=False, scale_a_dtype=None, scale_b_dtype=None, trans_scale_a=False, trans_scale_b=False, arch='gfx1100', chip='gfx1100', num_cu=70, num_chiplets=1)
----------------------------------------------------------------------------------------------------
PASS: GemmConfiguration(datatype='fp8', out_dtype='f32', g=1, m=105, k=254, n=127, trans_a=False, trans_b=False, perfconfig='gemm:v1:128,64,128,1,1,16,16,2,1,2,2', scaled_gemm=False, scale_a_dtype=None, scale_b_dtype=None, trans_scale_a=False, trans_scale_b=False, arch='gfx1100', chip='gfx1100', num_cu=70, num_chiplets=1)
----------------------------------------------------------------------------------------------------
PASS: GemmConfiguration(datatype='fp8', out_dtype='f32', g=1, m=315, k=220, n=346, trans_a=False, trans_b=True, perfconfig='gemm:v1:128,16,128,1,1,1,16,4,3,8,0', scaled_gemm=False, scale_a_dtype=None, scale_b_dtype=None, trans_scale_a=False, trans_scale_b=False, arch='gfx1100', chip='gfx1100', num_cu=70, num_chiplets=1)
Lowering rejected config as not applicable
Command line = -operation gemm -t bf16 -out_datatype bf16 --arch gfx1100 --num_cu 70 --num_chiplets 1 -g 1 -m 322 -k 61 -n 123 -transA=False -transB=False --perf_config=gemm:v1:128,64,16,1,1,16,16,3,1,1,4 -pv -RMS_threshold 1e-2
Errors = loc("<stdin>":18:10): error: Fusion with SplitK perfConfig is not legal
Lowering not applicable.

----------------------------------------------------------------------------------------------------
NOT_APPLICABLE: GemmConfiguration(datatype='bf16', out_dtype='bf16', g=1, m=322, k=61, n=123, trans_a=False, trans_b=False, perfconfig='gemm:v1:128,64,16,1,1,16,16,3,1,1,4', scaled_gemm=False, scale_a_dtype=None, scale_b_dtype=None, trans_scale_a=False, trans_scale_b=False, arch='gfx1100', chip='gfx1100', num_cu=70, num_chiplets=1)
Lowering rejected config as not applicable
Command line = -operation gemm -t i8 -out_datatype i32 --arch gfx1100 --num_cu 70 --num_chiplets 1 -g 2 -m 466 -k 135 -n 102 -transA=False -transB=True --perf_config=gemm:v1:128,64,128,2,1,16,32,3,3,4,8 -pv
Errors = loc("<stdin>":18:10): error: Fusion with SplitK perfConfig is not legal
Lowering not applicable.

FAIL: Timeout in rocmlir-driver stage (120s)
Config = GemmConfiguration(datatype='fp8', out_dtype='f32', g=2, m=9, k=54, n=474, trans_a=False, trans_b=True, perfconfig='gemm:v1:256,256,128,1,1,1,16,3,2,4,1', scaled_gemm=False, scale_a_dtype=None, scale_b_dtype=None, trans_scale_a=False, trans_scale_b=False, arch='gfx1100', chip='gfx1100', num_cu=70, num_chiplets=1)
Command line = -operation gemm -t fp8 -out_datatype f32 --arch gfx1100 --num_cu 70 --num_chiplets 1 -g 2 -m 9 -k 54 -n 474 -transA=False -transB=True --perf_config=gemm:v1:256,256,128,1,1,1,16,3,2,4,1 -pv -relDiff_threshold 1e-5
----------------------------------------------------------------------------------------------------
NOT_APPLICABLE: GemmConfiguration(datatype='i8', out_dtype='i32', g=2, m=466, k=135, n=102, trans_a=False, trans_b=True, perfconfig='gemm:v1:128,64,128,2,1,16,32,3,3,4,8', scaled_gemm=False, scale_a_dtype=None, scale_b_dtype=None, trans_scale_a=False, trans_scale_b=False, arch='gfx1100', chip='gfx1100', num_cu=70, num_chiplets=1)
Lowering rejected config as not applicable
Command line = -operation gemm -t bf16 -out_datatype bf16 --arch gfx1100 --num_cu 70 --num_chiplets 1 -g 1 -m 266 -k 307 -n 118 -transA=False -transB=True --perf_config=gemm:v1:32,128,32,1,1,1,16,3,3,0,2 -pv -RMS_threshold 1e-2
Errors = loc("<stdin>":17:10): error: Fusion with SplitK perfConfig is not legal
Lowering not applicable.

----------------------------------------------------------------------------------------------------
NOT_APPLICABLE: GemmConfiguration(datatype='bf16', out_dtype='bf16', g=1, m=266, k=307, n=118, trans_a=False, trans_b=True, perfconfig='gemm:v1:32,128,32,1,1,1,16,3,3,0,2', scaled_gemm=False, scale_a_dtype=None, scale_b_dtype=None, trans_scale_a=False, trans_scale_b=False, arch='gfx1100', chip='gfx1100', num_cu=70, num_chiplets=1)
----------------------------------------------------------------------------------------------------
PASS: GemmConfiguration(datatype='i8', out_dtype='i32', g=2, m=348, k=35, n=445, trans_a=False, trans_b=True, perfconfig='gemm:v1:32,16,32,2,1,8,32,1,1,1,0', scaled_gemm=False, scale_a_dtype=None, scale_b_dtype=None, trans_scale_a=False, trans_scale_b=False, arch='gfx1100', chip='gfx1100', num_cu=70, num_chiplets=1)
----------------------------------------------------------------------------------------------------
PASS: GemmConfiguration(datatype='i8', out_dtype='i32', g=2, m=267, k=424, n=86, trans_a=False, trans_b=True, perfconfig='gemm:v1:16,64,32,1,1,2,32,1,2,2,4', scaled_gemm=False, scale_a_dtype=None, scale_b_dtype=None, trans_scale_a=False, trans_scale_b=False, arch='gfx1100', chip='gfx1100', num_cu=70, num_chiplets=1)
----------------------------------------------------------------------------------------------------
PASS: GemmConfiguration(datatype='i8', out_dtype='i32', g=2, m=280, k=108, n=202, trans_a=True, trans_b=False, perfconfig='gemm:v1:128,16,128,2,1,4,16,1,3,0,1', scaled_gemm=False, scale_a_dtype=None, scale_b_dtype=None, trans_scale_a=False, trans_scale_b=False, arch='gfx1100', chip='gfx1100', num_cu=70, num_chiplets=1)
----------------------------------------------------------------------------------------------------
PASS: GemmConfiguration(datatype='f16', out_dtype='f16', g=2, m=82, k=412, n=354, trans_a=True, trans_b=True, perfconfig='gemm:v1:256,32,32,2,1,2,32,1,1,8,8', scaled_gemm=False, scale_a_dtype=None, scale_b_dtype=None, trans_scale_a=False, trans_scale_b=False, arch='gfx1100', chip='gfx1100', num_cu=70, num_chiplets=1)
----------------------------------------------------------------------------------------------------
PASS: GemmConfiguration(datatype='f32', out_dtype='f32', g=2, m=68, k=80, n=136, trans_a=True, trans_b=False, perfconfig='gemm:v1:32,64,16,2,1,1,32,2,1,0,1', scaled_gemm=False, scale_a_dtype=None, scale_b_dtype=None, trans_scale_a=False, trans_scale_b=False, arch='gfx1100', chip='gfx1100', num_cu=70, num_chiplets=1)
Lowering rejected config as not applicable
Command line = -operation gemm -t bf16 -out_datatype bf16 --arch gfx1100 --num_cu 70 --num_chiplets 1 -g 2 -m 209 -k 362 -n 139 -transA=True -transB=False --perf_config=gemm:v1:256,256,16,1,1,16,0,3,1,2,4 -pv -RMS_threshold 1e-2
Errors = loc("<stdin>":18:10): error: Fusion with SplitK perfConfig is not legal
Lowering not applicable.

----------------------------------------------------------------------------------------------------
NOT_APPLICABLE: GemmConfiguration(datatype='bf16', out_dtype='bf16', g=2, m=209, k=362, n=139, trans_a=True, trans_b=False, perfconfig='gemm:v1:256,256,16,1,1,16,0,3,1,2,4', scaled_gemm=False, scale_a_dtype=None, scale_b_dtype=None, trans_scale_a=False, trans_scale_b=False, arch='gfx1100', chip='gfx1100', num_cu=70, num_chiplets=1)
Lowering rejected config as not applicable
Command line = -operation gemm -t i8 -out_datatype i32 --arch gfx1100 --num_cu 70 --num_chiplets 1 -g 1 -m 481 -k 252 -n 458 -transA=True -transB=False --perf_config=gemm:v1:64,32,32,2,1,1,32,3,2,4,1 -pv
Errors = loc("<stdin>":18:10): error: Fusion with SplitK perfConfig is not legal
Lowering not applicable.

----------------------------------------------------------------------------------------------------
NOT_APPLICABLE: GemmConfiguration(datatype='i8', out_dtype='i32', g=1, m=481, k=252, n=458, trans_a=True, trans_b=False, perfconfig='gemm:v1:64,32,32,2,1,1,32,3,2,4,1', scaled_gemm=False, scale_a_dtype=None, scale_b_dtype=None, trans_scale_a=False, trans_scale_b=False, arch='gfx1100', chip='gfx1100', num_cu=70, num_chiplets=1)
----------------------------------------------------------------------------------------------------
PASS: GemmConfiguration(datatype='f32', out_dtype='f32', g=1, m=302, k=304, n=167, trans_a=True, trans_b=True, perfconfig='gemm:v1:16,16,32,1,1,2,0,2,2,2,4', scaled_gemm=False, scale_a_dtype=None, scale_b_dtype=None, trans_scale_a=False, trans_scale_b=False, arch='gfx1100', chip='gfx1100', num_cu=70, num_chiplets=1)
----------------------------------------------------------------------------------------------------
PASS: GemmConfiguration(datatype='f32', out_dtype='f32', g=1, m=346, k=249, n=222, trans_a=False, trans_b=True, perfconfig='gemm:v1:32,16,32,1,1,1,16,1,3,1,4', scaled_gemm=False, scale_a_dtype=None, scale_b_dtype=None, trans_scale_a=False, trans_scale_b=False, arch='gfx1100', chip='gfx1100', num_cu=70, num_chiplets=1)
----------------------------------------------------------------------------------------------------
PASS: GemmConfiguration(datatype='fp8', out_dtype='f32', g=2, m=149, k=216, n=425, trans_a=False, trans_b=True, perfconfig='gemm:v1:64,128,16,1,1,4,32,4,3,8,8', scaled_gemm=False, scale_a_dtype=None, scale_b_dtype=None, trans_scale_a=False, trans_scale_b=False, arch='gfx1100', chip='gfx1100', num_cu=70, num_chiplets=1)
----------------------------------------------------------------------------------------------------
PASS: GemmConfiguration(datatype='bf16', out_dtype='bf16', g=1, m=314, k=477, n=487, trans_a=False, trans_b=False, perfconfig='gemm:v1:128,64,16,1,1,1,16,1,3,2,8', scaled_gemm=False, scale_a_dtype=None, scale_b_dtype=None, trans_scale_a=False, trans_scale_b=False, arch='gfx1100', chip='gfx1100', num_cu=70, num_chiplets=1)
----------------------------------------------------------------------------------------------------
PASS: GemmConfiguration(datatype='f32', out_dtype='f32', g=1, m=491, k=333, n=9, trans_a=True, trans_b=False, perfconfig='gemm:v1:32,16,128,2,1,1,32,4,1,8,8', scaled_gemm=False, scale_a_dtype=None, scale_b_dtype=None, trans_scale_a=False, trans_scale_b=False, arch='gfx1100', chip='gfx1100', num_cu=70, num_chiplets=1)
----------------------------------------------------------------------------------------------------
FAIL: GemmConfiguration(datatype='fp8', out_dtype='f32', g=2, m=9, k=54, n=474, trans_a=False, trans_b=True, perfconfig='gemm:v1:256,256,128,1,1,1,16,3,2,4,1', scaled_gemm=False, scale_a_dtype=None, scale_b_dtype=None, trans_scale_a=False, trans_scale_b=False, arch='gfx1100', chip='gfx1100', num_cu=70, num_chiplets=1)
Lowering rejected config as not applicable
Command line = -operation gemm -t bf16 -out_datatype bf16 --arch gfx1100 --num_cu 70 --num_chiplets 1 -g 2 -m 385 -k 177 -n 53 -transA=False -transB=True --perf_config=gemm:v1:128,16,128,2,1,8,16,4,3,1,8 -pv -RMS_threshold 1e-2
Errors = loc("<stdin>":18:10): error: Fusion with SplitK perfConfig is not legal
Lowering not applicable.

----------------------------------------------------------------------------------------------------
NOT_APPLICABLE: GemmConfiguration(datatype='bf16', out_dtype='bf16', g=2, m=385, k=177, n=53, trans_a=False, trans_b=True, perfconfig='gemm:v1:128,16,128,2,1,8,16,4,3,1,8', scaled_gemm=False, scale_a_dtype=None, scale_b_dtype=None, trans_scale_a=False, trans_scale_b=False, arch='gfx1100', chip='gfx1100', num_cu=70, num_chiplets=1)
Lowering rejected config as not applicable
Command line = -operation gemm -t i8 -out_datatype i32 --arch gfx1100 --num_cu 70 --num_chiplets 1 -g 1 -m 41 -k 250 -n 447 -transA=True -transB=False --perf_config=gemm:v1:16,16,64,2,1,16,0,4,1,1,4 -pv
Errors = loc("<stdin>":18:10): error: Fusion with SplitK perfConfig is not legal
Lowering not applicable.

----------------------------------------------------------------------------------------------------
NOT_APPLICABLE: GemmConfiguration(datatype='i8', out_dtype='i32', g=1, m=41, k=250, n=447, trans_a=True, trans_b=False, perfconfig='gemm:v1:16,16,64,2,1,16,0,4,1,1,4', scaled_gemm=False, scale_a_dtype=None, scale_b_dtype=None, trans_scale_a=False, trans_scale_b=False, arch='gfx1100', chip='gfx1100', num_cu=70, num_chiplets=1)
Lowering rejected config as not applicable
Command line = -operation gemm -t i8 -out_datatype i32 --arch gfx1100 --num_cu 70 --num_chiplets 1 -g 2 -m 437 -k 330 -n 310 -transA=False -transB=False --perf_config=gemm:v1:256,32,128,2,1,4,16,2,3,4,8 -pv
Errors = loc("<stdin>":18:10): error: Fusion with SplitK perfConfig is not legal
Lowering not applicable.

----------------------------------------------------------------------------------------------------
NOT_APPLICABLE: GemmConfiguration(datatype='i8', out_dtype='i32', g=2, m=437, k=330, n=310, trans_a=False, trans_b=False, perfconfig='gemm:v1:256,32,128,2,1,4,16,2,3,4,8', scaled_gemm=False, scale_a_dtype=None, scale_b_dtype=None, trans_scale_a=False, trans_scale_b=False, arch='gfx1100', chip='gfx1100', num_cu=70, num_chiplets=1)
Lowering rejected config as not applicable
Command line = -operation gemm -t bf16 -out_datatype bf16 --arch gfx1100 --num_cu 70 --num_chiplets 1 -g 1 -m 433 -k 497 -n 287 -transA=False -transB=True --perf_config=gemm:v1:128,16,16,1,1,1,16,3,2,0,2 -pv -RMS_threshold 1e-2
Errors = loc("<stdin>":17:10): error: Fusion with SplitK perfConfig is not legal
Lowering not applicable.

----------------------------------------------------------------------------------------------------
NOT_APPLICABLE: GemmConfiguration(datatype='bf16', out_dtype='bf16', g=1, m=433, k=497, n=287, trans_a=False, trans_b=True, perfconfig='gemm:v1:128,16,16,1,1,1,16,3,2,0,2', scaled_gemm=False, scale_a_dtype=None, scale_b_dtype=None, trans_scale_a=False, trans_scale_b=False, arch='gfx1100', chip='gfx1100', num_cu=70, num_chiplets=1)
Lowering rejected config as not applicable
Command line = -operation gemm -t bf16 -out_datatype bf16 --arch gfx1100 --num_cu 70 --num_chiplets 1 -g 2 -m 243 -k 327 -n 260 -transA=False -transB=False --perf_config=gemm:v1:16,16,64,2,1,1,0,3,2,0,1 -pv -RMS_threshold 1e-2
Errors = loc("<stdin>":18:10): error: Fusion with SplitK perfConfig is not legal
Lowering not applicable.

----------------------------------------------------------------------------------------------------
NOT_APPLICABLE: GemmConfiguration(datatype='bf16', out_dtype='bf16', g=2, m=243, k=327, n=260, trans_a=False, trans_b=False, perfconfig='gemm:v1:16,16,64,2,1,1,0,3,2,0,1', scaled_gemm=False, scale_a_dtype=None, scale_b_dtype=None, trans_scale_a=False, trans_scale_b=False, arch='gfx1100', chip='gfx1100', num_cu=70, num_chiplets=1)
----------------------------------------------------------------------------------------------------
PASS: GemmConfiguration(datatype='fp8', out_dtype='f32', g=1, m=405, k=253, n=35, trans_a=True, trans_b=False, perfconfig='gemm:v1:128,128,16,1,1,1,0,2,1,0,1', scaled_gemm=False, scale_a_dtype=None, scale_b_dtype=None, trans_scale_a=False, trans_scale_b=False, arch='gfx1100', chip='gfx1100', num_cu=70, num_chiplets=1)
----------------------------------------------------------------------------------------------------
PASS: GemmConfiguration(datatype='f32', out_dtype='f32', g=2, m=311, k=423, n=403, trans_a=True, trans_b=True, perfconfig='gemm:v1:64,256,32,1,1,1,32,3,1,2,1', scaled_gemm=False, scale_a_dtype=None, scale_b_dtype=None, trans_scale_a=False, trans_scale_b=False, arch='gfx1100', chip='gfx1100', num_cu=70, num_chiplets=1)
----------------------------------------------------------------------------------------------------
PASS: GemmConfiguration(datatype='fp8', out_dtype='f32', g=2, m=494, k=413, n=347, trans_a=True, trans_b=False, perfconfig='gemm:v1:32,256,64,2,1,2,0,3,3,8,1', scaled_gemm=False, scale_a_dtype=None, scale_b_dtype=None, trans_scale_a=False, trans_scale_b=False, arch='gfx1100', chip='gfx1100', num_cu=70, num_chiplets=1)
Lowering rejected config as not applicable
Command line = -operation gemm -t bf16 -out_datatype bf16 --arch gfx1100 --num_cu 70 --num_chiplets 1 -g 2 -m 148 -k 83 -n 354 -transA=True -transB=True --perf_config=gemm:v1:16,256,128,1,1,1,0,2,1,2,1 -pv -RMS_threshold 1e-2
Errors = loc("<stdin>":18:10): error: Fusion with SplitK perfConfig is not legal
Lowering not applicable.

----------------------------------------------------------------------------------------------------
NOT_APPLICABLE: GemmConfiguration(datatype='bf16', out_dtype='bf16', g=2, m=148, k=83, n=354, trans_a=True, trans_b=True, perfconfig='gemm:v1:16,256,128,1,1,1,0,2,1,2,1', scaled_gemm=False, scale_a_dtype=None, scale_b_dtype=None, trans_scale_a=False, trans_scale_b=False, arch='gfx1100', chip='gfx1100', num_cu=70, num_chiplets=1)
Lowering rejected config as not applicable
Command line = -operation gemm -t f16 -out_datatype f16 --arch gfx1100 --num_cu 70 --num_chiplets 1 -g 2 -m 241 -k 212 -n 494 -transA=False -transB=False --perf_config=gemm:v1:256,32,32,2,1,2,16,2,3,2,1 -pv
Errors = loc("<stdin>":18:10): error: Fusion with SplitK perfConfig is not legal
Lowering not applicable.

----------------------------------------------------------------------------------------------------
NOT_APPLICABLE: GemmConfiguration(datatype='f16', out_dtype='f16', g=2, m=241, k=212, n=494, trans_a=False, trans_b=False, perfconfig='gemm:v1:256,32,32,2,1,2,16,2,3,2,1', scaled_gemm=False, scale_a_dtype=None, scale_b_dtype=None, trans_scale_a=False, trans_scale_b=False, arch='gfx1100', chip='gfx1100', num_cu=70, num_chiplets=1)
Lowering rejected config as not applicable
Command line = -operation gemm -t i8 -out_datatype i32 --arch gfx1100 --num_cu 70 --num_chiplets 1 -g 2 -m 245 -k 105 -n 449 -transA=False -transB=True --perf_config=gemm:v1:64,16,32,2,1,2,0,4,3,4,0 -pv
Errors = loc("<stdin>":18:10): error: Fusion with SplitK perfConfig is not legal
Lowering not applicable.

----------------------------------------------------------------------------------------------------
NOT_APPLICABLE: GemmConfiguration(datatype='i8', out_dtype='i32', g=2, m=245, k=105, n=449, trans_a=False, trans_b=True, perfconfig='gemm:v1:64,16,32,2,1,2,0,4,3,4,0', scaled_gemm=False, scale_a_dtype=None, scale_b_dtype=None, trans_scale_a=False, trans_scale_b=False, arch='gfx1100', chip='gfx1100', num_cu=70, num_chiplets=1)
----------------------------------------------------------------------------------------------------
PASS: GemmConfiguration(datatype='i8', out_dtype='i32', g=1, m=227, k=289, n=7, trans_a=False, trans_b=True, perfconfig='gemm:v1:32,256,16,2,1,2,0,1,1,2,4', scaled_gemm=False, scale_a_dtype=None, scale_b_dtype=None, trans_scale_a=False, trans_scale_b=False, arch='gfx1100', chip='gfx1100', num_cu=70, num_chiplets=1)
----------------------------------------------------------------------------------------------------
PASS: GemmConfiguration(datatype='fp8', out_dtype='f32', g=1, m=31, k=277, n=459, trans_a=False, trans_b=True, perfconfig='gemm:v1:16,64,16,2,1,1,0,3,2,4,4', scaled_gemm=False, scale_a_dtype=None, scale_b_dtype=None, trans_scale_a=False, trans_scale_b=False, arch='gfx1100', chip='gfx1100', num_cu=70, num_chiplets=1)
----------------------------------------------------------------------------------------------------
PASS: GemmConfiguration(datatype='fp8', out_dtype='f32', g=1, m=424, k=405, n=308, trans_a=False, trans_b=False, perfconfig='gemm:v1:16,64,32,1,1,2,0,1,2,1,0', scaled_gemm=False, scale_a_dtype=None, scale_b_dtype=None, trans_scale_a=False, trans_scale_b=False, arch='gfx1100', chip='gfx1100', num_cu=70, num_chiplets=1)
----------------------------------------------------------------------------------------------------
PASS: GemmConfiguration(datatype='f32', out_dtype='f32', g=1, m=51, k=11, n=177, trans_a=False, trans_b=False, perfconfig='gemm:v1:64,32,32,2,1,1,16,2,2,1,1', scaled_gemm=False, scale_a_dtype=None, scale_b_dtype=None, trans_scale_a=False, trans_scale_b=False, arch='gfx1100', chip='gfx1100', num_cu=70, num_chiplets=1)
----------------------------------------------------------------------------------------------------
PASS: GemmConfiguration(datatype='fp8', out_dtype='f32', g=1, m=245, k=460, n=101, trans_a=True, trans_b=False, perfconfig='gemm:v1:128,128,16,2,1,1,0,3,1,4,1', scaled_gemm=False, scale_a_dtype=None, scale_b_dtype=None, trans_scale_a=False, trans_scale_b=False, arch='gfx1100', chip='gfx1100', num_cu=70, num_chiplets=1)
Lowering rejected config as not applicable
Command line = -operation gemm -t i8 -out_datatype i32 --arch gfx1100 --num_cu 70 --num_chiplets 1 -g 2 -m 281 -k 293 -n 334 -transA=False -transB=True --perf_config=gemm:v1:16,256,128,1,1,2,16,3,1,4,4 -pv
Errors = loc("<stdin>":18:10): error: Fusion with SplitK perfConfig is not legal
Lowering not applicable.

----------------------------------------------------------------------------------------------------
NOT_APPLICABLE: GemmConfiguration(datatype='i8', out_dtype='i32', g=2, m=281, k=293, n=334, trans_a=False, trans_b=True, perfconfig='gemm:v1:16,256,128,1,1,2,16,3,1,4,4', scaled_gemm=False, scale_a_dtype=None, scale_b_dtype=None, trans_scale_a=False, trans_scale_b=False, arch='gfx1100', chip='gfx1100', num_cu=70, num_chiplets=1)
Lowering rejected config as not applicable
Command line = -operation gemm -t bf16 -out_datatype bf16 --arch gfx1100 --num_cu 70 --num_chiplets 1 -g 1 -m 258 -k 473 -n 202 -transA=True -transB=True --perf_config=gemm:v1:256,32,32,1,1,8,16,4,1,8,1 -pv -RMS_threshold 1e-2
Errors = loc("<stdin>":18:10): error: Fusion with SplitK perfConfig is not legal
Lowering not applicable.

----------------------------------------------------------------------------------------------------
NOT_APPLICABLE: GemmConfiguration(datatype='bf16', out_dtype='bf16', g=1, m=258, k=473, n=202, trans_a=True, trans_b=True, perfconfig='gemm:v1:256,32,32,1,1,8,16,4,1,8,1', scaled_gemm=False, scale_a_dtype=None, scale_b_dtype=None, trans_scale_a=False, trans_scale_b=False, arch='gfx1100', chip='gfx1100', num_cu=70, num_chiplets=1)
----------------------------------------------------------------------------------------------------
PASS: GemmConfiguration(datatype='f32', out_dtype='f32', g=2, m=118, k=52, n=507, trans_a=True, trans_b=False, perfconfig='gemm:v1:256,16,64,2,1,16,16,4,2,4,4', scaled_gemm=False, scale_a_dtype=None, scale_b_dtype=None, trans_scale_a=False, trans_scale_b=False, arch='gfx1100', chip='gfx1100', num_cu=70, num_chiplets=1)
----------------------------------------------------------------------------------------------------
PASS: GemmConfiguration(datatype='f32', out_dtype='f32', g=1, m=434, k=216, n=322, trans_a=True, trans_b=True, perfconfig='gemm:v1:32,64,128,1,1,16,16,4,2,4,4', scaled_gemm=False, scale_a_dtype=None, scale_b_dtype=None, trans_scale_a=False, trans_scale_b=False, arch='gfx1100', chip='gfx1100', num_cu=70, num_chiplets=1)
----------------------------------------------------------------------------------------------------
PASS: GemmConfiguration(datatype='fp8', out_dtype='f32', g=1, m=356, k=145, n=93, trans_a=True, trans_b=False, perfconfig='gemm:v1:32,32,64,2,1,16,16,4,1,4,8', scaled_gemm=False, scale_a_dtype=None, scale_b_dtype=None, trans_scale_a=False, trans_scale_b=False, arch='gfx1100', chip='gfx1100', num_cu=70, num_chiplets=1)
----------------------------------------------------------------------------------------------------
PASS: GemmConfiguration(datatype='f32', out_dtype='f32', g=1, m=186, k=72, n=467, trans_a=True, trans_b=False, perfconfig='gemm:v1:256,64,64,2,1,16,16,2,1,2,1', scaled_gemm=False, scale_a_dtype=None, scale_b_dtype=None, trans_scale_a=False, trans_scale_b=False, arch='gfx1100', chip='gfx1100', num_cu=70, num_chiplets=1)
----------------------------------------------------------------------------------------------------
PASS: GemmConfiguration(datatype='f32', out_dtype='f32', g=1, m=375, k=473, n=15, trans_a=True, trans_b=True, perfconfig='gemm:v1:16,64,128,2,1,1,16,2,2,2,0', scaled_gemm=False, scale_a_dtype=None, scale_b_dtype=None, trans_scale_a=False, trans_scale_b=False, arch='gfx1100', chip='gfx1100', num_cu=70, num_chiplets=1)
----------------------------------------------------------------------------------------------------
PASS: GemmConfiguration(datatype='fp8', out_dtype='f32', g=1, m=200, k=371, n=409, trans_a=False, trans_b=True, perfconfig='gemm:v1:256,64,128,2,1,2,32,1,1,8,2', scaled_gemm=False, scale_a_dtype=None, scale_b_dtype=None, trans_scale_a=False, trans_scale_b=False, arch='gfx1100', chip='gfx1100', num_cu=70, num_chiplets=1)
Lowering rejected config as not applicable
Command line = -operation gemm -t f16 -out_datatype f16 --arch gfx1100 --num_cu 70 --num_chiplets 1 -g 1 -m 488 -k 334 -n 182 -transA=False -transB=False --perf_config=gemm:v1:64,16,128,2,1,8,16,2,1,0,4 -pv
Errors = loc("<stdin>":18:10): error: Fusion with SplitK perfConfig is not legal
Lowering not applicable.

----------------------------------------------------------------------------------------------------
NOT_APPLICABLE: GemmConfiguration(datatype='f16', out_dtype='f16', g=1, m=488, k=334, n=182, trans_a=False, trans_b=False, perfconfig='gemm:v1:64,16,128,2,1,8,16,2,1,0,4', scaled_gemm=False, scale_a_dtype=None, scale_b_dtype=None, trans_scale_a=False, trans_scale_b=False, arch='gfx1100', chip='gfx1100', num_cu=70, num_chiplets=1)
Lowering rejected config as not applicable
Command line = -operation gemm -t bf16 -out_datatype bf16 --arch gfx1100 --num_cu 70 --num_chiplets 1 -g 2 -m 35 -k 229 -n 332 -transA=True -transB=True --perf_config=gemm:v1:16,128,128,2,1,1,16,4,2,8,0 -pv -RMS_threshold 1e-2
Errors = loc("<stdin>":18:10): error: Fusion with SplitK perfConfig is not legal
Lowering not applicable.

----------------------------------------------------------------------------------------------------
NOT_APPLICABLE: GemmConfiguration(datatype='bf16', out_dtype='bf16', g=2, m=35, k=229, n=332, trans_a=True, trans_b=True, perfconfig='gemm:v1:16,128,128,2,1,1,16,4,2,8,0', scaled_gemm=False, scale_a_dtype=None, scale_b_dtype=None, trans_scale_a=False, trans_scale_b=False, arch='gfx1100', chip='gfx1100', num_cu=70, num_chiplets=1)
Lowering rejected config as not applicable
Command line = -operation gemm -t i8 -out_datatype i32 --arch gfx1100 --num_cu 70 --num_chiplets 1 -g 2 -m 431 -k 142 -n 209 -transA=False -transB=True --perf_config=gemm:v1:32,16,64,2,1,2,0,3,2,1,0 -pv
Errors = loc("<stdin>":18:10): error: Fusion with SplitK perfConfig is not legal
Lowering not applicable.

----------------------------------------------------------------------------------------------------
NOT_APPLICABLE: GemmConfiguration(datatype='i8', out_dtype='i32', g=2, m=431, k=142, n=209, trans_a=False, trans_b=True, perfconfig='gemm:v1:32,16,64,2,1,2,0,3,2,1,0', scaled_gemm=False, scale_a_dtype=None, scale_b_dtype=None, trans_scale_a=False, trans_scale_b=False, arch='gfx1100', chip='gfx1100', num_cu=70, num_chiplets=1)
Lowering rejected config as not applicable
Command line = -operation gemm -t f16 -out_datatype f16 --arch gfx1100 --num_cu 70 --num_chiplets 1 -g 1 -m 386 -k 95 -n 433 -transA=True -transB=True --perf_config=gemm:v1:16,128,16,1,1,16,32,4,1,4,1 -pv
Errors = loc("<stdin>":18:10): error: Fusion with SplitK perfConfig is not legal
Lowering not applicable.

----------------------------------------------------------------------------------------------------
NOT_APPLICABLE: GemmConfiguration(datatype='f16', out_dtype='f16', g=1, m=386, k=95, n=433, trans_a=True, trans_b=True, perfconfig='gemm:v1:16,128,16,1,1,16,32,4,1,4,1', scaled_gemm=False, scale_a_dtype=None, scale_b_dtype=None, trans_scale_a=False, trans_scale_b=False, arch='gfx1100', chip='gfx1100', num_cu=70, num_chiplets=1)
Lowering rejected config as not applicable
Command line = -operation gemm -t bf16 -out_datatype bf16 --arch gfx1100 --num_cu 70 --num_chiplets 1 -g 1 -m 248 -k 393 -n 482 -transA=False -transB=False --perf_config=gemm:v1:128,32,64,2,1,16,0,3,3,1,2 -pv -RMS_threshold 1e-2
Errors = loc("<stdin>":18:10): error: Fusion with SplitK perfConfig is not legal
Lowering not applicable.

----------------------------------------------------------------------------------------------------
NOT_APPLICABLE: GemmConfiguration(datatype='bf16', out_dtype='bf16', g=1, m=248, k=393, n=482, trans_a=False, trans_b=False, perfconfig='gemm:v1:128,32,64,2,1,16,0,3,3,1,2', scaled_gemm=False, scale_a_dtype=None, scale_b_dtype=None, trans_scale_a=False, trans_scale_b=False, arch='gfx1100', chip='gfx1100', num_cu=70, num_chiplets=1)
----------------------------------------------------------------------------------------------------
PASS: GemmConfiguration(datatype='f32', out_dtype='f32', g=2, m=192, k=414, n=364, trans_a=True, trans_b=False, perfconfig='gemm:v1:32,128,16,1,1,2,0,2,2,2,1', scaled_gemm=False, scale_a_dtype=None, scale_b_dtype=None, trans_scale_a=False, trans_scale_b=False, arch='gfx1100', chip='gfx1100', num_cu=70, num_chiplets=1)
----------------------------------------------------------------------------------------------------
PASS: GemmConfiguration(datatype='fp8', out_dtype='f32', g=2, m=108, k=221, n=282, trans_a=True, trans_b=False, perfconfig='gemm:v1:16,64,64,2,1,4,16,2,3,1,0', scaled_gemm=False, scale_a_dtype=None, scale_b_dtype=None, trans_scale_a=False, trans_scale_b=False, arch='gfx1100', chip='gfx1100', num_cu=70, num_chiplets=1)
----------------------------------------------------------------------------------------------------
PASS: GemmConfiguration(datatype='fp8', out_dtype='f32', g=1, m=349, k=512, n=309, trans_a=True, trans_b=True, perfconfig='gemm:v1:16,256,64,1,1,8,32,3,2,8,1', scaled_gemm=False, scale_a_dtype=None, scale_b_dtype=None, trans_scale_a=False, trans_scale_b=False, arch='gfx1100', chip='gfx1100', num_cu=70, num_chiplets=1)
Lowering rejected config as not applicable
Command line = -operation gemm -t i8 -out_datatype i32 --arch gfx1100 --num_cu 70 --num_chiplets 1 -g 1 -m 366 -k 235 -n 490 -transA=False -transB=True --perf_config=gemm:v1:32,32,32,2,1,2,32,2,3,8,2 -pv
Errors = loc("<stdin>":17:10): error: Fusion with SplitK perfConfig is not legal
Lowering not applicable.

----------------------------------------------------------------------------------------------------
NOT_APPLICABLE: GemmConfiguration(datatype='i8', out_dtype='i32', g=1, m=366, k=235, n=490, trans_a=False, trans_b=True, perfconfig='gemm:v1:32,32,32,2,1,2,32,2,3,8,2', scaled_gemm=False, scale_a_dtype=None, scale_b_dtype=None, trans_scale_a=False, trans_scale_b=False, arch='gfx1100', chip='gfx1100', num_cu=70, num_chiplets=1)
Lowering rejected config as not applicable
Command line = -operation gemm -t f16 -out_datatype f16 --arch gfx1100 --num_cu 70 --num_chiplets 1 -g 1 -m 491 -k 93 -n 393 -transA=False -transB=True --perf_config=gemm:v1:128,64,16,1,1,2,32,2,2,2,4 -pv
Errors = loc("<stdin>":17:10): error: Fusion with SplitK perfConfig is not legal
Lowering not applicable.

----------------------------------------------------------------------------------------------------
NOT_APPLICABLE: GemmConfiguration(datatype='f16', out_dtype='f16', g=1, m=491, k=93, n=393, trans_a=False, trans_b=True, perfconfig='gemm:v1:128,64,16,1,1,2,32,2,2,2,4', scaled_gemm=False, scale_a_dtype=None, scale_b_dtype=None, trans_scale_a=False, trans_scale_b=False, arch='gfx1100', chip='gfx1100', num_cu=70, num_chiplets=1)
Lowering rejected config as not applicable
Command line = -operation gemm -t f16 -out_datatype f16 --arch gfx1100 --num_cu 70 --num_chiplets 1 -g 2 -m 271 -k 419 -n 249 -transA=True -transB=True --perf_config=gemm:v1:16,32,16,1,1,4,16,3,2,0,0 -pv
Errors = loc("<stdin>":18:10): error: Fusion with SplitK perfConfig is not legal
Lowering not applicable.

----------------------------------------------------------------------------------------------------
NOT_APPLICABLE: GemmConfiguration(datatype='f16', out_dtype='f16', g=2, m=271, k=419, n=249, trans_a=True, trans_b=True, perfconfig='gemm:v1:16,32,16,1,1,4,16,3,2,0,0', scaled_gemm=False, scale_a_dtype=None, scale_b_dtype=None, trans_scale_a=False, trans_scale_b=False, arch='gfx1100', chip='gfx1100', num_cu=70, num_chiplets=1)
Lowering rejected config as not applicable
Command line = -operation gemm -t f16 -out_datatype f16 --arch gfx1100 --num_cu 70 --num_chiplets 1 -g 1 -m 421 -k 454 -n 208 -transA=True -transB=False --perf_config=gemm:v1:64,256,128,1,1,8,16,3,3,4,1 -pv
Errors = loc("<stdin>":18:10): error: Fusion with SplitK perfConfig is not legal
Lowering not applicable.

----------------------------------------------------------------------------------------------------
NOT_APPLICABLE: GemmConfiguration(datatype='f16', out_dtype='f16', g=1, m=421, k=454, n=208, trans_a=True, trans_b=False, perfconfig='gemm:v1:64,256,128,1,1,8,16,3,3,4,1', scaled_gemm=False, scale_a_dtype=None, scale_b_dtype=None, trans_scale_a=False, trans_scale_b=False, arch='gfx1100', chip='gfx1100', num_cu=70, num_chiplets=1)
----------------------------------------------------------------------------------------------------
PASS: GemmConfiguration(datatype='bf16', out_dtype='bf16', g=1, m=247, k=441, n=143, trans_a=False, trans_b=True, perfconfig='gemm:v1:16,256,64,1,1,16,32,1,2,2,2', scaled_gemm=False, scale_a_dtype=None, scale_b_dtype=None, trans_scale_a=False, trans_scale_b=False, arch='gfx1100', chip='gfx1100', num_cu=70, num_chiplets=1)
----------------------------------------------------------------------------------------------------
PASS: GemmConfiguration(datatype='i8', out_dtype='i32', g=2, m=31, k=361, n=28, trans_a=True, trans_b=False, perfconfig='gemm:v1:128,32,128,2,1,8,0,1,1,1,0', scaled_gemm=False, scale_a_dtype=None, scale_b_dtype=None, trans_scale_a=False, trans_scale_b=False, arch='gfx1100', chip='gfx1100', num_cu=70, num_chiplets=1)
----------------------------------------------------------------------------------------------------
PASS: GemmConfiguration(datatype='fp8', out_dtype='f32', g=2, m=449, k=59, n=232, trans_a=False, trans_b=False, perfconfig='gemm:v1:32,64,128,2,1,1,0,4,2,8,0', scaled_gemm=False, scale_a_dtype=None, scale_b_dtype=None, trans_scale_a=False, trans_scale_b=False, arch='gfx1100', chip='gfx1100', num_cu=70, num_chiplets=1)
----------------------------------------------------------------------------------------------------
PASS: GemmConfiguration(datatype='fp8', out_dtype='f32', g=1, m=48, k=131, n=151, trans_a=True, trans_b=False, perfconfig='gemm:v1:32,256,128,1,1,2,16,4,3,4,4', scaled_gemm=False, scale_a_dtype=None, scale_b_dtype=None, trans_scale_a=False, trans_scale_b=False, arch='gfx1100', chip='gfx1100', num_cu=70, num_chiplets=1)
Lowering rejected config as not applicable
Command line = -operation gemm -t i8 -out_datatype i32 --arch gfx1100 --num_cu 70 --num_chiplets 1 -g 2 -m 280 -k 424 -n 347 -transA=False -transB=False --perf_config=gemm:v1:256,16,128,2,1,8,32,3,2,1,4 -pv
Errors = loc("<stdin>":18:10): error: Fusion with SplitK perfConfig is not legal
Lowering not applicable.

----------------------------------------------------------------------------------------------------
NOT_APPLICABLE: GemmConfiguration(datatype='i8', out_dtype='i32', g=2, m=280, k=424, n=347, trans_a=False, trans_b=False, perfconfig='gemm:v1:256,16,128,2,1,8,32,3,2,1,4', scaled_gemm=False, scale_a_dtype=None, scale_b_dtype=None, trans_scale_a=False, trans_scale_b=False, arch='gfx1100', chip='gfx1100', num_cu=70, num_chiplets=1)
Lowering rejected config as not applicable
Command line = -operation gemm -t i8 -out_datatype i32 --arch gfx1100 --num_cu 70 --num_chiplets 1 -g 1 -m 124 -k 505 -n 142 -transA=True -transB=False --perf_config=gemm:v1:128,32,64,2,1,1,32,4,3,2,8 -pv
Errors = loc("<stdin>":18:10): error: Fusion with SplitK perfConfig is not legal
Lowering not applicable.

----------------------------------------------------------------------------------------------------
NOT_APPLICABLE: GemmConfiguration(datatype='i8', out_dtype='i32', g=1, m=124, k=505, n=142, trans_a=True, trans_b=False, perfconfig='gemm:v1:128,32,64,2,1,1,32,4,3,2,8', scaled_gemm=False, scale_a_dtype=None, scale_b_dtype=None, trans_scale_a=False, trans_scale_b=False, arch='gfx1100', chip='gfx1100', num_cu=70, num_chiplets=1)
Lowering rejected config as not applicable
Command line = -operation gemm -t f32 -out_datatype f32 --arch gfx1100 --num_cu 70 --num_chiplets 1 -g 2 -m 346 -k 146 -n 505 -transA=False -transB=False --perf_config=gemm:v1:64,256,32,1,1,8,16,2,3,2,1 -pv
Errors = loc("<stdin>":12:1): error: ttg.shared (81920) exceeds LDS limit (65536) for amdgcn-amd-amdhsa:gfx1100
Lowering not applicable.

----------------------------------------------------------------------------------------------------
NOT_APPLICABLE: GemmConfiguration(datatype='f32', out_dtype='f32', g=2, m=346, k=146, n=505, trans_a=False, trans_b=False, perfconfig='gemm:v1:64,256,32,1,1,8,16,2,3,2,1', scaled_gemm=False, scale_a_dtype=None, scale_b_dtype=None, trans_scale_a=False, trans_scale_b=False, arch='gfx1100', chip='gfx1100', num_cu=70, num_chiplets=1)
----------------------------------------------------------------------------------------------------
PASS: GemmConfiguration(datatype='bf16', out_dtype='bf16', g=1, m=347, k=282, n=122, trans_a=False, trans_b=False, perfconfig='gemm:v1:32,16,32,2,1,8,16,1,3,4,0', scaled_gemm=False, scale_a_dtype=None, scale_b_dtype=None, trans_scale_a=False, trans_scale_b=False, arch='gfx1100', chip='gfx1100', num_cu=70, num_chiplets=1)
----------------------------------------------------------------------------------------------------
PASS: GemmConfiguration(datatype='f32', out_dtype='f32', g=1, m=426, k=438, n=365, trans_a=False, trans_b=True, perfconfig='gemm:v1:16,128,16,2,1,4,32,3,2,8,8', scaled_gemm=False, scale_a_dtype=None, scale_b_dtype=None, trans_scale_a=False, trans_scale_b=False, arch='gfx1100', chip='gfx1100', num_cu=70, num_chiplets=1)
Lowering rejected config as not applicable
Command line = -operation gemm -t f32 -out_datatype f32 --arch gfx1100 --num_cu 70 --num_chiplets 1 -g 2 -m 425 -k 428 -n 335 -transA=True -transB=True --perf_config=gemm:v1:256,64,64,2,1,1,16,4,3,8,8 -pv
Errors = loc("<stdin>":12:1): error: ttg.shared (163840) exceeds LDS limit (65536) for amdgcn-amd-amdhsa:gfx1100
Lowering not applicable.

----------------------------------------------------------------------------------------------------
NOT_APPLICABLE: GemmConfiguration(datatype='f32', out_dtype='f32', g=2, m=425, k=428, n=335, trans_a=True, trans_b=True, perfconfig='gemm:v1:256,64,64,2,1,1,16,4,3,8,8', scaled_gemm=False, scale_a_dtype=None, scale_b_dtype=None, trans_scale_a=False, trans_scale_b=False, arch='gfx1100', chip='gfx1100', num_cu=70, num_chiplets=1)
----------------------------------------------------------------------------------------------------
PASS: GemmConfiguration(datatype='fp8', out_dtype='f32', g=1, m=459, k=376, n=208, trans_a=True, trans_b=False, perfconfig='gemm:v1:16,128,32,2,1,16,0,4,1,1,1', scaled_gemm=False, scale_a_dtype=None, scale_b_dtype=None, trans_scale_a=False, trans_scale_b=False, arch='gfx1100', chip='gfx1100', num_cu=70, num_chiplets=1)
----------------------------------------------------------------------------------------------------
PASS: GemmConfiguration(datatype='f32', out_dtype='f32', g=1, m=332, k=307, n=317, trans_a=True, trans_b=False, perfconfig='gemm:v1:128,128,64,1,1,1,16,3,1,0,4', scaled_gemm=False, scale_a_dtype=None, scale_b_dtype=None, trans_scale_a=False, trans_scale_b=False, arch='gfx1100', chip='gfx1100', num_cu=70, num_chiplets=1)
Lowering rejected config as not applicable
Command line = -operation gemm -t i8 -out_datatype i32 --arch gfx1100 --num_cu 70 --num_chiplets 1 -g 2 -m 361 -k 491 -n 142 -transA=False -transB=False --perf_config=gemm:v1:64,32,64,1,1,2,32,4,2,4,8 -pv
Errors = loc("<stdin>":18:10): error: Fusion with SplitK perfConfig is not legal
Lowering not applicable.

----------------------------------------------------------------------------------------------------
NOT_APPLICABLE: GemmConfiguration(datatype='i8', out_dtype='i32', g=2, m=361, k=491, n=142, trans_a=False, trans_b=False, perfconfig='gemm:v1:64,32,64,1,1,2,32,4,2,4,8', scaled_gemm=False, scale_a_dtype=None, scale_b_dtype=None, trans_scale_a=False, trans_scale_b=False, arch='gfx1100', chip='gfx1100', num_cu=70, num_chiplets=1)
Lowering rejected config as not applicable
Command line = -operation gemm -t i8 -out_datatype i32 --arch gfx1100 --num_cu 70 --num_chiplets 1 -g 2 -m 24 -k 63 -n 381 -transA=True -transB=False --perf_config=gemm:v1:256,64,32,1,1,4,16,4,2,4,1 -pv
Errors = loc("<stdin>":18:10): error: Fusion with SplitK perfConfig is not legal
Lowering not applicable.

----------------------------------------------------------------------------------------------------
NOT_APPLICABLE: GemmConfiguration(datatype='i8', out_dtype='i32', g=2, m=24, k=63, n=381, trans_a=True, trans_b=False, perfconfig='gemm:v1:256,64,32,1,1,4,16,4,2,4,1', scaled_gemm=False, scale_a_dtype=None, scale_b_dtype=None, trans_scale_a=False, trans_scale_b=False, arch='gfx1100', chip='gfx1100', num_cu=70, num_chiplets=1)
Lowering rejected config as not applicable
Command line = -operation gemm -t bf16 -out_datatype bf16 --arch gfx1100 --num_cu 70 --num_chiplets 1 -g 2 -m 435 -k 129 -n 423 -transA=False -transB=True --perf_config=gemm:v1:128,64,128,1,1,16,0,1,3,4,4 -pv -RMS_threshold 1e-2
Errors = loc("<stdin>":13:1): error: ttg.shared (98304) exceeds LDS limit (65536) for amdgcn-amd-amdhsa:gfx1100
Lowering not applicable.

----------------------------------------------------------------------------------------------------
NOT_APPLICABLE: GemmConfiguration(datatype='bf16', out_dtype='bf16', g=2, m=435, k=129, n=423, trans_a=False, trans_b=True, perfconfig='gemm:v1:128,64,128,1,1,16,0,1,3,4,4', scaled_gemm=False, scale_a_dtype=None, scale_b_dtype=None, trans_scale_a=False, trans_scale_b=False, arch='gfx1100', chip='gfx1100', num_cu=70, num_chiplets=1)
Lowering rejected config as not applicable
Command line = -operation gemm -t f32 -out_datatype f32 --arch gfx1100 --num_cu 70 --num_chiplets 1 -g 1 -m 1 -k 231 -n 336 -transA=True -transB=True --perf_config=gemm:v1:64,256,32,1,1,16,32,3,3,2,0 -pv
Errors = loc("<stdin>":12:1): error: ttg.shared (81920) exceeds LDS limit (65536) for amdgcn-amd-amdhsa:gfx1100
Lowering not applicable.

----------------------------------------------------------------------------------------------------
NOT_APPLICABLE: GemmConfiguration(datatype='f32', out_dtype='f32', g=1, m=1, k=231, n=336, trans_a=True, trans_b=True, perfconfig='gemm:v1:64,256,32,1,1,16,32,3,3,2,0', scaled_gemm=False, scale_a_dtype=None, scale_b_dtype=None, trans_scale_a=False, trans_scale_b=False, arch='gfx1100', chip='gfx1100', num_cu=70, num_chiplets=1)
----------------------------------------------------------------------------------------------------
PASS: GemmConfiguration(datatype='bf16', out_dtype='bf16', g=1, m=399, k=380, n=81, trans_a=False, trans_b=False, perfconfig='gemm:v1:256,32,32,2,1,2,0,1,1,8,0', scaled_gemm=False, scale_a_dtype=None, scale_b_dtype=None, trans_scale_a=False, trans_scale_b=False, arch='gfx1100', chip='gfx1100', num_cu=70, num_chiplets=1)
----------------------------------------------------------------------------------------------------
PASS: GemmConfiguration(datatype='bf16', out_dtype='bf16', g=1, m=33, k=301, n=219, trans_a=True, trans_b=False, perfconfig='gemm:v1:64,64,16,2,1,1,32,1,2,8,4', scaled_gemm=False, scale_a_dtype=None, scale_b_dtype=None, trans_scale_a=False, trans_scale_b=False, arch='gfx1100', chip='gfx1100', num_cu=70, num_chiplets=1)
----------------------------------------------------------------------------------------------------
PASS: GemmConfiguration(datatype='fp8', out_dtype='f32', g=1, m=423, k=436, n=317, trans_a=True, trans_b=True, perfconfig='gemm:v1:32,16,32,1,1,2,16,3,3,1,8', scaled_gemm=False, scale_a_dtype=None, scale_b_dtype=None, trans_scale_a=False, trans_scale_b=False, arch='gfx1100', chip='gfx1100', num_cu=70, num_chiplets=1)
----------------------------------------------------------------------------------------------------
PASS: GemmConfiguration(datatype='fp8', out_dtype='f32', g=2, m=178, k=245, n=413, trans_a=True, trans_b=True, perfconfig='gemm:v1:64,64,128,1,1,1,32,3,1,1,2', scaled_gemm=False, scale_a_dtype=None, scale_b_dtype=None, trans_scale_a=False, trans_scale_b=False, arch='gfx1100', chip='gfx1100', num_cu=70, num_chiplets=1)
Lowering rejected config as not applicable
Command line = -operation gemm -t bf16 -out_datatype bf16 --arch gfx1100 --num_cu 70 --num_chiplets 1 -g 1 -m 355 -k 281 -n 432 -transA=True -transB=False --perf_config=gemm:v1:16,256,128,2,1,8,32,2,3,4,2 -pv -RMS_threshold 1e-2
Errors = loc("<stdin>":18:10): error: Fusion with SplitK perfConfig is not legal
Lowering not applicable.

----------------------------------------------------------------------------------------------------
NOT_APPLICABLE: GemmConfiguration(datatype='bf16', out_dtype='bf16', g=1, m=355, k=281, n=432, trans_a=True, trans_b=False, perfconfig='gemm:v1:16,256,128,2,1,8,32,2,3,4,2', scaled_gemm=False, scale_a_dtype=None, scale_b_dtype=None, trans_scale_a=False, trans_scale_b=False, arch='gfx1100', chip='gfx1100', num_cu=70, num_chiplets=1)
----------------------------------------------------------------------------------------------------
PASS: GemmConfiguration(datatype='f32', out_dtype='f32', g=1, m=438, k=6, n=88, trans_a=False, trans_b=True, perfconfig='gemm:v1:64,128,16,1,1,4,16,4,3,2,4', scaled_gemm=False, scale_a_dtype=None, scale_b_dtype=None, trans_scale_a=False, trans_scale_b=False, arch='gfx1100', chip='gfx1100', num_cu=70, num_chiplets=1)
----------------------------------------------------------------------------------------------------
PASS: GemmConfiguration(datatype='fp8', out_dtype='f32', g=2, m=409, k=167, n=120, trans_a=False, trans_b=True, perfconfig='gemm:v1:128,32,16,1,1,4,16,3,1,0,4', scaled_gemm=False, scale_a_dtype=None, scale_b_dtype=None, trans_scale_a=False, trans_scale_b=False, arch='gfx1100', chip='gfx1100', num_cu=70, num_chiplets=1)
----------------------------------------------------------------------------------------------------
PASS: GemmConfiguration(datatype='f16', out_dtype='f16', g=2, m=225, k=448, n=117, trans_a=True, trans_b=True, perfconfig='gemm:v1:32,32,128,2,1,4,16,1,2,4,1', scaled_gemm=False, scale_a_dtype=None, scale_b_dtype=None, trans_scale_a=False, trans_scale_b=False, arch='gfx1100', chip='gfx1100', num_cu=70, num_chiplets=1)
----------------------------------------------------------------------------------------------------
PASS: GemmConfiguration(datatype='f32', out_dtype='f32', g=2, m=481, k=468, n=17, trans_a=True, trans_b=False, perfconfig='gemm:v1:64,64,32,2,1,4,0,1,3,1,1', scaled_gemm=False, scale_a_dtype=None, scale_b_dtype=None, trans_scale_a=False, trans_scale_b=False, arch='gfx1100', chip='gfx1100', num_cu=70, num_chiplets=1)
----------------------------------------------------------------------------------------------------
PASS: GemmConfiguration(datatype='f32', out_dtype='f32', g=2, m=354, k=250, n=501, trans_a=True, trans_b=False, perfconfig='gemm:v1:32,64,16,2,1,1,32,1,3,0,2', scaled_gemm=False, scale_a_dtype=None, scale_b_dtype=None, trans_scale_a=False, trans_scale_b=False, arch='gfx1100', chip='gfx1100', num_cu=70, num_chiplets=1)
----------------------------------------------------------------------------------------------------
PASS: GemmConfiguration(datatype='f16', out_dtype='f16', g=1, m=445, k=133, n=20, trans_a=False, trans_b=False, perfconfig='gemm:v1:128,256,64,1,1,4,0,1,1,2,2', scaled_gemm=False, scale_a_dtype=None, scale_b_dtype=None, trans_scale_a=False, trans_scale_b=False, arch='gfx1100', chip='gfx1100', num_cu=70, num_chiplets=1)
----------------------------------------------------------------------------------------------------
PASS: GemmConfiguration(datatype='fp8', out_dtype='f32', g=1, m=229, k=125, n=465, trans_a=True, trans_b=False, perfconfig='gemm:v1:64,256,16,2,1,2,0,1,3,1,2', scaled_gemm=False, scale_a_dtype=None, scale_b_dtype=None, trans_scale_a=False, trans_scale_b=False, arch='gfx1100', chip='gfx1100', num_cu=70, num_chiplets=1)
Lowering rejected config as not applicable
Command line = -operation gemm -t bf16 -out_datatype bf16 --arch gfx1100 --num_cu 70 --num_chiplets 1 -g 1 -m 73 -k 175 -n 38 -transA=False -transB=True --perf_config=gemm:v1:64,64,64,1,1,4,32,4,3,0,4 -pv -RMS_threshold 1e-2
Errors = loc("<stdin>":17:10): error: Fusion with SplitK perfConfig is not legal
Lowering not applicable.

----------------------------------------------------------------------------------------------------
NOT_APPLICABLE: GemmConfiguration(datatype='bf16', out_dtype='bf16', g=1, m=73, k=175, n=38, trans_a=False, trans_b=True, perfconfig='gemm:v1:64,64,64,1,1,4,32,4,3,0,4', scaled_gemm=False, scale_a_dtype=None, scale_b_dtype=None, trans_scale_a=False, trans_scale_b=False, arch='gfx1100', chip='gfx1100', num_cu=70, num_chiplets=1)
Lowering rejected config as not applicable
Command line = -operation gemm -t f16 -out_datatype f16 --arch gfx1100 --num_cu 70 --num_chiplets 1 -g 2 -m 42 -k 487 -n 113 -transA=False -transB=True --perf_config=gemm:v1:128,128,16,2,1,1,16,3,3,0,1 -pv
Errors = loc("<stdin>":18:10): error: Fusion with SplitK perfConfig is not legal
Lowering not applicable.

----------------------------------------------------------------------------------------------------
NOT_APPLICABLE: GemmConfiguration(datatype='f16', out_dtype='f16', g=2, m=42, k=487, n=113, trans_a=False, trans_b=True, perfconfig='gemm:v1:128,128,16,2,1,1,16,3,3,0,1', scaled_gemm=False, scale_a_dtype=None, scale_b_dtype=None, trans_scale_a=False, trans_scale_b=False, arch='gfx1100', chip='gfx1100', num_cu=70, num_chiplets=1)
Lowering rejected config as not applicable
Command line = -operation gemm -t i8 -out_datatype i32 --arch gfx1100 --num_cu 70 --num_chiplets 1 -g 1 -m 470 -k 30 -n 130 -transA=True -transB=False --perf_config=gemm:v1:16,64,128,1,1,8,32,3,1,8,0 -pv
Errors = loc("<stdin>":18:10): error: Fusion with SplitK perfConfig is not legal
Lowering not applicable.

----------------------------------------------------------------------------------------------------
NOT_APPLICABLE: GemmConfiguration(datatype='i8', out_dtype='i32', g=1, m=470, k=30, n=130, trans_a=True, trans_b=False, perfconfig='gemm:v1:16,64,128,1,1,8,32,3,1,8,0', scaled_gemm=False, scale_a_dtype=None, scale_b_dtype=None, trans_scale_a=False, trans_scale_b=False, arch='gfx1100', chip='gfx1100', num_cu=70, num_chiplets=1)
Lowering rejected config as not applicable
Command line = -operation gemm -t f16 -out_datatype f16 --arch gfx1100 --num_cu 70 --num_chiplets 1 -g 1 -m 405 -k 185 -n 84 -transA=True -transB=False --perf_config=gemm:v1:128,16,32,2,1,8,0,4,2,1,2 -pv
Errors = loc("<stdin>":18:10): error: Fusion with SplitK perfConfig is not legal
Lowering not applicable.

----------------------------------------------------------------------------------------------------
NOT_APPLICABLE: GemmConfiguration(datatype='f16', out_dtype='f16', g=1, m=405, k=185, n=84, trans_a=True, trans_b=False, perfconfig='gemm:v1:128,16,32,2,1,8,0,4,2,1,2', scaled_gemm=False, scale_a_dtype=None, scale_b_dtype=None, trans_scale_a=False, trans_scale_b=False, arch='gfx1100', chip='gfx1100', num_cu=70, num_chiplets=1)
----------------------------------------------------------------------------------------------------
PASS: GemmConfiguration(datatype='f32', out_dtype='f32', g=2, m=496, k=202, n=132, trans_a=True, trans_b=False, perfconfig='gemm:v1:256,16,16,1,1,16,16,4,2,4,8', scaled_gemm=False, scale_a_dtype=None, scale_b_dtype=None, trans_scale_a=False, trans_scale_b=False, arch='gfx1100', chip='gfx1100', num_cu=70, num_chiplets=1)
FAIL: Timeout in rocmlir-driver stage (120s)
Config = GemmConfiguration(datatype='fp8', out_dtype='f32', g=1, m=113, k=282, n=209, trans_a=False, trans_b=True, perfconfig='gemm:v1:256,256,128,1,1,1,16,3,2,8,0', scaled_gemm=False, scale_a_dtype=None, scale_b_dtype=None, trans_scale_a=False, trans_scale_b=False, arch='gfx1100', chip='gfx1100', num_cu=70, num_chiplets=1)
Command line = -operation gemm -t fp8 -out_datatype f32 --arch gfx1100 --num_cu 70 --num_chiplets 1 -g 1 -m 113 -k 282 -n 209 -transA=False -transB=True --perf_config=gemm:v1:256,256,128,1,1,1,16,3,2,8,0 -pv -relDiff_threshold 1e-5
Lowering rejected config as not applicable
Command line = -operation gemm -t f32 -out_datatype f32 --arch gfx1100 --num_cu 70 --num_chiplets 1 -g 1 -m 130 -k 397 -n 263 -transA=False -transB=True --perf_config=gemm:v1:128,64,64,1,1,2,16,1,3,0,1 -pv
Errors = loc("<stdin>":10:1): error: ttg.shared (98304) exceeds LDS limit (65536) for amdgcn-amd-amdhsa:gfx1100
Lowering not applicable.

----------------------------------------------------------------------------------------------------
NOT_APPLICABLE: GemmConfiguration(datatype='f32', out_dtype='f32', g=1, m=130, k=397, n=263, trans_a=False, trans_b=True, perfconfig='gemm:v1:128,64,64,1,1,2,16,1,3,0,1', scaled_gemm=False, scale_a_dtype=None, scale_b_dtype=None, trans_scale_a=False, trans_scale_b=False, arch='gfx1100', chip='gfx1100', num_cu=70, num_chiplets=1)
----------------------------------------------------------------------------------------------------
PASS: GemmConfiguration(datatype='fp8', out_dtype='f32', g=2, m=446, k=169, n=170, trans_a=True, trans_b=True, perfconfig='gemm:v1:256,64,16,1,1,4,16,3,2,0,4', scaled_gemm=False, scale_a_dtype=None, scale_b_dtype=None, trans_scale_a=False, trans_scale_b=False, arch='gfx1100', chip='gfx1100', num_cu=70, num_chiplets=1)
----------------------------------------------------------------------------------------------------
PASS: GemmConfiguration(datatype='f32', out_dtype='f32', g=1, m=102, k=362, n=339, trans_a=False, trans_b=False, perfconfig='gemm:v1:128,128,128,2,1,4,32,4,3,4,2', scaled_gemm=False, scale_a_dtype=None, scale_b_dtype=None, trans_scale_a=False, trans_scale_b=False, arch='gfx1100', chip='gfx1100', num_cu=70, num_chiplets=1)
Lowering rejected config as not applicable
Command line = -operation gemm -t i8 -out_datatype i32 --arch gfx1100 --num_cu 70 --num_chiplets 1 -g 2 -m 503 -k 128 -n 224 -transA=True -transB=True --perf_config=gemm:v1:128,256,16,2,1,8,32,3,3,0,0 -pv
Errors = loc("<stdin>":18:10): error: Fusion with SplitK perfConfig is not legal
Lowering not applicable.

----------------------------------------------------------------------------------------------------
NOT_APPLICABLE: GemmConfiguration(datatype='i8', out_dtype='i32', g=2, m=503, k=128, n=224, trans_a=True, trans_b=True, perfconfig='gemm:v1:128,256,16,2,1,8,32,3,3,0,0', scaled_gemm=False, scale_a_dtype=None, scale_b_dtype=None, trans_scale_a=False, trans_scale_b=False, arch='gfx1100', chip='gfx1100', num_cu=70, num_chiplets=1)
Lowering rejected config as not applicable
Command line = -operation gemm -t f16 -out_datatype f16 --arch gfx1100 --num_cu 70 --num_chiplets 1 -g 1 -m 366 -k 104 -n 206 -transA=False -transB=True --perf_config=gemm:v1:32,128,32,1,1,2,16,2,2,0,1 -pv
Errors = loc("<stdin>":17:10): error: Fusion with SplitK perfConfig is not legal
Lowering not applicable.

----------------------------------------------------------------------------------------------------
NOT_APPLICABLE: GemmConfiguration(datatype='f16', out_dtype='f16', g=1, m=366, k=104, n=206, trans_a=False, trans_b=True, perfconfig='gemm:v1:32,128,32,1,1,2,16,2,2,0,1', scaled_gemm=False, scale_a_dtype=None, scale_b_dtype=None, trans_scale_a=False, trans_scale_b=False, arch='gfx1100', chip='gfx1100', num_cu=70, num_chiplets=1)
----------------------------------------------------------------------------------------------------
PASS: GemmConfiguration(datatype='i8', out_dtype='i32', g=1, m=162, k=17, n=190, trans_a=True, trans_b=True, perfconfig='gemm:v1:128,64,64,1,1,16,0,1,1,4,2', scaled_gemm=False, scale_a_dtype=None, scale_b_dtype=None, trans_scale_a=False, trans_scale_b=False, arch='gfx1100', chip='gfx1100', num_cu=70, num_chiplets=1)
----------------------------------------------------------------------------------------------------
PASS: GemmConfiguration(datatype='fp8', out_dtype='f32', g=1, m=76, k=70, n=201, trans_a=False, trans_b=True, perfconfig='gemm:v1:16,32,64,2,1,2,32,4,3,8,4', scaled_gemm=False, scale_a_dtype=None, scale_b_dtype=None, trans_scale_a=False, trans_scale_b=False, arch='gfx1100', chip='gfx1100', num_cu=70, num_chiplets=1)
----------------------------------------------------------------------------------------------------
PASS: GemmConfiguration(datatype='fp8', out_dtype='f32', g=1, m=101, k=416, n=355, trans_a=False, trans_b=False, perfconfig='gemm:v1:256,16,64,1,1,16,16,4,1,1,2', scaled_gemm=False, scale_a_dtype=None, scale_b_dtype=None, trans_scale_a=False, trans_scale_b=False, arch='gfx1100', chip='gfx1100', num_cu=70, num_chiplets=1)
----------------------------------------------------------------------------------------------------
PASS: GemmConfiguration(datatype='fp8', out_dtype='f32', g=1, m=469, k=290, n=58, trans_a=True, trans_b=False, perfconfig='gemm:v1:64,128,32,2,1,8,0,2,2,0,4', scaled_gemm=False, scale_a_dtype=None, scale_b_dtype=None, trans_scale_a=False, trans_scale_b=False, arch='gfx1100', chip='gfx1100', num_cu=70, num_chiplets=1)
----------------------------------------------------------------------------------------------------
PASS: GemmConfiguration(datatype='fp8', out_dtype='f32', g=2, m=274, k=231, n=257, trans_a=True, trans_b=False, perfconfig='gemm:v1:256,128,128,2,1,2,32,3,1,4,4', scaled_gemm=False, scale_a_dtype=None, scale_b_dtype=None, trans_scale_a=False, trans_scale_b=False, arch='gfx1100', chip='gfx1100', num_cu=70, num_chiplets=1)
----------------------------------------------------------------------------------------------------
FAIL: GemmConfiguration(datatype='fp8', out_dtype='f32', g=1, m=113, k=282, n=209, trans_a=False, trans_b=True, perfconfig='gemm:v1:256,256,128,1,1,1,16,3,2,8,0', scaled_gemm=False, scale_a_dtype=None, scale_b_dtype=None, trans_scale_a=False, trans_scale_b=False, arch='gfx1100', chip='gfx1100', num_cu=70, num_chiplets=1)
Lowering rejected config as not applicable
Command line = -operation gemm -t f16 -out_datatype f16 --arch gfx1100 --num_cu 70 --num_chiplets 1 -g 1 -m 31 -k 224 -n 511 -transA=False -transB=True --perf_config=gemm:v1:64,32,64,2,1,4,32,4,1,1,1 -pv
Errors = loc("<stdin>":17:10): error: Fusion with SplitK perfConfig is not legal
Lowering not applicable.

----------------------------------------------------------------------------------------------------
NOT_APPLICABLE: GemmConfiguration(datatype='f16', out_dtype='f16', g=1, m=31, k=224, n=511, trans_a=False, trans_b=True, perfconfig='gemm:v1:64,32,64,2,1,4,32,4,1,1,1', scaled_gemm=False, scale_a_dtype=None, scale_b_dtype=None, trans_scale_a=False, trans_scale_b=False, arch='gfx1100', chip='gfx1100', num_cu=70, num_chiplets=1)
Lowering rejected config as not applicable
Command line = -operation gemm -t f16 -out_datatype f16 --arch gfx1100 --num_cu 70 --num_chiplets 1 -g 1 -m 441 -k 483 -n 172 -transA=False -transB=False --perf_config=gemm:v1:128,32,32,2,1,2,0,2,3,8,8 -pv
Errors = loc("<stdin>":18:10): error: Fusion with SplitK perfConfig is not legal
Lowering not applicable.

----------------------------------------------------------------------------------------------------
NOT_APPLICABLE: GemmConfiguration(datatype='f16', out_dtype='f16', g=1, m=441, k=483, n=172, trans_a=False, trans_b=False, perfconfig='gemm:v1:128,32,32,2,1,2,0,2,3,8,8', scaled_gemm=False, scale_a_dtype=None, scale_b_dtype=None, trans_scale_a=False, trans_scale_b=False, arch='gfx1100', chip='gfx1100', num_cu=70, num_chiplets=1)
Lowering rejected config as not applicable
Command line = -operation gemm -t bf16 -out_datatype bf16 --arch gfx1100 --num_cu 70 --num_chiplets 1 -g 2 -m 84 -k 131 -n 148 -transA=False -transB=True --perf_config=gemm:v1:256,32,16,2,1,16,32,4,3,8,1 -pv -RMS_threshold 1e-2
Errors = loc("<stdin>":18:10): error: Fusion with SplitK perfConfig is not legal
Lowering not applicable.

----------------------------------------------------------------------------------------------------
NOT_APPLICABLE: GemmConfiguration(datatype='bf16', out_dtype='bf16', g=2, m=84, k=131, n=148, trans_a=False, trans_b=True, perfconfig='gemm:v1:256,32,16,2,1,16,32,4,3,8,1', scaled_gemm=False, scale_a_dtype=None, scale_b_dtype=None, trans_scale_a=False, trans_scale_b=False, arch='gfx1100', chip='gfx1100', num_cu=70, num_chiplets=1)
----------------------------------------------------------------------------------------------------
PASS: GemmConfiguration(datatype='f32', out_dtype='f32', g=2, m=289, k=58, n=30, trans_a=False, trans_b=False, perfconfig='gemm:v1:64,32,16,2,1,16,16,1,3,1,8', scaled_gemm=False, scale_a_dtype=None, scale_b_dtype=None, trans_scale_a=False, trans_scale_b=False, arch='gfx1100', chip='gfx1100', num_cu=70, num_chiplets=1)
----------------------------------------------------------------------------------------------------
PASS: GemmConfiguration(datatype='f16', out_dtype='f16', g=1, m=379, k=9, n=336, trans_a=True, trans_b=False, perfconfig='gemm:v1:64,16,32,1,1,8,0,1,3,4,8', scaled_gemm=False, scale_a_dtype=None, scale_b_dtype=None, trans_scale_a=False, trans_scale_b=False, arch='gfx1100', chip='gfx1100', num_cu=70, num_chiplets=1)
----------------------------------------------------------------------------------------------------
PASS: GemmConfiguration(datatype='f16', out_dtype='f16', g=1, m=85, k=503, n=475, trans_a=True, trans_b=False, perfconfig='gemm:v1:128,32,16,1,1,2,32,1,1,2,1', scaled_gemm=False, scale_a_dtype=None, scale_b_dtype=None, trans_scale_a=False, trans_scale_b=False, arch='gfx1100', chip='gfx1100', num_cu=70, num_chiplets=1)
----------------------------------------------------------------------------------------------------
PASS: GemmConfiguration(datatype='bf16', out_dtype='bf16', g=1, m=235, k=319, n=295, trans_a=False, trans_b=True, perfconfig='gemm:v1:256,64,16,2,1,4,16,1,2,1,0', scaled_gemm=False, scale_a_dtype=None, scale_b_dtype=None, trans_scale_a=False, trans_scale_b=False, arch='gfx1100', chip='gfx1100', num_cu=70, num_chiplets=1)
----------------------------------------------------------------------------------------------------
PASS: GemmConfiguration(datatype='f32', out_dtype='f32', g=2, m=317, k=462, n=241, trans_a=False, trans_b=False, perfconfig='gemm:v1:128,256,16,1,1,8,16,4,2,4,0', scaled_gemm=False, scale_a_dtype=None, scale_b_dtype=None, trans_scale_a=False, trans_scale_b=False, arch='gfx1100', chip='gfx1100', num_cu=70, num_chiplets=1)
Lowering rejected config as not applicable
Command line = -operation gemm -t bf16 -out_datatype bf16 --arch gfx1100 --num_cu 70 --num_chiplets 1 -g 2 -m 472 -k 302 -n 277 -transA=True -transB=False --perf_config=gemm:v1:64,256,32,2,1,1,32,2,1,4,0 -pv -RMS_threshold 1e-2
Errors = loc("<stdin>":18:10): error: Fusion with SplitK perfConfig is not legal
Lowering not applicable.

----------------------------------------------------------------------------------------------------
NOT_APPLICABLE: GemmConfiguration(datatype='bf16', out_dtype='bf16', g=2, m=472, k=302, n=277, trans_a=True, trans_b=False, perfconfig='gemm:v1:64,256,32,2,1,1,32,2,1,4,0', scaled_gemm=False, scale_a_dtype=None, scale_b_dtype=None, trans_scale_a=False, trans_scale_b=False, arch='gfx1100', chip='gfx1100', num_cu=70, num_chiplets=1)
Lowering rejected config as not applicable
Command line = -operation gemm -t i8 -out_datatype i32 --arch gfx1100 --num_cu 70 --num_chiplets 1 -g 2 -m 357 -k 406 -n 411 -transA=False -transB=False --perf_config=gemm:v1:64,64,16,1,1,1,0,4,2,8,0 -pv
Errors = loc("<stdin>":18:10): error: Fusion with SplitK perfConfig is not legal
Lowering not applicable.

----------------------------------------------------------------------------------------------------
NOT_APPLICABLE: GemmConfiguration(datatype='i8', out_dtype='i32', g=2, m=357, k=406, n=411, trans_a=False, trans_b=False, perfconfig='gemm:v1:64,64,16,1,1,1,0,4,2,8,0', scaled_gemm=False, scale_a_dtype=None, scale_b_dtype=None, trans_scale_a=False, trans_scale_b=False, arch='gfx1100', chip='gfx1100', num_cu=70, num_chiplets=1)
Lowering rejected config as not applicable
Command line = -operation gemm -t f16 -out_datatype f16 --arch gfx1100 --num_cu 70 --num_chiplets 1 -g 2 -m 462 -k 274 -n 35 -transA=True -transB=True --perf_config=gemm:v1:128,32,32,2,1,1,0,3,1,0,4 -pv
Errors = loc("<stdin>":18:10): error: Fusion with SplitK perfConfig is not legal
Lowering not applicable.

----------------------------------------------------------------------------------------------------
NOT_APPLICABLE: GemmConfiguration(datatype='f16', out_dtype='f16', g=2, m=462, k=274, n=35, trans_a=True, trans_b=True, perfconfig='gemm:v1:128,32,32,2,1,1,0,3,1,0,4', scaled_gemm=False, scale_a_dtype=None, scale_b_dtype=None, trans_scale_a=False, trans_scale_b=False, arch='gfx1100', chip='gfx1100', num_cu=70, num_chiplets=1)
Lowering rejected config as not applicable
Command line = -operation gemm -t f16 -out_datatype f16 --arch gfx1100 --num_cu 70 --num_chiplets 1 -g 2 -m 437 -k 238 -n 58 -transA=False -transB=False --perf_config=gemm:v1:256,128,64,2,1,16,0,2,2,2,0 -pv
Errors = loc("<stdin>":18:10): error: Fusion with SplitK perfConfig is not legal
Lowering not applicable.

----------------------------------------------------------------------------------------------------
NOT_APPLICABLE: GemmConfiguration(datatype='f16', out_dtype='f16', g=2, m=437, k=238, n=58, trans_a=False, trans_b=False, perfconfig='gemm:v1:256,128,64,2,1,16,0,2,2,2,0', scaled_gemm=False, scale_a_dtype=None, scale_b_dtype=None, trans_scale_a=False, trans_scale_b=False, arch='gfx1100', chip='gfx1100', num_cu=70, num_chiplets=1)
Lowering rejected config as not applicable
Command line = -operation gemm -t bf16 -out_datatype bf16 --arch gfx1100 --num_cu 70 --num_chiplets 1 -g 2 -m 408 -k 357 -n 53 -transA=False -transB=False --perf_config=gemm:v1:32,128,32,1,1,16,32,4,1,1,0 -pv -RMS_threshold 1e-2
Errors = loc("<stdin>":18:10): error: Fusion with SplitK perfConfig is not legal
Lowering not applicable.

----------------------------------------------------------------------------------------------------
NOT_APPLICABLE: GemmConfiguration(datatype='bf16', out_dtype='bf16', g=2, m=408, k=357, n=53, trans_a=False, trans_b=False, perfconfig='gemm:v1:32,128,32,1,1,16,32,4,1,1,0', scaled_gemm=False, scale_a_dtype=None, scale_b_dtype=None, trans_scale_a=False, trans_scale_b=False, arch='gfx1100', chip='gfx1100', num_cu=70, num_chiplets=1)
Lowering rejected config as not applicable
Command line = -operation gemm -t f32 -out_datatype f32 --arch gfx1100 --num_cu 70 --num_chiplets 1 -g 1 -m 380 -k 180 -n 287 -transA=False -transB=False --perf_config=gemm:v1:16,256,128,1,1,16,16,1,2,8,1 -pv
Errors = loc("<stdin>":11:1): error: ttg.shared (139264) exceeds LDS limit (65536) for amdgcn-amd-amdhsa:gfx1100
Lowering not applicable.

----------------------------------------------------------------------------------------------------
NOT_APPLICABLE: GemmConfiguration(datatype='f32', out_dtype='f32', g=1, m=380, k=180, n=287, trans_a=False, trans_b=False, perfconfig='gemm:v1:16,256,128,1,1,16,16,1,2,8,1', scaled_gemm=False, scale_a_dtype=None, scale_b_dtype=None, trans_scale_a=False, trans_scale_b=False, arch='gfx1100', chip='gfx1100', num_cu=70, num_chiplets=1)
----------------------------------------------------------------------------------------------------
PASS: GemmConfiguration(datatype='f32', out_dtype='f32', g=2, m=218, k=435, n=204, trans_a=False, trans_b=False, perfconfig='gemm:v1:32,16,128,2,1,16,32,2,1,2,2', scaled_gemm=False, scale_a_dtype=None, scale_b_dtype=None, trans_scale_a=False, trans_scale_b=False, arch='gfx1100', chip='gfx1100', num_cu=70, num_chiplets=1)
----------------------------------------------------------------------------------------------------
PASS: GemmConfiguration(datatype='f32', out_dtype='f32', g=2, m=509, k=503, n=11, trans_a=True, trans_b=False, perfconfig='gemm:v1:256,16,16,2,1,2,16,2,3,1,8', scaled_gemm=False, scale_a_dtype=None, scale_b_dtype=None, trans_scale_a=False, trans_scale_b=False, arch='gfx1100', chip='gfx1100', num_cu=70, num_chiplets=1)
Lowering rejected config as not applicable
Command line = -operation gemm -t bf16 -out_datatype bf16 --arch gfx1100 --num_cu 70 --num_chiplets 1 -g 2 -m 322 -k 128 -n 100 -transA=True -transB=False --perf_config=gemm:v1:128,16,64,1,1,1,32,2,1,2,2 -pv -RMS_threshold 1e-2
Errors = loc("<stdin>":18:10): error: Fusion with SplitK perfConfig is not legal
Lowering not applicable.

----------------------------------------------------------------------------------------------------
NOT_APPLICABLE: GemmConfiguration(datatype='bf16', out_dtype='bf16', g=2, m=322, k=128, n=100, trans_a=True, trans_b=False, perfconfig='gemm:v1:128,16,64,1,1,1,32,2,1,2,2', scaled_gemm=False, scale_a_dtype=None, scale_b_dtype=None, trans_scale_a=False, trans_scale_b=False, arch='gfx1100', chip='gfx1100', num_cu=70, num_chiplets=1)
Lowering rejected config as not applicable
Command line = -operation gemm -t i8 -out_datatype i32 --arch gfx1100 --num_cu 70 --num_chiplets 1 -g 2 -m 32 -k 259 -n 225 -transA=False -transB=True --perf_config=gemm:v1:64,64,64,2,1,4,32,3,3,2,0 -pv
Errors = loc("<stdin>":18:10): error: Fusion with SplitK perfConfig is not legal
Lowering not applicable.

----------------------------------------------------------------------------------------------------
NOT_APPLICABLE: GemmConfiguration(datatype='i8', out_dtype='i32', g=2, m=32, k=259, n=225, trans_a=False, trans_b=True, perfconfig='gemm:v1:64,64,64,2,1,4,32,3,3,2,0', scaled_gemm=False, scale_a_dtype=None, scale_b_dtype=None, trans_scale_a=False, trans_scale_b=False, arch='gfx1100', chip='gfx1100', num_cu=70, num_chiplets=1)
Lowering rejected config as not applicable
Command line = -operation gemm -t f16 -out_datatype f16 --arch gfx1100 --num_cu 70 --num_chiplets 1 -g 2 -m 49 -k 267 -n 296 -transA=False -transB=False --perf_config=gemm:v1:64,64,32,1,1,1,0,3,1,0,8 -pv
Errors = loc("<stdin>":18:10): error: Fusion with SplitK perfConfig is not legal
Lowering not applicable.

----------------------------------------------------------------------------------------------------
NOT_APPLICABLE: GemmConfiguration(datatype='f16', out_dtype='f16', g=2, m=49, k=267, n=296, trans_a=False, trans_b=False, perfconfig='gemm:v1:64,64,32,1,1,1,0,3,1,0,8', scaled_gemm=False, scale_a_dtype=None, scale_b_dtype=None, trans_scale_a=False, trans_scale_b=False, arch='gfx1100', chip='gfx1100', num_cu=70, num_chiplets=1)
Lowering rejected config as not applicable
Command line = -operation gemm -t f16 -out_datatype f16 --arch gfx1100 --num_cu 70 --num_chiplets 1 -g 2 -m 467 -k 119 -n 17 -transA=False -transB=False --perf_config=gemm:v1:256,128,128,1,1,16,16,4,1,1,0 -pv
Errors = loc("<stdin>":18:10): error: Fusion with SplitK perfConfig is not legal
Lowering not applicable.

----------------------------------------------------------------------------------------------------
NOT_APPLICABLE: GemmConfiguration(datatype='f16', out_dtype='f16', g=2, m=467, k=119, n=17, trans_a=False, trans_b=False, perfconfig='gemm:v1:256,128,128,1,1,16,16,4,1,1,0', scaled_gemm=False, scale_a_dtype=None, scale_b_dtype=None, trans_scale_a=False, trans_scale_b=False, arch='gfx1100', chip='gfx1100', num_cu=70, num_chiplets=1)
----------------------------------------------------------------------------------------------------
PASS: GemmConfiguration(datatype='f32', out_dtype='f32', g=1, m=309, k=77, n=351, trans_a=False, trans_b=False, perfconfig='gemm:v1:64,16,32,2,1,8,0,3,3,8,0', scaled_gemm=False, scale_a_dtype=None, scale_b_dtype=None, trans_scale_a=False, trans_scale_b=False, arch='gfx1100', chip='gfx1100', num_cu=70, num_chiplets=1)
Lowering rejected config as not applicable
Command line = -operation gemm -t bf16 -out_datatype bf16 --arch gfx1100 --num_cu 70 --num_chiplets 1 -g 2 -m 375 -k 140 -n 397 -transA=True -transB=False --perf_config=gemm:v1:256,256,64,2,1,16,32,1,3,8,0 -pv -RMS_threshold 1e-2
Errors = loc("<stdin>":13:1): error: ttg.shared (131072) exceeds LDS limit (65536) for amdgcn-amd-amdhsa:gfx1100
Lowering not applicable.

----------------------------------------------------------------------------------------------------
NOT_APPLICABLE: GemmConfiguration(datatype='bf16', out_dtype='bf16', g=2, m=375, k=140, n=397, trans_a=True, trans_b=False, perfconfig='gemm:v1:256,256,64,2,1,16,32,1,3,8,0', scaled_gemm=False, scale_a_dtype=None, scale_b_dtype=None, trans_scale_a=False, trans_scale_b=False, arch='gfx1100', chip='gfx1100', num_cu=70, num_chiplets=1)
Lowering rejected config as not applicable
Command line = -operation gemm -t f32 -out_datatype f32 --arch gfx1100 --num_cu 70 --num_chiplets 1 -g 2 -m 16 -k 275 -n 47 -transA=True -transB=False --perf_config=gemm:v1:128,64,128,2,1,2,32,2,3,4,8 -pv
Errors = loc("<stdin>":12:1): error: ttg.shared (196608) exceeds LDS limit (65536) for amdgcn-amd-amdhsa:gfx1100
Lowering not applicable.

----------------------------------------------------------------------------------------------------
NOT_APPLICABLE: GemmConfiguration(datatype='f32', out_dtype='f32', g=2, m=16, k=275, n=47, trans_a=True, trans_b=False, perfconfig='gemm:v1:128,64,128,2,1,2,32,2,3,4,8', scaled_gemm=False, scale_a_dtype=None, scale_b_dtype=None, trans_scale_a=False, trans_scale_b=False, arch='gfx1100', chip='gfx1100', num_cu=70, num_chiplets=1)
----------------------------------------------------------------------------------------------------
PASS: GemmConfiguration(datatype='fp8', out_dtype='f32', g=2, m=213, k=175, n=442, trans_a=True, trans_b=True, perfconfig='gemm:v1:64,64,128,2,1,1,0,2,3,0,1', scaled_gemm=False, scale_a_dtype=None, scale_b_dtype=None, trans_scale_a=False, trans_scale_b=False, arch='gfx1100', chip='gfx1100', num_cu=70, num_chiplets=1)
Lowering rejected config as not applicable
Command line = -operation gemm -t i8 -out_datatype i32 --arch gfx1100 --num_cu 70 --num_chiplets 1 -g 1 -m 243 -k 475 -n 14 -transA=True -transB=True --perf_config=gemm:v1:16,32,16,1,1,16,32,3,3,8,1 -pv
Errors = loc("<stdin>":18:10): error: Fusion with SplitK perfConfig is not legal
Lowering not applicable.

----------------------------------------------------------------------------------------------------
NOT_APPLICABLE: GemmConfiguration(datatype='i8', out_dtype='i32', g=1, m=243, k=475, n=14, trans_a=True, trans_b=True, perfconfig='gemm:v1:16,32,16,1,1,16,32,3,3,8,1', scaled_gemm=False, scale_a_dtype=None, scale_b_dtype=None, trans_scale_a=False, trans_scale_b=False, arch='gfx1100', chip='gfx1100', num_cu=70, num_chiplets=1)
Lowering rejected config as not applicable
Command line = -operation gemm -t bf16 -out_datatype bf16 --arch gfx1100 --num_cu 70 --num_chiplets 1 -g 1 -m 92 -k 39 -n 8 -transA=True -transB=True --perf_config=gemm:v1:256,256,128,1,1,2,16,3,3,0,8 -pv -RMS_threshold 1e-2
Errors = loc("<stdin>":18:10): error: Fusion with SplitK perfConfig is not legal
Lowering not applicable.

----------------------------------------------------------------------------------------------------
NOT_APPLICABLE: GemmConfiguration(datatype='bf16', out_dtype='bf16', g=1, m=92, k=39, n=8, trans_a=True, trans_b=True, perfconfig='gemm:v1:256,256,128,1,1,2,16,3,3,0,8', scaled_gemm=False, scale_a_dtype=None, scale_b_dtype=None, trans_scale_a=False, trans_scale_b=False, arch='gfx1100', chip='gfx1100', num_cu=70, num_chiplets=1)
Lowering rejected config as not applicable
Command line = -operation gemm -t bf16 -out_datatype bf16 --arch gfx1100 --num_cu 70 --num_chiplets 1 -g 1 -m 314 -k 503 -n 106 -transA=True -transB=False --perf_config=gemm:v1:128,64,128,1,1,8,0,1,3,0,8 -pv -RMS_threshold 1e-2
Errors = loc("<stdin>":13:1): error: ttg.shared (98304) exceeds LDS limit (65536) for amdgcn-amd-amdhsa:gfx1100
Lowering not applicable.

----------------------------------------------------------------------------------------------------
NOT_APPLICABLE: GemmConfiguration(datatype='bf16', out_dtype='bf16', g=1, m=314, k=503, n=106, trans_a=True, trans_b=False, perfconfig='gemm:v1:128,64,128,1,1,8,0,1,3,0,8', scaled_gemm=False, scale_a_dtype=None, scale_b_dtype=None, trans_scale_a=False, trans_scale_b=False, arch='gfx1100', chip='gfx1100', num_cu=70, num_chiplets=1)
----------------------------------------------------------------------------------------------------
PASS: GemmConfiguration(datatype='f32', out_dtype='f32', g=2, m=243, k=257, n=188, trans_a=True, trans_b=True, perfconfig='gemm:v1:128,64,32,2,1,16,16,4,2,8,8', scaled_gemm=False, scale_a_dtype=None, scale_b_dtype=None, trans_scale_a=False, trans_scale_b=False, arch='gfx1100', chip='gfx1100', num_cu=70, num_chiplets=1)
----------------------------------------------------------------------------------------------------
PASS: GemmConfiguration(datatype='f32', out_dtype='f32', g=2, m=85, k=225, n=75, trans_a=True, trans_b=False, perfconfig='gemm:v1:32,64,128,1,1,16,32,1,2,4,1', scaled_gemm=False, scale_a_dtype=None, scale_b_dtype=None, trans_scale_a=False, trans_scale_b=False, arch='gfx1100', chip='gfx1100', num_cu=70, num_chiplets=1)
----------------------------------------------------------------------------------------------------
PASS: GemmConfiguration(datatype='fp8', out_dtype='f32', g=1, m=235, k=1, n=40, trans_a=True, trans_b=False, perfconfig='gemm:v1:128,16,16,1,1,1,0,1,1,4,8', scaled_gemm=False, scale_a_dtype=None, scale_b_dtype=None, trans_scale_a=False, trans_scale_b=False, arch='gfx1100', chip='gfx1100', num_cu=70, num_chiplets=1)
----------------------------------------------------------------------------------------------------
PASS: GemmConfiguration(datatype='fp8', out_dtype='f32', g=1, m=132, k=263, n=204, trans_a=False, trans_b=False, perfconfig='gemm:v1:64,128,16,1,1,2,32,3,2,4,8', scaled_gemm=False, scale_a_dtype=None, scale_b_dtype=None, trans_scale_a=False, trans_scale_b=False, arch='gfx1100', chip='gfx1100', num_cu=70, num_chiplets=1)
----------------------------------------------------------------------------------------------------
PASS: GemmConfiguration(datatype='f32', out_dtype='f32', g=1, m=305, k=424, n=107, trans_a=False, trans_b=True, perfconfig='gemm:v1:64,64,16,2,1,1,0,4,3,0,4', scaled_gemm=False, scale_a_dtype=None, scale_b_dtype=None, trans_scale_a=False, trans_scale_b=False, arch='gfx1100', chip='gfx1100', num_cu=70, num_chiplets=1)
Lowering rejected config as not applicable
Command line = -operation gemm -t f16 -out_datatype f16 --arch gfx1100 --num_cu 70 --num_chiplets 1 -g 1 -m 377 -k 443 -n 37 -transA=False -transB=True --perf_config=gemm:v1:16,64,32,2,1,16,16,2,3,8,2 -pv
Errors = loc("<stdin>":17:10): error: Fusion with SplitK perfConfig is not legal
Lowering not applicable.

----------------------------------------------------------------------------------------------------
NOT_APPLICABLE: GemmConfiguration(datatype='f16', out_dtype='f16', g=1, m=377, k=443, n=37, trans_a=False, trans_b=True, perfconfig='gemm:v1:16,64,32,2,1,16,16,2,3,8,2', scaled_gemm=False, scale_a_dtype=None, scale_b_dtype=None, trans_scale_a=False, trans_scale_b=False, arch='gfx1100', chip='gfx1100', num_cu=70, num_chiplets=1)
Lowering rejected config as not applicable
Command line = -operation gemm -t f16 -out_datatype f16 --arch gfx1100 --num_cu 70 --num_chiplets 1 -g 2 -m 122 -k 191 -n 320 -transA=True -transB=True --perf_config=gemm:v1:256,16,64,1,1,2,32,1,3,2,2 -pv
Errors = loc("<stdin>":13:1): error: ttg.shared (69632) exceeds LDS limit (65536) for amdgcn-amd-amdhsa:gfx1100
Lowering not applicable.

----------------------------------------------------------------------------------------------------
NOT_APPLICABLE: GemmConfiguration(datatype='f16', out_dtype='f16', g=2, m=122, k=191, n=320, trans_a=True, trans_b=True, perfconfig='gemm:v1:256,16,64,1,1,2,32,1,3,2,2', scaled_gemm=False, scale_a_dtype=None, scale_b_dtype=None, trans_scale_a=False, trans_scale_b=False, arch='gfx1100', chip='gfx1100', num_cu=70, num_chiplets=1)
----------------------------------------------------------------------------------------------------
PASS: GemmConfiguration(datatype='f32', out_dtype='f32', g=1, m=49, k=452, n=30, trans_a=False, trans_b=True, perfconfig='gemm:v1:32,32,32,1,1,1,16,1,1,8,2', scaled_gemm=False, scale_a_dtype=None, scale_b_dtype=None, trans_scale_a=False, trans_scale_b=False, arch='gfx1100', chip='gfx1100', num_cu=70, num_chiplets=1)
----------------------------------------------------------------------------------------------------
PASS: GemmConfiguration(datatype='f16', out_dtype='f16', g=1, m=378, k=296, n=466, trans_a=False, trans_b=False, perfconfig='gemm:v1:64,256,64,1,1,4,32,1,2,4,0', scaled_gemm=False, scale_a_dtype=None, scale_b_dtype=None, trans_scale_a=False, trans_scale_b=False, arch='gfx1100', chip='gfx1100', num_cu=70, num_chiplets=1)
----------------------------------------------------------------------------------------------------
PASS: GemmConfiguration(datatype='fp8', out_dtype='f32', g=2, m=118, k=375, n=130, trans_a=False, trans_b=True, perfconfig='gemm:v1:16,64,32,2,1,4,32,1,3,4,1', scaled_gemm=False, scale_a_dtype=None, scale_b_dtype=None, trans_scale_a=False, trans_scale_b=False, arch='gfx1100', chip='gfx1100', num_cu=70, num_chiplets=1)
----------------------------------------------------------------------------------------------------
PASS: GemmConfiguration(datatype='fp8', out_dtype='f32', g=2, m=109, k=395, n=194, trans_a=False, trans_b=True, perfconfig='gemm:v1:256,64,128,2,1,16,0,4,3,1,8', scaled_gemm=False, scale_a_dtype=None, scale_b_dtype=None, trans_scale_a=False, trans_scale_b=False, arch='gfx1100', chip='gfx1100', num_cu=70, num_chiplets=1)
----------------------------------------------------------------------------------------------------
PASS: GemmConfiguration(datatype='fp8', out_dtype='f32', g=1, m=312, k=124, n=200, trans_a=True, trans_b=False, perfconfig='gemm:v1:32,256,16,2,1,1,16,4,2,0,8', scaled_gemm=False, scale_a_dtype=None, scale_b_dtype=None, trans_scale_a=False, trans_scale_b=False, arch='gfx1100', chip='gfx1100', num_cu=70, num_chiplets=1)
----------------------------------------------------------------------------------------------------
PASS: GemmConfiguration(datatype='fp8', out_dtype='f32', g=1, m=57, k=381, n=162, trans_a=True, trans_b=False, perfconfig='gemm:v1:256,128,16,2,1,1,0,3,1,2,4', scaled_gemm=False, scale_a_dtype=None, scale_b_dtype=None, trans_scale_a=False, trans_scale_b=False, arch='gfx1100', chip='gfx1100', num_cu=70, num_chiplets=1)
Lowering rejected config as not applicable
Command line = -operation gemm -t bf16 -out_datatype bf16 --arch gfx1100 --num_cu 70 --num_chiplets 1 -g 2 -m 313 -k 105 -n 339 -transA=False -transB=True --perf_config=gemm:v1:32,64,16,1,1,1,16,4,1,0,2 -pv -RMS_threshold 1e-2
Errors = loc("<stdin>":18:10): error: Fusion with SplitK perfConfig is not legal
Lowering not applicable.

----------------------------------------------------------------------------------------------------
NOT_APPLICABLE: GemmConfiguration(datatype='bf16', out_dtype='bf16', g=2, m=313, k=105, n=339, trans_a=False, trans_b=True, perfconfig='gemm:v1:32,64,16,1,1,1,16,4,1,0,2', scaled_gemm=False, scale_a_dtype=None, scale_b_dtype=None, trans_scale_a=False, trans_scale_b=False, arch='gfx1100', chip='gfx1100', num_cu=70, num_chiplets=1)
Lowering rejected config as not applicable
Command line = -operation gemm -t f32 -out_datatype f32 --arch gfx1100 --num_cu 70 --num_chiplets 1 -g 1 -m 273 -k 389 -n 21 -transA=True -transB=True --perf_config=gemm:v1:256,32,128,1,1,16,0,2,1,0,4 -pv
Errors = loc("<stdin>":12:1): error: ttg.shared (131072) exceeds LDS limit (65536) for amdgcn-amd-amdhsa:gfx1100
Lowering not applicable.

----------------------------------------------------------------------------------------------------
NOT_APPLICABLE: GemmConfiguration(datatype='f32', out_dtype='f32', g=1, m=273, k=389, n=21, trans_a=True, trans_b=True, perfconfig='gemm:v1:256,32,128,1,1,16,0,2,1,0,4', scaled_gemm=False, scale_a_dtype=None, scale_b_dtype=None, trans_scale_a=False, trans_scale_b=False, arch='gfx1100', chip='gfx1100', num_cu=70, num_chiplets=1)
----------------------------------------------------------------------------------------------------
PASS: GemmConfiguration(datatype='i8', out_dtype='i32', g=2, m=504, k=6, n=434, trans_a=True, trans_b=False, perfconfig='gemm:v1:128,32,16,1,1,1,32,1,3,4,4', scaled_gemm=False, scale_a_dtype=None, scale_b_dtype=None, trans_scale_a=False, trans_scale_b=False, arch='gfx1100', chip='gfx1100', num_cu=70, num_chiplets=1)
----------------------------------------------------------------------------------------------------
PASS: GemmConfiguration(datatype='f16', out_dtype='f16', g=2, m=501, k=496, n=443, trans_a=False, trans_b=True, perfconfig='gemm:v1:32,32,128,1,1,1,32,1,3,4,4', scaled_gemm=False, scale_a_dtype=None, scale_b_dtype=None, trans_scale_a=False, trans_scale_b=False, arch='gfx1100', chip='gfx1100', num_cu=70, num_chiplets=1)
----------------------------------------------------------------------------------------------------
PASS: GemmConfiguration(datatype='f32', out_dtype='f32', g=2, m=150, k=114, n=512, trans_a=False, trans_b=False, perfconfig='gemm:v1:128,32,32,2,1,16,0,3,2,2,8', scaled_gemm=False, scale_a_dtype=None, scale_b_dtype=None, trans_scale_a=False, trans_scale_b=False, arch='gfx1100', chip='gfx1100', num_cu=70, num_chiplets=1)
----------------------------------------------------------------------------------------------------
PASS: GemmConfiguration(datatype='fp8', out_dtype='f32', g=2, m=183, k=238, n=191, trans_a=True, trans_b=False, perfconfig='gemm:v1:256,16,16,1,1,2,16,3,3,8,4', scaled_gemm=False, scale_a_dtype=None, scale_b_dtype=None, trans_scale_a=False, trans_scale_b=False, arch='gfx1100', chip='gfx1100', num_cu=70, num_chiplets=1)
----------------------------------------------------------------------------------------------------
PASS: GemmConfiguration(datatype='fp8', out_dtype='f32', g=2, m=197, k=122, n=207, trans_a=True, trans_b=False, perfconfig='gemm:v1:32,64,128,1,1,16,0,3,3,0,0', scaled_gemm=False, scale_a_dtype=None, scale_b_dtype=None, trans_scale_a=False, trans_scale_b=False, arch='gfx1100', chip='gfx1100', num_cu=70, num_chiplets=1)
----------------------------------------------------------------------------------------------------
PASS: GemmConfiguration(datatype='f32', out_dtype='f32', g=2, m=475, k=371, n=151, trans_a=True, trans_b=False, perfconfig='gemm:v1:128,128,32,2,1,1,32,1,2,8,8', scaled_gemm=False, scale_a_dtype=None, scale_b_dtype=None, trans_scale_a=False, trans_scale_b=False, arch='gfx1100', chip='gfx1100', num_cu=70, num_chiplets=1)
Lowering rejected config as not applicable
Command line = -operation gemm -t f16 -out_datatype f16 --arch gfx1100 --num_cu 70 --num_chiplets 1 -g 1 -m 479 -k 61 -n 372 -transA=True -transB=True --perf_config=gemm:v1:16,256,32,2,1,1,16,4,1,4,0 -pv
Errors = loc("<stdin>":18:10): error: Fusion with SplitK perfConfig is not legal
Lowering not applicable.

----------------------------------------------------------------------------------------------------
NOT_APPLICABLE: GemmConfiguration(datatype='f16', out_dtype='f16', g=1, m=479, k=61, n=372, trans_a=True, trans_b=True, perfconfig='gemm:v1:16,256,32,2,1,1,16,4,1,4,0', scaled_gemm=False, scale_a_dtype=None, scale_b_dtype=None, trans_scale_a=False, trans_scale_b=False, arch='gfx1100', chip='gfx1100', num_cu=70, num_chiplets=1)
Lowering rejected config as not applicable
Command line = -operation gemm -t f16 -out_datatype f16 --arch gfx1100 --num_cu 70 --num_chiplets 1 -g 1 -m 497 -k 158 -n 308 -transA=False -transB=False --perf_config=gemm:v1:64,128,128,1,1,1,32,4,1,0,2 -pv
Errors = loc("<stdin>":18:10): error: Fusion with SplitK perfConfig is not legal
Lowering not applicable.

----------------------------------------------------------------------------------------------------
NOT_APPLICABLE: GemmConfiguration(datatype='f16', out_dtype='f16', g=1, m=497, k=158, n=308, trans_a=False, trans_b=False, perfconfig='gemm:v1:64,128,128,1,1,1,32,4,1,0,2', scaled_gemm=False, scale_a_dtype=None, scale_b_dtype=None, trans_scale_a=False, trans_scale_b=False, arch='gfx1100', chip='gfx1100', num_cu=70, num_chiplets=1)
Lowering rejected config as not applicable
Command line = -operation gemm -t bf16 -out_datatype bf16 --arch gfx1100 --num_cu 70 --num_chiplets 1 -g 1 -m 383 -k 399 -n 145 -transA=False -transB=False --perf_config=gemm:v1:256,256,32,1,1,16,32,4,1,2,8 -pv -RMS_threshold 1e-2
Errors = loc("<stdin>":18:10): error: Fusion with SplitK perfConfig is not legal
Lowering not applicable.

----------------------------------------------------------------------------------------------------
NOT_APPLICABLE: GemmConfiguration(datatype='bf16', out_dtype='bf16', g=1, m=383, k=399, n=145, trans_a=False, trans_b=False, perfconfig='gemm:v1:256,256,32,1,1,16,32,4,1,2,8', scaled_gemm=False, scale_a_dtype=None, scale_b_dtype=None, trans_scale_a=False, trans_scale_b=False, arch='gfx1100', chip='gfx1100', num_cu=70, num_chiplets=1)
----------------------------------------------------------------------------------------------------
PASS: GemmConfiguration(datatype='f32', out_dtype='f32', g=1, m=215, k=136, n=118, trans_a=False, trans_b=False, perfconfig='gemm:v1:16,256,16,1,1,8,32,2,3,2,4', scaled_gemm=False, scale_a_dtype=None, scale_b_dtype=None, trans_scale_a=False, trans_scale_b=False, arch='gfx1100', chip='gfx1100', num_cu=70, num_chiplets=1)
----------------------------------------------------------------------------------------------------
PASS: GemmConfiguration(datatype='f32', out_dtype='f32', g=2, m=171, k=13, n=394, trans_a=False, trans_b=True, perfconfig='gemm:v1:128,32,64,2,1,8,16,4,3,0,4', scaled_gemm=False, scale_a_dtype=None, scale_b_dtype=None, trans_scale_a=False, trans_scale_b=False, arch='gfx1100', chip='gfx1100', num_cu=70, num_chiplets=1)
----------------------------------------------------------------------------------------------------
PASS: GemmConfiguration(datatype='fp8', out_dtype='f32', g=1, m=461, k=312, n=240, trans_a=False, trans_b=True, perfconfig='gemm:v1:64,32,128,1,1,4,16,4,2,1,8', scaled_gemm=False, scale_a_dtype=None, scale_b_dtype=None, trans_scale_a=False, trans_scale_b=False, arch='gfx1100', chip='gfx1100', num_cu=70, num_chiplets=1)
----------------------------------------------------------------------------------------------------
PASS: GemmConfiguration(datatype='fp8', out_dtype='f32', g=1, m=432, k=140, n=205, trans_a=False, trans_b=True, perfconfig='gemm:v1:32,64,64,2,1,4,0,2,2,0,8', scaled_gemm=False, scale_a_dtype=None, scale_b_dtype=None, trans_scale_a=False, trans_scale_b=False, arch='gfx1100', chip='gfx1100', num_cu=70, num_chiplets=1)
----------------------------------------------------------------------------------------------------
PASS: GemmConfiguration(datatype='f32', out_dtype='f32', g=1, m=86, k=290, n=21, trans_a=True, trans_b=True, perfconfig='gemm:v1:64,256,16,1,1,1,0,2,2,4,2', scaled_gemm=False, scale_a_dtype=None, scale_b_dtype=None, trans_scale_a=False, trans_scale_b=False, arch='gfx1100', chip='gfx1100', num_cu=70, num_chiplets=1)
Lowering rejected config as not applicable
Command line = -operation gemm -t bf16 -out_datatype bf16 --arch gfx1100 --num_cu 70 --num_chiplets 1 -g 1 -m 457 -k 39 -n 417 -transA=False -transB=True --perf_config=gemm:v1:64,128,16,2,1,1,16,4,2,1,4 -pv -RMS_threshold 1e-2
Errors = loc("<stdin>":17:10): error: Fusion with SplitK perfConfig is not legal
Lowering not applicable.

----------------------------------------------------------------------------------------------------
NOT_APPLICABLE: GemmConfiguration(datatype='bf16', out_dtype='bf16', g=1, m=457, k=39, n=417, trans_a=False, trans_b=True, perfconfig='gemm:v1:64,128,16,2,1,1,16,4,2,1,4', scaled_gemm=False, scale_a_dtype=None, scale_b_dtype=None, trans_scale_a=False, trans_scale_b=False, arch='gfx1100', chip='gfx1100', num_cu=70, num_chiplets=1)
Lowering rejected config as not applicable
Command line = -operation gemm -t f32 -out_datatype f32 --arch gfx1100 --num_cu 70 --num_chiplets 1 -g 1 -m 97 -k 339 -n 28 -transA=False -transB=False --perf_config=gemm:v1:32,256,64,2,1,4,32,3,3,8,0 -pv
Errors = loc("<stdin>":12:1): error: ttg.shared (147456) exceeds LDS limit (65536) for amdgcn-amd-amdhsa:gfx1100
Lowering not applicable.

----------------------------------------------------------------------------------------------------
NOT_APPLICABLE: GemmConfiguration(datatype='f32', out_dtype='f32', g=1, m=97, k=339, n=28, trans_a=False, trans_b=False, perfconfig='gemm:v1:32,256,64,2,1,4,32,3,3,8,0', scaled_gemm=False, scale_a_dtype=None, scale_b_dtype=None, trans_scale_a=False, trans_scale_b=False, arch='gfx1100', chip='gfx1100', num_cu=70, num_chiplets=1)
----------------------------------------------------------------------------------------------------
PASS: GemmConfiguration(datatype='f16', out_dtype='f16', g=1, m=202, k=109, n=502, trans_a=False, trans_b=True, perfconfig='gemm:v1:64,16,16,1,1,2,32,1,1,8,2', scaled_gemm=False, scale_a_dtype=None, scale_b_dtype=None, trans_scale_a=False, trans_scale_b=False, arch='gfx1100', chip='gfx1100', num_cu=70, num_chiplets=1)
----------------------------------------------------------------------------------------------------
PASS: GemmConfiguration(datatype='f32', out_dtype='f32', g=1, m=372, k=378, n=64, trans_a=True, trans_b=False, perfconfig='gemm:v1:16,16,128,2,1,4,32,4,3,0,0', scaled_gemm=False, scale_a_dtype=None, scale_b_dtype=None, trans_scale_a=False, trans_scale_b=False, arch='gfx1100', chip='gfx1100', num_cu=70, num_chiplets=1)
----------------------------------------------------------------------------------------------------
PASS: GemmConfiguration(datatype='fp8', out_dtype='f32', g=2, m=389, k=511, n=294, trans_a=True, trans_b=False, perfconfig='gemm:v1:32,32,16,1,1,8,0,1,1,0,2', scaled_gemm=False, scale_a_dtype=None, scale_b_dtype=None, trans_scale_a=False, trans_scale_b=False, arch='gfx1100', chip='gfx1100', num_cu=70, num_chiplets=1)
----------------------------------------------------------------------------------------------------
PASS: GemmConfiguration(datatype='f32', out_dtype='f32', g=1, m=388, k=295, n=402, trans_a=False, trans_b=False, perfconfig='gemm:v1:32,256,32,2,1,2,32,2,1,8,8', scaled_gemm=False, scale_a_dtype=None, scale_b_dtype=None, trans_scale_a=False, trans_scale_b=False, arch='gfx1100', chip='gfx1100', num_cu=70, num_chiplets=1)
----------------------------------------------------------------------------------------------------
PASS: GemmConfiguration(datatype='fp8', out_dtype='f32', g=1, m=508, k=231, n=339, trans_a=True, trans_b=True, perfconfig='gemm:v1:16,128,64,2,1,2,32,2,3,4,8', scaled_gemm=False, scale_a_dtype=None, scale_b_dtype=None, trans_scale_a=False, trans_scale_b=False, arch='gfx1100', chip='gfx1100', num_cu=70, num_chiplets=1)
----------------------------------------------------------------------------------------------------
PASS: GemmConfiguration(datatype='fp8', out_dtype='f32', g=1, m=13, k=219, n=94, trans_a=True, trans_b=True, perfconfig='gemm:v1:16,256,32,2,1,1,0,1,2,2,4', scaled_gemm=False, scale_a_dtype=None, scale_b_dtype=None, trans_scale_a=False, trans_scale_b=False, arch='gfx1100', chip='gfx1100', num_cu=70, num_chiplets=1)
Lowering rejected config as not applicable
Command line = -operation gemm -t f16 -out_datatype f16 --arch gfx1100 --num_cu 70 --num_chiplets 1 -g 2 -m 244 -k 167 -n 348 -transA=False -transB=False --perf_config=gemm:v1:64,128,128,2,1,1,0,4,2,4,4 -pv
Errors = loc("<stdin>":18:10): error: Fusion with SplitK perfConfig is not legal
Lowering not applicable.

----------------------------------------------------------------------------------------------------
NOT_APPLICABLE: GemmConfiguration(datatype='f16', out_dtype='f16', g=2, m=244, k=167, n=348, trans_a=False, trans_b=False, perfconfig='gemm:v1:64,128,128,2,1,1,0,4,2,4,4', scaled_gemm=False, scale_a_dtype=None, scale_b_dtype=None, trans_scale_a=False, trans_scale_b=False, arch='gfx1100', chip='gfx1100', num_cu=70, num_chiplets=1)
Lowering rejected config as not applicable
Command line = -operation gemm -t bf16 -out_datatype bf16 --arch gfx1100 --num_cu 70 --num_chiplets 1 -g 1 -m 426 -k 195 -n 17 -transA=True -transB=False --perf_config=gemm:v1:32,32,32,2,1,8,16,4,2,2,8 -pv -RMS_threshold 1e-2
Errors = loc("<stdin>":18:10): error: Fusion with SplitK perfConfig is not legal
Lowering not applicable.

----------------------------------------------------------------------------------------------------
NOT_APPLICABLE: GemmConfiguration(datatype='bf16', out_dtype='bf16', g=1, m=426, k=195, n=17, trans_a=True, trans_b=False, perfconfig='gemm:v1:32,32,32,2,1,8,16,4,2,2,8', scaled_gemm=False, scale_a_dtype=None, scale_b_dtype=None, trans_scale_a=False, trans_scale_b=False, arch='gfx1100', chip='gfx1100', num_cu=70, num_chiplets=1)
Lowering rejected config as not applicable
Command line = -operation gemm -t i8 -out_datatype i32 --arch gfx1100 --num_cu 70 --num_chiplets 1 -g 2 -m 437 -k 478 -n 195 -transA=True -transB=False --perf_config=gemm:v1:256,16,16,2,1,8,0,4,2,0,1 -pv
Errors = loc("<stdin>":18:10): error: Fusion with SplitK perfConfig is not legal
Lowering not applicable.

----------------------------------------------------------------------------------------------------
NOT_APPLICABLE: GemmConfiguration(datatype='i8', out_dtype='i32', g=2, m=437, k=478, n=195, trans_a=True, trans_b=False, perfconfig='gemm:v1:256,16,16,2,1,8,0,4,2,0,1', scaled_gemm=False, scale_a_dtype=None, scale_b_dtype=None, trans_scale_a=False, trans_scale_b=False, arch='gfx1100', chip='gfx1100', num_cu=70, num_chiplets=1)
Lowering rejected config as not applicable
Command line = -operation gemm -t bf16 -out_datatype bf16 --arch gfx1100 --num_cu 70 --num_chiplets 1 -g 1 -m 453 -k 241 -n 232 -transA=False -transB=True --perf_config=gemm:v1:32,32,16,1,1,16,16,3,2,4,2 -pv -RMS_threshold 1e-2
Errors = loc("<stdin>":17:10): error: Fusion with SplitK perfConfig is not legal
Lowering not applicable.

----------------------------------------------------------------------------------------------------
NOT_APPLICABLE: GemmConfiguration(datatype='bf16', out_dtype='bf16', g=1, m=453, k=241, n=232, trans_a=False, trans_b=True, perfconfig='gemm:v1:32,32,16,1,1,16,16,3,2,4,2', scaled_gemm=False, scale_a_dtype=None, scale_b_dtype=None, trans_scale_a=False, trans_scale_b=False, arch='gfx1100', chip='gfx1100', num_cu=70, num_chiplets=1)
----------------------------------------------------------------------------------------------------
PASS: GemmConfiguration(datatype='i8', out_dtype='i32', g=2, m=502, k=256, n=21, trans_a=False, trans_b=True, perfconfig='gemm:v1:16,32,32,2,1,4,16,1,3,8,1', scaled_gemm=False, scale_a_dtype=None, scale_b_dtype=None, trans_scale_a=False, trans_scale_b=False, arch='gfx1100', chip='gfx1100', num_cu=70, num_chiplets=1)
----------------------------------------------------------------------------------------------------
PASS: GemmConfiguration(datatype='fp8', out_dtype='f32', g=1, m=198, k=348, n=282, trans_a=True, trans_b=True, perfconfig='gemm:v1:32,32,32,2,1,2,16,1,1,0,4', scaled_gemm=False, scale_a_dtype=None, scale_b_dtype=None, trans_scale_a=False, trans_scale_b=False, arch='gfx1100', chip='gfx1100', num_cu=70, num_chiplets=1)
----------------------------------------------------------------------------------------------------
PASS: GemmConfiguration(datatype='fp8', out_dtype='f32', g=1, m=284, k=333, n=197, trans_a=True, trans_b=False, perfconfig='gemm:v1:16,256,16,1,1,4,0,2,3,1,0', scaled_gemm=False, scale_a_dtype=None, scale_b_dtype=None, trans_scale_a=False, trans_scale_b=False, arch='gfx1100', chip='gfx1100', num_cu=70, num_chiplets=1)
----------------------------------------------------------------------------------------------------
PASS: GemmConfiguration(datatype='fp8', out_dtype='f32', g=1, m=121, k=107, n=417, trans_a=False, trans_b=False, perfconfig='gemm:v1:128,128,128,1,1,1,32,3,3,8,8', scaled_gemm=False, scale_a_dtype=None, scale_b_dtype=None, trans_scale_a=False, trans_scale_b=False, arch='gfx1100', chip='gfx1100', num_cu=70, num_chiplets=1)
Lowering rejected config as not applicable
Command line = -operation gemm -t i8 -out_datatype i32 --arch gfx1100 --num_cu 70 --num_chiplets 1 -g 1 -m 179 -k 310 -n 412 -transA=True -transB=False --perf_config=gemm:v1:64,128,16,1,1,16,0,4,1,4,2 -pv
Errors = loc("<stdin>":18:10): error: Fusion with SplitK perfConfig is not legal
Lowering not applicable.

----------------------------------------------------------------------------------------------------
NOT_APPLICABLE: GemmConfiguration(datatype='i8', out_dtype='i32', g=1, m=179, k=310, n=412, trans_a=True, trans_b=False, perfconfig='gemm:v1:64,128,16,1,1,16,0,4,1,4,2', scaled_gemm=False, scale_a_dtype=None, scale_b_dtype=None, trans_scale_a=False, trans_scale_b=False, arch='gfx1100', chip='gfx1100', num_cu=70, num_chiplets=1)
Lowering rejected config as not applicable
Command line = -operation gemm -t bf16 -out_datatype bf16 --arch gfx1100 --num_cu 70 --num_chiplets 1 -g 2 -m 401 -k 421 -n 444 -transA=False -transB=False --perf_config=gemm:v1:128,128,128,2,1,16,32,3,2,8,8 -pv -RMS_threshold 1e-2
Errors = loc("<stdin>":18:10): error: Fusion with SplitK perfConfig is not legal
Lowering not applicable.

----------------------------------------------------------------------------------------------------
NOT_APPLICABLE: GemmConfiguration(datatype='bf16', out_dtype='bf16', g=2, m=401, k=421, n=444, trans_a=False, trans_b=False, perfconfig='gemm:v1:128,128,128,2,1,16,32,3,2,8,8', scaled_gemm=False, scale_a_dtype=None, scale_b_dtype=None, trans_scale_a=False, trans_scale_b=False, arch='gfx1100', chip='gfx1100', num_cu=70, num_chiplets=1)
Lowering rejected config as not applicable
Command line = -operation gemm -t bf16 -out_datatype bf16 --arch gfx1100 --num_cu 70 --num_chiplets 1 -g 2 -m 444 -k 401 -n 324 -transA=True -transB=True --perf_config=gemm:v1:32,16,32,1,1,2,32,4,2,4,8 -pv -RMS_threshold 1e-2
Errors = loc("<stdin>":18:10): error: Fusion with SplitK perfConfig is not legal
Lowering not applicable.

----------------------------------------------------------------------------------------------------
NOT_APPLICABLE: GemmConfiguration(datatype='bf16', out_dtype='bf16', g=2, m=444, k=401, n=324, trans_a=True, trans_b=True, perfconfig='gemm:v1:32,16,32,1,1,2,32,4,2,4,8', scaled_gemm=False, scale_a_dtype=None, scale_b_dtype=None, trans_scale_a=False, trans_scale_b=False, arch='gfx1100', chip='gfx1100', num_cu=70, num_chiplets=1)
Lowering rejected config as not applicable
Command line = -operation gemm -t bf16 -out_datatype bf16 --arch gfx1100 --num_cu 70 --num_chiplets 1 -g 2 -m 249 -k 74 -n 134 -transA=False -transB=False --perf_config=gemm:v1:128,16,128,2,1,8,16,4,2,2,4 -pv -RMS_threshold 1e-2
Errors = loc("<stdin>":18:10): error: Fusion with SplitK perfConfig is not legal
Lowering not applicable.

----------------------------------------------------------------------------------------------------
NOT_APPLICABLE: GemmConfiguration(datatype='bf16', out_dtype='bf16', g=2, m=249, k=74, n=134, trans_a=False, trans_b=False, perfconfig='gemm:v1:128,16,128,2,1,8,16,4,2,2,4', scaled_gemm=False, scale_a_dtype=None, scale_b_dtype=None, trans_scale_a=False, trans_scale_b=False, arch='gfx1100', chip='gfx1100', num_cu=70, num_chiplets=1)
----------------------------------------------------------------------------------------------------
PASS: GemmConfiguration(datatype='f32', out_dtype='f32', g=1, m=106, k=101, n=70, trans_a=True, trans_b=True, perfconfig='gemm:v1:128,16,16,1,1,8,0,3,2,0,0', scaled_gemm=False, scale_a_dtype=None, scale_b_dtype=None, trans_scale_a=False, trans_scale_b=False, arch='gfx1100', chip='gfx1100', num_cu=70, num_chiplets=1)
----------------------------------------------------------------------------------------------------
PASS: GemmConfiguration(datatype='bf16', out_dtype='bf16', g=2, m=210, k=165, n=162, trans_a=False, trans_b=True, perfconfig='gemm:v1:32,32,16,1,1,8,32,1,2,8,4', scaled_gemm=False, scale_a_dtype=None, scale_b_dtype=None, trans_scale_a=False, trans_scale_b=False, arch='gfx1100', chip='gfx1100', num_cu=70, num_chiplets=1)
----------------------------------------------------------------------------------------------------
PASS: GemmConfiguration(datatype='i8', out_dtype='i32', g=1, m=174, k=57, n=68, trans_a=True, trans_b=False, perfconfig='gemm:v1:128,64,16,2,1,1,0,1,2,2,1', scaled_gemm=False, scale_a_dtype=None, scale_b_dtype=None, trans_scale_a=False, trans_scale_b=False, arch='gfx1100', chip='gfx1100', num_cu=70, num_chiplets=1)
----------------------------------------------------------------------------------------------------
PASS: GemmConfiguration(datatype='fp8', out_dtype='f32', g=2, m=393, k=15, n=286, trans_a=False, trans_b=True, perfconfig='gemm:v1:32,256,128,1,1,16,32,3,2,0,4', scaled_gemm=False, scale_a_dtype=None, scale_b_dtype=None, trans_scale_a=False, trans_scale_b=False, arch='gfx1100', chip='gfx1100', num_cu=70, num_chiplets=1)
Lowering rejected config as not applicable
Command line = -operation gemm -t f16 -out_datatype f16 --arch gfx1100 --num_cu 70 --num_chiplets 1 -g 1 -m 412 -k 510 -n 247 -transA=True -transB=True --perf_config=gemm:v1:32,16,128,2,1,4,32,2,1,8,1 -pv
Errors = loc("<stdin>":18:10): error: Fusion with SplitK perfConfig is not legal
Lowering not applicable.

----------------------------------------------------------------------------------------------------
NOT_APPLICABLE: GemmConfiguration(datatype='f16', out_dtype='f16', g=1, m=412, k=510, n=247, trans_a=True, trans_b=True, perfconfig='gemm:v1:32,16,128,2,1,4,32,2,1,8,1', scaled_gemm=False, scale_a_dtype=None, scale_b_dtype=None, trans_scale_a=False, trans_scale_b=False, arch='gfx1100', chip='gfx1100', num_cu=70, num_chiplets=1)
Lowering rejected config as not applicable
Command line = -operation gemm -t i8 -out_datatype i32 --arch gfx1100 --num_cu 70 --num_chiplets 1 -g 1 -m 357 -k 121 -n 468 -transA=True -transB=True --perf_config=gemm:v1:128,16,32,2,1,16,16,3,3,1,0 -pv
Errors = loc("<stdin>":18:10): error: Fusion with SplitK perfConfig is not legal
Lowering not applicable.

----------------------------------------------------------------------------------------------------
NOT_APPLICABLE: GemmConfiguration(datatype='i8', out_dtype='i32', g=1, m=357, k=121, n=468, trans_a=True, trans_b=True, perfconfig='gemm:v1:128,16,32,2,1,16,16,3,3,1,0', scaled_gemm=False, scale_a_dtype=None, scale_b_dtype=None, trans_scale_a=False, trans_scale_b=False, arch='gfx1100', chip='gfx1100', num_cu=70, num_chiplets=1)
----------------------------------------------------------------------------------------------------
PASS: GemmConfiguration(datatype='i8', out_dtype='i32', g=1, m=421, k=110, n=223, trans_a=True, trans_b=True, perfconfig='gemm:v1:16,32,16,2,1,1,0,1,1,8,0', scaled_gemm=False, scale_a_dtype=None, scale_b_dtype=None, trans_scale_a=False, trans_scale_b=False, arch='gfx1100', chip='gfx1100', num_cu=70, num_chiplets=1)
----------------------------------------------------------------------------------------------------
PASS: GemmConfiguration(datatype='bf16', out_dtype='bf16', g=1, m=61, k=61, n=214, trans_a=True, trans_b=True, perfconfig='gemm:v1:128,16,64,2,1,16,16,1,2,0,0', scaled_gemm=False, scale_a_dtype=None, scale_b_dtype=None, trans_scale_a=False, trans_scale_b=False, arch='gfx1100', chip='gfx1100', num_cu=70, num_chiplets=1)
----------------------------------------------------------------------------------------------------
PASS: GemmConfiguration(datatype='f32', out_dtype='f32', g=1, m=419, k=440, n=36, trans_a=False, trans_b=True, perfconfig='gemm:v1:64,16,32,2,1,1,0,1,3,1,8', scaled_gemm=False, scale_a_dtype=None, scale_b_dtype=None, trans_scale_a=False, trans_scale_b=False, arch='gfx1100', chip='gfx1100', num_cu=70, num_chiplets=1)
----------------------------------------------------------------------------------------------------
PASS: GemmConfiguration(datatype='f32', out_dtype='f32', g=1, m=112, k=135, n=52, trans_a=False, trans_b=False, perfconfig='gemm:v1:128,16,64,2,1,2,16,4,3,8,0', scaled_gemm=False, scale_a_dtype=None, scale_b_dtype=None, trans_scale_a=False, trans_scale_b=False, arch='gfx1100', chip='gfx1100', num_cu=70, num_chiplets=1)
----------------------------------------------------------------------------------------------------
PASS: GemmConfiguration(datatype='fp8', out_dtype='f32', g=2, m=110, k=252, n=54, trans_a=True, trans_b=True, perfconfig='gemm:v1:32,64,32,2,1,2,16,1,2,1,8', scaled_gemm=False, scale_a_dtype=None, scale_b_dtype=None, trans_scale_a=False, trans_scale_b=False, arch='gfx1100', chip='gfx1100', num_cu=70, num_chiplets=1)
----------------------------------------------------------------------------------------------------
PASS: GemmConfiguration(datatype='fp8', out_dtype='f32', g=1, m=436, k=348, n=371, trans_a=True, trans_b=False, perfconfig='gemm:v1:128,32,128,1,1,1,16,4,2,4,4', scaled_gemm=False, scale_a_dtype=None, scale_b_dtype=None, trans_scale_a=False, trans_scale_b=False, arch='gfx1100', chip='gfx1100', num_cu=70, num_chiplets=1)
Lowering rejected config as not applicable
Command line = -operation gemm -t i8 -out_datatype i32 --arch gfx1100 --num_cu 70 --num_chiplets 1 -g 2 -m 44 -k 66 -n 321 -transA=False -transB=False --perf_config=gemm:v1:256,256,16,2,1,8,0,3,2,8,2 -pv
Errors = loc("<stdin>":18:10): error: Fusion with SplitK perfConfig is not legal
Lowering not applicable.

----------------------------------------------------------------------------------------------------
NOT_APPLICABLE: GemmConfiguration(datatype='i8', out_dtype='i32', g=2, m=44, k=66, n=321, trans_a=False, trans_b=False, perfconfig='gemm:v1:256,256,16,2,1,8,0,3,2,8,2', scaled_gemm=False, scale_a_dtype=None, scale_b_dtype=None, trans_scale_a=False, trans_scale_b=False, arch='gfx1100', chip='gfx1100', num_cu=70, num_chiplets=1)
Lowering rejected config as not applicable
Command line = -operation gemm -t f16 -out_datatype f16 --arch gfx1100 --num_cu 70 --num_chiplets 1 -g 1 -m 490 -k 204 -n 397 -transA=True -transB=True --perf_config=gemm:v1:256,16,128,1,1,4,32,2,1,1,8 -pv
Errors = loc("<stdin>":18:10): error: Fusion with SplitK perfConfig is not legal
Lowering not applicable.

----------------------------------------------------------------------------------------------------
NOT_APPLICABLE: GemmConfiguration(datatype='f16', out_dtype='f16', g=1, m=490, k=204, n=397, trans_a=True, trans_b=True, perfconfig='gemm:v1:256,16,128,1,1,4,32,2,1,1,8', scaled_gemm=False, scale_a_dtype=None, scale_b_dtype=None, trans_scale_a=False, trans_scale_b=False, arch='gfx1100', chip='gfx1100', num_cu=70, num_chiplets=1)
Lowering rejected config as not applicable
Command line = -operation gemm -t f16 -out_datatype f16 --arch gfx1100 --num_cu 70 --num_chiplets 1 -g 1 -m 344 -k 434 -n 17 -transA=True -transB=False --perf_config=gemm:v1:128,16,128,1,1,4,32,3,3,8,1 -pv
Errors = loc("<stdin>":18:10): error: Fusion with SplitK perfConfig is not legal
Lowering not applicable.

----------------------------------------------------------------------------------------------------
NOT_APPLICABLE: GemmConfiguration(datatype='f16', out_dtype='f16', g=1, m=344, k=434, n=17, trans_a=True, trans_b=False, perfconfig='gemm:v1:128,16,128,1,1,4,32,3,3,8,1', scaled_gemm=False, scale_a_dtype=None, scale_b_dtype=None, trans_scale_a=False, trans_scale_b=False, arch='gfx1100', chip='gfx1100', num_cu=70, num_chiplets=1)
Lowering rejected config as not applicable
Command line = -operation gemm -t f16 -out_datatype f16 --arch gfx1100 --num_cu 70 --num_chiplets 1 -g 2 -m 222 -k 94 -n 387 -transA=False -transB=True --perf_config=gemm:v1:128,64,32,1,1,16,32,3,3,8,1 -pv
Errors = loc("<stdin>":18:10): error: Fusion with SplitK perfConfig is not legal
Lowering not applicable.

----------------------------------------------------------------------------------------------------
NOT_APPLICABLE: GemmConfiguration(datatype='f16', out_dtype='f16', g=2, m=222, k=94, n=387, trans_a=False, trans_b=True, perfconfig='gemm:v1:128,64,32,1,1,16,32,3,3,8,1', scaled_gemm=False, scale_a_dtype=None, scale_b_dtype=None, trans_scale_a=False, trans_scale_b=False, arch='gfx1100', chip='gfx1100', num_cu=70, num_chiplets=1)
----------------------------------------------------------------------------------------------------
PASS: GemmConfiguration(datatype='fp8', out_dtype='f32', g=2, m=296, k=265, n=155, trans_a=True, trans_b=False, perfconfig='gemm:v1:16,16,128,2,1,2,16,2,1,8,1', scaled_gemm=False, scale_a_dtype=None, scale_b_dtype=None, trans_scale_a=False, trans_scale_b=False, arch='gfx1100', chip='gfx1100', num_cu=70, num_chiplets=1)
----------------------------------------------------------------------------------------------------
PASS: GemmConfiguration(datatype='fp8', out_dtype='f32', g=2, m=300, k=430, n=143, trans_a=True, trans_b=False, perfconfig='gemm:v1:16,128,32,2,1,16,16,4,1,8,1', scaled_gemm=False, scale_a_dtype=None, scale_b_dtype=None, trans_scale_a=False, trans_scale_b=False, arch='gfx1100', chip='gfx1100', num_cu=70, num_chiplets=1)
----------------------------------------------------------------------------------------------------
PASS: GemmConfiguration(datatype='fp8', out_dtype='f32', g=2, m=196, k=181, n=415, trans_a=True, trans_b=False, perfconfig='gemm:v1:128,128,16,1,1,2,32,1,2,4,4', scaled_gemm=False, scale_a_dtype=None, scale_b_dtype=None, trans_scale_a=False, trans_scale_b=False, arch='gfx1100', chip='gfx1100', num_cu=70, num_chiplets=1)
----------------------------------------------------------------------------------------------------
PASS: GemmConfiguration(datatype='f32', out_dtype='f32', g=2, m=507, k=61, n=511, trans_a=False, trans_b=False, perfconfig='gemm:v1:128,32,128,1,1,2,32,4,3,2,0', scaled_gemm=False, scale_a_dtype=None, scale_b_dtype=None, trans_scale_a=False, trans_scale_b=False, arch='gfx1100', chip='gfx1100', num_cu=70, num_chiplets=1)
Lowering rejected config as not applicable
Command line = -operation gemm -t i8 -out_datatype i32 --arch gfx1100 --num_cu 70 --num_chiplets 1 -g 2 -m 24 -k 54 -n 114 -transA=False -transB=False --perf_config=gemm:v1:64,256,64,2,1,1,0,4,2,0,2 -pv
Errors = loc("<stdin>":18:10): error: Fusion with SplitK perfConfig is not legal
Lowering not applicable.

----------------------------------------------------------------------------------------------------
NOT_APPLICABLE: GemmConfiguration(datatype='i8', out_dtype='i32', g=2, m=24, k=54, n=114, trans_a=False, trans_b=False, perfconfig='gemm:v1:64,256,64,2,1,1,0,4,2,0,2', scaled_gemm=False, scale_a_dtype=None, scale_b_dtype=None, trans_scale_a=False, trans_scale_b=False, arch='gfx1100', chip='gfx1100', num_cu=70, num_chiplets=1)
Lowering rejected config as not applicable
Command line = -operation gemm -t i8 -out_datatype i32 --arch gfx1100 --num_cu 70 --num_chiplets 1 -g 2 -m 412 -k 113 -n 242 -transA=True -transB=False --perf_config=gemm:v1:256,128,32,1,1,16,16,2,3,8,2 -pv
Errors = loc("<stdin>":18:10): error: Fusion with SplitK perfConfig is not legal
Lowering not applicable.

----------------------------------------------------------------------------------------------------
NOT_APPLICABLE: GemmConfiguration(datatype='i8', out_dtype='i32', g=2, m=412, k=113, n=242, trans_a=True, trans_b=False, perfconfig='gemm:v1:256,128,32,1,1,16,16,2,3,8,2', scaled_gemm=False, scale_a_dtype=None, scale_b_dtype=None, trans_scale_a=False, trans_scale_b=False, arch='gfx1100', chip='gfx1100', num_cu=70, num_chiplets=1)
Lowering rejected config as not applicable
Command line = -operation gemm -t f16 -out_datatype f16 --arch gfx1100 --num_cu 70 --num_chiplets 1 -g 1 -m 312 -k 460 -n 72 -transA=False -transB=True --perf_config=gemm:v1:256,16,128,1,1,1,0,4,3,1,2 -pv
Errors = loc("<stdin>":17:10): error: Fusion with SplitK perfConfig is not legal
Lowering not applicable.

----------------------------------------------------------------------------------------------------
NOT_APPLICABLE: GemmConfiguration(datatype='f16', out_dtype='f16', g=1, m=312, k=460, n=72, trans_a=False, trans_b=True, perfconfig='gemm:v1:256,16,128,1,1,1,0,4,3,1,2', scaled_gemm=False, scale_a_dtype=None, scale_b_dtype=None, trans_scale_a=False, trans_scale_b=False, arch='gfx1100', chip='gfx1100', num_cu=70, num_chiplets=1)
Lowering rejected config as not applicable
Command line = -operation gemm -t f16 -out_datatype f16 --arch gfx1100 --num_cu 70 --num_chiplets 1 -g 1 -m 393 -k 167 -n 48 -transA=False -transB=True --perf_config=gemm:v1:32,32,128,1,1,4,0,3,2,0,0 -pv
Errors = loc("<stdin>":17:10): error: Fusion with SplitK perfConfig is not legal
Lowering not applicable.

----------------------------------------------------------------------------------------------------
NOT_APPLICABLE: GemmConfiguration(datatype='f16', out_dtype='f16', g=1, m=393, k=167, n=48, trans_a=False, trans_b=True, perfconfig='gemm:v1:32,32,128,1,1,4,0,3,2,0,0', scaled_gemm=False, scale_a_dtype=None, scale_b_dtype=None, trans_scale_a=False, trans_scale_b=False, arch='gfx1100', chip='gfx1100', num_cu=70, num_chiplets=1)
Lowering rejected config as not applicable
Command line = -operation gemm -t f16 -out_datatype f16 --arch gfx1100 --num_cu 70 --num_chiplets 1 -g 2 -m 358 -k 62 -n 371 -transA=False -transB=False --perf_config=gemm:v1:256,256,16,1,1,16,0,3,3,4,1 -pv
Errors = loc("<stdin>":18:10): error: Fusion with SplitK perfConfig is not legal
Lowering not applicable.

----------------------------------------------------------------------------------------------------
NOT_APPLICABLE: GemmConfiguration(datatype='f16', out_dtype='f16', g=2, m=358, k=62, n=371, trans_a=False, trans_b=False, perfconfig='gemm:v1:256,256,16,1,1,16,0,3,3,4,1', scaled_gemm=False, scale_a_dtype=None, scale_b_dtype=None, trans_scale_a=False, trans_scale_b=False, arch='gfx1100', chip='gfx1100', num_cu=70, num_chiplets=1)
Lowering rejected config as not applicable
Command line = -operation gemm -t f32 -out_datatype f32 --arch gfx1100 --num_cu 70 --num_chiplets 1 -g 1 -m 131 -k 489 -n 23 -transA=True -transB=True --perf_config=gemm:v1:16,256,64,1,1,16,32,2,2,0,2 -pv
Errors = loc("<stdin>":12:1): error: ttg.shared (69632) exceeds LDS limit (65536) for amdgcn-amd-amdhsa:gfx1100
Lowering not applicable.

----------------------------------------------------------------------------------------------------
NOT_APPLICABLE: GemmConfiguration(datatype='f32', out_dtype='f32', g=1, m=131, k=489, n=23, trans_a=True, trans_b=True, perfconfig='gemm:v1:16,256,64,1,1,16,32,2,2,0,2', scaled_gemm=False, scale_a_dtype=None, scale_b_dtype=None, trans_scale_a=False, trans_scale_b=False, arch='gfx1100', chip='gfx1100', num_cu=70, num_chiplets=1)
----------------------------------------------------------------------------------------------------
PASS: GemmConfiguration(datatype='f16', out_dtype='f16', g=1, m=183, k=12, n=99, trans_a=True, trans_b=True, perfconfig='gemm:v1:16,16,16,2,1,4,0,1,2,2,0', scaled_gemm=False, scale_a_dtype=None, scale_b_dtype=None, trans_scale_a=False, trans_scale_b=False, arch='gfx1100', chip='gfx1100', num_cu=70, num_chiplets=1)
----------------------------------------------------------------------------------------------------
PASS: GemmConfiguration(datatype='f32', out_dtype='f32', g=2, m=469, k=429, n=268, trans_a=True, trans_b=False, perfconfig='gemm:v1:32,64,64,1,1,8,0,1,2,0,2', scaled_gemm=False, scale_a_dtype=None, scale_b_dtype=None, trans_scale_a=False, trans_scale_b=False, arch='gfx1100', chip='gfx1100', num_cu=70, num_chiplets=1)
Lowering rejected config as not applicable
Command line = -operation gemm -t f16 -out_datatype f16 --arch gfx1100 --num_cu 70 --num_chiplets 1 -g 2 -m 76 -k 253 -n 75 -transA=False -transB=True --perf_config=gemm:v1:64,256,128,1,1,4,16,2,1,0,8 -pv
Errors = loc("<stdin>":18:10): error: Fusion with SplitK perfConfig is not legal
Lowering not applicable.

----------------------------------------------------------------------------------------------------
NOT_APPLICABLE: GemmConfiguration(datatype='f16', out_dtype='f16', g=2, m=76, k=253, n=75, trans_a=False, trans_b=True, perfconfig='gemm:v1:64,256,128,1,1,4,16,2,1,0,8', scaled_gemm=False, scale_a_dtype=None, scale_b_dtype=None, trans_scale_a=False, trans_scale_b=False, arch='gfx1100', chip='gfx1100', num_cu=70, num_chiplets=1)
----------------------------------------------------------------------------------------------------
PASS: GemmConfiguration(datatype='f32', out_dtype='f32', g=1, m=393, k=145, n=51, trans_a=True, trans_b=False, perfconfig='gemm:v1:16,16,32,2,1,4,32,1,2,1,2', scaled_gemm=False, scale_a_dtype=None, scale_b_dtype=None, trans_scale_a=False, trans_scale_b=False, arch='gfx1100', chip='gfx1100', num_cu=70, num_chiplets=1)
----------------------------------------------------------------------------------------------------
PASS: GemmConfiguration(datatype='f32', out_dtype='f32', g=1, m=480, k=340, n=76, trans_a=True, trans_b=True, perfconfig='gemm:v1:32,256,16,2,1,16,0,3,2,2,2', scaled_gemm=False, scale_a_dtype=None, scale_b_dtype=None, trans_scale_a=False, trans_scale_b=False, arch='gfx1100', chip='gfx1100', num_cu=70, num_chiplets=1)
----------------------------------------------------------------------------------------------------
PASS: GemmConfiguration(datatype='f16', out_dtype='f16', g=2, m=339, k=414, n=237, trans_a=False, trans_b=True, perfconfig='gemm:v1:64,64,32,2,1,16,32,1,2,0,2', scaled_gemm=False, scale_a_dtype=None, scale_b_dtype=None, trans_scale_a=False, trans_scale_b=False, arch='gfx1100', chip='gfx1100', num_cu=70, num_chiplets=1)
----------------------------------------------------------------------------------------------------
PASS: GemmConfiguration(datatype='f32', out_dtype='f32', g=2, m=441, k=302, n=460, trans_a=True, trans_b=False, perfconfig='gemm:v1:32,128,32,2,1,16,16,1,2,2,8', scaled_gemm=False, scale_a_dtype=None, scale_b_dtype=None, trans_scale_a=False, trans_scale_b=False, arch='gfx1100', chip='gfx1100', num_cu=70, num_chiplets=1)
----------------------------------------------------------------------------------------------------
PASS: GemmConfiguration(datatype='f32', out_dtype='f32', g=1, m=140, k=241, n=280, trans_a=True, trans_b=False, perfconfig='gemm:v1:32,64,64,1,1,1,0,4,2,4,4', scaled_gemm=False, scale_a_dtype=None, scale_b_dtype=None, trans_scale_a=False, trans_scale_b=False, arch='gfx1100', chip='gfx1100', num_cu=70, num_chiplets=1)
----------------------------------------------------------------------------------------------------
PASS: GemmConfiguration(datatype='f32', out_dtype='f32', g=2, m=113, k=415, n=371, trans_a=True, trans_b=False, perfconfig='gemm:v1:128,64,16,2,1,2,32,1,1,4,2', scaled_gemm=False, scale_a_dtype=None, scale_b_dtype=None, trans_scale_a=False, trans_scale_b=False, arch='gfx1100', chip='gfx1100', num_cu=70, num_chiplets=1)
----------------------------------------------------------------------------------------------------
PASS: GemmConfiguration(datatype='fp8', out_dtype='f32', g=2, m=102, k=214, n=105, trans_a=True, trans_b=True, perfconfig='gemm:v1:64,64,16,2,1,1,32,4,3,1,1', scaled_gemm=False, scale_a_dtype=None, scale_b_dtype=None, trans_scale_a=False, trans_scale_b=False, arch='gfx1100', chip='gfx1100', num_cu=70, num_chiplets=1)
Lowering rejected config as not applicable
Command line = -operation gemm -t bf16 -out_datatype bf16 --arch gfx1100 --num_cu 70 --num_chiplets 1 -g 1 -m 363 -k 78 -n 85 -transA=True -transB=True --perf_config=gemm:v1:16,128,32,1,1,2,0,3,1,4,8 -pv -RMS_threshold 1e-2
Errors = loc("<stdin>":18:10): error: Fusion with SplitK perfConfig is not legal
Lowering not applicable.

----------------------------------------------------------------------------------------------------
NOT_APPLICABLE: GemmConfiguration(datatype='bf16', out_dtype='bf16', g=1, m=363, k=78, n=85, trans_a=True, trans_b=True, perfconfig='gemm:v1:16,128,32,1,1,2,0,3,1,4,8', scaled_gemm=False, scale_a_dtype=None, scale_b_dtype=None, trans_scale_a=False, trans_scale_b=False, arch='gfx1100', chip='gfx1100', num_cu=70, num_chiplets=1)
Lowering rejected config as not applicable
Command line = -operation gemm -t f16 -out_datatype f16 --arch gfx1100 --num_cu 70 --num_chiplets 1 -g 2 -m 393 -k 462 -n 250 -transA=True -transB=True --perf_config=gemm:v1:128,128,64,2,1,8,32,4,2,0,8 -pv
Errors = loc("<stdin>":18:10): error: Fusion with SplitK perfConfig is not legal
Lowering not applicable.

----------------------------------------------------------------------------------------------------
NOT_APPLICABLE: GemmConfiguration(datatype='f16', out_dtype='f16', g=2, m=393, k=462, n=250, trans_a=True, trans_b=True, perfconfig='gemm:v1:128,128,64,2,1,8,32,4,2,0,8', scaled_gemm=False, scale_a_dtype=None, scale_b_dtype=None, trans_scale_a=False, trans_scale_b=False, arch='gfx1100', chip='gfx1100', num_cu=70, num_chiplets=1)
Lowering rejected config as not applicable
Command line = -operation gemm -t f32 -out_datatype f32 --arch gfx1100 --num_cu 70 --num_chiplets 1 -g 1 -m 294 -k 144 -n 329 -transA=True -transB=True --perf_config=gemm:v1:256,32,128,1,1,16,32,1,2,2,1 -pv
Errors = loc("<stdin>":11:1): error: ttg.shared (147456) exceeds LDS limit (65536) for amdgcn-amd-amdhsa:gfx1100
Lowering not applicable.

----------------------------------------------------------------------------------------------------
NOT_APPLICABLE: GemmConfiguration(datatype='f32', out_dtype='f32', g=1, m=294, k=144, n=329, trans_a=True, trans_b=True, perfconfig='gemm:v1:256,32,128,1,1,16,32,1,2,2,1', scaled_gemm=False, scale_a_dtype=None, scale_b_dtype=None, trans_scale_a=False, trans_scale_b=False, arch='gfx1100', chip='gfx1100', num_cu=70, num_chiplets=1)
----------------------------------------------------------------------------------------------------
PASS: GemmConfiguration(datatype='f32', out_dtype='f32', g=1, m=376, k=385, n=468, trans_a=True, trans_b=False, perfconfig='gemm:v1:32,32,16,1,1,2,16,4,1,4,2', scaled_gemm=False, scale_a_dtype=None, scale_b_dtype=None, trans_scale_a=False, trans_scale_b=False, arch='gfx1100', chip='gfx1100', num_cu=70, num_chiplets=1)
----------------------------------------------------------------------------------------------------
PASS: GemmConfiguration(datatype='i8', out_dtype='i32', g=2, m=226, k=164, n=314, trans_a=True, trans_b=False, perfconfig='gemm:v1:256,64,64,2,1,8,0,1,2,4,8', scaled_gemm=False, scale_a_dtype=None, scale_b_dtype=None, trans_scale_a=False, trans_scale_b=False, arch='gfx1100', chip='gfx1100', num_cu=70, num_chiplets=1)
----------------------------------------------------------------------------------------------------
PASS: GemmConfiguration(datatype='fp8', out_dtype='f32', g=1, m=436, k=334, n=245, trans_a=False, trans_b=False, perfconfig='gemm:v1:64,16,64,1,1,8,32,3,3,2,0', scaled_gemm=False, scale_a_dtype=None, scale_b_dtype=None, trans_scale_a=False, trans_scale_b=False, arch='gfx1100', chip='gfx1100', num_cu=70, num_chiplets=1)
----------------------------------------------------------------------------------------------------
PASS: GemmConfiguration(datatype='fp8', out_dtype='f32', g=1, m=488, k=412, n=257, trans_a=False, trans_b=True, perfconfig='gemm:v1:64,256,32,1,1,2,32,4,2,8,2', scaled_gemm=False, scale_a_dtype=None, scale_b_dtype=None, trans_scale_a=False, trans_scale_b=False, arch='gfx1100', chip='gfx1100', num_cu=70, num_chiplets=1)
----------------------------------------------------------------------------------------------------
PASS: GemmConfiguration(datatype='f32', out_dtype='f32', g=2, m=390, k=110, n=341, trans_a=True, trans_b=True, perfconfig='gemm:v1:64,64,128,1,1,1,16,2,3,4,8', scaled_gemm=False, scale_a_dtype=None, scale_b_dtype=None, trans_scale_a=False, trans_scale_b=False, arch='gfx1100', chip='gfx1100', num_cu=70, num_chiplets=1)
Lowering rejected config as not applicable
Command line = -operation gemm -t f16 -out_datatype f16 --arch gfx1100 --num_cu 70 --num_chiplets 1 -g 2 -m 221 -k 329 -n 290 -transA=True -transB=False --perf_config=gemm:v1:128,128,128,2,1,8,32,4,2,4,4 -pv
Errors = loc("<stdin>":18:10): error: Fusion with SplitK perfConfig is not legal
Lowering not applicable.

----------------------------------------------------------------------------------------------------
NOT_APPLICABLE: GemmConfiguration(datatype='f16', out_dtype='f16', g=2, m=221, k=329, n=290, trans_a=True, trans_b=False, perfconfig='gemm:v1:128,128,128,2,1,8,32,4,2,4,4', scaled_gemm=False, scale_a_dtype=None, scale_b_dtype=None, trans_scale_a=False, trans_scale_b=False, arch='gfx1100', chip='gfx1100', num_cu=70, num_chiplets=1)
Lowering rejected config as not applicable
Command line = -operation gemm -t i8 -out_datatype i32 --arch gfx1100 --num_cu 70 --num_chiplets 1 -g 2 -m 268 -k 120 -n 217 -transA=True -transB=True --perf_config=gemm:v1:64,128,16,1,1,2,0,2,1,8,0 -pv
Errors = loc("<stdin>":18:10): error: Fusion with SplitK perfConfig is not legal
Lowering not applicable.

----------------------------------------------------------------------------------------------------
NOT_APPLICABLE: GemmConfiguration(datatype='i8', out_dtype='i32', g=2, m=268, k=120, n=217, trans_a=True, trans_b=True, perfconfig='gemm:v1:64,128,16,1,1,2,0,2,1,8,0', scaled_gemm=False, scale_a_dtype=None, scale_b_dtype=None, trans_scale_a=False, trans_scale_b=False, arch='gfx1100', chip='gfx1100', num_cu=70, num_chiplets=1)
Lowering rejected config as not applicable
Command line = -operation gemm -t f16 -out_datatype f16 --arch gfx1100 --num_cu 70 --num_chiplets 1 -g 1 -m 168 -k 184 -n 452 -transA=False -transB=False --perf_config=gemm:v1:32,32,128,2,1,16,32,2,3,4,2 -pv
Errors = loc("<stdin>":18:10): error: Fusion with SplitK perfConfig is not legal
Lowering not applicable.

----------------------------------------------------------------------------------------------------
NOT_APPLICABLE: GemmConfiguration(datatype='f16', out_dtype='f16', g=1, m=168, k=184, n=452, trans_a=False, trans_b=False, perfconfig='gemm:v1:32,32,128,2,1,16,32,2,3,4,2', scaled_gemm=False, scale_a_dtype=None, scale_b_dtype=None, trans_scale_a=False, trans_scale_b=False, arch='gfx1100', chip='gfx1100', num_cu=70, num_chiplets=1)
Lowering rejected config as not applicable
Command line = -operation gemm -t bf16 -out_datatype bf16 --arch gfx1100 --num_cu 70 --num_chiplets 1 -g 1 -m 430 -k 318 -n 224 -transA=True -transB=True --perf_config=gemm:v1:16,128,128,1,1,8,0,3,1,4,1 -pv -RMS_threshold 1e-2
Errors = loc("<stdin>":18:10): error: Fusion with SplitK perfConfig is not legal
Lowering not applicable.

----------------------------------------------------------------------------------------------------
NOT_APPLICABLE: GemmConfiguration(datatype='bf16', out_dtype='bf16', g=1, m=430, k=318, n=224, trans_a=True, trans_b=True, perfconfig='gemm:v1:16,128,128,1,1,8,0,3,1,4,1', scaled_gemm=False, scale_a_dtype=None, scale_b_dtype=None, trans_scale_a=False, trans_scale_b=False, arch='gfx1100', chip='gfx1100', num_cu=70, num_chiplets=1)
Lowering rejected config as not applicable
Command line = -operation gemm -t f16 -out_datatype f16 --arch gfx1100 --num_cu 70 --num_chiplets 1 -g 2 -m 303 -k 303 -n 340 -transA=True -transB=True --perf_config=gemm:v1:16,64,64,1,1,8,0,3,1,8,8 -pv
Errors = loc("<stdin>":18:10): error: Fusion with SplitK perfConfig is not legal
Lowering not applicable.

----------------------------------------------------------------------------------------------------
NOT_APPLICABLE: GemmConfiguration(datatype='f16', out_dtype='f16', g=2, m=303, k=303, n=340, trans_a=True, trans_b=True, perfconfig='gemm:v1:16,64,64,1,1,8,0,3,1,8,8', scaled_gemm=False, scale_a_dtype=None, scale_b_dtype=None, trans_scale_a=False, trans_scale_b=False, arch='gfx1100', chip='gfx1100', num_cu=70, num_chiplets=1)
----------------------------------------------------------------------------------------------------
PASS: GemmConfiguration(datatype='f16', out_dtype='f16', g=2, m=103, k=225, n=79, trans_a=False, trans_b=True, perfconfig='gemm:v1:256,16,32,2,1,1,16,1,2,1,4', scaled_gemm=False, scale_a_dtype=None, scale_b_dtype=None, trans_scale_a=False, trans_scale_b=False, arch='gfx1100', chip='gfx1100', num_cu=70, num_chiplets=1)
----------------------------------------------------------------------------------------------------
PASS: GemmConfiguration(datatype='fp8', out_dtype='f32', g=2, m=88, k=89, n=117, trans_a=True, trans_b=False, perfconfig='gemm:v1:128,64,64,2,1,8,32,2,2,0,2', scaled_gemm=False, scale_a_dtype=None, scale_b_dtype=None, trans_scale_a=False, trans_scale_b=False, arch='gfx1100', chip='gfx1100', num_cu=70, num_chiplets=1)
----------------------------------------------------------------------------------------------------
PASS: GemmConfiguration(datatype='fp8', out_dtype='f32', g=1, m=484, k=429, n=490, trans_a=False, trans_b=False, perfconfig='gemm:v1:32,16,128,2,1,2,16,3,1,0,1', scaled_gemm=False, scale_a_dtype=None, scale_b_dtype=None, trans_scale_a=False, trans_scale_b=False, arch='gfx1100', chip='gfx1100', num_cu=70, num_chiplets=1)
Lowering rejected config as not applicable
Command line = -operation gemm -t i8 -out_datatype i32 --arch gfx1100 --num_cu 70 --num_chiplets 1 -g 2 -m 134 -k 154 -n 105 -transA=True -transB=True --perf_config=gemm:v1:32,256,64,2,1,4,32,2,3,8,8 -pv
Errors = loc("<stdin>":18:10): error: Fusion with SplitK perfConfig is not legal
Lowering not applicable.

----------------------------------------------------------------------------------------------------
NOT_APPLICABLE: GemmConfiguration(datatype='i8', out_dtype='i32', g=2, m=134, k=154, n=105, trans_a=True, trans_b=True, perfconfig='gemm:v1:32,256,64,2,1,4,32,2,3,8,8', scaled_gemm=False, scale_a_dtype=None, scale_b_dtype=None, trans_scale_a=False, trans_scale_b=False, arch='gfx1100', chip='gfx1100', num_cu=70, num_chiplets=1)
Lowering rejected config as not applicable
Command line = -operation gemm -t bf16 -out_datatype bf16 --arch gfx1100 --num_cu 70 --num_chiplets 1 -g 2 -m 92 -k 145 -n 306 -transA=True -transB=True --perf_config=gemm:v1:64,16,16,1,1,16,0,4,2,2,2 -pv -RMS_threshold 1e-2
Errors = loc("<stdin>":18:10): error: Fusion with SplitK perfConfig is not legal
Lowering not applicable.

----------------------------------------------------------------------------------------------------
NOT_APPLICABLE: GemmConfiguration(datatype='bf16', out_dtype='bf16', g=2, m=92, k=145, n=306, trans_a=True, trans_b=True, perfconfig='gemm:v1:64,16,16,1,1,16,0,4,2,2,2', scaled_gemm=False, scale_a_dtype=None, scale_b_dtype=None, trans_scale_a=False, trans_scale_b=False, arch='gfx1100', chip='gfx1100', num_cu=70, num_chiplets=1)
Lowering rejected config as not applicable
Command line = -operation gemm -t f16 -out_datatype f16 --arch gfx1100 --num_cu 70 --num_chiplets 1 -g 1 -m 457 -k 220 -n 142 -transA=True -transB=True --perf_config=gemm:v1:128,256,32,1,1,1,0,3,3,1,8 -pv
Errors = loc("<stdin>":18:10): error: Fusion with SplitK perfConfig is not legal
Lowering not applicable.

----------------------------------------------------------------------------------------------------
NOT_APPLICABLE: GemmConfiguration(datatype='f16', out_dtype='f16', g=1, m=457, k=220, n=142, trans_a=True, trans_b=True, perfconfig='gemm:v1:128,256,32,1,1,1,0,3,3,1,8', scaled_gemm=False, scale_a_dtype=None, scale_b_dtype=None, trans_scale_a=False, trans_scale_b=False, arch='gfx1100', chip='gfx1100', num_cu=70, num_chiplets=1)
Lowering rejected config as not applicable
Command line = -operation gemm -t bf16 -out_datatype bf16 --arch gfx1100 --num_cu 70 --num_chiplets 1 -g 2 -m 228 -k 497 -n 171 -transA=True -transB=False --perf_config=gemm:v1:128,16,128,2,1,1,0,1,3,1,1 -pv -RMS_threshold 1e-2
Errors = loc("<stdin>":13:1): error: ttg.shared (73728) exceeds LDS limit (65536) for amdgcn-amd-amdhsa:gfx1100
Lowering not applicable.

----------------------------------------------------------------------------------------------------
NOT_APPLICABLE: GemmConfiguration(datatype='bf16', out_dtype='bf16', g=2, m=228, k=497, n=171, trans_a=True, trans_b=False, perfconfig='gemm:v1:128,16,128,2,1,1,0,1,3,1,1', scaled_gemm=False, scale_a_dtype=None, scale_b_dtype=None, trans_scale_a=False, trans_scale_b=False, arch='gfx1100', chip='gfx1100', num_cu=70, num_chiplets=1)
----------------------------------------------------------------------------------------------------
PASS: GemmConfiguration(datatype='fp8', out_dtype='f32', g=1, m=123, k=208, n=456, trans_a=True, trans_b=False, perfconfig='gemm:v1:32,32,16,2,1,1,0,2,1,8,4', scaled_gemm=False, scale_a_dtype=None, scale_b_dtype=None, trans_scale_a=False, trans_scale_b=False, arch='gfx1100', chip='gfx1100', num_cu=70, num_chiplets=1)
----------------------------------------------------------------------------------------------------
PASS: GemmConfiguration(datatype='bf16', out_dtype='bf16', g=1, m=292, k=450, n=180, trans_a=True, trans_b=True, perfconfig='gemm:v1:256,32,64,1,1,1,16,1,2,8,1', scaled_gemm=False, scale_a_dtype=None, scale_b_dtype=None, trans_scale_a=False, trans_scale_b=False, arch='gfx1100', chip='gfx1100', num_cu=70, num_chiplets=1)
----------------------------------------------------------------------------------------------------
PASS: GemmConfiguration(datatype='bf16', out_dtype='bf16', g=1, m=461, k=220, n=123, trans_a=True, trans_b=True, perfconfig='gemm:v1:64,128,128,2,1,1,32,1,2,4,4', scaled_gemm=False, scale_a_dtype=None, scale_b_dtype=None, trans_scale_a=False, trans_scale_b=False, arch='gfx1100', chip='gfx1100', num_cu=70, num_chiplets=1)
----------------------------------------------------------------------------------------------------
PASS: GemmConfiguration(datatype='f32', out_dtype='f32', g=2, m=278, k=409, n=446, trans_a=False, trans_b=True, perfconfig='gemm:v1:64,256,32,2,1,2,16,2,1,8,8', scaled_gemm=False, scale_a_dtype=None, scale_b_dtype=None, trans_scale_a=False, trans_scale_b=False, arch='gfx1100', chip='gfx1100', num_cu=70, num_chiplets=1)
Lowering rejected config as not applicable
Command line = -operation gemm -t f16 -out_datatype f16 --arch gfx1100 --num_cu 70 --num_chiplets 1 -g 2 -m 96 -k 220 -n 8 -transA=True -transB=True --perf_config=gemm:v1:16,16,16,2,1,16,16,2,3,1,0 -pv
Errors = loc("<stdin>":18:10): error: Fusion with SplitK perfConfig is not legal
Lowering not applicable.

----------------------------------------------------------------------------------------------------
NOT_APPLICABLE: GemmConfiguration(datatype='f16', out_dtype='f16', g=2, m=96, k=220, n=8, trans_a=True, trans_b=True, perfconfig='gemm:v1:16,16,16,2,1,16,16,2,3,1,0', scaled_gemm=False, scale_a_dtype=None, scale_b_dtype=None, trans_scale_a=False, trans_scale_b=False, arch='gfx1100', chip='gfx1100', num_cu=70, num_chiplets=1)
Lowering rejected config as not applicable
Command line = -operation gemm -t bf16 -out_datatype bf16 --arch gfx1100 --num_cu 70 --num_chiplets 1 -g 2 -m 51 -k 353 -n 349 -transA=False -transB=False --perf_config=gemm:v1:256,256,16,2,1,8,16,4,3,1,0 -pv -RMS_threshold 1e-2
Errors = loc("<stdin>":18:10): error: Fusion with SplitK perfConfig is not legal
Lowering not applicable.

----------------------------------------------------------------------------------------------------
NOT_APPLICABLE: GemmConfiguration(datatype='bf16', out_dtype='bf16', g=2, m=51, k=353, n=349, trans_a=False, trans_b=False, perfconfig='gemm:v1:256,256,16,2,1,8,16,4,3,1,0', scaled_gemm=False, scale_a_dtype=None, scale_b_dtype=None, trans_scale_a=False, trans_scale_b=False, arch='gfx1100', chip='gfx1100', num_cu=70, num_chiplets=1)
Lowering rejected config as not applicable
Command line = -operation gemm -t i8 -out_datatype i32 --arch gfx1100 --num_cu 70 --num_chiplets 1 -g 2 -m 220 -k 24 -n 102 -transA=True -transB=False --perf_config=gemm:v1:32,256,64,1,1,4,16,4,3,4,4 -pv
Errors = loc("<stdin>":18:10): error: Fusion with SplitK perfConfig is not legal
Lowering not applicable.

----------------------------------------------------------------------------------------------------
NOT_APPLICABLE: GemmConfiguration(datatype='i8', out_dtype='i32', g=2, m=220, k=24, n=102, trans_a=True, trans_b=False, perfconfig='gemm:v1:32,256,64,1,1,4,16,4,3,4,4', scaled_gemm=False, scale_a_dtype=None, scale_b_dtype=None, trans_scale_a=False, trans_scale_b=False, arch='gfx1100', chip='gfx1100', num_cu=70, num_chiplets=1)
----------------------------------------------------------------------------------------------------
PASS: GemmConfiguration(datatype='f32', out_dtype='f32', g=1, m=139, k=316, n=454, trans_a=False, trans_b=False, perfconfig='gemm:v1:64,16,16,2,1,16,16,3,3,0,1', scaled_gemm=False, scale_a_dtype=None, scale_b_dtype=None, trans_scale_a=False, trans_scale_b=False, arch='gfx1100', chip='gfx1100', num_cu=70, num_chiplets=1)
----------------------------------------------------------------------------------------------------
PASS: GemmConfiguration(datatype='f32', out_dtype='f32', g=2, m=477, k=349, n=340, trans_a=False, trans_b=True, perfconfig='gemm:v1:128,64,16,2,1,16,32,1,2,1,4', scaled_gemm=False, scale_a_dtype=None, scale_b_dtype=None, trans_scale_a=False, trans_scale_b=False, arch='gfx1100', chip='gfx1100', num_cu=70, num_chiplets=1)
----------------------------------------------------------------------------------------------------
PASS: GemmConfiguration(datatype='fp8', out_dtype='f32', g=2, m=315, k=19, n=423, trans_a=False, trans_b=True, perfconfig='gemm:v1:16,64,32,1,1,8,0,3,1,8,4', scaled_gemm=False, scale_a_dtype=None, scale_b_dtype=None, trans_scale_a=False, trans_scale_b=False, arch='gfx1100', chip='gfx1100', num_cu=70, num_chiplets=1)
----------------------------------------------------------------------------------------------------
PASS: GemmConfiguration(datatype='i8', out_dtype='i32', g=1, m=488, k=421, n=241, trans_a=False, trans_b=False, perfconfig='gemm:v1:32,256,16,1,1,1,16,1,3,4,4', scaled_gemm=False, scale_a_dtype=None, scale_b_dtype=None, trans_scale_a=False, trans_scale_b=False, arch='gfx1100', chip='gfx1100', num_cu=70, num_chiplets=1)
----------------------------------------------------------------------------------------------------
PASS: GemmConfiguration(datatype='f32', out_dtype='f32', g=1, m=210, k=61, n=431, trans_a=False, trans_b=False, perfconfig='gemm:v1:128,64,32,1,1,4,0,3,1,4,8', scaled_gemm=False, scale_a_dtype=None, scale_b_dtype=None, trans_scale_a=False, trans_scale_b=False, arch='gfx1100', chip='gfx1100', num_cu=70, num_chiplets=1)
Lowering rejected config as not applicable
Command line = -operation gemm -t i8 -out_datatype i32 --arch gfx1100 --num_cu 70 --num_chiplets 1 -g 1 -m 351 -k 146 -n 206 -transA=True -transB=False --perf_config=gemm:v1:128,32,64,1,1,2,0,3,1,2,4 -pv
Errors = loc("<stdin>":18:10): error: Fusion with SplitK perfConfig is not legal
Lowering not applicable.

----------------------------------------------------------------------------------------------------
NOT_APPLICABLE: GemmConfiguration(datatype='i8', out_dtype='i32', g=1, m=351, k=146, n=206, trans_a=True, trans_b=False, perfconfig='gemm:v1:128,32,64,1,1,2,0,3,1,2,4', scaled_gemm=False, scale_a_dtype=None, scale_b_dtype=None, trans_scale_a=False, trans_scale_b=False, arch='gfx1100', chip='gfx1100', num_cu=70, num_chiplets=1)
Lowering rejected config as not applicable
Command line = -operation gemm -t bf16 -out_datatype bf16 --arch gfx1100 --num_cu 70 --num_chiplets 1 -g 1 -m 506 -k 312 -n 343 -transA=False -transB=False --perf_config=gemm:v1:128,32,16,2,1,2,0,4,1,8,8 -pv -RMS_threshold 1e-2
Errors = loc("<stdin>":18:10): error: Fusion with SplitK perfConfig is not legal
Lowering not applicable.

----------------------------------------------------------------------------------------------------
NOT_APPLICABLE: GemmConfiguration(datatype='bf16', out_dtype='bf16', g=1, m=506, k=312, n=343, trans_a=False, trans_b=False, perfconfig='gemm:v1:128,32,16,2,1,2,0,4,1,8,8', scaled_gemm=False, scale_a_dtype=None, scale_b_dtype=None, trans_scale_a=False, trans_scale_b=False, arch='gfx1100', chip='gfx1100', num_cu=70, num_chiplets=1)
Lowering rejected config as not applicable
Command line = -operation gemm -t i8 -out_datatype i32 --arch gfx1100 --num_cu 70 --num_chiplets 1 -g 1 -m 249 -k 440 -n 277 -transA=False -transB=True --perf_config=gemm:v1:256,16,64,2,1,8,16,3,3,8,4 -pv
Errors = loc("<stdin>":17:10): error: Fusion with SplitK perfConfig is not legal
Lowering not applicable.

----------------------------------------------------------------------------------------------------
NOT_APPLICABLE: GemmConfiguration(datatype='i8', out_dtype='i32', g=1, m=249, k=440, n=277, trans_a=False, trans_b=True, perfconfig='gemm:v1:256,16,64,2,1,8,16,3,3,8,4', scaled_gemm=False, scale_a_dtype=None, scale_b_dtype=None, trans_scale_a=False, trans_scale_b=False, arch='gfx1100', chip='gfx1100', num_cu=70, num_chiplets=1)
----------------------------------------------------------------------------------------------------
PASS: GemmConfiguration(datatype='f16', out_dtype='f16', g=2, m=207, k=493, n=455, trans_a=True, trans_b=False, perfconfig='gemm:v1:16,16,32,2,1,16,16,1,3,8,8', scaled_gemm=False, scale_a_dtype=None, scale_b_dtype=None, trans_scale_a=False, trans_scale_b=False, arch='gfx1100', chip='gfx1100', num_cu=70, num_chiplets=1)
----------------------------------------------------------------------------------------------------
PASS: GemmConfiguration(datatype='fp8', out_dtype='f32', g=2, m=218, k=291, n=170, trans_a=True, trans_b=False, perfconfig='gemm:v1:16,16,64,2,1,2,16,4,1,0,4', scaled_gemm=False, scale_a_dtype=None, scale_b_dtype=None, trans_scale_a=False, trans_scale_b=False, arch='gfx1100', chip='gfx1100', num_cu=70, num_chiplets=1)
----------------------------------------------------------------------------------------------------
PASS: GemmConfiguration(datatype='f32', out_dtype='f32', g=1, m=468, k=65, n=406, trans_a=False, trans_b=False, perfconfig='gemm:v1:64,64,32,1,1,1,0,3,3,1,2', scaled_gemm=False, scale_a_dtype=None, scale_b_dtype=None, trans_scale_a=False, trans_scale_b=False, arch='gfx1100', chip='gfx1100', num_cu=70, num_chiplets=1)
----------------------------------------------------------------------------------------------------
PASS: GemmConfiguration(datatype='f32', out_dtype='f32', g=1, m=151, k=276, n=125, trans_a=True, trans_b=False, perfconfig='gemm:v1:64,128,64,1,1,2,32,1,1,1,2', scaled_gemm=False, scale_a_dtype=None, scale_b_dtype=None, trans_scale_a=False, trans_scale_b=False, arch='gfx1100', chip='gfx1100', num_cu=70, num_chiplets=1)
----------------------------------------------------------------------------------------------------
PASS: GemmConfiguration(datatype='bf16', out_dtype='bf16', g=2, m=243, k=51, n=308, trans_a=False, trans_b=True, perfconfig='gemm:v1:16,256,128,1,1,1,16,1,3,2,0', scaled_gemm=False, scale_a_dtype=None, scale_b_dtype=None, trans_scale_a=False, trans_scale_b=False, arch='gfx1100', chip='gfx1100', num_cu=70, num_chiplets=1)
Lowering rejected config as not applicable
Command line = -operation gemm -t i8 -out_datatype i32 --arch gfx1100 --num_cu 70 --num_chiplets 1 -g 2 -m 38 -k 266 -n 427 -transA=True -transB=False --perf_config=gemm:v1:32,128,128,1,1,1,16,4,1,8,8 -pv
Errors = loc("<stdin>":18:10): error: Fusion with SplitK perfConfig is not legal
Lowering not applicable.

----------------------------------------------------------------------------------------------------
NOT_APPLICABLE: GemmConfiguration(datatype='i8', out_dtype='i32', g=2, m=38, k=266, n=427, trans_a=True, trans_b=False, perfconfig='gemm:v1:32,128,128,1,1,1,16,4,1,8,8', scaled_gemm=False, scale_a_dtype=None, scale_b_dtype=None, trans_scale_a=False, trans_scale_b=False, arch='gfx1100', chip='gfx1100', num_cu=70, num_chiplets=1)
Lowering rejected config as not applicable
Command line = -operation gemm -t bf16 -out_datatype bf16 --arch gfx1100 --num_cu 70 --num_chiplets 1 -g 2 -m 307 -k 238 -n 456 -transA=False -transB=False --perf_config=gemm:v1:32,128,64,1,1,1,16,4,1,0,0 -pv -RMS_threshold 1e-2
Errors = loc("<stdin>":18:10): error: Fusion with SplitK perfConfig is not legal
Lowering not applicable.

----------------------------------------------------------------------------------------------------
NOT_APPLICABLE: GemmConfiguration(datatype='bf16', out_dtype='bf16', g=2, m=307, k=238, n=456, trans_a=False, trans_b=False, perfconfig='gemm:v1:32,128,64,1,1,1,16,4,1,0,0', scaled_gemm=False, scale_a_dtype=None, scale_b_dtype=None, trans_scale_a=False, trans_scale_b=False, arch='gfx1100', chip='gfx1100', num_cu=70, num_chiplets=1)
Lowering rejected config as not applicable
Command line = -operation gemm -t i8 -out_datatype i32 --arch gfx1100 --num_cu 70 --num_chiplets 1 -g 1 -m 474 -k 221 -n 37 -transA=True -transB=True --perf_config=gemm:v1:64,256,16,1,1,1,16,2,3,2,1 -pv
Errors = loc("<stdin>":18:10): error: Fusion with SplitK perfConfig is not legal
Lowering not applicable.

----------------------------------------------------------------------------------------------------
NOT_APPLICABLE: GemmConfiguration(datatype='i8', out_dtype='i32', g=1, m=474, k=221, n=37, trans_a=True, trans_b=True, perfconfig='gemm:v1:64,256,16,1,1,1,16,2,3,2,1', scaled_gemm=False, scale_a_dtype=None, scale_b_dtype=None, trans_scale_a=False, trans_scale_b=False, arch='gfx1100', chip='gfx1100', num_cu=70, num_chiplets=1)
Lowering rejected config as not applicable
Command line = -operation gemm -t f16 -out_datatype f16 --arch gfx1100 --num_cu 70 --num_chiplets 1 -g 2 -m 278 -k 22 -n 94 -transA=True -transB=False --perf_config=gemm:v1:16,32,32,1,1,16,32,2,1,1,2 -pv
Errors = loc("<stdin>":18:10): error: Fusion with SplitK perfConfig is not legal
Lowering not applicable.

----------------------------------------------------------------------------------------------------
NOT_APPLICABLE: GemmConfiguration(datatype='f16', out_dtype='f16', g=2, m=278, k=22, n=94, trans_a=True, trans_b=False, perfconfig='gemm:v1:16,32,32,1,1,16,32,2,1,1,2', scaled_gemm=False, scale_a_dtype=None, scale_b_dtype=None, trans_scale_a=False, trans_scale_b=False, arch='gfx1100', chip='gfx1100', num_cu=70, num_chiplets=1)
Lowering rejected config as not applicable
Command line = -operation gemm -t f16 -out_datatype f16 --arch gfx1100 --num_cu 70 --num_chiplets 1 -g 2 -m 249 -k 63 -n 35 -transA=False -transB=False --perf_config=gemm:v1:256,16,16,2,1,2,0,2,1,1,8 -pv
Errors = loc("<stdin>":18:10): error: Fusion with SplitK perfConfig is not legal
Lowering not applicable.

----------------------------------------------------------------------------------------------------
NOT_APPLICABLE: GemmConfiguration(datatype='f16', out_dtype='f16', g=2, m=249, k=63, n=35, trans_a=False, trans_b=False, perfconfig='gemm:v1:256,16,16,2,1,2,0,2,1,1,8', scaled_gemm=False, scale_a_dtype=None, scale_b_dtype=None, trans_scale_a=False, trans_scale_b=False, arch='gfx1100', chip='gfx1100', num_cu=70, num_chiplets=1)
----------------------------------------------------------------------------------------------------
PASS: GemmConfiguration(datatype='bf16', out_dtype='bf16', g=1, m=160, k=476, n=353, trans_a=True, trans_b=False, perfconfig='gemm:v1:16,32,32,2,1,2,0,1,2,0,0', scaled_gemm=False, scale_a_dtype=None, scale_b_dtype=None, trans_scale_a=False, trans_scale_b=False, arch='gfx1100', chip='gfx1100', num_cu=70, num_chiplets=1)
Lowering rejected config as not applicable
Command line = -operation gemm -t f32 -out_datatype f32 --arch gfx1100 --num_cu 70 --num_chiplets 1 -g 2 -m 48 -k 265 -n 32 -transA=False -transB=True --perf_config=gemm:v1:256,64,32,2,1,2,32,3,3,1,4 -pv
Errors = loc("<stdin>":12:1): error: ttg.shared (81920) exceeds LDS limit (65536) for amdgcn-amd-amdhsa:gfx1100
Lowering not applicable.

----------------------------------------------------------------------------------------------------
NOT_APPLICABLE: GemmConfiguration(datatype='f32', out_dtype='f32', g=2, m=48, k=265, n=32, trans_a=False, trans_b=True, perfconfig='gemm:v1:256,64,32,2,1,2,32,3,3,1,4', scaled_gemm=False, scale_a_dtype=None, scale_b_dtype=None, trans_scale_a=False, trans_scale_b=False, arch='gfx1100', chip='gfx1100', num_cu=70, num_chiplets=1)
----------------------------------------------------------------------------------------------------
PASS: GemmConfiguration(datatype='fp8', out_dtype='f32', g=1, m=5, k=166, n=192, trans_a=True, trans_b=False, perfconfig='gemm:v1:64,64,128,1,1,4,32,1,1,0,2', scaled_gemm=False, scale_a_dtype=None, scale_b_dtype=None, trans_scale_a=False, trans_scale_b=False, arch='gfx1100', chip='gfx1100', num_cu=70, num_chiplets=1)
Lowering rejected config as not applicable
Command line = -operation gemm -t i8 -out_datatype i32 --arch gfx1100 --num_cu 70 --num_chiplets 1 -g 1 -m 420 -k 433 -n 81 -transA=False -transB=False --perf_config=gemm:v1:64,128,32,1,1,2,16,4,3,8,0 -pv
Errors = loc("<stdin>":18:10): error: Fusion with SplitK perfConfig is not legal
Lowering not applicable.

----------------------------------------------------------------------------------------------------
NOT_APPLICABLE: GemmConfiguration(datatype='i8', out_dtype='i32', g=1, m=420, k=433, n=81, trans_a=False, trans_b=False, perfconfig='gemm:v1:64,128,32,1,1,2,16,4,3,8,0', scaled_gemm=False, scale_a_dtype=None, scale_b_dtype=None, trans_scale_a=False, trans_scale_b=False, arch='gfx1100', chip='gfx1100', num_cu=70, num_chiplets=1)
Lowering rejected config as not applicable
Command line = -operation gemm -t bf16 -out_datatype bf16 --arch gfx1100 --num_cu 70 --num_chiplets 1 -g 2 -m 288 -k 217 -n 19 -transA=True -transB=False --perf_config=gemm:v1:64,128,64,2,1,4,0,4,3,8,1 -pv -RMS_threshold 1e-2
Errors = loc("<stdin>":18:10): error: Fusion with SplitK perfConfig is not legal
Lowering not applicable.

----------------------------------------------------------------------------------------------------
NOT_APPLICABLE: GemmConfiguration(datatype='bf16', out_dtype='bf16', g=2, m=288, k=217, n=19, trans_a=True, trans_b=False, perfconfig='gemm:v1:64,128,64,2,1,4,0,4,3,8,1', scaled_gemm=False, scale_a_dtype=None, scale_b_dtype=None, trans_scale_a=False, trans_scale_b=False, arch='gfx1100', chip='gfx1100', num_cu=70, num_chiplets=1)
Lowering rejected config as not applicable
Command line = -operation gemm -t i8 -out_datatype i32 --arch gfx1100 --num_cu 70 --num_chiplets 1 -g 1 -m 211 -k 33 -n 255 -transA=False -transB=False --perf_config=gemm:v1:32,256,16,1,1,8,16,2,1,4,8 -pv
Errors = loc("<stdin>":18:10): error: Fusion with SplitK perfConfig is not legal
Lowering not applicable.

----------------------------------------------------------------------------------------------------
NOT_APPLICABLE: GemmConfiguration(datatype='i8', out_dtype='i32', g=1, m=211, k=33, n=255, trans_a=False, trans_b=False, perfconfig='gemm:v1:32,256,16,1,1,8,16,2,1,4,8', scaled_gemm=False, scale_a_dtype=None, scale_b_dtype=None, trans_scale_a=False, trans_scale_b=False, arch='gfx1100', chip='gfx1100', num_cu=70, num_chiplets=1)
----------------------------------------------------------------------------------------------------
PASS: GemmConfiguration(datatype='f32', out_dtype='f32', g=1, m=60, k=184, n=319, trans_a=True, trans_b=True, perfconfig='gemm:v1:16,16,32,2,1,4,0,1,1,8,1', scaled_gemm=False, scale_a_dtype=None, scale_b_dtype=None, trans_scale_a=False, trans_scale_b=False, arch='gfx1100', chip='gfx1100', num_cu=70, num_chiplets=1)
Lowering rejected config as not applicable
Command line = -operation gemm -t f32 -out_datatype f32 --arch gfx1100 --num_cu 70 --num_chiplets 1 -g 1 -m 275 -k 91 -n 403 -transA=True -transB=True --perf_config=gemm:v1:256,128,128,2,1,8,32,3,3,1,2 -pv
Errors = loc("<stdin>":12:1): error: ttg.shared (131072) exceeds LDS limit (65536) for amdgcn-amd-amdhsa:gfx1100
Lowering not applicable.

----------------------------------------------------------------------------------------------------
NOT_APPLICABLE: GemmConfiguration(datatype='f32', out_dtype='f32', g=1, m=275, k=91, n=403, trans_a=True, trans_b=True, perfconfig='gemm:v1:256,128,128,2,1,8,32,3,3,1,2', scaled_gemm=False, scale_a_dtype=None, scale_b_dtype=None, trans_scale_a=False, trans_scale_b=False, arch='gfx1100', chip='gfx1100', num_cu=70, num_chiplets=1)
----------------------------------------------------------------------------------------------------
PASS: GemmConfiguration(datatype='bf16', out_dtype='bf16', g=1, m=294, k=69, n=322, trans_a=True, trans_b=True, perfconfig='gemm:v1:64,64,32,2,1,8,16,1,3,1,1', scaled_gemm=False, scale_a_dtype=None, scale_b_dtype=None, trans_scale_a=False, trans_scale_b=False, arch='gfx1100', chip='gfx1100', num_cu=70, num_chiplets=1)
Lowering rejected config as not applicable
Command line = -operation gemm -t f32 -out_datatype f32 --arch gfx1100 --num_cu 70 --num_chiplets 1 -g 1 -m 268 -k 273 -n 315 -transA=False -transB=True --perf_config=gemm:v1:256,64,128,1,1,4,0,1,3,0,4 -pv
Errors = loc("<stdin>":10:1): error: ttg.shared (327680) exceeds LDS limit (65536) for amdgcn-amd-amdhsa:gfx1100
Lowering not applicable.

----------------------------------------------------------------------------------------------------
NOT_APPLICABLE: GemmConfiguration(datatype='f32', out_dtype='f32', g=1, m=268, k=273, n=315, trans_a=False, trans_b=True, perfconfig='gemm:v1:256,64,128,1,1,4,0,1,3,0,4', scaled_gemm=False, scale_a_dtype=None, scale_b_dtype=None, trans_scale_a=False, trans_scale_b=False, arch='gfx1100', chip='gfx1100', num_cu=70, num_chiplets=1)
----------------------------------------------------------------------------------------------------
PASS: GemmConfiguration(datatype='f32', out_dtype='f32', g=2, m=442, k=364, n=19, trans_a=True, trans_b=True, perfconfig='gemm:v1:128,128,128,2,1,1,32,2,1,4,2', scaled_gemm=False, scale_a_dtype=None, scale_b_dtype=None, trans_scale_a=False, trans_scale_b=False, arch='gfx1100', chip='gfx1100', num_cu=70, num_chiplets=1)
Lowering rejected config as not applicable
Command line = -operation gemm -t bf16 -out_datatype bf16 --arch gfx1100 --num_cu 70 --num_chiplets 1 -g 2 -m 453 -k 469 -n 366 -transA=False -transB=False --perf_config=gemm:v1:16,16,32,1,1,4,16,3,2,8,2 -pv -RMS_threshold 1e-2
Errors = loc("<stdin>":18:10): error: Fusion with SplitK perfConfig is not legal
Lowering not applicable.

----------------------------------------------------------------------------------------------------
NOT_APPLICABLE: GemmConfiguration(datatype='bf16', out_dtype='bf16', g=2, m=453, k=469, n=366, trans_a=False, trans_b=False, perfconfig='gemm:v1:16,16,32,1,1,4,16,3,2,8,2', scaled_gemm=False, scale_a_dtype=None, scale_b_dtype=None, trans_scale_a=False, trans_scale_b=False, arch='gfx1100', chip='gfx1100', num_cu=70, num_chiplets=1)
Lowering rejected config as not applicable
Command line = -operation gemm -t i8 -out_datatype i32 --arch gfx1100 --num_cu 70 --num_chiplets 1 -g 1 -m 481 -k 272 -n 336 -transA=True -transB=True --perf_config=gemm:v1:64,64,128,2,1,1,0,2,2,8,2 -pv
Errors = loc("<stdin>":18:10): error: Fusion with SplitK perfConfig is not legal
Lowering not applicable.

----------------------------------------------------------------------------------------------------
NOT_APPLICABLE: GemmConfiguration(datatype='i8', out_dtype='i32', g=1, m=481, k=272, n=336, trans_a=True, trans_b=True, perfconfig='gemm:v1:64,64,128,2,1,1,0,2,2,8,2', scaled_gemm=False, scale_a_dtype=None, scale_b_dtype=None, trans_scale_a=False, trans_scale_b=False, arch='gfx1100', chip='gfx1100', num_cu=70, num_chiplets=1)
----------------------------------------------------------------------------------------------------
PASS: GemmConfiguration(datatype='f32', out_dtype='f32', g=1, m=136, k=480, n=439, trans_a=False, trans_b=True, perfconfig='gemm:v1:64,16,128,1,1,8,32,3,1,4,1', scaled_gemm=False, scale_a_dtype=None, scale_b_dtype=None, trans_scale_a=False, trans_scale_b=False, arch='gfx1100', chip='gfx1100', num_cu=70, num_chiplets=1)
----------------------------------------------------------------------------------------------------
PASS: GemmConfiguration(datatype='f16', out_dtype='f16', g=1, m=65, k=144, n=297, trans_a=True, trans_b=False, perfconfig='gemm:v1:16,16,64,1,1,8,16,1,3,1,1', scaled_gemm=False, scale_a_dtype=None, scale_b_dtype=None, trans_scale_a=False, trans_scale_b=False, arch='gfx1100', chip='gfx1100', num_cu=70, num_chiplets=1)
----------------------------------------------------------------------------------------------------
PASS: GemmConfiguration(datatype='f16', out_dtype='f16', g=2, m=456, k=108, n=56, trans_a=True, trans_b=False, perfconfig='gemm:v1:64,128,16,1,1,2,16,1,1,0,8', scaled_gemm=False, scale_a_dtype=None, scale_b_dtype=None, trans_scale_a=False, trans_scale_b=False, arch='gfx1100', chip='gfx1100', num_cu=70, num_chiplets=1)
Lowering rejected config as not applicable
Command line = -operation gemm -t fp8 -out_datatype f32 --arch gfx1100 --num_cu 70 --num_chiplets 1 -g 2 -m 470 -k 123 -n 229 -transA=True -transB=False --perf_config=gemm:v1:256,256,32,2,1,8,16,3,2,8,0 -pv -relDiff_threshold 1e-5
Errors = loc("<stdin>":13:1): error: ttg.shared (131072) exceeds LDS limit (65536) for amdgcn-amd-amdhsa:gfx1100
Lowering not applicable.

----------------------------------------------------------------------------------------------------
NOT_APPLICABLE: GemmConfiguration(datatype='fp8', out_dtype='f32', g=2, m=470, k=123, n=229, trans_a=True, trans_b=False, perfconfig='gemm:v1:256,256,32,2,1,8,16,3,2,8,0', scaled_gemm=False, scale_a_dtype=None, scale_b_dtype=None, trans_scale_a=False, trans_scale_b=False, arch='gfx1100', chip='gfx1100', num_cu=70, num_chiplets=1)
----------------------------------------------------------------------------------------------------
PASS: GemmConfiguration(datatype='fp8', out_dtype='f32', g=2, m=480, k=379, n=279, trans_a=False, trans_b=True, perfconfig='gemm:v1:16,64,64,1,1,1,0,1,1,0,4', scaled_gemm=False, scale_a_dtype=None, scale_b_dtype=None, trans_scale_a=False, trans_scale_b=False, arch='gfx1100', chip='gfx1100', num_cu=70, num_chiplets=1)
----------------------------------------------------------------------------------------------------
PASS: GemmConfiguration(datatype='fp8', out_dtype='f32', g=1, m=380, k=266, n=276, trans_a=True, trans_b=True, perfconfig='gemm:v1:32,64,128,2,1,2,32,4,1,0,2', scaled_gemm=False, scale_a_dtype=None, scale_b_dtype=None, trans_scale_a=False, trans_scale_b=False, arch='gfx1100', chip='gfx1100', num_cu=70, num_chiplets=1)
Lowering rejected config as not applicable
Command line = -operation gemm -t f16 -out_datatype f16 --arch gfx1100 --num_cu 70 --num_chiplets 1 -g 1 -m 225 -k 508 -n 220 -transA=True -transB=False --perf_config=gemm:v1:256,256,32,2,1,1,0,2,3,2,4 -pv
Errors = loc("<stdin>":18:10): error: Fusion with SplitK perfConfig is not legal
Lowering not applicable.

----------------------------------------------------------------------------------------------------
NOT_APPLICABLE: GemmConfiguration(datatype='f16', out_dtype='f16', g=1, m=225, k=508, n=220, trans_a=True, trans_b=False, perfconfig='gemm:v1:256,256,32,2,1,1,0,2,3,2,4', scaled_gemm=False, scale_a_dtype=None, scale_b_dtype=None, trans_scale_a=False, trans_scale_b=False, arch='gfx1100', chip='gfx1100', num_cu=70, num_chiplets=1)
Lowering rejected config as not applicable
Command line = -operation gemm -t bf16 -out_datatype bf16 --arch gfx1100 --num_cu 70 --num_chiplets 1 -g 1 -m 106 -k 237 -n 189 -transA=False -transB=False --perf_config=gemm:v1:16,128,32,2,1,8,32,4,2,4,2 -pv -RMS_threshold 1e-2
Errors = loc("<stdin>":18:10): error: Fusion with SplitK perfConfig is not legal
Lowering not applicable.

----------------------------------------------------------------------------------------------------
NOT_APPLICABLE: GemmConfiguration(datatype='bf16', out_dtype='bf16', g=1, m=106, k=237, n=189, trans_a=False, trans_b=False, perfconfig='gemm:v1:16,128,32,2,1,8,32,4,2,4,2', scaled_gemm=False, scale_a_dtype=None, scale_b_dtype=None, trans_scale_a=False, trans_scale_b=False, arch='gfx1100', chip='gfx1100', num_cu=70, num_chiplets=1)
Lowering rejected config as not applicable
Command line = -operation gemm -t bf16 -out_datatype bf16 --arch gfx1100 --num_cu 70 --num_chiplets 1 -g 2 -m 149 -k 490 -n 332 -transA=True -transB=False --perf_config=gemm:v1:256,256,32,1,1,2,16,3,2,2,1 -pv -RMS_threshold 1e-2
Errors = loc("<stdin>":18:10): error: Fusion with SplitK perfConfig is not legal
Lowering not applicable.

----------------------------------------------------------------------------------------------------
NOT_APPLICABLE: GemmConfiguration(datatype='bf16', out_dtype='bf16', g=2, m=149, k=490, n=332, trans_a=True, trans_b=False, perfconfig='gemm:v1:256,256,32,1,1,2,16,3,2,2,1', scaled_gemm=False, scale_a_dtype=None, scale_b_dtype=None, trans_scale_a=False, trans_scale_b=False, arch='gfx1100', chip='gfx1100', num_cu=70, num_chiplets=1)
----------------------------------------------------------------------------------------------------
PASS: GemmConfiguration(datatype='f32', out_dtype='f32', g=2, m=169, k=15, n=492, trans_a=True, trans_b=False, perfconfig='gemm:v1:32,16,16,1,1,2,16,3,2,2,2', scaled_gemm=False, scale_a_dtype=None, scale_b_dtype=None, trans_scale_a=False, trans_scale_b=False, arch='gfx1100', chip='gfx1100', num_cu=70, num_chiplets=1)
----------------------------------------------------------------------------------------------------
PASS: GemmConfiguration(datatype='f16', out_dtype='f16', g=1, m=191, k=250, n=4, trans_a=False, trans_b=True, perfconfig='gemm:v1:32,32,128,1,1,2,32,1,2,2,2', scaled_gemm=False, scale_a_dtype=None, scale_b_dtype=None, trans_scale_a=False, trans_scale_b=False, arch='gfx1100', chip='gfx1100', num_cu=70, num_chiplets=1)
----------------------------------------------------------------------------------------------------
PASS: GemmConfiguration(datatype='fp8', out_dtype='f32', g=1, m=500, k=58, n=89, trans_a=True, trans_b=True, perfconfig='gemm:v1:128,32,64,2,1,8,32,1,3,4,0', scaled_gemm=False, scale_a_dtype=None, scale_b_dtype=None, trans_scale_a=False, trans_scale_b=False, arch='gfx1100', chip='gfx1100', num_cu=70, num_chiplets=1)
----------------------------------------------------------------------------------------------------
PASS: GemmConfiguration(datatype='f32', out_dtype='f32', g=2, m=358, k=53, n=160, trans_a=True, trans_b=True, perfconfig='gemm:v1:32,16,128,1,1,1,0,4,2,1,2', scaled_gemm=False, scale_a_dtype=None, scale_b_dtype=None, trans_scale_a=False, trans_scale_b=False, arch='gfx1100', chip='gfx1100', num_cu=70, num_chiplets=1)
----------------------------------------------------------------------------------------------------
PASS: GemmConfiguration(datatype='i8', out_dtype='i32', g=2, m=256, k=37, n=188, trans_a=True, trans_b=False, perfconfig='gemm:v1:256,128,32,1,1,1,32,1,3,2,0', scaled_gemm=False, scale_a_dtype=None, scale_b_dtype=None, trans_scale_a=False, trans_scale_b=False, arch='gfx1100', chip='gfx1100', num_cu=70, num_chiplets=1)
Lowering rejected config as not applicable
Command line = -operation gemm -t i8 -out_datatype i32 --arch gfx1100 --num_cu 70 --num_chiplets 1 -g 1 -m 92 -k 80 -n 265 -transA=False -transB=True --perf_config=gemm:v1:256,256,32,2,1,1,0,4,1,1,2 -pv
Errors = loc("<stdin>":17:10): error: Fusion with SplitK perfConfig is not legal
Lowering not applicable.

----------------------------------------------------------------------------------------------------
NOT_APPLICABLE: GemmConfiguration(datatype='i8', out_dtype='i32', g=1, m=92, k=80, n=265, trans_a=False, trans_b=True, perfconfig='gemm:v1:256,256,32,2,1,1,0,4,1,1,2', scaled_gemm=False, scale_a_dtype=None, scale_b_dtype=None, trans_scale_a=False, trans_scale_b=False, arch='gfx1100', chip='gfx1100', num_cu=70, num_chiplets=1)
Lowering rejected config as not applicable
Command line = -operation gemm -t i8 -out_datatype i32 --arch gfx1100 --num_cu 70 --num_chiplets 1 -g 1 -m 260 -k 216 -n 308 -transA=True -transB=True --perf_config=gemm:v1:32,16,64,1,1,2,16,3,1,0,8 -pv
Errors = loc("<stdin>":18:10): error: Fusion with SplitK perfConfig is not legal
Lowering not applicable.

----------------------------------------------------------------------------------------------------
NOT_APPLICABLE: GemmConfiguration(datatype='i8', out_dtype='i32', g=1, m=260, k=216, n=308, trans_a=True, trans_b=True, perfconfig='gemm:v1:32,16,64,1,1,2,16,3,1,0,8', scaled_gemm=False, scale_a_dtype=None, scale_b_dtype=None, trans_scale_a=False, trans_scale_b=False, arch='gfx1100', chip='gfx1100', num_cu=70, num_chiplets=1)
Lowering rejected config as not applicable
Command line = -operation gemm -t bf16 -out_datatype bf16 --arch gfx1100 --num_cu 70 --num_chiplets 1 -g 1 -m 343 -k 267 -n 206 -transA=True -transB=False --perf_config=gemm:v1:16,32,64,2,1,8,32,3,2,1,2 -pv -RMS_threshold 1e-2
Errors = loc("<stdin>":18:10): error: Fusion with SplitK perfConfig is not legal
Lowering not applicable.

----------------------------------------------------------------------------------------------------
NOT_APPLICABLE: GemmConfiguration(datatype='bf16', out_dtype='bf16', g=1, m=343, k=267, n=206, trans_a=True, trans_b=False, perfconfig='gemm:v1:16,32,64,2,1,8,32,3,2,1,2', scaled_gemm=False, scale_a_dtype=None, scale_b_dtype=None, trans_scale_a=False, trans_scale_b=False, arch='gfx1100', chip='gfx1100', num_cu=70, num_chiplets=1)
----------------------------------------------------------------------------------------------------
PASS: GemmConfiguration(datatype='f32', out_dtype='f32', g=1, m=377, k=160, n=361, trans_a=True, trans_b=True, perfconfig='gemm:v1:16,32,32,2,1,8,16,4,2,0,2', scaled_gemm=False, scale_a_dtype=None, scale_b_dtype=None, trans_scale_a=False, trans_scale_b=False, arch='gfx1100', chip='gfx1100', num_cu=70, num_chiplets=1)
----------------------------------------------------------------------------------------------------
PASS: GemmConfiguration(datatype='f32', out_dtype='f32', g=2, m=279, k=347, n=135, trans_a=True, trans_b=False, perfconfig='gemm:v1:128,32,32,1,1,16,0,4,1,1,1', scaled_gemm=False, scale_a_dtype=None, scale_b_dtype=None, trans_scale_a=False, trans_scale_b=False, arch='gfx1100', chip='gfx1100', num_cu=70, num_chiplets=1)
----------------------------------------------------------------------------------------------------
PASS: GemmConfiguration(datatype='bf16', out_dtype='bf16', g=1, m=498, k=308, n=491, trans_a=True, trans_b=False, perfconfig='gemm:v1:256,64,16,1,1,8,0,1,1,0,4', scaled_gemm=False, scale_a_dtype=None, scale_b_dtype=None, trans_scale_a=False, trans_scale_b=False, arch='gfx1100', chip='gfx1100', num_cu=70, num_chiplets=1)
----------------------------------------------------------------------------------------------------
PASS: GemmConfiguration(datatype='bf16', out_dtype='bf16', g=1, m=339, k=421, n=443, trans_a=False, trans_b=False, perfconfig='gemm:v1:16,256,128,1,1,8,0,1,1,2,0', scaled_gemm=False, scale_a_dtype=None, scale_b_dtype=None, trans_scale_a=False, trans_scale_b=False, arch='gfx1100', chip='gfx1100', num_cu=70, num_chiplets=1)
----------------------------------------------------------------------------------------------------
PASS: GemmConfiguration(datatype='fp8', out_dtype='f32', g=2, m=141, k=322, n=205, trans_a=True, trans_b=False, perfconfig='gemm:v1:32,32,32,2,1,2,0,1,2,8,1', scaled_gemm=False, scale_a_dtype=None, scale_b_dtype=None, trans_scale_a=False, trans_scale_b=False, arch='gfx1100', chip='gfx1100', num_cu=70, num_chiplets=1)
Lowering rejected config as not applicable
Command line = -operation gemm -t i8 -out_datatype i32 --arch gfx1100 --num_cu 70 --num_chiplets 1 -g 2 -m 386 -k 327 -n 434 -transA=False -transB=False --perf_config=gemm:v1:32,16,128,1,1,8,0,3,1,0,8 -pv
Errors = loc("<stdin>":18:10): error: Fusion with SplitK perfConfig is not legal
Lowering not applicable.

----------------------------------------------------------------------------------------------------
NOT_APPLICABLE: GemmConfiguration(datatype='i8', out_dtype='i32', g=2, m=386, k=327, n=434, trans_a=False, trans_b=False, perfconfig='gemm:v1:32,16,128,1,1,8,0,3,1,0,8', scaled_gemm=False, scale_a_dtype=None, scale_b_dtype=None, trans_scale_a=False, trans_scale_b=False, arch='gfx1100', chip='gfx1100', num_cu=70, num_chiplets=1)
Lowering rejected config as not applicable
Command line = -operation gemm -t i8 -out_datatype i32 --arch gfx1100 --num_cu 70 --num_chiplets 1 -g 1 -m 290 -k 319 -n 298 -transA=False -transB=True --perf_config=gemm:v1:64,128,16,1,1,8,16,2,3,4,4 -pv
Errors = loc("<stdin>":17:10): error: Fusion with SplitK perfConfig is not legal
Lowering not applicable.

----------------------------------------------------------------------------------------------------
NOT_APPLICABLE: GemmConfiguration(datatype='i8', out_dtype='i32', g=1, m=290, k=319, n=298, trans_a=False, trans_b=True, perfconfig='gemm:v1:64,128,16,1,1,8,16,2,3,4,4', scaled_gemm=False, scale_a_dtype=None, scale_b_dtype=None, trans_scale_a=False, trans_scale_b=False, arch='gfx1100', chip='gfx1100', num_cu=70, num_chiplets=1)
Lowering rejected config as not applicable
Command line = -operation gemm -t i8 -out_datatype i32 --arch gfx1100 --num_cu 70 --num_chiplets 1 -g 1 -m 189 -k 160 -n 141 -transA=True -transB=False --perf_config=gemm:v1:16,256,16,2,1,1,32,3,3,4,8 -pv
Errors = loc("<stdin>":18:10): error: Fusion with SplitK perfConfig is not legal
Lowering not applicable.

----------------------------------------------------------------------------------------------------
NOT_APPLICABLE: GemmConfiguration(datatype='i8', out_dtype='i32', g=1, m=189, k=160, n=141, trans_a=True, trans_b=False, perfconfig='gemm:v1:16,256,16,2,1,1,32,3,3,4,8', scaled_gemm=False, scale_a_dtype=None, scale_b_dtype=None, trans_scale_a=False, trans_scale_b=False, arch='gfx1100', chip='gfx1100', num_cu=70, num_chiplets=1)
Lowering rejected config as not applicable
Command line = -operation gemm -t f16 -out_datatype f16 --arch gfx1100 --num_cu 70 --num_chiplets 1 -g 2 -m 512 -k 290 -n 218 -transA=False -transB=True --perf_config=gemm:v1:32,16,16,1,1,4,32,4,1,4,8 -pv
Errors = loc("<stdin>":18:10): error: Fusion with SplitK perfConfig is not legal
Lowering not applicable.

----------------------------------------------------------------------------------------------------
NOT_APPLICABLE: GemmConfiguration(datatype='f16', out_dtype='f16', g=2, m=512, k=290, n=218, trans_a=False, trans_b=True, perfconfig='gemm:v1:32,16,16,1,1,4,32,4,1,4,8', scaled_gemm=False, scale_a_dtype=None, scale_b_dtype=None, trans_scale_a=False, trans_scale_b=False, arch='gfx1100', chip='gfx1100', num_cu=70, num_chiplets=1)
----------------------------------------------------------------------------------------------------
PASS: GemmConfiguration(datatype='f32', out_dtype='f32', g=2, m=384, k=1, n=426, trans_a=False, trans_b=False, perfconfig='gemm:v1:64,64,16,1,1,4,0,3,3,2,2', scaled_gemm=False, scale_a_dtype=None, scale_b_dtype=None, trans_scale_a=False, trans_scale_b=False, arch='gfx1100', chip='gfx1100', num_cu=70, num_chiplets=1)
----------------------------------------------------------------------------------------------------
PASS: GemmConfiguration(datatype='i8', out_dtype='i32', g=1, m=292, k=363, n=495, trans_a=True, trans_b=True, perfconfig='gemm:v1:16,16,16,1,1,1,16,1,3,4,4', scaled_gemm=False, scale_a_dtype=None, scale_b_dtype=None, trans_scale_a=False, trans_scale_b=False, arch='gfx1100', chip='gfx1100', num_cu=70, num_chiplets=1)
----------------------------------------------------------------------------------------------------
PASS: GemmConfiguration(datatype='bf16', out_dtype='bf16', g=1, m=347, k=353, n=139, trans_a=True, trans_b=True, perfconfig='gemm:v1:32,128,16,1,1,4,16,1,1,1,0', scaled_gemm=False, scale_a_dtype=None, scale_b_dtype=None, trans_scale_a=False, trans_scale_b=False, arch='gfx1100', chip='gfx1100', num_cu=70, num_chiplets=1)
----------------------------------------------------------------------------------------------------
PASS: GemmConfiguration(datatype='f32', out_dtype='f32', g=1, m=389, k=410, n=136, trans_a=True, trans_b=False, perfconfig='gemm:v1:128,128,128,2,1,16,0,3,1,8,8', scaled_gemm=False, scale_a_dtype=None, scale_b_dtype=None, trans_scale_a=False, trans_scale_b=False, arch='gfx1100', chip='gfx1100', num_cu=70, num_chiplets=1)
Lowering rejected config as not applicable
Command line = -operation gemm -t f16 -out_datatype f16 --arch gfx1100 --num_cu 70 --num_chiplets 1 -g 1 -m 50 -k 379 -n 395 -transA=False -transB=True --perf_config=gemm:v1:32,128,128,2,1,4,16,4,3,4,2 -pv
Errors = loc("<stdin>":17:10): error: Fusion with SplitK perfConfig is not legal
Lowering not applicable.

----------------------------------------------------------------------------------------------------
NOT_APPLICABLE: GemmConfiguration(datatype='f16', out_dtype='f16', g=1, m=50, k=379, n=395, trans_a=False, trans_b=True, perfconfig='gemm:v1:32,128,128,2,1,4,16,4,3,4,2', scaled_gemm=False, scale_a_dtype=None, scale_b_dtype=None, trans_scale_a=False, trans_scale_b=False, arch='gfx1100', chip='gfx1100', num_cu=70, num_chiplets=1)
Lowering rejected config as not applicable
Command line = -operation gemm -t bf16 -out_datatype bf16 --arch gfx1100 --num_cu 70 --num_chiplets 1 -g 2 -m 14 -k 461 -n 47 -transA=False -transB=False --perf_config=gemm:v1:128,256,32,1,1,4,16,4,2,8,2 -pv -RMS_threshold 1e-2
Errors = loc("<stdin>":18:10): error: Fusion with SplitK perfConfig is not legal
Lowering not applicable.

----------------------------------------------------------------------------------------------------
NOT_APPLICABLE: GemmConfiguration(datatype='bf16', out_dtype='bf16', g=2, m=14, k=461, n=47, trans_a=False, trans_b=False, perfconfig='gemm:v1:128,256,32,1,1,4,16,4,2,8,2', scaled_gemm=False, scale_a_dtype=None, scale_b_dtype=None, trans_scale_a=False, trans_scale_b=False, arch='gfx1100', chip='gfx1100', num_cu=70, num_chiplets=1)
Lowering rejected config as not applicable
Command line = -operation gemm -t bf16 -out_datatype bf16 --arch gfx1100 --num_cu 70 --num_chiplets 1 -g 2 -m 26 -k 505 -n 379 -transA=True -transB=True --perf_config=gemm:v1:128,256,16,2,1,1,0,2,3,2,8 -pv -RMS_threshold 1e-2
Errors = loc("<stdin>":18:10): error: Fusion with SplitK perfConfig is not legal
Lowering not applicable.

----------------------------------------------------------------------------------------------------
NOT_APPLICABLE: GemmConfiguration(datatype='bf16', out_dtype='bf16', g=2, m=26, k=505, n=379, trans_a=True, trans_b=True, perfconfig='gemm:v1:128,256,16,2,1,1,0,2,3,2,8', scaled_gemm=False, scale_a_dtype=None, scale_b_dtype=None, trans_scale_a=False, trans_scale_b=False, arch='gfx1100', chip='gfx1100', num_cu=70, num_chiplets=1)
Lowering rejected config as not applicable
Command line = -operation gemm -t i8 -out_datatype i32 --arch gfx1100 --num_cu 70 --num_chiplets 1 -g 2 -m 389 -k 261 -n 314 -transA=False -transB=True --perf_config=gemm:v1:64,16,32,1,1,8,0,2,3,2,1 -pv
Errors = loc("<stdin>":18:10): error: Fusion with SplitK perfConfig is not legal
Lowering not applicable.

----------------------------------------------------------------------------------------------------
NOT_APPLICABLE: GemmConfiguration(datatype='i8', out_dtype='i32', g=2, m=389, k=261, n=314, trans_a=False, trans_b=True, perfconfig='gemm:v1:64,16,32,1,1,8,0,2,3,2,1', scaled_gemm=False, scale_a_dtype=None, scale_b_dtype=None, trans_scale_a=False, trans_scale_b=False, arch='gfx1100', chip='gfx1100', num_cu=70, num_chiplets=1)
Lowering rejected config as not applicable
Command line = -operation gemm -t bf16 -out_datatype bf16 --arch gfx1100 --num_cu 70 --num_chiplets 1 -g 1 -m 199 -k 308 -n 2 -transA=True -transB=False --perf_config=gemm:v1:256,256,32,2,1,1,0,3,1,0,0 -pv -RMS_threshold 1e-2
Errors = loc("<stdin>":18:10): error: Fusion with SplitK perfConfig is not legal
Lowering not applicable.

----------------------------------------------------------------------------------------------------
NOT_APPLICABLE: GemmConfiguration(datatype='bf16', out_dtype='bf16', g=1, m=199, k=308, n=2, trans_a=True, trans_b=False, perfconfig='gemm:v1:256,256,32,2,1,1,0,3,1,0,0', scaled_gemm=False, scale_a_dtype=None, scale_b_dtype=None, trans_scale_a=False, trans_scale_b=False, arch='gfx1100', chip='gfx1100', num_cu=70, num_chiplets=1)
Lowering rejected config as not applicable
Command line = -operation gemm -t i8 -out_datatype i32 --arch gfx1100 --num_cu 70 --num_chiplets 1 -g 2 -m 215 -k 267 -n 330 -transA=False -transB=True --perf_config=gemm:v1:128,128,64,2,1,1,32,2,1,1,0 -pv
Errors = loc("<stdin>":18:10): error: Fusion with SplitK perfConfig is not legal
Lowering not applicable.

----------------------------------------------------------------------------------------------------
NOT_APPLICABLE: GemmConfiguration(datatype='i8', out_dtype='i32', g=2, m=215, k=267, n=330, trans_a=False, trans_b=True, perfconfig='gemm:v1:128,128,64,2,1,1,32,2,1,1,0', scaled_gemm=False, scale_a_dtype=None, scale_b_dtype=None, trans_scale_a=False, trans_scale_b=False, arch='gfx1100', chip='gfx1100', num_cu=70, num_chiplets=1)
----------------------------------------------------------------------------------------------------
PASS: GemmConfiguration(datatype='fp8', out_dtype='f32', g=2, m=118, k=456, n=282, trans_a=False, trans_b=True, perfconfig='gemm:v1:32,16,32,2,1,16,0,3,2,1,0', scaled_gemm=False, scale_a_dtype=None, scale_b_dtype=None, trans_scale_a=False, trans_scale_b=False, arch='gfx1100', chip='gfx1100', num_cu=70, num_chiplets=1)
----------------------------------------------------------------------------------------------------
PASS: GemmConfiguration(datatype='i8', out_dtype='i32', g=2, m=179, k=209, n=395, trans_a=False, trans_b=True, perfconfig='gemm:v1:256,128,32,2,1,4,0,1,3,4,0', scaled_gemm=False, scale_a_dtype=None, scale_b_dtype=None, trans_scale_a=False, trans_scale_b=False, arch='gfx1100', chip='gfx1100', num_cu=70, num_chiplets=1)
Lowering rejected config as not applicable
Command line = -operation gemm -t i8 -out_datatype i32 --arch gfx1100 --num_cu 70 --num_chiplets 1 -g 2 -m 169 -k 123 -n 25 -transA=False -transB=True --perf_config=gemm:v1:64,32,32,1,1,4,32,4,1,0,2 -pv
Errors = loc("<stdin>":18:10): error: Fusion with SplitK perfConfig is not legal
Lowering not applicable.

----------------------------------------------------------------------------------------------------
NOT_APPLICABLE: GemmConfiguration(datatype='i8', out_dtype='i32', g=2, m=169, k=123, n=25, trans_a=False, trans_b=True, perfconfig='gemm:v1:64,32,32,1,1,4,32,4,1,0,2', scaled_gemm=False, scale_a_dtype=None, scale_b_dtype=None, trans_scale_a=False, trans_scale_b=False, arch='gfx1100', chip='gfx1100', num_cu=70, num_chiplets=1)
Lowering rejected config as not applicable
Command line = -operation gemm -t bf16 -out_datatype bf16 --arch gfx1100 --num_cu 70 --num_chiplets 1 -g 1 -m 242 -k 100 -n 140 -transA=True -transB=True --perf_config=gemm:v1:64,16,16,2,1,2,16,4,2,1,4 -pv -RMS_threshold 1e-2
Errors = loc("<stdin>":18:10): error: Fusion with SplitK perfConfig is not legal
Lowering not applicable.

----------------------------------------------------------------------------------------------------
NOT_APPLICABLE: GemmConfiguration(datatype='bf16', out_dtype='bf16', g=1, m=242, k=100, n=140, trans_a=True, trans_b=True, perfconfig='gemm:v1:64,16,16,2,1,2,16,4,2,1,4', scaled_gemm=False, scale_a_dtype=None, scale_b_dtype=None, trans_scale_a=False, trans_scale_b=False, arch='gfx1100', chip='gfx1100', num_cu=70, num_chiplets=1)
Lowering rejected config as not applicable
Command line = -operation gemm -t i8 -out_datatype i32 --arch gfx1100 --num_cu 70 --num_chiplets 1 -g 2 -m 326 -k 414 -n 323 -transA=False -transB=True --perf_config=gemm:v1:256,256,64,1,1,8,0,2,2,1,1 -pv
Errors = loc("<stdin>":18:10): error: Fusion with SplitK perfConfig is not legal
Lowering not applicable.

----------------------------------------------------------------------------------------------------
NOT_APPLICABLE: GemmConfiguration(datatype='i8', out_dtype='i32', g=2, m=326, k=414, n=323, trans_a=False, trans_b=True, perfconfig='gemm:v1:256,256,64,1,1,8,0,2,2,1,1', scaled_gemm=False, scale_a_dtype=None, scale_b_dtype=None, trans_scale_a=False, trans_scale_b=False, arch='gfx1100', chip='gfx1100', num_cu=70, num_chiplets=1)
Lowering rejected config as not applicable
Command line = -operation gemm -t f32 -out_datatype f32 --arch gfx1100 --num_cu 70 --num_chiplets 1 -g 2 -m 404 -k 45 -n 246 -transA=True -transB=True --perf_config=gemm:v1:128,256,128,2,1,16,32,1,3,0,0 -pv
Errors = loc("<stdin>":11:1): error: ttg.shared (131072) exceeds LDS limit (65536) for amdgcn-amd-amdhsa:gfx1100
Lowering not applicable.

----------------------------------------------------------------------------------------------------
NOT_APPLICABLE: GemmConfiguration(datatype='f32', out_dtype='f32', g=2, m=404, k=45, n=246, trans_a=True, trans_b=True, perfconfig='gemm:v1:128,256,128,2,1,16,32,1,3,0,0', scaled_gemm=False, scale_a_dtype=None, scale_b_dtype=None, trans_scale_a=False, trans_scale_b=False, arch='gfx1100', chip='gfx1100', num_cu=70, num_chiplets=1)
----------------------------------------------------------------------------------------------------
PASS: GemmConfiguration(datatype='i8', out_dtype='i32', g=1, m=291, k=223, n=150, trans_a=False, trans_b=False, perfconfig='gemm:v1:128,16,16,1,1,2,0,1,1,4,8', scaled_gemm=False, scale_a_dtype=None, scale_b_dtype=None, trans_scale_a=False, trans_scale_b=False, arch='gfx1100', chip='gfx1100', num_cu=70, num_chiplets=1)
----------------------------------------------------------------------------------------------------
PASS: GemmConfiguration(datatype='f32', out_dtype='f32', g=1, m=408, k=30, n=168, trans_a=False, trans_b=False, perfconfig='gemm:v1:64,32,128,1,1,16,16,4,1,4,4', scaled_gemm=False, scale_a_dtype=None, scale_b_dtype=None, trans_scale_a=False, trans_scale_b=False, arch='gfx1100', chip='gfx1100', num_cu=70, num_chiplets=1)
----------------------------------------------------------------------------------------------------
PASS: GemmConfiguration(datatype='f32', out_dtype='f32', g=1, m=503, k=342, n=373, trans_a=False, trans_b=True, perfconfig='gemm:v1:16,128,32,2,1,2,0,3,1,8,2', scaled_gemm=False, scale_a_dtype=None, scale_b_dtype=None, trans_scale_a=False, trans_scale_b=False, arch='gfx1100', chip='gfx1100', num_cu=70, num_chiplets=1)
----------------------------------------------------------------------------------------------------
PASS: GemmConfiguration(datatype='fp8', out_dtype='f32', g=2, m=492, k=173, n=316, trans_a=True, trans_b=True, perfconfig='gemm:v1:128,256,16,1,1,8,32,4,3,8,1', scaled_gemm=False, scale_a_dtype=None, scale_b_dtype=None, trans_scale_a=False, trans_scale_b=False, arch='gfx1100', chip='gfx1100', num_cu=70, num_chiplets=1)
Lowering rejected config as not applicable
Command line = -operation gemm -t f16 -out_datatype f16 --arch gfx1100 --num_cu 70 --num_chiplets 1 -g 1 -m 223 -k 301 -n 282 -transA=True -transB=False --perf_config=gemm:v1:32,256,16,1,1,8,32,3,3,0,4 -pv
Errors = loc("<stdin>":18:10): error: Fusion with SplitK perfConfig is not legal
Lowering not applicable.

----------------------------------------------------------------------------------------------------
NOT_APPLICABLE: GemmConfiguration(datatype='f16', out_dtype='f16', g=1, m=223, k=301, n=282, trans_a=True, trans_b=False, perfconfig='gemm:v1:32,256,16,1,1,8,32,3,3,0,4', scaled_gemm=False, scale_a_dtype=None, scale_b_dtype=None, trans_scale_a=False, trans_scale_b=False, arch='gfx1100', chip='gfx1100', num_cu=70, num_chiplets=1)
----------------------------------------------------------------------------------------------------
PASS: GemmConfiguration(datatype='i8', out_dtype='i32', g=1, m=168, k=485, n=147, trans_a=False, trans_b=True, perfconfig='gemm:v1:256,32,64,1,1,16,16,1,1,1,2', scaled_gemm=False, scale_a_dtype=None, scale_b_dtype=None, trans_scale_a=False, trans_scale_b=False, arch='gfx1100', chip='gfx1100', num_cu=70, num_chiplets=1)
----------------------------------------------------------------------------------------------------
PASS: GemmConfiguration(datatype='i8', out_dtype='i32', g=2, m=434, k=359, n=23, trans_a=True, trans_b=False, perfconfig='gemm:v1:256,64,16,1,1,16,0,1,1,0,1', scaled_gemm=False, scale_a_dtype=None, scale_b_dtype=None, trans_scale_a=False, trans_scale_b=False, arch='gfx1100', chip='gfx1100', num_cu=70, num_chiplets=1)
----------------------------------------------------------------------------------------------------
PASS: GemmConfiguration(datatype='fp8', out_dtype='f32', g=2, m=376, k=133, n=105, trans_a=False, trans_b=True, perfconfig='gemm:v1:32,64,16,1,1,16,32,3,1,4,8', scaled_gemm=False, scale_a_dtype=None, scale_b_dtype=None, trans_scale_a=False, trans_scale_b=False, arch='gfx1100', chip='gfx1100', num_cu=70, num_chiplets=1)
----------------------------------------------------------------------------------------------------
PASS: GemmConfiguration(datatype='bf16', out_dtype='bf16', g=1, m=91, k=187, n=336, trans_a=True, trans_b=False, perfconfig='gemm:v1:256,32,32,2,1,2,32,1,1,0,2', scaled_gemm=False, scale_a_dtype=None, scale_b_dtype=None, trans_scale_a=False, trans_scale_b=False, arch='gfx1100', chip='gfx1100', num_cu=70, num_chiplets=1)
----------------------------------------------------------------------------------------------------
PASS: GemmConfiguration(datatype='fp8', out_dtype='f32', g=1, m=359, k=321, n=424, trans_a=True, trans_b=False, perfconfig='gemm:v1:32,64,32,2,1,8,32,4,2,2,4', scaled_gemm=False, scale_a_dtype=None, scale_b_dtype=None, trans_scale_a=False, trans_scale_b=False, arch='gfx1100', chip='gfx1100', num_cu=70, num_chiplets=1)
----------------------------------------------------------------------------------------------------
PASS: GemmConfiguration(datatype='bf16', out_dtype='bf16', g=2, m=81, k=462, n=123, trans_a=False, trans_b=False, perfconfig='gemm:v1:256,16,64,1,1,2,16,1,2,2,1', scaled_gemm=False, scale_a_dtype=None, scale_b_dtype=None, trans_scale_a=False, trans_scale_b=False, arch='gfx1100', chip='gfx1100', num_cu=70, num_chiplets=1)
----------------------------------------------------------------------------------------------------
PASS: GemmConfiguration(datatype='f16', out_dtype='f16', g=2, m=320, k=104, n=105, trans_a=True, trans_b=True, perfconfig='gemm:v1:256,64,32,1,1,2,0,1,2,1,2', scaled_gemm=False, scale_a_dtype=None, scale_b_dtype=None, trans_scale_a=False, trans_scale_b=False, arch='gfx1100', chip='gfx1100', num_cu=70, num_chiplets=1)
----------------------------------------------------------------------------------------------------
PASS: GemmConfiguration(datatype='f16', out_dtype='f16', g=1, m=17, k=130, n=168, trans_a=True, trans_b=False, perfconfig='gemm:v1:16,256,16,1,1,8,32,1,1,4,0', scaled_gemm=False, scale_a_dtype=None, scale_b_dtype=None, trans_scale_a=False, trans_scale_b=False, arch='gfx1100', chip='gfx1100', num_cu=70, num_chiplets=1)
----------------------------------------------------------------------------------------------------
PASS: GemmConfiguration(datatype='i8', out_dtype='i32', g=2, m=244, k=111, n=84, trans_a=True, trans_b=True, perfconfig='gemm:v1:32,32,16,2,1,1,32,1,2,0,0', scaled_gemm=False, scale_a_dtype=None, scale_b_dtype=None, trans_scale_a=False, trans_scale_b=False, arch='gfx1100', chip='gfx1100', num_cu=70, num_chiplets=1)
----------------------------------------------------------------------------------------------------
PASS: GemmConfiguration(datatype='fp8', out_dtype='f32', g=2, m=49, k=120, n=442, trans_a=False, trans_b=False, perfconfig='gemm:v1:256,16,32,2,1,8,0,2,2,1,4', scaled_gemm=False, scale_a_dtype=None, scale_b_dtype=None, trans_scale_a=False, trans_scale_b=False, arch='gfx1100', chip='gfx1100', num_cu=70, num_chiplets=1)
----------------------------------------------------------------------------------------------------
PASS: GemmConfiguration(datatype='fp8', out_dtype='f32', g=1, m=393, k=58, n=423, trans_a=True, trans_b=True, perfconfig='gemm:v1:32,64,64,2,1,2,32,3,3,1,0', scaled_gemm=False, scale_a_dtype=None, scale_b_dtype=None, trans_scale_a=False, trans_scale_b=False, arch='gfx1100', chip='gfx1100', num_cu=70, num_chiplets=1)
----------------------------------------------------------------------------------------------------
PASS: GemmConfiguration(datatype='fp8', out_dtype='f32', g=1, m=207, k=206, n=187, trans_a=False, trans_b=True, perfconfig='gemm:v1:32,32,128,1,1,2,16,2,2,4,1', scaled_gemm=False, scale_a_dtype=None, scale_b_dtype=None, trans_scale_a=False, trans_scale_b=False, arch='gfx1100', chip='gfx1100', num_cu=70, num_chiplets=1)
----------------------------------------------------------------------------------------------------
PASS: GemmConfiguration(datatype='fp8', out_dtype='f32', g=2, m=332, k=369, n=167, trans_a=False, trans_b=True, perfconfig='gemm:v1:128,64,32,2,1,8,32,4,3,0,4', scaled_gemm=False, scale_a_dtype=None, scale_b_dtype=None, trans_scale_a=False, trans_scale_b=False, arch='gfx1100', chip='gfx1100', num_cu=70, num_chiplets=1)
----------------------------------------------------------------------------------------------------
PASS: GemmConfiguration(datatype='bf16', out_dtype='bf16', g=2, m=385, k=470, n=486, trans_a=False, trans_b=True, perfconfig='gemm:v1:128,128,128,1,1,2,32,1,2,1,2', scaled_gemm=False, scale_a_dtype=None, scale_b_dtype=None, trans_scale_a=False, trans_scale_b=False, arch='gfx1100', chip='gfx1100', num_cu=70, num_chiplets=1)
----------------------------------------------------------------------------------------------------
PASS: GemmConfiguration(datatype='fp8', out_dtype='f32', g=2, m=135, k=234, n=87, trans_a=True, trans_b=False, perfconfig='gemm:v1:256,16,64,2,1,1,0,2,1,1,1', scaled_gemm=False, scale_a_dtype=None, scale_b_dtype=None, trans_scale_a=False, trans_scale_b=False, arch='gfx1100', chip='gfx1100', num_cu=70, num_chiplets=1)
Lowering rejected config as not applicable
Command line = -operation gemm -t bf16 -out_datatype bf16 --arch gfx1100 --num_cu 70 --num_chiplets 1 -g 2 -m 365 -k 304 -n 73 -transA=True -transB=False --perf_config=gemm:v1:16,16,16,2,1,16,0,4,2,1,4 -pv -RMS_threshold 1e-2
Errors = loc("<stdin>":18:10): error: Fusion with SplitK perfConfig is not legal
Lowering not applicable.

----------------------------------------------------------------------------------------------------
NOT_APPLICABLE: GemmConfiguration(datatype='bf16', out_dtype='bf16', g=2, m=365, k=304, n=73, trans_a=True, trans_b=False, perfconfig='gemm:v1:16,16,16,2,1,16,0,4,2,1,4', scaled_gemm=False, scale_a_dtype=None, scale_b_dtype=None, trans_scale_a=False, trans_scale_b=False, arch='gfx1100', chip='gfx1100', num_cu=70, num_chiplets=1)
Lowering rejected config as not applicable
Command line = -operation gemm -t f16 -out_datatype f16 --arch gfx1100 --num_cu 70 --num_chiplets 1 -g 1 -m 407 -k 8 -n 14 -transA=True -transB=True --perf_config=gemm:v1:256,128,64,1,1,8,32,4,3,8,1 -pv
Errors = loc("<stdin>":18:10): error: Fusion with SplitK perfConfig is not legal
Lowering not applicable.

----------------------------------------------------------------------------------------------------
NOT_APPLICABLE: GemmConfiguration(datatype='f16', out_dtype='f16', g=1, m=407, k=8, n=14, trans_a=True, trans_b=True, perfconfig='gemm:v1:256,128,64,1,1,8,32,4,3,8,1', scaled_gemm=False, scale_a_dtype=None, scale_b_dtype=None, trans_scale_a=False, trans_scale_b=False, arch='gfx1100', chip='gfx1100', num_cu=70, num_chiplets=1)
Lowering rejected config as not applicable
Command line = -operation gemm -t bf16 -out_datatype bf16 --arch gfx1100 --num_cu 70 --num_chiplets 1 -g 2 -m 489 -k 48 -n 162 -transA=False -transB=False --perf_config=gemm:v1:128,32,32,2,1,16,32,3,3,8,8 -pv -RMS_threshold 1e-2
Errors = loc("<stdin>":18:10): error: Fusion with SplitK perfConfig is not legal
Lowering not applicable.

----------------------------------------------------------------------------------------------------
NOT_APPLICABLE: GemmConfiguration(datatype='bf16', out_dtype='bf16', g=2, m=489, k=48, n=162, trans_a=False, trans_b=False, perfconfig='gemm:v1:128,32,32,2,1,16,32,3,3,8,8', scaled_gemm=False, scale_a_dtype=None, scale_b_dtype=None, trans_scale_a=False, trans_scale_b=False, arch='gfx1100', chip='gfx1100', num_cu=70, num_chiplets=1)
Lowering rejected config as not applicable
Command line = -operation gemm -t f32 -out_datatype f32 --arch gfx1100 --num_cu 70 --num_chiplets 1 -g 1 -m 244 -k 272 -n 475 -transA=False -transB=False --perf_config=gemm:v1:64,32,128,1,1,8,32,2,3,0,0 -pv
Errors = loc("<stdin>":12:1): error: ttg.shared (98304) exceeds LDS limit (65536) for amdgcn-amd-amdhsa:gfx1100
Lowering not applicable.

----------------------------------------------------------------------------------------------------
NOT_APPLICABLE: GemmConfiguration(datatype='f32', out_dtype='f32', g=1, m=244, k=272, n=475, trans_a=False, trans_b=False, perfconfig='gemm:v1:64,32,128,1,1,8,32,2,3,0,0', scaled_gemm=False, scale_a_dtype=None, scale_b_dtype=None, trans_scale_a=False, trans_scale_b=False, arch='gfx1100', chip='gfx1100', num_cu=70, num_chiplets=1)
----------------------------------------------------------------------------------------------------
PASS: GemmConfiguration(datatype='f16', out_dtype='f16', g=2, m=212, k=320, n=185, trans_a=False, trans_b=True, perfconfig='gemm:v1:64,16,64,1,1,4,16,1,1,8,8', scaled_gemm=False, scale_a_dtype=None, scale_b_dtype=None, trans_scale_a=False, trans_scale_b=False, arch='gfx1100', chip='gfx1100', num_cu=70, num_chiplets=1)
----------------------------------------------------------------------------------------------------
PASS: GemmConfiguration(datatype='fp8', out_dtype='f32', g=1, m=315, k=11, n=334, trans_a=True, trans_b=False, perfconfig='gemm:v1:128,64,16,2,1,8,0,1,1,1,1', scaled_gemm=False, scale_a_dtype=None, scale_b_dtype=None, trans_scale_a=False, trans_scale_b=False, arch='gfx1100', chip='gfx1100', num_cu=70, num_chiplets=1)
----------------------------------------------------------------------------------------------------
PASS: GemmConfiguration(datatype='fp8', out_dtype='f32', g=2, m=470, k=480, n=495, trans_a=True, trans_b=False, perfconfig='gemm:v1:128,64,32,2,1,8,16,3,1,1,8', scaled_gemm=False, scale_a_dtype=None, scale_b_dtype=None, trans_scale_a=False, trans_scale_b=False, arch='gfx1100', chip='gfx1100', num_cu=70, num_chiplets=1)
----------------------------------------------------------------------------------------------------
PASS: GemmConfiguration(datatype='fp8', out_dtype='f32', g=1, m=82, k=240, n=13, trans_a=False, trans_b=False, perfconfig='gemm:v1:64,256,128,1,1,4,32,4,2,4,4', scaled_gemm=False, scale_a_dtype=None, scale_b_dtype=None, trans_scale_a=False, trans_scale_b=False, arch='gfx1100', chip='gfx1100', num_cu=70, num_chiplets=1)
Lowering rejected config as not applicable
Command line = -operation gemm -t i8 -out_datatype i32 --arch gfx1100 --num_cu 70 --num_chiplets 1 -g 1 -m 213 -k 475 -n 420 -transA=False -transB=True --perf_config=gemm:v1:16,128,128,2,1,16,16,4,3,4,4 -pv
Errors = loc("<stdin>":17:10): error: Fusion with SplitK perfConfig is not legal
Lowering not applicable.

----------------------------------------------------------------------------------------------------
NOT_APPLICABLE: GemmConfiguration(datatype='i8', out_dtype='i32', g=1, m=213, k=475, n=420, trans_a=False, trans_b=True, perfconfig='gemm:v1:16,128,128,2,1,16,16,4,3,4,4', scaled_gemm=False, scale_a_dtype=None, scale_b_dtype=None, trans_scale_a=False, trans_scale_b=False, arch='gfx1100', chip='gfx1100', num_cu=70, num_chiplets=1)
Lowering rejected config as not applicable
Command line = -operation gemm -t f16 -out_datatype f16 --arch gfx1100 --num_cu 70 --num_chiplets 1 -g 2 -m 245 -k 10 -n 253 -transA=False -transB=False --perf_config=gemm:v1:128,256,32,1,1,1,0,3,2,2,4 -pv
Errors = loc("<stdin>":18:10): error: Fusion with SplitK perfConfig is not legal
Lowering not applicable.

----------------------------------------------------------------------------------------------------
NOT_APPLICABLE: GemmConfiguration(datatype='f16', out_dtype='f16', g=2, m=245, k=10, n=253, trans_a=False, trans_b=False, perfconfig='gemm:v1:128,256,32,1,1,1,0,3,2,2,4', scaled_gemm=False, scale_a_dtype=None, scale_b_dtype=None, trans_scale_a=False, trans_scale_b=False, arch='gfx1100', chip='gfx1100', num_cu=70, num_chiplets=1)
Lowering rejected config as not applicable
Command line = -operation gemm -t bf16 -out_datatype bf16 --arch gfx1100 --num_cu 70 --num_chiplets 1 -g 2 -m 66 -k 102 -n 315 -transA=True -transB=False --perf_config=gemm:v1:32,16,16,2,1,2,32,3,2,8,2 -pv -RMS_threshold 1e-2
Errors = loc("<stdin>":18:10): error: Fusion with SplitK perfConfig is not legal
Lowering not applicable.

----------------------------------------------------------------------------------------------------
NOT_APPLICABLE: GemmConfiguration(datatype='bf16', out_dtype='bf16', g=2, m=66, k=102, n=315, trans_a=True, trans_b=False, perfconfig='gemm:v1:32,16,16,2,1,2,32,3,2,8,2', scaled_gemm=False, scale_a_dtype=None, scale_b_dtype=None, trans_scale_a=False, trans_scale_b=False, arch='gfx1100', chip='gfx1100', num_cu=70, num_chiplets=1)
Lowering rejected config as not applicable
Command line = -operation gemm -t f16 -out_datatype f16 --arch gfx1100 --num_cu 70 --num_chiplets 1 -g 2 -m 359 -k 278 -n 295 -transA=False -transB=False --perf_config=gemm:v1:128,64,64,1,1,1,16,2,2,4,8 -pv
Errors = loc("<stdin>":18:10): error: Fusion with SplitK perfConfig is not legal
Lowering not applicable.

----------------------------------------------------------------------------------------------------
NOT_APPLICABLE: GemmConfiguration(datatype='f16', out_dtype='f16', g=2, m=359, k=278, n=295, trans_a=False, trans_b=False, perfconfig='gemm:v1:128,64,64,1,1,1,16,2,2,4,8', scaled_gemm=False, scale_a_dtype=None, scale_b_dtype=None, trans_scale_a=False, trans_scale_b=False, arch='gfx1100', chip='gfx1100', num_cu=70, num_chiplets=1)
Lowering rejected config as not applicable
Command line = -operation gemm -t i8 -out_datatype i32 --arch gfx1100 --num_cu 70 --num_chiplets 1 -g 1 -m 342 -k 248 -n 174 -transA=True -transB=True --perf_config=gemm:v1:32,32,32,2,1,4,32,4,3,8,8 -pv
Errors = loc("<stdin>":18:10): error: Fusion with SplitK perfConfig is not legal
Lowering not applicable.

----------------------------------------------------------------------------------------------------
NOT_APPLICABLE: GemmConfiguration(datatype='i8', out_dtype='i32', g=1, m=342, k=248, n=174, trans_a=True, trans_b=True, perfconfig='gemm:v1:32,32,32,2,1,4,32,4,3,8,8', scaled_gemm=False, scale_a_dtype=None, scale_b_dtype=None, trans_scale_a=False, trans_scale_b=False, arch='gfx1100', chip='gfx1100', num_cu=70, num_chiplets=1)
----------------------------------------------------------------------------------------------------
PASS: GemmConfiguration(datatype='f32', out_dtype='f32', g=1, m=491, k=471, n=65, trans_a=True, trans_b=True, perfconfig='gemm:v1:32,32,128,2,1,16,0,1,1,4,4', scaled_gemm=False, scale_a_dtype=None, scale_b_dtype=None, trans_scale_a=False, trans_scale_b=False, arch='gfx1100', chip='gfx1100', num_cu=70, num_chiplets=1)
----------------------------------------------------------------------------------------------------
PASS: GemmConfiguration(datatype='f32', out_dtype='f32', g=1, m=241, k=211, n=115, trans_a=True, trans_b=True, perfconfig='gemm:v1:64,16,128,1,1,8,16,1,1,2,1', scaled_gemm=False, scale_a_dtype=None, scale_b_dtype=None, trans_scale_a=False, trans_scale_b=False, arch='gfx1100', chip='gfx1100', num_cu=70, num_chiplets=1)
----------------------------------------------------------------------------------------------------
PASS: GemmConfiguration(datatype='f32', out_dtype='f32', g=1, m=414, k=264, n=89, trans_a=False, trans_b=True, perfconfig='gemm:v1:32,128,128,2,1,4,0,4,1,1,2', scaled_gemm=False, scale_a_dtype=None, scale_b_dtype=None, trans_scale_a=False, trans_scale_b=False, arch='gfx1100', chip='gfx1100', num_cu=70, num_chiplets=1)
Lowering rejected config as not applicable
Command line = -operation gemm -t f16 -out_datatype f16 --arch gfx1100 --num_cu 70 --num_chiplets 1 -g 2 -m 219 -k 263 -n 154 -transA=True -transB=False --perf_config=gemm:v1:16,64,32,1,1,8,0,2,1,1,8 -pv
Errors = loc("<stdin>":18:10): error: Fusion with SplitK perfConfig is not legal
Lowering not applicable.

----------------------------------------------------------------------------------------------------
NOT_APPLICABLE: GemmConfiguration(datatype='f16', out_dtype='f16', g=2, m=219, k=263, n=154, trans_a=True, trans_b=False, perfconfig='gemm:v1:16,64,32,1,1,8,0,2,1,1,8', scaled_gemm=False, scale_a_dtype=None, scale_b_dtype=None, trans_scale_a=False, trans_scale_b=False, arch='gfx1100', chip='gfx1100', num_cu=70, num_chiplets=1)
Lowering rejected config as not applicable
Command line = -operation gemm -t bf16 -out_datatype bf16 --arch gfx1100 --num_cu 70 --num_chiplets 1 -g 1 -m 182 -k 195 -n 45 -transA=True -transB=False --perf_config=gemm:v1:128,16,16,2,1,2,32,4,1,8,8 -pv -RMS_threshold 1e-2
Errors = loc("<stdin>":18:10): error: Fusion with SplitK perfConfig is not legal
Lowering not applicable.

----------------------------------------------------------------------------------------------------
NOT_APPLICABLE: GemmConfiguration(datatype='bf16', out_dtype='bf16', g=1, m=182, k=195, n=45, trans_a=True, trans_b=False, perfconfig='gemm:v1:128,16,16,2,1,2,32,4,1,8,8', scaled_gemm=False, scale_a_dtype=None, scale_b_dtype=None, trans_scale_a=False, trans_scale_b=False, arch='gfx1100', chip='gfx1100', num_cu=70, num_chiplets=1)
Lowering rejected config as not applicable
Command line = -operation gemm -t f16 -out_datatype f16 --arch gfx1100 --num_cu 70 --num_chiplets 1 -g 1 -m 279 -k 470 -n 25 -transA=True -transB=False --perf_config=gemm:v1:16,32,64,1,1,2,0,2,3,8,2 -pv
Errors = loc("<stdin>":18:10): error: Fusion with SplitK perfConfig is not legal
Lowering not applicable.

----------------------------------------------------------------------------------------------------
NOT_APPLICABLE: GemmConfiguration(datatype='f16', out_dtype='f16', g=1, m=279, k=470, n=25, trans_a=True, trans_b=False, perfconfig='gemm:v1:16,32,64,1,1,2,0,2,3,8,2', scaled_gemm=False, scale_a_dtype=None, scale_b_dtype=None, trans_scale_a=False, trans_scale_b=False, arch='gfx1100', chip='gfx1100', num_cu=70, num_chiplets=1)
Lowering rejected config as not applicable
Command line = -operation gemm -t f16 -out_datatype f16 --arch gfx1100 --num_cu 70 --num_chiplets 1 -g 2 -m 136 -k 91 -n 409 -transA=True -transB=False --perf_config=gemm:v1:16,32,32,1,1,16,0,2,2,2,1 -pv
Errors = loc("<stdin>":18:10): error: Fusion with SplitK perfConfig is not legal
Lowering not applicable.

----------------------------------------------------------------------------------------------------
NOT_APPLICABLE: GemmConfiguration(datatype='f16', out_dtype='f16', g=2, m=136, k=91, n=409, trans_a=True, trans_b=False, perfconfig='gemm:v1:16,32,32,1,1,16,0,2,2,2,1', scaled_gemm=False, scale_a_dtype=None, scale_b_dtype=None, trans_scale_a=False, trans_scale_b=False, arch='gfx1100', chip='gfx1100', num_cu=70, num_chiplets=1)
Lowering rejected config as not applicable
Command line = -operation gemm -t bf16 -out_datatype bf16 --arch gfx1100 --num_cu 70 --num_chiplets 1 -g 1 -m 205 -k 17 -n 7 -transA=False -transB=True --perf_config=gemm:v1:16,128,16,1,1,2,0,3,3,2,0 -pv -RMS_threshold 1e-2
Errors = loc("<stdin>":17:10): error: Fusion with SplitK perfConfig is not legal
Lowering not applicable.

----------------------------------------------------------------------------------------------------
NOT_APPLICABLE: GemmConfiguration(datatype='bf16', out_dtype='bf16', g=1, m=205, k=17, n=7, trans_a=False, trans_b=True, perfconfig='gemm:v1:16,128,16,1,1,2,0,3,3,2,0', scaled_gemm=False, scale_a_dtype=None, scale_b_dtype=None, trans_scale_a=False, trans_scale_b=False, arch='gfx1100', chip='gfx1100', num_cu=70, num_chiplets=1)
----------------------------------------------------------------------------------------------------
PASS: GemmConfiguration(datatype='fp8', out_dtype='f32', g=2, m=502, k=106, n=410, trans_a=False, trans_b=True, perfconfig='gemm:v1:256,32,16,1,1,8,32,4,1,8,8', scaled_gemm=False, scale_a_dtype=None, scale_b_dtype=None, trans_scale_a=False, trans_scale_b=False, arch='gfx1100', chip='gfx1100', num_cu=70, num_chiplets=1)
----------------------------------------------------------------------------------------------------
PASS: GemmConfiguration(datatype='fp8', out_dtype='f32', g=1, m=51, k=153, n=347, trans_a=True, trans_b=True, perfconfig='gemm:v1:64,16,64,2,1,16,16,1,1,1,2', scaled_gemm=False, scale_a_dtype=None, scale_b_dtype=None, trans_scale_a=False, trans_scale_b=False, arch='gfx1100', chip='gfx1100', num_cu=70, num_chiplets=1)
----------------------------------------------------------------------------------------------------
PASS: GemmConfiguration(datatype='f32', out_dtype='f32', g=1, m=470, k=46, n=313, trans_a=False, trans_b=False, perfconfig='gemm:v1:64,64,128,2,1,2,16,1,3,0,8', scaled_gemm=False, scale_a_dtype=None, scale_b_dtype=None, trans_scale_a=False, trans_scale_b=False, arch='gfx1100', chip='gfx1100', num_cu=70, num_chiplets=1)
Lowering rejected config as not applicable
Command line = -operation gemm -t f16 -out_datatype f16 --arch gfx1100 --num_cu 70 --num_chiplets 1 -g 2 -m 314 -k 456 -n 36 -transA=True -transB=True --perf_config=gemm:v1:32,128,16,2,1,2,32,4,1,0,1 -pv
Errors = loc("<stdin>":18:10): error: Fusion with SplitK perfConfig is not legal
Lowering not applicable.

----------------------------------------------------------------------------------------------------
NOT_APPLICABLE: GemmConfiguration(datatype='f16', out_dtype='f16', g=2, m=314, k=456, n=36, trans_a=True, trans_b=True, perfconfig='gemm:v1:32,128,16,2,1,2,32,4,1,0,1', scaled_gemm=False, scale_a_dtype=None, scale_b_dtype=None, trans_scale_a=False, trans_scale_b=False, arch='gfx1100', chip='gfx1100', num_cu=70, num_chiplets=1)
Lowering rejected config as not applicable
Command line = -operation gemm -t f16 -out_datatype f16 --arch gfx1100 --num_cu 70 --num_chiplets 1 -g 1 -m 491 -k 509 -n 95 -transA=False -transB=True --perf_config=gemm:v1:128,64,32,1,1,2,0,4,3,0,0 -pv
Errors = loc("<stdin>":17:10): error: Fusion with SplitK perfConfig is not legal
Lowering not applicable.

----------------------------------------------------------------------------------------------------
NOT_APPLICABLE: GemmConfiguration(datatype='f16', out_dtype='f16', g=1, m=491, k=509, n=95, trans_a=False, trans_b=True, perfconfig='gemm:v1:128,64,32,1,1,2,0,4,3,0,0', scaled_gemm=False, scale_a_dtype=None, scale_b_dtype=None, trans_scale_a=False, trans_scale_b=False, arch='gfx1100', chip='gfx1100', num_cu=70, num_chiplets=1)
Lowering rejected config as not applicable
Command line = -operation gemm -t bf16 -out_datatype bf16 --arch gfx1100 --num_cu 70 --num_chiplets 1 -g 2 -m 104 -k 88 -n 258 -transA=True -transB=False --perf_config=gemm:v1:64,128,16,2,1,16,0,3,1,2,4 -pv -RMS_threshold 1e-2
Errors = loc("<stdin>":18:10): error: Fusion with SplitK perfConfig is not legal
Lowering not applicable.

----------------------------------------------------------------------------------------------------
NOT_APPLICABLE: GemmConfiguration(datatype='bf16', out_dtype='bf16', g=2, m=104, k=88, n=258, trans_a=True, trans_b=False, perfconfig='gemm:v1:64,128,16,2,1,16,0,3,1,2,4', scaled_gemm=False, scale_a_dtype=None, scale_b_dtype=None, trans_scale_a=False, trans_scale_b=False, arch='gfx1100', chip='gfx1100', num_cu=70, num_chiplets=1)
Lowering rejected config as not applicable
Command line = -operation gemm -t f32 -out_datatype f32 --arch gfx1100 --num_cu 70 --num_chiplets 1 -g 1 -m 96 -k 321 -n 326 -transA=False -transB=True --perf_config=gemm:v1:128,64,128,1,1,16,0,2,2,8,1 -pv
Errors = loc("<stdin>":11:1): error: ttg.shared (98304) exceeds LDS limit (65536) for amdgcn-amd-amdhsa:gfx1100
Lowering not applicable.

----------------------------------------------------------------------------------------------------
NOT_APPLICABLE: GemmConfiguration(datatype='f32', out_dtype='f32', g=1, m=96, k=321, n=326, trans_a=False, trans_b=True, perfconfig='gemm:v1:128,64,128,1,1,16,0,2,2,8,1', scaled_gemm=False, scale_a_dtype=None, scale_b_dtype=None, trans_scale_a=False, trans_scale_b=False, arch='gfx1100', chip='gfx1100', num_cu=70, num_chiplets=1)
----------------------------------------------------------------------------------------------------
PASS: GemmConfiguration(datatype='bf16', out_dtype='bf16', g=1, m=44, k=495, n=181, trans_a=True, trans_b=False, perfconfig='gemm:v1:32,16,16,2,1,2,0,1,1,8,0', scaled_gemm=False, scale_a_dtype=None, scale_b_dtype=None, trans_scale_a=False, trans_scale_b=False, arch='gfx1100', chip='gfx1100', num_cu=70, num_chiplets=1)
----------------------------------------------------------------------------------------------------
PASS: GemmConfiguration(datatype='i8', out_dtype='i32', g=2, m=372, k=177, n=98, trans_a=False, trans_b=True, perfconfig='gemm:v1:128,128,64,2,1,16,32,1,2,4,8', scaled_gemm=False, scale_a_dtype=None, scale_b_dtype=None, trans_scale_a=False, trans_scale_b=False, arch='gfx1100', chip='gfx1100', num_cu=70, num_chiplets=1)
----------------------------------------------------------------------------------------------------
PASS: GemmConfiguration(datatype='bf16', out_dtype='bf16', g=1, m=101, k=377, n=498, trans_a=True, trans_b=False, perfconfig='gemm:v1:256,32,16,2,1,4,0,1,2,2,4', scaled_gemm=False, scale_a_dtype=None, scale_b_dtype=None, trans_scale_a=False, trans_scale_b=False, arch='gfx1100', chip='gfx1100', num_cu=70, num_chiplets=1)
----------------------------------------------------------------------------------------------------
PASS: GemmConfiguration(datatype='fp8', out_dtype='f32', g=2, m=222, k=79, n=225, trans_a=False, trans_b=False, perfconfig='gemm:v1:256,64,32,1,1,16,32,2,1,1,4', scaled_gemm=False, scale_a_dtype=None, scale_b_dtype=None, trans_scale_a=False, trans_scale_b=False, arch='gfx1100', chip='gfx1100', num_cu=70, num_chiplets=1)
Lowering rejected config as not applicable
Command line = -operation gemm -t bf16 -out_datatype bf16 --arch gfx1100 --num_cu 70 --num_chiplets 1 -g 2 -m 117 -k 142 -n 421 -transA=False -transB=True --perf_config=gemm:v1:32,32,32,1,1,8,0,4,2,2,0 -pv -RMS_threshold 1e-2
Errors = loc("<stdin>":18:10): error: Fusion with SplitK perfConfig is not legal
Lowering not applicable.

----------------------------------------------------------------------------------------------------
NOT_APPLICABLE: GemmConfiguration(datatype='bf16', out_dtype='bf16', g=2, m=117, k=142, n=421, trans_a=False, trans_b=True, perfconfig='gemm:v1:32,32,32,1,1,8,0,4,2,2,0', scaled_gemm=False, scale_a_dtype=None, scale_b_dtype=None, trans_scale_a=False, trans_scale_b=False, arch='gfx1100', chip='gfx1100', num_cu=70, num_chiplets=1)
Lowering rejected config as not applicable
Command line = -operation gemm -t f32 -out_datatype f32 --arch gfx1100 --num_cu 70 --num_chiplets 1 -g 2 -m 163 -k 275 -n 426 -transA=True -transB=True --perf_config=gemm:v1:256,16,64,1,1,16,16,3,3,1,2 -pv
Errors = loc("<stdin>":12:1): error: ttg.shared (139264) exceeds LDS limit (65536) for amdgcn-amd-amdhsa:gfx1100
Lowering not applicable.

----------------------------------------------------------------------------------------------------
NOT_APPLICABLE: GemmConfiguration(datatype='f32', out_dtype='f32', g=2, m=163, k=275, n=426, trans_a=True, trans_b=True, perfconfig='gemm:v1:256,16,64,1,1,16,16,3,3,1,2', scaled_gemm=False, scale_a_dtype=None, scale_b_dtype=None, trans_scale_a=False, trans_scale_b=False, arch='gfx1100', chip='gfx1100', num_cu=70, num_chiplets=1)
----------------------------------------------------------------------------------------------------
PASS: GemmConfiguration(datatype='f16', out_dtype='f16', g=2, m=466, k=201, n=177, trans_a=True, trans_b=True, perfconfig='gemm:v1:32,32,16,2,1,8,0,1,2,1,2', scaled_gemm=False, scale_a_dtype=None, scale_b_dtype=None, trans_scale_a=False, trans_scale_b=False, arch='gfx1100', chip='gfx1100', num_cu=70, num_chiplets=1)
----------------------------------------------------------------------------------------------------
PASS: GemmConfiguration(datatype='f32', out_dtype='f32', g=2, m=292, k=155, n=305, trans_a=True, trans_b=True, perfconfig='gemm:v1:64,32,64,2,1,4,32,4,2,4,1', scaled_gemm=False, scale_a_dtype=None, scale_b_dtype=None, trans_scale_a=False, trans_scale_b=False, arch='gfx1100', chip='gfx1100', num_cu=70, num_chiplets=1)
----------------------------------------------------------------------------------------------------
PASS: GemmConfiguration(datatype='f32', out_dtype='f32', g=2, m=31, k=97, n=68, trans_a=True, trans_b=True, perfconfig='gemm:v1:128,128,16,1,1,1,16,4,3,2,8', scaled_gemm=False, scale_a_dtype=None, scale_b_dtype=None, trans_scale_a=False, trans_scale_b=False, arch='gfx1100', chip='gfx1100', num_cu=70, num_chiplets=1)
----------------------------------------------------------------------------------------------------
PASS: GemmConfiguration(datatype='f32', out_dtype='f32', g=1, m=165, k=61, n=106, trans_a=True, trans_b=True, perfconfig='gemm:v1:32,128,32,1,1,1,16,4,1,8,1', scaled_gemm=False, scale_a_dtype=None, scale_b_dtype=None, trans_scale_a=False, trans_scale_b=False, arch='gfx1100', chip='gfx1100', num_cu=70, num_chiplets=1)
----------------------------------------------------------------------------------------------------
PASS: GemmConfiguration(datatype='i8', out_dtype='i32', g=2, m=347, k=319, n=298, trans_a=False, trans_b=True, perfconfig='gemm:v1:128,256,16,1,1,1,16,1,1,8,1', scaled_gemm=False, scale_a_dtype=None, scale_b_dtype=None, trans_scale_a=False, trans_scale_b=False, arch='gfx1100', chip='gfx1100', num_cu=70, num_chiplets=1)
----------------------------------------------------------------------------------------------------
PASS: GemmConfiguration(datatype='f32', out_dtype='f32', g=1, m=430, k=109, n=469, trans_a=False, trans_b=False, perfconfig='gemm:v1:128,64,128,1,1,2,32,2,2,1,2', scaled_gemm=False, scale_a_dtype=None, scale_b_dtype=None, trans_scale_a=False, trans_scale_b=False, arch='gfx1100', chip='gfx1100', num_cu=70, num_chiplets=1)
Lowering rejected config as not applicable
Command line = -operation gemm -t bf16 -out_datatype bf16 --arch gfx1100 --num_cu 70 --num_chiplets 1 -g 1 -m 492 -k 230 -n 183 -transA=False -transB=True --perf_config=gemm:v1:64,256,64,1,1,4,0,3,1,4,4 -pv -RMS_threshold 1e-2
Errors = loc("<stdin>":17:10): error: Fusion with SplitK perfConfig is not legal
Lowering not applicable.

----------------------------------------------------------------------------------------------------
NOT_APPLICABLE: GemmConfiguration(datatype='bf16', out_dtype='bf16', g=1, m=492, k=230, n=183, trans_a=False, trans_b=True, perfconfig='gemm:v1:64,256,64,1,1,4,0,3,1,4,4', scaled_gemm=False, scale_a_dtype=None, scale_b_dtype=None, trans_scale_a=False, trans_scale_b=False, arch='gfx1100', chip='gfx1100', num_cu=70, num_chiplets=1)
Lowering rejected config as not applicable
Command line = -operation gemm -t i8 -out_datatype i32 --arch gfx1100 --num_cu 70 --num_chiplets 1 -g 1 -m 1 -k 191 -n 289 -transA=False -transB=True --perf_config=gemm:v1:64,256,32,2,1,1,32,3,3,0,8 -pv
Errors = loc("<stdin>":18:10): error: Fusion with SplitK perfConfig is not legal
Lowering not applicable.

----------------------------------------------------------------------------------------------------
NOT_APPLICABLE: GemmConfiguration(datatype='i8', out_dtype='i32', g=1, m=1, k=191, n=289, trans_a=False, trans_b=True, perfconfig='gemm:v1:64,256,32,2,1,1,32,3,3,0,8', scaled_gemm=False, scale_a_dtype=None, scale_b_dtype=None, trans_scale_a=False, trans_scale_b=False, arch='gfx1100', chip='gfx1100', num_cu=70, num_chiplets=1)
Lowering rejected config as not applicable
Command line = -operation gemm -t f32 -out_datatype f32 --arch gfx1100 --num_cu 70 --num_chiplets 1 -g 2 -m 347 -k 49 -n 510 -transA=False -transB=False --perf_config=gemm:v1:16,256,128,1,1,8,16,1,2,8,0 -pv
Errors = loc("<stdin>":11:1): error: ttg.shared (131072) exceeds LDS limit (65536) for amdgcn-amd-amdhsa:gfx1100
Lowering not applicable.

----------------------------------------------------------------------------------------------------
NOT_APPLICABLE: GemmConfiguration(datatype='f32', out_dtype='f32', g=2, m=347, k=49, n=510, trans_a=False, trans_b=False, perfconfig='gemm:v1:16,256,128,1,1,8,16,1,2,8,0', scaled_gemm=False, scale_a_dtype=None, scale_b_dtype=None, trans_scale_a=False, trans_scale_b=False, arch='gfx1100', chip='gfx1100', num_cu=70, num_chiplets=1)
----------------------------------------------------------------------------------------------------
PASS: GemmConfiguration(datatype='f16', out_dtype='f16', g=1, m=298, k=82, n=237, trans_a=False, trans_b=True, perfconfig='gemm:v1:16,16,16,1,1,1,0,1,2,2,8', scaled_gemm=False, scale_a_dtype=None, scale_b_dtype=None, trans_scale_a=False, trans_scale_b=False, arch='gfx1100', chip='gfx1100', num_cu=70, num_chiplets=1)
----------------------------------------------------------------------------------------------------
PASS: GemmConfiguration(datatype='bf16', out_dtype='bf16', g=1, m=86, k=324, n=64, trans_a=True, trans_b=True, perfconfig='gemm:v1:16,128,16,2,1,4,16,1,2,0,8', scaled_gemm=False, scale_a_dtype=None, scale_b_dtype=None, trans_scale_a=False, trans_scale_b=False, arch='gfx1100', chip='gfx1100', num_cu=70, num_chiplets=1)
----------------------------------------------------------------------------------------------------
PASS: GemmConfiguration(datatype='f16', out_dtype='f16', g=1, m=258, k=70, n=131, trans_a=False, trans_b=True, perfconfig='gemm:v1:16,256,16,1,1,8,32,1,1,2,1', scaled_gemm=False, scale_a_dtype=None, scale_b_dtype=None, trans_scale_a=False, trans_scale_b=False, arch='gfx1100', chip='gfx1100', num_cu=70, num_chiplets=1)
----------------------------------------------------------------------------------------------------
PASS: GemmConfiguration(datatype='f32', out_dtype='f32', g=2, m=20, k=141, n=300, trans_a=False, trans_b=False, perfconfig='gemm:v1:32,128,16,1,1,4,0,4,2,8,1', scaled_gemm=False, scale_a_dtype=None, scale_b_dtype=None, trans_scale_a=False, trans_scale_b=False, arch='gfx1100', chip='gfx1100', num_cu=70, num_chiplets=1)
----------------------------------------------------------------------------------------------------
PASS: GemmConfiguration(datatype='f32', out_dtype='f32', g=1, m=90, k=441, n=117, trans_a=True, trans_b=False, perfconfig='gemm:v1:128,128,128,2,1,16,32,4,3,2,8', scaled_gemm=False, scale_a_dtype=None, scale_b_dtype=None, trans_scale_a=False, trans_scale_b=False, arch='gfx1100', chip='gfx1100', num_cu=70, num_chiplets=1)
Lowering rejected config as not applicable
Command line = -operation gemm -t bf16 -out_datatype bf16 --arch gfx1100 --num_cu 70 --num_chiplets 1 -g 2 -m 84 -k 336 -n 118 -transA=False -transB=False --perf_config=gemm:v1:64,64,32,1,1,8,32,3,1,4,4 -pv -RMS_threshold 1e-2
Errors = loc("<stdin>":18:10): error: Fusion with SplitK perfConfig is not legal
Lowering not applicable.

----------------------------------------------------------------------------------------------------
NOT_APPLICABLE: GemmConfiguration(datatype='bf16', out_dtype='bf16', g=2, m=84, k=336, n=118, trans_a=False, trans_b=False, perfconfig='gemm:v1:64,64,32,1,1,8,32,3,1,4,4', scaled_gemm=False, scale_a_dtype=None, scale_b_dtype=None, trans_scale_a=False, trans_scale_b=False, arch='gfx1100', chip='gfx1100', num_cu=70, num_chiplets=1)
----------------------------------------------------------------------------------------------------
PASS: GemmConfiguration(datatype='f32', out_dtype='f32', g=2, m=399, k=121, n=370, trans_a=True, trans_b=False, perfconfig='gemm:v1:32,16,128,2,1,8,32,1,3,2,2', scaled_gemm=False, scale_a_dtype=None, scale_b_dtype=None, trans_scale_a=False, trans_scale_b=False, arch='gfx1100', chip='gfx1100', num_cu=70, num_chiplets=1)
Lowering rejected config as not applicable
Command line = -operation gemm -t f32 -out_datatype f32 --arch gfx1100 --num_cu 70 --num_chiplets 1 -g 1 -m 312 -k 499 -n 7 -transA=False -transB=True --perf_config=gemm:v1:128,32,128,2,1,1,16,1,2,4,2 -pv
Errors = loc("<stdin>":10:1): error: ttg.shared (81920) exceeds LDS limit (65536) for amdgcn-amd-amdhsa:gfx1100
Lowering not applicable.

----------------------------------------------------------------------------------------------------
NOT_APPLICABLE: GemmConfiguration(datatype='f32', out_dtype='f32', g=1, m=312, k=499, n=7, trans_a=False, trans_b=True, perfconfig='gemm:v1:128,32,128,2,1,1,16,1,2,4,2', scaled_gemm=False, scale_a_dtype=None, scale_b_dtype=None, trans_scale_a=False, trans_scale_b=False, arch='gfx1100', chip='gfx1100', num_cu=70, num_chiplets=1)
Lowering rejected config as not applicable
Command line = -operation gemm -t f32 -out_datatype f32 --arch gfx1100 --num_cu 70 --num_chiplets 1 -g 2 -m 459 -k 388 -n 335 -transA=True -transB=True --perf_config=gemm:v1:256,128,128,2,1,4,32,1,3,8,4 -pv
Errors = loc("<stdin>":11:1): error: ttg.shared (393216) exceeds LDS limit (65536) for amdgcn-amd-amdhsa:gfx1100
Lowering not applicable.

----------------------------------------------------------------------------------------------------
NOT_APPLICABLE: GemmConfiguration(datatype='f32', out_dtype='f32', g=2, m=459, k=388, n=335, trans_a=True, trans_b=True, perfconfig='gemm:v1:256,128,128,2,1,4,32,1,3,8,4', scaled_gemm=False, scale_a_dtype=None, scale_b_dtype=None, trans_scale_a=False, trans_scale_b=False, arch='gfx1100', chip='gfx1100', num_cu=70, num_chiplets=1)
----------------------------------------------------------------------------------------------------
PASS: GemmConfiguration(datatype='i8', out_dtype='i32', g=2, m=309, k=186, n=443, trans_a=False, trans_b=False, perfconfig='gemm:v1:128,64,128,2,1,2,16,1,3,1,8', scaled_gemm=False, scale_a_dtype=None, scale_b_dtype=None, trans_scale_a=False, trans_scale_b=False, arch='gfx1100', chip='gfx1100', num_cu=70, num_chiplets=1)
----------------------------------------------------------------------------------------------------
PASS: GemmConfiguration(datatype='fp8', out_dtype='f32', g=2, m=119, k=225, n=48, trans_a=True, trans_b=True, perfconfig='gemm:v1:16,256,64,2,1,1,32,2,1,1,1', scaled_gemm=False, scale_a_dtype=None, scale_b_dtype=None, trans_scale_a=False, trans_scale_b=False, arch='gfx1100', chip='gfx1100', num_cu=70, num_chiplets=1)
----------------------------------------------------------------------------------------------------
PASS: GemmConfiguration(datatype='f32', out_dtype='f32', g=2, m=67, k=511, n=120, trans_a=False, trans_b=False, perfconfig='gemm:v1:64,128,128,1,1,1,16,2,1,4,2', scaled_gemm=False, scale_a_dtype=None, scale_b_dtype=None, trans_scale_a=False, trans_scale_b=False, arch='gfx1100', chip='gfx1100', num_cu=70, num_chiplets=1)
----------------------------------------------------------------------------------------------------
PASS: GemmConfiguration(datatype='fp8', out_dtype='f32', g=1, m=123, k=70, n=180, trans_a=True, trans_b=True, perfconfig='gemm:v1:256,256,128,2,1,1,32,4,3,2,4', scaled_gemm=False, scale_a_dtype=None, scale_b_dtype=None, trans_scale_a=False, trans_scale_b=False, arch='gfx1100', chip='gfx1100', num_cu=70, num_chiplets=1)
Lowering rejected config as not applicable
Command line = -operation gemm -t i8 -out_datatype i32 --arch gfx1100 --num_cu 70 --num_chiplets 1 -g 1 -m 35 -k 100 -n 270 -transA=False -transB=False --perf_config=gemm:v1:16,256,64,1,1,1,0,3,1,0,4 -pv
Errors = loc("<stdin>":18:10): error: Fusion with SplitK perfConfig is not legal
Lowering not applicable.

----------------------------------------------------------------------------------------------------
NOT_APPLICABLE: GemmConfiguration(datatype='i8', out_dtype='i32', g=1, m=35, k=100, n=270, trans_a=False, trans_b=False, perfconfig='gemm:v1:16,256,64,1,1,1,0,3,1,0,4', scaled_gemm=False, scale_a_dtype=None, scale_b_dtype=None, trans_scale_a=False, trans_scale_b=False, arch='gfx1100', chip='gfx1100', num_cu=70, num_chiplets=1)
Lowering rejected config as not applicable
Command line = -operation gemm -t bf16 -out_datatype bf16 --arch gfx1100 --num_cu 70 --num_chiplets 1 -g 2 -m 137 -k 385 -n 153 -transA=False -transB=False --perf_config=gemm:v1:16,64,64,1,1,4,32,3,1,2,2 -pv -RMS_threshold 1e-2
Errors = loc("<stdin>":18:10): error: Fusion with SplitK perfConfig is not legal
Lowering not applicable.

----------------------------------------------------------------------------------------------------
NOT_APPLICABLE: GemmConfiguration(datatype='bf16', out_dtype='bf16', g=2, m=137, k=385, n=153, trans_a=False, trans_b=False, perfconfig='gemm:v1:16,64,64,1,1,4,32,3,1,2,2', scaled_gemm=False, scale_a_dtype=None, scale_b_dtype=None, trans_scale_a=False, trans_scale_b=False, arch='gfx1100', chip='gfx1100', num_cu=70, num_chiplets=1)
Lowering rejected config as not applicable
Command line = -operation gemm -t f16 -out_datatype f16 --arch gfx1100 --num_cu 70 --num_chiplets 1 -g 1 -m 447 -k 38 -n 75 -transA=True -transB=False --perf_config=gemm:v1:32,128,64,2,1,1,32,4,2,1,2 -pv
Errors = loc("<stdin>":18:10): error: Fusion with SplitK perfConfig is not legal
Lowering not applicable.

----------------------------------------------------------------------------------------------------
NOT_APPLICABLE: GemmConfiguration(datatype='f16', out_dtype='f16', g=1, m=447, k=38, n=75, trans_a=True, trans_b=False, perfconfig='gemm:v1:32,128,64,2,1,1,32,4,2,1,2', scaled_gemm=False, scale_a_dtype=None, scale_b_dtype=None, trans_scale_a=False, trans_scale_b=False, arch='gfx1100', chip='gfx1100', num_cu=70, num_chiplets=1)
Lowering rejected config as not applicable
Command line = -operation gemm -t f16 -out_datatype f16 --arch gfx1100 --num_cu 70 --num_chiplets 1 -g 2 -m 149 -k 168 -n 60 -transA=True -transB=False --perf_config=gemm:v1:256,64,64,2,1,4,32,4,1,1,8 -pv
Errors = loc("<stdin>":18:10): error: Fusion with SplitK perfConfig is not legal
Lowering not applicable.

----------------------------------------------------------------------------------------------------
NOT_APPLICABLE: GemmConfiguration(datatype='f16', out_dtype='f16', g=2, m=149, k=168, n=60, trans_a=True, trans_b=False, perfconfig='gemm:v1:256,64,64,2,1,4,32,4,1,1,8', scaled_gemm=False, scale_a_dtype=None, scale_b_dtype=None, trans_scale_a=False, trans_scale_b=False, arch='gfx1100', chip='gfx1100', num_cu=70, num_chiplets=1)
----------------------------------------------------------------------------------------------------
PASS: GemmConfiguration(datatype='f16', out_dtype='f16', g=2, m=441, k=188, n=482, trans_a=True, trans_b=True, perfconfig='gemm:v1:128,32,128,2,1,8,16,1,1,8,0', scaled_gemm=False, scale_a_dtype=None, scale_b_dtype=None, trans_scale_a=False, trans_scale_b=False, arch='gfx1100', chip='gfx1100', num_cu=70, num_chiplets=1)
----------------------------------------------------------------------------------------------------
PASS: GemmConfiguration(datatype='f32', out_dtype='f32', g=2, m=219, k=57, n=234, trans_a=True, trans_b=True, perfconfig='gemm:v1:256,64,16,1,1,8,0,1,1,4,1', scaled_gemm=False, scale_a_dtype=None, scale_b_dtype=None, trans_scale_a=False, trans_scale_b=False, arch='gfx1100', chip='gfx1100', num_cu=70, num_chiplets=1)
----------------------------------------------------------------------------------------------------
PASS: GemmConfiguration(datatype='f32', out_dtype='f32', g=1, m=331, k=422, n=190, trans_a=True, trans_b=True, perfconfig='gemm:v1:128,128,64,1,1,16,16,2,2,4,0', scaled_gemm=False, scale_a_dtype=None, scale_b_dtype=None, trans_scale_a=False, trans_scale_b=False, arch='gfx1100', chip='gfx1100', num_cu=70, num_chiplets=1)
----------------------------------------------------------------------------------------------------
PASS: GemmConfiguration(datatype='fp8', out_dtype='f32', g=2, m=453, k=442, n=344, trans_a=False, trans_b=True, perfconfig='gemm:v1:128,16,64,1,1,8,16,2,2,1,4', scaled_gemm=False, scale_a_dtype=None, scale_b_dtype=None, trans_scale_a=False, trans_scale_b=False, arch='gfx1100', chip='gfx1100', num_cu=70, num_chiplets=1)
Lowering rejected config as not applicable
Command line = -operation gemm -t i8 -out_datatype i32 --arch gfx1100 --num_cu 70 --num_chiplets 1 -g 2 -m 47 -k 395 -n 95 -transA=True -transB=False --perf_config=gemm:v1:64,64,128,2,1,4,16,3,3,0,0 -pv
Errors = loc("<stdin>":18:10): error: Fusion with SplitK perfConfig is not legal
Lowering not applicable.

----------------------------------------------------------------------------------------------------
NOT_APPLICABLE: GemmConfiguration(datatype='i8', out_dtype='i32', g=2, m=47, k=395, n=95, trans_a=True, trans_b=False, perfconfig='gemm:v1:64,64,128,2,1,4,16,3,3,0,0', scaled_gemm=False, scale_a_dtype=None, scale_b_dtype=None, trans_scale_a=False, trans_scale_b=False, arch='gfx1100', chip='gfx1100', num_cu=70, num_chiplets=1)
Lowering rejected config as not applicable
Command line = -operation gemm -t bf16 -out_datatype bf16 --arch gfx1100 --num_cu 70 --num_chiplets 1 -g 2 -m 211 -k 140 -n 266 -transA=False -transB=False --perf_config=gemm:v1:256,256,16,1,1,2,32,4,2,0,8 -pv -RMS_threshold 1e-2
Errors = loc("<stdin>":18:10): error: Fusion with SplitK perfConfig is not legal
Lowering not applicable.

----------------------------------------------------------------------------------------------------
NOT_APPLICABLE: GemmConfiguration(datatype='bf16', out_dtype='bf16', g=2, m=211, k=140, n=266, trans_a=False, trans_b=False, perfconfig='gemm:v1:256,256,16,1,1,2,32,4,2,0,8', scaled_gemm=False, scale_a_dtype=None, scale_b_dtype=None, trans_scale_a=False, trans_scale_b=False, arch='gfx1100', chip='gfx1100', num_cu=70, num_chiplets=1)
Lowering rejected config as not applicable
Command line = -operation gemm -t bf16 -out_datatype bf16 --arch gfx1100 --num_cu 70 --num_chiplets 1 -g 2 -m 461 -k 60 -n 11 -transA=False -transB=False --perf_config=gemm:v1:256,128,16,2,1,16,16,2,1,1,2 -pv -RMS_threshold 1e-2
Errors = loc("<stdin>":18:10): error: Fusion with SplitK perfConfig is not legal
Lowering not applicable.

----------------------------------------------------------------------------------------------------
NOT_APPLICABLE: GemmConfiguration(datatype='bf16', out_dtype='bf16', g=2, m=461, k=60, n=11, trans_a=False, trans_b=False, perfconfig='gemm:v1:256,128,16,2,1,16,16,2,1,1,2', scaled_gemm=False, scale_a_dtype=None, scale_b_dtype=None, trans_scale_a=False, trans_scale_b=False, arch='gfx1100', chip='gfx1100', num_cu=70, num_chiplets=1)
----------------------------------------------------------------------------------------------------
PASS: GemmConfiguration(datatype='f32', out_dtype='f32', g=2, m=302, k=158, n=372, trans_a=False, trans_b=False, perfconfig='gemm:v1:16,32,32,2,1,8,0,1,3,0,1', scaled_gemm=False, scale_a_dtype=None, scale_b_dtype=None, trans_scale_a=False, trans_scale_b=False, arch='gfx1100', chip='gfx1100', num_cu=70, num_chiplets=1)
----------------------------------------------------------------------------------------------------
PASS: GemmConfiguration(datatype='i8', out_dtype='i32', g=2, m=438, k=294, n=424, trans_a=True, trans_b=True, perfconfig='gemm:v1:256,32,32,1,1,1,32,1,2,2,1', scaled_gemm=False, scale_a_dtype=None, scale_b_dtype=None, trans_scale_a=False, trans_scale_b=False, arch='gfx1100', chip='gfx1100', num_cu=70, num_chiplets=1)
----------------------------------------------------------------------------------------------------
PASS: GemmConfiguration(datatype='fp8', out_dtype='f32', g=2, m=159, k=504, n=250, trans_a=True, trans_b=True, perfconfig='gemm:v1:128,64,16,2,1,1,32,1,1,4,4', scaled_gemm=False, scale_a_dtype=None, scale_b_dtype=None, trans_scale_a=False, trans_scale_b=False, arch='gfx1100', chip='gfx1100', num_cu=70, num_chiplets=1)
----------------------------------------------------------------------------------------------------
PASS: GemmConfiguration(datatype='fp8', out_dtype='f32', g=2, m=151, k=211, n=16, trans_a=True, trans_b=True, perfconfig='gemm:v1:64,128,32,2,1,4,16,1,1,1,0', scaled_gemm=False, scale_a_dtype=None, scale_b_dtype=None, trans_scale_a=False, trans_scale_b=False, arch='gfx1100', chip='gfx1100', num_cu=70, num_chiplets=1)
----------------------------------------------------------------------------------------------------
PASS: GemmConfiguration(datatype='f32', out_dtype='f32', g=2, m=194, k=292, n=91, trans_a=False, trans_b=False, perfconfig='gemm:v1:128,128,32,2,1,1,0,3,3,4,0', scaled_gemm=False, scale_a_dtype=None, scale_b_dtype=None, trans_scale_a=False, trans_scale_b=False, arch='gfx1100', chip='gfx1100', num_cu=70, num_chiplets=1)
Lowering rejected config as not applicable
Command line = -operation gemm -t i8 -out_datatype i32 --arch gfx1100 --num_cu 70 --num_chiplets 1 -g 2 -m 422 -k 205 -n 464 -transA=True -transB=True --perf_config=gemm:v1:64,64,16,1,1,1,0,3,1,1,2 -pv
Errors = loc("<stdin>":18:10): error: Fusion with SplitK perfConfig is not legal
Lowering not applicable.

----------------------------------------------------------------------------------------------------
NOT_APPLICABLE: GemmConfiguration(datatype='i8', out_dtype='i32', g=2, m=422, k=205, n=464, trans_a=True, trans_b=True, perfconfig='gemm:v1:64,64,16,1,1,1,0,3,1,1,2', scaled_gemm=False, scale_a_dtype=None, scale_b_dtype=None, trans_scale_a=False, trans_scale_b=False, arch='gfx1100', chip='gfx1100', num_cu=70, num_chiplets=1)
Lowering rejected config as not applicable
Command line = -operation gemm -t f16 -out_datatype f16 --arch gfx1100 --num_cu 70 --num_chiplets 1 -g 1 -m 500 -k 255 -n 235 -transA=False -transB=True --perf_config=gemm:v1:256,32,128,2,1,1,0,4,2,2,0 -pv
Errors = loc("<stdin>":17:10): error: Fusion with SplitK perfConfig is not legal
Lowering not applicable.

----------------------------------------------------------------------------------------------------
NOT_APPLICABLE: GemmConfiguration(datatype='f16', out_dtype='f16', g=1, m=500, k=255, n=235, trans_a=False, trans_b=True, perfconfig='gemm:v1:256,32,128,2,1,1,0,4,2,2,0', scaled_gemm=False, scale_a_dtype=None, scale_b_dtype=None, trans_scale_a=False, trans_scale_b=False, arch='gfx1100', chip='gfx1100', num_cu=70, num_chiplets=1)
Lowering rejected config as not applicable
Command line = -operation gemm -t i8 -out_datatype i32 --arch gfx1100 --num_cu 70 --num_chiplets 1 -g 1 -m 237 -k 145 -n 134 -transA=True -transB=True --perf_config=gemm:v1:256,256,16,1,1,4,32,4,3,2,8 -pv
Errors = loc("<stdin>":18:10): error: Fusion with SplitK perfConfig is not legal
Lowering not applicable.

----------------------------------------------------------------------------------------------------
NOT_APPLICABLE: GemmConfiguration(datatype='i8', out_dtype='i32', g=1, m=237, k=145, n=134, trans_a=True, trans_b=True, perfconfig='gemm:v1:256,256,16,1,1,4,32,4,3,2,8', scaled_gemm=False, scale_a_dtype=None, scale_b_dtype=None, trans_scale_a=False, trans_scale_b=False, arch='gfx1100', chip='gfx1100', num_cu=70, num_chiplets=1)
Lowering rejected config as not applicable
Command line = -operation gemm -t bf16 -out_datatype bf16 --arch gfx1100 --num_cu 70 --num_chiplets 1 -g 1 -m 362 -k 20 -n 184 -transA=True -transB=False --perf_config=gemm:v1:64,32,128,1,1,16,16,3,1,8,8 -pv -RMS_threshold 1e-2
Errors = loc("<stdin>":18:10): error: Fusion with SplitK perfConfig is not legal
Lowering not applicable.

----------------------------------------------------------------------------------------------------
NOT_APPLICABLE: GemmConfiguration(datatype='bf16', out_dtype='bf16', g=1, m=362, k=20, n=184, trans_a=True, trans_b=False, perfconfig='gemm:v1:64,32,128,1,1,16,16,3,1,8,8', scaled_gemm=False, scale_a_dtype=None, scale_b_dtype=None, trans_scale_a=False, trans_scale_b=False, arch='gfx1100', chip='gfx1100', num_cu=70, num_chiplets=1)
----------------------------------------------------------------------------------------------------
PASS: GemmConfiguration(datatype='f32', out_dtype='f32', g=2, m=66, k=395, n=274, trans_a=False, trans_b=True, perfconfig='gemm:v1:16,64,128,2,1,4,0,3,2,8,4', scaled_gemm=False, scale_a_dtype=None, scale_b_dtype=None, trans_scale_a=False, trans_scale_b=False, arch='gfx1100', chip='gfx1100', num_cu=70, num_chiplets=1)
----------------------------------------------------------------------------------------------------
PASS: GemmConfiguration(datatype='bf16', out_dtype='bf16', g=1, m=246, k=317, n=37, trans_a=False, trans_b=False, perfconfig='gemm:v1:128,32,64,2,1,16,32,1,3,0,1', scaled_gemm=False, scale_a_dtype=None, scale_b_dtype=None, trans_scale_a=False, trans_scale_b=False, arch='gfx1100', chip='gfx1100', num_cu=70, num_chiplets=1)
----------------------------------------------------------------------------------------------------
PASS: GemmConfiguration(datatype='fp8', out_dtype='f32', g=2, m=357, k=49, n=88, trans_a=True, trans_b=True, perfconfig='gemm:v1:256,16,128,1,1,16,0,1,3,2,8', scaled_gemm=False, scale_a_dtype=None, scale_b_dtype=None, trans_scale_a=False, trans_scale_b=False, arch='gfx1100', chip='gfx1100', num_cu=70, num_chiplets=1)
----------------------------------------------------------------------------------------------------
PASS: GemmConfiguration(datatype='fp8', out_dtype='f32', g=1, m=412, k=130, n=385, trans_a=True, trans_b=True, perfconfig='gemm:v1:128,16,128,2,1,16,16,2,2,0,0', scaled_gemm=False, scale_a_dtype=None, scale_b_dtype=None, trans_scale_a=False, trans_scale_b=False, arch='gfx1100', chip='gfx1100', num_cu=70, num_chiplets=1)
Lowering rejected config as not applicable
Command line = -operation gemm -t bf16 -out_datatype bf16 --arch gfx1100 --num_cu 70 --num_chiplets 1 -g 2 -m 150 -k 236 -n 471 -transA=False -transB=True --perf_config=gemm:v1:32,32,128,1,1,8,16,3,3,2,4 -pv -RMS_threshold 1e-2
Errors = loc("<stdin>":18:10): error: Fusion with SplitK perfConfig is not legal
Lowering not applicable.

----------------------------------------------------------------------------------------------------
NOT_APPLICABLE: GemmConfiguration(datatype='bf16', out_dtype='bf16', g=2, m=150, k=236, n=471, trans_a=False, trans_b=True, perfconfig='gemm:v1:32,32,128,1,1,8,16,3,3,2,4', scaled_gemm=False, scale_a_dtype=None, scale_b_dtype=None, trans_scale_a=False, trans_scale_b=False, arch='gfx1100', chip='gfx1100', num_cu=70, num_chiplets=1)
Lowering rejected config as not applicable
Command line = -operation gemm -t f16 -out_datatype f16 --arch gfx1100 --num_cu 70 --num_chiplets 1 -g 2 -m 349 -k 207 -n 147 -transA=False -transB=False --perf_config=gemm:v1:256,128,128,1,1,1,16,2,1,8,4 -pv
Errors = loc("<stdin>":18:10): error: Fusion with SplitK perfConfig is not legal
Lowering not applicable.

----------------------------------------------------------------------------------------------------
NOT_APPLICABLE: GemmConfiguration(datatype='f16', out_dtype='f16', g=2, m=349, k=207, n=147, trans_a=False, trans_b=False, perfconfig='gemm:v1:256,128,128,1,1,1,16,2,1,8,4', scaled_gemm=False, scale_a_dtype=None, scale_b_dtype=None, trans_scale_a=False, trans_scale_b=False, arch='gfx1100', chip='gfx1100', num_cu=70, num_chiplets=1)
Lowering rejected config as not applicable
Command line = -operation gemm -t f16 -out_datatype f16 --arch gfx1100 --num_cu 70 --num_chiplets 1 -g 1 -m 178 -k 175 -n 48 -transA=False -transB=True --perf_config=gemm:v1:256,64,32,2,1,2,0,3,2,4,4 -pv
Errors = loc("<stdin>":17:10): error: Fusion with SplitK perfConfig is not legal
Lowering not applicable.

----------------------------------------------------------------------------------------------------
NOT_APPLICABLE: GemmConfiguration(datatype='f16', out_dtype='f16', g=1, m=178, k=175, n=48, trans_a=False, trans_b=True, perfconfig='gemm:v1:256,64,32,2,1,2,0,3,2,4,4', scaled_gemm=False, scale_a_dtype=None, scale_b_dtype=None, trans_scale_a=False, trans_scale_b=False, arch='gfx1100', chip='gfx1100', num_cu=70, num_chiplets=1)
----------------------------------------------------------------------------------------------------
PASS: GemmConfiguration(datatype='f16', out_dtype='f16', g=2, m=137, k=104, n=490, trans_a=True, trans_b=True, perfconfig='gemm:v1:64,16,64,1,1,8,0,1,2,0,2', scaled_gemm=False, scale_a_dtype=None, scale_b_dtype=None, trans_scale_a=False, trans_scale_b=False, arch='gfx1100', chip='gfx1100', num_cu=70, num_chiplets=1)
FAIL: Timeout in rocmlir-driver stage (120s)
Config = GemmConfiguration(datatype='fp8', out_dtype='f32', g=1, m=445, k=392, n=303, trans_a=True, trans_b=False, perfconfig='gemm:v1:256,256,32,1,1,1,32,1,3,1,4', scaled_gemm=False, scale_a_dtype=None, scale_b_dtype=None, trans_scale_a=False, trans_scale_b=False, arch='gfx1100', chip='gfx1100', num_cu=70, num_chiplets=1)
Command line = -operation gemm -t fp8 -out_datatype f32 --arch gfx1100 --num_cu 70 --num_chiplets 1 -g 1 -m 445 -k 392 -n 303 -transA=True -transB=False --perf_config=gemm:v1:256,256,32,1,1,1,32,1,3,1,4 -pv -relDiff_threshold 1e-5
Lowering rejected config as not applicable
Command line = -operation gemm -t f32 -out_datatype f32 --arch gfx1100 --num_cu 70 --num_chiplets 1 -g 1 -m 241 -k 498 -n 243 -transA=True -transB=False --perf_config=gemm:v1:64,256,32,2,1,2,0,2,3,0,4 -pv
Errors = loc("<stdin>":12:1): error: ttg.shared (81920) exceeds LDS limit (65536) for amdgcn-amd-amdhsa:gfx1100
Lowering not applicable.

----------------------------------------------------------------------------------------------------
NOT_APPLICABLE: GemmConfiguration(datatype='f32', out_dtype='f32', g=1, m=241, k=498, n=243, trans_a=True, trans_b=False, perfconfig='gemm:v1:64,256,32,2,1,2,0,2,3,0,4', scaled_gemm=False, scale_a_dtype=None, scale_b_dtype=None, trans_scale_a=False, trans_scale_b=False, arch='gfx1100', chip='gfx1100', num_cu=70, num_chiplets=1)
----------------------------------------------------------------------------------------------------
PASS: GemmConfiguration(datatype='i8', out_dtype='i32', g=2, m=199, k=441, n=153, trans_a=False, trans_b=True, perfconfig='gemm:v1:128,256,128,2,1,16,16,1,1,2,0', scaled_gemm=False, scale_a_dtype=None, scale_b_dtype=None, trans_scale_a=False, trans_scale_b=False, arch='gfx1100', chip='gfx1100', num_cu=70, num_chiplets=1)
----------------------------------------------------------------------------------------------------
PASS: GemmConfiguration(datatype='fp8', out_dtype='f32', g=2, m=223, k=484, n=85, trans_a=True, trans_b=False, perfconfig='gemm:v1:64,32,128,1,1,2,16,1,1,0,1', scaled_gemm=False, scale_a_dtype=None, scale_b_dtype=None, trans_scale_a=False, trans_scale_b=False, arch='gfx1100', chip='gfx1100', num_cu=70, num_chiplets=1)
----------------------------------------------------------------------------------------------------
PASS: GemmConfiguration(datatype='fp8', out_dtype='f32', g=2, m=364, k=212, n=447, trans_a=True, trans_b=False, perfconfig='gemm:v1:64,256,64,1,1,8,32,1,3,2,4', scaled_gemm=False, scale_a_dtype=None, scale_b_dtype=None, trans_scale_a=False, trans_scale_b=False, arch='gfx1100', chip='gfx1100', num_cu=70, num_chiplets=1)
Lowering rejected config as not applicable
Command line = -operation gemm -t f16 -out_datatype f16 --arch gfx1100 --num_cu 70 --num_chiplets 1 -g 2 -m 311 -k 154 -n 431 -transA=True -transB=True --perf_config=gemm:v1:256,64,64,1,1,16,0,4,2,2,8 -pv
Errors = loc("<stdin>":18:10): error: Fusion with SplitK perfConfig is not legal
Lowering not applicable.

----------------------------------------------------------------------------------------------------
NOT_APPLICABLE: GemmConfiguration(datatype='f16', out_dtype='f16', g=2, m=311, k=154, n=431, trans_a=True, trans_b=True, perfconfig='gemm:v1:256,64,64,1,1,16,0,4,2,2,8', scaled_gemm=False, scale_a_dtype=None, scale_b_dtype=None, trans_scale_a=False, trans_scale_b=False, arch='gfx1100', chip='gfx1100', num_cu=70, num_chiplets=1)
Lowering rejected config as not applicable
Command line = -operation gemm -t bf16 -out_datatype bf16 --arch gfx1100 --num_cu 70 --num_chiplets 1 -g 2 -m 329 -k 181 -n 278 -transA=True -transB=True --perf_config=gemm:v1:128,32,16,2,1,4,16,4,2,2,1 -pv -RMS_threshold 1e-2
Errors = loc("<stdin>":18:10): error: Fusion with SplitK perfConfig is not legal
Lowering not applicable.

----------------------------------------------------------------------------------------------------
NOT_APPLICABLE: GemmConfiguration(datatype='bf16', out_dtype='bf16', g=2, m=329, k=181, n=278, trans_a=True, trans_b=True, perfconfig='gemm:v1:128,32,16,2,1,4,16,4,2,2,1', scaled_gemm=False, scale_a_dtype=None, scale_b_dtype=None, trans_scale_a=False, trans_scale_b=False, arch='gfx1100', chip='gfx1100', num_cu=70, num_chiplets=1)
Lowering rejected config as not applicable
Command line = -operation gemm -t bf16 -out_datatype bf16 --arch gfx1100 --num_cu 70 --num_chiplets 1 -g 1 -m 147 -k 400 -n 372 -transA=False -transB=False --perf_config=gemm:v1:256,16,16,1,1,2,16,4,1,4,2 -pv -RMS_threshold 1e-2
Errors = loc("<stdin>":18:10): error: Fusion with SplitK perfConfig is not legal
Lowering not applicable.

----------------------------------------------------------------------------------------------------
NOT_APPLICABLE: GemmConfiguration(datatype='bf16', out_dtype='bf16', g=1, m=147, k=400, n=372, trans_a=False, trans_b=False, perfconfig='gemm:v1:256,16,16,1,1,2,16,4,1,4,2', scaled_gemm=False, scale_a_dtype=None, scale_b_dtype=None, trans_scale_a=False, trans_scale_b=False, arch='gfx1100', chip='gfx1100', num_cu=70, num_chiplets=1)
Lowering rejected config as not applicable
Command line = -operation gemm -t i8 -out_datatype i32 --arch gfx1100 --num_cu 70 --num_chiplets 1 -g 1 -m 487 -k 487 -n 337 -transA=True -transB=True --perf_config=gemm:v1:32,16,128,1,1,1,32,2,3,8,8 -pv
Errors = loc("<stdin>":17:10): error: Fusion with SplitK perfConfig is not legal
Lowering not applicable.

----------------------------------------------------------------------------------------------------
NOT_APPLICABLE: GemmConfiguration(datatype='i8', out_dtype='i32', g=1, m=487, k=487, n=337, trans_a=True, trans_b=True, perfconfig='gemm:v1:32,16,128,1,1,1,32,2,3,8,8', scaled_gemm=False, scale_a_dtype=None, scale_b_dtype=None, trans_scale_a=False, trans_scale_b=False, arch='gfx1100', chip='gfx1100', num_cu=70, num_chiplets=1)
Lowering rejected config as not applicable
Command line = -operation gemm -t i8 -out_datatype i32 --arch gfx1100 --num_cu 70 --num_chiplets 1 -g 1 -m 374 -k 453 -n 462 -transA=False -transB=True --perf_config=gemm:v1:16,16,32,2,1,8,16,4,2,8,8 -pv
Errors = loc("<stdin>":17:10): error: Fusion with SplitK perfConfig is not legal
Lowering not applicable.

----------------------------------------------------------------------------------------------------
NOT_APPLICABLE: GemmConfiguration(datatype='i8', out_dtype='i32', g=1, m=374, k=453, n=462, trans_a=False, trans_b=True, perfconfig='gemm:v1:16,16,32,2,1,8,16,4,2,8,8', scaled_gemm=False, scale_a_dtype=None, scale_b_dtype=None, trans_scale_a=False, trans_scale_b=False, arch='gfx1100', chip='gfx1100', num_cu=70, num_chiplets=1)
----------------------------------------------------------------------------------------------------
PASS: GemmConfiguration(datatype='f16', out_dtype='f16', g=2, m=439, k=24, n=286, trans_a=True, trans_b=True, perfconfig='gemm:v1:128,32,128,2,1,16,32,1,3,8,2', scaled_gemm=False, scale_a_dtype=None, scale_b_dtype=None, trans_scale_a=False, trans_scale_b=False, arch='gfx1100', chip='gfx1100', num_cu=70, num_chiplets=1)
----------------------------------------------------------------------------------------------------
PASS: GemmConfiguration(datatype='fp8', out_dtype='f32', g=2, m=62, k=317, n=82, trans_a=False, trans_b=True, perfconfig='gemm:v1:32,256,64,1,1,4,16,3,1,0,8', scaled_gemm=False, scale_a_dtype=None, scale_b_dtype=None, trans_scale_a=False, trans_scale_b=False, arch='gfx1100', chip='gfx1100', num_cu=70, num_chiplets=1)
----------------------------------------------------------------------------------------------------
FAIL: GemmConfiguration(datatype='fp8', out_dtype='f32', g=1, m=445, k=392, n=303, trans_a=True, trans_b=False, perfconfig='gemm:v1:256,256,32,1,1,1,32,1,3,1,4', scaled_gemm=False, scale_a_dtype=None, scale_b_dtype=None, trans_scale_a=False, trans_scale_b=False, arch='gfx1100', chip='gfx1100', num_cu=70, num_chiplets=1)
*** Summary of failures ***
-operation gemm -t fp8 -out_datatype f32 --arch gfx1100 --num_cu 70 --num_chiplets 1 -g 2 -m 140 -k 332 -n 268 -transA=True -transB=True --perf_config=gemm:v1:256,256,128,2,1,2,0,1,2,0,8 -pv -relDiff_threshold 1e-5
-operation gemm -t fp8 -out_datatype f32 --arch gfx1100 --num_cu 70 --num_chiplets 1 -g 1 -m 510 -k 484 -n 33 -transA=True -transB=True --perf_config=gemm:v1:256,128,128,2,1,2,0,2,2,0,0 -pv -relDiff_threshold 1e-5
-operation gemm -t bf16 -out_datatype bf16 --arch gfx1100 --num_cu 70 --num_chiplets 1 -g 2 -m 78 -k 408 -n 44 -transA=False -transB=True --perf_config=gemm:v1:256,256,32,1,1,1,16,1,2,0,1 -pv -RMS_threshold 1e-2
-operation gemm -t fp8 -out_datatype f32 --arch gfx1100 --num_cu 70 --num_chiplets 1 -g 1 -m 28 -k 2 -n 115 -transA=True -transB=True --perf_config=gemm:v1:64,256,128,2,1,1,16,1,2,4,0 -pv -relDiff_threshold 1e-5
-operation gemm -t fp8 -out_datatype f32 --arch gfx1100 --num_cu 70 --num_chiplets 1 -g 1 -m 1 -k 344 -n 91 -transA=False -transB=True --perf_config=gemm:v1:64,256,128,1,1,1,16,3,2,1,0 -pv -relDiff_threshold 1e-5
-operation gemm -t fp8 -out_datatype f32 --arch gfx1100 --num_cu 70 --num_chiplets 1 -g 1 -m 504 -k 7 -n 478 -transA=False -transB=False --perf_config=gemm:v1:32,256,128,2,1,1,32,4,1,8,0 -pv -relDiff_threshold 1e-5
-operation gemm -t fp8 -out_datatype f32 --arch gfx1100 --num_cu 70 --num_chiplets 1 -g 2 -m 9 -k 54 -n 474 -transA=False -transB=True --perf_config=gemm:v1:256,256,128,1,1,1,16,3,2,4,1 -pv -relDiff_threshold 1e-5
-operation gemm -t fp8 -out_datatype f32 --arch gfx1100 --num_cu 70 --num_chiplets 1 -g 1 -m 113 -k 282 -n 209 -transA=False -transB=True --perf_config=gemm:v1:256,256,128,1,1,1,16,3,2,8,0 -pv -relDiff_threshold 1e-5
-operation gemm -t fp8 -out_datatype f32 --arch gfx1100 --num_cu 70 --num_chiplets 1 -g 1 -m 445 -k 392 -n 303 -transA=True -transB=False --perf_config=gemm:v1:256,256,32,1,1,1,32,1,3,1,4 -pv -relDiff_threshold 1e-5
Passed: 511, Not applicable: 480, Failed: 9
