FAIL: Runner returned incorrect result
Config = GemmConfiguration(datatype='bf16', out_dtype='bf16', g=1, m=106, k=410, n=428, trans_a=False, trans_b=False, perfconfig='gemm:v1:32,128,32,2,1,4,16,4,3,0,8', scaled_gemm=False, scale_a_dtype=None, scale_b_dtype=None, trans_scale_a=False, trans_scale_b=False, arch='gfx950:sramecc+:xnack-', chip='gfx950', num_cu=256, num_chiplets=8)
Command line = -operation gemm -t bf16 -out_datatype bf16 --arch gfx950:sramecc+:xnack- --num_cu 256 --num_chiplets 8 -g 1 -m 106 -k 410 -n 428 -transA=False -transB=False --perf_config=gemm:v1:32,128,32,2,1,4,16,4,3,0,8 -pv -RMS_threshold 1e-2
Output = Number of elements: 45368
maxAbsDiff info: maxAbsDiff = 159.000000 (valNum = 239.00000, gpuNum = 80.00000), average absDiff = 1.0e+02
maxRelDiff info: maxRelDiff = 6.7e-01 (valNum = -59.5000000000, gpuNum = -19.6250000000), average relDiff = 6.6e-01
RMS = 4.8e-01
Histogram of relDiff: 
        relDiff = 0     : 0/45368 (0.000000%)
     0 < relDiff < 1e-06: 0/45368 (0.000000%)
1e-06 < relDiff <= 1e-05: 0/45368 (0.000000%)
1e-05 < relDiff <= 1e-04: 0/45368 (0.000000%)
1e-04 < relDiff <= 1e-03: 0/45368 (0.000000%)
1e-03 < relDiff <= 1e-02: 0/45368 (0.000000%)
1e-02 < relDiff <= 1e-01: 0/45368 (0.000000%)
1e-01 < relDiff <= 1e+00: 45368/45368 (100.000000%)
1e+00 < relDiff < inf   : 0/45368 (0.000000%)
        relDiff = inf   : 0/45368 (0.000000%)
[0 0 1]

Lowering rejected config as not applicable
Command line = -operation gemm -t i8 -out_datatype i32 --arch gfx950:sramecc+:xnack- --num_cu 256 --num_chiplets 8 -g 2 -m 461 -k 414 -n 301 -transA=False -transB=True --perf_config=gemm:v1:128,64,64,1,1,2,16,4,1,4,0 -pv
Errors = loc("<stdin>":18:10): error: Fusion with SplitK perfConfig is not legal
Lowering not applicable.

----------------------------------------------------------------------------------------------------
NOT_APPLICABLE: GemmConfiguration(datatype='i8', out_dtype='i32', g=2, m=461, k=414, n=301, trans_a=False, trans_b=True, perfconfig='gemm:v1:128,64,64,1,1,2,16,4,1,4,0', scaled_gemm=False, scale_a_dtype=None, scale_b_dtype=None, trans_scale_a=False, trans_scale_b=False, arch='gfx950:sramecc+:xnack-', chip='gfx950', num_cu=256, num_chiplets=8)
Lowering rejected config as not applicable
Command line = -operation gemm -t i8 -out_datatype i32 --arch gfx950:sramecc+:xnack- --num_cu 256 --num_chiplets 8 -g 1 -m 9 -k 394 -n 297 -transA=False -transB=True --perf_config=gemm:v1:64,32,64,2,1,1,16,2,1,1,2 -pv
Errors = loc("<stdin>":17:10): error: Fusion with SplitK perfConfig is not legal
Lowering not applicable.

----------------------------------------------------------------------------------------------------
NOT_APPLICABLE: GemmConfiguration(datatype='i8', out_dtype='i32', g=1, m=9, k=394, n=297, trans_a=False, trans_b=True, perfconfig='gemm:v1:64,32,64,2,1,1,16,2,1,1,2', scaled_gemm=False, scale_a_dtype=None, scale_b_dtype=None, trans_scale_a=False, trans_scale_b=False, arch='gfx950:sramecc+:xnack-', chip='gfx950', num_cu=256, num_chiplets=8)
Lowering rejected config as not applicable
Command line = -operation gemm -t i8 -out_datatype i32 --arch gfx950:sramecc+:xnack- --num_cu 256 --num_chiplets 8 -g 2 -m 17 -k 180 -n 448 -transA=True -transB=False --perf_config=gemm:v1:16,32,32,2,1,8,0,2,3,4,0 -pv
Errors = loc("<stdin>":18:10): error: Fusion with SplitK perfConfig is not legal
Lowering not applicable.

----------------------------------------------------------------------------------------------------
NOT_APPLICABLE: GemmConfiguration(datatype='i8', out_dtype='i32', g=2, m=17, k=180, n=448, trans_a=True, trans_b=False, perfconfig='gemm:v1:16,32,32,2,1,8,0,2,3,4,0', scaled_gemm=False, scale_a_dtype=None, scale_b_dtype=None, trans_scale_a=False, trans_scale_b=False, arch='gfx950:sramecc+:xnack-', chip='gfx950', num_cu=256, num_chiplets=8)
----------------------------------------------------------------------------------------------------
PASS: GemmConfiguration(datatype='fp8', out_dtype='f32', g=1, m=73, k=208, n=117, trans_a=True, trans_b=True, perfconfig='gemm:v1:16,16,128,1,1,16,32,4,2,4,2', scaled_gemm=False, scale_a_dtype=None, scale_b_dtype=None, trans_scale_a=False, trans_scale_b=False, arch='gfx950:sramecc+:xnack-', chip='gfx950', num_cu=256, num_chiplets=8)
----------------------------------------------------------------------------------------------------
PASS: GemmConfiguration(datatype='fp8', out_dtype='f32', g=1, m=417, k=239, n=111, trans_a=False, trans_b=True, perfconfig='gemm:v1:32,32,32,2,1,16,32,4,1,4,4', scaled_gemm=False, scale_a_dtype=None, scale_b_dtype=None, trans_scale_a=False, trans_scale_b=False, arch='gfx950:sramecc+:xnack-', chip='gfx950', num_cu=256, num_chiplets=8)
----------------------------------------------------------------------------------------------------
PASS: GemmConfiguration(datatype='fp8', out_dtype='f32', g=1, m=492, k=506, n=378, trans_a=True, trans_b=False, perfconfig='gemm:v1:16,32,16,1,1,8,16,1,3,2,1', scaled_gemm=False, scale_a_dtype=None, scale_b_dtype=None, trans_scale_a=False, trans_scale_b=False, arch='gfx950:sramecc+:xnack-', chip='gfx950', num_cu=256, num_chiplets=8)
----------------------------------------------------------------------------------------------------
PASS: GemmConfiguration(datatype='f32', out_dtype='f32', g=1, m=205, k=403, n=356, trans_a=True, trans_b=False, perfconfig='gemm:v1:256,64,16,2,1,4,16,1,2,2,0', scaled_gemm=False, scale_a_dtype=None, scale_b_dtype=None, trans_scale_a=False, trans_scale_b=False, arch='gfx950:sramecc+:xnack-', chip='gfx950', num_cu=256, num_chiplets=8)
----------------------------------------------------------------------------------------------------
PASS: GemmConfiguration(datatype='fp8', out_dtype='f32', g=2, m=140, k=332, n=268, trans_a=True, trans_b=True, perfconfig='gemm:v1:256,256,128,2,1,2,0,1,2,0,8', scaled_gemm=False, scale_a_dtype=None, scale_b_dtype=None, trans_scale_a=False, trans_scale_b=False, arch='gfx950:sramecc+:xnack-', chip='gfx950', num_cu=256, num_chiplets=8)
----------------------------------------------------------------------------------------------------
PASS: GemmConfiguration(datatype='fp8', out_dtype='f32', g=1, m=267, k=479, n=389, trans_a=True, trans_b=True, perfconfig='gemm:v1:64,32,128,2,1,16,16,4,3,0,2', scaled_gemm=False, scale_a_dtype=None, scale_b_dtype=None, trans_scale_a=False, trans_scale_b=False, arch='gfx950:sramecc+:xnack-', chip='gfx950', num_cu=256, num_chiplets=8)
----------------------------------------------------------------------------------------------------
PASS: GemmConfiguration(datatype='f32', out_dtype='f32', g=2, m=448, k=376, n=469, trans_a=True, trans_b=False, perfconfig='gemm:v1:64,64,64,1,1,8,0,2,1,4,8', scaled_gemm=False, scale_a_dtype=None, scale_b_dtype=None, trans_scale_a=False, trans_scale_b=False, arch='gfx950:sramecc+:xnack-', chip='gfx950', num_cu=256, num_chiplets=8)
----------------------------------------------------------------------------------------------------
PASS: GemmConfiguration(datatype='f32', out_dtype='f32', g=1, m=38, k=447, n=48, trans_a=False, trans_b=True, perfconfig='gemm:v1:32,256,16,2,1,2,0,3,1,8,4', scaled_gemm=False, scale_a_dtype=None, scale_b_dtype=None, trans_scale_a=False, trans_scale_b=False, arch='gfx950:sramecc+:xnack-', chip='gfx950', num_cu=256, num_chiplets=8)
----------------------------------------------------------------------------------------------------
PASS: GemmConfiguration(datatype='f16', out_dtype='f16', g=1, m=461, k=319, n=416, trans_a=False, trans_b=True, perfconfig='gemm:v1:16,32,64,1,1,8,32,2,3,4,2', scaled_gemm=False, scale_a_dtype=None, scale_b_dtype=None, trans_scale_a=False, trans_scale_b=False, arch='gfx950:sramecc+:xnack-', chip='gfx950', num_cu=256, num_chiplets=8)
----------------------------------------------------------------------------------------------------
FAIL: GemmConfiguration(datatype='bf16', out_dtype='bf16', g=1, m=106, k=410, n=428, trans_a=False, trans_b=False, perfconfig='gemm:v1:32,128,32,2,1,4,16,4,3,0,8', scaled_gemm=False, scale_a_dtype=None, scale_b_dtype=None, trans_scale_a=False, trans_scale_b=False, arch='gfx950:sramecc+:xnack-', chip='gfx950', num_cu=256, num_chiplets=8)
----------------------------------------------------------------------------------------------------
PASS: GemmConfiguration(datatype='f32', out_dtype='f32', g=2, m=127, k=195, n=66, trans_a=True, trans_b=False, perfconfig='gemm:v1:128,256,64,2,1,8,0,4,1,8,1', scaled_gemm=False, scale_a_dtype=None, scale_b_dtype=None, trans_scale_a=False, trans_scale_b=False, arch='gfx950:sramecc+:xnack-', chip='gfx950', num_cu=256, num_chiplets=8)
----------------------------------------------------------------------------------------------------
PASS: GemmConfiguration(datatype='bf16', out_dtype='bf16', g=2, m=341, k=256, n=317, trans_a=False, trans_b=False, perfconfig='gemm:v1:256,64,16,1,1,1,32,1,3,4,0', scaled_gemm=False, scale_a_dtype=None, scale_b_dtype=None, trans_scale_a=False, trans_scale_b=False, arch='gfx950:sramecc+:xnack-', chip='gfx950', num_cu=256, num_chiplets=8)
----------------------------------------------------------------------------------------------------
PASS: GemmConfiguration(datatype='f32', out_dtype='f32', g=1, m=86, k=278, n=255, trans_a=True, trans_b=False, perfconfig='gemm:v1:256,128,64,2,1,1,0,1,1,4,0', scaled_gemm=False, scale_a_dtype=None, scale_b_dtype=None, trans_scale_a=False, trans_scale_b=False, arch='gfx950:sramecc+:xnack-', chip='gfx950', num_cu=256, num_chiplets=8)
----------------------------------------------------------------------------------------------------
PASS: GemmConfiguration(datatype='bf16', out_dtype='bf16', g=1, m=195, k=14, n=136, trans_a=False, trans_b=True, perfconfig='gemm:v1:16,64,64,2,1,16,16,4,2,4,0', scaled_gemm=False, scale_a_dtype=None, scale_b_dtype=None, trans_scale_a=False, trans_scale_b=False, arch='gfx950:sramecc+:xnack-', chip='gfx950', num_cu=256, num_chiplets=8)
----------------------------------------------------------------------------------------------------
PASS: GemmConfiguration(datatype='f32', out_dtype='f32', g=1, m=358, k=150, n=491, trans_a=True, trans_b=True, perfconfig='gemm:v1:16,256,128,1,1,16,0,4,1,2,4', scaled_gemm=False, scale_a_dtype=None, scale_b_dtype=None, trans_scale_a=False, trans_scale_b=False, arch='gfx950:sramecc+:xnack-', chip='gfx950', num_cu=256, num_chiplets=8)
----------------------------------------------------------------------------------------------------
PASS: GemmConfiguration(datatype='f32', out_dtype='f32', g=1, m=391, k=504, n=318, trans_a=True, trans_b=True, perfconfig='gemm:v1:64,32,16,1,1,4,0,1,3,2,4', scaled_gemm=False, scale_a_dtype=None, scale_b_dtype=None, trans_scale_a=False, trans_scale_b=False, arch='gfx950:sramecc+:xnack-', chip='gfx950', num_cu=256, num_chiplets=8)
----------------------------------------------------------------------------------------------------
PASS: GemmConfiguration(datatype='fp8', out_dtype='f32', g=2, m=356, k=194, n=326, trans_a=False, trans_b=False, perfconfig='gemm:v1:16,16,64,2,1,8,0,1,3,4,8', scaled_gemm=False, scale_a_dtype=None, scale_b_dtype=None, trans_scale_a=False, trans_scale_b=False, arch='gfx950:sramecc+:xnack-', chip='gfx950', num_cu=256, num_chiplets=8)
----------------------------------------------------------------------------------------------------
PASS: GemmConfiguration(datatype='f16', out_dtype='f16', g=1, m=190, k=171, n=393, trans_a=False, trans_b=False, perfconfig='gemm:v1:32,64,16,1,1,16,32,4,1,8,0', scaled_gemm=False, scale_a_dtype=None, scale_b_dtype=None, trans_scale_a=False, trans_scale_b=False, arch='gfx950:sramecc+:xnack-', chip='gfx950', num_cu=256, num_chiplets=8)
----------------------------------------------------------------------------------------------------
PASS: GemmConfiguration(datatype='i8', out_dtype='i32', g=1, m=282, k=131, n=290, trans_a=True, trans_b=True, perfconfig='gemm:v1:256,128,128,2,1,8,32,1,1,8,1', scaled_gemm=False, scale_a_dtype=None, scale_b_dtype=None, trans_scale_a=False, trans_scale_b=False, arch='gfx950:sramecc+:xnack-', chip='gfx950', num_cu=256, num_chiplets=8)
----------------------------------------------------------------------------------------------------
PASS: GemmConfiguration(datatype='bf16', out_dtype='bf16', g=2, m=478, k=110, n=214, trans_a=False, trans_b=False, perfconfig='gemm:v1:64,256,128,2,1,2,32,4,1,0,4', scaled_gemm=False, scale_a_dtype=None, scale_b_dtype=None, trans_scale_a=False, trans_scale_b=False, arch='gfx950:sramecc+:xnack-', chip='gfx950', num_cu=256, num_chiplets=8)
----------------------------------------------------------------------------------------------------
PASS: GemmConfiguration(datatype='f32', out_dtype='f32', g=2, m=262, k=286, n=462, trans_a=True, trans_b=True, perfconfig='gemm:v1:16,128,32,2,1,1,32,4,3,1,1', scaled_gemm=False, scale_a_dtype=None, scale_b_dtype=None, trans_scale_a=False, trans_scale_b=False, arch='gfx950:sramecc+:xnack-', chip='gfx950', num_cu=256, num_chiplets=8)
Lowering rejected config as not applicable
Command line = -operation gemm -t i8 -out_datatype i32 --arch gfx950:sramecc+:xnack- --num_cu 256 --num_chiplets 8 -g 2 -m 284 -k 86 -n 453 -transA=False -transB=True --perf_config=gemm:v1:128,16,32,1,1,2,32,4,2,2,2 -pv
Errors = loc("<stdin>":18:10): error: Fusion with SplitK perfConfig is not legal
Lowering not applicable.

----------------------------------------------------------------------------------------------------
NOT_APPLICABLE: GemmConfiguration(datatype='i8', out_dtype='i32', g=2, m=284, k=86, n=453, trans_a=False, trans_b=True, perfconfig='gemm:v1:128,16,32,1,1,2,32,4,2,2,2', scaled_gemm=False, scale_a_dtype=None, scale_b_dtype=None, trans_scale_a=False, trans_scale_b=False, arch='gfx950:sramecc+:xnack-', chip='gfx950', num_cu=256, num_chiplets=8)
Lowering rejected config as not applicable
Command line = -operation gemm -t i8 -out_datatype i32 --arch gfx950:sramecc+:xnack- --num_cu 256 --num_chiplets 8 -g 1 -m 94 -k 82 -n 211 -transA=True -transB=True --perf_config=gemm:v1:256,64,32,2,1,2,32,2,2,8,4 -pv
Errors = loc("<stdin>":18:10): error: Fusion with SplitK perfConfig is not legal
Lowering not applicable.

----------------------------------------------------------------------------------------------------
NOT_APPLICABLE: GemmConfiguration(datatype='i8', out_dtype='i32', g=1, m=94, k=82, n=211, trans_a=True, trans_b=True, perfconfig='gemm:v1:256,64,32,2,1,2,32,2,2,8,4', scaled_gemm=False, scale_a_dtype=None, scale_b_dtype=None, trans_scale_a=False, trans_scale_b=False, arch='gfx950:sramecc+:xnack-', chip='gfx950', num_cu=256, num_chiplets=8)
Lowering rejected config as not applicable
Command line = -operation gemm -t i8 -out_datatype i32 --arch gfx950:sramecc+:xnack- --num_cu 256 --num_chiplets 8 -g 1 -m 251 -k 466 -n 472 -transA=False -transB=False --perf_config=gemm:v1:64,128,128,2,1,1,0,3,1,1,2 -pv
Errors = loc("<stdin>":18:10): error: Fusion with SplitK perfConfig is not legal
Lowering not applicable.

----------------------------------------------------------------------------------------------------
NOT_APPLICABLE: GemmConfiguration(datatype='i8', out_dtype='i32', g=1, m=251, k=466, n=472, trans_a=False, trans_b=False, perfconfig='gemm:v1:64,128,128,2,1,1,0,3,1,1,2', scaled_gemm=False, scale_a_dtype=None, scale_b_dtype=None, trans_scale_a=False, trans_scale_b=False, arch='gfx950:sramecc+:xnack-', chip='gfx950', num_cu=256, num_chiplets=8)
----------------------------------------------------------------------------------------------------
PASS: GemmConfiguration(datatype='f16', out_dtype='f16', g=1, m=501, k=29, n=176, trans_a=True, trans_b=False, perfconfig='gemm:v1:64,64,64,1,1,8,0,3,3,1,1', scaled_gemm=False, scale_a_dtype=None, scale_b_dtype=None, trans_scale_a=False, trans_scale_b=False, arch='gfx950:sramecc+:xnack-', chip='gfx950', num_cu=256, num_chiplets=8)
----------------------------------------------------------------------------------------------------
PASS: GemmConfiguration(datatype='fp8', out_dtype='f32', g=1, m=453, k=35, n=282, trans_a=True, trans_b=True, perfconfig='gemm:v1:256,64,64,2,1,16,0,3,3,8,2', scaled_gemm=False, scale_a_dtype=None, scale_b_dtype=None, trans_scale_a=False, trans_scale_b=False, arch='gfx950:sramecc+:xnack-', chip='gfx950', num_cu=256, num_chiplets=8)
----------------------------------------------------------------------------------------------------
PASS: GemmConfiguration(datatype='fp8', out_dtype='f32', g=1, m=147, k=397, n=506, trans_a=True, trans_b=True, perfconfig='gemm:v1:32,32,128,2,1,1,32,1,3,1,4', scaled_gemm=False, scale_a_dtype=None, scale_b_dtype=None, trans_scale_a=False, trans_scale_b=False, arch='gfx950:sramecc+:xnack-', chip='gfx950', num_cu=256, num_chiplets=8)
----------------------------------------------------------------------------------------------------
PASS: GemmConfiguration(datatype='f32', out_dtype='f32', g=2, m=373, k=160, n=201, trans_a=True, trans_b=False, perfconfig='gemm:v1:64,64,128,2,1,2,16,3,3,8,0', scaled_gemm=False, scale_a_dtype=None, scale_b_dtype=None, trans_scale_a=False, trans_scale_b=False, arch='gfx950:sramecc+:xnack-', chip='gfx950', num_cu=256, num_chiplets=8)
----------------------------------------------------------------------------------------------------
PASS: GemmConfiguration(datatype='f32', out_dtype='f32', g=2, m=308, k=296, n=451, trans_a=False, trans_b=True, perfconfig='gemm:v1:128,32,64,2,1,1,32,2,2,0,2', scaled_gemm=False, scale_a_dtype=None, scale_b_dtype=None, trans_scale_a=False, trans_scale_b=False, arch='gfx950:sramecc+:xnack-', chip='gfx950', num_cu=256, num_chiplets=8)
FAIL: Runner returned incorrect result
Config = GemmConfiguration(datatype='f16', out_dtype='f16', g=2, m=451, k=80, n=457, trans_a=True, trans_b=True, perfconfig='gemm:v1:256,256,32,2,1,1,16,2,3,8,1', scaled_gemm=False, scale_a_dtype=None, scale_b_dtype=None, trans_scale_a=False, trans_scale_b=False, arch='gfx950:sramecc+:xnack-', chip='gfx950', num_cu=256, num_chiplets=8)
Command line = -operation gemm -t f16 -out_datatype f16 --arch gfx950:sramecc+:xnack- --num_cu 256 --num_chiplets 8 -g 2 -m 451 -k 80 -n 457 -transA=True -transB=True --perf_config=gemm:v1:256,256,32,2,1,1,16,2,3,8,1 -pv
Output = Number of elements: 412214
maxAbsDiff info: maxAbsDiff = 19.531250 (valNum = 48.37500, gpuNum = 28.84375), average absDiff = 1.3e+01
maxRelDiff info: maxRelDiff = 4.1e-01 (valNum = -22.8750000000, gpuNum = -13.4375000000), average relDiff = 4.0e-01
RMS = 2.8e-01
Histogram of relDiff: 
        relDiff = 0     : 0/412214 (0.000000%)
     0 < relDiff < 1e-06: 0/412214 (0.000000%)
1e-06 < relDiff <= 1e-05: 0/412214 (0.000000%)
1e-05 < relDiff <= 1e-04: 0/412214 (0.000000%)
1e-04 < relDiff <= 1e-03: 0/412214 (0.000000%)
1e-03 < relDiff <= 1e-02: 0/412214 (0.000000%)
1e-02 < relDiff <= 1e-01: 0/412214 (0.000000%)
1e-01 < relDiff <= 1e+00: 412214/412214 (100.000000%)
1e+00 < relDiff < inf   : 0/412214 (0.000000%)
        relDiff = inf   : 0/412214 (0.000000%)
[0 1 1]

FAIL: Runner returned incorrect result
Config = GemmConfiguration(datatype='bf16', out_dtype='bf16', g=2, m=305, k=292, n=223, trans_a=True, trans_b=False, perfconfig='gemm:v1:32,64,16,2,1,4,32,2,3,2,4', scaled_gemm=False, scale_a_dtype=None, scale_b_dtype=None, trans_scale_a=False, trans_scale_b=False, arch='gfx950:sramecc+:xnack-', chip='gfx950', num_cu=256, num_chiplets=8)
Command line = -operation gemm -t bf16 -out_datatype bf16 --arch gfx950:sramecc+:xnack- --num_cu 256 --num_chiplets 8 -g 2 -m 305 -k 292 -n 223 -transA=True -transB=False --perf_config=gemm:v1:32,64,16,2,1,4,32,2,3,2,4 -pv -RMS_threshold 1e-2
Output = Number of elements: 136030
maxAbsDiff info: maxAbsDiff = 149.750000 (valNum = 171.00000, gpuNum = 21.25000), average absDiff = 9.8e+01
maxRelDiff info: maxRelDiff = 8.9e-01 (valNum = -42.0000000000, gpuNum = -4.7812500000), average relDiff = 8.8e-01
RMS = 6.3e-01
Histogram of relDiff: 
        relDiff = 0     : 0/136030 (0.000000%)
     0 < relDiff < 1e-06: 0/136030 (0.000000%)
1e-06 < relDiff <= 1e-05: 0/136030 (0.000000%)
1e-05 < relDiff <= 1e-04: 0/136030 (0.000000%)
1e-04 < relDiff <= 1e-03: 0/136030 (0.000000%)
1e-03 < relDiff <= 1e-02: 0/136030 (0.000000%)
1e-02 < relDiff <= 1e-01: 0/136030 (0.000000%)
1e-01 < relDiff <= 1e+00: 136030/136030 (100.000000%)
1e+00 < relDiff < inf   : 0/136030 (0.000000%)
        relDiff = inf   : 0/136030 (0.000000%)
[0 0 1]

Lowering rejected config as not applicable
Command line = -operation gemm -t i8 -out_datatype i32 --arch gfx950:sramecc+:xnack- --num_cu 256 --num_chiplets 8 -g 1 -m 368 -k 189 -n 89 -transA=False -transB=True --perf_config=gemm:v1:32,256,128,2,1,16,0,3,1,2,0 -pv
Errors = loc("<stdin>":17:10): error: Fusion with SplitK perfConfig is not legal
Lowering not applicable.

----------------------------------------------------------------------------------------------------
NOT_APPLICABLE: GemmConfiguration(datatype='i8', out_dtype='i32', g=1, m=368, k=189, n=89, trans_a=False, trans_b=True, perfconfig='gemm:v1:32,256,128,2,1,16,0,3,1,2,0', scaled_gemm=False, scale_a_dtype=None, scale_b_dtype=None, trans_scale_a=False, trans_scale_b=False, arch='gfx950:sramecc+:xnack-', chip='gfx950', num_cu=256, num_chiplets=8)
Lowering rejected config as not applicable
Command line = -operation gemm -t i8 -out_datatype i32 --arch gfx950:sramecc+:xnack- --num_cu 256 --num_chiplets 8 -g 2 -m 92 -k 496 -n 5 -transA=True -transB=False --perf_config=gemm:v1:16,256,64,1,1,16,32,3,2,4,0 -pv
Errors = loc("<stdin>":18:10): error: Fusion with SplitK perfConfig is not legal
Lowering not applicable.

----------------------------------------------------------------------------------------------------
NOT_APPLICABLE: GemmConfiguration(datatype='i8', out_dtype='i32', g=2, m=92, k=496, n=5, trans_a=True, trans_b=False, perfconfig='gemm:v1:16,256,64,1,1,16,32,3,2,4,0', scaled_gemm=False, scale_a_dtype=None, scale_b_dtype=None, trans_scale_a=False, trans_scale_b=False, arch='gfx950:sramecc+:xnack-', chip='gfx950', num_cu=256, num_chiplets=8)
----------------------------------------------------------------------------------------------------
PASS: GemmConfiguration(datatype='f32', out_dtype='f32', g=2, m=278, k=382, n=110, trans_a=False, trans_b=True, perfconfig='gemm:v1:64,32,16,2,1,4,32,1,3,0,8', scaled_gemm=False, scale_a_dtype=None, scale_b_dtype=None, trans_scale_a=False, trans_scale_b=False, arch='gfx950:sramecc+:xnack-', chip='gfx950', num_cu=256, num_chiplets=8)
----------------------------------------------------------------------------------------------------
PASS: GemmConfiguration(datatype='f32', out_dtype='f32', g=1, m=423, k=200, n=449, trans_a=True, trans_b=False, perfconfig='gemm:v1:256,64,16,2,1,16,32,2,3,2,1', scaled_gemm=False, scale_a_dtype=None, scale_b_dtype=None, trans_scale_a=False, trans_scale_b=False, arch='gfx950:sramecc+:xnack-', chip='gfx950', num_cu=256, num_chiplets=8)
----------------------------------------------------------------------------------------------------
PASS: GemmConfiguration(datatype='f32', out_dtype='f32', g=1, m=16, k=211, n=147, trans_a=True, trans_b=True, perfconfig='gemm:v1:128,64,64,2,1,2,0,4,2,4,1', scaled_gemm=False, scale_a_dtype=None, scale_b_dtype=None, trans_scale_a=False, trans_scale_b=False, arch='gfx950:sramecc+:xnack-', chip='gfx950', num_cu=256, num_chiplets=8)
----------------------------------------------------------------------------------------------------
PASS: GemmConfiguration(datatype='bf16', out_dtype='bf16', g=2, m=368, k=6, n=451, trans_a=True, trans_b=False, perfconfig='gemm:v1:128,256,64,2,1,4,0,2,2,4,8', scaled_gemm=False, scale_a_dtype=None, scale_b_dtype=None, trans_scale_a=False, trans_scale_b=False, arch='gfx950:sramecc+:xnack-', chip='gfx950', num_cu=256, num_chiplets=8)
----------------------------------------------------------------------------------------------------
PASS: GemmConfiguration(datatype='fp8', out_dtype='f32', g=2, m=359, k=367, n=321, trans_a=False, trans_b=False, perfconfig='gemm:v1:256,128,32,2,1,1,0,2,1,4,4', scaled_gemm=False, scale_a_dtype=None, scale_b_dtype=None, trans_scale_a=False, trans_scale_b=False, arch='gfx950:sramecc+:xnack-', chip='gfx950', num_cu=256, num_chiplets=8)
----------------------------------------------------------------------------------------------------
FAIL: GemmConfiguration(datatype='f16', out_dtype='f16', g=2, m=451, k=80, n=457, trans_a=True, trans_b=True, perfconfig='gemm:v1:256,256,32,2,1,1,16,2,3,8,1', scaled_gemm=False, scale_a_dtype=None, scale_b_dtype=None, trans_scale_a=False, trans_scale_b=False, arch='gfx950:sramecc+:xnack-', chip='gfx950', num_cu=256, num_chiplets=8)
Lowering rejected config as not applicable
Command line = -operation gemm -t i8 -out_datatype i32 --arch gfx950:sramecc+:xnack- --num_cu 256 --num_chiplets 8 -g 2 -m 224 -k 501 -n 182 -transA=True -transB=False --perf_config=gemm:v1:128,256,32,2,1,16,0,4,2,1,1 -pv
Errors = loc("<stdin>":18:10): error: Fusion with SplitK perfConfig is not legal
Lowering not applicable.

----------------------------------------------------------------------------------------------------
NOT_APPLICABLE: GemmConfiguration(datatype='i8', out_dtype='i32', g=2, m=224, k=501, n=182, trans_a=True, trans_b=False, perfconfig='gemm:v1:128,256,32,2,1,16,0,4,2,1,1', scaled_gemm=False, scale_a_dtype=None, scale_b_dtype=None, trans_scale_a=False, trans_scale_b=False, arch='gfx950:sramecc+:xnack-', chip='gfx950', num_cu=256, num_chiplets=8)
----------------------------------------------------------------------------------------------------
PASS: GemmConfiguration(datatype='f32', out_dtype='f32', g=2, m=155, k=291, n=467, trans_a=False, trans_b=False, perfconfig='gemm:v1:32,32,128,2,1,8,16,3,3,2,1', scaled_gemm=False, scale_a_dtype=None, scale_b_dtype=None, trans_scale_a=False, trans_scale_b=False, arch='gfx950:sramecc+:xnack-', chip='gfx950', num_cu=256, num_chiplets=8)
----------------------------------------------------------------------------------------------------
PASS: GemmConfiguration(datatype='fp8', out_dtype='f32', g=2, m=415, k=190, n=219, trans_a=True, trans_b=False, perfconfig='gemm:v1:32,64,128,1,1,16,0,2,3,0,0', scaled_gemm=False, scale_a_dtype=None, scale_b_dtype=None, trans_scale_a=False, trans_scale_b=False, arch='gfx950:sramecc+:xnack-', chip='gfx950', num_cu=256, num_chiplets=8)
----------------------------------------------------------------------------------------------------
PASS: GemmConfiguration(datatype='f16', out_dtype='f16', g=1, m=315, k=459, n=10, trans_a=True, trans_b=False, perfconfig='gemm:v1:128,64,16,1,1,8,32,3,2,8,1', scaled_gemm=False, scale_a_dtype=None, scale_b_dtype=None, trans_scale_a=False, trans_scale_b=False, arch='gfx950:sramecc+:xnack-', chip='gfx950', num_cu=256, num_chiplets=8)
----------------------------------------------------------------------------------------------------
FAIL: GemmConfiguration(datatype='bf16', out_dtype='bf16', g=2, m=305, k=292, n=223, trans_a=True, trans_b=False, perfconfig='gemm:v1:32,64,16,2,1,4,32,2,3,2,4', scaled_gemm=False, scale_a_dtype=None, scale_b_dtype=None, trans_scale_a=False, trans_scale_b=False, arch='gfx950:sramecc+:xnack-', chip='gfx950', num_cu=256, num_chiplets=8)
----------------------------------------------------------------------------------------------------
PASS: GemmConfiguration(datatype='bf16', out_dtype='bf16', g=2, m=345, k=174, n=238, trans_a=False, trans_b=False, perfconfig='gemm:v1:32,256,128,2,1,16,32,3,1,8,0', scaled_gemm=False, scale_a_dtype=None, scale_b_dtype=None, trans_scale_a=False, trans_scale_b=False, arch='gfx950:sramecc+:xnack-', chip='gfx950', num_cu=256, num_chiplets=8)
----------------------------------------------------------------------------------------------------
PASS: GemmConfiguration(datatype='fp8', out_dtype='f32', g=1, m=407, k=239, n=232, trans_a=True, trans_b=False, perfconfig='gemm:v1:64,64,64,2,1,2,32,1,3,2,1', scaled_gemm=False, scale_a_dtype=None, scale_b_dtype=None, trans_scale_a=False, trans_scale_b=False, arch='gfx950:sramecc+:xnack-', chip='gfx950', num_cu=256, num_chiplets=8)
Lowering rejected config as not applicable
Command line = -operation gemm -t bf16 -out_datatype bf16 --arch gfx950:sramecc+:xnack- --num_cu 256 --num_chiplets 8 -g 1 -m 399 -k 427 -n 277 -transA=False -transB=True --perf_config=gemm:v1:256,256,64,1,1,1,0,1,3,8,4 -pv -RMS_threshold 1e-2
Errors = loc("<stdin>":12:1): error: ttg.shared (196608) exceeds LDS limit (163840) for amdgcn-amd-amdhsa:gfx950:sramecc+:xnack-
Lowering not applicable.

FAIL: Runner returned incorrect result
Config = GemmConfiguration(datatype='bf16', out_dtype='bf16', g=1, m=17, k=375, n=17, trans_a=True, trans_b=True, perfconfig='gemm:v1:16,64,16,2,1,4,0,2,2,8,8', scaled_gemm=False, scale_a_dtype=None, scale_b_dtype=None, trans_scale_a=False, trans_scale_b=False, arch='gfx950:sramecc+:xnack-', chip='gfx950', num_cu=256, num_chiplets=8)
Command line = -operation gemm -t bf16 -out_datatype bf16 --arch gfx950:sramecc+:xnack- --num_cu 256 --num_chiplets 8 -g 1 -m 17 -k 375 -n 17 -transA=True -transB=True --perf_config=gemm:v1:16,64,16,2,1,4,0,2,2,8,8 -pv -RMS_threshold 1e-2
Output = Number of elements: 289
maxAbsDiff info: maxAbsDiff = 186.750000 (valNum = 219.00000, gpuNum = 32.25000), average absDiff = 1.2e+02
maxRelDiff info: maxRelDiff = 8.6e-01 (valNum = -54.7500000000, gpuNum = -7.9062500000), average relDiff = 8.5e-01
RMS = 6.0e-01
Histogram of relDiff: 
        relDiff = 0     : 0/289 (0.000000%)
     0 < relDiff < 1e-06: 0/289 (0.000000%)
1e-06 < relDiff <= 1e-05: 0/289 (0.000000%)
1e-05 < relDiff <= 1e-04: 0/289 (0.000000%)
1e-04 < relDiff <= 1e-03: 0/289 (0.000000%)
1e-03 < relDiff <= 1e-02: 0/289 (0.000000%)
1e-02 < relDiff <= 1e-01: 0/289 (0.000000%)
1e-01 < relDiff <= 1e+00: 289/289 (100.000000%)
1e+00 < relDiff < inf   : 0/289 (0.000000%)
        relDiff = inf   : 0/289 (0.000000%)
[0 0 1]

----------------------------------------------------------------------------------------------------
NOT_APPLICABLE: GemmConfiguration(datatype='bf16', out_dtype='bf16', g=1, m=399, k=427, n=277, trans_a=False, trans_b=True, perfconfig='gemm:v1:256,256,64,1,1,1,0,1,3,8,4', scaled_gemm=False, scale_a_dtype=None, scale_b_dtype=None, trans_scale_a=False, trans_scale_b=False, arch='gfx950:sramecc+:xnack-', chip='gfx950', num_cu=256, num_chiplets=8)
Lowering rejected config as not applicable
Command line = -operation gemm -t i8 -out_datatype i32 --arch gfx950:sramecc+:xnack- --num_cu 256 --num_chiplets 8 -g 1 -m 347 -k 310 -n 456 -transA=False -transB=True --perf_config=gemm:v1:32,256,128,1,1,1,16,2,3,2,1 -pv
Errors = loc("<stdin>":17:10): error: Fusion with SplitK perfConfig is not legal
Lowering not applicable.

----------------------------------------------------------------------------------------------------
NOT_APPLICABLE: GemmConfiguration(datatype='i8', out_dtype='i32', g=1, m=347, k=310, n=456, trans_a=False, trans_b=True, perfconfig='gemm:v1:32,256,128,1,1,1,16,2,3,2,1', scaled_gemm=False, scale_a_dtype=None, scale_b_dtype=None, trans_scale_a=False, trans_scale_b=False, arch='gfx950:sramecc+:xnack-', chip='gfx950', num_cu=256, num_chiplets=8)
----------------------------------------------------------------------------------------------------
PASS: GemmConfiguration(datatype='f32', out_dtype='f32', g=2, m=182, k=294, n=408, trans_a=True, trans_b=False, perfconfig='gemm:v1:32,64,128,1,1,8,16,3,3,8,2', scaled_gemm=False, scale_a_dtype=None, scale_b_dtype=None, trans_scale_a=False, trans_scale_b=False, arch='gfx950:sramecc+:xnack-', chip='gfx950', num_cu=256, num_chiplets=8)
----------------------------------------------------------------------------------------------------
PASS: GemmConfiguration(datatype='fp8', out_dtype='f32', g=1, m=16, k=491, n=292, trans_a=False, trans_b=True, perfconfig='gemm:v1:32,64,64,2,1,8,0,4,1,1,0', scaled_gemm=False, scale_a_dtype=None, scale_b_dtype=None, trans_scale_a=False, trans_scale_b=False, arch='gfx950:sramecc+:xnack-', chip='gfx950', num_cu=256, num_chiplets=8)
----------------------------------------------------------------------------------------------------
PASS: GemmConfiguration(datatype='fp8', out_dtype='f32', g=2, m=207, k=228, n=407, trans_a=False, trans_b=False, perfconfig='gemm:v1:32,32,32,2,1,4,0,3,3,2,0', scaled_gemm=False, scale_a_dtype=None, scale_b_dtype=None, trans_scale_a=False, trans_scale_b=False, arch='gfx950:sramecc+:xnack-', chip='gfx950', num_cu=256, num_chiplets=8)
----------------------------------------------------------------------------------------------------
PASS: GemmConfiguration(datatype='fp8', out_dtype='f32', g=2, m=466, k=450, n=181, trans_a=False, trans_b=True, perfconfig='gemm:v1:32,16,128,1,1,16,0,4,3,0,0', scaled_gemm=False, scale_a_dtype=None, scale_b_dtype=None, trans_scale_a=False, trans_scale_b=False, arch='gfx950:sramecc+:xnack-', chip='gfx950', num_cu=256, num_chiplets=8)
----------------------------------------------------------------------------------------------------
PASS: GemmConfiguration(datatype='f16', out_dtype='f16', g=2, m=460, k=298, n=312, trans_a=True, trans_b=False, perfconfig='gemm:v1:32,128,128,2,1,1,32,3,3,8,2', scaled_gemm=False, scale_a_dtype=None, scale_b_dtype=None, trans_scale_a=False, trans_scale_b=False, arch='gfx950:sramecc+:xnack-', chip='gfx950', num_cu=256, num_chiplets=8)
----------------------------------------------------------------------------------------------------
PASS: GemmConfiguration(datatype='fp8', out_dtype='f32', g=1, m=259, k=220, n=428, trans_a=False, trans_b=False, perfconfig='gemm:v1:128,128,128,2,1,1,16,2,3,4,0', scaled_gemm=False, scale_a_dtype=None, scale_b_dtype=None, trans_scale_a=False, trans_scale_b=False, arch='gfx950:sramecc+:xnack-', chip='gfx950', num_cu=256, num_chiplets=8)
----------------------------------------------------------------------------------------------------
PASS: GemmConfiguration(datatype='i8', out_dtype='i32', g=2, m=469, k=142, n=133, trans_a=True, trans_b=False, perfconfig='gemm:v1:256,128,16,1,1,1,16,1,2,0,0', scaled_gemm=False, scale_a_dtype=None, scale_b_dtype=None, trans_scale_a=False, trans_scale_b=False, arch='gfx950:sramecc+:xnack-', chip='gfx950', num_cu=256, num_chiplets=8)
Lowering rejected config as not applicable
Command line = -operation gemm -t i8 -out_datatype i32 --arch gfx950:sramecc+:xnack- --num_cu 256 --num_chiplets 8 -g 1 -m 482 -k 492 -n 282 -transA=True -transB=False --perf_config=gemm:v1:32,32,64,2,1,2,32,4,2,1,1 -pv
Errors = loc("<stdin>":18:10): error: Fusion with SplitK perfConfig is not legal
Lowering not applicable.

----------------------------------------------------------------------------------------------------
NOT_APPLICABLE: GemmConfiguration(datatype='i8', out_dtype='i32', g=1, m=482, k=492, n=282, trans_a=True, trans_b=False, perfconfig='gemm:v1:32,32,64,2,1,2,32,4,2,1,1', scaled_gemm=False, scale_a_dtype=None, scale_b_dtype=None, trans_scale_a=False, trans_scale_b=False, arch='gfx950:sramecc+:xnack-', chip='gfx950', num_cu=256, num_chiplets=8)
----------------------------------------------------------------------------------------------------
PASS: GemmConfiguration(datatype='fp8', out_dtype='f32', g=1, m=119, k=152, n=377, trans_a=False, trans_b=False, perfconfig='gemm:v1:128,64,16,1,1,16,32,4,3,1,4', scaled_gemm=False, scale_a_dtype=None, scale_b_dtype=None, trans_scale_a=False, trans_scale_b=False, arch='gfx950:sramecc+:xnack-', chip='gfx950', num_cu=256, num_chiplets=8)
----------------------------------------------------------------------------------------------------
PASS: GemmConfiguration(datatype='fp8', out_dtype='f32', g=1, m=426, k=124, n=205, trans_a=False, trans_b=True, perfconfig='gemm:v1:64,32,32,1,1,8,0,3,2,1,1', scaled_gemm=False, scale_a_dtype=None, scale_b_dtype=None, trans_scale_a=False, trans_scale_b=False, arch='gfx950:sramecc+:xnack-', chip='gfx950', num_cu=256, num_chiplets=8)
----------------------------------------------------------------------------------------------------
FAIL: GemmConfiguration(datatype='bf16', out_dtype='bf16', g=1, m=17, k=375, n=17, trans_a=True, trans_b=True, perfconfig='gemm:v1:16,64,16,2,1,4,0,2,2,8,8', scaled_gemm=False, scale_a_dtype=None, scale_b_dtype=None, trans_scale_a=False, trans_scale_b=False, arch='gfx950:sramecc+:xnack-', chip='gfx950', num_cu=256, num_chiplets=8)
----------------------------------------------------------------------------------------------------
PASS: GemmConfiguration(datatype='fp8', out_dtype='f32', g=1, m=395, k=332, n=393, trans_a=True, trans_b=True, perfconfig='gemm:v1:64,256,32,2,1,8,32,4,1,4,0', scaled_gemm=False, scale_a_dtype=None, scale_b_dtype=None, trans_scale_a=False, trans_scale_b=False, arch='gfx950:sramecc+:xnack-', chip='gfx950', num_cu=256, num_chiplets=8)
----------------------------------------------------------------------------------------------------
PASS: GemmConfiguration(datatype='fp8', out_dtype='f32', g=1, m=496, k=216, n=281, trans_a=True, trans_b=True, perfconfig='gemm:v1:256,64,64,1,1,2,16,1,3,2,2', scaled_gemm=False, scale_a_dtype=None, scale_b_dtype=None, trans_scale_a=False, trans_scale_b=False, arch='gfx950:sramecc+:xnack-', chip='gfx950', num_cu=256, num_chiplets=8)
----------------------------------------------------------------------------------------------------
PASS: GemmConfiguration(datatype='f16', out_dtype='f16', g=2, m=323, k=129, n=40, trans_a=False, trans_b=True, perfconfig='gemm:v1:128,16,128,1,1,4,32,1,2,0,4', scaled_gemm=False, scale_a_dtype=None, scale_b_dtype=None, trans_scale_a=False, trans_scale_b=False, arch='gfx950:sramecc+:xnack-', chip='gfx950', num_cu=256, num_chiplets=8)
FAIL: Runner returned incorrect result
Config = GemmConfiguration(datatype='fp8', out_dtype='f32', g=1, m=325, k=83, n=456, trans_a=False, trans_b=True, perfconfig='gemm:v1:32,32,16,2,1,2,0,3,2,0,0', scaled_gemm=False, scale_a_dtype=None, scale_b_dtype=None, trans_scale_a=False, trans_scale_b=False, arch='gfx950:sramecc+:xnack-', chip='gfx950', num_cu=256, num_chiplets=8)
Command line = -operation gemm -t fp8 -out_datatype f32 --arch gfx950:sramecc+:xnack- --num_cu 256 --num_chiplets 8 -g 1 -m 325 -k 83 -n 456 -transA=False -transB=True --perf_config=gemm:v1:32,32,16,2,1,2,0,3,2,0,0 -pv -relDiff_threshold 1e-5
Output = Number of elements: 148200
maxAbsDiff info: maxAbsDiff = 14.500000 (valNum = 50.18750, gpuNum = 35.68750), average absDiff = 9.5e+00
maxRelDiff info: maxRelDiff = 2.9e-01 (valNum = -23.7500000000, gpuNum = -16.7500000000), average relDiff = 2.9e-01
RMS = 2.0e-01
Histogram of relDiff: 
        relDiff = 0     : 0/148200 (0.000000%)
     0 < relDiff < 1e-06: 0/148200 (0.000000%)
1e-06 < relDiff <= 1e-05: 0/148200 (0.000000%)
1e-05 < relDiff <= 1e-04: 0/148200 (0.000000%)
1e-04 < relDiff <= 1e-03: 0/148200 (0.000000%)
1e-03 < relDiff <= 1e-02: 0/148200 (0.000000%)
1e-02 < relDiff <= 1e-01: 0/148200 (0.000000%)
1e-01 < relDiff <= 1e+00: 148200/148200 (100.000000%)
1e+00 < relDiff < inf   : 0/148200 (0.000000%)
        relDiff = inf   : 0/148200 (0.000000%)
[0 1 0]

FAIL: Runner returned incorrect result
Config = GemmConfiguration(datatype='f16', out_dtype='f16', g=1, m=98, k=494, n=29, trans_a=True, trans_b=True, perfconfig='gemm:v1:32,32,16,2,1,4,32,2,1,1,8', scaled_gemm=False, scale_a_dtype=None, scale_b_dtype=None, trans_scale_a=False, trans_scale_b=False, arch='gfx950:sramecc+:xnack-', chip='gfx950', num_cu=256, num_chiplets=8)
Command line = -operation gemm -t f16 -out_datatype f16 --arch gfx950:sramecc+:xnack- --num_cu 256 --num_chiplets 8 -g 1 -m 98 -k 494 -n 29 -transA=True -transB=True --perf_config=gemm:v1:32,32,16,2,1,4,32,2,1,1,8 -pv
Output = Number of elements: 2842
maxAbsDiff info: maxAbsDiff = 261.609375 (valNum = 288.50000, gpuNum = 26.89062), average absDiff = 1.7e+02
maxRelDiff info: maxRelDiff = 9.1e-01 (valNum = -71.6875000000, gpuNum = -6.3046875000), average relDiff = 9.1e-01
RMS = 6.6e-01
Histogram of relDiff: 
        relDiff = 0     : 0/2842 (0.000000%)
     0 < relDiff < 1e-06: 0/2842 (0.000000%)
1e-06 < relDiff <= 1e-05: 0/2842 (0.000000%)
1e-05 < relDiff <= 1e-04: 0/2842 (0.000000%)
1e-04 < relDiff <= 1e-03: 0/2842 (0.000000%)
1e-03 < relDiff <= 1e-02: 0/2842 (0.000000%)
1e-02 < relDiff <= 1e-01: 0/2842 (0.000000%)
1e-01 < relDiff <= 1e+00: 2842/2842 (100.000000%)
1e+00 < relDiff < inf   : 0/2842 (0.000000%)
        relDiff = inf   : 0/2842 (0.000000%)
[0 0 1]

FAIL: Runner returned incorrect result
Config = GemmConfiguration(datatype='f16', out_dtype='f16', g=2, m=120, k=446, n=30, trans_a=True, trans_b=True, perfconfig='gemm:v1:128,32,16,2,1,4,0,4,3,2,1', scaled_gemm=False, scale_a_dtype=None, scale_b_dtype=None, trans_scale_a=False, trans_scale_b=False, arch='gfx950:sramecc+:xnack-', chip='gfx950', num_cu=256, num_chiplets=8)
Command line = -operation gemm -t f16 -out_datatype f16 --arch gfx950:sramecc+:xnack- --num_cu 256 --num_chiplets 8 -g 2 -m 120 -k 446 -n 30 -transA=True -transB=True --perf_config=gemm:v1:128,32,16,2,1,4,0,4,3,2,1 -pv
Output = Number of elements: 7200
maxAbsDiff info: maxAbsDiff = 27.148438 (valNum = -38.25000, gpuNum = -11.10156), average absDiff = 2.0e+01
maxRelDiff info: maxRelDiff = 7.3e-01 (valNum = 18.2500000000, gpuNum = 4.9375000000), average relDiff = 7.2e-01
RMS = 5.4e-01
Histogram of relDiff: 
        relDiff = 0     : 0/7200 (0.000000%)
     0 < relDiff < 1e-06: 0/7200 (0.000000%)
1e-06 < relDiff <= 1e-05: 0/7200 (0.000000%)
1e-05 < relDiff <= 1e-04: 0/7200 (0.000000%)
1e-04 < relDiff <= 1e-03: 0/7200 (0.000000%)
1e-03 < relDiff <= 1e-02: 0/7200 (0.000000%)
1e-02 < relDiff <= 1e-01: 0/7200 (0.000000%)
1e-01 < relDiff <= 1e+00: 7200/7200 (100.000000%)
1e+00 < relDiff < inf   : 0/7200 (0.000000%)
        relDiff = inf   : 0/7200 (0.000000%)
[0 1 1]

----------------------------------------------------------------------------------------------------
PASS: GemmConfiguration(datatype='bf16', out_dtype='bf16', g=2, m=475, k=481, n=379, trans_a=False, trans_b=True, perfconfig='gemm:v1:128,128,64,1,1,4,0,4,1,2,8', scaled_gemm=False, scale_a_dtype=None, scale_b_dtype=None, trans_scale_a=False, trans_scale_b=False, arch='gfx950:sramecc+:xnack-', chip='gfx950', num_cu=256, num_chiplets=8)
Lowering rejected config as not applicable
Command line = -operation gemm -t f32 -out_datatype f32 --arch gfx950:sramecc+:xnack- --num_cu 256 --num_chiplets 8 -g 2 -m 276 -k 321 -n 253 -transA=True -transB=True --perf_config=gemm:v1:256,128,64,2,1,8,16,1,3,8,4 -pv
Errors = loc("<stdin>":11:1): error: ttg.shared (294912) exceeds LDS limit (163840) for amdgcn-amd-amdhsa:gfx950:sramecc+:xnack-
Lowering not applicable.

----------------------------------------------------------------------------------------------------
NOT_APPLICABLE: GemmConfiguration(datatype='f32', out_dtype='f32', g=2, m=276, k=321, n=253, trans_a=True, trans_b=True, perfconfig='gemm:v1:256,128,64,2,1,8,16,1,3,8,4', scaled_gemm=False, scale_a_dtype=None, scale_b_dtype=None, trans_scale_a=False, trans_scale_b=False, arch='gfx950:sramecc+:xnack-', chip='gfx950', num_cu=256, num_chiplets=8)
----------------------------------------------------------------------------------------------------
FAIL: GemmConfiguration(datatype='fp8', out_dtype='f32', g=1, m=325, k=83, n=456, trans_a=False, trans_b=True, perfconfig='gemm:v1:32,32,16,2,1,2,0,3,2,0,0', scaled_gemm=False, scale_a_dtype=None, scale_b_dtype=None, trans_scale_a=False, trans_scale_b=False, arch='gfx950:sramecc+:xnack-', chip='gfx950', num_cu=256, num_chiplets=8)
Lowering rejected config as not applicable
Command line = -operation gemm -t f32 -out_datatype f32 --arch gfx950:sramecc+:xnack- --num_cu 256 --num_chiplets 8 -g 2 -m 468 -k 238 -n 318 -transA=True -transB=True --perf_config=gemm:v1:64,256,128,2,1,1,32,1,3,0,1 -pv
Errors = loc("<stdin>":11:1): error: ttg.shared (491520) exceeds LDS limit (163840) for amdgcn-amd-amdhsa:gfx950:sramecc+:xnack-
Lowering not applicable.

----------------------------------------------------------------------------------------------------
NOT_APPLICABLE: GemmConfiguration(datatype='f32', out_dtype='f32', g=2, m=468, k=238, n=318, trans_a=True, trans_b=True, perfconfig='gemm:v1:64,256,128,2,1,1,32,1,3,0,1', scaled_gemm=False, scale_a_dtype=None, scale_b_dtype=None, trans_scale_a=False, trans_scale_b=False, arch='gfx950:sramecc+:xnack-', chip='gfx950', num_cu=256, num_chiplets=8)
----------------------------------------------------------------------------------------------------
PASS: GemmConfiguration(datatype='f16', out_dtype='f16', g=2, m=16, k=84, n=444, trans_a=True, trans_b=False, perfconfig='gemm:v1:256,32,128,1,1,16,16,2,1,2,2', scaled_gemm=False, scale_a_dtype=None, scale_b_dtype=None, trans_scale_a=False, trans_scale_b=False, arch='gfx950:sramecc+:xnack-', chip='gfx950', num_cu=256, num_chiplets=8)
----------------------------------------------------------------------------------------------------
PASS: GemmConfiguration(datatype='fp8', out_dtype='f32', g=1, m=223, k=427, n=461, trans_a=True, trans_b=False, perfconfig='gemm:v1:32,64,128,2,1,4,0,4,3,8,8', scaled_gemm=False, scale_a_dtype=None, scale_b_dtype=None, trans_scale_a=False, trans_scale_b=False, arch='gfx950:sramecc+:xnack-', chip='gfx950', num_cu=256, num_chiplets=8)
----------------------------------------------------------------------------------------------------
FAIL: GemmConfiguration(datatype='f16', out_dtype='f16', g=1, m=98, k=494, n=29, trans_a=True, trans_b=True, perfconfig='gemm:v1:32,32,16,2,1,4,32,2,1,1,8', scaled_gemm=False, scale_a_dtype=None, scale_b_dtype=None, trans_scale_a=False, trans_scale_b=False, arch='gfx950:sramecc+:xnack-', chip='gfx950', num_cu=256, num_chiplets=8)
----------------------------------------------------------------------------------------------------
FAIL: GemmConfiguration(datatype='f16', out_dtype='f16', g=2, m=120, k=446, n=30, trans_a=True, trans_b=True, perfconfig='gemm:v1:128,32,16,2,1,4,0,4,3,2,1', scaled_gemm=False, scale_a_dtype=None, scale_b_dtype=None, trans_scale_a=False, trans_scale_b=False, arch='gfx950:sramecc+:xnack-', chip='gfx950', num_cu=256, num_chiplets=8)
----------------------------------------------------------------------------------------------------
PASS: GemmConfiguration(datatype='bf16', out_dtype='bf16', g=2, m=438, k=433, n=132, trans_a=False, trans_b=False, perfconfig='gemm:v1:256,256,64,2,1,2,32,2,1,4,1', scaled_gemm=False, scale_a_dtype=None, scale_b_dtype=None, trans_scale_a=False, trans_scale_b=False, arch='gfx950:sramecc+:xnack-', chip='gfx950', num_cu=256, num_chiplets=8)
Lowering rejected config as not applicable
Command line = -operation gemm -t i8 -out_datatype i32 --arch gfx950:sramecc+:xnack- --num_cu 256 --num_chiplets 8 -g 2 -m 493 -k 331 -n 129 -transA=False -transB=True --perf_config=gemm:v1:128,16,64,2,1,4,0,4,2,0,2 -pv
Errors = loc("<stdin>":18:10): error: Fusion with SplitK perfConfig is not legal
Lowering not applicable.

----------------------------------------------------------------------------------------------------
NOT_APPLICABLE: GemmConfiguration(datatype='i8', out_dtype='i32', g=2, m=493, k=331, n=129, trans_a=False, trans_b=True, perfconfig='gemm:v1:128,16,64,2,1,4,0,4,2,0,2', scaled_gemm=False, scale_a_dtype=None, scale_b_dtype=None, trans_scale_a=False, trans_scale_b=False, arch='gfx950:sramecc+:xnack-', chip='gfx950', num_cu=256, num_chiplets=8)
Lowering rejected config as not applicable
Command line = -operation gemm -t i8 -out_datatype i32 --arch gfx950:sramecc+:xnack- --num_cu 256 --num_chiplets 8 -g 2 -m 420 -k 53 -n 452 -transA=True -transB=True --perf_config=gemm:v1:32,16,64,1,1,16,0,2,1,0,2 -pv
Errors = loc("<stdin>":18:10): error: Fusion with SplitK perfConfig is not legal
Lowering not applicable.

----------------------------------------------------------------------------------------------------
NOT_APPLICABLE: GemmConfiguration(datatype='i8', out_dtype='i32', g=2, m=420, k=53, n=452, trans_a=True, trans_b=True, perfconfig='gemm:v1:32,16,64,1,1,16,0,2,1,0,2', scaled_gemm=False, scale_a_dtype=None, scale_b_dtype=None, trans_scale_a=False, trans_scale_b=False, arch='gfx950:sramecc+:xnack-', chip='gfx950', num_cu=256, num_chiplets=8)
Lowering rejected config as not applicable
Command line = -operation gemm -t f16 -out_datatype f16 --arch gfx950:sramecc+:xnack- --num_cu 256 --num_chiplets 8 -g 1 -m 108 -k 385 -n 172 -transA=True -transB=False --perf_config=gemm:v1:128,256,128,1,1,8,16,3,2,8,4 -pv
Errors = loc("<stdin>":14:1): error: ttg.shared (202688) exceeds LDS limit (163840) for amdgcn-amd-amdhsa:gfx950:sramecc+:xnack-
Lowering not applicable.

----------------------------------------------------------------------------------------------------
NOT_APPLICABLE: GemmConfiguration(datatype='f16', out_dtype='f16', g=1, m=108, k=385, n=172, trans_a=True, trans_b=False, perfconfig='gemm:v1:128,256,128,1,1,8,16,3,2,8,4', scaled_gemm=False, scale_a_dtype=None, scale_b_dtype=None, trans_scale_a=False, trans_scale_b=False, arch='gfx950:sramecc+:xnack-', chip='gfx950', num_cu=256, num_chiplets=8)
----------------------------------------------------------------------------------------------------
PASS: GemmConfiguration(datatype='f16', out_dtype='f16', g=1, m=50, k=132, n=4, trans_a=True, trans_b=True, perfconfig='gemm:v1:128,64,64,1,1,2,16,4,3,8,1', scaled_gemm=False, scale_a_dtype=None, scale_b_dtype=None, trans_scale_a=False, trans_scale_b=False, arch='gfx950:sramecc+:xnack-', chip='gfx950', num_cu=256, num_chiplets=8)
----------------------------------------------------------------------------------------------------
PASS: GemmConfiguration(datatype='f16', out_dtype='f16', g=1, m=60, k=153, n=493, trans_a=True, trans_b=False, perfconfig='gemm:v1:16,64,32,2,1,4,32,1,1,8,4', scaled_gemm=False, scale_a_dtype=None, scale_b_dtype=None, trans_scale_a=False, trans_scale_b=False, arch='gfx950:sramecc+:xnack-', chip='gfx950', num_cu=256, num_chiplets=8)
FAIL: Runner returned incorrect result
Config = GemmConfiguration(datatype='f16', out_dtype='f16', g=2, m=174, k=310, n=159, trans_a=False, trans_b=False, perfconfig='gemm:v1:128,128,16,2,1,16,16,2,2,1,0', scaled_gemm=False, scale_a_dtype=None, scale_b_dtype=None, trans_scale_a=False, trans_scale_b=False, arch='gfx950:sramecc+:xnack-', chip='gfx950', num_cu=256, num_chiplets=8)
Command line = -operation gemm -t f16 -out_datatype f16 --arch gfx950:sramecc+:xnack- --num_cu 256 --num_chiplets 8 -g 2 -m 174 -k 310 -n 159 -transA=False -transB=False --perf_config=gemm:v1:128,128,16,2,1,16,16,2,2,1,0 -pv
Output = Number of elements: 55332
maxAbsDiff info: maxAbsDiff = 21.613281 (valNum = -26.25000, gpuNum = -4.63672), average absDiff = 1.6e+01
maxRelDiff info: maxRelDiff = 8.5e-01 (valNum = 12.3750000000, gpuNum = 1.9072265625), average relDiff = 8.3e-01
RMS = 6.3e-01
Histogram of relDiff: 
        relDiff = 0     : 0/55332 (0.000000%)
     0 < relDiff < 1e-06: 0/55332 (0.000000%)
1e-06 < relDiff <= 1e-05: 0/55332 (0.000000%)
1e-05 < relDiff <= 1e-04: 0/55332 (0.000000%)
1e-04 < relDiff <= 1e-03: 0/55332 (0.000000%)
1e-03 < relDiff <= 1e-02: 0/55332 (0.000000%)
1e-02 < relDiff <= 1e-01: 0/55332 (0.000000%)
1e-01 < relDiff <= 1e+00: 55332/55332 (100.000000%)
1e+00 < relDiff < inf   : 0/55332 (0.000000%)
        relDiff = inf   : 0/55332 (0.000000%)
[0 1 1]

FAIL: Runner returned incorrect result
Config = GemmConfiguration(datatype='f16', out_dtype='f16', g=2, m=407, k=474, n=154, trans_a=True, trans_b=False, perfconfig='gemm:v1:32,256,16,2,1,2,16,2,3,2,0', scaled_gemm=False, scale_a_dtype=None, scale_b_dtype=None, trans_scale_a=False, trans_scale_b=False, arch='gfx950:sramecc+:xnack-', chip='gfx950', num_cu=256, num_chiplets=8)
Command line = -operation gemm -t f16 -out_datatype f16 --arch gfx950:sramecc+:xnack- --num_cu 256 --num_chiplets 8 -g 2 -m 407 -k 474 -n 154 -transA=True -transB=False --perf_config=gemm:v1:32,256,16,2,1,2,16,2,3,2,0 -pv
Output = Number of elements: 125356
maxAbsDiff info: maxAbsDiff = 243.156250 (valNum = 276.50000, gpuNum = 33.34375), average absDiff = 1.6e+02
maxRelDiff info: maxRelDiff = 8.9e-01 (valNum = -69.1250000000, gpuNum = -7.4453125000), average relDiff = 8.8e-01
RMS = 6.4e-01
Histogram of relDiff: 
        relDiff = 0     : 0/125356 (0.000000%)
     0 < relDiff < 1e-06: 0/125356 (0.000000%)
1e-06 < relDiff <= 1e-05: 0/125356 (0.000000%)
1e-05 < relDiff <= 1e-04: 0/125356 (0.000000%)
1e-04 < relDiff <= 1e-03: 0/125356 (0.000000%)
1e-03 < relDiff <= 1e-02: 0/125356 (0.000000%)
1e-02 < relDiff <= 1e-01: 0/125356 (0.000000%)
1e-01 < relDiff <= 1e+00: 125356/125356 (100.000000%)
1e+00 < relDiff < inf   : 0/125356 (0.000000%)
        relDiff = inf   : 0/125356 (0.000000%)
[0 0 1]

----------------------------------------------------------------------------------------------------
PASS: GemmConfiguration(datatype='bf16', out_dtype='bf16', g=1, m=226, k=312, n=19, trans_a=True, trans_b=True, perfconfig='gemm:v1:64,16,32,2,1,1,32,1,1,2,1', scaled_gemm=False, scale_a_dtype=None, scale_b_dtype=None, trans_scale_a=False, trans_scale_b=False, arch='gfx950:sramecc+:xnack-', chip='gfx950', num_cu=256, num_chiplets=8)
----------------------------------------------------------------------------------------------------
PASS: GemmConfiguration(datatype='f16', out_dtype='f16', g=2, m=356, k=440, n=59, trans_a=True, trans_b=True, perfconfig='gemm:v1:64,128,64,2,1,8,0,2,3,4,1', scaled_gemm=False, scale_a_dtype=None, scale_b_dtype=None, trans_scale_a=False, trans_scale_b=False, arch='gfx950:sramecc+:xnack-', chip='gfx950', num_cu=256, num_chiplets=8)
----------------------------------------------------------------------------------------------------
PASS: GemmConfiguration(datatype='f32', out_dtype='f32', g=1, m=91, k=199, n=324, trans_a=False, trans_b=False, perfconfig='gemm:v1:64,128,16,1,1,1,16,1,3,2,4', scaled_gemm=False, scale_a_dtype=None, scale_b_dtype=None, trans_scale_a=False, trans_scale_b=False, arch='gfx950:sramecc+:xnack-', chip='gfx950', num_cu=256, num_chiplets=8)
Lowering rejected config as not applicable
Command line = -operation gemm -t i8 -out_datatype i32 --arch gfx950:sramecc+:xnack- --num_cu 256 --num_chiplets 8 -g 1 -m 512 -k 441 -n 499 -transA=True -transB=True --perf_config=gemm:v1:16,32,32,2,1,16,32,2,2,0,1 -pv
Errors = loc("<stdin>":18:10): error: Fusion with SplitK perfConfig is not legal
Lowering not applicable.

----------------------------------------------------------------------------------------------------
NOT_APPLICABLE: GemmConfiguration(datatype='i8', out_dtype='i32', g=1, m=512, k=441, n=499, trans_a=True, trans_b=True, perfconfig='gemm:v1:16,32,32,2,1,16,32,2,2,0,1', scaled_gemm=False, scale_a_dtype=None, scale_b_dtype=None, trans_scale_a=False, trans_scale_b=False, arch='gfx950:sramecc+:xnack-', chip='gfx950', num_cu=256, num_chiplets=8)
Lowering rejected config as not applicable
Command line = -operation gemm -t i8 -out_datatype i32 --arch gfx950:sramecc+:xnack- --num_cu 256 --num_chiplets 8 -g 1 -m 143 -k 143 -n 272 -transA=True -transB=True --perf_config=gemm:v1:32,256,16,1,1,2,0,2,1,1,4 -pv
Errors = loc("<stdin>":17:10): error: Fusion with SplitK perfConfig is not legal
Lowering not applicable.

----------------------------------------------------------------------------------------------------
NOT_APPLICABLE: GemmConfiguration(datatype='i8', out_dtype='i32', g=1, m=143, k=143, n=272, trans_a=True, trans_b=True, perfconfig='gemm:v1:32,256,16,1,1,2,0,2,1,1,4', scaled_gemm=False, scale_a_dtype=None, scale_b_dtype=None, trans_scale_a=False, trans_scale_b=False, arch='gfx950:sramecc+:xnack-', chip='gfx950', num_cu=256, num_chiplets=8)
----------------------------------------------------------------------------------------------------
PASS: GemmConfiguration(datatype='fp8', out_dtype='f32', g=1, m=428, k=466, n=185, trans_a=False, trans_b=False, perfconfig='gemm:v1:32,16,16,1,1,16,0,1,1,8,2', scaled_gemm=False, scale_a_dtype=None, scale_b_dtype=None, trans_scale_a=False, trans_scale_b=False, arch='gfx950:sramecc+:xnack-', chip='gfx950', num_cu=256, num_chiplets=8)
----------------------------------------------------------------------------------------------------
PASS: GemmConfiguration(datatype='i8', out_dtype='i32', g=2, m=8, k=205, n=477, trans_a=True, trans_b=False, perfconfig='gemm:v1:64,16,16,1,1,16,16,1,3,8,1', scaled_gemm=False, scale_a_dtype=None, scale_b_dtype=None, trans_scale_a=False, trans_scale_b=False, arch='gfx950:sramecc+:xnack-', chip='gfx950', num_cu=256, num_chiplets=8)
----------------------------------------------------------------------------------------------------
FAIL: GemmConfiguration(datatype='f16', out_dtype='f16', g=2, m=174, k=310, n=159, trans_a=False, trans_b=False, perfconfig='gemm:v1:128,128,16,2,1,16,16,2,2,1,0', scaled_gemm=False, scale_a_dtype=None, scale_b_dtype=None, trans_scale_a=False, trans_scale_b=False, arch='gfx950:sramecc+:xnack-', chip='gfx950', num_cu=256, num_chiplets=8)
----------------------------------------------------------------------------------------------------
PASS: GemmConfiguration(datatype='f32', out_dtype='f32', g=2, m=53, k=327, n=339, trans_a=True, trans_b=True, perfconfig='gemm:v1:16,16,128,2,1,2,32,1,2,4,0', scaled_gemm=False, scale_a_dtype=None, scale_b_dtype=None, trans_scale_a=False, trans_scale_b=False, arch='gfx950:sramecc+:xnack-', chip='gfx950', num_cu=256, num_chiplets=8)
----------------------------------------------------------------------------------------------------
PASS: GemmConfiguration(datatype='f32', out_dtype='f32', g=2, m=369, k=256, n=312, trans_a=True, trans_b=True, perfconfig='gemm:v1:32,128,16,1,1,4,16,3,3,0,1', scaled_gemm=False, scale_a_dtype=None, scale_b_dtype=None, trans_scale_a=False, trans_scale_b=False, arch='gfx950:sramecc+:xnack-', chip='gfx950', num_cu=256, num_chiplets=8)
----------------------------------------------------------------------------------------------------
PASS: GemmConfiguration(datatype='bf16', out_dtype='bf16', g=2, m=153, k=474, n=117, trans_a=False, trans_b=False, perfconfig='gemm:v1:128,32,128,2,1,1,0,1,2,1,4', scaled_gemm=False, scale_a_dtype=None, scale_b_dtype=None, trans_scale_a=False, trans_scale_b=False, arch='gfx950:sramecc+:xnack-', chip='gfx950', num_cu=256, num_chiplets=8)
Lowering rejected config as not applicable
Command line = -operation gemm -t f32 -out_datatype f32 --arch gfx950:sramecc+:xnack- --num_cu 256 --num_chiplets 8 -g 2 -m 463 -k 267 -n 313 -transA=False -transB=False --perf_config=gemm:v1:32,256,128,1,1,1,32,1,3,1,8 -pv
Errors = loc("<stdin>":11:1): error: ttg.shared (442368) exceeds LDS limit (163840) for amdgcn-amd-amdhsa:gfx950:sramecc+:xnack-
Lowering not applicable.

----------------------------------------------------------------------------------------------------
NOT_APPLICABLE: GemmConfiguration(datatype='f32', out_dtype='f32', g=2, m=463, k=267, n=313, trans_a=False, trans_b=False, perfconfig='gemm:v1:32,256,128,1,1,1,32,1,3,1,8', scaled_gemm=False, scale_a_dtype=None, scale_b_dtype=None, trans_scale_a=False, trans_scale_b=False, arch='gfx950:sramecc+:xnack-', chip='gfx950', num_cu=256, num_chiplets=8)
----------------------------------------------------------------------------------------------------
PASS: GemmConfiguration(datatype='f16', out_dtype='f16', g=2, m=165, k=136, n=307, trans_a=False, trans_b=False, perfconfig='gemm:v1:64,128,16,1,1,4,32,4,2,4,4', scaled_gemm=False, scale_a_dtype=None, scale_b_dtype=None, trans_scale_a=False, trans_scale_b=False, arch='gfx950:sramecc+:xnack-', chip='gfx950', num_cu=256, num_chiplets=8)
----------------------------------------------------------------------------------------------------
PASS: GemmConfiguration(datatype='f32', out_dtype='f32', g=2, m=511, k=162, n=44, trans_a=True, trans_b=True, perfconfig='gemm:v1:64,256,128,1,1,8,32,2,1,1,0', scaled_gemm=False, scale_a_dtype=None, scale_b_dtype=None, trans_scale_a=False, trans_scale_b=False, arch='gfx950:sramecc+:xnack-', chip='gfx950', num_cu=256, num_chiplets=8)
----------------------------------------------------------------------------------------------------
FAIL: GemmConfiguration(datatype='f16', out_dtype='f16', g=2, m=407, k=474, n=154, trans_a=True, trans_b=False, perfconfig='gemm:v1:32,256,16,2,1,2,16,2,3,2,0', scaled_gemm=False, scale_a_dtype=None, scale_b_dtype=None, trans_scale_a=False, trans_scale_b=False, arch='gfx950:sramecc+:xnack-', chip='gfx950', num_cu=256, num_chiplets=8)
----------------------------------------------------------------------------------------------------
PASS: GemmConfiguration(datatype='bf16', out_dtype='bf16', g=1, m=147, k=262, n=32, trans_a=True, trans_b=False, perfconfig='gemm:v1:128,128,64,2,1,2,32,3,1,8,1', scaled_gemm=False, scale_a_dtype=None, scale_b_dtype=None, trans_scale_a=False, trans_scale_b=False, arch='gfx950:sramecc+:xnack-', chip='gfx950', num_cu=256, num_chiplets=8)
FAIL: Runner returned incorrect result
Config = GemmConfiguration(datatype='fp8', out_dtype='f32', g=1, m=379, k=165, n=191, trans_a=False, trans_b=False, perfconfig='gemm:v1:64,16,16,2,1,4,32,1,2,8,1', scaled_gemm=False, scale_a_dtype=None, scale_b_dtype=None, trans_scale_a=False, trans_scale_b=False, arch='gfx950:sramecc+:xnack-', chip='gfx950', num_cu=256, num_chiplets=8)
Command line = -operation gemm -t fp8 -out_datatype f32 --arch gfx950:sramecc+:xnack- --num_cu 256 --num_chiplets 8 -g 1 -m 379 -k 165 -n 191 -transA=False -transB=False --perf_config=gemm:v1:64,16,16,2,1,4,32,1,2,8,1 -pv -relDiff_threshold 1e-5
Output = Number of elements: 72389
maxAbsDiff info: maxAbsDiff = 83.919800 (valNum = 96.25000, gpuNum = 12.33020), average absDiff = 5.5e+01
maxRelDiff info: maxRelDiff = 8.9e-01 (valNum = -24.0625000000, gpuNum = -2.7568969727), average relDiff = 8.7e-01
RMS = 6.3e-01
Histogram of relDiff: 
        relDiff = 0     : 0/72389 (0.000000%)
     0 < relDiff < 1e-06: 0/72389 (0.000000%)
1e-06 < relDiff <= 1e-05: 0/72389 (0.000000%)
1e-05 < relDiff <= 1e-04: 0/72389 (0.000000%)
1e-04 < relDiff <= 1e-03: 0/72389 (0.000000%)
1e-03 < relDiff <= 1e-02: 0/72389 (0.000000%)
1e-02 < relDiff <= 1e-01: 0/72389 (0.000000%)
1e-01 < relDiff <= 1e+00: 72389/72389 (100.000000%)
1e+00 < relDiff < inf   : 0/72389 (0.000000%)
        relDiff = inf   : 0/72389 (0.000000%)
[0 1 0]

FAIL: Runner returned incorrect result
Config = GemmConfiguration(datatype='f16', out_dtype='f16', g=2, m=260, k=149, n=206, trans_a=True, trans_b=True, perfconfig='gemm:v1:16,32,32,2,1,16,0,2,1,0,8', scaled_gemm=False, scale_a_dtype=None, scale_b_dtype=None, trans_scale_a=False, trans_scale_b=False, arch='gfx950:sramecc+:xnack-', chip='gfx950', num_cu=256, num_chiplets=8)
Command line = -operation gemm -t f16 -out_datatype f16 --arch gfx950:sramecc+:xnack- --num_cu 256 --num_chiplets 8 -g 2 -m 260 -k 149 -n 206 -transA=True -transB=True --perf_config=gemm:v1:16,32,32,2,1,16,0,2,1,0,8 -pv
Output = Number of elements: 107120
maxAbsDiff info: maxAbsDiff = 47.187500 (valNum = 87.12500, gpuNum = 39.93750), average absDiff = 3.1e+01
maxRelDiff info: maxRelDiff = 5.5e-01 (valNum = -21.3750000000, gpuNum = -9.5312500000), average relDiff = 5.4e-01
RMS = 3.9e-01
Histogram of relDiff: 
        relDiff = 0     : 0/107120 (0.000000%)
     0 < relDiff < 1e-06: 0/107120 (0.000000%)
1e-06 < relDiff <= 1e-05: 0/107120 (0.000000%)
1e-05 < relDiff <= 1e-04: 0/107120 (0.000000%)
1e-04 < relDiff <= 1e-03: 0/107120 (0.000000%)
1e-03 < relDiff <= 1e-02: 0/107120 (0.000000%)
1e-02 < relDiff <= 1e-01: 0/107120 (0.000000%)
1e-01 < relDiff <= 1e+00: 107120/107120 (100.000000%)
1e+00 < relDiff < inf   : 0/107120 (0.000000%)
        relDiff = inf   : 0/107120 (0.000000%)
[0 1 1]

FAIL: Runner returned incorrect result
Config = GemmConfiguration(datatype='i8', out_dtype='i32', g=2, m=386, k=407, n=309, trans_a=True, trans_b=False, perfconfig='gemm:v1:32,256,32,2,1,8,32,1,3,8,1', scaled_gemm=False, scale_a_dtype=None, scale_b_dtype=None, trans_scale_a=False, trans_scale_b=False, arch='gfx950:sramecc+:xnack-', chip='gfx950', num_cu=256, num_chiplets=8)
Command line = -operation gemm -t i8 -out_datatype i32 --arch gfx950:sramecc+:xnack- --num_cu 256 --num_chiplets 8 -g 2 -m 386 -k 407 -n 309 -transA=True -transB=False --perf_config=gemm:v1:32,256,32,2,1,8,32,1,3,8,1 -pv
Output = Number of elements: 238548
Number of incorrect elements: 238548
maxAbsDiff: 471
Number of overflow elements: 0
[0 0 0]
----------------------------------------------------------------------------------------------------
PASS: GemmConfiguration(datatype='f16', out_dtype='f16', g=1, m=172, k=443, n=101, trans_a=True, trans_b=False, perfconfig='gemm:v1:256,64,64,1,1,4,16,4,1,8,0', scaled_gemm=False, scale_a_dtype=None, scale_b_dtype=None, trans_scale_a=False, trans_scale_b=False, arch='gfx950:sramecc+:xnack-', chip='gfx950', num_cu=256, num_chiplets=8)
----------------------------------------------------------------------------------------------------
PASS: GemmConfiguration(datatype='f32', out_dtype='f32', g=2, m=365, k=267, n=69, trans_a=False, trans_b=False, perfconfig='gemm:v1:256,64,16,1,1,2,16,3,1,8,2', scaled_gemm=False, scale_a_dtype=None, scale_b_dtype=None, trans_scale_a=False, trans_scale_b=False, arch='gfx950:sramecc+:xnack-', chip='gfx950', num_cu=256, num_chiplets=8)
----------------------------------------------------------------------------------------------------
PASS: GemmConfiguration(datatype='i8', out_dtype='i32', g=2, m=149, k=346, n=58, trans_a=True, trans_b=True, perfconfig='gemm:v1:256,32,32,1,1,2,0,1,2,2,4', scaled_gemm=False, scale_a_dtype=None, scale_b_dtype=None, trans_scale_a=False, trans_scale_b=False, arch='gfx950:sramecc+:xnack-', chip='gfx950', num_cu=256, num_chiplets=8)
Lowering rejected config as not applicable
Command line = -operation gemm -t i8 -out_datatype i32 --arch gfx950:sramecc+:xnack- --num_cu 256 --num_chiplets 8 -g 2 -m 156 -k 477 -n 267 -transA=False -transB=True --perf_config=gemm:v1:16,16,32,2,1,2,16,3,1,4,1 -pv
Errors = loc("<stdin>":18:10): error: Fusion with SplitK perfConfig is not legal
Lowering not applicable.

----------------------------------------------------------------------------------------------------
NOT_APPLICABLE: GemmConfiguration(datatype='i8', out_dtype='i32', g=2, m=156, k=477, n=267, trans_a=False, trans_b=True, perfconfig='gemm:v1:16,16,32,2,1,2,16,3,1,4,1', scaled_gemm=False, scale_a_dtype=None, scale_b_dtype=None, trans_scale_a=False, trans_scale_b=False, arch='gfx950:sramecc+:xnack-', chip='gfx950', num_cu=256, num_chiplets=8)
----------------------------------------------------------------------------------------------------
PASS: GemmConfiguration(datatype='f32', out_dtype='f32', g=1, m=127, k=233, n=310, trans_a=False, trans_b=False, perfconfig='gemm:v1:64,64,64,2,1,4,32,1,1,2,1', scaled_gemm=False, scale_a_dtype=None, scale_b_dtype=None, trans_scale_a=False, trans_scale_b=False, arch='gfx950:sramecc+:xnack-', chip='gfx950', num_cu=256, num_chiplets=8)
----------------------------------------------------------------------------------------------------
FAIL: GemmConfiguration(datatype='fp8', out_dtype='f32', g=1, m=379, k=165, n=191, trans_a=False, trans_b=False, perfconfig='gemm:v1:64,16,16,2,1,4,32,1,2,8,1', scaled_gemm=False, scale_a_dtype=None, scale_b_dtype=None, trans_scale_a=False, trans_scale_b=False, arch='gfx950:sramecc+:xnack-', chip='gfx950', num_cu=256, num_chiplets=8)
----------------------------------------------------------------------------------------------------
FAIL: GemmConfiguration(datatype='f16', out_dtype='f16', g=2, m=260, k=149, n=206, trans_a=True, trans_b=True, perfconfig='gemm:v1:16,32,32,2,1,16,0,2,1,0,8', scaled_gemm=False, scale_a_dtype=None, scale_b_dtype=None, trans_scale_a=False, trans_scale_b=False, arch='gfx950:sramecc+:xnack-', chip='gfx950', num_cu=256, num_chiplets=8)
----------------------------------------------------------------------------------------------------
PASS: GemmConfiguration(datatype='f16', out_dtype='f16', g=1, m=365, k=437, n=119, trans_a=False, trans_b=True, perfconfig='gemm:v1:64,16,128,2,1,4,16,4,1,8,2', scaled_gemm=False, scale_a_dtype=None, scale_b_dtype=None, trans_scale_a=False, trans_scale_b=False, arch='gfx950:sramecc+:xnack-', chip='gfx950', num_cu=256, num_chiplets=8)
----------------------------------------------------------------------------------------------------
PASS: GemmConfiguration(datatype='f16', out_dtype='f16', g=1, m=134, k=349, n=261, trans_a=False, trans_b=False, perfconfig='gemm:v1:64,32,128,2,1,4,16,2,3,4,8', scaled_gemm=False, scale_a_dtype=None, scale_b_dtype=None, trans_scale_a=False, trans_scale_b=False, arch='gfx950:sramecc+:xnack-', chip='gfx950', num_cu=256, num_chiplets=8)
----------------------------------------------------------------------------------------------------
PASS: GemmConfiguration(datatype='f32', out_dtype='f32', g=1, m=3, k=448, n=69, trans_a=False, trans_b=False, perfconfig='gemm:v1:32,128,32,2,1,2,16,4,3,8,2', scaled_gemm=False, scale_a_dtype=None, scale_b_dtype=None, trans_scale_a=False, trans_scale_b=False, arch='gfx950:sramecc+:xnack-', chip='gfx950', num_cu=256, num_chiplets=8)
----------------------------------------------------------------------------------------------------
PASS: GemmConfiguration(datatype='fp8', out_dtype='f32', g=2, m=410, k=507, n=412, trans_a=False, trans_b=True, perfconfig='gemm:v1:16,128,64,2,1,1,0,4,1,1,4', scaled_gemm=False, scale_a_dtype=None, scale_b_dtype=None, trans_scale_a=False, trans_scale_b=False, arch='gfx950:sramecc+:xnack-', chip='gfx950', num_cu=256, num_chiplets=8)
Lowering rejected config as not applicable
Command line = -operation gemm -t i8 -out_datatype i32 --arch gfx950:sramecc+:xnack- --num_cu 256 --num_chiplets 8 -g 1 -m 171 -k 66 -n 22 -transA=True -transB=True --perf_config=gemm:v1:64,256,16,2,1,2,16,4,3,1,0 -pv
Errors = loc("<stdin>":18:10): error: Fusion with SplitK perfConfig is not legal
Lowering not applicable.

----------------------------------------------------------------------------------------------------
NOT_APPLICABLE: GemmConfiguration(datatype='i8', out_dtype='i32', g=1, m=171, k=66, n=22, trans_a=True, trans_b=True, perfconfig='gemm:v1:64,256,16,2,1,2,16,4,3,1,0', scaled_gemm=False, scale_a_dtype=None, scale_b_dtype=None, trans_scale_a=False, trans_scale_b=False, arch='gfx950:sramecc+:xnack-', chip='gfx950', num_cu=256, num_chiplets=8)
----------------------------------------------------------------------------------------------------
PASS: GemmConfiguration(datatype='f16', out_dtype='f16', g=1, m=245, k=100, n=117, trans_a=True, trans_b=False, perfconfig='gemm:v1:256,32,128,2,1,16,16,2,1,2,2', scaled_gemm=False, scale_a_dtype=None, scale_b_dtype=None, trans_scale_a=False, trans_scale_b=False, arch='gfx950:sramecc+:xnack-', chip='gfx950', num_cu=256, num_chiplets=8)
----------------------------------------------------------------------------------------------------
PASS: GemmConfiguration(datatype='bf16', out_dtype='bf16', g=2, m=83, k=207, n=3, trans_a=True, trans_b=True, perfconfig='gemm:v1:32,32,32,1,1,4,16,4,2,1,0', scaled_gemm=False, scale_a_dtype=None, scale_b_dtype=None, trans_scale_a=False, trans_scale_b=False, arch='gfx950:sramecc+:xnack-', chip='gfx950', num_cu=256, num_chiplets=8)
----------------------------------------------------------------------------------------------------
PASS: GemmConfiguration(datatype='bf16', out_dtype='bf16', g=2, m=207, k=290, n=466, trans_a=False, trans_b=False, perfconfig='gemm:v1:256,256,128,2,1,16,0,3,2,8,0', scaled_gemm=False, scale_a_dtype=None, scale_b_dtype=None, trans_scale_a=False, trans_scale_b=False, arch='gfx950:sramecc+:xnack-', chip='gfx950', num_cu=256, num_chiplets=8)
----------------------------------------------------------------------------------------------------
PASS: GemmConfiguration(datatype='fp8', out_dtype='f32', g=2, m=397, k=475, n=182, trans_a=False, trans_b=False, perfconfig='gemm:v1:32,256,128,1,1,16,32,4,1,2,2', scaled_gemm=False, scale_a_dtype=None, scale_b_dtype=None, trans_scale_a=False, trans_scale_b=False, arch='gfx950:sramecc+:xnack-', chip='gfx950', num_cu=256, num_chiplets=8)
----------------------------------------------------------------------------------------------------
FAIL: GemmConfiguration(datatype='i8', out_dtype='i32', g=2, m=386, k=407, n=309, trans_a=True, trans_b=False, perfconfig='gemm:v1:32,256,32,2,1,8,32,1,3,8,1', scaled_gemm=False, scale_a_dtype=None, scale_b_dtype=None, trans_scale_a=False, trans_scale_b=False, arch='gfx950:sramecc+:xnack-', chip='gfx950', num_cu=256, num_chiplets=8)
FAIL: Runner returned incorrect result
Config = GemmConfiguration(datatype='bf16', out_dtype='bf16', g=2, m=502, k=218, n=255, trans_a=False, trans_b=True, perfconfig='gemm:v1:32,16,32,2,1,16,16,4,2,8,1', scaled_gemm=False, scale_a_dtype=None, scale_b_dtype=None, trans_scale_a=False, trans_scale_b=False, arch='gfx950:sramecc+:xnack-', chip='gfx950', num_cu=256, num_chiplets=8)
Command line = -operation gemm -t bf16 -out_datatype bf16 --arch gfx950:sramecc+:xnack- --num_cu 256 --num_chiplets 8 -g 2 -m 502 -k 218 -n 255 -transA=False -transB=True --perf_config=gemm:v1:32,16,32,2,1,16,16,4,2,8,1 -pv -RMS_threshold 1e-2
Output = Number of elements: 256020
maxAbsDiff info: maxAbsDiff = 39.000000 (valNum = 132.00000, gpuNum = 93.00000), average absDiff = 2.5e+01
maxRelDiff info: maxRelDiff = 3.0e-01 (valNum = 132.0000000000, gpuNum = 93.0000000000), average relDiff = 2.9e-01
RMS = 2.0e-01
Histogram of relDiff: 
        relDiff = 0     : 0/256020 (0.000000%)
     0 < relDiff < 1e-06: 0/256020 (0.000000%)
1e-06 < relDiff <= 1e-05: 0/256020 (0.000000%)
1e-05 < relDiff <= 1e-04: 0/256020 (0.000000%)
1e-04 < relDiff <= 1e-03: 0/256020 (0.000000%)
1e-03 < relDiff <= 1e-02: 0/256020 (0.000000%)
1e-02 < relDiff <= 1e-01: 0/256020 (0.000000%)
1e-01 < relDiff <= 1e+00: 256020/256020 (100.000000%)
1e+00 < relDiff < inf   : 0/256020 (0.000000%)
        relDiff = inf   : 0/256020 (0.000000%)
[0 1 1]

----------------------------------------------------------------------------------------------------
PASS: GemmConfiguration(datatype='f32', out_dtype='f32', g=2, m=188, k=157, n=13, trans_a=True, trans_b=False, perfconfig='gemm:v1:64,16,128,1,1,1,16,2,3,8,8', scaled_gemm=False, scale_a_dtype=None, scale_b_dtype=None, trans_scale_a=False, trans_scale_b=False, arch='gfx950:sramecc+:xnack-', chip='gfx950', num_cu=256, num_chiplets=8)
----------------------------------------------------------------------------------------------------
PASS: GemmConfiguration(datatype='f32', out_dtype='f32', g=2, m=448, k=391, n=299, trans_a=True, trans_b=False, perfconfig='gemm:v1:128,256,32,2,1,1,0,4,1,0,0', scaled_gemm=False, scale_a_dtype=None, scale_b_dtype=None, trans_scale_a=False, trans_scale_b=False, arch='gfx950:sramecc+:xnack-', chip='gfx950', num_cu=256, num_chiplets=8)
Lowering rejected config as not applicable
Command line = -operation gemm -t i8 -out_datatype i32 --arch gfx950:sramecc+:xnack- --num_cu 256 --num_chiplets 8 -g 1 -m 371 -k 487 -n 476 -transA=False -transB=False --perf_config=gemm:v1:256,16,128,2,1,8,0,4,2,2,0 -pv
Errors = loc("<stdin>":18:10): error: Fusion with SplitK perfConfig is not legal
Lowering not applicable.

----------------------------------------------------------------------------------------------------
NOT_APPLICABLE: GemmConfiguration(datatype='i8', out_dtype='i32', g=1, m=371, k=487, n=476, trans_a=False, trans_b=False, perfconfig='gemm:v1:256,16,128,2,1,8,0,4,2,2,0', scaled_gemm=False, scale_a_dtype=None, scale_b_dtype=None, trans_scale_a=False, trans_scale_b=False, arch='gfx950:sramecc+:xnack-', chip='gfx950', num_cu=256, num_chiplets=8)
Lowering rejected config as not applicable
Command line = -operation gemm -t i8 -out_datatype i32 --arch gfx950:sramecc+:xnack- --num_cu 256 --num_chiplets 8 -g 1 -m 278 -k 366 -n 2 -transA=False -transB=False --perf_config=gemm:v1:32,256,16,2,1,8,32,2,2,1,8 -pv
Errors = loc("<stdin>":18:10): error: Fusion with SplitK perfConfig is not legal
Lowering not applicable.

----------------------------------------------------------------------------------------------------
NOT_APPLICABLE: GemmConfiguration(datatype='i8', out_dtype='i32', g=1, m=278, k=366, n=2, trans_a=False, trans_b=False, perfconfig='gemm:v1:32,256,16,2,1,8,32,2,2,1,8', scaled_gemm=False, scale_a_dtype=None, scale_b_dtype=None, trans_scale_a=False, trans_scale_b=False, arch='gfx950:sramecc+:xnack-', chip='gfx950', num_cu=256, num_chiplets=8)
----------------------------------------------------------------------------------------------------
PASS: GemmConfiguration(datatype='bf16', out_dtype='bf16', g=2, m=6, k=47, n=143, trans_a=False, trans_b=True, perfconfig='gemm:v1:16,32,128,2,1,16,32,3,2,1,2', scaled_gemm=False, scale_a_dtype=None, scale_b_dtype=None, trans_scale_a=False, trans_scale_b=False, arch='gfx950:sramecc+:xnack-', chip='gfx950', num_cu=256, num_chiplets=8)
----------------------------------------------------------------------------------------------------
PASS: GemmConfiguration(datatype='fp8', out_dtype='f32', g=2, m=111, k=339, n=376, trans_a=False, trans_b=True, perfconfig='gemm:v1:32,32,128,2,1,2,16,3,1,1,0', scaled_gemm=False, scale_a_dtype=None, scale_b_dtype=None, trans_scale_a=False, trans_scale_b=False, arch='gfx950:sramecc+:xnack-', chip='gfx950', num_cu=256, num_chiplets=8)
----------------------------------------------------------------------------------------------------
PASS: GemmConfiguration(datatype='f32', out_dtype='f32', g=1, m=121, k=452, n=383, trans_a=False, trans_b=False, perfconfig='gemm:v1:32,32,16,1,1,2,16,4,3,4,0', scaled_gemm=False, scale_a_dtype=None, scale_b_dtype=None, trans_scale_a=False, trans_scale_b=False, arch='gfx950:sramecc+:xnack-', chip='gfx950', num_cu=256, num_chiplets=8)
----------------------------------------------------------------------------------------------------
FAIL: GemmConfiguration(datatype='bf16', out_dtype='bf16', g=2, m=502, k=218, n=255, trans_a=False, trans_b=True, perfconfig='gemm:v1:32,16,32,2,1,16,16,4,2,8,1', scaled_gemm=False, scale_a_dtype=None, scale_b_dtype=None, trans_scale_a=False, trans_scale_b=False, arch='gfx950:sramecc+:xnack-', chip='gfx950', num_cu=256, num_chiplets=8)
----------------------------------------------------------------------------------------------------
PASS: GemmConfiguration(datatype='f16', out_dtype='f16', g=2, m=121, k=350, n=386, trans_a=True, trans_b=False, perfconfig='gemm:v1:64,256,128,2,1,4,0,2,1,0,1', scaled_gemm=False, scale_a_dtype=None, scale_b_dtype=None, trans_scale_a=False, trans_scale_b=False, arch='gfx950:sramecc+:xnack-', chip='gfx950', num_cu=256, num_chiplets=8)
----------------------------------------------------------------------------------------------------
PASS: GemmConfiguration(datatype='f16', out_dtype='f16', g=2, m=271, k=65, n=501, trans_a=True, trans_b=False, perfconfig='gemm:v1:128,256,64,1,1,2,0,3,1,2,1', scaled_gemm=False, scale_a_dtype=None, scale_b_dtype=None, trans_scale_a=False, trans_scale_b=False, arch='gfx950:sramecc+:xnack-', chip='gfx950', num_cu=256, num_chiplets=8)
Lowering rejected config as not applicable
Command line = -operation gemm -t f16 -out_datatype f16 --arch gfx950:sramecc+:xnack- --num_cu 256 --num_chiplets 8 -g 2 -m 90 -k 172 -n 166 -transA=False -transB=False --perf_config=gemm:v1:256,32,128,1,1,2,16,1,3,8,0 -pv
Errors = loc("<stdin>":13:1): error: ttg.shared (228032) exceeds LDS limit (163840) for amdgcn-amd-amdhsa:gfx950:sramecc+:xnack-
Lowering not applicable.

----------------------------------------------------------------------------------------------------
NOT_APPLICABLE: GemmConfiguration(datatype='f16', out_dtype='f16', g=2, m=90, k=172, n=166, trans_a=False, trans_b=False, perfconfig='gemm:v1:256,32,128,1,1,2,16,1,3,8,0', scaled_gemm=False, scale_a_dtype=None, scale_b_dtype=None, trans_scale_a=False, trans_scale_b=False, arch='gfx950:sramecc+:xnack-', chip='gfx950', num_cu=256, num_chiplets=8)
Lowering rejected config as not applicable
Command line = -operation gemm -t bf16 -out_datatype bf16 --arch gfx950:sramecc+:xnack- --num_cu 256 --num_chiplets 8 -g 1 -m 416 -k 398 -n 176 -transA=True -transB=False --perf_config=gemm:v1:256,128,128,2,1,1,32,1,3,1,1 -pv -RMS_threshold 1e-2
Errors = loc("<stdin>":13:1): error: ttg.shared (313216) exceeds LDS limit (163840) for amdgcn-amd-amdhsa:gfx950:sramecc+:xnack-
Lowering not applicable.

----------------------------------------------------------------------------------------------------
NOT_APPLICABLE: GemmConfiguration(datatype='bf16', out_dtype='bf16', g=1, m=416, k=398, n=176, trans_a=True, trans_b=False, perfconfig='gemm:v1:256,128,128,2,1,1,32,1,3,1,1', scaled_gemm=False, scale_a_dtype=None, scale_b_dtype=None, trans_scale_a=False, trans_scale_b=False, arch='gfx950:sramecc+:xnack-', chip='gfx950', num_cu=256, num_chiplets=8)
----------------------------------------------------------------------------------------------------
PASS: GemmConfiguration(datatype='f32', out_dtype='f32', g=1, m=216, k=387, n=16, trans_a=True, trans_b=True, perfconfig='gemm:v1:128,32,128,2,1,4,16,4,3,1,4', scaled_gemm=False, scale_a_dtype=None, scale_b_dtype=None, trans_scale_a=False, trans_scale_b=False, arch='gfx950:sramecc+:xnack-', chip='gfx950', num_cu=256, num_chiplets=8)
----------------------------------------------------------------------------------------------------
PASS: GemmConfiguration(datatype='bf16', out_dtype='bf16', g=2, m=341, k=91, n=502, trans_a=False, trans_b=True, perfconfig='gemm:v1:16,16,128,1,1,8,16,1,1,0,1', scaled_gemm=False, scale_a_dtype=None, scale_b_dtype=None, trans_scale_a=False, trans_scale_b=False, arch='gfx950:sramecc+:xnack-', chip='gfx950', num_cu=256, num_chiplets=8)
FAIL: Runner returned incorrect result
Config = GemmConfiguration(datatype='fp8', out_dtype='f32', g=1, m=342, k=456, n=348, trans_a=True, trans_b=True, perfconfig='gemm:v1:32,64,32,2,1,1,16,2,1,8,2', scaled_gemm=False, scale_a_dtype=None, scale_b_dtype=None, trans_scale_a=False, trans_scale_b=False, arch='gfx950:sramecc+:xnack-', chip='gfx950', num_cu=256, num_chiplets=8)
Command line = -operation gemm -t fp8 -out_datatype f32 --arch gfx950:sramecc+:xnack- --num_cu 256 --num_chiplets 8 -g 1 -m 342 -k 456 -n 348 -transA=True -transB=True --perf_config=gemm:v1:32,64,32,2,1,1,16,2,1,8,2 -pv -relDiff_threshold 1e-5
Output = Number of elements: 119016
maxAbsDiff info: maxAbsDiff = 31.398438 (valNum = -38.00000, gpuNum = -6.60156), average absDiff = 2.4e+01
maxRelDiff info: maxRelDiff = 8.3e-01 (valNum = 19.0000000000, gpuNum = 3.3007812500), average relDiff = 8.3e-01
RMS = 6.4e-01
Histogram of relDiff: 
        relDiff = 0     : 0/119016 (0.000000%)
     0 < relDiff < 1e-06: 0/119016 (0.000000%)
1e-06 < relDiff <= 1e-05: 0/119016 (0.000000%)
1e-05 < relDiff <= 1e-04: 0/119016 (0.000000%)
1e-04 < relDiff <= 1e-03: 0/119016 (0.000000%)
1e-03 < relDiff <= 1e-02: 0/119016 (0.000000%)
1e-02 < relDiff <= 1e-01: 0/119016 (0.000000%)
1e-01 < relDiff <= 1e+00: 119016/119016 (100.000000%)
1e+00 < relDiff < inf   : 0/119016 (0.000000%)
        relDiff = inf   : 0/119016 (0.000000%)
[0 1 0]

FAIL: Runner returned incorrect result
Config = GemmConfiguration(datatype='f16', out_dtype='f16', g=2, m=408, k=411, n=476, trans_a=True, trans_b=True, perfconfig='gemm:v1:16,16,32,2,1,1,0,4,3,0,8', scaled_gemm=False, scale_a_dtype=None, scale_b_dtype=None, trans_scale_a=False, trans_scale_b=False, arch='gfx950:sramecc+:xnack-', chip='gfx950', num_cu=256, num_chiplets=8)
Command line = -operation gemm -t f16 -out_datatype f16 --arch gfx950:sramecc+:xnack- --num_cu 256 --num_chiplets 8 -g 2 -m 408 -k 411 -n 476 -transA=True -transB=True --perf_config=gemm:v1:16,16,32,2,1,1,0,4,3,0,8 -pv
Output = Number of elements: 388416
maxAbsDiff info: maxAbsDiff = 22.687500 (valNum = -34.25000, gpuNum = -11.56250), average absDiff = 1.7e+01
maxRelDiff info: maxRelDiff = 6.6e-01 (valNum = 17.1250000000, gpuNum = 5.7812500000), average relDiff = 6.6e-01
RMS = 5.1e-01
Histogram of relDiff: 
        relDiff = 0     : 0/388416 (0.000000%)
     0 < relDiff < 1e-06: 0/388416 (0.000000%)
1e-06 < relDiff <= 1e-05: 0/388416 (0.000000%)
1e-05 < relDiff <= 1e-04: 0/388416 (0.000000%)
1e-04 < relDiff <= 1e-03: 0/388416 (0.000000%)
1e-03 < relDiff <= 1e-02: 0/388416 (0.000000%)
1e-02 < relDiff <= 1e-01: 0/388416 (0.000000%)
1e-01 < relDiff <= 1e+00: 388416/388416 (100.000000%)
1e+00 < relDiff < inf   : 0/388416 (0.000000%)
        relDiff = inf   : 0/388416 (0.000000%)
[0 1 1]

FAIL: Runner returned incorrect result
Config = GemmConfiguration(datatype='i8', out_dtype='i32', g=2, m=49, k=113, n=117, trans_a=False, trans_b=False, perfconfig='gemm:v1:32,32,32,2,1,16,16,1,2,0,1', scaled_gemm=False, scale_a_dtype=None, scale_b_dtype=None, trans_scale_a=False, trans_scale_b=False, arch='gfx950:sramecc+:xnack-', chip='gfx950', num_cu=256, num_chiplets=8)
Command line = -operation gemm -t i8 -out_datatype i32 --arch gfx950:sramecc+:xnack- --num_cu 256 --num_chiplets 8 -g 2 -m 49 -k 113 -n 117 -transA=False -transB=False --perf_config=gemm:v1:32,32,32,2,1,16,16,1,2,0,1 -pv
Output = Number of elements: 11466
Number of incorrect elements: 11466
maxAbsDiff: 92
Number of overflow elements: 0
[0 0 0]
----------------------------------------------------------------------------------------------------
PASS: GemmConfiguration(datatype='f32', out_dtype='f32', g=1, m=434, k=26, n=173, trans_a=True, trans_b=False, perfconfig='gemm:v1:128,32,128,1,1,4,32,2,2,1,0', scaled_gemm=False, scale_a_dtype=None, scale_b_dtype=None, trans_scale_a=False, trans_scale_b=False, arch='gfx950:sramecc+:xnack-', chip='gfx950', num_cu=256, num_chiplets=8)
----------------------------------------------------------------------------------------------------
FAIL: GemmConfiguration(datatype='fp8', out_dtype='f32', g=1, m=342, k=456, n=348, trans_a=True, trans_b=True, perfconfig='gemm:v1:32,64,32,2,1,1,16,2,1,8,2', scaled_gemm=False, scale_a_dtype=None, scale_b_dtype=None, trans_scale_a=False, trans_scale_b=False, arch='gfx950:sramecc+:xnack-', chip='gfx950', num_cu=256, num_chiplets=8)
----------------------------------------------------------------------------------------------------
PASS: GemmConfiguration(datatype='f16', out_dtype='f16', g=2, m=202, k=346, n=210, trans_a=True, trans_b=True, perfconfig='gemm:v1:64,32,32,2,1,4,32,4,2,0,1', scaled_gemm=False, scale_a_dtype=None, scale_b_dtype=None, trans_scale_a=False, trans_scale_b=False, arch='gfx950:sramecc+:xnack-', chip='gfx950', num_cu=256, num_chiplets=8)
----------------------------------------------------------------------------------------------------
FAIL: GemmConfiguration(datatype='f16', out_dtype='f16', g=2, m=408, k=411, n=476, trans_a=True, trans_b=True, perfconfig='gemm:v1:16,16,32,2,1,1,0,4,3,0,8', scaled_gemm=False, scale_a_dtype=None, scale_b_dtype=None, trans_scale_a=False, trans_scale_b=False, arch='gfx950:sramecc+:xnack-', chip='gfx950', num_cu=256, num_chiplets=8)
Lowering rejected config as not applicable
Command line = -operation gemm -t i8 -out_datatype i32 --arch gfx950:sramecc+:xnack- --num_cu 256 --num_chiplets 8 -g 1 -m 227 -k 449 -n 358 -transA=True -transB=False --perf_config=gemm:v1:64,128,16,2,1,4,0,2,2,2,2 -pv
Errors = loc("<stdin>":18:10): error: Fusion with SplitK perfConfig is not legal
Lowering not applicable.

----------------------------------------------------------------------------------------------------
NOT_APPLICABLE: GemmConfiguration(datatype='i8', out_dtype='i32', g=1, m=227, k=449, n=358, trans_a=True, trans_b=False, perfconfig='gemm:v1:64,128,16,2,1,4,0,2,2,2,2', scaled_gemm=False, scale_a_dtype=None, scale_b_dtype=None, trans_scale_a=False, trans_scale_b=False, arch='gfx950:sramecc+:xnack-', chip='gfx950', num_cu=256, num_chiplets=8)
Lowering rejected config as not applicable
Command line = -operation gemm -t i8 -out_datatype i32 --arch gfx950:sramecc+:xnack- --num_cu 256 --num_chiplets 8 -g 1 -m 87 -k 290 -n 23 -transA=True -transB=True --perf_config=gemm:v1:256,32,128,2,1,4,16,4,3,2,4 -pv
Errors = loc("<stdin>":18:10): error: Fusion with SplitK perfConfig is not legal
Lowering not applicable.

----------------------------------------------------------------------------------------------------
NOT_APPLICABLE: GemmConfiguration(datatype='i8', out_dtype='i32', g=1, m=87, k=290, n=23, trans_a=True, trans_b=True, perfconfig='gemm:v1:256,32,128,2,1,4,16,4,3,2,4', scaled_gemm=False, scale_a_dtype=None, scale_b_dtype=None, trans_scale_a=False, trans_scale_b=False, arch='gfx950:sramecc+:xnack-', chip='gfx950', num_cu=256, num_chiplets=8)
----------------------------------------------------------------------------------------------------
PASS: GemmConfiguration(datatype='f16', out_dtype='f16', g=1, m=240, k=444, n=172, trans_a=True, trans_b=True, perfconfig='gemm:v1:32,32,64,2,1,2,16,1,1,4,8', scaled_gemm=False, scale_a_dtype=None, scale_b_dtype=None, trans_scale_a=False, trans_scale_b=False, arch='gfx950:sramecc+:xnack-', chip='gfx950', num_cu=256, num_chiplets=8)
----------------------------------------------------------------------------------------------------
PASS: GemmConfiguration(datatype='f32', out_dtype='f32', g=1, m=209, k=157, n=81, trans_a=False, trans_b=False, perfconfig='gemm:v1:64,64,16,1,1,4,16,4,1,2,0', scaled_gemm=False, scale_a_dtype=None, scale_b_dtype=None, trans_scale_a=False, trans_scale_b=False, arch='gfx950:sramecc+:xnack-', chip='gfx950', num_cu=256, num_chiplets=8)
----------------------------------------------------------------------------------------------------
PASS: GemmConfiguration(datatype='fp8', out_dtype='f32', g=2, m=100, k=29, n=452, trans_a=True, trans_b=False, perfconfig='gemm:v1:256,256,128,1,1,4,0,1,1,0,4', scaled_gemm=False, scale_a_dtype=None, scale_b_dtype=None, trans_scale_a=False, trans_scale_b=False, arch='gfx950:sramecc+:xnack-', chip='gfx950', num_cu=256, num_chiplets=8)
----------------------------------------------------------------------------------------------------
PASS: GemmConfiguration(datatype='bf16', out_dtype='bf16', g=1, m=473, k=8, n=433, trans_a=True, trans_b=False, perfconfig='gemm:v1:256,16,16,2,1,1,16,1,1,1,0', scaled_gemm=False, scale_a_dtype=None, scale_b_dtype=None, trans_scale_a=False, trans_scale_b=False, arch='gfx950:sramecc+:xnack-', chip='gfx950', num_cu=256, num_chiplets=8)
----------------------------------------------------------------------------------------------------
PASS: GemmConfiguration(datatype='f32', out_dtype='f32', g=1, m=398, k=369, n=496, trans_a=True, trans_b=True, perfconfig='gemm:v1:32,128,16,2,1,1,32,1,2,1,8', scaled_gemm=False, scale_a_dtype=None, scale_b_dtype=None, trans_scale_a=False, trans_scale_b=False, arch='gfx950:sramecc+:xnack-', chip='gfx950', num_cu=256, num_chiplets=8)
----------------------------------------------------------------------------------------------------
PASS: GemmConfiguration(datatype='f16', out_dtype='f16', g=2, m=46, k=268, n=169, trans_a=False, trans_b=True, perfconfig='gemm:v1:32,256,128,1,1,1,0,1,2,2,1', scaled_gemm=False, scale_a_dtype=None, scale_b_dtype=None, trans_scale_a=False, trans_scale_b=False, arch='gfx950:sramecc+:xnack-', chip='gfx950', num_cu=256, num_chiplets=8)
----------------------------------------------------------------------------------------------------
PASS: GemmConfiguration(datatype='f16', out_dtype='f16', g=1, m=2, k=408, n=228, trans_a=False, trans_b=True, perfconfig='gemm:v1:64,16,16,1,1,8,32,4,1,0,4', scaled_gemm=False, scale_a_dtype=None, scale_b_dtype=None, trans_scale_a=False, trans_scale_b=False, arch='gfx950:sramecc+:xnack-', chip='gfx950', num_cu=256, num_chiplets=8)
----------------------------------------------------------------------------------------------------
PASS: GemmConfiguration(datatype='f32', out_dtype='f32', g=2, m=422, k=129, n=165, trans_a=False, trans_b=False, perfconfig='gemm:v1:256,16,32,1,1,16,0,2,3,4,8', scaled_gemm=False, scale_a_dtype=None, scale_b_dtype=None, trans_scale_a=False, trans_scale_b=False, arch='gfx950:sramecc+:xnack-', chip='gfx950', num_cu=256, num_chiplets=8)
----------------------------------------------------------------------------------------------------
PASS: GemmConfiguration(datatype='fp8', out_dtype='f32', g=1, m=306, k=258, n=279, trans_a=True, trans_b=False, perfconfig='gemm:v1:64,16,128,2,1,4,32,3,3,2,8', scaled_gemm=False, scale_a_dtype=None, scale_b_dtype=None, trans_scale_a=False, trans_scale_b=False, arch='gfx950:sramecc+:xnack-', chip='gfx950', num_cu=256, num_chiplets=8)
----------------------------------------------------------------------------------------------------
FAIL: GemmConfiguration(datatype='i8', out_dtype='i32', g=2, m=49, k=113, n=117, trans_a=False, trans_b=False, perfconfig='gemm:v1:32,32,32,2,1,16,16,1,2,0,1', scaled_gemm=False, scale_a_dtype=None, scale_b_dtype=None, trans_scale_a=False, trans_scale_b=False, arch='gfx950:sramecc+:xnack-', chip='gfx950', num_cu=256, num_chiplets=8)
----------------------------------------------------------------------------------------------------
PASS: GemmConfiguration(datatype='fp8', out_dtype='f32', g=2, m=486, k=17, n=151, trans_a=False, trans_b=True, perfconfig='gemm:v1:256,64,64,2,1,8,32,4,3,1,4', scaled_gemm=False, scale_a_dtype=None, scale_b_dtype=None, trans_scale_a=False, trans_scale_b=False, arch='gfx950:sramecc+:xnack-', chip='gfx950', num_cu=256, num_chiplets=8)
----------------------------------------------------------------------------------------------------
PASS: GemmConfiguration(datatype='fp8', out_dtype='f32', g=1, m=355, k=243, n=63, trans_a=True, trans_b=True, perfconfig='gemm:v1:256,32,128,2,1,8,32,1,2,1,0', scaled_gemm=False, scale_a_dtype=None, scale_b_dtype=None, trans_scale_a=False, trans_scale_b=False, arch='gfx950:sramecc+:xnack-', chip='gfx950', num_cu=256, num_chiplets=8)
----------------------------------------------------------------------------------------------------
PASS: GemmConfiguration(datatype='f32', out_dtype='f32', g=2, m=442, k=349, n=413, trans_a=True, trans_b=True, perfconfig='gemm:v1:32,64,32,2,1,1,16,1,2,2,0', scaled_gemm=False, scale_a_dtype=None, scale_b_dtype=None, trans_scale_a=False, trans_scale_b=False, arch='gfx950:sramecc+:xnack-', chip='gfx950', num_cu=256, num_chiplets=8)
----------------------------------------------------------------------------------------------------
PASS: GemmConfiguration(datatype='f32', out_dtype='f32', g=1, m=185, k=319, n=478, trans_a=False, trans_b=True, perfconfig='gemm:v1:256,64,32,2,1,1,32,4,3,2,2', scaled_gemm=False, scale_a_dtype=None, scale_b_dtype=None, trans_scale_a=False, trans_scale_b=False, arch='gfx950:sramecc+:xnack-', chip='gfx950', num_cu=256, num_chiplets=8)
Lowering rejected config as not applicable
Command line = -operation gemm -t i8 -out_datatype i32 --arch gfx950:sramecc+:xnack- --num_cu 256 --num_chiplets 8 -g 1 -m 93 -k 428 -n 303 -transA=True -transB=False --perf_config=gemm:v1:256,16,16,2,1,4,32,3,2,2,1 -pv
Errors = loc("<stdin>":18:10): error: Fusion with SplitK perfConfig is not legal
Lowering not applicable.

----------------------------------------------------------------------------------------------------
NOT_APPLICABLE: GemmConfiguration(datatype='i8', out_dtype='i32', g=1, m=93, k=428, n=303, trans_a=True, trans_b=False, perfconfig='gemm:v1:256,16,16,2,1,4,32,3,2,2,1', scaled_gemm=False, scale_a_dtype=None, scale_b_dtype=None, trans_scale_a=False, trans_scale_b=False, arch='gfx950:sramecc+:xnack-', chip='gfx950', num_cu=256, num_chiplets=8)
----------------------------------------------------------------------------------------------------
PASS: GemmConfiguration(datatype='fp8', out_dtype='f32', g=2, m=438, k=175, n=496, trans_a=False, trans_b=True, perfconfig='gemm:v1:32,128,64,2,1,8,16,2,2,1,4', scaled_gemm=False, scale_a_dtype=None, scale_b_dtype=None, trans_scale_a=False, trans_scale_b=False, arch='gfx950:sramecc+:xnack-', chip='gfx950', num_cu=256, num_chiplets=8)
----------------------------------------------------------------------------------------------------
PASS: GemmConfiguration(datatype='bf16', out_dtype='bf16', g=2, m=327, k=480, n=292, trans_a=False, trans_b=False, perfconfig='gemm:v1:128,64,128,2,1,16,32,1,2,2,4', scaled_gemm=False, scale_a_dtype=None, scale_b_dtype=None, trans_scale_a=False, trans_scale_b=False, arch='gfx950:sramecc+:xnack-', chip='gfx950', num_cu=256, num_chiplets=8)
----------------------------------------------------------------------------------------------------
PASS: GemmConfiguration(datatype='f16', out_dtype='f16', g=2, m=498, k=394, n=487, trans_a=False, trans_b=False, perfconfig='gemm:v1:16,32,64,1,1,16,32,2,2,8,4', scaled_gemm=False, scale_a_dtype=None, scale_b_dtype=None, trans_scale_a=False, trans_scale_b=False, arch='gfx950:sramecc+:xnack-', chip='gfx950', num_cu=256, num_chiplets=8)
----------------------------------------------------------------------------------------------------
PASS: GemmConfiguration(datatype='bf16', out_dtype='bf16', g=1, m=33, k=242, n=169, trans_a=False, trans_b=False, perfconfig='gemm:v1:64,16,32,1,1,1,0,2,1,4,0', scaled_gemm=False, scale_a_dtype=None, scale_b_dtype=None, trans_scale_a=False, trans_scale_b=False, arch='gfx950:sramecc+:xnack-', chip='gfx950', num_cu=256, num_chiplets=8)
----------------------------------------------------------------------------------------------------
PASS: GemmConfiguration(datatype='i8', out_dtype='i32', g=1, m=370, k=279, n=115, trans_a=False, trans_b=False, perfconfig='gemm:v1:128,256,64,2,1,4,32,1,1,0,2', scaled_gemm=False, scale_a_dtype=None, scale_b_dtype=None, trans_scale_a=False, trans_scale_b=False, arch='gfx950:sramecc+:xnack-', chip='gfx950', num_cu=256, num_chiplets=8)
----------------------------------------------------------------------------------------------------
PASS: GemmConfiguration(datatype='f32', out_dtype='f32', g=1, m=70, k=503, n=140, trans_a=True, trans_b=False, perfconfig='gemm:v1:128,128,32,1,1,1,16,1,1,2,0', scaled_gemm=False, scale_a_dtype=None, scale_b_dtype=None, trans_scale_a=False, trans_scale_b=False, arch='gfx950:sramecc+:xnack-', chip='gfx950', num_cu=256, num_chiplets=8)
----------------------------------------------------------------------------------------------------
PASS: GemmConfiguration(datatype='f32', out_dtype='f32', g=2, m=122, k=355, n=55, trans_a=True, trans_b=False, perfconfig='gemm:v1:64,64,64,1,1,2,32,3,2,1,2', scaled_gemm=False, scale_a_dtype=None, scale_b_dtype=None, trans_scale_a=False, trans_scale_b=False, arch='gfx950:sramecc+:xnack-', chip='gfx950', num_cu=256, num_chiplets=8)
----------------------------------------------------------------------------------------------------
PASS: GemmConfiguration(datatype='i8', out_dtype='i32', g=1, m=115, k=5, n=450, trans_a=True, trans_b=True, perfconfig='gemm:v1:32,16,32,1,1,2,16,1,1,4,4', scaled_gemm=False, scale_a_dtype=None, scale_b_dtype=None, trans_scale_a=False, trans_scale_b=False, arch='gfx950:sramecc+:xnack-', chip='gfx950', num_cu=256, num_chiplets=8)
----------------------------------------------------------------------------------------------------
PASS: GemmConfiguration(datatype='bf16', out_dtype='bf16', g=1, m=110, k=189, n=216, trans_a=False, trans_b=False, perfconfig='gemm:v1:16,16,32,1,1,2,32,4,1,4,2', scaled_gemm=False, scale_a_dtype=None, scale_b_dtype=None, trans_scale_a=False, trans_scale_b=False, arch='gfx950:sramecc+:xnack-', chip='gfx950', num_cu=256, num_chiplets=8)
----------------------------------------------------------------------------------------------------
PASS: GemmConfiguration(datatype='bf16', out_dtype='bf16', g=1, m=359, k=3, n=75, trans_a=False, trans_b=True, perfconfig='gemm:v1:64,16,32,2,1,2,32,3,2,2,2', scaled_gemm=False, scale_a_dtype=None, scale_b_dtype=None, trans_scale_a=False, trans_scale_b=False, arch='gfx950:sramecc+:xnack-', chip='gfx950', num_cu=256, num_chiplets=8)
----------------------------------------------------------------------------------------------------
PASS: GemmConfiguration(datatype='fp8', out_dtype='f32', g=1, m=419, k=333, n=298, trans_a=False, trans_b=False, perfconfig='gemm:v1:128,32,16,1,1,2,16,3,1,1,2', scaled_gemm=False, scale_a_dtype=None, scale_b_dtype=None, trans_scale_a=False, trans_scale_b=False, arch='gfx950:sramecc+:xnack-', chip='gfx950', num_cu=256, num_chiplets=8)
----------------------------------------------------------------------------------------------------
PASS: GemmConfiguration(datatype='fp8', out_dtype='f32', g=2, m=187, k=504, n=459, trans_a=True, trans_b=False, perfconfig='gemm:v1:32,32,128,1,1,2,0,3,2,1,8', scaled_gemm=False, scale_a_dtype=None, scale_b_dtype=None, trans_scale_a=False, trans_scale_b=False, arch='gfx950:sramecc+:xnack-', chip='gfx950', num_cu=256, num_chiplets=8)
----------------------------------------------------------------------------------------------------
PASS: GemmConfiguration(datatype='f32', out_dtype='f32', g=2, m=484, k=476, n=428, trans_a=False, trans_b=False, perfconfig='gemm:v1:256,32,128,2,1,8,32,3,1,2,8', scaled_gemm=False, scale_a_dtype=None, scale_b_dtype=None, trans_scale_a=False, trans_scale_b=False, arch='gfx950:sramecc+:xnack-', chip='gfx950', num_cu=256, num_chiplets=8)
FAIL: Runner returned incorrect result
Config = GemmConfiguration(datatype='f16', out_dtype='f16', g=1, m=436, k=358, n=23, trans_a=False, trans_b=True, perfconfig='gemm:v1:32,256,16,2,1,8,32,3,1,4,0', scaled_gemm=False, scale_a_dtype=None, scale_b_dtype=None, trans_scale_a=False, trans_scale_b=False, arch='gfx950:sramecc+:xnack-', chip='gfx950', num_cu=256, num_chiplets=8)
Command line = -operation gemm -t f16 -out_datatype f16 --arch gfx950:sramecc+:xnack- --num_cu 256 --num_chiplets 8 -g 1 -m 436 -k 358 -n 23 -transA=False -transB=True --perf_config=gemm:v1:32,256,16,2,1,8,32,3,1,4,0 -pv
Output = Number of elements: 10028
maxAbsDiff info: maxAbsDiff = 175.125000 (valNum = 216.75000, gpuNum = 41.62500), average absDiff = 1.1e+02
maxRelDiff info: maxRelDiff = 8.1e-01 (valNum = -104.6250000000, gpuNum = -19.8750000000), average relDiff = 8.1e-01
RMS = 5.6e-01
Histogram of relDiff: 
        relDiff = 0     : 0/10028 (0.000000%)
     0 < relDiff < 1e-06: 0/10028 (0.000000%)
1e-06 < relDiff <= 1e-05: 0/10028 (0.000000%)
1e-05 < relDiff <= 1e-04: 0/10028 (0.000000%)
1e-04 < relDiff <= 1e-03: 0/10028 (0.000000%)
1e-03 < relDiff <= 1e-02: 0/10028 (0.000000%)
1e-02 < relDiff <= 1e-01: 0/10028 (0.000000%)
1e-01 < relDiff <= 1e+00: 10028/10028 (100.000000%)
1e+00 < relDiff < inf   : 0/10028 (0.000000%)
        relDiff = inf   : 0/10028 (0.000000%)
[0 0 1]

FAIL: Runner returned incorrect result
Config = GemmConfiguration(datatype='fp8', out_dtype='f32', g=1, m=152, k=144, n=159, trans_a=True, trans_b=True, perfconfig='gemm:v1:32,32,32,2,1,8,16,2,3,0,2', scaled_gemm=False, scale_a_dtype=None, scale_b_dtype=None, trans_scale_a=False, trans_scale_b=False, arch='gfx950:sramecc+:xnack-', chip='gfx950', num_cu=256, num_chiplets=8)
Command line = -operation gemm -t fp8 -out_datatype f32 --arch gfx950:sramecc+:xnack- --num_cu 256 --num_chiplets 8 -g 1 -m 152 -k 144 -n 159 -transA=True -transB=True --perf_config=gemm:v1:32,32,32,2,1,8,16,2,3,0,2 -pv -relDiff_threshold 1e-5
Output = Number of elements: 24168
maxAbsDiff info: maxAbsDiff = 46.562500 (valNum = 84.00000, gpuNum = 37.43750), average absDiff = 3.0e+01
maxRelDiff info: maxRelDiff = 5.9e-01 (valNum = -21.0000000000, gpuNum = -8.6250000000), average relDiff = 5.6e-01
RMS = 4.0e-01
Histogram of relDiff: 
        relDiff = 0     : 0/24168 (0.000000%)
     0 < relDiff < 1e-06: 0/24168 (0.000000%)
1e-06 < relDiff <= 1e-05: 0/24168 (0.000000%)
1e-05 < relDiff <= 1e-04: 0/24168 (0.000000%)
1e-04 < relDiff <= 1e-03: 0/24168 (0.000000%)
1e-03 < relDiff <= 1e-02: 0/24168 (0.000000%)
1e-02 < relDiff <= 1e-01: 0/24168 (0.000000%)
1e-01 < relDiff <= 1e+00: 24168/24168 (100.000000%)
1e+00 < relDiff < inf   : 0/24168 (0.000000%)
        relDiff = inf   : 0/24168 (0.000000%)
[0 1 0]

----------------------------------------------------------------------------------------------------
PASS: GemmConfiguration(datatype='bf16', out_dtype='bf16', g=2, m=154, k=338, n=451, trans_a=True, trans_b=True, perfconfig='gemm:v1:32,32,128,1,1,1,0,1,3,8,2', scaled_gemm=False, scale_a_dtype=None, scale_b_dtype=None, trans_scale_a=False, trans_scale_b=False, arch='gfx950:sramecc+:xnack-', chip='gfx950', num_cu=256, num_chiplets=8)
----------------------------------------------------------------------------------------------------
PASS: GemmConfiguration(datatype='f16', out_dtype='f16', g=2, m=228, k=258, n=479, trans_a=True, trans_b=True, perfconfig='gemm:v1:16,128,128,1,1,1,0,1,1,4,8', scaled_gemm=False, scale_a_dtype=None, scale_b_dtype=None, trans_scale_a=False, trans_scale_b=False, arch='gfx950:sramecc+:xnack-', chip='gfx950', num_cu=256, num_chiplets=8)
Lowering rejected config as not applicable
Command line = -operation gemm -t i8 -out_datatype i32 --arch gfx950:sramecc+:xnack- --num_cu 256 --num_chiplets 8 -g 1 -m 145 -k 109 -n 90 -transA=False -transB=False --perf_config=gemm:v1:256,64,128,2,1,4,32,4,1,2,8 -pv
Errors = loc("<stdin>":18:10): error: Fusion with SplitK perfConfig is not legal
Lowering not applicable.

----------------------------------------------------------------------------------------------------
NOT_APPLICABLE: GemmConfiguration(datatype='i8', out_dtype='i32', g=1, m=145, k=109, n=90, trans_a=False, trans_b=False, perfconfig='gemm:v1:256,64,128,2,1,4,32,4,1,2,8', scaled_gemm=False, scale_a_dtype=None, scale_b_dtype=None, trans_scale_a=False, trans_scale_b=False, arch='gfx950:sramecc+:xnack-', chip='gfx950', num_cu=256, num_chiplets=8)
Lowering rejected config as not applicable
Command line = -operation gemm -t i8 -out_datatype i32 --arch gfx950:sramecc+:xnack- --num_cu 256 --num_chiplets 8 -g 1 -m 240 -k 266 -n 94 -transA=False -transB=True --perf_config=gemm:v1:256,32,32,2,1,8,0,2,3,4,0 -pv
Errors = loc("<stdin>":17:10): error: Fusion with SplitK perfConfig is not legal
Lowering not applicable.

----------------------------------------------------------------------------------------------------
NOT_APPLICABLE: GemmConfiguration(datatype='i8', out_dtype='i32', g=1, m=240, k=266, n=94, trans_a=False, trans_b=True, perfconfig='gemm:v1:256,32,32,2,1,8,0,2,3,4,0', scaled_gemm=False, scale_a_dtype=None, scale_b_dtype=None, trans_scale_a=False, trans_scale_b=False, arch='gfx950:sramecc+:xnack-', chip='gfx950', num_cu=256, num_chiplets=8)
----------------------------------------------------------------------------------------------------
PASS: GemmConfiguration(datatype='fp8', out_dtype='f32', g=1, m=86, k=145, n=301, trans_a=False, trans_b=True, perfconfig='gemm:v1:16,16,128,1,1,1,32,4,2,2,2', scaled_gemm=False, scale_a_dtype=None, scale_b_dtype=None, trans_scale_a=False, trans_scale_b=False, arch='gfx950:sramecc+:xnack-', chip='gfx950', num_cu=256, num_chiplets=8)
----------------------------------------------------------------------------------------------------
PASS: GemmConfiguration(datatype='bf16', out_dtype='bf16', g=1, m=133, k=232, n=105, trans_a=True, trans_b=True, perfconfig='gemm:v1:64,16,128,1,1,4,0,4,3,2,8', scaled_gemm=False, scale_a_dtype=None, scale_b_dtype=None, trans_scale_a=False, trans_scale_b=False, arch='gfx950:sramecc+:xnack-', chip='gfx950', num_cu=256, num_chiplets=8)
----------------------------------------------------------------------------------------------------
FAIL: GemmConfiguration(datatype='f16', out_dtype='f16', g=1, m=436, k=358, n=23, trans_a=False, trans_b=True, perfconfig='gemm:v1:32,256,16,2,1,8,32,3,1,4,0', scaled_gemm=False, scale_a_dtype=None, scale_b_dtype=None, trans_scale_a=False, trans_scale_b=False, arch='gfx950:sramecc+:xnack-', chip='gfx950', num_cu=256, num_chiplets=8)
----------------------------------------------------------------------------------------------------
PASS: GemmConfiguration(datatype='f16', out_dtype='f16', g=2, m=403, k=171, n=119, trans_a=True, trans_b=False, perfconfig='gemm:v1:32,128,32,2,1,8,32,2,1,2,4', scaled_gemm=False, scale_a_dtype=None, scale_b_dtype=None, trans_scale_a=False, trans_scale_b=False, arch='gfx950:sramecc+:xnack-', chip='gfx950', num_cu=256, num_chiplets=8)
----------------------------------------------------------------------------------------------------
PASS: GemmConfiguration(datatype='bf16', out_dtype='bf16', g=2, m=155, k=390, n=263, trans_a=False, trans_b=False, perfconfig='gemm:v1:128,128,128,1,1,4,32,3,1,4,1', scaled_gemm=False, scale_a_dtype=None, scale_b_dtype=None, trans_scale_a=False, trans_scale_b=False, arch='gfx950:sramecc+:xnack-', chip='gfx950', num_cu=256, num_chiplets=8)
----------------------------------------------------------------------------------------------------
PASS: GemmConfiguration(datatype='f32', out_dtype='f32', g=1, m=207, k=308, n=476, trans_a=True, trans_b=False, perfconfig='gemm:v1:64,256,32,2,1,1,0,3,2,4,1', scaled_gemm=False, scale_a_dtype=None, scale_b_dtype=None, trans_scale_a=False, trans_scale_b=False, arch='gfx950:sramecc+:xnack-', chip='gfx950', num_cu=256, num_chiplets=8)
----------------------------------------------------------------------------------------------------
FAIL: GemmConfiguration(datatype='fp8', out_dtype='f32', g=1, m=152, k=144, n=159, trans_a=True, trans_b=True, perfconfig='gemm:v1:32,32,32,2,1,8,16,2,3,0,2', scaled_gemm=False, scale_a_dtype=None, scale_b_dtype=None, trans_scale_a=False, trans_scale_b=False, arch='gfx950:sramecc+:xnack-', chip='gfx950', num_cu=256, num_chiplets=8)
----------------------------------------------------------------------------------------------------
PASS: GemmConfiguration(datatype='f16', out_dtype='f16', g=1, m=158, k=29, n=86, trans_a=True, trans_b=False, perfconfig='gemm:v1:128,128,64,1,1,8,16,1,1,0,2', scaled_gemm=False, scale_a_dtype=None, scale_b_dtype=None, trans_scale_a=False, trans_scale_b=False, arch='gfx950:sramecc+:xnack-', chip='gfx950', num_cu=256, num_chiplets=8)
----------------------------------------------------------------------------------------------------
PASS: GemmConfiguration(datatype='bf16', out_dtype='bf16', g=1, m=134, k=278, n=352, trans_a=True, trans_b=False, perfconfig='gemm:v1:64,128,128,1,1,8,0,3,1,4,8', scaled_gemm=False, scale_a_dtype=None, scale_b_dtype=None, trans_scale_a=False, trans_scale_b=False, arch='gfx950:sramecc+:xnack-', chip='gfx950', num_cu=256, num_chiplets=8)
----------------------------------------------------------------------------------------------------
PASS: GemmConfiguration(datatype='f16', out_dtype='f16', g=1, m=372, k=495, n=197, trans_a=False, trans_b=True, perfconfig='gemm:v1:32,16,16,1,1,8,16,1,2,0,2', scaled_gemm=False, scale_a_dtype=None, scale_b_dtype=None, trans_scale_a=False, trans_scale_b=False, arch='gfx950:sramecc+:xnack-', chip='gfx950', num_cu=256, num_chiplets=8)
----------------------------------------------------------------------------------------------------
PASS: GemmConfiguration(datatype='f16', out_dtype='f16', g=1, m=254, k=424, n=154, trans_a=False, trans_b=False, perfconfig='gemm:v1:16,16,16,1,1,4,32,2,3,8,2', scaled_gemm=False, scale_a_dtype=None, scale_b_dtype=None, trans_scale_a=False, trans_scale_b=False, arch='gfx950:sramecc+:xnack-', chip='gfx950', num_cu=256, num_chiplets=8)
----------------------------------------------------------------------------------------------------
PASS: GemmConfiguration(datatype='f16', out_dtype='f16', g=2, m=122, k=303, n=282, trans_a=False, trans_b=False, perfconfig='gemm:v1:16,128,64,2,1,16,16,2,2,1,2', scaled_gemm=False, scale_a_dtype=None, scale_b_dtype=None, trans_scale_a=False, trans_scale_b=False, arch='gfx950:sramecc+:xnack-', chip='gfx950', num_cu=256, num_chiplets=8)
----------------------------------------------------------------------------------------------------
PASS: GemmConfiguration(datatype='f16', out_dtype='f16', g=2, m=151, k=497, n=106, trans_a=False, trans_b=False, perfconfig='gemm:v1:128,64,32,2,1,4,32,2,3,2,2', scaled_gemm=False, scale_a_dtype=None, scale_b_dtype=None, trans_scale_a=False, trans_scale_b=False, arch='gfx950:sramecc+:xnack-', chip='gfx950', num_cu=256, num_chiplets=8)
FAIL: Runner returned incorrect result
Config = GemmConfiguration(datatype='f16', out_dtype='f16', g=1, m=216, k=503, n=240, trans_a=False, trans_b=True, perfconfig='gemm:v1:256,256,16,2,1,16,16,1,2,0,2', scaled_gemm=False, scale_a_dtype=None, scale_b_dtype=None, trans_scale_a=False, trans_scale_b=False, arch='gfx950:sramecc+:xnack-', chip='gfx950', num_cu=256, num_chiplets=8)
Command line = -operation gemm -t f16 -out_datatype f16 --arch gfx950:sramecc+:xnack- --num_cu 256 --num_chiplets 8 -g 1 -m 216 -k 503 -n 240 -transA=False -transB=True --perf_config=gemm:v1:256,256,16,2,1,16,16,1,2,0,2 -pv
Output = Number of elements: 51840
maxAbsDiff info: maxAbsDiff = 290.273438 (valNum = 304.25000, gpuNum = 13.97656), average absDiff = 1.9e+02
maxRelDiff info: maxRelDiff = 9.6e-01 (valNum = -146.5000000000, gpuNum = -6.2695312500), average relDiff = 9.5e-01
RMS = 6.7e-01
Histogram of relDiff: 
        relDiff = 0     : 0/51840 (0.000000%)
     0 < relDiff < 1e-06: 0/51840 (0.000000%)
1e-06 < relDiff <= 1e-05: 0/51840 (0.000000%)
1e-05 < relDiff <= 1e-04: 0/51840 (0.000000%)
1e-04 < relDiff <= 1e-03: 0/51840 (0.000000%)
1e-03 < relDiff <= 1e-02: 0/51840 (0.000000%)
1e-02 < relDiff <= 1e-01: 0/51840 (0.000000%)
1e-01 < relDiff <= 1e+00: 51840/51840 (100.000000%)
1e+00 < relDiff < inf   : 0/51840 (0.000000%)
        relDiff = inf   : 0/51840 (0.000000%)
[0 0 1]

FAIL: Runner returned incorrect result
Config = GemmConfiguration(datatype='bf16', out_dtype='bf16', g=2, m=509, k=206, n=91, trans_a=True, trans_b=False, perfconfig='gemm:v1:128,64,16,2,1,2,32,4,1,1,1', scaled_gemm=False, scale_a_dtype=None, scale_b_dtype=None, trans_scale_a=False, trans_scale_b=False, arch='gfx950:sramecc+:xnack-', chip='gfx950', num_cu=256, num_chiplets=8)
Command line = -operation gemm -t bf16 -out_datatype bf16 --arch gfx950:sramecc+:xnack- --num_cu 256 --num_chiplets 8 -g 2 -m 509 -k 206 -n 91 -transA=True -transB=False --perf_config=gemm:v1:128,64,16,2,1,2,32,4,1,1,1 -pv -RMS_threshold 1e-2
Output = Number of elements: 92638
maxAbsDiff info: maxAbsDiff = 79.500000 (valNum = 120.00000, gpuNum = 40.50000), average absDiff = 5.2e+01
maxRelDiff info: maxRelDiff = 6.7e-01 (valNum = -29.7500000000, gpuNum = -9.8750000000), average relDiff = 6.6e-01
RMS = 4.8e-01
Histogram of relDiff: 
        relDiff = 0     : 0/92638 (0.000000%)
     0 < relDiff < 1e-06: 0/92638 (0.000000%)
1e-06 < relDiff <= 1e-05: 0/92638 (0.000000%)
1e-05 < relDiff <= 1e-04: 0/92638 (0.000000%)
1e-04 < relDiff <= 1e-03: 0/92638 (0.000000%)
1e-03 < relDiff <= 1e-02: 0/92638 (0.000000%)
1e-02 < relDiff <= 1e-01: 0/92638 (0.000000%)
1e-01 < relDiff <= 1e+00: 92638/92638 (100.000000%)
1e+00 < relDiff < inf   : 0/92638 (0.000000%)
        relDiff = inf   : 0/92638 (0.000000%)
[0 1 1]

----------------------------------------------------------------------------------------------------
PASS: GemmConfiguration(datatype='f16', out_dtype='f16', g=1, m=403, k=133, n=126, trans_a=False, trans_b=True, perfconfig='gemm:v1:16,256,64,1,1,1,0,4,1,8,8', scaled_gemm=False, scale_a_dtype=None, scale_b_dtype=None, trans_scale_a=False, trans_scale_b=False, arch='gfx950:sramecc+:xnack-', chip='gfx950', num_cu=256, num_chiplets=8)
Lowering rejected config as not applicable
Command line = -operation gemm -t i8 -out_datatype i32 --arch gfx950:sramecc+:xnack- --num_cu 256 --num_chiplets 8 -g 1 -m 358 -k 420 -n 41 -transA=False -transB=True --perf_config=gemm:v1:128,64,32,2,1,8,0,4,3,4,8 -pv
Errors = loc("<stdin>":17:10): error: Fusion with SplitK perfConfig is not legal
Lowering not applicable.

----------------------------------------------------------------------------------------------------
NOT_APPLICABLE: GemmConfiguration(datatype='i8', out_dtype='i32', g=1, m=358, k=420, n=41, trans_a=False, trans_b=True, perfconfig='gemm:v1:128,64,32,2,1,8,0,4,3,4,8', scaled_gemm=False, scale_a_dtype=None, scale_b_dtype=None, trans_scale_a=False, trans_scale_b=False, arch='gfx950:sramecc+:xnack-', chip='gfx950', num_cu=256, num_chiplets=8)
Lowering rejected config as not applicable
Command line = -operation gemm -t i8 -out_datatype i32 --arch gfx950:sramecc+:xnack- --num_cu 256 --num_chiplets 8 -g 2 -m 321 -k 151 -n 3 -transA=False -transB=False --perf_config=gemm:v1:128,64,32,1,1,4,16,3,1,8,0 -pv
Errors = loc("<stdin>":18:10): error: Fusion with SplitK perfConfig is not legal
Lowering not applicable.

----------------------------------------------------------------------------------------------------
NOT_APPLICABLE: GemmConfiguration(datatype='i8', out_dtype='i32', g=2, m=321, k=151, n=3, trans_a=False, trans_b=False, perfconfig='gemm:v1:128,64,32,1,1,4,16,3,1,8,0', scaled_gemm=False, scale_a_dtype=None, scale_b_dtype=None, trans_scale_a=False, trans_scale_b=False, arch='gfx950:sramecc+:xnack-', chip='gfx950', num_cu=256, num_chiplets=8)
Lowering rejected config as not applicable
Command line = -operation gemm -t i8 -out_datatype i32 --arch gfx950:sramecc+:xnack- --num_cu 256 --num_chiplets 8 -g 1 -m 114 -k 68 -n 312 -transA=False -transB=False --perf_config=gemm:v1:64,64,16,2,1,2,32,2,2,2,1 -pv
Errors = loc("<stdin>":18:10): error: Fusion with SplitK perfConfig is not legal
Lowering not applicable.

----------------------------------------------------------------------------------------------------
NOT_APPLICABLE: GemmConfiguration(datatype='i8', out_dtype='i32', g=1, m=114, k=68, n=312, trans_a=False, trans_b=False, perfconfig='gemm:v1:64,64,16,2,1,2,32,2,2,2,1', scaled_gemm=False, scale_a_dtype=None, scale_b_dtype=None, trans_scale_a=False, trans_scale_b=False, arch='gfx950:sramecc+:xnack-', chip='gfx950', num_cu=256, num_chiplets=8)
----------------------------------------------------------------------------------------------------
PASS: GemmConfiguration(datatype='f32', out_dtype='f32', g=2, m=335, k=91, n=489, trans_a=True, trans_b=False, perfconfig='gemm:v1:32,64,64,2,1,8,16,2,2,1,4', scaled_gemm=False, scale_a_dtype=None, scale_b_dtype=None, trans_scale_a=False, trans_scale_b=False, arch='gfx950:sramecc+:xnack-', chip='gfx950', num_cu=256, num_chiplets=8)
----------------------------------------------------------------------------------------------------
PASS: GemmConfiguration(datatype='f16', out_dtype='f16', g=1, m=238, k=57, n=295, trans_a=True, trans_b=True, perfconfig='gemm:v1:64,128,64,1,1,4,16,1,1,0,8', scaled_gemm=False, scale_a_dtype=None, scale_b_dtype=None, trans_scale_a=False, trans_scale_b=False, arch='gfx950:sramecc+:xnack-', chip='gfx950', num_cu=256, num_chiplets=8)
----------------------------------------------------------------------------------------------------
PASS: GemmConfiguration(datatype='f16', out_dtype='f16', g=2, m=116, k=318, n=243, trans_a=False, trans_b=False, perfconfig='gemm:v1:16,32,32,2,1,1,32,1,3,1,2', scaled_gemm=False, scale_a_dtype=None, scale_b_dtype=None, trans_scale_a=False, trans_scale_b=False, arch='gfx950:sramecc+:xnack-', chip='gfx950', num_cu=256, num_chiplets=8)
----------------------------------------------------------------------------------------------------
PASS: GemmConfiguration(datatype='bf16', out_dtype='bf16', g=1, m=505, k=26, n=173, trans_a=True, trans_b=True, perfconfig='gemm:v1:32,128,16,1,1,2,32,3,1,0,2', scaled_gemm=False, scale_a_dtype=None, scale_b_dtype=None, trans_scale_a=False, trans_scale_b=False, arch='gfx950:sramecc+:xnack-', chip='gfx950', num_cu=256, num_chiplets=8)
----------------------------------------------------------------------------------------------------
PASS: GemmConfiguration(datatype='fp8', out_dtype='f32', g=2, m=455, k=279, n=492, trans_a=True, trans_b=True, perfconfig='gemm:v1:16,128,128,1,1,1,16,1,2,0,8', scaled_gemm=False, scale_a_dtype=None, scale_b_dtype=None, trans_scale_a=False, trans_scale_b=False, arch='gfx950:sramecc+:xnack-', chip='gfx950', num_cu=256, num_chiplets=8)
----------------------------------------------------------------------------------------------------
PASS: GemmConfiguration(datatype='i8', out_dtype='i32', g=1, m=49, k=202, n=473, trans_a=True, trans_b=False, perfconfig='gemm:v1:16,32,16,1,1,2,0,1,3,8,4', scaled_gemm=False, scale_a_dtype=None, scale_b_dtype=None, trans_scale_a=False, trans_scale_b=False, arch='gfx950:sramecc+:xnack-', chip='gfx950', num_cu=256, num_chiplets=8)
----------------------------------------------------------------------------------------------------
FAIL: GemmConfiguration(datatype='f16', out_dtype='f16', g=1, m=216, k=503, n=240, trans_a=False, trans_b=True, perfconfig='gemm:v1:256,256,16,2,1,16,16,1,2,0,2', scaled_gemm=False, scale_a_dtype=None, scale_b_dtype=None, trans_scale_a=False, trans_scale_b=False, arch='gfx950:sramecc+:xnack-', chip='gfx950', num_cu=256, num_chiplets=8)
----------------------------------------------------------------------------------------------------
PASS: GemmConfiguration(datatype='fp8', out_dtype='f32', g=1, m=221, k=272, n=86, trans_a=True, trans_b=True, perfconfig='gemm:v1:16,32,16,2,1,1,16,1,3,8,4', scaled_gemm=False, scale_a_dtype=None, scale_b_dtype=None, trans_scale_a=False, trans_scale_b=False, arch='gfx950:sramecc+:xnack-', chip='gfx950', num_cu=256, num_chiplets=8)
----------------------------------------------------------------------------------------------------
PASS: GemmConfiguration(datatype='bf16', out_dtype='bf16', g=2, m=323, k=481, n=177, trans_a=False, trans_b=True, perfconfig='gemm:v1:32,64,16,1,1,16,16,2,1,1,4', scaled_gemm=False, scale_a_dtype=None, scale_b_dtype=None, trans_scale_a=False, trans_scale_b=False, arch='gfx950:sramecc+:xnack-', chip='gfx950', num_cu=256, num_chiplets=8)
----------------------------------------------------------------------------------------------------
PASS: GemmConfiguration(datatype='f16', out_dtype='f16', g=1, m=271, k=463, n=356, trans_a=True, trans_b=False, perfconfig='gemm:v1:128,128,16,1,1,4,32,2,1,0,8', scaled_gemm=False, scale_a_dtype=None, scale_b_dtype=None, trans_scale_a=False, trans_scale_b=False, arch='gfx950:sramecc+:xnack-', chip='gfx950', num_cu=256, num_chiplets=8)
----------------------------------------------------------------------------------------------------
PASS: GemmConfiguration(datatype='bf16', out_dtype='bf16', g=2, m=221, k=352, n=449, trans_a=True, trans_b=True, perfconfig='gemm:v1:128,64,128,2,1,8,0,2,3,2,1', scaled_gemm=False, scale_a_dtype=None, scale_b_dtype=None, trans_scale_a=False, trans_scale_b=False, arch='gfx950:sramecc+:xnack-', chip='gfx950', num_cu=256, num_chiplets=8)
----------------------------------------------------------------------------------------------------
FAIL: GemmConfiguration(datatype='bf16', out_dtype='bf16', g=2, m=509, k=206, n=91, trans_a=True, trans_b=False, perfconfig='gemm:v1:128,64,16,2,1,2,32,4,1,1,1', scaled_gemm=False, scale_a_dtype=None, scale_b_dtype=None, trans_scale_a=False, trans_scale_b=False, arch='gfx950:sramecc+:xnack-', chip='gfx950', num_cu=256, num_chiplets=8)
FAIL: Runner returned incorrect result
Config = GemmConfiguration(datatype='bf16', out_dtype='bf16', g=1, m=256, k=282, n=431, trans_a=True, trans_b=False, perfconfig='gemm:v1:128,64,16,2,1,2,0,1,2,2,1', scaled_gemm=False, scale_a_dtype=None, scale_b_dtype=None, trans_scale_a=False, trans_scale_b=False, arch='gfx950:sramecc+:xnack-', chip='gfx950', num_cu=256, num_chiplets=8)
Command line = -operation gemm -t bf16 -out_datatype bf16 --arch gfx950:sramecc+:xnack- --num_cu 256 --num_chiplets 8 -g 1 -m 256 -k 282 -n 431 -transA=True -transB=False --perf_config=gemm:v1:128,64,16,2,1,2,0,1,2,2,1 -pv -RMS_threshold 1e-2
Output = Number of elements: 110336
maxAbsDiff info: maxAbsDiff = 149.062500 (valNum = 164.00000, gpuNum = 14.93750), average absDiff = 9.8e+01
maxRelDiff info: maxRelDiff = 9.2e-01 (valNum = -41.0000000000, gpuNum = -3.2812500000), average relDiff = 9.1e-01
RMS = 6.6e-01
Histogram of relDiff: 
        relDiff = 0     : 0/110336 (0.000000%)
     0 < relDiff < 1e-06: 0/110336 (0.000000%)
1e-06 < relDiff <= 1e-05: 0/110336 (0.000000%)
1e-05 < relDiff <= 1e-04: 0/110336 (0.000000%)
1e-04 < relDiff <= 1e-03: 0/110336 (0.000000%)
1e-03 < relDiff <= 1e-02: 0/110336 (0.000000%)
1e-02 < relDiff <= 1e-01: 0/110336 (0.000000%)
1e-01 < relDiff <= 1e+00: 110336/110336 (100.000000%)
1e+00 < relDiff < inf   : 0/110336 (0.000000%)
        relDiff = inf   : 0/110336 (0.000000%)
[0 0 1]

----------------------------------------------------------------------------------------------------
PASS: GemmConfiguration(datatype='f32', out_dtype='f32', g=2, m=52, k=131, n=404, trans_a=True, trans_b=False, perfconfig='gemm:v1:128,256,16,1,1,1,32,1,2,2,4', scaled_gemm=False, scale_a_dtype=None, scale_b_dtype=None, trans_scale_a=False, trans_scale_b=False, arch='gfx950:sramecc+:xnack-', chip='gfx950', num_cu=256, num_chiplets=8)
Lowering rejected config as not applicable
Command line = -operation gemm -t i8 -out_datatype i32 --arch gfx950:sramecc+:xnack- --num_cu 256 --num_chiplets 8 -g 1 -m 334 -k 301 -n 425 -transA=True -transB=False --perf_config=gemm:v1:64,256,128,1,1,1,32,2,2,0,0 -pv
Errors = loc("<stdin>":18:10): error: Fusion with SplitK perfConfig is not legal
Lowering not applicable.

----------------------------------------------------------------------------------------------------
NOT_APPLICABLE: GemmConfiguration(datatype='i8', out_dtype='i32', g=1, m=334, k=301, n=425, trans_a=True, trans_b=False, perfconfig='gemm:v1:64,256,128,1,1,1,32,2,2,0,0', scaled_gemm=False, scale_a_dtype=None, scale_b_dtype=None, trans_scale_a=False, trans_scale_b=False, arch='gfx950:sramecc+:xnack-', chip='gfx950', num_cu=256, num_chiplets=8)
Lowering rejected config as not applicable
Command line = -operation gemm -t i8 -out_datatype i32 --arch gfx950:sramecc+:xnack- --num_cu 256 --num_chiplets 8 -g 1 -m 457 -k 337 -n 482 -transA=False -transB=True --perf_config=gemm:v1:256,256,128,2,1,16,0,1,3,0,1 -pv
Errors = loc("<stdin>":12:1): error: ttg.shared (196608) exceeds LDS limit (163840) for amdgcn-amd-amdhsa:gfx950:sramecc+:xnack-
Lowering not applicable.

----------------------------------------------------------------------------------------------------
NOT_APPLICABLE: GemmConfiguration(datatype='i8', out_dtype='i32', g=1, m=457, k=337, n=482, trans_a=False, trans_b=True, perfconfig='gemm:v1:256,256,128,2,1,16,0,1,3,0,1', scaled_gemm=False, scale_a_dtype=None, scale_b_dtype=None, trans_scale_a=False, trans_scale_b=False, arch='gfx950:sramecc+:xnack-', chip='gfx950', num_cu=256, num_chiplets=8)
----------------------------------------------------------------------------------------------------
PASS: GemmConfiguration(datatype='f16', out_dtype='f16', g=1, m=264, k=199, n=120, trans_a=False, trans_b=False, perfconfig='gemm:v1:32,256,32,2,1,8,0,2,2,0,0', scaled_gemm=False, scale_a_dtype=None, scale_b_dtype=None, trans_scale_a=False, trans_scale_b=False, arch='gfx950:sramecc+:xnack-', chip='gfx950', num_cu=256, num_chiplets=8)
----------------------------------------------------------------------------------------------------
PASS: GemmConfiguration(datatype='bf16', out_dtype='bf16', g=1, m=460, k=239, n=281, trans_a=False, trans_b=True, perfconfig='gemm:v1:256,16,128,2,1,16,16,2,1,2,1', scaled_gemm=False, scale_a_dtype=None, scale_b_dtype=None, trans_scale_a=False, trans_scale_b=False, arch='gfx950:sramecc+:xnack-', chip='gfx950', num_cu=256, num_chiplets=8)
----------------------------------------------------------------------------------------------------
PASS: GemmConfiguration(datatype='bf16', out_dtype='bf16', g=1, m=121, k=261, n=443, trans_a=True, trans_b=False, perfconfig='gemm:v1:64,256,64,2,1,16,0,2,2,4,4', scaled_gemm=False, scale_a_dtype=None, scale_b_dtype=None, trans_scale_a=False, trans_scale_b=False, arch='gfx950:sramecc+:xnack-', chip='gfx950', num_cu=256, num_chiplets=8)
----------------------------------------------------------------------------------------------------
PASS: GemmConfiguration(datatype='fp8', out_dtype='f32', g=2, m=321, k=235, n=285, trans_a=True, trans_b=True, perfconfig='gemm:v1:32,256,128,2,1,8,0,4,1,1,0', scaled_gemm=False, scale_a_dtype=None, scale_b_dtype=None, trans_scale_a=False, trans_scale_b=False, arch='gfx950:sramecc+:xnack-', chip='gfx950', num_cu=256, num_chiplets=8)
----------------------------------------------------------------------------------------------------
PASS: GemmConfiguration(datatype='f32', out_dtype='f32', g=2, m=63, k=86, n=128, trans_a=True, trans_b=True, perfconfig='gemm:v1:256,128,32,1,1,2,16,4,3,0,1', scaled_gemm=False, scale_a_dtype=None, scale_b_dtype=None, trans_scale_a=False, trans_scale_b=False, arch='gfx950:sramecc+:xnack-', chip='gfx950', num_cu=256, num_chiplets=8)
----------------------------------------------------------------------------------------------------
PASS: GemmConfiguration(datatype='fp8', out_dtype='f32', g=1, m=510, k=484, n=33, trans_a=True, trans_b=True, perfconfig='gemm:v1:256,128,128,2,1,2,0,2,2,0,0', scaled_gemm=False, scale_a_dtype=None, scale_b_dtype=None, trans_scale_a=False, trans_scale_b=False, arch='gfx950:sramecc+:xnack-', chip='gfx950', num_cu=256, num_chiplets=8)
Lowering rejected config as not applicable
Command line = -operation gemm -t i8 -out_datatype i32 --arch gfx950:sramecc+:xnack- --num_cu 256 --num_chiplets 8 -g 2 -m 169 -k 474 -n 506 -transA=True -transB=False --perf_config=gemm:v1:256,64,32,2,1,8,32,4,3,8,2 -pv
Errors = loc("<stdin>":18:10): error: Fusion with SplitK perfConfig is not legal
Lowering not applicable.

----------------------------------------------------------------------------------------------------
NOT_APPLICABLE: GemmConfiguration(datatype='i8', out_dtype='i32', g=2, m=169, k=474, n=506, trans_a=True, trans_b=False, perfconfig='gemm:v1:256,64,32,2,1,8,32,4,3,8,2', scaled_gemm=False, scale_a_dtype=None, scale_b_dtype=None, trans_scale_a=False, trans_scale_b=False, arch='gfx950:sramecc+:xnack-', chip='gfx950', num_cu=256, num_chiplets=8)
Lowering rejected config as not applicable
Command line = -operation gemm -t i8 -out_datatype i32 --arch gfx950:sramecc+:xnack- --num_cu 256 --num_chiplets 8 -g 2 -m 170 -k 129 -n 462 -transA=False -transB=False --perf_config=gemm:v1:32,64,16,1,1,16,0,3,3,2,1 -pv
Errors = loc("<stdin>":18:10): error: Fusion with SplitK perfConfig is not legal
Lowering not applicable.

----------------------------------------------------------------------------------------------------
NOT_APPLICABLE: GemmConfiguration(datatype='i8', out_dtype='i32', g=2, m=170, k=129, n=462, trans_a=False, trans_b=False, perfconfig='gemm:v1:32,64,16,1,1,16,0,3,3,2,1', scaled_gemm=False, scale_a_dtype=None, scale_b_dtype=None, trans_scale_a=False, trans_scale_b=False, arch='gfx950:sramecc+:xnack-', chip='gfx950', num_cu=256, num_chiplets=8)
----------------------------------------------------------------------------------------------------
PASS: GemmConfiguration(datatype='f16', out_dtype='f16', g=2, m=262, k=95, n=170, trans_a=True, trans_b=True, perfconfig='gemm:v1:64,16,64,1,1,2,0,1,1,4,1', scaled_gemm=False, scale_a_dtype=None, scale_b_dtype=None, trans_scale_a=False, trans_scale_b=False, arch='gfx950:sramecc+:xnack-', chip='gfx950', num_cu=256, num_chiplets=8)
----------------------------------------------------------------------------------------------------
PASS: GemmConfiguration(datatype='bf16', out_dtype='bf16', g=1, m=13, k=12, n=67, trans_a=False, trans_b=False, perfconfig='gemm:v1:32,128,16,1,1,2,0,2,2,1,2', scaled_gemm=False, scale_a_dtype=None, scale_b_dtype=None, trans_scale_a=False, trans_scale_b=False, arch='gfx950:sramecc+:xnack-', chip='gfx950', num_cu=256, num_chiplets=8)
----------------------------------------------------------------------------------------------------
FAIL: GemmConfiguration(datatype='bf16', out_dtype='bf16', g=1, m=256, k=282, n=431, trans_a=True, trans_b=False, perfconfig='gemm:v1:128,64,16,2,1,2,0,1,2,2,1', scaled_gemm=False, scale_a_dtype=None, scale_b_dtype=None, trans_scale_a=False, trans_scale_b=False, arch='gfx950:sramecc+:xnack-', chip='gfx950', num_cu=256, num_chiplets=8)
----------------------------------------------------------------------------------------------------
PASS: GemmConfiguration(datatype='f16', out_dtype='f16', g=2, m=359, k=374, n=48, trans_a=False, trans_b=False, perfconfig='gemm:v1:256,128,32,2,1,2,0,1,2,4,2', scaled_gemm=False, scale_a_dtype=None, scale_b_dtype=None, trans_scale_a=False, trans_scale_b=False, arch='gfx950:sramecc+:xnack-', chip='gfx950', num_cu=256, num_chiplets=8)
FAIL: Runner returned incorrect result
Config = GemmConfiguration(datatype='bf16', out_dtype='bf16', g=2, m=85, k=234, n=398, trans_a=True, trans_b=True, perfconfig='gemm:v1:32,16,32,2,1,2,16,3,1,2,1', scaled_gemm=False, scale_a_dtype=None, scale_b_dtype=None, trans_scale_a=False, trans_scale_b=False, arch='gfx950:sramecc+:xnack-', chip='gfx950', num_cu=256, num_chiplets=8)
Command line = -operation gemm -t bf16 -out_datatype bf16 --arch gfx950:sramecc+:xnack- --num_cu 256 --num_chiplets 8 -g 2 -m 85 -k 234 -n 398 -transA=True -transB=True --perf_config=gemm:v1:32,16,32,2,1,2,16,3,1,2,1 -pv -RMS_threshold 1e-2
Output = Number of elements: 67660
maxAbsDiff info: maxAbsDiff = 71.500000 (valNum = 141.00000, gpuNum = 69.50000), average absDiff = 4.7e+01
maxRelDiff info: maxRelDiff = 5.2e-01 (valNum = -68.0000000000, gpuNum = -32.5000000000), average relDiff = 5.1e-01
RMS = 3.6e-01
Histogram of relDiff: 
        relDiff = 0     : 0/67660 (0.000000%)
     0 < relDiff < 1e-06: 0/67660 (0.000000%)
1e-06 < relDiff <= 1e-05: 0/67660 (0.000000%)
1e-05 < relDiff <= 1e-04: 0/67660 (0.000000%)
1e-04 < relDiff <= 1e-03: 0/67660 (0.000000%)
1e-03 < relDiff <= 1e-02: 0/67660 (0.000000%)
1e-02 < relDiff <= 1e-01: 0/67660 (0.000000%)
1e-01 < relDiff <= 1e+00: 67660/67660 (100.000000%)
1e+00 < relDiff < inf   : 0/67660 (0.000000%)
        relDiff = inf   : 0/67660 (0.000000%)
[0 1 1]

FAIL: Runner returned incorrect result
Config = GemmConfiguration(datatype='i8', out_dtype='i32', g=1, m=419, k=158, n=121, trans_a=False, trans_b=True, perfconfig='gemm:v1:128,256,32,2,1,4,32,1,1,8,4', scaled_gemm=False, scale_a_dtype=None, scale_b_dtype=None, trans_scale_a=False, trans_scale_b=False, arch='gfx950:sramecc+:xnack-', chip='gfx950', num_cu=256, num_chiplets=8)
Command line = -operation gemm -t i8 -out_datatype i32 --arch gfx950:sramecc+:xnack- --num_cu 256 --num_chiplets 8 -g 1 -m 419 -k 158 -n 121 -transA=False -transB=True --perf_config=gemm:v1:128,256,32,2,1,4,32,1,1,8,4 -pv
Output = Number of elements: 50699
Number of incorrect elements: 50699
maxAbsDiff: 197
Number of overflow elements: 0
[0 0 0]
FAIL: Runner returned incorrect result
Config = GemmConfiguration(datatype='f16', out_dtype='f16', g=1, m=421, k=473, n=125, trans_a=True, trans_b=False, perfconfig='gemm:v1:64,32,16,2,1,1,32,1,3,8,0', scaled_gemm=False, scale_a_dtype=None, scale_b_dtype=None, trans_scale_a=False, trans_scale_b=False, arch='gfx950:sramecc+:xnack-', chip='gfx950', num_cu=256, num_chiplets=8)
Command line = -operation gemm -t f16 -out_datatype f16 --arch gfx950:sramecc+:xnack- --num_cu 256 --num_chiplets 8 -g 1 -m 421 -k 473 -n 125 -transA=True -transB=False --perf_config=gemm:v1:64,32,16,2,1,1,32,1,3,8,0 -pv
Output = Number of elements: 52625
maxAbsDiff info: maxAbsDiff = 261.445312 (valNum = 276.00000, gpuNum = 14.55469), average absDiff = 1.7e+02
maxRelDiff info: maxRelDiff = 9.5e-01 (valNum = -68.6250000000, gpuNum = -3.3925781250), average relDiff = 9.5e-01
RMS = 6.9e-01
Histogram of relDiff: 
        relDiff = 0     : 0/52625 (0.000000%)
     0 < relDiff < 1e-06: 0/52625 (0.000000%)
1e-06 < relDiff <= 1e-05: 0/52625 (0.000000%)
1e-05 < relDiff <= 1e-04: 0/52625 (0.000000%)
1e-04 < relDiff <= 1e-03: 0/52625 (0.000000%)
1e-03 < relDiff <= 1e-02: 0/52625 (0.000000%)
1e-02 < relDiff <= 1e-01: 0/52625 (0.000000%)
1e-01 < relDiff <= 1e+00: 52625/52625 (100.000000%)
1e+00 < relDiff < inf   : 0/52625 (0.000000%)
        relDiff = inf   : 0/52625 (0.000000%)
[0 0 1]

FAIL: Runner returned incorrect result
Config = GemmConfiguration(datatype='f16', out_dtype='f16', g=1, m=337, k=462, n=133, trans_a=False, trans_b=False, perfconfig='gemm:v1:32,64,16,2,1,1,32,3,1,2,8', scaled_gemm=False, scale_a_dtype=None, scale_b_dtype=None, trans_scale_a=False, trans_scale_b=False, arch='gfx950:sramecc+:xnack-', chip='gfx950', num_cu=256, num_chiplets=8)
Command line = -operation gemm -t f16 -out_datatype f16 --arch gfx950:sramecc+:xnack- --num_cu 256 --num_chiplets 8 -g 1 -m 337 -k 462 -n 133 -transA=False -transB=False --perf_config=gemm:v1:32,64,16,2,1,1,32,3,1,2,8 -pv
Output = Number of elements: 44821
maxAbsDiff info: maxAbsDiff = 231.937500 (valNum = 279.00000, gpuNum = 47.06250), average absDiff = 1.5e+02
maxRelDiff info: maxRelDiff = 8.3e-01 (valNum = -134.7500000000, gpuNum = -22.7187500000), average relDiff = 8.3e-01
RMS = 5.8e-01
Histogram of relDiff: 
        relDiff = 0     : 0/44821 (0.000000%)
     0 < relDiff < 1e-06: 0/44821 (0.000000%)
1e-06 < relDiff <= 1e-05: 0/44821 (0.000000%)
1e-05 < relDiff <= 1e-04: 0/44821 (0.000000%)
1e-04 < relDiff <= 1e-03: 0/44821 (0.000000%)
1e-03 < relDiff <= 1e-02: 0/44821 (0.000000%)
1e-02 < relDiff <= 1e-01: 0/44821 (0.000000%)
1e-01 < relDiff <= 1e+00: 44821/44821 (100.000000%)
1e+00 < relDiff < inf   : 0/44821 (0.000000%)
        relDiff = inf   : 0/44821 (0.000000%)
[0 0 1]

----------------------------------------------------------------------------------------------------
PASS: GemmConfiguration(datatype='f32', out_dtype='f32', g=1, m=505, k=193, n=385, trans_a=True, trans_b=False, perfconfig='gemm:v1:64,16,128,2,1,1,32,1,2,4,8', scaled_gemm=False, scale_a_dtype=None, scale_b_dtype=None, trans_scale_a=False, trans_scale_b=False, arch='gfx950:sramecc+:xnack-', chip='gfx950', num_cu=256, num_chiplets=8)
----------------------------------------------------------------------------------------------------
PASS: GemmConfiguration(datatype='f16', out_dtype='f16', g=2, m=238, k=371, n=184, trans_a=False, trans_b=False, perfconfig='gemm:v1:16,256,128,1,1,1,16,2,2,1,2', scaled_gemm=False, scale_a_dtype=None, scale_b_dtype=None, trans_scale_a=False, trans_scale_b=False, arch='gfx950:sramecc+:xnack-', chip='gfx950', num_cu=256, num_chiplets=8)
Lowering rejected config as not applicable
Command line = -operation gemm -t i8 -out_datatype i32 --arch gfx950:sramecc+:xnack- --num_cu 256 --num_chiplets 8 -g 1 -m 86 -k 128 -n 217 -transA=False -transB=True --perf_config=gemm:v1:32,64,32,2,1,2,32,4,3,4,0 -pv
Errors = loc("<stdin>":17:10): error: Fusion with SplitK perfConfig is not legal
Lowering not applicable.

----------------------------------------------------------------------------------------------------
NOT_APPLICABLE: GemmConfiguration(datatype='i8', out_dtype='i32', g=1, m=86, k=128, n=217, trans_a=False, trans_b=True, perfconfig='gemm:v1:32,64,32,2,1,2,32,4,3,4,0', scaled_gemm=False, scale_a_dtype=None, scale_b_dtype=None, trans_scale_a=False, trans_scale_b=False, arch='gfx950:sramecc+:xnack-', chip='gfx950', num_cu=256, num_chiplets=8)
Lowering rejected config as not applicable
Command line = -operation gemm -t i8 -out_datatype i32 --arch gfx950:sramecc+:xnack- --num_cu 256 --num_chiplets 8 -g 1 -m 313 -k 87 -n 207 -transA=False -transB=True --perf_config=gemm:v1:256,128,32,2,1,16,32,2,3,0,4 -pv
Errors = loc("<stdin>":17:10): error: Fusion with SplitK perfConfig is not legal
Lowering not applicable.

----------------------------------------------------------------------------------------------------
NOT_APPLICABLE: GemmConfiguration(datatype='i8', out_dtype='i32', g=1, m=313, k=87, n=207, trans_a=False, trans_b=True, perfconfig='gemm:v1:256,128,32,2,1,16,32,2,3,0,4', scaled_gemm=False, scale_a_dtype=None, scale_b_dtype=None, trans_scale_a=False, trans_scale_b=False, arch='gfx950:sramecc+:xnack-', chip='gfx950', num_cu=256, num_chiplets=8)
----------------------------------------------------------------------------------------------------
FAIL: GemmConfiguration(datatype='bf16', out_dtype='bf16', g=2, m=85, k=234, n=398, trans_a=True, trans_b=True, perfconfig='gemm:v1:32,16,32,2,1,2,16,3,1,2,1', scaled_gemm=False, scale_a_dtype=None, scale_b_dtype=None, trans_scale_a=False, trans_scale_b=False, arch='gfx950:sramecc+:xnack-', chip='gfx950', num_cu=256, num_chiplets=8)
----------------------------------------------------------------------------------------------------
PASS: GemmConfiguration(datatype='bf16', out_dtype='bf16', g=1, m=302, k=381, n=77, trans_a=True, trans_b=False, perfconfig='gemm:v1:256,128,64,1,1,16,16,1,1,4,4', scaled_gemm=False, scale_a_dtype=None, scale_b_dtype=None, trans_scale_a=False, trans_scale_b=False, arch='gfx950:sramecc+:xnack-', chip='gfx950', num_cu=256, num_chiplets=8)
----------------------------------------------------------------------------------------------------
PASS: GemmConfiguration(datatype='fp8', out_dtype='f32', g=1, m=16, k=289, n=12, trans_a=True, trans_b=False, perfconfig='gemm:v1:32,128,32,2,1,4,0,2,2,2,8', scaled_gemm=False, scale_a_dtype=None, scale_b_dtype=None, trans_scale_a=False, trans_scale_b=False, arch='gfx950:sramecc+:xnack-', chip='gfx950', num_cu=256, num_chiplets=8)
----------------------------------------------------------------------------------------------------
FAIL: GemmConfiguration(datatype='i8', out_dtype='i32', g=1, m=419, k=158, n=121, trans_a=False, trans_b=True, perfconfig='gemm:v1:128,256,32,2,1,4,32,1,1,8,4', scaled_gemm=False, scale_a_dtype=None, scale_b_dtype=None, trans_scale_a=False, trans_scale_b=False, arch='gfx950:sramecc+:xnack-', chip='gfx950', num_cu=256, num_chiplets=8)
----------------------------------------------------------------------------------------------------
PASS: GemmConfiguration(datatype='i8', out_dtype='i32', g=1, m=17, k=191, n=374, trans_a=False, trans_b=True, perfconfig='gemm:v1:32,128,64,2,1,1,0,1,1,1,4', scaled_gemm=False, scale_a_dtype=None, scale_b_dtype=None, trans_scale_a=False, trans_scale_b=False, arch='gfx950:sramecc+:xnack-', chip='gfx950', num_cu=256, num_chiplets=8)
----------------------------------------------------------------------------------------------------
PASS: GemmConfiguration(datatype='fp8', out_dtype='f32', g=1, m=220, k=247, n=49, trans_a=False, trans_b=False, perfconfig='gemm:v1:256,64,32,1,1,2,16,4,2,8,0', scaled_gemm=False, scale_a_dtype=None, scale_b_dtype=None, trans_scale_a=False, trans_scale_b=False, arch='gfx950:sramecc+:xnack-', chip='gfx950', num_cu=256, num_chiplets=8)
Lowering rejected config as not applicable
Command line = -operation gemm -t i8 -out_datatype i32 --arch gfx950:sramecc+:xnack- --num_cu 256 --num_chiplets 8 -g 1 -m 270 -k 133 -n 239 -transA=False -transB=False --perf_config=gemm:v1:16,256,16,1,1,8,0,4,3,1,1 -pv
Errors = loc("<stdin>":18:10): error: Fusion with SplitK perfConfig is not legal
Lowering not applicable.

----------------------------------------------------------------------------------------------------
NOT_APPLICABLE: GemmConfiguration(datatype='i8', out_dtype='i32', g=1, m=270, k=133, n=239, trans_a=False, trans_b=False, perfconfig='gemm:v1:16,256,16,1,1,8,0,4,3,1,1', scaled_gemm=False, scale_a_dtype=None, scale_b_dtype=None, trans_scale_a=False, trans_scale_b=False, arch='gfx950:sramecc+:xnack-', chip='gfx950', num_cu=256, num_chiplets=8)
Lowering rejected config as not applicable
Command line = -operation gemm -t i8 -out_datatype i32 --arch gfx950:sramecc+:xnack- --num_cu 256 --num_chiplets 8 -g 2 -m 434 -k 258 -n 5 -transA=True -transB=True --perf_config=gemm:v1:64,64,32,2,1,16,32,2,3,4,0 -pv
Errors = loc("<stdin>":18:10): error: Fusion with SplitK perfConfig is not legal
Lowering not applicable.

----------------------------------------------------------------------------------------------------
NOT_APPLICABLE: GemmConfiguration(datatype='i8', out_dtype='i32', g=2, m=434, k=258, n=5, trans_a=True, trans_b=True, perfconfig='gemm:v1:64,64,32,2,1,16,32,2,3,4,0', scaled_gemm=False, scale_a_dtype=None, scale_b_dtype=None, trans_scale_a=False, trans_scale_b=False, arch='gfx950:sramecc+:xnack-', chip='gfx950', num_cu=256, num_chiplets=8)
----------------------------------------------------------------------------------------------------
PASS: GemmConfiguration(datatype='fp8', out_dtype='f32', g=2, m=322, k=223, n=245, trans_a=False, trans_b=False, perfconfig='gemm:v1:32,32,128,1,1,4,0,4,3,0,2', scaled_gemm=False, scale_a_dtype=None, scale_b_dtype=None, trans_scale_a=False, trans_scale_b=False, arch='gfx950:sramecc+:xnack-', chip='gfx950', num_cu=256, num_chiplets=8)
----------------------------------------------------------------------------------------------------
FAIL: GemmConfiguration(datatype='f16', out_dtype='f16', g=1, m=421, k=473, n=125, trans_a=True, trans_b=False, perfconfig='gemm:v1:64,32,16,2,1,1,32,1,3,8,0', scaled_gemm=False, scale_a_dtype=None, scale_b_dtype=None, trans_scale_a=False, trans_scale_b=False, arch='gfx950:sramecc+:xnack-', chip='gfx950', num_cu=256, num_chiplets=8)
----------------------------------------------------------------------------------------------------
PASS: GemmConfiguration(datatype='fp8', out_dtype='f32', g=1, m=340, k=421, n=268, trans_a=True, trans_b=True, perfconfig='gemm:v1:128,128,128,1,1,8,16,1,2,0,8', scaled_gemm=False, scale_a_dtype=None, scale_b_dtype=None, trans_scale_a=False, trans_scale_b=False, arch='gfx950:sramecc+:xnack-', chip='gfx950', num_cu=256, num_chiplets=8)
----------------------------------------------------------------------------------------------------
FAIL: GemmConfiguration(datatype='f16', out_dtype='f16', g=1, m=337, k=462, n=133, trans_a=False, trans_b=False, perfconfig='gemm:v1:32,64,16,2,1,1,32,3,1,2,8', scaled_gemm=False, scale_a_dtype=None, scale_b_dtype=None, trans_scale_a=False, trans_scale_b=False, arch='gfx950:sramecc+:xnack-', chip='gfx950', num_cu=256, num_chiplets=8)
----------------------------------------------------------------------------------------------------
PASS: GemmConfiguration(datatype='bf16', out_dtype='bf16', g=2, m=417, k=119, n=329, trans_a=False, trans_b=False, perfconfig='gemm:v1:128,128,64,2,1,2,0,4,3,2,1', scaled_gemm=False, scale_a_dtype=None, scale_b_dtype=None, trans_scale_a=False, trans_scale_b=False, arch='gfx950:sramecc+:xnack-', chip='gfx950', num_cu=256, num_chiplets=8)
----------------------------------------------------------------------------------------------------
PASS: GemmConfiguration(datatype='f16', out_dtype='f16', g=2, m=295, k=471, n=303, trans_a=True, trans_b=True, perfconfig='gemm:v1:256,256,64,2,1,4,0,2,2,8,4', scaled_gemm=False, scale_a_dtype=None, scale_b_dtype=None, trans_scale_a=False, trans_scale_b=False, arch='gfx950:sramecc+:xnack-', chip='gfx950', num_cu=256, num_chiplets=8)
Lowering rejected config as not applicable
Command line = -operation gemm -t i8 -out_datatype i32 --arch gfx950:sramecc+:xnack- --num_cu 256 --num_chiplets 8 -g 1 -m 465 -k 370 -n 461 -transA=False -transB=False --perf_config=gemm:v1:256,64,128,2,1,1,32,2,1,4,1 -pv
Errors = loc("<stdin>":18:10): error: Fusion with SplitK perfConfig is not legal
Lowering not applicable.

----------------------------------------------------------------------------------------------------
NOT_APPLICABLE: GemmConfiguration(datatype='i8', out_dtype='i32', g=1, m=465, k=370, n=461, trans_a=False, trans_b=False, perfconfig='gemm:v1:256,64,128,2,1,1,32,2,1,4,1', scaled_gemm=False, scale_a_dtype=None, scale_b_dtype=None, trans_scale_a=False, trans_scale_b=False, arch='gfx950:sramecc+:xnack-', chip='gfx950', num_cu=256, num_chiplets=8)
----------------------------------------------------------------------------------------------------
PASS: GemmConfiguration(datatype='bf16', out_dtype='bf16', g=1, m=260, k=44, n=353, trans_a=False, trans_b=True, perfconfig='gemm:v1:16,32,64,2,1,2,32,1,2,4,2', scaled_gemm=False, scale_a_dtype=None, scale_b_dtype=None, trans_scale_a=False, trans_scale_b=False, arch='gfx950:sramecc+:xnack-', chip='gfx950', num_cu=256, num_chiplets=8)
----------------------------------------------------------------------------------------------------
PASS: GemmConfiguration(datatype='fp8', out_dtype='f32', g=2, m=366, k=403, n=166, trans_a=True, trans_b=False, perfconfig='gemm:v1:16,128,128,1,1,16,16,1,3,0,1', scaled_gemm=False, scale_a_dtype=None, scale_b_dtype=None, trans_scale_a=False, trans_scale_b=False, arch='gfx950:sramecc+:xnack-', chip='gfx950', num_cu=256, num_chiplets=8)
----------------------------------------------------------------------------------------------------
PASS: GemmConfiguration(datatype='f32', out_dtype='f32', g=2, m=100, k=111, n=5, trans_a=True, trans_b=True, perfconfig='gemm:v1:64,64,16,1,1,8,32,3,3,2,0', scaled_gemm=False, scale_a_dtype=None, scale_b_dtype=None, trans_scale_a=False, trans_scale_b=False, arch='gfx950:sramecc+:xnack-', chip='gfx950', num_cu=256, num_chiplets=8)
----------------------------------------------------------------------------------------------------
PASS: GemmConfiguration(datatype='f32', out_dtype='f32', g=1, m=465, k=132, n=305, trans_a=True, trans_b=True, perfconfig='gemm:v1:256,16,16,2,1,2,16,2,3,8,1', scaled_gemm=False, scale_a_dtype=None, scale_b_dtype=None, trans_scale_a=False, trans_scale_b=False, arch='gfx950:sramecc+:xnack-', chip='gfx950', num_cu=256, num_chiplets=8)
----------------------------------------------------------------------------------------------------
PASS: GemmConfiguration(datatype='bf16', out_dtype='bf16', g=2, m=502, k=214, n=9, trans_a=True, trans_b=True, perfconfig='gemm:v1:128,32,32,2,1,2,0,4,1,2,8', scaled_gemm=False, scale_a_dtype=None, scale_b_dtype=None, trans_scale_a=False, trans_scale_b=False, arch='gfx950:sramecc+:xnack-', chip='gfx950', num_cu=256, num_chiplets=8)
----------------------------------------------------------------------------------------------------
PASS: GemmConfiguration(datatype='i8', out_dtype='i32', g=1, m=208, k=171, n=192, trans_a=False, trans_b=False, perfconfig='gemm:v1:128,32,16,1,1,4,16,1,2,8,2', scaled_gemm=False, scale_a_dtype=None, scale_b_dtype=None, trans_scale_a=False, trans_scale_b=False, arch='gfx950:sramecc+:xnack-', chip='gfx950', num_cu=256, num_chiplets=8)
----------------------------------------------------------------------------------------------------
PASS: GemmConfiguration(datatype='f16', out_dtype='f16', g=1, m=350, k=260, n=454, trans_a=True, trans_b=True, perfconfig='gemm:v1:128,64,64,1,1,1,32,3,1,1,1', scaled_gemm=False, scale_a_dtype=None, scale_b_dtype=None, trans_scale_a=False, trans_scale_b=False, arch='gfx950:sramecc+:xnack-', chip='gfx950', num_cu=256, num_chiplets=8)
Lowering rejected config as not applicable
Command line = -operation gemm -t i8 -out_datatype i32 --arch gfx950:sramecc+:xnack- --num_cu 256 --num_chiplets 8 -g 1 -m 407 -k 213 -n 86 -transA=False -transB=True --perf_config=gemm:v1:16,128,16,2,1,2,32,4,2,2,1 -pv
Errors = loc("<stdin>":17:10): error: Fusion with SplitK perfConfig is not legal
Lowering not applicable.

----------------------------------------------------------------------------------------------------
NOT_APPLICABLE: GemmConfiguration(datatype='i8', out_dtype='i32', g=1, m=407, k=213, n=86, trans_a=False, trans_b=True, perfconfig='gemm:v1:16,128,16,2,1,2,32,4,2,2,1', scaled_gemm=False, scale_a_dtype=None, scale_b_dtype=None, trans_scale_a=False, trans_scale_b=False, arch='gfx950:sramecc+:xnack-', chip='gfx950', num_cu=256, num_chiplets=8)
Lowering rejected config as not applicable
Command line = -operation gemm -t f32 -out_datatype f32 --arch gfx950:sramecc+:xnack- --num_cu 256 --num_chiplets 8 -g 2 -m 102 -k 157 -n 158 -transA=False -transB=True --perf_config=gemm:v1:256,32,64,2,1,8,16,1,3,1,8 -pv
Errors = loc("<stdin>":11:1): error: ttg.shared (221184) exceeds LDS limit (163840) for amdgcn-amd-amdhsa:gfx950:sramecc+:xnack-
Lowering not applicable.

----------------------------------------------------------------------------------------------------
NOT_APPLICABLE: GemmConfiguration(datatype='f32', out_dtype='f32', g=2, m=102, k=157, n=158, trans_a=False, trans_b=True, perfconfig='gemm:v1:256,32,64,2,1,8,16,1,3,1,8', scaled_gemm=False, scale_a_dtype=None, scale_b_dtype=None, trans_scale_a=False, trans_scale_b=False, arch='gfx950:sramecc+:xnack-', chip='gfx950', num_cu=256, num_chiplets=8)
----------------------------------------------------------------------------------------------------
PASS: GemmConfiguration(datatype='f16', out_dtype='f16', g=2, m=115, k=264, n=136, trans_a=False, trans_b=False, perfconfig='gemm:v1:256,64,16,1,1,16,32,3,1,2,8', scaled_gemm=False, scale_a_dtype=None, scale_b_dtype=None, trans_scale_a=False, trans_scale_b=False, arch='gfx950:sramecc+:xnack-', chip='gfx950', num_cu=256, num_chiplets=8)
----------------------------------------------------------------------------------------------------
PASS: GemmConfiguration(datatype='f16', out_dtype='f16', g=2, m=407, k=106, n=512, trans_a=True, trans_b=True, perfconfig='gemm:v1:64,32,128,2,1,16,0,1,2,2,2', scaled_gemm=False, scale_a_dtype=None, scale_b_dtype=None, trans_scale_a=False, trans_scale_b=False, arch='gfx950:sramecc+:xnack-', chip='gfx950', num_cu=256, num_chiplets=8)
----------------------------------------------------------------------------------------------------
PASS: GemmConfiguration(datatype='f16', out_dtype='f16', g=2, m=512, k=284, n=382, trans_a=False, trans_b=True, perfconfig='gemm:v1:32,128,32,1,1,8,16,4,1,4,8', scaled_gemm=False, scale_a_dtype=None, scale_b_dtype=None, trans_scale_a=False, trans_scale_b=False, arch='gfx950:sramecc+:xnack-', chip='gfx950', num_cu=256, num_chiplets=8)
FAIL: Runner returned incorrect result
Config = GemmConfiguration(datatype='fp8', out_dtype='f32', g=2, m=173, k=381, n=183, trans_a=True, trans_b=False, perfconfig='gemm:v1:128,64,16,2,1,16,32,2,1,2,0', scaled_gemm=False, scale_a_dtype=None, scale_b_dtype=None, trans_scale_a=False, trans_scale_b=False, arch='gfx950:sramecc+:xnack-', chip='gfx950', num_cu=256, num_chiplets=8)
Command line = -operation gemm -t fp8 -out_datatype f32 --arch gfx950:sramecc+:xnack- --num_cu 256 --num_chiplets 8 -g 2 -m 173 -k 381 -n 183 -transA=True -transB=False --perf_config=gemm:v1:128,64,16,2,1,16,32,2,1,2,0 -pv -relDiff_threshold 1e-5
Output = Number of elements: 63318
maxAbsDiff info: maxAbsDiff = 27.358276 (valNum = -31.75000, gpuNum = -4.39172), average absDiff = 2.0e+01
maxRelDiff info: maxRelDiff = 8.6e-01 (valNum = 15.8750000000, gpuNum = 2.1958618164), average relDiff = 8.4e-01
RMS = 6.5e-01
Histogram of relDiff: 
        relDiff = 0     : 0/63318 (0.000000%)
     0 < relDiff < 1e-06: 0/63318 (0.000000%)
1e-06 < relDiff <= 1e-05: 0/63318 (0.000000%)
1e-05 < relDiff <= 1e-04: 0/63318 (0.000000%)
1e-04 < relDiff <= 1e-03: 0/63318 (0.000000%)
1e-03 < relDiff <= 1e-02: 0/63318 (0.000000%)
1e-02 < relDiff <= 1e-01: 0/63318 (0.000000%)
1e-01 < relDiff <= 1e+00: 63318/63318 (100.000000%)
1e+00 < relDiff < inf   : 0/63318 (0.000000%)
        relDiff = inf   : 0/63318 (0.000000%)
[0 1 0]

FAIL: Runner returned incorrect result
Config = GemmConfiguration(datatype='f16', out_dtype='f16', g=1, m=352, k=51, n=81, trans_a=True, trans_b=True, perfconfig='gemm:v1:16,128,32,2,1,16,16,1,1,0,1', scaled_gemm=False, scale_a_dtype=None, scale_b_dtype=None, trans_scale_a=False, trans_scale_b=False, arch='gfx950:sramecc+:xnack-', chip='gfx950', num_cu=256, num_chiplets=8)
Command line = -operation gemm -t f16 -out_datatype f16 --arch gfx950:sramecc+:xnack- --num_cu 256 --num_chiplets 8 -g 1 -m 352 -k 51 -n 81 -transA=True -transB=True --perf_config=gemm:v1:16,128,32,2,1,16,16,1,1,0,1 -pv
Output = Number of elements: 28512
maxAbsDiff info: maxAbsDiff = 9.687500 (valNum = 30.81250, gpuNum = 21.12500), average absDiff = 6.4e+00
maxRelDiff info: maxRelDiff = 3.4e-01 (valNum = -14.8750000000, gpuNum = -9.8750000000), average relDiff = 3.2e-01
RMS = 2.2e-01
Histogram of relDiff: 
        relDiff = 0     : 0/28512 (0.000000%)
     0 < relDiff < 1e-06: 0/28512 (0.000000%)
1e-06 < relDiff <= 1e-05: 0/28512 (0.000000%)
1e-05 < relDiff <= 1e-04: 0/28512 (0.000000%)
1e-04 < relDiff <= 1e-03: 0/28512 (0.000000%)
1e-03 < relDiff <= 1e-02: 0/28512 (0.000000%)
1e-02 < relDiff <= 1e-01: 0/28512 (0.000000%)
1e-01 < relDiff <= 1e+00: 28512/28512 (100.000000%)
1e+00 < relDiff < inf   : 0/28512 (0.000000%)
        relDiff = inf   : 0/28512 (0.000000%)
[0 1 1]

FAIL: Runner returned incorrect result
Config = GemmConfiguration(datatype='bf16', out_dtype='bf16', g=1, m=27, k=88, n=132, trans_a=False, trans_b=False, perfconfig='gemm:v1:128,16,16,2,1,4,0,2,2,0,0', scaled_gemm=False, scale_a_dtype=None, scale_b_dtype=None, trans_scale_a=False, trans_scale_b=False, arch='gfx950:sramecc+:xnack-', chip='gfx950', num_cu=256, num_chiplets=8)
Command line = -operation gemm -t bf16 -out_datatype bf16 --arch gfx950:sramecc+:xnack- --num_cu 256 --num_chiplets 8 -g 1 -m 27 -k 88 -n 132 -transA=False -transB=False --perf_config=gemm:v1:128,16,16,2,1,4,0,2,2,0,0 -pv -RMS_threshold 1e-2
Output = Number of elements: 3564
maxAbsDiff info: maxAbsDiff = 3.812500 (valNum = -7.75000, gpuNum = -3.93750), average absDiff = 2.5e+00
maxRelDiff info: maxRelDiff = 4.9e-01 (valNum = 3.8750000000, gpuNum = 1.9687500000), average relDiff = 4.5e-01
RMS = 3.3e-01
Histogram of relDiff: 
        relDiff = 0     : 0/3564 (0.000000%)
     0 < relDiff < 1e-06: 0/3564 (0.000000%)
1e-06 < relDiff <= 1e-05: 0/3564 (0.000000%)
1e-05 < relDiff <= 1e-04: 0/3564 (0.000000%)
1e-04 < relDiff <= 1e-03: 0/3564 (0.000000%)
1e-03 < relDiff <= 1e-02: 0/3564 (0.000000%)
1e-02 < relDiff <= 1e-01: 0/3564 (0.000000%)
1e-01 < relDiff <= 1e+00: 3564/3564 (100.000000%)
1e+00 < relDiff < inf   : 0/3564 (0.000000%)
        relDiff = inf   : 0/3564 (0.000000%)
[0 1 1]

----------------------------------------------------------------------------------------------------
PASS: GemmConfiguration(datatype='fp8', out_dtype='f32', g=2, m=304, k=343, n=316, trans_a=False, trans_b=True, perfconfig='gemm:v1:64,64,64,1,1,4,32,1,3,8,0', scaled_gemm=False, scale_a_dtype=None, scale_b_dtype=None, trans_scale_a=False, trans_scale_b=False, arch='gfx950:sramecc+:xnack-', chip='gfx950', num_cu=256, num_chiplets=8)
----------------------------------------------------------------------------------------------------
PASS: GemmConfiguration(datatype='bf16', out_dtype='bf16', g=1, m=132, k=301, n=180, trans_a=False, trans_b=False, perfconfig='gemm:v1:128,16,64,1,1,2,16,2,2,4,4', scaled_gemm=False, scale_a_dtype=None, scale_b_dtype=None, trans_scale_a=False, trans_scale_b=False, arch='gfx950:sramecc+:xnack-', chip='gfx950', num_cu=256, num_chiplets=8)
----------------------------------------------------------------------------------------------------
PASS: GemmConfiguration(datatype='f32', out_dtype='f32', g=1, m=218, k=206, n=57, trans_a=True, trans_b=False, perfconfig='gemm:v1:64,256,64,2,1,4,16,4,3,4,2', scaled_gemm=False, scale_a_dtype=None, scale_b_dtype=None, trans_scale_a=False, trans_scale_b=False, arch='gfx950:sramecc+:xnack-', chip='gfx950', num_cu=256, num_chiplets=8)
Lowering rejected config as not applicable
Command line = -operation gemm -t i8 -out_datatype i32 --arch gfx950:sramecc+:xnack- --num_cu 256 --num_chiplets 8 -g 2 -m 28 -k 128 -n 464 -transA=True -transB=True --perf_config=gemm:v1:32,256,64,1,1,16,16,3,2,2,8 -pv
Errors = loc("<stdin>":18:10): error: Fusion with SplitK perfConfig is not legal
Lowering not applicable.

----------------------------------------------------------------------------------------------------
NOT_APPLICABLE: GemmConfiguration(datatype='i8', out_dtype='i32', g=2, m=28, k=128, n=464, trans_a=True, trans_b=True, perfconfig='gemm:v1:32,256,64,1,1,16,16,3,2,2,8', scaled_gemm=False, scale_a_dtype=None, scale_b_dtype=None, trans_scale_a=False, trans_scale_b=False, arch='gfx950:sramecc+:xnack-', chip='gfx950', num_cu=256, num_chiplets=8)
----------------------------------------------------------------------------------------------------
PASS: GemmConfiguration(datatype='f16', out_dtype='f16', g=2, m=338, k=487, n=170, trans_a=False, trans_b=False, perfconfig='gemm:v1:128,128,16,1,1,16,16,2,1,2,2', scaled_gemm=False, scale_a_dtype=None, scale_b_dtype=None, trans_scale_a=False, trans_scale_b=False, arch='gfx950:sramecc+:xnack-', chip='gfx950', num_cu=256, num_chiplets=8)
----------------------------------------------------------------------------------------------------
FAIL: GemmConfiguration(datatype='fp8', out_dtype='f32', g=2, m=173, k=381, n=183, trans_a=True, trans_b=False, perfconfig='gemm:v1:128,64,16,2,1,16,32,2,1,2,0', scaled_gemm=False, scale_a_dtype=None, scale_b_dtype=None, trans_scale_a=False, trans_scale_b=False, arch='gfx950:sramecc+:xnack-', chip='gfx950', num_cu=256, num_chiplets=8)
----------------------------------------------------------------------------------------------------
PASS: GemmConfiguration(datatype='f32', out_dtype='f32', g=1, m=186, k=33, n=396, trans_a=False, trans_b=False, perfconfig='gemm:v1:16,32,128,1,1,1,0,2,2,8,8', scaled_gemm=False, scale_a_dtype=None, scale_b_dtype=None, trans_scale_a=False, trans_scale_b=False, arch='gfx950:sramecc+:xnack-', chip='gfx950', num_cu=256, num_chiplets=8)
----------------------------------------------------------------------------------------------------
FAIL: GemmConfiguration(datatype='f16', out_dtype='f16', g=1, m=352, k=51, n=81, trans_a=True, trans_b=True, perfconfig='gemm:v1:16,128,32,2,1,16,16,1,1,0,1', scaled_gemm=False, scale_a_dtype=None, scale_b_dtype=None, trans_scale_a=False, trans_scale_b=False, arch='gfx950:sramecc+:xnack-', chip='gfx950', num_cu=256, num_chiplets=8)
----------------------------------------------------------------------------------------------------
PASS: GemmConfiguration(datatype='f16', out_dtype='f16', g=1, m=316, k=52, n=53, trans_a=False, trans_b=True, perfconfig='gemm:v1:64,128,16,1,1,16,16,3,2,4,1', scaled_gemm=False, scale_a_dtype=None, scale_b_dtype=None, trans_scale_a=False, trans_scale_b=False, arch='gfx950:sramecc+:xnack-', chip='gfx950', num_cu=256, num_chiplets=8)
----------------------------------------------------------------------------------------------------
PASS: GemmConfiguration(datatype='bf16', out_dtype='bf16', g=2, m=495, k=87, n=123, trans_a=False, trans_b=False, perfconfig='gemm:v1:64,32,64,2,1,1,32,1,3,4,2', scaled_gemm=False, scale_a_dtype=None, scale_b_dtype=None, trans_scale_a=False, trans_scale_b=False, arch='gfx950:sramecc+:xnack-', chip='gfx950', num_cu=256, num_chiplets=8)
----------------------------------------------------------------------------------------------------
PASS: GemmConfiguration(datatype='f32', out_dtype='f32', g=1, m=396, k=59, n=256, trans_a=False, trans_b=False, perfconfig='gemm:v1:128,16,128,2,1,1,0,1,1,8,0', scaled_gemm=False, scale_a_dtype=None, scale_b_dtype=None, trans_scale_a=False, trans_scale_b=False, arch='gfx950:sramecc+:xnack-', chip='gfx950', num_cu=256, num_chiplets=8)
----------------------------------------------------------------------------------------------------
PASS: GemmConfiguration(datatype='fp8', out_dtype='f32', g=1, m=250, k=139, n=208, trans_a=False, trans_b=True, perfconfig='gemm:v1:32,64,32,2,1,2,32,1,1,2,8', scaled_gemm=False, scale_a_dtype=None, scale_b_dtype=None, trans_scale_a=False, trans_scale_b=False, arch='gfx950:sramecc+:xnack-', chip='gfx950', num_cu=256, num_chiplets=8)
----------------------------------------------------------------------------------------------------
PASS: GemmConfiguration(datatype='fp8', out_dtype='f32', g=1, m=303, k=255, n=253, trans_a=True, trans_b=False, perfconfig='gemm:v1:32,128,64,2,1,16,32,4,1,4,2', scaled_gemm=False, scale_a_dtype=None, scale_b_dtype=None, trans_scale_a=False, trans_scale_b=False, arch='gfx950:sramecc+:xnack-', chip='gfx950', num_cu=256, num_chiplets=8)
----------------------------------------------------------------------------------------------------
FAIL: GemmConfiguration(datatype='bf16', out_dtype='bf16', g=1, m=27, k=88, n=132, trans_a=False, trans_b=False, perfconfig='gemm:v1:128,16,16,2,1,4,0,2,2,0,0', scaled_gemm=False, scale_a_dtype=None, scale_b_dtype=None, trans_scale_a=False, trans_scale_b=False, arch='gfx950:sramecc+:xnack-', chip='gfx950', num_cu=256, num_chiplets=8)
----------------------------------------------------------------------------------------------------
PASS: GemmConfiguration(datatype='bf16', out_dtype='bf16', g=2, m=494, k=369, n=349, trans_a=True, trans_b=False, perfconfig='gemm:v1:256,32,64,2,1,16,16,4,3,0,1', scaled_gemm=False, scale_a_dtype=None, scale_b_dtype=None, trans_scale_a=False, trans_scale_b=False, arch='gfx950:sramecc+:xnack-', chip='gfx950', num_cu=256, num_chiplets=8)
----------------------------------------------------------------------------------------------------
PASS: GemmConfiguration(datatype='fp8', out_dtype='f32', g=2, m=489, k=227, n=308, trans_a=True, trans_b=False, perfconfig='gemm:v1:128,32,128,1,1,2,0,2,1,0,1', scaled_gemm=False, scale_a_dtype=None, scale_b_dtype=None, trans_scale_a=False, trans_scale_b=False, arch='gfx950:sramecc+:xnack-', chip='gfx950', num_cu=256, num_chiplets=8)
----------------------------------------------------------------------------------------------------
PASS: GemmConfiguration(datatype='bf16', out_dtype='bf16', g=1, m=417, k=66, n=71, trans_a=False, trans_b=True, perfconfig='gemm:v1:256,32,32,1,1,2,16,4,2,0,2', scaled_gemm=False, scale_a_dtype=None, scale_b_dtype=None, trans_scale_a=False, trans_scale_b=False, arch='gfx950:sramecc+:xnack-', chip='gfx950', num_cu=256, num_chiplets=8)
FAIL: Runner returned incorrect result
Config = GemmConfiguration(datatype='f16', out_dtype='f16', g=2, m=249, k=322, n=494, trans_a=True, trans_b=False, perfconfig='gemm:v1:64,32,16,2,1,4,0,1,2,1,2', scaled_gemm=False, scale_a_dtype=None, scale_b_dtype=None, trans_scale_a=False, trans_scale_b=False, arch='gfx950:sramecc+:xnack-', chip='gfx950', num_cu=256, num_chiplets=8)
Command line = -operation gemm -t f16 -out_datatype f16 --arch gfx950:sramecc+:xnack- --num_cu 256 --num_chiplets 8 -g 2 -m 249 -k 322 -n 494 -transA=True -transB=False --perf_config=gemm:v1:64,32,16,2,1,4,0,1,2,1,2 -pv
Output = Number of elements: 246012
maxAbsDiff info: maxAbsDiff = 26.071289 (valNum = -27.25000, gpuNum = -1.17871), average absDiff = 1.9e+01
maxRelDiff info: maxRelDiff = 9.6e-01 (valNum = 12.8750000000, gpuNum = 0.5537109375), average relDiff = 9.4e-01
RMS = 7.2e-01
Histogram of relDiff: 
        relDiff = 0     : 0/246012 (0.000000%)
     0 < relDiff < 1e-06: 0/246012 (0.000000%)
1e-06 < relDiff <= 1e-05: 0/246012 (0.000000%)
1e-05 < relDiff <= 1e-04: 0/246012 (0.000000%)
1e-04 < relDiff <= 1e-03: 0/246012 (0.000000%)
1e-03 < relDiff <= 1e-02: 0/246012 (0.000000%)
1e-02 < relDiff <= 1e-01: 0/246012 (0.000000%)
1e-01 < relDiff <= 1e+00: 246012/246012 (100.000000%)
1e+00 < relDiff < inf   : 0/246012 (0.000000%)
        relDiff = inf   : 0/246012 (0.000000%)
[0 1 1]

FAIL: Runner returned incorrect result
Config = GemmConfiguration(datatype='bf16', out_dtype='bf16', g=1, m=319, k=508, n=180, trans_a=True, trans_b=False, perfconfig='gemm:v1:64,128,16,2,1,1,32,3,3,4,2', scaled_gemm=False, scale_a_dtype=None, scale_b_dtype=None, trans_scale_a=False, trans_scale_b=False, arch='gfx950:sramecc+:xnack-', chip='gfx950', num_cu=256, num_chiplets=8)
Command line = -operation gemm -t bf16 -out_datatype bf16 --arch gfx950:sramecc+:xnack- --num_cu 256 --num_chiplets 8 -g 1 -m 319 -k 508 -n 180 -transA=True -transB=False --perf_config=gemm:v1:64,128,16,2,1,1,32,3,3,4,2 -pv -RMS_threshold 1e-2
Output = Number of elements: 57420
maxAbsDiff info: maxAbsDiff = 36.000000 (valNum = -42.75000, gpuNum = -6.75000), average absDiff = 2.7e+01
maxRelDiff info: maxRelDiff = 8.7e-01 (valNum = 31.0000000000, gpuNum = 3.9218750000), average relDiff = 8.5e-01
RMS = 6.5e-01
Histogram of relDiff: 
        relDiff = 0     : 0/57420 (0.000000%)
     0 < relDiff < 1e-06: 0/57420 (0.000000%)
1e-06 < relDiff <= 1e-05: 0/57420 (0.000000%)
1e-05 < relDiff <= 1e-04: 0/57420 (0.000000%)
1e-04 < relDiff <= 1e-03: 0/57420 (0.000000%)
1e-03 < relDiff <= 1e-02: 0/57420 (0.000000%)
1e-02 < relDiff <= 1e-01: 0/57420 (0.000000%)
1e-01 < relDiff <= 1e+00: 57420/57420 (100.000000%)
1e+00 < relDiff < inf   : 0/57420 (0.000000%)
        relDiff = inf   : 0/57420 (0.000000%)
[0 1 1]

FAIL: Runner returned incorrect result
Config = GemmConfiguration(datatype='fp8', out_dtype='f32', g=1, m=85, k=290, n=398, trans_a=False, trans_b=True, perfconfig='gemm:v1:128,64,32,2,1,8,16,2,2,4,0', scaled_gemm=False, scale_a_dtype=None, scale_b_dtype=None, trans_scale_a=False, trans_scale_b=False, arch='gfx950:sramecc+:xnack-', chip='gfx950', num_cu=256, num_chiplets=8)
Command line = -operation gemm -t fp8 -out_datatype f32 --arch gfx950:sramecc+:xnack- --num_cu 256 --num_chiplets 8 -g 1 -m 85 -k 290 -n 398 -transA=False -transB=True --perf_config=gemm:v1:128,64,32,2,1,8,16,2,2,4,0 -pv -relDiff_threshold 1e-5
Output = Number of elements: 33830
maxAbsDiff info: maxAbsDiff = 118.644531 (valNum = 175.25000, gpuNum = 56.60547), average absDiff = 7.8e+01
maxRelDiff info: maxRelDiff = 6.8e-01 (valNum = -84.1250000000, gpuNum = -26.8984375000), average relDiff = 6.8e-01
RMS = 4.7e-01
Histogram of relDiff: 
        relDiff = 0     : 0/33830 (0.000000%)
     0 < relDiff < 1e-06: 0/33830 (0.000000%)
1e-06 < relDiff <= 1e-05: 0/33830 (0.000000%)
1e-05 < relDiff <= 1e-04: 0/33830 (0.000000%)
1e-04 < relDiff <= 1e-03: 0/33830 (0.000000%)
1e-03 < relDiff <= 1e-02: 0/33830 (0.000000%)
1e-02 < relDiff <= 1e-01: 0/33830 (0.000000%)
1e-01 < relDiff <= 1e+00: 33830/33830 (100.000000%)
1e+00 < relDiff < inf   : 0/33830 (0.000000%)
        relDiff = inf   : 0/33830 (0.000000%)
[0 0 0]

FAIL: Runner returned incorrect result
Config = GemmConfiguration(datatype='bf16', out_dtype='bf16', g=2, m=265, k=493, n=101, trans_a=True, trans_b=True, perfconfig='gemm:v1:64,32,16,2,1,4,0,1,3,0,4', scaled_gemm=False, scale_a_dtype=None, scale_b_dtype=None, trans_scale_a=False, trans_scale_b=False, arch='gfx950:sramecc+:xnack-', chip='gfx950', num_cu=256, num_chiplets=8)
Command line = -operation gemm -t bf16 -out_datatype bf16 --arch gfx950:sramecc+:xnack- --num_cu 256 --num_chiplets 8 -g 2 -m 265 -k 493 -n 101 -transA=True -transB=True --perf_config=gemm:v1:64,32,16,2,1,4,0,1,3,0,4 -pv -RMS_threshold 1e-2
Output = Number of elements: 53530
maxAbsDiff info: maxAbsDiff = 280.750000 (valNum = 298.00000, gpuNum = 17.25000), average absDiff = 1.8e+02
maxRelDiff info: maxRelDiff = 9.4e-01 (valNum = -143.0000000000, gpuNum = -8.0000000000), average relDiff = 9.4e-01
RMS = 6.6e-01
Histogram of relDiff: 
        relDiff = 0     : 0/53530 (0.000000%)
     0 < relDiff < 1e-06: 0/53530 (0.000000%)
1e-06 < relDiff <= 1e-05: 0/53530 (0.000000%)
1e-05 < relDiff <= 1e-04: 0/53530 (0.000000%)
1e-04 < relDiff <= 1e-03: 0/53530 (0.000000%)
1e-03 < relDiff <= 1e-02: 0/53530 (0.000000%)
1e-02 < relDiff <= 1e-01: 0/53530 (0.000000%)
1e-01 < relDiff <= 1e+00: 53530/53530 (100.000000%)
1e+00 < relDiff < inf   : 0/53530 (0.000000%)
        relDiff = inf   : 0/53530 (0.000000%)
[0 0 1]

----------------------------------------------------------------------------------------------------
PASS: GemmConfiguration(datatype='bf16', out_dtype='bf16', g=2, m=499, k=418, n=243, trans_a=True, trans_b=False, perfconfig='gemm:v1:128,256,64,1,1,8,32,2,1,0,0', scaled_gemm=False, scale_a_dtype=None, scale_b_dtype=None, trans_scale_a=False, trans_scale_b=False, arch='gfx950:sramecc+:xnack-', chip='gfx950', num_cu=256, num_chiplets=8)
----------------------------------------------------------------------------------------------------
PASS: GemmConfiguration(datatype='f16', out_dtype='f16', g=2, m=214, k=501, n=508, trans_a=False, trans_b=True, perfconfig='gemm:v1:256,128,32,1,1,1,32,2,1,0,2', scaled_gemm=False, scale_a_dtype=None, scale_b_dtype=None, trans_scale_a=False, trans_scale_b=False, arch='gfx950:sramecc+:xnack-', chip='gfx950', num_cu=256, num_chiplets=8)
Lowering rejected config as not applicable
Command line = -operation gemm -t i8 -out_datatype i32 --arch gfx950:sramecc+:xnack- --num_cu 256 --num_chiplets 8 -g 2 -m 133 -k 38 -n 92 -transA=False -transB=False --perf_config=gemm:v1:16,32,64,2,1,2,16,4,1,0,8 -pv
Errors = loc("<stdin>":18:10): error: Fusion with SplitK perfConfig is not legal
Lowering not applicable.

----------------------------------------------------------------------------------------------------
NOT_APPLICABLE: GemmConfiguration(datatype='i8', out_dtype='i32', g=2, m=133, k=38, n=92, trans_a=False, trans_b=False, perfconfig='gemm:v1:16,32,64,2,1,2,16,4,1,0,8', scaled_gemm=False, scale_a_dtype=None, scale_b_dtype=None, trans_scale_a=False, trans_scale_b=False, arch='gfx950:sramecc+:xnack-', chip='gfx950', num_cu=256, num_chiplets=8)
----------------------------------------------------------------------------------------------------
PASS: GemmConfiguration(datatype='f32', out_dtype='f32', g=1, m=164, k=122, n=123, trans_a=False, trans_b=True, perfconfig='gemm:v1:64,64,32,1,1,16,16,2,1,4,0', scaled_gemm=False, scale_a_dtype=None, scale_b_dtype=None, trans_scale_a=False, trans_scale_b=False, arch='gfx950:sramecc+:xnack-', chip='gfx950', num_cu=256, num_chiplets=8)
----------------------------------------------------------------------------------------------------
PASS: GemmConfiguration(datatype='f32', out_dtype='f32', g=1, m=99, k=197, n=487, trans_a=True, trans_b=True, perfconfig='gemm:v1:32,64,32,2,1,8,32,4,3,2,1', scaled_gemm=False, scale_a_dtype=None, scale_b_dtype=None, trans_scale_a=False, trans_scale_b=False, arch='gfx950:sramecc+:xnack-', chip='gfx950', num_cu=256, num_chiplets=8)
----------------------------------------------------------------------------------------------------
PASS: GemmConfiguration(datatype='f16', out_dtype='f16', g=2, m=93, k=9, n=489, trans_a=False, trans_b=False, perfconfig='gemm:v1:64,32,128,2,1,4,32,1,1,0,1', scaled_gemm=False, scale_a_dtype=None, scale_b_dtype=None, trans_scale_a=False, trans_scale_b=False, arch='gfx950:sramecc+:xnack-', chip='gfx950', num_cu=256, num_chiplets=8)
----------------------------------------------------------------------------------------------------
FAIL: GemmConfiguration(datatype='f16', out_dtype='f16', g=2, m=249, k=322, n=494, trans_a=True, trans_b=False, perfconfig='gemm:v1:64,32,16,2,1,4,0,1,2,1,2', scaled_gemm=False, scale_a_dtype=None, scale_b_dtype=None, trans_scale_a=False, trans_scale_b=False, arch='gfx950:sramecc+:xnack-', chip='gfx950', num_cu=256, num_chiplets=8)
----------------------------------------------------------------------------------------------------
PASS: GemmConfiguration(datatype='bf16', out_dtype='bf16', g=1, m=335, k=27, n=198, trans_a=True, trans_b=True, perfconfig='gemm:v1:256,256,128,2,1,16,0,3,2,2,0', scaled_gemm=False, scale_a_dtype=None, scale_b_dtype=None, trans_scale_a=False, trans_scale_b=False, arch='gfx950:sramecc+:xnack-', chip='gfx950', num_cu=256, num_chiplets=8)
----------------------------------------------------------------------------------------------------
PASS: GemmConfiguration(datatype='f16', out_dtype='f16', g=1, m=98, k=215, n=436, trans_a=False, trans_b=False, perfconfig='gemm:v1:64,128,32,1,1,1,0,3,2,2,4', scaled_gemm=False, scale_a_dtype=None, scale_b_dtype=None, trans_scale_a=False, trans_scale_b=False, arch='gfx950:sramecc+:xnack-', chip='gfx950', num_cu=256, num_chiplets=8)
----------------------------------------------------------------------------------------------------
FAIL: GemmConfiguration(datatype='bf16', out_dtype='bf16', g=1, m=319, k=508, n=180, trans_a=True, trans_b=False, perfconfig='gemm:v1:64,128,16,2,1,1,32,3,3,4,2', scaled_gemm=False, scale_a_dtype=None, scale_b_dtype=None, trans_scale_a=False, trans_scale_b=False, arch='gfx950:sramecc+:xnack-', chip='gfx950', num_cu=256, num_chiplets=8)
Lowering rejected config as not applicable
Command line = -operation gemm -t i8 -out_datatype i32 --arch gfx950:sramecc+:xnack- --num_cu 256 --num_chiplets 8 -g 2 -m 396 -k 336 -n 389 -transA=True -transB=False --perf_config=gemm:v1:256,32,64,2,1,16,32,4,3,0,2 -pv
Errors = loc("<stdin>":18:10): error: Fusion with SplitK perfConfig is not legal
Lowering not applicable.

----------------------------------------------------------------------------------------------------
NOT_APPLICABLE: GemmConfiguration(datatype='i8', out_dtype='i32', g=2, m=396, k=336, n=389, trans_a=True, trans_b=False, perfconfig='gemm:v1:256,32,64,2,1,16,32,4,3,0,2', scaled_gemm=False, scale_a_dtype=None, scale_b_dtype=None, trans_scale_a=False, trans_scale_b=False, arch='gfx950:sramecc+:xnack-', chip='gfx950', num_cu=256, num_chiplets=8)
Lowering rejected config as not applicable
Command line = -operation gemm -t i8 -out_datatype i32 --arch gfx950:sramecc+:xnack- --num_cu 256 --num_chiplets 8 -g 2 -m 458 -k 290 -n 97 -transA=True -transB=True --perf_config=gemm:v1:256,16,64,2,1,4,16,3,3,4,8 -pv
Errors = loc("<stdin>":18:10): error: Fusion with SplitK perfConfig is not legal
Lowering not applicable.

----------------------------------------------------------------------------------------------------
NOT_APPLICABLE: GemmConfiguration(datatype='i8', out_dtype='i32', g=2, m=458, k=290, n=97, trans_a=True, trans_b=True, perfconfig='gemm:v1:256,16,64,2,1,4,16,3,3,4,8', scaled_gemm=False, scale_a_dtype=None, scale_b_dtype=None, trans_scale_a=False, trans_scale_b=False, arch='gfx950:sramecc+:xnack-', chip='gfx950', num_cu=256, num_chiplets=8)
----------------------------------------------------------------------------------------------------
FAIL: GemmConfiguration(datatype='fp8', out_dtype='f32', g=1, m=85, k=290, n=398, trans_a=False, trans_b=True, perfconfig='gemm:v1:128,64,32,2,1,8,16,2,2,4,0', scaled_gemm=False, scale_a_dtype=None, scale_b_dtype=None, trans_scale_a=False, trans_scale_b=False, arch='gfx950:sramecc+:xnack-', chip='gfx950', num_cu=256, num_chiplets=8)
----------------------------------------------------------------------------------------------------
PASS: GemmConfiguration(datatype='fp8', out_dtype='f32', g=1, m=383, k=410, n=115, trans_a=False, trans_b=False, perfconfig='gemm:v1:32,32,16,2,1,8,16,3,3,1,2', scaled_gemm=False, scale_a_dtype=None, scale_b_dtype=None, trans_scale_a=False, trans_scale_b=False, arch='gfx950:sramecc+:xnack-', chip='gfx950', num_cu=256, num_chiplets=8)
----------------------------------------------------------------------------------------------------
FAIL: GemmConfiguration(datatype='bf16', out_dtype='bf16', g=2, m=265, k=493, n=101, trans_a=True, trans_b=True, perfconfig='gemm:v1:64,32,16,2,1,4,0,1,3,0,4', scaled_gemm=False, scale_a_dtype=None, scale_b_dtype=None, trans_scale_a=False, trans_scale_b=False, arch='gfx950:sramecc+:xnack-', chip='gfx950', num_cu=256, num_chiplets=8)
----------------------------------------------------------------------------------------------------
PASS: GemmConfiguration(datatype='fp8', out_dtype='f32', g=2, m=245, k=74, n=164, trans_a=False, trans_b=False, perfconfig='gemm:v1:128,64,64,1,1,2,32,3,1,8,1', scaled_gemm=False, scale_a_dtype=None, scale_b_dtype=None, trans_scale_a=False, trans_scale_b=False, arch='gfx950:sramecc+:xnack-', chip='gfx950', num_cu=256, num_chiplets=8)
FAIL: Runner returned incorrect result
Config = GemmConfiguration(datatype='bf16', out_dtype='bf16', g=1, m=491, k=324, n=21, trans_a=True, trans_b=False, perfconfig='gemm:v1:16,16,16,2,1,2,32,1,2,1,2', scaled_gemm=False, scale_a_dtype=None, scale_b_dtype=None, trans_scale_a=False, trans_scale_b=False, arch='gfx950:sramecc+:xnack-', chip='gfx950', num_cu=256, num_chiplets=8)
Command line = -operation gemm -t bf16 -out_datatype bf16 --arch gfx950:sramecc+:xnack- --num_cu 256 --num_chiplets 8 -g 1 -m 491 -k 324 -n 21 -transA=True -transB=False --perf_config=gemm:v1:16,16,16,2,1,2,32,1,2,1,2 -pv -RMS_threshold 1e-2
Output = Number of elements: 10311
maxAbsDiff info: maxAbsDiff = 26.070312 (valNum = -27.00000, gpuNum = -0.92969), average absDiff = 1.9e+01
maxRelDiff info: maxRelDiff = 9.7e-01 (valNum = 20.2500000000, gpuNum = 0.6953125000), average relDiff = 9.4e-01
RMS = 7.3e-01
Histogram of relDiff: 
        relDiff = 0     : 0/10311 (0.000000%)
     0 < relDiff < 1e-06: 0/10311 (0.000000%)
1e-06 < relDiff <= 1e-05: 0/10311 (0.000000%)
1e-05 < relDiff <= 1e-04: 0/10311 (0.000000%)
1e-04 < relDiff <= 1e-03: 0/10311 (0.000000%)
1e-03 < relDiff <= 1e-02: 0/10311 (0.000000%)
1e-02 < relDiff <= 1e-01: 0/10311 (0.000000%)
1e-01 < relDiff <= 1e+00: 10311/10311 (100.000000%)
1e+00 < relDiff < inf   : 0/10311 (0.000000%)
        relDiff = inf   : 0/10311 (0.000000%)
[0 1 1]

----------------------------------------------------------------------------------------------------
PASS: GemmConfiguration(datatype='i8', out_dtype='i32', g=2, m=412, k=462, n=129, trans_a=True, trans_b=False, perfconfig='gemm:v1:128,256,128,2,1,16,0,1,3,4,8', scaled_gemm=False, scale_a_dtype=None, scale_b_dtype=None, trans_scale_a=False, trans_scale_b=False, arch='gfx950:sramecc+:xnack-', chip='gfx950', num_cu=256, num_chiplets=8)
----------------------------------------------------------------------------------------------------
PASS: GemmConfiguration(datatype='fp8', out_dtype='f32', g=2, m=285, k=452, n=458, trans_a=True, trans_b=True, perfconfig='gemm:v1:256,128,128,2,1,16,32,2,3,4,8', scaled_gemm=False, scale_a_dtype=None, scale_b_dtype=None, trans_scale_a=False, trans_scale_b=False, arch='gfx950:sramecc+:xnack-', chip='gfx950', num_cu=256, num_chiplets=8)
Lowering rejected config as not applicable
Command line = -operation gemm -t i8 -out_datatype i32 --arch gfx950:sramecc+:xnack- --num_cu 256 --num_chiplets 8 -g 2 -m 274 -k 478 -n 449 -transA=True -transB=True --perf_config=gemm:v1:16,16,128,1,1,4,32,4,2,4,4 -pv
Errors = loc("<stdin>":18:10): error: Fusion with SplitK perfConfig is not legal
Lowering not applicable.

----------------------------------------------------------------------------------------------------
NOT_APPLICABLE: GemmConfiguration(datatype='i8', out_dtype='i32', g=2, m=274, k=478, n=449, trans_a=True, trans_b=True, perfconfig='gemm:v1:16,16,128,1,1,4,32,4,2,4,4', scaled_gemm=False, scale_a_dtype=None, scale_b_dtype=None, trans_scale_a=False, trans_scale_b=False, arch='gfx950:sramecc+:xnack-', chip='gfx950', num_cu=256, num_chiplets=8)
----------------------------------------------------------------------------------------------------
FAIL: GemmConfiguration(datatype='bf16', out_dtype='bf16', g=1, m=491, k=324, n=21, trans_a=True, trans_b=False, perfconfig='gemm:v1:16,16,16,2,1,2,32,1,2,1,2', scaled_gemm=False, scale_a_dtype=None, scale_b_dtype=None, trans_scale_a=False, trans_scale_b=False, arch='gfx950:sramecc+:xnack-', chip='gfx950', num_cu=256, num_chiplets=8)
----------------------------------------------------------------------------------------------------
PASS: GemmConfiguration(datatype='f16', out_dtype='f16', g=1, m=24, k=52, n=109, trans_a=False, trans_b=True, perfconfig='gemm:v1:32,16,64,2,1,2,0,3,3,4,8', scaled_gemm=False, scale_a_dtype=None, scale_b_dtype=None, trans_scale_a=False, trans_scale_b=False, arch='gfx950:sramecc+:xnack-', chip='gfx950', num_cu=256, num_chiplets=8)
----------------------------------------------------------------------------------------------------
PASS: GemmConfiguration(datatype='fp8', out_dtype='f32', g=2, m=41, k=193, n=384, trans_a=False, trans_b=True, perfconfig='gemm:v1:128,32,16,1,1,8,0,2,2,8,8', scaled_gemm=False, scale_a_dtype=None, scale_b_dtype=None, trans_scale_a=False, trans_scale_b=False, arch='gfx950:sramecc+:xnack-', chip='gfx950', num_cu=256, num_chiplets=8)
----------------------------------------------------------------------------------------------------
PASS: GemmConfiguration(datatype='fp8', out_dtype='f32', g=2, m=155, k=470, n=274, trans_a=True, trans_b=True, perfconfig='gemm:v1:64,128,16,1,1,16,32,3,3,0,8', scaled_gemm=False, scale_a_dtype=None, scale_b_dtype=None, trans_scale_a=False, trans_scale_b=False, arch='gfx950:sramecc+:xnack-', chip='gfx950', num_cu=256, num_chiplets=8)
----------------------------------------------------------------------------------------------------
PASS: GemmConfiguration(datatype='bf16', out_dtype='bf16', g=1, m=298, k=368, n=351, trans_a=False, trans_b=True, perfconfig='gemm:v1:32,64,16,1,1,2,32,3,2,0,1', scaled_gemm=False, scale_a_dtype=None, scale_b_dtype=None, trans_scale_a=False, trans_scale_b=False, arch='gfx950:sramecc+:xnack-', chip='gfx950', num_cu=256, num_chiplets=8)
----------------------------------------------------------------------------------------------------
PASS: GemmConfiguration(datatype='fp8', out_dtype='f32', g=1, m=237, k=329, n=482, trans_a=False, trans_b=True, perfconfig='gemm:v1:64,16,64,1,1,2,32,2,2,8,2', scaled_gemm=False, scale_a_dtype=None, scale_b_dtype=None, trans_scale_a=False, trans_scale_b=False, arch='gfx950:sramecc+:xnack-', chip='gfx950', num_cu=256, num_chiplets=8)
----------------------------------------------------------------------------------------------------
PASS: GemmConfiguration(datatype='bf16', out_dtype='bf16', g=1, m=403, k=139, n=287, trans_a=False, trans_b=True, perfconfig='gemm:v1:128,128,32,2,1,2,0,4,2,4,8', scaled_gemm=False, scale_a_dtype=None, scale_b_dtype=None, trans_scale_a=False, trans_scale_b=False, arch='gfx950:sramecc+:xnack-', chip='gfx950', num_cu=256, num_chiplets=8)
Lowering rejected config as not applicable
Command line = -operation gemm -t i8 -out_datatype i32 --arch gfx950:sramecc+:xnack- --num_cu 256 --num_chiplets 8 -g 1 -m 350 -k 487 -n 283 -transA=False -transB=True --perf_config=gemm:v1:32,64,16,1,1,1,32,3,1,2,4 -pv
Errors = loc("<stdin>":17:10): error: Fusion with SplitK perfConfig is not legal
Lowering not applicable.

----------------------------------------------------------------------------------------------------
NOT_APPLICABLE: GemmConfiguration(datatype='i8', out_dtype='i32', g=1, m=350, k=487, n=283, trans_a=False, trans_b=True, perfconfig='gemm:v1:32,64,16,1,1,1,32,3,1,2,4', scaled_gemm=False, scale_a_dtype=None, scale_b_dtype=None, trans_scale_a=False, trans_scale_b=False, arch='gfx950:sramecc+:xnack-', chip='gfx950', num_cu=256, num_chiplets=8)
Lowering rejected config as not applicable
Command line = -operation gemm -t i8 -out_datatype i32 --arch gfx950:sramecc+:xnack- --num_cu 256 --num_chiplets 8 -g 1 -m 491 -k 154 -n 188 -transA=True -transB=False --perf_config=gemm:v1:16,32,32,1,1,4,32,3,2,8,4 -pv
Errors = loc("<stdin>":18:10): error: Fusion with SplitK perfConfig is not legal
Lowering not applicable.

----------------------------------------------------------------------------------------------------
NOT_APPLICABLE: GemmConfiguration(datatype='i8', out_dtype='i32', g=1, m=491, k=154, n=188, trans_a=True, trans_b=False, perfconfig='gemm:v1:16,32,32,1,1,4,32,3,2,8,4', scaled_gemm=False, scale_a_dtype=None, scale_b_dtype=None, trans_scale_a=False, trans_scale_b=False, arch='gfx950:sramecc+:xnack-', chip='gfx950', num_cu=256, num_chiplets=8)
Lowering rejected config as not applicable
Command line = -operation gemm -t i8 -out_datatype i32 --arch gfx950:sramecc+:xnack- --num_cu 256 --num_chiplets 8 -g 2 -m 140 -k 503 -n 98 -transA=False -transB=False --perf_config=gemm:v1:16,16,128,2,1,1,16,4,2,8,2 -pv
Errors = loc("<stdin>":18:10): error: Fusion with SplitK perfConfig is not legal
Lowering not applicable.

----------------------------------------------------------------------------------------------------
NOT_APPLICABLE: GemmConfiguration(datatype='i8', out_dtype='i32', g=2, m=140, k=503, n=98, trans_a=False, trans_b=False, perfconfig='gemm:v1:16,16,128,2,1,1,16,4,2,8,2', scaled_gemm=False, scale_a_dtype=None, scale_b_dtype=None, trans_scale_a=False, trans_scale_b=False, arch='gfx950:sramecc+:xnack-', chip='gfx950', num_cu=256, num_chiplets=8)
----------------------------------------------------------------------------------------------------
PASS: GemmConfiguration(datatype='f16', out_dtype='f16', g=1, m=249, k=364, n=365, trans_a=True, trans_b=False, perfconfig='gemm:v1:64,16,16,1,1,8,16,3,1,0,8', scaled_gemm=False, scale_a_dtype=None, scale_b_dtype=None, trans_scale_a=False, trans_scale_b=False, arch='gfx950:sramecc+:xnack-', chip='gfx950', num_cu=256, num_chiplets=8)
----------------------------------------------------------------------------------------------------
PASS: GemmConfiguration(datatype='fp8', out_dtype='f32', g=1, m=294, k=158, n=386, trans_a=True, trans_b=True, perfconfig='gemm:v1:16,128,64,1,1,2,0,4,2,1,0', scaled_gemm=False, scale_a_dtype=None, scale_b_dtype=None, trans_scale_a=False, trans_scale_b=False, arch='gfx950:sramecc+:xnack-', chip='gfx950', num_cu=256, num_chiplets=8)
FAIL: Runner returned incorrect result
Config = GemmConfiguration(datatype='bf16', out_dtype='bf16', g=1, m=484, k=207, n=230, trans_a=False, trans_b=False, perfconfig='gemm:v1:64,256,16,2,1,16,0,3,2,0,0', scaled_gemm=False, scale_a_dtype=None, scale_b_dtype=None, trans_scale_a=False, trans_scale_b=False, arch='gfx950:sramecc+:xnack-', chip='gfx950', num_cu=256, num_chiplets=8)
Command line = -operation gemm -t bf16 -out_datatype bf16 --arch gfx950:sramecc+:xnack- --num_cu 256 --num_chiplets 8 -g 1 -m 484 -k 207 -n 230 -transA=False -transB=False --perf_config=gemm:v1:64,256,16,2,1,16,0,3,2,0,0 -pv -RMS_threshold 1e-2
Output = Number of elements: 111320
maxAbsDiff info: maxAbsDiff = 85.750000 (valNum = 121.00000, gpuNum = 35.25000), average absDiff = 5.6e+01
maxRelDiff info: maxRelDiff = 7.4e-01 (valNum = -30.2500000000, gpuNum = -7.8750000000), average relDiff = 7.1e-01
RMS = 5.1e-01
Histogram of relDiff: 
        relDiff = 0     : 0/111320 (0.000000%)
     0 < relDiff < 1e-06: 0/111320 (0.000000%)
1e-06 < relDiff <= 1e-05: 0/111320 (0.000000%)
1e-05 < relDiff <= 1e-04: 0/111320 (0.000000%)
1e-04 < relDiff <= 1e-03: 0/111320 (0.000000%)
1e-03 < relDiff <= 1e-02: 0/111320 (0.000000%)
1e-02 < relDiff <= 1e-01: 0/111320 (0.000000%)
1e-01 < relDiff <= 1e+00: 111320/111320 (100.000000%)
1e+00 < relDiff < inf   : 0/111320 (0.000000%)
        relDiff = inf   : 0/111320 (0.000000%)
[0 1 1]

FAIL: Runner returned incorrect result
Config = GemmConfiguration(datatype='bf16', out_dtype='bf16', g=2, m=327, k=278, n=113, trans_a=False, trans_b=True, perfconfig='gemm:v1:64,16,32,2,1,2,0,2,1,4,8', scaled_gemm=False, scale_a_dtype=None, scale_b_dtype=None, trans_scale_a=False, trans_scale_b=False, arch='gfx950:sramecc+:xnack-', chip='gfx950', num_cu=256, num_chiplets=8)
Command line = -operation gemm -t bf16 -out_datatype bf16 --arch gfx950:sramecc+:xnack- --num_cu 256 --num_chiplets 8 -g 2 -m 327 -k 278 -n 113 -transA=False -transB=True --perf_config=gemm:v1:64,16,32,2,1,2,0,2,1,4,8 -pv -RMS_threshold 1e-2
Output = Number of elements: 73902
maxAbsDiff info: maxAbsDiff = 118.500000 (valNum = 168.00000, gpuNum = 49.50000), average absDiff = 7.8e+01
maxRelDiff info: maxRelDiff = 7.1e-01 (valNum = -80.5000000000, gpuNum = -23.3750000000), average relDiff = 7.1e-01
RMS = 4.9e-01
Histogram of relDiff: 
        relDiff = 0     : 0/73902 (0.000000%)
     0 < relDiff < 1e-06: 0/73902 (0.000000%)
1e-06 < relDiff <= 1e-05: 0/73902 (0.000000%)
1e-05 < relDiff <= 1e-04: 0/73902 (0.000000%)
1e-04 < relDiff <= 1e-03: 0/73902 (0.000000%)
1e-03 < relDiff <= 1e-02: 0/73902 (0.000000%)
1e-02 < relDiff <= 1e-01: 0/73902 (0.000000%)
1e-01 < relDiff <= 1e+00: 73902/73902 (100.000000%)
1e+00 < relDiff < inf   : 0/73902 (0.000000%)
        relDiff = inf   : 0/73902 (0.000000%)
[0 0 1]

----------------------------------------------------------------------------------------------------
PASS: GemmConfiguration(datatype='f16', out_dtype='f16', g=1, m=293, k=423, n=15, trans_a=True, trans_b=False, perfconfig='gemm:v1:16,128,32,1,1,8,0,4,1,0,2', scaled_gemm=False, scale_a_dtype=None, scale_b_dtype=None, trans_scale_a=False, trans_scale_b=False, arch='gfx950:sramecc+:xnack-', chip='gfx950', num_cu=256, num_chiplets=8)
----------------------------------------------------------------------------------------------------
PASS: GemmConfiguration(datatype='bf16', out_dtype='bf16', g=2, m=464, k=98, n=400, trans_a=True, trans_b=True, perfconfig='gemm:v1:32,64,32,1,1,16,32,1,2,8,8', scaled_gemm=False, scale_a_dtype=None, scale_b_dtype=None, trans_scale_a=False, trans_scale_b=False, arch='gfx950:sramecc+:xnack-', chip='gfx950', num_cu=256, num_chiplets=8)
----------------------------------------------------------------------------------------------------
PASS: GemmConfiguration(datatype='bf16', out_dtype='bf16', g=1, m=476, k=21, n=90, trans_a=False, trans_b=False, perfconfig='gemm:v1:64,32,128,2,1,2,16,4,1,0,4', scaled_gemm=False, scale_a_dtype=None, scale_b_dtype=None, trans_scale_a=False, trans_scale_b=False, arch='gfx950:sramecc+:xnack-', chip='gfx950', num_cu=256, num_chiplets=8)
Lowering rejected config as not applicable
Command line = -operation gemm -t i8 -out_datatype i32 --arch gfx950:sramecc+:xnack- --num_cu 256 --num_chiplets 8 -g 2 -m 175 -k 166 -n 151 -transA=True -transB=False --perf_config=gemm:v1:64,128,128,1,1,16,32,3,3,4,1 -pv
Errors = loc("<stdin>":18:10): error: Fusion with SplitK perfConfig is not legal
Lowering not applicable.

----------------------------------------------------------------------------------------------------
NOT_APPLICABLE: GemmConfiguration(datatype='i8', out_dtype='i32', g=2, m=175, k=166, n=151, trans_a=True, trans_b=False, perfconfig='gemm:v1:64,128,128,1,1,16,32,3,3,4,1', scaled_gemm=False, scale_a_dtype=None, scale_b_dtype=None, trans_scale_a=False, trans_scale_b=False, arch='gfx950:sramecc+:xnack-', chip='gfx950', num_cu=256, num_chiplets=8)
Lowering rejected config as not applicable
Command line = -operation gemm -t i8 -out_datatype i32 --arch gfx950:sramecc+:xnack- --num_cu 256 --num_chiplets 8 -g 2 -m 432 -k 91 -n 17 -transA=True -transB=True --perf_config=gemm:v1:32,128,16,2,1,16,32,4,1,8,0 -pv
Errors = loc("<stdin>":18:10): error: Fusion with SplitK perfConfig is not legal
Lowering not applicable.

----------------------------------------------------------------------------------------------------
NOT_APPLICABLE: GemmConfiguration(datatype='i8', out_dtype='i32', g=2, m=432, k=91, n=17, trans_a=True, trans_b=True, perfconfig='gemm:v1:32,128,16,2,1,16,32,4,1,8,0', scaled_gemm=False, scale_a_dtype=None, scale_b_dtype=None, trans_scale_a=False, trans_scale_b=False, arch='gfx950:sramecc+:xnack-', chip='gfx950', num_cu=256, num_chiplets=8)
----------------------------------------------------------------------------------------------------
FAIL: GemmConfiguration(datatype='bf16', out_dtype='bf16', g=1, m=484, k=207, n=230, trans_a=False, trans_b=False, perfconfig='gemm:v1:64,256,16,2,1,16,0,3,2,0,0', scaled_gemm=False, scale_a_dtype=None, scale_b_dtype=None, trans_scale_a=False, trans_scale_b=False, arch='gfx950:sramecc+:xnack-', chip='gfx950', num_cu=256, num_chiplets=8)
----------------------------------------------------------------------------------------------------
PASS: GemmConfiguration(datatype='f16', out_dtype='f16', g=1, m=101, k=402, n=306, trans_a=False, trans_b=False, perfconfig='gemm:v1:64,64,128,1,1,8,32,4,3,0,1', scaled_gemm=False, scale_a_dtype=None, scale_b_dtype=None, trans_scale_a=False, trans_scale_b=False, arch='gfx950:sramecc+:xnack-', chip='gfx950', num_cu=256, num_chiplets=8)
----------------------------------------------------------------------------------------------------
FAIL: GemmConfiguration(datatype='bf16', out_dtype='bf16', g=2, m=327, k=278, n=113, trans_a=False, trans_b=True, perfconfig='gemm:v1:64,16,32,2,1,2,0,2,1,4,8', scaled_gemm=False, scale_a_dtype=None, scale_b_dtype=None, trans_scale_a=False, trans_scale_b=False, arch='gfx950:sramecc+:xnack-', chip='gfx950', num_cu=256, num_chiplets=8)
----------------------------------------------------------------------------------------------------
PASS: GemmConfiguration(datatype='bf16', out_dtype='bf16', g=1, m=473, k=320, n=182, trans_a=True, trans_b=True, perfconfig='gemm:v1:32,16,32,1,1,4,0,2,3,4,4', scaled_gemm=False, scale_a_dtype=None, scale_b_dtype=None, trans_scale_a=False, trans_scale_b=False, arch='gfx950:sramecc+:xnack-', chip='gfx950', num_cu=256, num_chiplets=8)
----------------------------------------------------------------------------------------------------
PASS: GemmConfiguration(datatype='bf16', out_dtype='bf16', g=1, m=230, k=435, n=30, trans_a=True, trans_b=False, perfconfig='gemm:v1:128,16,32,2,1,4,32,2,2,1,4', scaled_gemm=False, scale_a_dtype=None, scale_b_dtype=None, trans_scale_a=False, trans_scale_b=False, arch='gfx950:sramecc+:xnack-', chip='gfx950', num_cu=256, num_chiplets=8)
----------------------------------------------------------------------------------------------------
PASS: GemmConfiguration(datatype='fp8', out_dtype='f32', g=1, m=192, k=219, n=229, trans_a=True, trans_b=True, perfconfig='gemm:v1:128,256,16,1,1,2,32,1,2,4,1', scaled_gemm=False, scale_a_dtype=None, scale_b_dtype=None, trans_scale_a=False, trans_scale_b=False, arch='gfx950:sramecc+:xnack-', chip='gfx950', num_cu=256, num_chiplets=8)
----------------------------------------------------------------------------------------------------
PASS: GemmConfiguration(datatype='fp8', out_dtype='f32', g=2, m=11, k=315, n=451, trans_a=True, trans_b=False, perfconfig='gemm:v1:16,16,128,2,1,8,0,3,2,8,4', scaled_gemm=False, scale_a_dtype=None, scale_b_dtype=None, trans_scale_a=False, trans_scale_b=False, arch='gfx950:sramecc+:xnack-', chip='gfx950', num_cu=256, num_chiplets=8)
----------------------------------------------------------------------------------------------------
PASS: GemmConfiguration(datatype='f16', out_dtype='f16', g=2, m=168, k=329, n=230, trans_a=False, trans_b=True, perfconfig='gemm:v1:32,64,32,1,1,2,0,4,1,8,8', scaled_gemm=False, scale_a_dtype=None, scale_b_dtype=None, trans_scale_a=False, trans_scale_b=False, arch='gfx950:sramecc+:xnack-', chip='gfx950', num_cu=256, num_chiplets=8)
----------------------------------------------------------------------------------------------------
PASS: GemmConfiguration(datatype='bf16', out_dtype='bf16', g=2, m=94, k=151, n=468, trans_a=True, trans_b=False, perfconfig='gemm:v1:32,128,16,1,1,8,32,4,2,8,0', scaled_gemm=False, scale_a_dtype=None, scale_b_dtype=None, trans_scale_a=False, trans_scale_b=False, arch='gfx950:sramecc+:xnack-', chip='gfx950', num_cu=256, num_chiplets=8)
----------------------------------------------------------------------------------------------------
PASS: GemmConfiguration(datatype='bf16', out_dtype='bf16', g=2, m=27, k=490, n=203, trans_a=True, trans_b=False, perfconfig='gemm:v1:256,32,32,2,1,8,32,3,2,8,2', scaled_gemm=False, scale_a_dtype=None, scale_b_dtype=None, trans_scale_a=False, trans_scale_b=False, arch='gfx950:sramecc+:xnack-', chip='gfx950', num_cu=256, num_chiplets=8)
----------------------------------------------------------------------------------------------------
PASS: GemmConfiguration(datatype='fp8', out_dtype='f32', g=2, m=87, k=385, n=141, trans_a=True, trans_b=True, perfconfig='gemm:v1:16,128,64,2,1,4,32,1,3,8,1', scaled_gemm=False, scale_a_dtype=None, scale_b_dtype=None, trans_scale_a=False, trans_scale_b=False, arch='gfx950:sramecc+:xnack-', chip='gfx950', num_cu=256, num_chiplets=8)
----------------------------------------------------------------------------------------------------
PASS: GemmConfiguration(datatype='f16', out_dtype='f16', g=1, m=431, k=100, n=140, trans_a=True, trans_b=False, perfconfig='gemm:v1:256,64,32,1,1,2,32,4,3,2,1', scaled_gemm=False, scale_a_dtype=None, scale_b_dtype=None, trans_scale_a=False, trans_scale_b=False, arch='gfx950:sramecc+:xnack-', chip='gfx950', num_cu=256, num_chiplets=8)
FAIL: Runner returned incorrect result
Config = GemmConfiguration(datatype='bf16', out_dtype='bf16', g=1, m=22, k=249, n=330, trans_a=True, trans_b=True, perfconfig='gemm:v1:128,16,32,2,1,16,0,3,1,1,2', scaled_gemm=False, scale_a_dtype=None, scale_b_dtype=None, trans_scale_a=False, trans_scale_b=False, arch='gfx950:sramecc+:xnack-', chip='gfx950', num_cu=256, num_chiplets=8)
Command line = -operation gemm -t bf16 -out_datatype bf16 --arch gfx950:sramecc+:xnack- --num_cu 256 --num_chiplets 8 -g 1 -m 22 -k 249 -n 330 -transA=True -transB=True --perf_config=gemm:v1:128,16,32,2,1,16,0,3,1,1,2 -pv -RMS_threshold 1e-2
Output = Number of elements: 7260
maxAbsDiff info: maxAbsDiff = 72.000000 (valNum = 150.00000, gpuNum = 78.00000), average absDiff = 4.8e+01
maxRelDiff info: maxRelDiff = 4.8e-01 (valNum = -72.5000000000, gpuNum = -37.5000000000), average relDiff = 4.8e-01
RMS = 3.4e-01
Histogram of relDiff: 
        relDiff = 0     : 0/7260 (0.000000%)
     0 < relDiff < 1e-06: 0/7260 (0.000000%)
1e-06 < relDiff <= 1e-05: 0/7260 (0.000000%)
1e-05 < relDiff <= 1e-04: 0/7260 (0.000000%)
1e-04 < relDiff <= 1e-03: 0/7260 (0.000000%)
1e-03 < relDiff <= 1e-02: 0/7260 (0.000000%)
1e-02 < relDiff <= 1e-01: 0/7260 (0.000000%)
1e-01 < relDiff <= 1e+00: 7260/7260 (100.000000%)
1e+00 < relDiff < inf   : 0/7260 (0.000000%)
        relDiff = inf   : 0/7260 (0.000000%)
[0 1 1]

FAIL: Runner returned incorrect result
Config = GemmConfiguration(datatype='bf16', out_dtype='bf16', g=1, m=156, k=130, n=208, trans_a=False, trans_b=True, perfconfig='gemm:v1:32,64,16,2,1,2,16,2,3,1,8', scaled_gemm=False, scale_a_dtype=None, scale_b_dtype=None, trans_scale_a=False, trans_scale_b=False, arch='gfx950:sramecc+:xnack-', chip='gfx950', num_cu=256, num_chiplets=8)
Command line = -operation gemm -t bf16 -out_datatype bf16 --arch gfx950:sramecc+:xnack- --num_cu 256 --num_chiplets 8 -g 1 -m 156 -k 130 -n 208 -transA=False -transB=True --perf_config=gemm:v1:32,64,16,2,1,2,16,2,3,1,8 -pv -RMS_threshold 1e-2
Output = Number of elements: 32448
maxAbsDiff info: maxAbsDiff = 59.375000 (valNum = 79.00000, gpuNum = 19.62500), average absDiff = 3.9e+01
maxRelDiff info: maxRelDiff = 7.6e-01 (valNum = -37.2500000000, gpuNum = -8.8750000000), average relDiff = 7.5e-01
RMS = 5.2e-01
Histogram of relDiff: 
        relDiff = 0     : 0/32448 (0.000000%)
     0 < relDiff < 1e-06: 0/32448 (0.000000%)
1e-06 < relDiff <= 1e-05: 0/32448 (0.000000%)
1e-05 < relDiff <= 1e-04: 0/32448 (0.000000%)
1e-04 < relDiff <= 1e-03: 0/32448 (0.000000%)
1e-03 < relDiff <= 1e-02: 0/32448 (0.000000%)
1e-02 < relDiff <= 1e-01: 0/32448 (0.000000%)
1e-01 < relDiff <= 1e+00: 32448/32448 (100.000000%)
1e+00 < relDiff < inf   : 0/32448 (0.000000%)
        relDiff = inf   : 0/32448 (0.000000%)
[0 1 1]

----------------------------------------------------------------------------------------------------
PASS: GemmConfiguration(datatype='bf16', out_dtype='bf16', g=1, m=101, k=278, n=423, trans_a=False, trans_b=True, perfconfig='gemm:v1:16,128,64,2,1,2,32,1,3,1,2', scaled_gemm=False, scale_a_dtype=None, scale_b_dtype=None, trans_scale_a=False, trans_scale_b=False, arch='gfx950:sramecc+:xnack-', chip='gfx950', num_cu=256, num_chiplets=8)
----------------------------------------------------------------------------------------------------
PASS: GemmConfiguration(datatype='bf16', out_dtype='bf16', g=2, m=78, k=408, n=44, trans_a=False, trans_b=True, perfconfig='gemm:v1:256,256,32,1,1,1,16,1,2,0,1', scaled_gemm=False, scale_a_dtype=None, scale_b_dtype=None, trans_scale_a=False, trans_scale_b=False, arch='gfx950:sramecc+:xnack-', chip='gfx950', num_cu=256, num_chiplets=8)
Lowering rejected config as not applicable
Command line = -operation gemm -t i8 -out_datatype i32 --arch gfx950:sramecc+:xnack- --num_cu 256 --num_chiplets 8 -g 2 -m 86 -k 90 -n 68 -transA=False -transB=False --perf_config=gemm:v1:256,32,32,2,1,2,16,4,2,2,2 -pv
Errors = loc("<stdin>":18:10): error: Fusion with SplitK perfConfig is not legal
Lowering not applicable.

----------------------------------------------------------------------------------------------------
NOT_APPLICABLE: GemmConfiguration(datatype='i8', out_dtype='i32', g=2, m=86, k=90, n=68, trans_a=False, trans_b=False, perfconfig='gemm:v1:256,32,32,2,1,2,16,4,2,2,2', scaled_gemm=False, scale_a_dtype=None, scale_b_dtype=None, trans_scale_a=False, trans_scale_b=False, arch='gfx950:sramecc+:xnack-', chip='gfx950', num_cu=256, num_chiplets=8)
----------------------------------------------------------------------------------------------------
PASS: GemmConfiguration(datatype='bf16', out_dtype='bf16', g=1, m=273, k=311, n=74, trans_a=False, trans_b=True, perfconfig='gemm:v1:128,16,128,2,1,16,32,2,2,1,4', scaled_gemm=False, scale_a_dtype=None, scale_b_dtype=None, trans_scale_a=False, trans_scale_b=False, arch='gfx950:sramecc+:xnack-', chip='gfx950', num_cu=256, num_chiplets=8)
----------------------------------------------------------------------------------------------------
PASS: GemmConfiguration(datatype='f32', out_dtype='f32', g=2, m=309, k=441, n=68, trans_a=False, trans_b=False, perfconfig='gemm:v1:64,16,64,1,1,2,16,3,1,4,4', scaled_gemm=False, scale_a_dtype=None, scale_b_dtype=None, trans_scale_a=False, trans_scale_b=False, arch='gfx950:sramecc+:xnack-', chip='gfx950', num_cu=256, num_chiplets=8)
----------------------------------------------------------------------------------------------------
PASS: GemmConfiguration(datatype='bf16', out_dtype='bf16', g=1, m=485, k=35, n=373, trans_a=False, trans_b=False, perfconfig='gemm:v1:16,128,16,2,1,2,32,3,3,1,2', scaled_gemm=False, scale_a_dtype=None, scale_b_dtype=None, trans_scale_a=False, trans_scale_b=False, arch='gfx950:sramecc+:xnack-', chip='gfx950', num_cu=256, num_chiplets=8)
----------------------------------------------------------------------------------------------------
PASS: GemmConfiguration(datatype='i8', out_dtype='i32', g=2, m=368, k=410, n=387, trans_a=True, trans_b=True, perfconfig='gemm:v1:256,16,16,2,1,2,16,1,3,8,0', scaled_gemm=False, scale_a_dtype=None, scale_b_dtype=None, trans_scale_a=False, trans_scale_b=False, arch='gfx950:sramecc+:xnack-', chip='gfx950', num_cu=256, num_chiplets=8)
----------------------------------------------------------------------------------------------------
PASS: GemmConfiguration(datatype='f16', out_dtype='f16', g=1, m=249, k=91, n=313, trans_a=True, trans_b=True, perfconfig='gemm:v1:256,64,64,1,1,4,16,3,2,2,8', scaled_gemm=False, scale_a_dtype=None, scale_b_dtype=None, trans_scale_a=False, trans_scale_b=False, arch='gfx950:sramecc+:xnack-', chip='gfx950', num_cu=256, num_chiplets=8)
----------------------------------------------------------------------------------------------------
PASS: GemmConfiguration(datatype='fp8', out_dtype='f32', g=1, m=28, k=2, n=115, trans_a=True, trans_b=True, perfconfig='gemm:v1:64,256,128,2,1,1,16,1,2,4,0', scaled_gemm=False, scale_a_dtype=None, scale_b_dtype=None, trans_scale_a=False, trans_scale_b=False, arch='gfx950:sramecc+:xnack-', chip='gfx950', num_cu=256, num_chiplets=8)
----------------------------------------------------------------------------------------------------
PASS: GemmConfiguration(datatype='f16', out_dtype='f16', g=2, m=335, k=387, n=303, trans_a=True, trans_b=True, perfconfig='gemm:v1:32,64,64,2,1,1,0,2,2,4,0', scaled_gemm=False, scale_a_dtype=None, scale_b_dtype=None, trans_scale_a=False, trans_scale_b=False, arch='gfx950:sramecc+:xnack-', chip='gfx950', num_cu=256, num_chiplets=8)
----------------------------------------------------------------------------------------------------
PASS: GemmConfiguration(datatype='fp8', out_dtype='f32', g=2, m=265, k=100, n=463, trans_a=False, trans_b=False, perfconfig='gemm:v1:16,64,64,1,1,16,16,2,3,1,2', scaled_gemm=False, scale_a_dtype=None, scale_b_dtype=None, trans_scale_a=False, trans_scale_b=False, arch='gfx950:sramecc+:xnack-', chip='gfx950', num_cu=256, num_chiplets=8)
----------------------------------------------------------------------------------------------------
PASS: GemmConfiguration(datatype='f16', out_dtype='f16', g=2, m=117, k=187, n=90, trans_a=True, trans_b=False, perfconfig='gemm:v1:256,16,128,2,1,16,16,4,3,8,2', scaled_gemm=False, scale_a_dtype=None, scale_b_dtype=None, trans_scale_a=False, trans_scale_b=False, arch='gfx950:sramecc+:xnack-', chip='gfx950', num_cu=256, num_chiplets=8)
----------------------------------------------------------------------------------------------------
FAIL: GemmConfiguration(datatype='bf16', out_dtype='bf16', g=1, m=22, k=249, n=330, trans_a=True, trans_b=True, perfconfig='gemm:v1:128,16,32,2,1,16,0,3,1,1,2', scaled_gemm=False, scale_a_dtype=None, scale_b_dtype=None, trans_scale_a=False, trans_scale_b=False, arch='gfx950:sramecc+:xnack-', chip='gfx950', num_cu=256, num_chiplets=8)
----------------------------------------------------------------------------------------------------
FAIL: GemmConfiguration(datatype='bf16', out_dtype='bf16', g=1, m=156, k=130, n=208, trans_a=False, trans_b=True, perfconfig='gemm:v1:32,64,16,2,1,2,16,2,3,1,8', scaled_gemm=False, scale_a_dtype=None, scale_b_dtype=None, trans_scale_a=False, trans_scale_b=False, arch='gfx950:sramecc+:xnack-', chip='gfx950', num_cu=256, num_chiplets=8)
----------------------------------------------------------------------------------------------------
PASS: GemmConfiguration(datatype='f16', out_dtype='f16', g=2, m=474, k=13, n=350, trans_a=True, trans_b=False, perfconfig='gemm:v1:128,32,128,2,1,2,32,2,3,4,2', scaled_gemm=False, scale_a_dtype=None, scale_b_dtype=None, trans_scale_a=False, trans_scale_b=False, arch='gfx950:sramecc+:xnack-', chip='gfx950', num_cu=256, num_chiplets=8)
----------------------------------------------------------------------------------------------------
PASS: GemmConfiguration(datatype='f16', out_dtype='f16', g=2, m=257, k=425, n=147, trans_a=True, trans_b=True, perfconfig='gemm:v1:256,64,128,2,1,16,32,1,2,0,2', scaled_gemm=False, scale_a_dtype=None, scale_b_dtype=None, trans_scale_a=False, trans_scale_b=False, arch='gfx950:sramecc+:xnack-', chip='gfx950', num_cu=256, num_chiplets=8)
----------------------------------------------------------------------------------------------------
PASS: GemmConfiguration(datatype='bf16', out_dtype='bf16', g=2, m=242, k=254, n=467, trans_a=True, trans_b=False, perfconfig='gemm:v1:256,128,32,2,1,8,32,1,3,1,1', scaled_gemm=False, scale_a_dtype=None, scale_b_dtype=None, trans_scale_a=False, trans_scale_b=False, arch='gfx950:sramecc+:xnack-', chip='gfx950', num_cu=256, num_chiplets=8)
FAIL: Runner returned incorrect result
Config = GemmConfiguration(datatype='fp8', out_dtype='f32', g=2, m=451, k=121, n=256, trans_a=False, trans_b=False, perfconfig='gemm:v1:32,16,16,2,1,2,32,1,1,8,1', scaled_gemm=False, scale_a_dtype=None, scale_b_dtype=None, trans_scale_a=False, trans_scale_b=False, arch='gfx950:sramecc+:xnack-', chip='gfx950', num_cu=256, num_chiplets=8)
Command line = -operation gemm -t fp8 -out_datatype f32 --arch gfx950:sramecc+:xnack- --num_cu 256 --num_chiplets 8 -g 2 -m 451 -k 121 -n 256 -transA=False -transB=False --perf_config=gemm:v1:32,16,16,2,1,2,32,1,1,8,1 -pv -relDiff_threshold 1e-5
Output = Number of elements: 230912
maxAbsDiff info: maxAbsDiff = 58.351074 (valNum = 73.50000, gpuNum = 15.14893), average absDiff = 3.8e+01
maxRelDiff info: maxRelDiff = 8.0e-01 (valNum = -34.6250000000, gpuNum = -7.0332031250), average relDiff = 7.9e-01
RMS = 5.5e-01
Histogram of relDiff: 
        relDiff = 0     : 0/230912 (0.000000%)
     0 < relDiff < 1e-06: 0/230912 (0.000000%)
1e-06 < relDiff <= 1e-05: 0/230912 (0.000000%)
1e-05 < relDiff <= 1e-04: 0/230912 (0.000000%)
1e-04 < relDiff <= 1e-03: 0/230912 (0.000000%)
1e-03 < relDiff <= 1e-02: 0/230912 (0.000000%)
1e-02 < relDiff <= 1e-01: 0/230912 (0.000000%)
1e-01 < relDiff <= 1e+00: 230912/230912 (100.000000%)
1e+00 < relDiff < inf   : 0/230912 (0.000000%)
        relDiff = inf   : 0/230912 (0.000000%)
[0 1 0]

FAIL: Runner returned incorrect result
Config = GemmConfiguration(datatype='fp8', out_dtype='f32', g=2, m=23, k=107, n=231, trans_a=True, trans_b=False, perfconfig='gemm:v1:128,128,16,2,1,2,0,2,3,8,2', scaled_gemm=False, scale_a_dtype=None, scale_b_dtype=None, trans_scale_a=False, trans_scale_b=False, arch='gfx950:sramecc+:xnack-', chip='gfx950', num_cu=256, num_chiplets=8)
Command line = -operation gemm -t fp8 -out_datatype f32 --arch gfx950:sramecc+:xnack- --num_cu 256 --num_chiplets 8 -g 2 -m 23 -k 107 -n 231 -transA=True -transB=False --perf_config=gemm:v1:128,128,16,2,1,2,0,2,3,8,2 -pv -relDiff_threshold 1e-5
Output = Number of elements: 10626
maxAbsDiff info: maxAbsDiff = 6.312500 (valNum = -10.00000, gpuNum = -3.68750), average absDiff = 4.2e+00
maxRelDiff info: maxRelDiff = 6.6e-01 (valNum = 4.2500000000, gpuNum = 1.4375000000), average relDiff = 6.4e-01
RMS = 4.4e-01
Histogram of relDiff: 
        relDiff = 0     : 0/10626 (0.000000%)
     0 < relDiff < 1e-06: 0/10626 (0.000000%)
1e-06 < relDiff <= 1e-05: 0/10626 (0.000000%)
1e-05 < relDiff <= 1e-04: 0/10626 (0.000000%)
1e-04 < relDiff <= 1e-03: 0/10626 (0.000000%)
1e-03 < relDiff <= 1e-02: 0/10626 (0.000000%)
1e-02 < relDiff <= 1e-01: 0/10626 (0.000000%)
1e-01 < relDiff <= 1e+00: 10626/10626 (100.000000%)
1e+00 < relDiff < inf   : 0/10626 (0.000000%)
        relDiff = inf   : 0/10626 (0.000000%)
[0 1 0]

FAIL: Runner returned incorrect result
Config = GemmConfiguration(datatype='f16', out_dtype='f16', g=1, m=238, k=100, n=40, trans_a=True, trans_b=False, perfconfig='gemm:v1:32,128,16,2,1,4,16,2,3,0,1', scaled_gemm=False, scale_a_dtype=None, scale_b_dtype=None, trans_scale_a=False, trans_scale_b=False, arch='gfx950:sramecc+:xnack-', chip='gfx950', num_cu=256, num_chiplets=8)
Command line = -operation gemm -t f16 -out_datatype f16 --arch gfx950:sramecc+:xnack- --num_cu 256 --num_chiplets 8 -g 1 -m 238 -k 100 -n 40 -transA=True -transB=False --perf_config=gemm:v1:32,128,16,2,1,4,16,2,3,0,1 -pv
Output = Number of elements: 9520
maxAbsDiff info: maxAbsDiff = 41.187500 (valNum = 60.81250, gpuNum = 19.62500), average absDiff = 2.7e+01
maxRelDiff info: maxRelDiff = 6.9e-01 (valNum = -28.5000000000, gpuNum = -8.8593750000), average relDiff = 6.8e-01
RMS = 4.7e-01
Histogram of relDiff: 
        relDiff = 0     : 0/9520 (0.000000%)
     0 < relDiff < 1e-06: 0/9520 (0.000000%)
1e-06 < relDiff <= 1e-05: 0/9520 (0.000000%)
1e-05 < relDiff <= 1e-04: 0/9520 (0.000000%)
1e-04 < relDiff <= 1e-03: 0/9520 (0.000000%)
1e-03 < relDiff <= 1e-02: 0/9520 (0.000000%)
1e-02 < relDiff <= 1e-01: 0/9520 (0.000000%)
1e-01 < relDiff <= 1e+00: 9520/9520 (100.000000%)
1e+00 < relDiff < inf   : 0/9520 (0.000000%)
        relDiff = inf   : 0/9520 (0.000000%)
[0 1 1]

----------------------------------------------------------------------------------------------------
PASS: GemmConfiguration(datatype='i8', out_dtype='i32', g=2, m=127, k=491, n=145, trans_a=True, trans_b=True, perfconfig='gemm:v1:256,16,64,1,1,1,0,1,2,2,0', scaled_gemm=False, scale_a_dtype=None, scale_b_dtype=None, trans_scale_a=False, trans_scale_b=False, arch='gfx950:sramecc+:xnack-', chip='gfx950', num_cu=256, num_chiplets=8)
Lowering rejected config as not applicable
Command line = -operation gemm -t f32 -out_datatype f32 --arch gfx950:sramecc+:xnack- --num_cu 256 --num_chiplets 8 -g 1 -m 380 -k 419 -n 221 -transA=True -transB=True --perf_config=gemm:v1:256,128,64,2,1,8,16,4,3,8,2 -pv
Errors = loc("<stdin>":12:1): error: ttg.shared (294912) exceeds LDS limit (163840) for amdgcn-amd-amdhsa:gfx950:sramecc+:xnack-
Lowering not applicable.

----------------------------------------------------------------------------------------------------
NOT_APPLICABLE: GemmConfiguration(datatype='f32', out_dtype='f32', g=1, m=380, k=419, n=221, trans_a=True, trans_b=True, perfconfig='gemm:v1:256,128,64,2,1,8,16,4,3,8,2', scaled_gemm=False, scale_a_dtype=None, scale_b_dtype=None, trans_scale_a=False, trans_scale_b=False, arch='gfx950:sramecc+:xnack-', chip='gfx950', num_cu=256, num_chiplets=8)
----------------------------------------------------------------------------------------------------
FAIL: GemmConfiguration(datatype='fp8', out_dtype='f32', g=2, m=451, k=121, n=256, trans_a=False, trans_b=False, perfconfig='gemm:v1:32,16,16,2,1,2,32,1,1,8,1', scaled_gemm=False, scale_a_dtype=None, scale_b_dtype=None, trans_scale_a=False, trans_scale_b=False, arch='gfx950:sramecc+:xnack-', chip='gfx950', num_cu=256, num_chiplets=8)
----------------------------------------------------------------------------------------------------
PASS: GemmConfiguration(datatype='f32', out_dtype='f32', g=2, m=300, k=414, n=354, trans_a=False, trans_b=True, perfconfig='gemm:v1:64,16,32,1,1,8,32,3,1,8,2', scaled_gemm=False, scale_a_dtype=None, scale_b_dtype=None, trans_scale_a=False, trans_scale_b=False, arch='gfx950:sramecc+:xnack-', chip='gfx950', num_cu=256, num_chiplets=8)
----------------------------------------------------------------------------------------------------
PASS: GemmConfiguration(datatype='bf16', out_dtype='bf16', g=1, m=267, k=25, n=235, trans_a=False, trans_b=True, perfconfig='gemm:v1:32,128,16,1,1,8,16,2,1,2,8', scaled_gemm=False, scale_a_dtype=None, scale_b_dtype=None, trans_scale_a=False, trans_scale_b=False, arch='gfx950:sramecc+:xnack-', chip='gfx950', num_cu=256, num_chiplets=8)
----------------------------------------------------------------------------------------------------
PASS: GemmConfiguration(datatype='bf16', out_dtype='bf16', g=2, m=128, k=103, n=143, trans_a=False, trans_b=True, perfconfig='gemm:v1:16,64,128,2,1,16,32,1,2,1,8', scaled_gemm=False, scale_a_dtype=None, scale_b_dtype=None, trans_scale_a=False, trans_scale_b=False, arch='gfx950:sramecc+:xnack-', chip='gfx950', num_cu=256, num_chiplets=8)
----------------------------------------------------------------------------------------------------
PASS: GemmConfiguration(datatype='f32', out_dtype='f32', g=1, m=190, k=207, n=23, trans_a=True, trans_b=True, perfconfig='gemm:v1:64,32,64,2,1,4,32,4,3,2,2', scaled_gemm=False, scale_a_dtype=None, scale_b_dtype=None, trans_scale_a=False, trans_scale_b=False, arch='gfx950:sramecc+:xnack-', chip='gfx950', num_cu=256, num_chiplets=8)
----------------------------------------------------------------------------------------------------
FAIL: GemmConfiguration(datatype='fp8', out_dtype='f32', g=2, m=23, k=107, n=231, trans_a=True, trans_b=False, perfconfig='gemm:v1:128,128,16,2,1,2,0,2,3,8,2', scaled_gemm=False, scale_a_dtype=None, scale_b_dtype=None, trans_scale_a=False, trans_scale_b=False, arch='gfx950:sramecc+:xnack-', chip='gfx950', num_cu=256, num_chiplets=8)
----------------------------------------------------------------------------------------------------
PASS: GemmConfiguration(datatype='fp8', out_dtype='f32', g=1, m=1, k=344, n=91, trans_a=False, trans_b=True, perfconfig='gemm:v1:64,256,128,1,1,1,16,3,2,1,0', scaled_gemm=False, scale_a_dtype=None, scale_b_dtype=None, trans_scale_a=False, trans_scale_b=False, arch='gfx950:sramecc+:xnack-', chip='gfx950', num_cu=256, num_chiplets=8)
----------------------------------------------------------------------------------------------------
PASS: GemmConfiguration(datatype='f32', out_dtype='f32', g=2, m=313, k=11, n=280, trans_a=False, trans_b=False, perfconfig='gemm:v1:16,32,64,1,1,2,32,1,3,8,1', scaled_gemm=False, scale_a_dtype=None, scale_b_dtype=None, trans_scale_a=False, trans_scale_b=False, arch='gfx950:sramecc+:xnack-', chip='gfx950', num_cu=256, num_chiplets=8)
----------------------------------------------------------------------------------------------------
PASS: GemmConfiguration(datatype='fp8', out_dtype='f32', g=2, m=273, k=366, n=41, trans_a=True, trans_b=True, perfconfig='gemm:v1:32,64,32,1,1,8,0,4,2,0,0', scaled_gemm=False, scale_a_dtype=None, scale_b_dtype=None, trans_scale_a=False, trans_scale_b=False, arch='gfx950:sramecc+:xnack-', chip='gfx950', num_cu=256, num_chiplets=8)
----------------------------------------------------------------------------------------------------
PASS: GemmConfiguration(datatype='fp8', out_dtype='f32', g=2, m=443, k=440, n=206, trans_a=False, trans_b=False, perfconfig='gemm:v1:256,64,32,2,1,16,0,4,3,0,8', scaled_gemm=False, scale_a_dtype=None, scale_b_dtype=None, trans_scale_a=False, trans_scale_b=False, arch='gfx950:sramecc+:xnack-', chip='gfx950', num_cu=256, num_chiplets=8)
----------------------------------------------------------------------------------------------------
PASS: GemmConfiguration(datatype='bf16', out_dtype='bf16', g=1, m=156, k=225, n=409, trans_a=True, trans_b=True, perfconfig='gemm:v1:64,32,16,1,1,8,32,2,1,4,0', scaled_gemm=False, scale_a_dtype=None, scale_b_dtype=None, trans_scale_a=False, trans_scale_b=False, arch='gfx950:sramecc+:xnack-', chip='gfx950', num_cu=256, num_chiplets=8)
----------------------------------------------------------------------------------------------------
PASS: GemmConfiguration(datatype='bf16', out_dtype='bf16', g=1, m=330, k=163, n=359, trans_a=False, trans_b=True, perfconfig='gemm:v1:128,16,32,1,1,16,0,1,1,2,4', scaled_gemm=False, scale_a_dtype=None, scale_b_dtype=None, trans_scale_a=False, trans_scale_b=False, arch='gfx950:sramecc+:xnack-', chip='gfx950', num_cu=256, num_chiplets=8)
----------------------------------------------------------------------------------------------------
PASS: GemmConfiguration(datatype='f32', out_dtype='f32', g=2, m=433, k=38, n=130, trans_a=True, trans_b=False, perfconfig='gemm:v1:256,32,16,1,1,2,32,3,1,4,8', scaled_gemm=False, scale_a_dtype=None, scale_b_dtype=None, trans_scale_a=False, trans_scale_b=False, arch='gfx950:sramecc+:xnack-', chip='gfx950', num_cu=256, num_chiplets=8)
----------------------------------------------------------------------------------------------------
FAIL: GemmConfiguration(datatype='f16', out_dtype='f16', g=1, m=238, k=100, n=40, trans_a=True, trans_b=False, perfconfig='gemm:v1:32,128,16,2,1,4,16,2,3,0,1', scaled_gemm=False, scale_a_dtype=None, scale_b_dtype=None, trans_scale_a=False, trans_scale_b=False, arch='gfx950:sramecc+:xnack-', chip='gfx950', num_cu=256, num_chiplets=8)
----------------------------------------------------------------------------------------------------
PASS: GemmConfiguration(datatype='bf16', out_dtype='bf16', g=1, m=167, k=161, n=53, trans_a=False, trans_b=True, perfconfig='gemm:v1:128,256,128,1,1,4,32,4,2,0,2', scaled_gemm=False, scale_a_dtype=None, scale_b_dtype=None, trans_scale_a=False, trans_scale_b=False, arch='gfx950:sramecc+:xnack-', chip='gfx950', num_cu=256, num_chiplets=8)
FAIL: Runner returned incorrect result
Config = GemmConfiguration(datatype='f16', out_dtype='f16', g=2, m=469, k=256, n=360, trans_a=False, trans_b=False, perfconfig='gemm:v1:128,32,32,2,1,2,16,2,1,4,8', scaled_gemm=False, scale_a_dtype=None, scale_b_dtype=None, trans_scale_a=False, trans_scale_b=False, arch='gfx950:sramecc+:xnack-', chip='gfx950', num_cu=256, num_chiplets=8)
Command line = -operation gemm -t f16 -out_datatype f16 --arch gfx950:sramecc+:xnack- --num_cu 256 --num_chiplets 8 -g 2 -m 469 -k 256 -n 360 -transA=False -transB=False --perf_config=gemm:v1:128,32,32,2,1,2,16,2,1,4,8 -pv
Output = Number of elements: 337680
maxAbsDiff info: maxAbsDiff = 11.656250 (valNum = -21.75000, gpuNum = -10.09375), average absDiff = 8.5e+00
maxRelDiff info: maxRelDiff = 5.4e-01 (valNum = 10.1250000000, gpuNum = 4.6093750000), average relDiff = 5.3e-01
RMS = 4.0e-01
Histogram of relDiff: 
        relDiff = 0     : 0/337680 (0.000000%)
     0 < relDiff < 1e-06: 0/337680 (0.000000%)
1e-06 < relDiff <= 1e-05: 0/337680 (0.000000%)
1e-05 < relDiff <= 1e-04: 0/337680 (0.000000%)
1e-04 < relDiff <= 1e-03: 0/337680 (0.000000%)
1e-03 < relDiff <= 1e-02: 0/337680 (0.000000%)
1e-02 < relDiff <= 1e-01: 0/337680 (0.000000%)
1e-01 < relDiff <= 1e+00: 337680/337680 (100.000000%)
1e+00 < relDiff < inf   : 0/337680 (0.000000%)
        relDiff = inf   : 0/337680 (0.000000%)
[0 1 1]

FAIL: Runner returned incorrect result
Config = GemmConfiguration(datatype='i8', out_dtype='i32', g=1, m=211, k=247, n=121, trans_a=False, trans_b=True, perfconfig='gemm:v1:128,128,16,2,1,1,0,1,2,8,8', scaled_gemm=False, scale_a_dtype=None, scale_b_dtype=None, trans_scale_a=False, trans_scale_b=False, arch='gfx950:sramecc+:xnack-', chip='gfx950', num_cu=256, num_chiplets=8)
Command line = -operation gemm -t i8 -out_datatype i32 --arch gfx950:sramecc+:xnack- --num_cu 256 --num_chiplets 8 -g 1 -m 211 -k 247 -n 121 -transA=False -transB=True --perf_config=gemm:v1:128,128,16,2,1,1,0,1,2,8,8 -pv
Output = Number of elements: 25531
Number of incorrect elements: 25531
maxAbsDiff: 449
Number of overflow elements: 0
[0 0 0]
Lowering rejected config as not applicable
Command line = -operation gemm -t i8 -out_datatype i32 --arch gfx950:sramecc+:xnack- --num_cu 256 --num_chiplets 8 -g 2 -m 16 -k 466 -n 34 -transA=False -transB=True --perf_config=gemm:v1:256,256,16,1,1,2,16,3,3,1,0 -pv
Errors = loc("<stdin>":18:10): error: Fusion with SplitK perfConfig is not legal
Lowering not applicable.

----------------------------------------------------------------------------------------------------
NOT_APPLICABLE: GemmConfiguration(datatype='i8', out_dtype='i32', g=2, m=16, k=466, n=34, trans_a=False, trans_b=True, perfconfig='gemm:v1:256,256,16,1,1,2,16,3,3,1,0', scaled_gemm=False, scale_a_dtype=None, scale_b_dtype=None, trans_scale_a=False, trans_scale_b=False, arch='gfx950:sramecc+:xnack-', chip='gfx950', num_cu=256, num_chiplets=8)
Lowering rejected config as not applicable
Command line = -operation gemm -t i8 -out_datatype i32 --arch gfx950:sramecc+:xnack- --num_cu 256 --num_chiplets 8 -g 2 -m 332 -k 263 -n 204 -transA=False -transB=True --perf_config=gemm:v1:32,256,64,2,1,4,0,2,3,8,2 -pv
Errors = loc("<stdin>":18:10): error: Fusion with SplitK perfConfig is not legal
Lowering not applicable.

----------------------------------------------------------------------------------------------------
NOT_APPLICABLE: GemmConfiguration(datatype='i8', out_dtype='i32', g=2, m=332, k=263, n=204, trans_a=False, trans_b=True, perfconfig='gemm:v1:32,256,64,2,1,4,0,2,3,8,2', scaled_gemm=False, scale_a_dtype=None, scale_b_dtype=None, trans_scale_a=False, trans_scale_b=False, arch='gfx950:sramecc+:xnack-', chip='gfx950', num_cu=256, num_chiplets=8)
Lowering rejected config as not applicable
Command line = -operation gemm -t i8 -out_datatype i32 --arch gfx950:sramecc+:xnack- --num_cu 256 --num_chiplets 8 -g 1 -m 122 -k 194 -n 271 -transA=False -transB=False --perf_config=gemm:v1:64,64,32,2,1,2,16,2,1,1,0 -pv
Errors = loc("<stdin>":18:10): error: Fusion with SplitK perfConfig is not legal
Lowering not applicable.

----------------------------------------------------------------------------------------------------
NOT_APPLICABLE: GemmConfiguration(datatype='i8', out_dtype='i32', g=1, m=122, k=194, n=271, trans_a=False, trans_b=False, perfconfig='gemm:v1:64,64,32,2,1,2,16,2,1,1,0', scaled_gemm=False, scale_a_dtype=None, scale_b_dtype=None, trans_scale_a=False, trans_scale_b=False, arch='gfx950:sramecc+:xnack-', chip='gfx950', num_cu=256, num_chiplets=8)
----------------------------------------------------------------------------------------------------
PASS: GemmConfiguration(datatype='fp8', out_dtype='f32', g=1, m=18, k=47, n=314, trans_a=True, trans_b=False, perfconfig='gemm:v1:32,16,128,2,1,4,0,3,3,8,8', scaled_gemm=False, scale_a_dtype=None, scale_b_dtype=None, trans_scale_a=False, trans_scale_b=False, arch='gfx950:sramecc+:xnack-', chip='gfx950', num_cu=256, num_chiplets=8)
----------------------------------------------------------------------------------------------------
FAIL: GemmConfiguration(datatype='f16', out_dtype='f16', g=2, m=469, k=256, n=360, trans_a=False, trans_b=False, perfconfig='gemm:v1:128,32,32,2,1,2,16,2,1,4,8', scaled_gemm=False, scale_a_dtype=None, scale_b_dtype=None, trans_scale_a=False, trans_scale_b=False, arch='gfx950:sramecc+:xnack-', chip='gfx950', num_cu=256, num_chiplets=8)
----------------------------------------------------------------------------------------------------
PASS: GemmConfiguration(datatype='f32', out_dtype='f32', g=1, m=434, k=431, n=18, trans_a=False, trans_b=True, perfconfig='gemm:v1:16,256,16,1,1,1,16,2,3,0,4', scaled_gemm=False, scale_a_dtype=None, scale_b_dtype=None, trans_scale_a=False, trans_scale_b=False, arch='gfx950:sramecc+:xnack-', chip='gfx950', num_cu=256, num_chiplets=8)
----------------------------------------------------------------------------------------------------
PASS: GemmConfiguration(datatype='f32', out_dtype='f32', g=2, m=245, k=229, n=144, trans_a=True, trans_b=True, perfconfig='gemm:v1:64,128,32,2,1,2,0,2,2,0,0', scaled_gemm=False, scale_a_dtype=None, scale_b_dtype=None, trans_scale_a=False, trans_scale_b=False, arch='gfx950:sramecc+:xnack-', chip='gfx950', num_cu=256, num_chiplets=8)
----------------------------------------------------------------------------------------------------
FAIL: GemmConfiguration(datatype='i8', out_dtype='i32', g=1, m=211, k=247, n=121, trans_a=False, trans_b=True, perfconfig='gemm:v1:128,128,16,2,1,1,0,1,2,8,8', scaled_gemm=False, scale_a_dtype=None, scale_b_dtype=None, trans_scale_a=False, trans_scale_b=False, arch='gfx950:sramecc+:xnack-', chip='gfx950', num_cu=256, num_chiplets=8)
Lowering rejected config as not applicable
Command line = -operation gemm -t i8 -out_datatype i32 --arch gfx950:sramecc+:xnack- --num_cu 256 --num_chiplets 8 -g 2 -m 356 -k 296 -n 223 -transA=False -transB=True --perf_config=gemm:v1:128,256,64,2,1,2,32,2,2,1,8 -pv
Errors = loc("<stdin>":18:10): error: Fusion with SplitK perfConfig is not legal
Lowering not applicable.

----------------------------------------------------------------------------------------------------
NOT_APPLICABLE: GemmConfiguration(datatype='i8', out_dtype='i32', g=2, m=356, k=296, n=223, trans_a=False, trans_b=True, perfconfig='gemm:v1:128,256,64,2,1,2,32,2,2,1,8', scaled_gemm=False, scale_a_dtype=None, scale_b_dtype=None, trans_scale_a=False, trans_scale_b=False, arch='gfx950:sramecc+:xnack-', chip='gfx950', num_cu=256, num_chiplets=8)
Lowering rejected config as not applicable
Command line = -operation gemm -t i8 -out_datatype i32 --arch gfx950:sramecc+:xnack- --num_cu 256 --num_chiplets 8 -g 2 -m 163 -k 366 -n 402 -transA=False -transB=False --perf_config=gemm:v1:128,64,64,1,1,1,16,4,3,0,2 -pv
Errors = loc("<stdin>":18:10): error: Fusion with SplitK perfConfig is not legal
Lowering not applicable.

----------------------------------------------------------------------------------------------------
NOT_APPLICABLE: GemmConfiguration(datatype='i8', out_dtype='i32', g=2, m=163, k=366, n=402, trans_a=False, trans_b=False, perfconfig='gemm:v1:128,64,64,1,1,1,16,4,3,0,2', scaled_gemm=False, scale_a_dtype=None, scale_b_dtype=None, trans_scale_a=False, trans_scale_b=False, arch='gfx950:sramecc+:xnack-', chip='gfx950', num_cu=256, num_chiplets=8)
----------------------------------------------------------------------------------------------------
PASS: GemmConfiguration(datatype='f32', out_dtype='f32', g=2, m=460, k=211, n=213, trans_a=True, trans_b=True, perfconfig='gemm:v1:32,16,64,2,1,1,32,4,1,4,8', scaled_gemm=False, scale_a_dtype=None, scale_b_dtype=None, trans_scale_a=False, trans_scale_b=False, arch='gfx950:sramecc+:xnack-', chip='gfx950', num_cu=256, num_chiplets=8)
----------------------------------------------------------------------------------------------------
PASS: GemmConfiguration(datatype='f16', out_dtype='f16', g=1, m=416, k=233, n=462, trans_a=False, trans_b=True, perfconfig='gemm:v1:64,16,64,2,1,16,0,3,3,0,2', scaled_gemm=False, scale_a_dtype=None, scale_b_dtype=None, trans_scale_a=False, trans_scale_b=False, arch='gfx950:sramecc+:xnack-', chip='gfx950', num_cu=256, num_chiplets=8)
----------------------------------------------------------------------------------------------------
PASS: GemmConfiguration(datatype='f16', out_dtype='f16', g=1, m=457, k=248, n=382, trans_a=True, trans_b=False, perfconfig='gemm:v1:64,128,16,1,1,8,32,3,3,8,2', scaled_gemm=False, scale_a_dtype=None, scale_b_dtype=None, trans_scale_a=False, trans_scale_b=False, arch='gfx950:sramecc+:xnack-', chip='gfx950', num_cu=256, num_chiplets=8)
----------------------------------------------------------------------------------------------------
PASS: GemmConfiguration(datatype='bf16', out_dtype='bf16', g=1, m=280, k=354, n=54, trans_a=True, trans_b=False, perfconfig='gemm:v1:16,64,64,2,1,2,16,1,2,8,2', scaled_gemm=False, scale_a_dtype=None, scale_b_dtype=None, trans_scale_a=False, trans_scale_b=False, arch='gfx950:sramecc+:xnack-', chip='gfx950', num_cu=256, num_chiplets=8)
FAIL: Runner returned incorrect result
Config = GemmConfiguration(datatype='i8', out_dtype='i32', g=1, m=423, k=421, n=138, trans_a=True, trans_b=False, perfconfig='gemm:v1:128,16,32,2,1,2,0,1,1,0,1', scaled_gemm=False, scale_a_dtype=None, scale_b_dtype=None, trans_scale_a=False, trans_scale_b=False, arch='gfx950:sramecc+:xnack-', chip='gfx950', num_cu=256, num_chiplets=8)
Command line = -operation gemm -t i8 -out_datatype i32 --arch gfx950:sramecc+:xnack- --num_cu 256 --num_chiplets 8 -g 1 -m 423 -k 421 -n 138 -transA=True -transB=False --perf_config=gemm:v1:128,16,32,2,1,2,0,1,1,0,1 -pv
Output = Number of elements: 58374
Number of incorrect elements: 58374
maxAbsDiff: 1537
Number of overflow elements: 0
[0 0 0]
FAIL: Runner returned incorrect result
Config = GemmConfiguration(datatype='f16', out_dtype='f16', g=2, m=436, k=304, n=53, trans_a=False, trans_b=True, perfconfig='gemm:v1:256,256,16,2,1,1,16,2,2,8,1', scaled_gemm=False, scale_a_dtype=None, scale_b_dtype=None, trans_scale_a=False, trans_scale_b=False, arch='gfx950:sramecc+:xnack-', chip='gfx950', num_cu=256, num_chiplets=8)
Command line = -operation gemm -t f16 -out_datatype f16 --arch gfx950:sramecc+:xnack- --num_cu 256 --num_chiplets 8 -g 2 -m 436 -k 304 -n 53 -transA=False -transB=True --perf_config=gemm:v1:256,256,16,2,1,1,16,2,2,8,1 -pv
Output = Number of elements: 46216
maxAbsDiff info: maxAbsDiff = 154.750000 (valNum = 184.00000, gpuNum = 29.25000), average absDiff = 1.0e+02
maxRelDiff info: maxRelDiff = 8.5e-01 (valNum = -88.0000000000, gpuNum = -13.5312500000), average relDiff = 8.4e-01
RMS = 5.9e-01
Histogram of relDiff: 
        relDiff = 0     : 0/46216 (0.000000%)
     0 < relDiff < 1e-06: 0/46216 (0.000000%)
1e-06 < relDiff <= 1e-05: 0/46216 (0.000000%)
1e-05 < relDiff <= 1e-04: 0/46216 (0.000000%)
1e-04 < relDiff <= 1e-03: 0/46216 (0.000000%)
1e-03 < relDiff <= 1e-02: 0/46216 (0.000000%)
1e-02 < relDiff <= 1e-01: 0/46216 (0.000000%)
1e-01 < relDiff <= 1e+00: 46216/46216 (100.000000%)
1e+00 < relDiff < inf   : 0/46216 (0.000000%)
        relDiff = inf   : 0/46216 (0.000000%)
[0 0 1]

----------------------------------------------------------------------------------------------------
PASS: GemmConfiguration(datatype='f16', out_dtype='f16', g=2, m=504, k=123, n=396, trans_a=True, trans_b=False, perfconfig='gemm:v1:128,128,32,1,1,1,0,2,1,0,2', scaled_gemm=False, scale_a_dtype=None, scale_b_dtype=None, trans_scale_a=False, trans_scale_b=False, arch='gfx950:sramecc+:xnack-', chip='gfx950', num_cu=256, num_chiplets=8)
----------------------------------------------------------------------------------------------------
PASS: GemmConfiguration(datatype='fp8', out_dtype='f32', g=1, m=163, k=391, n=503, trans_a=True, trans_b=False, perfconfig='gemm:v1:256,64,128,2,1,4,32,3,3,4,4', scaled_gemm=False, scale_a_dtype=None, scale_b_dtype=None, trans_scale_a=False, trans_scale_b=False, arch='gfx950:sramecc+:xnack-', chip='gfx950', num_cu=256, num_chiplets=8)
----------------------------------------------------------------------------------------------------
PASS: GemmConfiguration(datatype='fp8', out_dtype='f32', g=2, m=230, k=128, n=93, trans_a=True, trans_b=True, perfconfig='gemm:v1:32,16,128,1,1,8,0,4,2,0,1', scaled_gemm=False, scale_a_dtype=None, scale_b_dtype=None, trans_scale_a=False, trans_scale_b=False, arch='gfx950:sramecc+:xnack-', chip='gfx950', num_cu=256, num_chiplets=8)
----------------------------------------------------------------------------------------------------
PASS: GemmConfiguration(datatype='f32', out_dtype='f32', g=1, m=112, k=359, n=381, trans_a=False, trans_b=False, perfconfig='gemm:v1:256,16,16,2,1,4,16,2,2,2,2', scaled_gemm=False, scale_a_dtype=None, scale_b_dtype=None, trans_scale_a=False, trans_scale_b=False, arch='gfx950:sramecc+:xnack-', chip='gfx950', num_cu=256, num_chiplets=8)
----------------------------------------------------------------------------------------------------
FAIL: GemmConfiguration(datatype='i8', out_dtype='i32', g=1, m=423, k=421, n=138, trans_a=True, trans_b=False, perfconfig='gemm:v1:128,16,32,2,1,2,0,1,1,0,1', scaled_gemm=False, scale_a_dtype=None, scale_b_dtype=None, trans_scale_a=False, trans_scale_b=False, arch='gfx950:sramecc+:xnack-', chip='gfx950', num_cu=256, num_chiplets=8)
----------------------------------------------------------------------------------------------------
PASS: GemmConfiguration(datatype='bf16', out_dtype='bf16', g=1, m=112, k=103, n=483, trans_a=True, trans_b=False, perfconfig='gemm:v1:128,64,128,2,1,4,16,1,3,8,2', scaled_gemm=False, scale_a_dtype=None, scale_b_dtype=None, trans_scale_a=False, trans_scale_b=False, arch='gfx950:sramecc+:xnack-', chip='gfx950', num_cu=256, num_chiplets=8)
----------------------------------------------------------------------------------------------------
PASS: GemmConfiguration(datatype='bf16', out_dtype='bf16', g=1, m=264, k=351, n=429, trans_a=True, trans_b=False, perfconfig='gemm:v1:32,32,32,2,1,1,32,4,1,4,4', scaled_gemm=False, scale_a_dtype=None, scale_b_dtype=None, trans_scale_a=False, trans_scale_b=False, arch='gfx950:sramecc+:xnack-', chip='gfx950', num_cu=256, num_chiplets=8)
----------------------------------------------------------------------------------------------------
PASS: GemmConfiguration(datatype='bf16', out_dtype='bf16', g=1, m=27, k=154, n=185, trans_a=True, trans_b=False, perfconfig='gemm:v1:256,16,64,2,1,4,16,2,2,4,4', scaled_gemm=False, scale_a_dtype=None, scale_b_dtype=None, trans_scale_a=False, trans_scale_b=False, arch='gfx950:sramecc+:xnack-', chip='gfx950', num_cu=256, num_chiplets=8)
----------------------------------------------------------------------------------------------------
PASS: GemmConfiguration(datatype='fp8', out_dtype='f32', g=1, m=123, k=230, n=244, trans_a=True, trans_b=True, perfconfig='gemm:v1:256,128,64,1,1,1,32,2,1,4,1', scaled_gemm=False, scale_a_dtype=None, scale_b_dtype=None, trans_scale_a=False, trans_scale_b=False, arch='gfx950:sramecc+:xnack-', chip='gfx950', num_cu=256, num_chiplets=8)
----------------------------------------------------------------------------------------------------
FAIL: GemmConfiguration(datatype='f16', out_dtype='f16', g=2, m=436, k=304, n=53, trans_a=False, trans_b=True, perfconfig='gemm:v1:256,256,16,2,1,1,16,2,2,8,1', scaled_gemm=False, scale_a_dtype=None, scale_b_dtype=None, trans_scale_a=False, trans_scale_b=False, arch='gfx950:sramecc+:xnack-', chip='gfx950', num_cu=256, num_chiplets=8)
Lowering rejected config as not applicable
Command line = -operation gemm -t i8 -out_datatype i32 --arch gfx950:sramecc+:xnack- --num_cu 256 --num_chiplets 8 -g 1 -m 65 -k 231 -n 248 -transA=False -transB=False --perf_config=gemm:v1:64,256,16,2,1,1,32,4,3,0,2 -pv
Errors = loc("<stdin>":18:10): error: Fusion with SplitK perfConfig is not legal
Lowering not applicable.

----------------------------------------------------------------------------------------------------
NOT_APPLICABLE: GemmConfiguration(datatype='i8', out_dtype='i32', g=1, m=65, k=231, n=248, trans_a=False, trans_b=False, perfconfig='gemm:v1:64,256,16,2,1,1,32,4,3,0,2', scaled_gemm=False, scale_a_dtype=None, scale_b_dtype=None, trans_scale_a=False, trans_scale_b=False, arch='gfx950:sramecc+:xnack-', chip='gfx950', num_cu=256, num_chiplets=8)
Lowering rejected config as not applicable
Command line = -operation gemm -t i8 -out_datatype i32 --arch gfx950:sramecc+:xnack- --num_cu 256 --num_chiplets 8 -g 2 -m 86 -k 361 -n 199 -transA=True -transB=False --perf_config=gemm:v1:16,256,128,1,1,1,0,3,1,2,8 -pv
Errors = loc("<stdin>":18:10): error: Fusion with SplitK perfConfig is not legal
Lowering not applicable.

----------------------------------------------------------------------------------------------------
NOT_APPLICABLE: GemmConfiguration(datatype='i8', out_dtype='i32', g=2, m=86, k=361, n=199, trans_a=True, trans_b=False, perfconfig='gemm:v1:16,256,128,1,1,1,0,3,1,2,8', scaled_gemm=False, scale_a_dtype=None, scale_b_dtype=None, trans_scale_a=False, trans_scale_b=False, arch='gfx950:sramecc+:xnack-', chip='gfx950', num_cu=256, num_chiplets=8)
----------------------------------------------------------------------------------------------------
PASS: GemmConfiguration(datatype='f32', out_dtype='f32', g=2, m=258, k=168, n=15, trans_a=False, trans_b=False, perfconfig='gemm:v1:32,16,16,2,1,8,16,4,3,2,2', scaled_gemm=False, scale_a_dtype=None, scale_b_dtype=None, trans_scale_a=False, trans_scale_b=False, arch='gfx950:sramecc+:xnack-', chip='gfx950', num_cu=256, num_chiplets=8)
Lowering rejected config as not applicable
Command line = -operation gemm -t f32 -out_datatype f32 --arch gfx950:sramecc+:xnack- --num_cu 256 --num_chiplets 8 -g 2 -m 359 -k 141 -n 40 -transA=True -transB=True --perf_config=gemm:v1:64,256,64,2,1,1,32,1,3,8,0 -pv
Errors = loc("<stdin>":11:1): error: ttg.shared (245760) exceeds LDS limit (163840) for amdgcn-amd-amdhsa:gfx950:sramecc+:xnack-
Lowering not applicable.

----------------------------------------------------------------------------------------------------
NOT_APPLICABLE: GemmConfiguration(datatype='f32', out_dtype='f32', g=2, m=359, k=141, n=40, trans_a=True, trans_b=True, perfconfig='gemm:v1:64,256,64,2,1,1,32,1,3,8,0', scaled_gemm=False, scale_a_dtype=None, scale_b_dtype=None, trans_scale_a=False, trans_scale_b=False, arch='gfx950:sramecc+:xnack-', chip='gfx950', num_cu=256, num_chiplets=8)
----------------------------------------------------------------------------------------------------
PASS: GemmConfiguration(datatype='f16', out_dtype='f16', g=1, m=504, k=490, n=364, trans_a=False, trans_b=False, perfconfig='gemm:v1:32,16,32,2,1,4,32,3,1,4,8', scaled_gemm=False, scale_a_dtype=None, scale_b_dtype=None, trans_scale_a=False, trans_scale_b=False, arch='gfx950:sramecc+:xnack-', chip='gfx950', num_cu=256, num_chiplets=8)
----------------------------------------------------------------------------------------------------
PASS: GemmConfiguration(datatype='f16', out_dtype='f16', g=2, m=346, k=283, n=384, trans_a=False, trans_b=True, perfconfig='gemm:v1:64,16,16,1,1,16,0,3,3,0,0', scaled_gemm=False, scale_a_dtype=None, scale_b_dtype=None, trans_scale_a=False, trans_scale_b=False, arch='gfx950:sramecc+:xnack-', chip='gfx950', num_cu=256, num_chiplets=8)
FAIL: Runner returned incorrect result
Config = GemmConfiguration(datatype='bf16', out_dtype='bf16', g=1, m=49, k=105, n=461, trans_a=True, trans_b=True, perfconfig='gemm:v1:256,256,16,2,1,16,0,1,3,8,8', scaled_gemm=False, scale_a_dtype=None, scale_b_dtype=None, trans_scale_a=False, trans_scale_b=False, arch='gfx950:sramecc+:xnack-', chip='gfx950', num_cu=256, num_chiplets=8)
Command line = -operation gemm -t bf16 -out_datatype bf16 --arch gfx950:sramecc+:xnack- --num_cu 256 --num_chiplets 8 -g 1 -m 49 -k 105 -n 461 -transA=True -transB=True --perf_config=gemm:v1:256,256,16,2,1,16,0,1,3,8,8 -pv -RMS_threshold 1e-2
Output = Number of elements: 22589
maxAbsDiff info: maxAbsDiff = 48.500000 (valNum = 63.50000, gpuNum = 15.00000), average absDiff = 3.2e+01
maxRelDiff info: maxRelDiff = 7.7e-01 (valNum = -30.6250000000, gpuNum = -7.0000000000), average relDiff = 7.6e-01
RMS = 5.4e-01
Histogram of relDiff: 
        relDiff = 0     : 0/22589 (0.000000%)
     0 < relDiff < 1e-06: 0/22589 (0.000000%)
1e-06 < relDiff <= 1e-05: 0/22589 (0.000000%)
1e-05 < relDiff <= 1e-04: 0/22589 (0.000000%)
1e-04 < relDiff <= 1e-03: 0/22589 (0.000000%)
1e-03 < relDiff <= 1e-02: 0/22589 (0.000000%)
1e-02 < relDiff <= 1e-01: 0/22589 (0.000000%)
1e-01 < relDiff <= 1e+00: 22589/22589 (100.000000%)
1e+00 < relDiff < inf   : 0/22589 (0.000000%)
        relDiff = inf   : 0/22589 (0.000000%)
[0 1 1]

----------------------------------------------------------------------------------------------------
PASS: GemmConfiguration(datatype='f32', out_dtype='f32', g=1, m=122, k=410, n=339, trans_a=True, trans_b=False, perfconfig='gemm:v1:128,16,128,2,1,2,0,4,2,2,4', scaled_gemm=False, scale_a_dtype=None, scale_b_dtype=None, trans_scale_a=False, trans_scale_b=False, arch='gfx950:sramecc+:xnack-', chip='gfx950', num_cu=256, num_chiplets=8)
----------------------------------------------------------------------------------------------------
PASS: GemmConfiguration(datatype='f32', out_dtype='f32', g=1, m=14, k=304, n=477, trans_a=False, trans_b=False, perfconfig='gemm:v1:256,16,128,2,1,1,16,1,1,4,8', scaled_gemm=False, scale_a_dtype=None, scale_b_dtype=None, trans_scale_a=False, trans_scale_b=False, arch='gfx950:sramecc+:xnack-', chip='gfx950', num_cu=256, num_chiplets=8)
Lowering rejected config as not applicable
Command line = -operation gemm -t i8 -out_datatype i32 --arch gfx950:sramecc+:xnack- --num_cu 256 --num_chiplets 8 -g 1 -m 500 -k 108 -n 64 -transA=True -transB=True --perf_config=gemm:v1:16,128,32,1,1,16,0,3,1,1,1 -pv
Errors = loc("<stdin>":18:10): error: Fusion with SplitK perfConfig is not legal
Lowering not applicable.

----------------------------------------------------------------------------------------------------
NOT_APPLICABLE: GemmConfiguration(datatype='i8', out_dtype='i32', g=1, m=500, k=108, n=64, trans_a=True, trans_b=True, perfconfig='gemm:v1:16,128,32,1,1,16,0,3,1,1,1', scaled_gemm=False, scale_a_dtype=None, scale_b_dtype=None, trans_scale_a=False, trans_scale_b=False, arch='gfx950:sramecc+:xnack-', chip='gfx950', num_cu=256, num_chiplets=8)
Lowering rejected config as not applicable
Command line = -operation gemm -t i8 -out_datatype i32 --arch gfx950:sramecc+:xnack- --num_cu 256 --num_chiplets 8 -g 1 -m 483 -k 44 -n 179 -transA=False -transB=False --perf_config=gemm:v1:16,128,64,2,1,1,32,4,1,1,8 -pv
Errors = loc("<stdin>":18:10): error: Fusion with SplitK perfConfig is not legal
Lowering not applicable.

----------------------------------------------------------------------------------------------------
NOT_APPLICABLE: GemmConfiguration(datatype='i8', out_dtype='i32', g=1, m=483, k=44, n=179, trans_a=False, trans_b=False, perfconfig='gemm:v1:16,128,64,2,1,1,32,4,1,1,8', scaled_gemm=False, scale_a_dtype=None, scale_b_dtype=None, trans_scale_a=False, trans_scale_b=False, arch='gfx950:sramecc+:xnack-', chip='gfx950', num_cu=256, num_chiplets=8)
Lowering rejected config as not applicable
Command line = -operation gemm -t i8 -out_datatype i32 --arch gfx950:sramecc+:xnack- --num_cu 256 --num_chiplets 8 -g 2 -m 215 -k 16 -n 176 -transA=True -transB=False --perf_config=gemm:v1:128,128,128,2,1,4,32,3,3,4,8 -pv
Errors = loc("<stdin>":18:10): error: Fusion with SplitK perfConfig is not legal
Lowering not applicable.

----------------------------------------------------------------------------------------------------
NOT_APPLICABLE: GemmConfiguration(datatype='i8', out_dtype='i32', g=2, m=215, k=16, n=176, trans_a=True, trans_b=False, perfconfig='gemm:v1:128,128,128,2,1,4,32,3,3,4,8', scaled_gemm=False, scale_a_dtype=None, scale_b_dtype=None, trans_scale_a=False, trans_scale_b=False, arch='gfx950:sramecc+:xnack-', chip='gfx950', num_cu=256, num_chiplets=8)
----------------------------------------------------------------------------------------------------
PASS: GemmConfiguration(datatype='bf16', out_dtype='bf16', g=1, m=4, k=50, n=68, trans_a=True, trans_b=False, perfconfig='gemm:v1:32,32,128,2,1,4,0,4,3,8,0', scaled_gemm=False, scale_a_dtype=None, scale_b_dtype=None, trans_scale_a=False, trans_scale_b=False, arch='gfx950:sramecc+:xnack-', chip='gfx950', num_cu=256, num_chiplets=8)
----------------------------------------------------------------------------------------------------
PASS: GemmConfiguration(datatype='fp8', out_dtype='f32', g=2, m=135, k=88, n=386, trans_a=False, trans_b=False, perfconfig='gemm:v1:32,128,32,2,1,16,0,3,1,8,4', scaled_gemm=False, scale_a_dtype=None, scale_b_dtype=None, trans_scale_a=False, trans_scale_b=False, arch='gfx950:sramecc+:xnack-', chip='gfx950', num_cu=256, num_chiplets=8)
----------------------------------------------------------------------------------------------------
PASS: GemmConfiguration(datatype='f32', out_dtype='f32', g=1, m=92, k=124, n=448, trans_a=False, trans_b=True, perfconfig='gemm:v1:16,32,64,1,1,8,16,2,2,8,0', scaled_gemm=False, scale_a_dtype=None, scale_b_dtype=None, trans_scale_a=False, trans_scale_b=False, arch='gfx950:sramecc+:xnack-', chip='gfx950', num_cu=256, num_chiplets=8)
----------------------------------------------------------------------------------------------------
PASS: GemmConfiguration(datatype='fp8', out_dtype='f32', g=1, m=159, k=89, n=273, trans_a=False, trans_b=True, perfconfig='gemm:v1:32,64,16,1,1,1,0,3,1,4,1', scaled_gemm=False, scale_a_dtype=None, scale_b_dtype=None, trans_scale_a=False, trans_scale_b=False, arch='gfx950:sramecc+:xnack-', chip='gfx950', num_cu=256, num_chiplets=8)
----------------------------------------------------------------------------------------------------
PASS: GemmConfiguration(datatype='bf16', out_dtype='bf16', g=2, m=115, k=82, n=304, trans_a=False, trans_b=False, perfconfig='gemm:v1:128,128,128,2,1,1,32,1,1,2,8', scaled_gemm=False, scale_a_dtype=None, scale_b_dtype=None, trans_scale_a=False, trans_scale_b=False, arch='gfx950:sramecc+:xnack-', chip='gfx950', num_cu=256, num_chiplets=8)
Lowering rejected config as not applicable
Command line = -operation gemm -t f32 -out_datatype f32 --arch gfx950:sramecc+:xnack- --num_cu 256 --num_chiplets 8 -g 2 -m 191 -k 402 -n 352 -transA=True -transB=True --perf_config=gemm:v1:256,32,64,1,1,2,32,1,3,2,8 -pv
Errors = loc("<stdin>":11:1): error: ttg.shared (221184) exceeds LDS limit (163840) for amdgcn-amd-amdhsa:gfx950:sramecc+:xnack-
Lowering not applicable.

----------------------------------------------------------------------------------------------------
NOT_APPLICABLE: GemmConfiguration(datatype='f32', out_dtype='f32', g=2, m=191, k=402, n=352, trans_a=True, trans_b=True, perfconfig='gemm:v1:256,32,64,1,1,2,32,1,3,2,8', scaled_gemm=False, scale_a_dtype=None, scale_b_dtype=None, trans_scale_a=False, trans_scale_b=False, arch='gfx950:sramecc+:xnack-', chip='gfx950', num_cu=256, num_chiplets=8)
----------------------------------------------------------------------------------------------------
PASS: GemmConfiguration(datatype='fp8', out_dtype='f32', g=1, m=30, k=451, n=496, trans_a=False, trans_b=False, perfconfig='gemm:v1:32,16,64,2,1,8,16,1,2,2,8', scaled_gemm=False, scale_a_dtype=None, scale_b_dtype=None, trans_scale_a=False, trans_scale_b=False, arch='gfx950:sramecc+:xnack-', chip='gfx950', num_cu=256, num_chiplets=8)
----------------------------------------------------------------------------------------------------
PASS: GemmConfiguration(datatype='f16', out_dtype='f16', g=2, m=64, k=20, n=115, trans_a=True, trans_b=False, perfconfig='gemm:v1:64,128,128,1,1,16,16,4,1,4,0', scaled_gemm=False, scale_a_dtype=None, scale_b_dtype=None, trans_scale_a=False, trans_scale_b=False, arch='gfx950:sramecc+:xnack-', chip='gfx950', num_cu=256, num_chiplets=8)
----------------------------------------------------------------------------------------------------
PASS: GemmConfiguration(datatype='f32', out_dtype='f32', g=2, m=289, k=217, n=141, trans_a=True, trans_b=True, perfconfig='gemm:v1:128,32,128,1,1,8,32,3,3,1,2', scaled_gemm=False, scale_a_dtype=None, scale_b_dtype=None, trans_scale_a=False, trans_scale_b=False, arch='gfx950:sramecc+:xnack-', chip='gfx950', num_cu=256, num_chiplets=8)
----------------------------------------------------------------------------------------------------
FAIL: GemmConfiguration(datatype='bf16', out_dtype='bf16', g=1, m=49, k=105, n=461, trans_a=True, trans_b=True, perfconfig='gemm:v1:256,256,16,2,1,16,0,1,3,8,8', scaled_gemm=False, scale_a_dtype=None, scale_b_dtype=None, trans_scale_a=False, trans_scale_b=False, arch='gfx950:sramecc+:xnack-', chip='gfx950', num_cu=256, num_chiplets=8)
----------------------------------------------------------------------------------------------------
PASS: GemmConfiguration(datatype='f32', out_dtype='f32', g=2, m=97, k=169, n=360, trans_a=True, trans_b=False, perfconfig='gemm:v1:32,128,128,1,1,2,16,3,1,0,8', scaled_gemm=False, scale_a_dtype=None, scale_b_dtype=None, trans_scale_a=False, trans_scale_b=False, arch='gfx950:sramecc+:xnack-', chip='gfx950', num_cu=256, num_chiplets=8)
----------------------------------------------------------------------------------------------------
PASS: GemmConfiguration(datatype='f32', out_dtype='f32', g=2, m=100, k=38, n=471, trans_a=True, trans_b=True, perfconfig='gemm:v1:64,64,128,1,1,1,16,4,2,0,1', scaled_gemm=False, scale_a_dtype=None, scale_b_dtype=None, trans_scale_a=False, trans_scale_b=False, arch='gfx950:sramecc+:xnack-', chip='gfx950', num_cu=256, num_chiplets=8)
----------------------------------------------------------------------------------------------------
PASS: GemmConfiguration(datatype='f16', out_dtype='f16', g=1, m=359, k=342, n=335, trans_a=False, trans_b=False, perfconfig='gemm:v1:256,256,128,1,1,1,0,4,3,4,2', scaled_gemm=False, scale_a_dtype=None, scale_b_dtype=None, trans_scale_a=False, trans_scale_b=False, arch='gfx950:sramecc+:xnack-', chip='gfx950', num_cu=256, num_chiplets=8)
Lowering rejected config as not applicable
Command line = -operation gemm -t i8 -out_datatype i32 --arch gfx950:sramecc+:xnack- --num_cu 256 --num_chiplets 8 -g 1 -m 5 -k 27 -n 115 -transA=False -transB=True --perf_config=gemm:v1:256,256,16,1,1,16,0,3,1,1,0 -pv
Errors = loc("<stdin>":17:10): error: Fusion with SplitK perfConfig is not legal
Lowering not applicable.

----------------------------------------------------------------------------------------------------
NOT_APPLICABLE: GemmConfiguration(datatype='i8', out_dtype='i32', g=1, m=5, k=27, n=115, trans_a=False, trans_b=True, perfconfig='gemm:v1:256,256,16,1,1,16,0,3,1,1,0', scaled_gemm=False, scale_a_dtype=None, scale_b_dtype=None, trans_scale_a=False, trans_scale_b=False, arch='gfx950:sramecc+:xnack-', chip='gfx950', num_cu=256, num_chiplets=8)
Lowering rejected config as not applicable
Command line = -operation gemm -t i8 -out_datatype i32 --arch gfx950:sramecc+:xnack- --num_cu 256 --num_chiplets 8 -g 2 -m 148 -k 498 -n 333 -transA=True -transB=True --perf_config=gemm:v1:64,128,128,1,1,8,32,4,2,0,0 -pv
Errors = loc("<stdin>":18:10): error: Fusion with SplitK perfConfig is not legal
Lowering not applicable.

----------------------------------------------------------------------------------------------------
NOT_APPLICABLE: GemmConfiguration(datatype='i8', out_dtype='i32', g=2, m=148, k=498, n=333, trans_a=True, trans_b=True, perfconfig='gemm:v1:64,128,128,1,1,8,32,4,2,0,0', scaled_gemm=False, scale_a_dtype=None, scale_b_dtype=None, trans_scale_a=False, trans_scale_b=False, arch='gfx950:sramecc+:xnack-', chip='gfx950', num_cu=256, num_chiplets=8)
----------------------------------------------------------------------------------------------------
PASS: GemmConfiguration(datatype='fp8', out_dtype='f32', g=1, m=396, k=224, n=342, trans_a=True, trans_b=False, perfconfig='gemm:v1:256,16,128,2,1,8,16,2,2,4,4', scaled_gemm=False, scale_a_dtype=None, scale_b_dtype=None, trans_scale_a=False, trans_scale_b=False, arch='gfx950:sramecc+:xnack-', chip='gfx950', num_cu=256, num_chiplets=8)
----------------------------------------------------------------------------------------------------
PASS: GemmConfiguration(datatype='fp8', out_dtype='f32', g=1, m=45, k=241, n=98, trans_a=False, trans_b=False, perfconfig='gemm:v1:256,16,128,1,1,8,16,3,3,1,2', scaled_gemm=False, scale_a_dtype=None, scale_b_dtype=None, trans_scale_a=False, trans_scale_b=False, arch='gfx950:sramecc+:xnack-', chip='gfx950', num_cu=256, num_chiplets=8)
----------------------------------------------------------------------------------------------------
PASS: GemmConfiguration(datatype='fp8', out_dtype='f32', g=2, m=414, k=300, n=488, trans_a=False, trans_b=False, perfconfig='gemm:v1:16,128,64,2,1,8,32,3,2,0,8', scaled_gemm=False, scale_a_dtype=None, scale_b_dtype=None, trans_scale_a=False, trans_scale_b=False, arch='gfx950:sramecc+:xnack-', chip='gfx950', num_cu=256, num_chiplets=8)
----------------------------------------------------------------------------------------------------
PASS: GemmConfiguration(datatype='f32', out_dtype='f32', g=2, m=444, k=350, n=496, trans_a=False, trans_b=True, perfconfig='gemm:v1:16,16,32,1,1,8,0,2,2,2,4', scaled_gemm=False, scale_a_dtype=None, scale_b_dtype=None, trans_scale_a=False, trans_scale_b=False, arch='gfx950:sramecc+:xnack-', chip='gfx950', num_cu=256, num_chiplets=8)
----------------------------------------------------------------------------------------------------
PASS: GemmConfiguration(datatype='fp8', out_dtype='f32', g=2, m=393, k=415, n=101, trans_a=False, trans_b=False, perfconfig='gemm:v1:128,256,128,1,1,16,32,2,3,2,4', scaled_gemm=False, scale_a_dtype=None, scale_b_dtype=None, trans_scale_a=False, trans_scale_b=False, arch='gfx950:sramecc+:xnack-', chip='gfx950', num_cu=256, num_chiplets=8)
----------------------------------------------------------------------------------------------------
PASS: GemmConfiguration(datatype='bf16', out_dtype='bf16', g=2, m=148, k=443, n=411, trans_a=True, trans_b=True, perfconfig='gemm:v1:256,128,32,1,1,4,16,4,2,4,2', scaled_gemm=False, scale_a_dtype=None, scale_b_dtype=None, trans_scale_a=False, trans_scale_b=False, arch='gfx950:sramecc+:xnack-', chip='gfx950', num_cu=256, num_chiplets=8)
Lowering rejected config as not applicable
Command line = -operation gemm -t i8 -out_datatype i32 --arch gfx950:sramecc+:xnack- --num_cu 256 --num_chiplets 8 -g 1 -m 137 -k 271 -n 111 -transA=True -transB=True --perf_config=gemm:v1:16,16,16,2,1,2,32,3,1,8,1 -pv
Errors = loc("<stdin>":18:10): error: Fusion with SplitK perfConfig is not legal
Lowering not applicable.

----------------------------------------------------------------------------------------------------
NOT_APPLICABLE: GemmConfiguration(datatype='i8', out_dtype='i32', g=1, m=137, k=271, n=111, trans_a=True, trans_b=True, perfconfig='gemm:v1:16,16,16,2,1,2,32,3,1,8,1', scaled_gemm=False, scale_a_dtype=None, scale_b_dtype=None, trans_scale_a=False, trans_scale_b=False, arch='gfx950:sramecc+:xnack-', chip='gfx950', num_cu=256, num_chiplets=8)
----------------------------------------------------------------------------------------------------
PASS: GemmConfiguration(datatype='f16', out_dtype='f16', g=1, m=195, k=41, n=430, trans_a=True, trans_b=True, perfconfig='gemm:v1:64,32,32,2,1,8,32,1,2,4,4', scaled_gemm=False, scale_a_dtype=None, scale_b_dtype=None, trans_scale_a=False, trans_scale_b=False, arch='gfx950:sramecc+:xnack-', chip='gfx950', num_cu=256, num_chiplets=8)
----------------------------------------------------------------------------------------------------
PASS: GemmConfiguration(datatype='fp8', out_dtype='f32', g=1, m=193, k=174, n=118, trans_a=True, trans_b=False, perfconfig='gemm:v1:128,128,64,1,1,16,0,1,2,2,2', scaled_gemm=False, scale_a_dtype=None, scale_b_dtype=None, trans_scale_a=False, trans_scale_b=False, arch='gfx950:sramecc+:xnack-', chip='gfx950', num_cu=256, num_chiplets=8)
----------------------------------------------------------------------------------------------------
PASS: GemmConfiguration(datatype='f16', out_dtype='f16', g=2, m=132, k=27, n=262, trans_a=True, trans_b=True, perfconfig='gemm:v1:64,64,32,1,1,8,0,2,1,4,0', scaled_gemm=False, scale_a_dtype=None, scale_b_dtype=None, trans_scale_a=False, trans_scale_b=False, arch='gfx950:sramecc+:xnack-', chip='gfx950', num_cu=256, num_chiplets=8)
----------------------------------------------------------------------------------------------------
PASS: GemmConfiguration(datatype='i8', out_dtype='i32', g=1, m=221, k=488, n=501, trans_a=False, trans_b=False, perfconfig='gemm:v1:16,32,128,2,1,8,0,1,3,2,1', scaled_gemm=False, scale_a_dtype=None, scale_b_dtype=None, trans_scale_a=False, trans_scale_b=False, arch='gfx950:sramecc+:xnack-', chip='gfx950', num_cu=256, num_chiplets=8)
FAIL: Runner returned incorrect result
Config = GemmConfiguration(datatype='bf16', out_dtype='bf16', g=1, m=257, k=339, n=270, trans_a=True, trans_b=False, perfconfig='gemm:v1:256,16,16,2,1,1,0,3,2,1,1', scaled_gemm=False, scale_a_dtype=None, scale_b_dtype=None, trans_scale_a=False, trans_scale_b=False, arch='gfx950:sramecc+:xnack-', chip='gfx950', num_cu=256, num_chiplets=8)
Command line = -operation gemm -t bf16 -out_datatype bf16 --arch gfx950:sramecc+:xnack- --num_cu 256 --num_chiplets 8 -g 1 -m 257 -k 339 -n 270 -transA=True -transB=False --perf_config=gemm:v1:256,16,16,2,1,1,0,3,2,1,1 -pv -RMS_threshold 1e-2
Output = Number of elements: 69390
maxAbsDiff info: maxAbsDiff = 24.031250 (valNum = -28.25000, gpuNum = -4.21875), average absDiff = 1.8e+01
maxRelDiff info: maxRelDiff = 8.5e-01 (valNum = 21.2500000000, gpuNum = 3.1562500000), average relDiff = 8.5e-01
RMS = 6.6e-01
Histogram of relDiff: 
        relDiff = 0     : 0/69390 (0.000000%)
     0 < relDiff < 1e-06: 0/69390 (0.000000%)
1e-06 < relDiff <= 1e-05: 0/69390 (0.000000%)
1e-05 < relDiff <= 1e-04: 0/69390 (0.000000%)
1e-04 < relDiff <= 1e-03: 0/69390 (0.000000%)
1e-03 < relDiff <= 1e-02: 0/69390 (0.000000%)
1e-02 < relDiff <= 1e-01: 0/69390 (0.000000%)
1e-01 < relDiff <= 1e+00: 69390/69390 (100.000000%)
1e+00 < relDiff < inf   : 0/69390 (0.000000%)
        relDiff = inf   : 0/69390 (0.000000%)
[0 1 1]

----------------------------------------------------------------------------------------------------
PASS: GemmConfiguration(datatype='bf16', out_dtype='bf16', g=2, m=83, k=512, n=480, trans_a=False, trans_b=False, perfconfig='gemm:v1:256,16,128,2,1,2,32,4,3,1,2', scaled_gemm=False, scale_a_dtype=None, scale_b_dtype=None, trans_scale_a=False, trans_scale_b=False, arch='gfx950:sramecc+:xnack-', chip='gfx950', num_cu=256, num_chiplets=8)
----------------------------------------------------------------------------------------------------
PASS: GemmConfiguration(datatype='f32', out_dtype='f32', g=1, m=261, k=455, n=376, trans_a=False, trans_b=True, perfconfig='gemm:v1:32,64,128,1,1,4,0,1,1,4,0', scaled_gemm=False, scale_a_dtype=None, scale_b_dtype=None, trans_scale_a=False, trans_scale_b=False, arch='gfx950:sramecc+:xnack-', chip='gfx950', num_cu=256, num_chiplets=8)
----------------------------------------------------------------------------------------------------
PASS: GemmConfiguration(datatype='f16', out_dtype='f16', g=2, m=131, k=200, n=438, trans_a=False, trans_b=True, perfconfig='gemm:v1:16,256,16,1,1,16,32,3,2,8,2', scaled_gemm=False, scale_a_dtype=None, scale_b_dtype=None, trans_scale_a=False, trans_scale_b=False, arch='gfx950:sramecc+:xnack-', chip='gfx950', num_cu=256, num_chiplets=8)
Lowering rejected config as not applicable
Command line = -operation gemm -t i8 -out_datatype i32 --arch gfx950:sramecc+:xnack- --num_cu 256 --num_chiplets 8 -g 2 -m 287 -k 79 -n 15 -transA=False -transB=True --perf_config=gemm:v1:128,64,16,2,1,1,0,4,1,0,4 -pv
Errors = loc("<stdin>":18:10): error: Fusion with SplitK perfConfig is not legal
Lowering not applicable.

----------------------------------------------------------------------------------------------------
NOT_APPLICABLE: GemmConfiguration(datatype='i8', out_dtype='i32', g=2, m=287, k=79, n=15, trans_a=False, trans_b=True, perfconfig='gemm:v1:128,64,16,2,1,1,0,4,1,0,4', scaled_gemm=False, scale_a_dtype=None, scale_b_dtype=None, trans_scale_a=False, trans_scale_b=False, arch='gfx950:sramecc+:xnack-', chip='gfx950', num_cu=256, num_chiplets=8)
Lowering rejected config as not applicable
Command line = -operation gemm -t i8 -out_datatype i32 --arch gfx950:sramecc+:xnack- --num_cu 256 --num_chiplets 8 -g 1 -m 315 -k 253 -n 415 -transA=True -transB=False --perf_config=gemm:v1:16,256,16,2,1,4,0,3,3,4,0 -pv
Errors = loc("<stdin>":18:10): error: Fusion with SplitK perfConfig is not legal
Lowering not applicable.

----------------------------------------------------------------------------------------------------
NOT_APPLICABLE: GemmConfiguration(datatype='i8', out_dtype='i32', g=1, m=315, k=253, n=415, trans_a=True, trans_b=False, perfconfig='gemm:v1:16,256,16,2,1,4,0,3,3,4,0', scaled_gemm=False, scale_a_dtype=None, scale_b_dtype=None, trans_scale_a=False, trans_scale_b=False, arch='gfx950:sramecc+:xnack-', chip='gfx950', num_cu=256, num_chiplets=8)
----------------------------------------------------------------------------------------------------
PASS: GemmConfiguration(datatype='f32', out_dtype='f32', g=1, m=305, k=383, n=454, trans_a=True, trans_b=False, perfconfig='gemm:v1:256,32,16,2,1,8,16,2,1,4,1', scaled_gemm=False, scale_a_dtype=None, scale_b_dtype=None, trans_scale_a=False, trans_scale_b=False, arch='gfx950:sramecc+:xnack-', chip='gfx950', num_cu=256, num_chiplets=8)
----------------------------------------------------------------------------------------------------
PASS: GemmConfiguration(datatype='bf16', out_dtype='bf16', g=1, m=398, k=499, n=469, trans_a=True, trans_b=True, perfconfig='gemm:v1:64,32,128,1,1,16,16,4,2,2,2', scaled_gemm=False, scale_a_dtype=None, scale_b_dtype=None, trans_scale_a=False, trans_scale_b=False, arch='gfx950:sramecc+:xnack-', chip='gfx950', num_cu=256, num_chiplets=8)
----------------------------------------------------------------------------------------------------
PASS: GemmConfiguration(datatype='f16', out_dtype='f16', g=1, m=367, k=307, n=223, trans_a=False, trans_b=False, perfconfig='gemm:v1:64,256,32,2,1,16,0,1,3,0,1', scaled_gemm=False, scale_a_dtype=None, scale_b_dtype=None, trans_scale_a=False, trans_scale_b=False, arch='gfx950:sramecc+:xnack-', chip='gfx950', num_cu=256, num_chiplets=8)
----------------------------------------------------------------------------------------------------
PASS: GemmConfiguration(datatype='f32', out_dtype='f32', g=2, m=86, k=152, n=273, trans_a=True, trans_b=False, perfconfig='gemm:v1:16,256,128,2,1,4,32,4,2,8,4', scaled_gemm=False, scale_a_dtype=None, scale_b_dtype=None, trans_scale_a=False, trans_scale_b=False, arch='gfx950:sramecc+:xnack-', chip='gfx950', num_cu=256, num_chiplets=8)
----------------------------------------------------------------------------------------------------
FAIL: GemmConfiguration(datatype='bf16', out_dtype='bf16', g=1, m=257, k=339, n=270, trans_a=True, trans_b=False, perfconfig='gemm:v1:256,16,16,2,1,1,0,3,2,1,1', scaled_gemm=False, scale_a_dtype=None, scale_b_dtype=None, trans_scale_a=False, trans_scale_b=False, arch='gfx950:sramecc+:xnack-', chip='gfx950', num_cu=256, num_chiplets=8)
----------------------------------------------------------------------------------------------------
PASS: GemmConfiguration(datatype='bf16', out_dtype='bf16', g=1, m=25, k=417, n=476, trans_a=False, trans_b=True, perfconfig='gemm:v1:32,128,128,2,1,2,0,3,1,1,0', scaled_gemm=False, scale_a_dtype=None, scale_b_dtype=None, trans_scale_a=False, trans_scale_b=False, arch='gfx950:sramecc+:xnack-', chip='gfx950', num_cu=256, num_chiplets=8)
Lowering rejected config as not applicable
Command line = -operation gemm -t i8 -out_datatype i32 --arch gfx950:sramecc+:xnack- --num_cu 256 --num_chiplets 8 -g 2 -m 134 -k 134 -n 412 -transA=True -transB=True --perf_config=gemm:v1:32,16,128,1,1,2,32,2,2,8,0 -pv
Errors = loc("<stdin>":18:10): error: Fusion with SplitK perfConfig is not legal
Lowering not applicable.

----------------------------------------------------------------------------------------------------
NOT_APPLICABLE: GemmConfiguration(datatype='i8', out_dtype='i32', g=2, m=134, k=134, n=412, trans_a=True, trans_b=True, perfconfig='gemm:v1:32,16,128,1,1,2,32,2,2,8,0', scaled_gemm=False, scale_a_dtype=None, scale_b_dtype=None, trans_scale_a=False, trans_scale_b=False, arch='gfx950:sramecc+:xnack-', chip='gfx950', num_cu=256, num_chiplets=8)
Lowering rejected config as not applicable
Command line = -operation gemm -t i8 -out_datatype i32 --arch gfx950:sramecc+:xnack- --num_cu 256 --num_chiplets 8 -g 2 -m 273 -k 476 -n 121 -transA=True -transB=True --perf_config=gemm:v1:16,16,128,2,1,1,16,2,3,0,1 -pv
Errors = loc("<stdin>":18:10): error: Fusion with SplitK perfConfig is not legal
Lowering not applicable.

----------------------------------------------------------------------------------------------------
NOT_APPLICABLE: GemmConfiguration(datatype='i8', out_dtype='i32', g=2, m=273, k=476, n=121, trans_a=True, trans_b=True, perfconfig='gemm:v1:16,16,128,2,1,1,16,2,3,0,1', scaled_gemm=False, scale_a_dtype=None, scale_b_dtype=None, trans_scale_a=False, trans_scale_b=False, arch='gfx950:sramecc+:xnack-', chip='gfx950', num_cu=256, num_chiplets=8)
----------------------------------------------------------------------------------------------------
PASS: GemmConfiguration(datatype='f16', out_dtype='f16', g=1, m=316, k=39, n=292, trans_a=True, trans_b=True, perfconfig='gemm:v1:64,64,64,2,1,4,32,1,3,8,4', scaled_gemm=False, scale_a_dtype=None, scale_b_dtype=None, trans_scale_a=False, trans_scale_b=False, arch='gfx950:sramecc+:xnack-', chip='gfx950', num_cu=256, num_chiplets=8)
----------------------------------------------------------------------------------------------------
PASS: GemmConfiguration(datatype='f32', out_dtype='f32', g=2, m=201, k=98, n=233, trans_a=False, trans_b=True, perfconfig='gemm:v1:32,16,16,1,1,16,16,2,2,1,2', scaled_gemm=False, scale_a_dtype=None, scale_b_dtype=None, trans_scale_a=False, trans_scale_b=False, arch='gfx950:sramecc+:xnack-', chip='gfx950', num_cu=256, num_chiplets=8)
FAIL: Runner returned incorrect result
Config = GemmConfiguration(datatype='fp8', out_dtype='f32', g=2, m=19, k=420, n=484, trans_a=True, trans_b=True, perfconfig='gemm:v1:32,16,32,2,1,4,0,4,2,1,1', scaled_gemm=False, scale_a_dtype=None, scale_b_dtype=None, trans_scale_a=False, trans_scale_b=False, arch='gfx950:sramecc+:xnack-', chip='gfx950', num_cu=256, num_chiplets=8)
Command line = -operation gemm -t fp8 -out_datatype f32 --arch gfx950:sramecc+:xnack- --num_cu 256 --num_chiplets 8 -g 2 -m 19 -k 420 -n 484 -transA=True -transB=True --perf_config=gemm:v1:32,16,32,2,1,4,0,4,2,1,1 -pv -relDiff_threshold 1e-5
Output = Number of elements: 18392
maxAbsDiff info: maxAbsDiff = 164.000000 (valNum = 253.75000, gpuNum = 89.75000), average absDiff = 1.1e+02
maxRelDiff info: maxRelDiff = 6.5e-01 (valNum = -122.5000000000, gpuNum = -42.6250000000), average relDiff = 6.5e-01
RMS = 4.6e-01
Histogram of relDiff: 
        relDiff = 0     : 0/18392 (0.000000%)
     0 < relDiff < 1e-06: 0/18392 (0.000000%)
1e-06 < relDiff <= 1e-05: 0/18392 (0.000000%)
1e-05 < relDiff <= 1e-04: 0/18392 (0.000000%)
1e-04 < relDiff <= 1e-03: 0/18392 (0.000000%)
1e-03 < relDiff <= 1e-02: 0/18392 (0.000000%)
1e-02 < relDiff <= 1e-01: 0/18392 (0.000000%)
1e-01 < relDiff <= 1e+00: 18392/18392 (100.000000%)
1e+00 < relDiff < inf   : 0/18392 (0.000000%)
        relDiff = inf   : 0/18392 (0.000000%)
[0 0 0]

----------------------------------------------------------------------------------------------------
PASS: GemmConfiguration(datatype='fp8', out_dtype='f32', g=1, m=292, k=312, n=286, trans_a=True, trans_b=False, perfconfig='gemm:v1:16,32,32,1,1,16,32,2,2,4,4', scaled_gemm=False, scale_a_dtype=None, scale_b_dtype=None, trans_scale_a=False, trans_scale_b=False, arch='gfx950:sramecc+:xnack-', chip='gfx950', num_cu=256, num_chiplets=8)
----------------------------------------------------------------------------------------------------
PASS: GemmConfiguration(datatype='fp8', out_dtype='f32', g=2, m=366, k=298, n=149, trans_a=False, trans_b=True, perfconfig='gemm:v1:64,64,128,1,1,8,0,4,2,8,8', scaled_gemm=False, scale_a_dtype=None, scale_b_dtype=None, trans_scale_a=False, trans_scale_b=False, arch='gfx950:sramecc+:xnack-', chip='gfx950', num_cu=256, num_chiplets=8)
----------------------------------------------------------------------------------------------------
PASS: GemmConfiguration(datatype='fp8', out_dtype='f32', g=1, m=504, k=7, n=478, trans_a=False, trans_b=False, perfconfig='gemm:v1:32,256,128,2,1,1,32,4,1,8,0', scaled_gemm=False, scale_a_dtype=None, scale_b_dtype=None, trans_scale_a=False, trans_scale_b=False, arch='gfx950:sramecc+:xnack-', chip='gfx950', num_cu=256, num_chiplets=8)
----------------------------------------------------------------------------------------------------
PASS: GemmConfiguration(datatype='bf16', out_dtype='bf16', g=1, m=353, k=170, n=238, trans_a=False, trans_b=True, perfconfig='gemm:v1:256,64,64,1,1,1,32,1,3,0,8', scaled_gemm=False, scale_a_dtype=None, scale_b_dtype=None, trans_scale_a=False, trans_scale_b=False, arch='gfx950:sramecc+:xnack-', chip='gfx950', num_cu=256, num_chiplets=8)
Lowering rejected config as not applicable
Command line = -operation gemm -t i8 -out_datatype i32 --arch gfx950:sramecc+:xnack- --num_cu 256 --num_chiplets 8 -g 2 -m 300 -k 24 -n 353 -transA=True -transB=True --perf_config=gemm:v1:256,128,32,1,1,2,32,2,1,1,8 -pv
Errors = loc("<stdin>":18:10): error: Fusion with SplitK perfConfig is not legal
Lowering not applicable.

----------------------------------------------------------------------------------------------------
NOT_APPLICABLE: GemmConfiguration(datatype='i8', out_dtype='i32', g=2, m=300, k=24, n=353, trans_a=True, trans_b=True, perfconfig='gemm:v1:256,128,32,1,1,2,32,2,1,1,8', scaled_gemm=False, scale_a_dtype=None, scale_b_dtype=None, trans_scale_a=False, trans_scale_b=False, arch='gfx950:sramecc+:xnack-', chip='gfx950', num_cu=256, num_chiplets=8)
Lowering rejected config as not applicable
Command line = -operation gemm -t i8 -out_datatype i32 --arch gfx950:sramecc+:xnack- --num_cu 256 --num_chiplets 8 -g 2 -m 367 -k 57 -n 191 -transA=False -transB=False --perf_config=gemm:v1:16,16,64,1,1,8,0,2,1,0,8 -pv
Errors = loc("<stdin>":18:10): error: Fusion with SplitK perfConfig is not legal
Lowering not applicable.

----------------------------------------------------------------------------------------------------
NOT_APPLICABLE: GemmConfiguration(datatype='i8', out_dtype='i32', g=2, m=367, k=57, n=191, trans_a=False, trans_b=False, perfconfig='gemm:v1:16,16,64,1,1,8,0,2,1,0,8', scaled_gemm=False, scale_a_dtype=None, scale_b_dtype=None, trans_scale_a=False, trans_scale_b=False, arch='gfx950:sramecc+:xnack-', chip='gfx950', num_cu=256, num_chiplets=8)
----------------------------------------------------------------------------------------------------
FAIL: GemmConfiguration(datatype='fp8', out_dtype='f32', g=2, m=19, k=420, n=484, trans_a=True, trans_b=True, perfconfig='gemm:v1:32,16,32,2,1,4,0,4,2,1,1', scaled_gemm=False, scale_a_dtype=None, scale_b_dtype=None, trans_scale_a=False, trans_scale_b=False, arch='gfx950:sramecc+:xnack-', chip='gfx950', num_cu=256, num_chiplets=8)
----------------------------------------------------------------------------------------------------
PASS: GemmConfiguration(datatype='fp8', out_dtype='f32', g=1, m=391, k=40, n=178, trans_a=False, trans_b=False, perfconfig='gemm:v1:256,64,64,1,1,4,16,1,2,4,2', scaled_gemm=False, scale_a_dtype=None, scale_b_dtype=None, trans_scale_a=False, trans_scale_b=False, arch='gfx950:sramecc+:xnack-', chip='gfx950', num_cu=256, num_chiplets=8)
----------------------------------------------------------------------------------------------------
PASS: GemmConfiguration(datatype='f32', out_dtype='f32', g=2, m=231, k=100, n=215, trans_a=True, trans_b=True, perfconfig='gemm:v1:16,32,64,1,1,1,16,3,3,0,8', scaled_gemm=False, scale_a_dtype=None, scale_b_dtype=None, trans_scale_a=False, trans_scale_b=False, arch='gfx950:sramecc+:xnack-', chip='gfx950', num_cu=256, num_chiplets=8)
----------------------------------------------------------------------------------------------------
PASS: GemmConfiguration(datatype='f32', out_dtype='f32', g=2, m=303, k=441, n=249, trans_a=False, trans_b=False, perfconfig='gemm:v1:32,64,16,2,1,4,0,4,2,1,4', scaled_gemm=False, scale_a_dtype=None, scale_b_dtype=None, trans_scale_a=False, trans_scale_b=False, arch='gfx950:sramecc+:xnack-', chip='gfx950', num_cu=256, num_chiplets=8)
----------------------------------------------------------------------------------------------------
PASS: GemmConfiguration(datatype='f32', out_dtype='f32', g=2, m=166, k=157, n=193, trans_a=True, trans_b=True, perfconfig='gemm:v1:128,128,32,2,1,4,0,2,3,4,8', scaled_gemm=False, scale_a_dtype=None, scale_b_dtype=None, trans_scale_a=False, trans_scale_b=False, arch='gfx950:sramecc+:xnack-', chip='gfx950', num_cu=256, num_chiplets=8)
----------------------------------------------------------------------------------------------------
PASS: GemmConfiguration(datatype='fp8', out_dtype='f32', g=1, m=491, k=44, n=296, trans_a=False, trans_b=True, perfconfig='gemm:v1:256,128,16,2,1,2,0,4,1,2,2', scaled_gemm=False, scale_a_dtype=None, scale_b_dtype=None, trans_scale_a=False, trans_scale_b=False, arch='gfx950:sramecc+:xnack-', chip='gfx950', num_cu=256, num_chiplets=8)
Lowering rejected config as not applicable
Command line = -operation gemm -t i8 -out_datatype i32 --arch gfx950:sramecc+:xnack- --num_cu 256 --num_chiplets 8 -g 1 -m 467 -k 236 -n 89 -transA=True -transB=True --perf_config=gemm:v1:64,64,32,1,1,2,16,2,3,4,4 -pv
Errors = loc("<stdin>":18:10): error: Fusion with SplitK perfConfig is not legal
Lowering not applicable.

----------------------------------------------------------------------------------------------------
NOT_APPLICABLE: GemmConfiguration(datatype='i8', out_dtype='i32', g=1, m=467, k=236, n=89, trans_a=True, trans_b=True, perfconfig='gemm:v1:64,64,32,1,1,2,16,2,3,4,4', scaled_gemm=False, scale_a_dtype=None, scale_b_dtype=None, trans_scale_a=False, trans_scale_b=False, arch='gfx950:sramecc+:xnack-', chip='gfx950', num_cu=256, num_chiplets=8)
Lowering rejected config as not applicable
Command line = -operation gemm -t i8 -out_datatype i32 --arch gfx950:sramecc+:xnack- --num_cu 256 --num_chiplets 8 -g 2 -m 117 -k 308 -n 503 -transA=False -transB=False --perf_config=gemm:v1:64,128,16,1,1,4,16,2,2,8,0 -pv
Errors = loc("<stdin>":18:10): error: Fusion with SplitK perfConfig is not legal
Lowering not applicable.

----------------------------------------------------------------------------------------------------
NOT_APPLICABLE: GemmConfiguration(datatype='i8', out_dtype='i32', g=2, m=117, k=308, n=503, trans_a=False, trans_b=False, perfconfig='gemm:v1:64,128,16,1,1,4,16,2,2,8,0', scaled_gemm=False, scale_a_dtype=None, scale_b_dtype=None, trans_scale_a=False, trans_scale_b=False, arch='gfx950:sramecc+:xnack-', chip='gfx950', num_cu=256, num_chiplets=8)
Lowering rejected config as not applicable
Command line = -operation gemm -t f32 -out_datatype f32 --arch gfx950:sramecc+:xnack- --num_cu 256 --num_chiplets 8 -g 1 -m 298 -k 484 -n 334 -transA=True -transB=True --perf_config=gemm:v1:64,256,64,2,1,1,32,4,3,0,0 -pv
Errors = loc("<stdin>":12:1): error: ttg.shared (245760) exceeds LDS limit (163840) for amdgcn-amd-amdhsa:gfx950:sramecc+:xnack-
Lowering not applicable.

FAIL: Runner returned incorrect result
Config = GemmConfiguration(datatype='fp8', out_dtype='f32', g=1, m=85, k=330, n=154, trans_a=False, trans_b=False, perfconfig='gemm:v1:32,16,32,2,1,2,0,3,2,4,1', scaled_gemm=False, scale_a_dtype=None, scale_b_dtype=None, trans_scale_a=False, trans_scale_b=False, arch='gfx950:sramecc+:xnack-', chip='gfx950', num_cu=256, num_chiplets=8)
Command line = -operation gemm -t fp8 -out_datatype f32 --arch gfx950:sramecc+:xnack- --num_cu 256 --num_chiplets 8 -g 1 -m 85 -k 330 -n 154 -transA=False -transB=False --perf_config=gemm:v1:32,16,32,2,1,2,0,3,2,4,1 -pv -relDiff_threshold 1e-5
Output = Number of elements: 13090
maxAbsDiff info: maxAbsDiff = 123.250000 (valNum = 199.37500, gpuNum = 76.12500), average absDiff = 8.1e+01
maxRelDiff info: maxRelDiff = 6.2e-01 (valNum = 199.3750000000, gpuNum = 76.1250000000), average relDiff = 6.2e-01
RMS = 4.3e-01
Histogram of relDiff: 
        relDiff = 0     : 0/13090 (0.000000%)
     0 < relDiff < 1e-06: 0/13090 (0.000000%)
1e-06 < relDiff <= 1e-05: 0/13090 (0.000000%)
1e-05 < relDiff <= 1e-04: 0/13090 (0.000000%)
1e-04 < relDiff <= 1e-03: 0/13090 (0.000000%)
1e-03 < relDiff <= 1e-02: 0/13090 (0.000000%)
1e-02 < relDiff <= 1e-01: 0/13090 (0.000000%)
1e-01 < relDiff <= 1e+00: 13090/13090 (100.000000%)
1e+00 < relDiff < inf   : 0/13090 (0.000000%)
        relDiff = inf   : 0/13090 (0.000000%)
[0 0 0]

FAIL: Runner returned incorrect result
Config = GemmConfiguration(datatype='f16', out_dtype='f16', g=2, m=6, k=246, n=355, trans_a=False, trans_b=False, perfconfig='gemm:v1:32,32,32,2,1,1,16,3,3,2,1', scaled_gemm=False, scale_a_dtype=None, scale_b_dtype=None, trans_scale_a=False, trans_scale_b=False, arch='gfx950:sramecc+:xnack-', chip='gfx950', num_cu=256, num_chiplets=8)
Command line = -operation gemm -t f16 -out_datatype f16 --arch gfx950:sramecc+:xnack- --num_cu 256 --num_chiplets 8 -g 2 -m 6 -k 246 -n 355 -transA=False -transB=False --perf_config=gemm:v1:32,32,32,2,1,1,16,3,3,2,1 -pv
Output = Number of elements: 4260
maxAbsDiff info: maxAbsDiff = 72.500000 (valNum = 148.62500, gpuNum = 76.12500), average absDiff = 4.8e+01
maxRelDiff info: maxRelDiff = 4.9e-01 (valNum = 148.6250000000, gpuNum = 76.1250000000), average relDiff = 4.9e-01
RMS = 3.4e-01
Histogram of relDiff: 
        relDiff = 0     : 0/4260 (0.000000%)
     0 < relDiff < 1e-06: 0/4260 (0.000000%)
1e-06 < relDiff <= 1e-05: 0/4260 (0.000000%)
1e-05 < relDiff <= 1e-04: 0/4260 (0.000000%)
1e-04 < relDiff <= 1e-03: 0/4260 (0.000000%)
1e-03 < relDiff <= 1e-02: 0/4260 (0.000000%)
1e-02 < relDiff <= 1e-01: 0/4260 (0.000000%)
1e-01 < relDiff <= 1e+00: 4260/4260 (100.000000%)
1e+00 < relDiff < inf   : 0/4260 (0.000000%)
        relDiff = inf   : 0/4260 (0.000000%)
[0 1 1]

FAIL: Runner returned incorrect result
Config = GemmConfiguration(datatype='f16', out_dtype='f16', g=1, m=279, k=95, n=58, trans_a=True, trans_b=False, perfconfig='gemm:v1:256,256,16,2,1,2,32,2,1,1,4', scaled_gemm=False, scale_a_dtype=None, scale_b_dtype=None, trans_scale_a=False, trans_scale_b=False, arch='gfx950:sramecc+:xnack-', chip='gfx950', num_cu=256, num_chiplets=8)
Command line = -operation gemm -t f16 -out_datatype f16 --arch gfx950:sramecc+:xnack- --num_cu 256 --num_chiplets 8 -g 1 -m 279 -k 95 -n 58 -transA=True -transB=False --perf_config=gemm:v1:256,256,16,2,1,2,32,2,1,1,4 -pv
Output = Number of elements: 16182
maxAbsDiff info: maxAbsDiff = 4.750000 (valNum = -9.00000, gpuNum = -4.25000), average absDiff = 2.5e+00
maxRelDiff info: maxRelDiff = 5.3e-01 (valNum = 4.5000000000, gpuNum = 2.1250000000), average relDiff = 4.1e-01
RMS = 3.0e-01
Histogram of relDiff: 
        relDiff = 0     : 0/16182 (0.000000%)
     0 < relDiff < 1e-06: 0/16182 (0.000000%)
1e-06 < relDiff <= 1e-05: 0/16182 (0.000000%)
1e-05 < relDiff <= 1e-04: 0/16182 (0.000000%)
1e-04 < relDiff <= 1e-03: 0/16182 (0.000000%)
1e-03 < relDiff <= 1e-02: 0/16182 (0.000000%)
1e-02 < relDiff <= 1e-01: 0/16182 (0.000000%)
1e-01 < relDiff <= 1e+00: 16182/16182 (100.000000%)
1e+00 < relDiff < inf   : 0/16182 (0.000000%)
        relDiff = inf   : 0/16182 (0.000000%)
[0 1 1]

----------------------------------------------------------------------------------------------------
NOT_APPLICABLE: GemmConfiguration(datatype='f32', out_dtype='f32', g=1, m=298, k=484, n=334, trans_a=True, trans_b=True, perfconfig='gemm:v1:64,256,64,2,1,1,32,4,3,0,0', scaled_gemm=False, scale_a_dtype=None, scale_b_dtype=None, trans_scale_a=False, trans_scale_b=False, arch='gfx950:sramecc+:xnack-', chip='gfx950', num_cu=256, num_chiplets=8)
----------------------------------------------------------------------------------------------------
PASS: GemmConfiguration(datatype='f32', out_dtype='f32', g=2, m=274, k=497, n=42, trans_a=False, trans_b=True, perfconfig='gemm:v1:32,32,32,1,1,4,0,2,1,2,2', scaled_gemm=False, scale_a_dtype=None, scale_b_dtype=None, trans_scale_a=False, trans_scale_b=False, arch='gfx950:sramecc+:xnack-', chip='gfx950', num_cu=256, num_chiplets=8)
----------------------------------------------------------------------------------------------------
FAIL: GemmConfiguration(datatype='fp8', out_dtype='f32', g=1, m=85, k=330, n=154, trans_a=False, trans_b=False, perfconfig='gemm:v1:32,16,32,2,1,2,0,3,2,4,1', scaled_gemm=False, scale_a_dtype=None, scale_b_dtype=None, trans_scale_a=False, trans_scale_b=False, arch='gfx950:sramecc+:xnack-', chip='gfx950', num_cu=256, num_chiplets=8)
----------------------------------------------------------------------------------------------------
FAIL: GemmConfiguration(datatype='f16', out_dtype='f16', g=2, m=6, k=246, n=355, trans_a=False, trans_b=False, perfconfig='gemm:v1:32,32,32,2,1,1,16,3,3,2,1', scaled_gemm=False, scale_a_dtype=None, scale_b_dtype=None, trans_scale_a=False, trans_scale_b=False, arch='gfx950:sramecc+:xnack-', chip='gfx950', num_cu=256, num_chiplets=8)
----------------------------------------------------------------------------------------------------
PASS: GemmConfiguration(datatype='f32', out_dtype='f32', g=1, m=284, k=65, n=403, trans_a=True, trans_b=True, perfconfig='gemm:v1:256,256,32,1,1,8,16,4,1,1,0', scaled_gemm=False, scale_a_dtype=None, scale_b_dtype=None, trans_scale_a=False, trans_scale_b=False, arch='gfx950:sramecc+:xnack-', chip='gfx950', num_cu=256, num_chiplets=8)
----------------------------------------------------------------------------------------------------
PASS: GemmConfiguration(datatype='f16', out_dtype='f16', g=2, m=252, k=449, n=87, trans_a=True, trans_b=False, perfconfig='gemm:v1:128,16,128,1,1,1,32,3,3,4,1', scaled_gemm=False, scale_a_dtype=None, scale_b_dtype=None, trans_scale_a=False, trans_scale_b=False, arch='gfx950:sramecc+:xnack-', chip='gfx950', num_cu=256, num_chiplets=8)
Lowering rejected config as not applicable
Command line = -operation gemm -t i8 -out_datatype i32 --arch gfx950:sramecc+:xnack- --num_cu 256 --num_chiplets 8 -g 2 -m 264 -k 215 -n 314 -transA=True -transB=False --perf_config=gemm:v1:64,128,16,1,1,8,32,4,2,8,4 -pv
Errors = loc("<stdin>":18:10): error: Fusion with SplitK perfConfig is not legal
Lowering not applicable.

----------------------------------------------------------------------------------------------------
NOT_APPLICABLE: GemmConfiguration(datatype='i8', out_dtype='i32', g=2, m=264, k=215, n=314, trans_a=True, trans_b=False, perfconfig='gemm:v1:64,128,16,1,1,8,32,4,2,8,4', scaled_gemm=False, scale_a_dtype=None, scale_b_dtype=None, trans_scale_a=False, trans_scale_b=False, arch='gfx950:sramecc+:xnack-', chip='gfx950', num_cu=256, num_chiplets=8)
Lowering rejected config as not applicable
Command line = -operation gemm -t i8 -out_datatype i32 --arch gfx950:sramecc+:xnack- --num_cu 256 --num_chiplets 8 -g 2 -m 7 -k 39 -n 135 -transA=True -transB=True --perf_config=gemm:v1:16,256,32,1,1,1,0,2,2,1,8 -pv
Errors = loc("<stdin>":18:10): error: Fusion with SplitK perfConfig is not legal
Lowering not applicable.

----------------------------------------------------------------------------------------------------
NOT_APPLICABLE: GemmConfiguration(datatype='i8', out_dtype='i32', g=2, m=7, k=39, n=135, trans_a=True, trans_b=True, perfconfig='gemm:v1:16,256,32,1,1,1,0,2,2,1,8', scaled_gemm=False, scale_a_dtype=None, scale_b_dtype=None, trans_scale_a=False, trans_scale_b=False, arch='gfx950:sramecc+:xnack-', chip='gfx950', num_cu=256, num_chiplets=8)
Lowering rejected config as not applicable
Command line = -operation gemm -t i8 -out_datatype i32 --arch gfx950:sramecc+:xnack- --num_cu 256 --num_chiplets 8 -g 1 -m 330 -k 105 -n 175 -transA=False -transB=False --perf_config=gemm:v1:256,16,32,1,1,1,16,2,1,2,4 -pv
Errors = loc("<stdin>":18:10): error: Fusion with SplitK perfConfig is not legal
Lowering not applicable.

----------------------------------------------------------------------------------------------------
NOT_APPLICABLE: GemmConfiguration(datatype='i8', out_dtype='i32', g=1, m=330, k=105, n=175, trans_a=False, trans_b=False, perfconfig='gemm:v1:256,16,32,1,1,1,16,2,1,2,4', scaled_gemm=False, scale_a_dtype=None, scale_b_dtype=None, trans_scale_a=False, trans_scale_b=False, arch='gfx950:sramecc+:xnack-', chip='gfx950', num_cu=256, num_chiplets=8)
----------------------------------------------------------------------------------------------------
PASS: GemmConfiguration(datatype='i8', out_dtype='i32', g=2, m=175, k=140, n=164, trans_a=False, trans_b=False, perfconfig='gemm:v1:128,16,64,1,1,8,0,1,2,1,8', scaled_gemm=False, scale_a_dtype=None, scale_b_dtype=None, trans_scale_a=False, trans_scale_b=False, arch='gfx950:sramecc+:xnack-', chip='gfx950', num_cu=256, num_chiplets=8)
----------------------------------------------------------------------------------------------------
PASS: GemmConfiguration(datatype='i8', out_dtype='i32', g=2, m=482, k=72, n=370, trans_a=False, trans_b=True, perfconfig='gemm:v1:256,32,16,2,1,8,16,1,1,0,1', scaled_gemm=False, scale_a_dtype=None, scale_b_dtype=None, trans_scale_a=False, trans_scale_b=False, arch='gfx950:sramecc+:xnack-', chip='gfx950', num_cu=256, num_chiplets=8)
----------------------------------------------------------------------------------------------------
PASS: GemmConfiguration(datatype='fp8', out_dtype='f32', g=1, m=328, k=409, n=235, trans_a=False, trans_b=True, perfconfig='gemm:v1:64,16,16,2,1,16,0,2,3,8,4', scaled_gemm=False, scale_a_dtype=None, scale_b_dtype=None, trans_scale_a=False, trans_scale_b=False, arch='gfx950:sramecc+:xnack-', chip='gfx950', num_cu=256, num_chiplets=8)
----------------------------------------------------------------------------------------------------
PASS: GemmConfiguration(datatype='fp8', out_dtype='f32', g=1, m=73, k=79, n=428, trans_a=True, trans_b=True, perfconfig='gemm:v1:32,128,128,1,1,1,16,3,3,8,0', scaled_gemm=False, scale_a_dtype=None, scale_b_dtype=None, trans_scale_a=False, trans_scale_b=False, arch='gfx950:sramecc+:xnack-', chip='gfx950', num_cu=256, num_chiplets=8)
----------------------------------------------------------------------------------------------------
FAIL: GemmConfiguration(datatype='f16', out_dtype='f16', g=1, m=279, k=95, n=58, trans_a=True, trans_b=False, perfconfig='gemm:v1:256,256,16,2,1,2,32,2,1,1,4', scaled_gemm=False, scale_a_dtype=None, scale_b_dtype=None, trans_scale_a=False, trans_scale_b=False, arch='gfx950:sramecc+:xnack-', chip='gfx950', num_cu=256, num_chiplets=8)
Lowering rejected config as not applicable
Command line = -operation gemm -t i8 -out_datatype i32 --arch gfx950:sramecc+:xnack- --num_cu 256 --num_chiplets 8 -g 1 -m 489 -k 400 -n 371 -transA=True -transB=True --perf_config=gemm:v1:16,32,128,1,1,16,16,3,3,0,1 -pv
Errors = loc("<stdin>":18:10): error: Fusion with SplitK perfConfig is not legal
Lowering not applicable.

----------------------------------------------------------------------------------------------------
NOT_APPLICABLE: GemmConfiguration(datatype='i8', out_dtype='i32', g=1, m=489, k=400, n=371, trans_a=True, trans_b=True, perfconfig='gemm:v1:16,32,128,1,1,16,16,3,3,0,1', scaled_gemm=False, scale_a_dtype=None, scale_b_dtype=None, trans_scale_a=False, trans_scale_b=False, arch='gfx950:sramecc+:xnack-', chip='gfx950', num_cu=256, num_chiplets=8)
FAIL: Runner returned incorrect result
Config = GemmConfiguration(datatype='fp8', out_dtype='f32', g=2, m=396, k=140, n=70, trans_a=False, trans_b=False, perfconfig='gemm:v1:128,64,32,2,1,8,16,3,1,4,4', scaled_gemm=False, scale_a_dtype=None, scale_b_dtype=None, trans_scale_a=False, trans_scale_b=False, arch='gfx950:sramecc+:xnack-', chip='gfx950', num_cu=256, num_chiplets=8)
Command line = -operation gemm -t fp8 -out_datatype f32 --arch gfx950:sramecc+:xnack- --num_cu 256 --num_chiplets 8 -g 2 -m 396 -k 140 -n 70 -transA=False -transB=False --perf_config=gemm:v1:128,64,32,2,1,8,16,3,1,4,4 -pv -relDiff_threshold 1e-5
Output = Number of elements: 55440
maxAbsDiff info: maxAbsDiff = 29.000000 (valNum = 84.62500, gpuNum = 55.62500), average absDiff = 1.9e+01
maxRelDiff info: maxRelDiff = 3.5e-01 (valNum = -40.3750000000, gpuNum = -26.3750000000), average relDiff = 3.4e-01
RMS = 2.4e-01
Histogram of relDiff: 
        relDiff = 0     : 0/55440 (0.000000%)
     0 < relDiff < 1e-06: 0/55440 (0.000000%)
1e-06 < relDiff <= 1e-05: 0/55440 (0.000000%)
1e-05 < relDiff <= 1e-04: 0/55440 (0.000000%)
1e-04 < relDiff <= 1e-03: 0/55440 (0.000000%)
1e-03 < relDiff <= 1e-02: 0/55440 (0.000000%)
1e-02 < relDiff <= 1e-01: 0/55440 (0.000000%)
1e-01 < relDiff <= 1e+00: 55440/55440 (100.000000%)
1e+00 < relDiff < inf   : 0/55440 (0.000000%)
        relDiff = inf   : 0/55440 (0.000000%)
[0 1 0]

FAIL: Runner returned incorrect result
Config = GemmConfiguration(datatype='bf16', out_dtype='bf16', g=1, m=285, k=76, n=255, trans_a=True, trans_b=False, perfconfig='gemm:v1:256,128,16,2,1,16,0,3,3,4,2', scaled_gemm=False, scale_a_dtype=None, scale_b_dtype=None, trans_scale_a=False, trans_scale_b=False, arch='gfx950:sramecc+:xnack-', chip='gfx950', num_cu=256, num_chiplets=8)
Command line = -operation gemm -t bf16 -out_datatype bf16 --arch gfx950:sramecc+:xnack- --num_cu 256 --num_chiplets 8 -g 1 -m 285 -k 76 -n 255 -transA=True -transB=False --perf_config=gemm:v1:256,128,16,2,1,16,0,3,3,4,2 -pv -RMS_threshold 1e-2
Output = Number of elements: 72675
maxAbsDiff info: maxAbsDiff = 24.000000 (valNum = 76.00000, gpuNum = 52.00000), average absDiff = 1.4e+01
maxRelDiff info: maxRelDiff = 3.2e-01 (valNum = 19.0000000000, gpuNum = 13.0000000000), average relDiff = 3.2e-01
RMS = 1.9e-01
Histogram of relDiff: 
        relDiff = 0     : 0/72675 (0.000000%)
     0 < relDiff < 1e-06: 0/72675 (0.000000%)
1e-06 < relDiff <= 1e-05: 0/72675 (0.000000%)
1e-05 < relDiff <= 1e-04: 0/72675 (0.000000%)
1e-04 < relDiff <= 1e-03: 0/72675 (0.000000%)
1e-03 < relDiff <= 1e-02: 0/72675 (0.000000%)
1e-02 < relDiff <= 1e-01: 0/72675 (0.000000%)
1e-01 < relDiff <= 1e+00: 72675/72675 (100.000000%)
1e+00 < relDiff < inf   : 0/72675 (0.000000%)
        relDiff = inf   : 0/72675 (0.000000%)
[0 1 1]

FAIL: Runner returned incorrect result
Config = GemmConfiguration(datatype='bf16', out_dtype='bf16', g=1, m=23, k=248, n=202, trans_a=False, trans_b=False, perfconfig='gemm:v1:32,64,32,2,1,16,16,1,2,2,0', scaled_gemm=False, scale_a_dtype=None, scale_b_dtype=None, trans_scale_a=False, trans_scale_b=False, arch='gfx950:sramecc+:xnack-', chip='gfx950', num_cu=256, num_chiplets=8)
Command line = -operation gemm -t bf16 -out_datatype bf16 --arch gfx950:sramecc+:xnack- --num_cu 256 --num_chiplets 8 -g 1 -m 23 -k 248 -n 202 -transA=False -transB=False --perf_config=gemm:v1:32,64,32,2,1,16,16,1,2,2,0 -pv -RMS_threshold 1e-2
Output = Number of elements: 4646
maxAbsDiff info: maxAbsDiff = 116.250000 (valNum = 150.00000, gpuNum = 33.75000), average absDiff = 7.6e+01
maxRelDiff info: maxRelDiff = 7.8e-01 (valNum = -72.0000000000, gpuNum = -16.1250000000), average relDiff = 7.8e-01
RMS = 5.4e-01
Histogram of relDiff: 
        relDiff = 0     : 0/4646 (0.000000%)
     0 < relDiff < 1e-06: 0/4646 (0.000000%)
1e-06 < relDiff <= 1e-05: 0/4646 (0.000000%)
1e-05 < relDiff <= 1e-04: 0/4646 (0.000000%)
1e-04 < relDiff <= 1e-03: 0/4646 (0.000000%)
1e-03 < relDiff <= 1e-02: 0/4646 (0.000000%)
1e-02 < relDiff <= 1e-01: 0/4646 (0.000000%)
1e-01 < relDiff <= 1e+00: 4646/4646 (100.000000%)
1e+00 < relDiff < inf   : 0/4646 (0.000000%)
        relDiff = inf   : 0/4646 (0.000000%)
[0 0 1]

FAIL: Runner returned incorrect result
Config = GemmConfiguration(datatype='i8', out_dtype='i32', g=2, m=278, k=354, n=53, trans_a=False, trans_b=False, perfconfig='gemm:v1:64,16,64,2,1,2,16,1,2,2,4', scaled_gemm=False, scale_a_dtype=None, scale_b_dtype=None, trans_scale_a=False, trans_scale_b=False, arch='gfx950:sramecc+:xnack-', chip='gfx950', num_cu=256, num_chiplets=8)
Command line = -operation gemm -t i8 -out_datatype i32 --arch gfx950:sramecc+:xnack- --num_cu 256 --num_chiplets 8 -g 2 -m 278 -k 354 -n 53 -transA=False -transB=False --perf_config=gemm:v1:64,16,64,2,1,2,16,1,2,2,4 -pv
Output = Number of elements: 29468
Number of incorrect elements: 29468
maxAbsDiff: 430
Number of overflow elements: 0
[0 0 0]
----------------------------------------------------------------------------------------------------
PASS: GemmConfiguration(datatype='f32', out_dtype='f32', g=1, m=110, k=1, n=380, trans_a=True, trans_b=True, perfconfig='gemm:v1:256,64,16,1,1,16,16,3,2,4,2', scaled_gemm=False, scale_a_dtype=None, scale_b_dtype=None, trans_scale_a=False, trans_scale_b=False, arch='gfx950:sramecc+:xnack-', chip='gfx950', num_cu=256, num_chiplets=8)
----------------------------------------------------------------------------------------------------
FAIL: GemmConfiguration(datatype='fp8', out_dtype='f32', g=2, m=396, k=140, n=70, trans_a=False, trans_b=False, perfconfig='gemm:v1:128,64,32,2,1,8,16,3,1,4,4', scaled_gemm=False, scale_a_dtype=None, scale_b_dtype=None, trans_scale_a=False, trans_scale_b=False, arch='gfx950:sramecc+:xnack-', chip='gfx950', num_cu=256, num_chiplets=8)
----------------------------------------------------------------------------------------------------
PASS: GemmConfiguration(datatype='fp8', out_dtype='f32', g=2, m=216, k=328, n=317, trans_a=True, trans_b=True, perfconfig='gemm:v1:128,32,64,2,1,4,16,4,2,4,2', scaled_gemm=False, scale_a_dtype=None, scale_b_dtype=None, trans_scale_a=False, trans_scale_b=False, arch='gfx950:sramecc+:xnack-', chip='gfx950', num_cu=256, num_chiplets=8)
----------------------------------------------------------------------------------------------------
PASS: GemmConfiguration(datatype='fp8', out_dtype='f32', g=2, m=390, k=133, n=286, trans_a=False, trans_b=True, perfconfig='gemm:v1:32,128,32,1,1,2,32,3,2,1,8', scaled_gemm=False, scale_a_dtype=None, scale_b_dtype=None, trans_scale_a=False, trans_scale_b=False, arch='gfx950:sramecc+:xnack-', chip='gfx950', num_cu=256, num_chiplets=8)
----------------------------------------------------------------------------------------------------
PASS: GemmConfiguration(datatype='bf16', out_dtype='bf16', g=2, m=41, k=94, n=461, trans_a=False, trans_b=True, perfconfig='gemm:v1:32,256,64,2,1,16,0,2,2,2,2', scaled_gemm=False, scale_a_dtype=None, scale_b_dtype=None, trans_scale_a=False, trans_scale_b=False, arch='gfx950:sramecc+:xnack-', chip='gfx950', num_cu=256, num_chiplets=8)
----------------------------------------------------------------------------------------------------
PASS: GemmConfiguration(datatype='f32', out_dtype='f32', g=2, m=193, k=97, n=238, trans_a=False, trans_b=True, perfconfig='gemm:v1:32,128,16,1,1,1,0,2,1,1,1', scaled_gemm=False, scale_a_dtype=None, scale_b_dtype=None, trans_scale_a=False, trans_scale_b=False, arch='gfx950:sramecc+:xnack-', chip='gfx950', num_cu=256, num_chiplets=8)
----------------------------------------------------------------------------------------------------
FAIL: GemmConfiguration(datatype='bf16', out_dtype='bf16', g=1, m=285, k=76, n=255, trans_a=True, trans_b=False, perfconfig='gemm:v1:256,128,16,2,1,16,0,3,3,4,2', scaled_gemm=False, scale_a_dtype=None, scale_b_dtype=None, trans_scale_a=False, trans_scale_b=False, arch='gfx950:sramecc+:xnack-', chip='gfx950', num_cu=256, num_chiplets=8)
----------------------------------------------------------------------------------------------------
PASS: GemmConfiguration(datatype='f16', out_dtype='f16', g=2, m=361, k=384, n=88, trans_a=True, trans_b=True, perfconfig='gemm:v1:16,256,64,1,1,16,16,4,1,1,2', scaled_gemm=False, scale_a_dtype=None, scale_b_dtype=None, trans_scale_a=False, trans_scale_b=False, arch='gfx950:sramecc+:xnack-', chip='gfx950', num_cu=256, num_chiplets=8)
----------------------------------------------------------------------------------------------------
PASS: GemmConfiguration(datatype='bf16', out_dtype='bf16', g=1, m=199, k=176, n=176, trans_a=False, trans_b=True, perfconfig='gemm:v1:16,256,32,1,1,4,16,3,2,0,2', scaled_gemm=False, scale_a_dtype=None, scale_b_dtype=None, trans_scale_a=False, trans_scale_b=False, arch='gfx950:sramecc+:xnack-', chip='gfx950', num_cu=256, num_chiplets=8)
----------------------------------------------------------------------------------------------------
FAIL: GemmConfiguration(datatype='bf16', out_dtype='bf16', g=1, m=23, k=248, n=202, trans_a=False, trans_b=False, perfconfig='gemm:v1:32,64,32,2,1,16,16,1,2,2,0', scaled_gemm=False, scale_a_dtype=None, scale_b_dtype=None, trans_scale_a=False, trans_scale_b=False, arch='gfx950:sramecc+:xnack-', chip='gfx950', num_cu=256, num_chiplets=8)
----------------------------------------------------------------------------------------------------
FAIL: GemmConfiguration(datatype='i8', out_dtype='i32', g=2, m=278, k=354, n=53, trans_a=False, trans_b=False, perfconfig='gemm:v1:64,16,64,2,1,2,16,1,2,2,4', scaled_gemm=False, scale_a_dtype=None, scale_b_dtype=None, trans_scale_a=False, trans_scale_b=False, arch='gfx950:sramecc+:xnack-', chip='gfx950', num_cu=256, num_chiplets=8)
----------------------------------------------------------------------------------------------------
PASS: GemmConfiguration(datatype='f16', out_dtype='f16', g=1, m=310, k=509, n=375, trans_a=True, trans_b=False, perfconfig='gemm:v1:128,32,32,2,1,4,32,4,3,4,4', scaled_gemm=False, scale_a_dtype=None, scale_b_dtype=None, trans_scale_a=False, trans_scale_b=False, arch='gfx950:sramecc+:xnack-', chip='gfx950', num_cu=256, num_chiplets=8)
----------------------------------------------------------------------------------------------------
PASS: GemmConfiguration(datatype='fp8', out_dtype='f32', g=2, m=447, k=272, n=121, trans_a=True, trans_b=True, perfconfig='gemm:v1:64,32,64,1,1,1,16,3,3,1,8', scaled_gemm=False, scale_a_dtype=None, scale_b_dtype=None, trans_scale_a=False, trans_scale_b=False, arch='gfx950:sramecc+:xnack-', chip='gfx950', num_cu=256, num_chiplets=8)
----------------------------------------------------------------------------------------------------
PASS: GemmConfiguration(datatype='fp8', out_dtype='f32', g=1, m=101, k=353, n=353, trans_a=True, trans_b=True, perfconfig='gemm:v1:256,32,16,2,1,2,16,2,2,2,0', scaled_gemm=False, scale_a_dtype=None, scale_b_dtype=None, trans_scale_a=False, trans_scale_b=False, arch='gfx950:sramecc+:xnack-', chip='gfx950', num_cu=256, num_chiplets=8)
----------------------------------------------------------------------------------------------------
PASS: GemmConfiguration(datatype='f16', out_dtype='f16', g=1, m=62, k=125, n=335, trans_a=True, trans_b=True, perfconfig='gemm:v1:256,256,16,1,1,8,0,3,1,1,8', scaled_gemm=False, scale_a_dtype=None, scale_b_dtype=None, trans_scale_a=False, trans_scale_b=False, arch='gfx950:sramecc+:xnack-', chip='gfx950', num_cu=256, num_chiplets=8)
----------------------------------------------------------------------------------------------------
PASS: GemmConfiguration(datatype='f32', out_dtype='f32', g=1, m=233, k=176, n=76, trans_a=False, trans_b=False, perfconfig='gemm:v1:16,16,64,2,1,8,16,2,3,2,0', scaled_gemm=False, scale_a_dtype=None, scale_b_dtype=None, trans_scale_a=False, trans_scale_b=False, arch='gfx950:sramecc+:xnack-', chip='gfx950', num_cu=256, num_chiplets=8)
----------------------------------------------------------------------------------------------------
PASS: GemmConfiguration(datatype='f32', out_dtype='f32', g=2, m=102, k=471, n=159, trans_a=True, trans_b=True, perfconfig='gemm:v1:64,16,64,2,1,16,0,3,3,0,1', scaled_gemm=False, scale_a_dtype=None, scale_b_dtype=None, trans_scale_a=False, trans_scale_b=False, arch='gfx950:sramecc+:xnack-', chip='gfx950', num_cu=256, num_chiplets=8)
----------------------------------------------------------------------------------------------------
PASS: GemmConfiguration(datatype='bf16', out_dtype='bf16', g=1, m=224, k=36, n=174, trans_a=True, trans_b=True, perfconfig='gemm:v1:16,128,128,2,1,4,32,3,3,1,4', scaled_gemm=False, scale_a_dtype=None, scale_b_dtype=None, trans_scale_a=False, trans_scale_b=False, arch='gfx950:sramecc+:xnack-', chip='gfx950', num_cu=256, num_chiplets=8)
FAIL: Runner returned incorrect result
Config = GemmConfiguration(datatype='bf16', out_dtype='bf16', g=2, m=475, k=504, n=185, trans_a=True, trans_b=True, perfconfig='gemm:v1:128,32,16,2,1,16,32,2,3,2,0', scaled_gemm=False, scale_a_dtype=None, scale_b_dtype=None, trans_scale_a=False, trans_scale_b=False, arch='gfx950:sramecc+:xnack-', chip='gfx950', num_cu=256, num_chiplets=8)
Command line = -operation gemm -t bf16 -out_datatype bf16 --arch gfx950:sramecc+:xnack- --num_cu 256 --num_chiplets 8 -g 2 -m 475 -k 504 -n 185 -transA=True -transB=True --perf_config=gemm:v1:128,32,16,2,1,16,32,2,3,2,0 -pv -RMS_threshold 1e-2
Output = Number of elements: 175750
maxAbsDiff info: maxAbsDiff = 270.000000 (valNum = 304.00000, gpuNum = 34.00000), average absDiff = 1.8e+02
maxRelDiff info: maxRelDiff = 8.9e-01 (valNum = -147.0000000000, gpuNum = -15.8750000000), average relDiff = 8.9e-01
RMS = 6.2e-01
Histogram of relDiff: 
        relDiff = 0     : 0/175750 (0.000000%)
     0 < relDiff < 1e-06: 0/175750 (0.000000%)
1e-06 < relDiff <= 1e-05: 0/175750 (0.000000%)
1e-05 < relDiff <= 1e-04: 0/175750 (0.000000%)
1e-04 < relDiff <= 1e-03: 0/175750 (0.000000%)
1e-03 < relDiff <= 1e-02: 0/175750 (0.000000%)
1e-02 < relDiff <= 1e-01: 0/175750 (0.000000%)
1e-01 < relDiff <= 1e+00: 175750/175750 (100.000000%)
1e+00 < relDiff < inf   : 0/175750 (0.000000%)
        relDiff = inf   : 0/175750 (0.000000%)
[0 0 1]

----------------------------------------------------------------------------------------------------
PASS: GemmConfiguration(datatype='f32', out_dtype='f32', g=1, m=307, k=126, n=183, trans_a=False, trans_b=False, perfconfig='gemm:v1:16,128,16,1,1,8,32,4,1,4,2', scaled_gemm=False, scale_a_dtype=None, scale_b_dtype=None, trans_scale_a=False, trans_scale_b=False, arch='gfx950:sramecc+:xnack-', chip='gfx950', num_cu=256, num_chiplets=8)
----------------------------------------------------------------------------------------------------
PASS: GemmConfiguration(datatype='i8', out_dtype='i32', g=1, m=140, k=104, n=277, trans_a=False, trans_b=False, perfconfig='gemm:v1:16,256,32,1,1,4,16,1,1,2,8', scaled_gemm=False, scale_a_dtype=None, scale_b_dtype=None, trans_scale_a=False, trans_scale_b=False, arch='gfx950:sramecc+:xnack-', chip='gfx950', num_cu=256, num_chiplets=8)
----------------------------------------------------------------------------------------------------
PASS: GemmConfiguration(datatype='f32', out_dtype='f32', g=1, m=345, k=298, n=317, trans_a=False, trans_b=True, perfconfig='gemm:v1:128,16,32,2,1,4,16,1,2,1,2', scaled_gemm=False, scale_a_dtype=None, scale_b_dtype=None, trans_scale_a=False, trans_scale_b=False, arch='gfx950:sramecc+:xnack-', chip='gfx950', num_cu=256, num_chiplets=8)
----------------------------------------------------------------------------------------------------
PASS: GemmConfiguration(datatype='f32', out_dtype='f32', g=2, m=317, k=96, n=43, trans_a=True, trans_b=False, perfconfig='gemm:v1:256,32,16,1,1,4,0,4,3,2,1', scaled_gemm=False, scale_a_dtype=None, scale_b_dtype=None, trans_scale_a=False, trans_scale_b=False, arch='gfx950:sramecc+:xnack-', chip='gfx950', num_cu=256, num_chiplets=8)
----------------------------------------------------------------------------------------------------
PASS: GemmConfiguration(datatype='bf16', out_dtype='bf16', g=2, m=215, k=461, n=214, trans_a=False, trans_b=False, perfconfig='gemm:v1:64,128,64,2,1,2,16,2,3,8,0', scaled_gemm=False, scale_a_dtype=None, scale_b_dtype=None, trans_scale_a=False, trans_scale_b=False, arch='gfx950:sramecc+:xnack-', chip='gfx950', num_cu=256, num_chiplets=8)
Lowering rejected config as not applicable
Command line = -operation gemm -t i8 -out_datatype i32 --arch gfx950:sramecc+:xnack- --num_cu 256 --num_chiplets 8 -g 2 -m 435 -k 105 -n 400 -transA=False -transB=False --perf_config=gemm:v1:128,256,16,1,1,16,0,2,1,2,8 -pv
Errors = loc("<stdin>":18:10): error: Fusion with SplitK perfConfig is not legal
Lowering not applicable.

----------------------------------------------------------------------------------------------------
NOT_APPLICABLE: GemmConfiguration(datatype='i8', out_dtype='i32', g=2, m=435, k=105, n=400, trans_a=False, trans_b=False, perfconfig='gemm:v1:128,256,16,1,1,16,0,2,1,2,8', scaled_gemm=False, scale_a_dtype=None, scale_b_dtype=None, trans_scale_a=False, trans_scale_b=False, arch='gfx950:sramecc+:xnack-', chip='gfx950', num_cu=256, num_chiplets=8)
Lowering rejected config as not applicable
Command line = -operation gemm -t i8 -out_datatype i32 --arch gfx950:sramecc+:xnack- --num_cu 256 --num_chiplets 8 -g 2 -m 204 -k 271 -n 16 -transA=False -transB=True --perf_config=gemm:v1:32,64,64,1,1,16,16,2,3,1,1 -pv
Errors = loc("<stdin>":18:10): error: Fusion with SplitK perfConfig is not legal
Lowering not applicable.

----------------------------------------------------------------------------------------------------
NOT_APPLICABLE: GemmConfiguration(datatype='i8', out_dtype='i32', g=2, m=204, k=271, n=16, trans_a=False, trans_b=True, perfconfig='gemm:v1:32,64,64,1,1,16,16,2,3,1,1', scaled_gemm=False, scale_a_dtype=None, scale_b_dtype=None, trans_scale_a=False, trans_scale_b=False, arch='gfx950:sramecc+:xnack-', chip='gfx950', num_cu=256, num_chiplets=8)
Lowering rejected config as not applicable
Command line = -operation gemm -t i8 -out_datatype i32 --arch gfx950:sramecc+:xnack- --num_cu 256 --num_chiplets 8 -g 2 -m 298 -k 372 -n 236 -transA=True -transB=True --perf_config=gemm:v1:64,64,64,2,1,8,0,4,1,4,1 -pv
Errors = loc("<stdin>":18:10): error: Fusion with SplitK perfConfig is not legal
Lowering not applicable.

----------------------------------------------------------------------------------------------------
NOT_APPLICABLE: GemmConfiguration(datatype='i8', out_dtype='i32', g=2, m=298, k=372, n=236, trans_a=True, trans_b=True, perfconfig='gemm:v1:64,64,64,2,1,8,0,4,1,4,1', scaled_gemm=False, scale_a_dtype=None, scale_b_dtype=None, trans_scale_a=False, trans_scale_b=False, arch='gfx950:sramecc+:xnack-', chip='gfx950', num_cu=256, num_chiplets=8)
----------------------------------------------------------------------------------------------------
PASS: GemmConfiguration(datatype='f32', out_dtype='f32', g=1, m=225, k=289, n=193, trans_a=False, trans_b=False, perfconfig='gemm:v1:16,64,128,1,1,8,16,3,2,1,8', scaled_gemm=False, scale_a_dtype=None, scale_b_dtype=None, trans_scale_a=False, trans_scale_b=False, arch='gfx950:sramecc+:xnack-', chip='gfx950', num_cu=256, num_chiplets=8)
----------------------------------------------------------------------------------------------------
FAIL: GemmConfiguration(datatype='bf16', out_dtype='bf16', g=2, m=475, k=504, n=185, trans_a=True, trans_b=True, perfconfig='gemm:v1:128,32,16,2,1,16,32,2,3,2,0', scaled_gemm=False, scale_a_dtype=None, scale_b_dtype=None, trans_scale_a=False, trans_scale_b=False, arch='gfx950:sramecc+:xnack-', chip='gfx950', num_cu=256, num_chiplets=8)
----------------------------------------------------------------------------------------------------
PASS: GemmConfiguration(datatype='f32', out_dtype='f32', g=1, m=103, k=41, n=445, trans_a=False, trans_b=False, perfconfig='gemm:v1:64,256,16,1,1,8,32,3,2,1,1', scaled_gemm=False, scale_a_dtype=None, scale_b_dtype=None, trans_scale_a=False, trans_scale_b=False, arch='gfx950:sramecc+:xnack-', chip='gfx950', num_cu=256, num_chiplets=8)
----------------------------------------------------------------------------------------------------
PASS: GemmConfiguration(datatype='f16', out_dtype='f16', g=1, m=501, k=365, n=372, trans_a=True, trans_b=False, perfconfig='gemm:v1:16,64,64,1,1,4,32,2,2,0,8', scaled_gemm=False, scale_a_dtype=None, scale_b_dtype=None, trans_scale_a=False, trans_scale_b=False, arch='gfx950:sramecc+:xnack-', chip='gfx950', num_cu=256, num_chiplets=8)
----------------------------------------------------------------------------------------------------
PASS: GemmConfiguration(datatype='i8', out_dtype='i32', g=2, m=488, k=97, n=446, trans_a=False, trans_b=True, perfconfig='gemm:v1:16,128,16,1,1,16,32,1,3,1,2', scaled_gemm=False, scale_a_dtype=None, scale_b_dtype=None, trans_scale_a=False, trans_scale_b=False, arch='gfx950:sramecc+:xnack-', chip='gfx950', num_cu=256, num_chiplets=8)
Lowering rejected config as not applicable
Command line = -operation gemm -t i8 -out_datatype i32 --arch gfx950:sramecc+:xnack- --num_cu 256 --num_chiplets 8 -g 1 -m 95 -k 446 -n 295 -transA=True -transB=False --perf_config=gemm:v1:256,128,128,2,1,4,16,2,2,8,1 -pv
Errors = loc("<stdin>":18:10): error: Fusion with SplitK perfConfig is not legal
Lowering not applicable.

----------------------------------------------------------------------------------------------------
NOT_APPLICABLE: GemmConfiguration(datatype='i8', out_dtype='i32', g=1, m=95, k=446, n=295, trans_a=True, trans_b=False, perfconfig='gemm:v1:256,128,128,2,1,4,16,2,2,8,1', scaled_gemm=False, scale_a_dtype=None, scale_b_dtype=None, trans_scale_a=False, trans_scale_b=False, arch='gfx950:sramecc+:xnack-', chip='gfx950', num_cu=256, num_chiplets=8)
Lowering rejected config as not applicable
Command line = -operation gemm -t bf16 -out_datatype bf16 --arch gfx950:sramecc+:xnack- --num_cu 256 --num_chiplets 8 -g 2 -m 110 -k 436 -n 125 -transA=True -transB=False --perf_config=gemm:v1:256,256,128,1,1,4,0,1,3,4,0 -pv -RMS_threshold 1e-2
Errors = loc("<stdin>":13:1): error: ttg.shared (405440) exceeds LDS limit (163840) for amdgcn-amd-amdhsa:gfx950:sramecc+:xnack-
Lowering not applicable.

FAIL: Runner returned incorrect result
Config = GemmConfiguration(datatype='bf16', out_dtype='bf16', g=1, m=222, k=312, n=498, trans_a=True, trans_b=False, perfconfig='gemm:v1:16,64,16,2,1,2,32,3,1,2,2', scaled_gemm=False, scale_a_dtype=None, scale_b_dtype=None, trans_scale_a=False, trans_scale_b=False, arch='gfx950:sramecc+:xnack-', chip='gfx950', num_cu=256, num_chiplets=8)
Command line = -operation gemm -t bf16 -out_datatype bf16 --arch gfx950:sramecc+:xnack- --num_cu 256 --num_chiplets 8 -g 1 -m 222 -k 312 -n 498 -transA=True -transB=False --perf_config=gemm:v1:16,64,16,2,1,2,32,3,1,2,2 -pv -RMS_threshold 1e-2
Output = Number of elements: 110556
maxAbsDiff info: maxAbsDiff = 241.000000 (valNum = 312.00000, gpuNum = 71.00000), average absDiff = 1.4e+02
maxRelDiff info: maxRelDiff = 7.7e-01 (valNum = 176.0000000000, gpuNum = 40.0000000000), average relDiff = 7.7e-01
RMS = 4.7e-01
Histogram of relDiff: 
        relDiff = 0     : 0/110556 (0.000000%)
     0 < relDiff < 1e-06: 0/110556 (0.000000%)
1e-06 < relDiff <= 1e-05: 0/110556 (0.000000%)
1e-05 < relDiff <= 1e-04: 0/110556 (0.000000%)
1e-04 < relDiff <= 1e-03: 0/110556 (0.000000%)
1e-03 < relDiff <= 1e-02: 0/110556 (0.000000%)
1e-02 < relDiff <= 1e-01: 0/110556 (0.000000%)
1e-01 < relDiff <= 1e+00: 110556/110556 (100.000000%)
1e+00 < relDiff < inf   : 0/110556 (0.000000%)
        relDiff = inf   : 0/110556 (0.000000%)
[0 0 1]

FAIL: Runner returned incorrect result
Config = GemmConfiguration(datatype='f16', out_dtype='f16', g=1, m=370, k=433, n=457, trans_a=False, trans_b=True, perfconfig='gemm:v1:16,32,32,2,1,2,0,3,2,4,0', scaled_gemm=False, scale_a_dtype=None, scale_b_dtype=None, trans_scale_a=False, trans_scale_b=False, arch='gfx950:sramecc+:xnack-', chip='gfx950', num_cu=256, num_chiplets=8)
Command line = -operation gemm -t f16 -out_datatype f16 --arch gfx950:sramecc+:xnack- --num_cu 256 --num_chiplets 8 -g 1 -m 370 -k 433 -n 457 -transA=False -transB=True --perf_config=gemm:v1:16,32,32,2,1,2,0,3,2,4,0 -pv
Output = Number of elements: 169090
maxAbsDiff info: maxAbsDiff = 177.625000 (valNum = 261.25000, gpuNum = 83.62500), average absDiff = 1.2e+02
maxRelDiff info: maxRelDiff = 6.8e-01 (valNum = -125.6250000000, gpuNum = -39.8750000000), average relDiff = 6.8e-01
RMS = 4.7e-01
Histogram of relDiff: 
        relDiff = 0     : 0/169090 (0.000000%)
     0 < relDiff < 1e-06: 0/169090 (0.000000%)
1e-06 < relDiff <= 1e-05: 0/169090 (0.000000%)
1e-05 < relDiff <= 1e-04: 0/169090 (0.000000%)
1e-04 < relDiff <= 1e-03: 0/169090 (0.000000%)
1e-03 < relDiff <= 1e-02: 0/169090 (0.000000%)
1e-02 < relDiff <= 1e-01: 0/169090 (0.000000%)
1e-01 < relDiff <= 1e+00: 169090/169090 (100.000000%)
1e+00 < relDiff < inf   : 0/169090 (0.000000%)
        relDiff = inf   : 0/169090 (0.000000%)
[0 0 1]

FAIL: Runner returned incorrect result
Config = GemmConfiguration(datatype='bf16', out_dtype='bf16', g=1, m=174, k=374, n=57, trans_a=True, trans_b=False, perfconfig='gemm:v1:64,64,32,2,1,4,16,4,2,8,1', scaled_gemm=False, scale_a_dtype=None, scale_b_dtype=None, trans_scale_a=False, trans_scale_b=False, arch='gfx950:sramecc+:xnack-', chip='gfx950', num_cu=256, num_chiplets=8)
Command line = -operation gemm -t bf16 -out_datatype bf16 --arch gfx950:sramecc+:xnack- --num_cu 256 --num_chiplets 8 -g 1 -m 174 -k 374 -n 57 -transA=True -transB=False --perf_config=gemm:v1:64,64,32,2,1,4,16,4,2,8,1 -pv -RMS_threshold 1e-2
Output = Number of elements: 9918
maxAbsDiff info: maxAbsDiff = 160.000000 (valNum = 374.00000, gpuNum = 214.00000), average absDiff = 9.0e+01
maxRelDiff info: maxRelDiff = 4.3e-01 (valNum = 140.0000000000, gpuNum = 80.0000000000), average relDiff = 4.3e-01
RMS = 2.6e-01
Histogram of relDiff: 
        relDiff = 0     : 0/9918 (0.000000%)
     0 < relDiff < 1e-06: 0/9918 (0.000000%)
1e-06 < relDiff <= 1e-05: 0/9918 (0.000000%)
1e-05 < relDiff <= 1e-04: 0/9918 (0.000000%)
1e-04 < relDiff <= 1e-03: 0/9918 (0.000000%)
1e-03 < relDiff <= 1e-02: 0/9918 (0.000000%)
1e-02 < relDiff <= 1e-01: 0/9918 (0.000000%)
1e-01 < relDiff <= 1e+00: 9918/9918 (100.000000%)
1e+00 < relDiff < inf   : 0/9918 (0.000000%)
        relDiff = inf   : 0/9918 (0.000000%)
[0 0 1]

FAIL: Runner returned incorrect result
Config = GemmConfiguration(datatype='fp8', out_dtype='f32', g=1, m=173, k=264, n=48, trans_a=False, trans_b=False, perfconfig='gemm:v1:64,32,32,2,1,16,16,4,2,4,2', scaled_gemm=False, scale_a_dtype=None, scale_b_dtype=None, trans_scale_a=False, trans_scale_b=False, arch='gfx950:sramecc+:xnack-', chip='gfx950', num_cu=256, num_chiplets=8)
Command line = -operation gemm -t fp8 -out_datatype f32 --arch gfx950:sramecc+:xnack- --num_cu 256 --num_chiplets 8 -g 1 -m 173 -k 264 -n 48 -transA=False -transB=False --perf_config=gemm:v1:64,32,32,2,1,16,16,4,2,4,2 -pv -relDiff_threshold 1e-5
Output = Number of elements: 8304
maxAbsDiff info: maxAbsDiff = 13.500000 (valNum = -22.00000, gpuNum = -8.50000), average absDiff = 1.0e+01
maxRelDiff info: maxRelDiff = 6.1e-01 (valNum = 11.0000000000, gpuNum = 4.2500000000), average relDiff = 6.1e-01
RMS = 4.8e-01
Histogram of relDiff: 
        relDiff = 0     : 0/8304 (0.000000%)
     0 < relDiff < 1e-06: 0/8304 (0.000000%)
1e-06 < relDiff <= 1e-05: 0/8304 (0.000000%)
1e-05 < relDiff <= 1e-04: 0/8304 (0.000000%)
1e-04 < relDiff <= 1e-03: 0/8304 (0.000000%)
1e-03 < relDiff <= 1e-02: 0/8304 (0.000000%)
1e-02 < relDiff <= 1e-01: 0/8304 (0.000000%)
1e-01 < relDiff <= 1e+00: 8304/8304 (100.000000%)
1e+00 < relDiff < inf   : 0/8304 (0.000000%)
        relDiff = inf   : 0/8304 (0.000000%)
[0 1 0]

FAIL: Runner returned incorrect result
Config = GemmConfiguration(datatype='fp8', out_dtype='f32', g=1, m=491, k=415, n=226, trans_a=True, trans_b=False, perfconfig='gemm:v1:16,256,32,2,1,1,16,3,3,2,1', scaled_gemm=False, scale_a_dtype=None, scale_b_dtype=None, trans_scale_a=False, trans_scale_b=False, arch='gfx950:sramecc+:xnack-', chip='gfx950', num_cu=256, num_chiplets=8)
Command line = -operation gemm -t fp8 -out_datatype f32 --arch gfx950:sramecc+:xnack- --num_cu 256 --num_chiplets 8 -g 1 -m 491 -k 415 -n 226 -transA=True -transB=False --perf_config=gemm:v1:16,256,32,2,1,1,16,3,3,2,1 -pv -relDiff_threshold 1e-5
Output = Number of elements: 110966
maxAbsDiff info: maxAbsDiff = 171.500000 (valNum = 241.87500, gpuNum = 70.37500), average absDiff = 1.1e+02
maxRelDiff info: maxRelDiff = 7.2e-01 (valNum = -59.8125000000, gpuNum = -16.9375000000), average relDiff = 7.1e-01
RMS = 5.1e-01
Histogram of relDiff: 
        relDiff = 0     : 0/110966 (0.000000%)
     0 < relDiff < 1e-06: 0/110966 (0.000000%)
1e-06 < relDiff <= 1e-05: 0/110966 (0.000000%)
1e-05 < relDiff <= 1e-04: 0/110966 (0.000000%)
1e-04 < relDiff <= 1e-03: 0/110966 (0.000000%)
1e-03 < relDiff <= 1e-02: 0/110966 (0.000000%)
1e-02 < relDiff <= 1e-01: 0/110966 (0.000000%)
1e-01 < relDiff <= 1e+00: 110966/110966 (100.000000%)
1e+00 < relDiff < inf   : 0/110966 (0.000000%)
        relDiff = inf   : 0/110966 (0.000000%)
[0 0 0]

----------------------------------------------------------------------------------------------------
NOT_APPLICABLE: GemmConfiguration(datatype='bf16', out_dtype='bf16', g=2, m=110, k=436, n=125, trans_a=True, trans_b=False, perfconfig='gemm:v1:256,256,128,1,1,4,0,1,3,4,0', scaled_gemm=False, scale_a_dtype=None, scale_b_dtype=None, trans_scale_a=False, trans_scale_b=False, arch='gfx950:sramecc+:xnack-', chip='gfx950', num_cu=256, num_chiplets=8)
----------------------------------------------------------------------------------------------------
PASS: GemmConfiguration(datatype='bf16', out_dtype='bf16', g=2, m=61, k=8, n=88, trans_a=True, trans_b=False, perfconfig='gemm:v1:16,32,32,2,1,1,16,1,1,0,2', scaled_gemm=False, scale_a_dtype=None, scale_b_dtype=None, trans_scale_a=False, trans_scale_b=False, arch='gfx950:sramecc+:xnack-', chip='gfx950', num_cu=256, num_chiplets=8)
----------------------------------------------------------------------------------------------------
PASS: GemmConfiguration(datatype='f32', out_dtype='f32', g=1, m=376, k=29, n=185, trans_a=False, trans_b=False, perfconfig='gemm:v1:64,256,16,2,1,8,32,4,2,4,4', scaled_gemm=False, scale_a_dtype=None, scale_b_dtype=None, trans_scale_a=False, trans_scale_b=False, arch='gfx950:sramecc+:xnack-', chip='gfx950', num_cu=256, num_chiplets=8)
----------------------------------------------------------------------------------------------------
FAIL: GemmConfiguration(datatype='bf16', out_dtype='bf16', g=1, m=222, k=312, n=498, trans_a=True, trans_b=False, perfconfig='gemm:v1:16,64,16,2,1,2,32,3,1,2,2', scaled_gemm=False, scale_a_dtype=None, scale_b_dtype=None, trans_scale_a=False, trans_scale_b=False, arch='gfx950:sramecc+:xnack-', chip='gfx950', num_cu=256, num_chiplets=8)
----------------------------------------------------------------------------------------------------
FAIL: GemmConfiguration(datatype='f16', out_dtype='f16', g=1, m=370, k=433, n=457, trans_a=False, trans_b=True, perfconfig='gemm:v1:16,32,32,2,1,2,0,3,2,4,0', scaled_gemm=False, scale_a_dtype=None, scale_b_dtype=None, trans_scale_a=False, trans_scale_b=False, arch='gfx950:sramecc+:xnack-', chip='gfx950', num_cu=256, num_chiplets=8)
----------------------------------------------------------------------------------------------------
PASS: GemmConfiguration(datatype='f32', out_dtype='f32', g=1, m=83, k=83, n=421, trans_a=True, trans_b=False, perfconfig='gemm:v1:16,64,128,1,1,4,32,3,3,2,8', scaled_gemm=False, scale_a_dtype=None, scale_b_dtype=None, trans_scale_a=False, trans_scale_b=False, arch='gfx950:sramecc+:xnack-', chip='gfx950', num_cu=256, num_chiplets=8)
----------------------------------------------------------------------------------------------------
FAIL: GemmConfiguration(datatype='bf16', out_dtype='bf16', g=1, m=174, k=374, n=57, trans_a=True, trans_b=False, perfconfig='gemm:v1:64,64,32,2,1,4,16,4,2,8,1', scaled_gemm=False, scale_a_dtype=None, scale_b_dtype=None, trans_scale_a=False, trans_scale_b=False, arch='gfx950:sramecc+:xnack-', chip='gfx950', num_cu=256, num_chiplets=8)
Lowering rejected config as not applicable
Command line = -operation gemm -t i8 -out_datatype i32 --arch gfx950:sramecc+:xnack- --num_cu 256 --num_chiplets 8 -g 2 -m 34 -k 130 -n 311 -transA=False -transB=False --perf_config=gemm:v1:64,64,16,2,1,1,16,3,1,1,1 -pv
Errors = loc("<stdin>":18:10): error: Fusion with SplitK perfConfig is not legal
Lowering not applicable.

----------------------------------------------------------------------------------------------------
NOT_APPLICABLE: GemmConfiguration(datatype='i8', out_dtype='i32', g=2, m=34, k=130, n=311, trans_a=False, trans_b=False, perfconfig='gemm:v1:64,64,16,2,1,1,16,3,1,1,1', scaled_gemm=False, scale_a_dtype=None, scale_b_dtype=None, trans_scale_a=False, trans_scale_b=False, arch='gfx950:sramecc+:xnack-', chip='gfx950', num_cu=256, num_chiplets=8)
Lowering rejected config as not applicable
Command line = -operation gemm -t i8 -out_datatype i32 --arch gfx950:sramecc+:xnack- --num_cu 256 --num_chiplets 8 -g 1 -m 104 -k 91 -n 468 -transA=True -transB=True --perf_config=gemm:v1:128,64,128,2,1,8,16,4,3,1,4 -pv
Errors = loc("<stdin>":18:10): error: Fusion with SplitK perfConfig is not legal
Lowering not applicable.

----------------------------------------------------------------------------------------------------
NOT_APPLICABLE: GemmConfiguration(datatype='i8', out_dtype='i32', g=1, m=104, k=91, n=468, trans_a=True, trans_b=True, perfconfig='gemm:v1:128,64,128,2,1,8,16,4,3,1,4', scaled_gemm=False, scale_a_dtype=None, scale_b_dtype=None, trans_scale_a=False, trans_scale_b=False, arch='gfx950:sramecc+:xnack-', chip='gfx950', num_cu=256, num_chiplets=8)
----------------------------------------------------------------------------------------------------
FAIL: GemmConfiguration(datatype='fp8', out_dtype='f32', g=1, m=173, k=264, n=48, trans_a=False, trans_b=False, perfconfig='gemm:v1:64,32,32,2,1,16,16,4,2,4,2', scaled_gemm=False, scale_a_dtype=None, scale_b_dtype=None, trans_scale_a=False, trans_scale_b=False, arch='gfx950:sramecc+:xnack-', chip='gfx950', num_cu=256, num_chiplets=8)
----------------------------------------------------------------------------------------------------
PASS: GemmConfiguration(datatype='f32', out_dtype='f32', g=1, m=102, k=319, n=444, trans_a=False, trans_b=False, perfconfig='gemm:v1:64,128,64,2,1,8,32,3,3,2,2', scaled_gemm=False, scale_a_dtype=None, scale_b_dtype=None, trans_scale_a=False, trans_scale_b=False, arch='gfx950:sramecc+:xnack-', chip='gfx950', num_cu=256, num_chiplets=8)
----------------------------------------------------------------------------------------------------
PASS: GemmConfiguration(datatype='fp8', out_dtype='f32', g=1, m=215, k=72, n=164, trans_a=True, trans_b=False, perfconfig='gemm:v1:64,256,32,1,1,2,0,2,2,4,8', scaled_gemm=False, scale_a_dtype=None, scale_b_dtype=None, trans_scale_a=False, trans_scale_b=False, arch='gfx950:sramecc+:xnack-', chip='gfx950', num_cu=256, num_chiplets=8)
----------------------------------------------------------------------------------------------------
PASS: GemmConfiguration(datatype='fp8', out_dtype='f32', g=1, m=236, k=242, n=291, trans_a=True, trans_b=True, perfconfig='gemm:v1:16,64,128,2,1,1,32,1,2,1,8', scaled_gemm=False, scale_a_dtype=None, scale_b_dtype=None, trans_scale_a=False, trans_scale_b=False, arch='gfx950:sramecc+:xnack-', chip='gfx950', num_cu=256, num_chiplets=8)
----------------------------------------------------------------------------------------------------
FAIL: GemmConfiguration(datatype='fp8', out_dtype='f32', g=1, m=491, k=415, n=226, trans_a=True, trans_b=False, perfconfig='gemm:v1:16,256,32,2,1,1,16,3,3,2,1', scaled_gemm=False, scale_a_dtype=None, scale_b_dtype=None, trans_scale_a=False, trans_scale_b=False, arch='gfx950:sramecc+:xnack-', chip='gfx950', num_cu=256, num_chiplets=8)
----------------------------------------------------------------------------------------------------
PASS: GemmConfiguration(datatype='bf16', out_dtype='bf16', g=2, m=168, k=14, n=93, trans_a=False, trans_b=True, perfconfig='gemm:v1:64,128,32,2,1,1,16,3,1,1,0', scaled_gemm=False, scale_a_dtype=None, scale_b_dtype=None, trans_scale_a=False, trans_scale_b=False, arch='gfx950:sramecc+:xnack-', chip='gfx950', num_cu=256, num_chiplets=8)
Lowering rejected config as not applicable
Command line = -operation gemm -t i8 -out_datatype i32 --arch gfx950:sramecc+:xnack- --num_cu 256 --num_chiplets 8 -g 2 -m 69 -k 254 -n 357 -transA=False -transB=False --perf_config=gemm:v1:256,32,128,1,1,8,16,3,2,4,4 -pv
Errors = loc("<stdin>":18:10): error: Fusion with SplitK perfConfig is not legal
Lowering not applicable.

----------------------------------------------------------------------------------------------------
NOT_APPLICABLE: GemmConfiguration(datatype='i8', out_dtype='i32', g=2, m=69, k=254, n=357, trans_a=False, trans_b=False, perfconfig='gemm:v1:256,32,128,1,1,8,16,3,2,4,4', scaled_gemm=False, scale_a_dtype=None, scale_b_dtype=None, trans_scale_a=False, trans_scale_b=False, arch='gfx950:sramecc+:xnack-', chip='gfx950', num_cu=256, num_chiplets=8)
FAIL: Runner returned incorrect result
Config = GemmConfiguration(datatype='f16', out_dtype='f16', g=2, m=293, k=132, n=405, trans_a=True, trans_b=True, perfconfig='gemm:v1:256,128,32,2,1,2,16,3,2,4,4', scaled_gemm=False, scale_a_dtype=None, scale_b_dtype=None, trans_scale_a=False, trans_scale_b=False, arch='gfx950:sramecc+:xnack-', chip='gfx950', num_cu=256, num_chiplets=8)
Command line = -operation gemm -t f16 -out_datatype f16 --arch gfx950:sramecc+:xnack- --num_cu 256 --num_chiplets 8 -g 2 -m 293 -k 132 -n 405 -transA=True -transB=True --perf_config=gemm:v1:256,128,32,2,1,2,16,3,2,4,4 -pv
Output = Number of elements: 237330
maxAbsDiff info: maxAbsDiff = 28.000000 (valNum = 77.00000, gpuNum = 49.00000), average absDiff = 1.8e+01
maxRelDiff info: maxRelDiff = 3.6e-01 (valNum = -55.0000000000, gpuNum = -35.0000000000), average relDiff = 3.6e-01
RMS = 2.6e-01
Histogram of relDiff: 
        relDiff = 0     : 0/237330 (0.000000%)
     0 < relDiff < 1e-06: 0/237330 (0.000000%)
1e-06 < relDiff <= 1e-05: 0/237330 (0.000000%)
1e-05 < relDiff <= 1e-04: 0/237330 (0.000000%)
1e-04 < relDiff <= 1e-03: 0/237330 (0.000000%)
1e-03 < relDiff <= 1e-02: 0/237330 (0.000000%)
1e-02 < relDiff <= 1e-01: 0/237330 (0.000000%)
1e-01 < relDiff <= 1e+00: 237330/237330 (100.000000%)
1e+00 < relDiff < inf   : 0/237330 (0.000000%)
        relDiff = inf   : 0/237330 (0.000000%)
[0 1 1]

FAIL: Runner returned incorrect result
Config = GemmConfiguration(datatype='f16', out_dtype='f16', g=2, m=476, k=282, n=204, trans_a=False, trans_b=False, perfconfig='gemm:v1:64,16,32,2,1,4,0,1,3,2,8', scaled_gemm=False, scale_a_dtype=None, scale_b_dtype=None, trans_scale_a=False, trans_scale_b=False, arch='gfx950:sramecc+:xnack-', chip='gfx950', num_cu=256, num_chiplets=8)
Command line = -operation gemm -t f16 -out_datatype f16 --arch gfx950:sramecc+:xnack- --num_cu 256 --num_chiplets 8 -g 2 -m 476 -k 282 -n 204 -transA=False -transB=False --perf_config=gemm:v1:64,16,32,2,1,4,0,1,3,2,8 -pv
Output = Number of elements: 194208
maxAbsDiff info: maxAbsDiff = 18.726562 (valNum = -23.50000, gpuNum = -4.77344), average absDiff = 1.4e+01
maxRelDiff info: maxRelDiff = 8.0e-01 (valNum = 11.7500000000, gpuNum = 2.3867187500), average relDiff = 8.0e-01
RMS = 6.2e-01
Histogram of relDiff: 
        relDiff = 0     : 0/194208 (0.000000%)
     0 < relDiff < 1e-06: 0/194208 (0.000000%)
1e-06 < relDiff <= 1e-05: 0/194208 (0.000000%)
1e-05 < relDiff <= 1e-04: 0/194208 (0.000000%)
1e-04 < relDiff <= 1e-03: 0/194208 (0.000000%)
1e-03 < relDiff <= 1e-02: 0/194208 (0.000000%)
1e-02 < relDiff <= 1e-01: 0/194208 (0.000000%)
1e-01 < relDiff <= 1e+00: 194208/194208 (100.000000%)
1e+00 < relDiff < inf   : 0/194208 (0.000000%)
        relDiff = inf   : 0/194208 (0.000000%)
[0 1 1]

FAIL: Runner returned incorrect result
Config = GemmConfiguration(datatype='i8', out_dtype='i32', g=1, m=233, k=76, n=27, trans_a=False, trans_b=True, perfconfig='gemm:v1:128,256,32,2,1,16,0,1,2,1,8', scaled_gemm=False, scale_a_dtype=None, scale_b_dtype=None, trans_scale_a=False, trans_scale_b=False, arch='gfx950:sramecc+:xnack-', chip='gfx950', num_cu=256, num_chiplets=8)
Command line = -operation gemm -t i8 -out_datatype i32 --arch gfx950:sramecc+:xnack- --num_cu 256 --num_chiplets 8 -g 1 -m 233 -k 76 -n 27 -transA=False -transB=True --perf_config=gemm:v1:128,256,32,2,1,16,0,1,2,1,8 -pv
Output = Number of elements: 6291
Number of incorrect elements: 6291
maxAbsDiff: 82
Number of overflow elements: 0
[0 0 0]
Lowering rejected config as not applicable
Command line = -operation gemm -t i8 -out_datatype i32 --arch gfx950:sramecc+:xnack- --num_cu 256 --num_chiplets 8 -g 2 -m 45 -k 367 -n 355 -transA=True -transB=False --perf_config=gemm:v1:16,16,64,2,1,4,32,2,3,4,0 -pv
Errors = loc("<stdin>":18:10): error: Fusion with SplitK perfConfig is not legal
Lowering not applicable.

----------------------------------------------------------------------------------------------------
NOT_APPLICABLE: GemmConfiguration(datatype='i8', out_dtype='i32', g=2, m=45, k=367, n=355, trans_a=True, trans_b=False, perfconfig='gemm:v1:16,16,64,2,1,4,32,2,3,4,0', scaled_gemm=False, scale_a_dtype=None, scale_b_dtype=None, trans_scale_a=False, trans_scale_b=False, arch='gfx950:sramecc+:xnack-', chip='gfx950', num_cu=256, num_chiplets=8)
----------------------------------------------------------------------------------------------------
PASS: GemmConfiguration(datatype='bf16', out_dtype='bf16', g=1, m=117, k=111, n=366, trans_a=False, trans_b=False, perfconfig='gemm:v1:128,64,128,2,1,16,0,2,2,4,4', scaled_gemm=False, scale_a_dtype=None, scale_b_dtype=None, trans_scale_a=False, trans_scale_b=False, arch='gfx950:sramecc+:xnack-', chip='gfx950', num_cu=256, num_chiplets=8)
----------------------------------------------------------------------------------------------------
PASS: GemmConfiguration(datatype='bf16', out_dtype='bf16', g=2, m=334, k=477, n=367, trans_a=True, trans_b=False, perfconfig='gemm:v1:32,64,64,2,1,16,0,2,1,4,8', scaled_gemm=False, scale_a_dtype=None, scale_b_dtype=None, trans_scale_a=False, trans_scale_b=False, arch='gfx950:sramecc+:xnack-', chip='gfx950', num_cu=256, num_chiplets=8)
----------------------------------------------------------------------------------------------------
PASS: GemmConfiguration(datatype='bf16', out_dtype='bf16', g=2, m=399, k=265, n=241, trans_a=True, trans_b=True, perfconfig='gemm:v1:128,32,64,1,1,4,0,1,2,1,2', scaled_gemm=False, scale_a_dtype=None, scale_b_dtype=None, trans_scale_a=False, trans_scale_b=False, arch='gfx950:sramecc+:xnack-', chip='gfx950', num_cu=256, num_chiplets=8)
----------------------------------------------------------------------------------------------------
FAIL: GemmConfiguration(datatype='f16', out_dtype='f16', g=2, m=293, k=132, n=405, trans_a=True, trans_b=True, perfconfig='gemm:v1:256,128,32,2,1,2,16,3,2,4,4', scaled_gemm=False, scale_a_dtype=None, scale_b_dtype=None, trans_scale_a=False, trans_scale_b=False, arch='gfx950:sramecc+:xnack-', chip='gfx950', num_cu=256, num_chiplets=8)
----------------------------------------------------------------------------------------------------
PASS: GemmConfiguration(datatype='bf16', out_dtype='bf16', g=1, m=161, k=481, n=143, trans_a=False, trans_b=False, perfconfig='gemm:v1:128,128,64,1,1,1,32,1,3,1,4', scaled_gemm=False, scale_a_dtype=None, scale_b_dtype=None, trans_scale_a=False, trans_scale_b=False, arch='gfx950:sramecc+:xnack-', chip='gfx950', num_cu=256, num_chiplets=8)
----------------------------------------------------------------------------------------------------
PASS: GemmConfiguration(datatype='fp8', out_dtype='f32', g=2, m=297, k=235, n=389, trans_a=True, trans_b=False, perfconfig='gemm:v1:256,256,32,1,1,1,32,4,1,8,1', scaled_gemm=False, scale_a_dtype=None, scale_b_dtype=None, trans_scale_a=False, trans_scale_b=False, arch='gfx950:sramecc+:xnack-', chip='gfx950', num_cu=256, num_chiplets=8)
Lowering rejected config as not applicable
Command line = -operation gemm -t i8 -out_datatype i32 --arch gfx950:sramecc+:xnack- --num_cu 256 --num_chiplets 8 -g 1 -m 267 -k 372 -n 26 -transA=True -transB=True --perf_config=gemm:v1:256,256,128,1,1,4,16,1,3,0,4 -pv
Errors = loc("<stdin>":13:1): error: ttg.shared (199648) exceeds LDS limit (163840) for amdgcn-amd-amdhsa:gfx950:sramecc+:xnack-
Lowering not applicable.

----------------------------------------------------------------------------------------------------
NOT_APPLICABLE: GemmConfiguration(datatype='i8', out_dtype='i32', g=1, m=267, k=372, n=26, trans_a=True, trans_b=True, perfconfig='gemm:v1:256,256,128,1,1,4,16,1,3,0,4', scaled_gemm=False, scale_a_dtype=None, scale_b_dtype=None, trans_scale_a=False, trans_scale_b=False, arch='gfx950:sramecc+:xnack-', chip='gfx950', num_cu=256, num_chiplets=8)
----------------------------------------------------------------------------------------------------
PASS: GemmConfiguration(datatype='fp8', out_dtype='f32', g=1, m=422, k=1, n=372, trans_a=True, trans_b=False, perfconfig='gemm:v1:16,64,64,2,1,2,32,3,2,1,2', scaled_gemm=False, scale_a_dtype=None, scale_b_dtype=None, trans_scale_a=False, trans_scale_b=False, arch='gfx950:sramecc+:xnack-', chip='gfx950', num_cu=256, num_chiplets=8)
----------------------------------------------------------------------------------------------------
PASS: GemmConfiguration(datatype='i8', out_dtype='i32', g=2, m=192, k=158, n=152, trans_a=False, trans_b=False, perfconfig='gemm:v1:16,128,64,1,1,4,32,1,1,8,1', scaled_gemm=False, scale_a_dtype=None, scale_b_dtype=None, trans_scale_a=False, trans_scale_b=False, arch='gfx950:sramecc+:xnack-', chip='gfx950', num_cu=256, num_chiplets=8)
----------------------------------------------------------------------------------------------------
PASS: GemmConfiguration(datatype='f16', out_dtype='f16', g=1, m=131, k=80, n=185, trans_a=True, trans_b=True, perfconfig='gemm:v1:64,64,64,1,1,16,32,4,1,4,8', scaled_gemm=False, scale_a_dtype=None, scale_b_dtype=None, trans_scale_a=False, trans_scale_b=False, arch='gfx950:sramecc+:xnack-', chip='gfx950', num_cu=256, num_chiplets=8)
----------------------------------------------------------------------------------------------------
FAIL: GemmConfiguration(datatype='f16', out_dtype='f16', g=2, m=476, k=282, n=204, trans_a=False, trans_b=False, perfconfig='gemm:v1:64,16,32,2,1,4,0,1,3,2,8', scaled_gemm=False, scale_a_dtype=None, scale_b_dtype=None, trans_scale_a=False, trans_scale_b=False, arch='gfx950:sramecc+:xnack-', chip='gfx950', num_cu=256, num_chiplets=8)
----------------------------------------------------------------------------------------------------
FAIL: GemmConfiguration(datatype='i8', out_dtype='i32', g=1, m=233, k=76, n=27, trans_a=False, trans_b=True, perfconfig='gemm:v1:128,256,32,2,1,16,0,1,2,1,8', scaled_gemm=False, scale_a_dtype=None, scale_b_dtype=None, trans_scale_a=False, trans_scale_b=False, arch='gfx950:sramecc+:xnack-', chip='gfx950', num_cu=256, num_chiplets=8)
----------------------------------------------------------------------------------------------------
PASS: GemmConfiguration(datatype='bf16', out_dtype='bf16', g=2, m=205, k=201, n=64, trans_a=True, trans_b=False, perfconfig='gemm:v1:16,256,32,1,1,2,32,2,2,0,8', scaled_gemm=False, scale_a_dtype=None, scale_b_dtype=None, trans_scale_a=False, trans_scale_b=False, arch='gfx950:sramecc+:xnack-', chip='gfx950', num_cu=256, num_chiplets=8)
----------------------------------------------------------------------------------------------------
PASS: GemmConfiguration(datatype='bf16', out_dtype='bf16', g=2, m=132, k=306, n=61, trans_a=True, trans_b=True, perfconfig='gemm:v1:32,256,64,1,1,16,16,2,3,2,8', scaled_gemm=False, scale_a_dtype=None, scale_b_dtype=None, trans_scale_a=False, trans_scale_b=False, arch='gfx950:sramecc+:xnack-', chip='gfx950', num_cu=256, num_chiplets=8)
Lowering rejected config as not applicable
Command line = -operation gemm -t i8 -out_datatype i32 --arch gfx950:sramecc+:xnack- --num_cu 256 --num_chiplets 8 -g 2 -m 339 -k 511 -n 191 -transA=True -transB=True --perf_config=gemm:v1:32,128,128,2,1,16,32,4,1,8,1 -pv
Errors = loc("<stdin>":18:10): error: Fusion with SplitK perfConfig is not legal
Lowering not applicable.

----------------------------------------------------------------------------------------------------
NOT_APPLICABLE: GemmConfiguration(datatype='i8', out_dtype='i32', g=2, m=339, k=511, n=191, trans_a=True, trans_b=True, perfconfig='gemm:v1:32,128,128,2,1,16,32,4,1,8,1', scaled_gemm=False, scale_a_dtype=None, scale_b_dtype=None, trans_scale_a=False, trans_scale_b=False, arch='gfx950:sramecc+:xnack-', chip='gfx950', num_cu=256, num_chiplets=8)
FAIL: Runner returned incorrect result
Config = GemmConfiguration(datatype='fp8', out_dtype='f32', g=1, m=204, k=98, n=160, trans_a=True, trans_b=True, perfconfig='gemm:v1:16,256,16,2,1,2,32,4,3,1,0', scaled_gemm=False, scale_a_dtype=None, scale_b_dtype=None, trans_scale_a=False, trans_scale_b=False, arch='gfx950:sramecc+:xnack-', chip='gfx950', num_cu=256, num_chiplets=8)
Command line = -operation gemm -t fp8 -out_datatype f32 --arch gfx950:sramecc+:xnack- --num_cu 256 --num_chiplets 8 -g 1 -m 204 -k 98 -n 160 -transA=True -transB=True --perf_config=gemm:v1:16,256,16,2,1,2,32,4,3,1,0 -pv -relDiff_threshold 1e-5
Output = Number of elements: 32640
maxAbsDiff info: maxAbsDiff = 3.000000 (valNum = -9.25000, gpuNum = -6.25000), average absDiff = 2.0e+00
maxRelDiff info: maxRelDiff = 3.8e-01 (valNum = 3.7500000000, gpuNum = 2.3125000000), average relDiff = 3.3e-01
RMS = 2.3e-01
Histogram of relDiff: 
        relDiff = 0     : 0/32640 (0.000000%)
     0 < relDiff < 1e-06: 0/32640 (0.000000%)
1e-06 < relDiff <= 1e-05: 0/32640 (0.000000%)
1e-05 < relDiff <= 1e-04: 0/32640 (0.000000%)
1e-04 < relDiff <= 1e-03: 0/32640 (0.000000%)
1e-03 < relDiff <= 1e-02: 0/32640 (0.000000%)
1e-02 < relDiff <= 1e-01: 0/32640 (0.000000%)
1e-01 < relDiff <= 1e+00: 32640/32640 (100.000000%)
1e+00 < relDiff < inf   : 0/32640 (0.000000%)
        relDiff = inf   : 0/32640 (0.000000%)
[0 1 0]

Lowering rejected config as not applicable
Command line = -operation gemm -t i8 -out_datatype i32 --arch gfx950:sramecc+:xnack- --num_cu 256 --num_chiplets 8 -g 1 -m 371 -k 355 -n 56 -transA=False -transB=True --perf_config=gemm:v1:256,16,32,1,1,1,0,4,3,8,2 -pv
Errors = loc("<stdin>":17:10): error: Fusion with SplitK perfConfig is not legal
Lowering not applicable.

----------------------------------------------------------------------------------------------------
NOT_APPLICABLE: GemmConfiguration(datatype='i8', out_dtype='i32', g=1, m=371, k=355, n=56, trans_a=False, trans_b=True, perfconfig='gemm:v1:256,16,32,1,1,1,0,4,3,8,2', scaled_gemm=False, scale_a_dtype=None, scale_b_dtype=None, trans_scale_a=False, trans_scale_b=False, arch='gfx950:sramecc+:xnack-', chip='gfx950', num_cu=256, num_chiplets=8)
----------------------------------------------------------------------------------------------------
PASS: GemmConfiguration(datatype='f32', out_dtype='f32', g=1, m=347, k=474, n=414, trans_a=True, trans_b=True, perfconfig='gemm:v1:256,64,32,2,1,16,16,1,1,0,0', scaled_gemm=False, scale_a_dtype=None, scale_b_dtype=None, trans_scale_a=False, trans_scale_b=False, arch='gfx950:sramecc+:xnack-', chip='gfx950', num_cu=256, num_chiplets=8)
----------------------------------------------------------------------------------------------------
PASS: GemmConfiguration(datatype='bf16', out_dtype='bf16', g=2, m=3, k=255, n=149, trans_a=False, trans_b=False, perfconfig='gemm:v1:16,16,64,1,1,4,32,1,2,2,2', scaled_gemm=False, scale_a_dtype=None, scale_b_dtype=None, trans_scale_a=False, trans_scale_b=False, arch='gfx950:sramecc+:xnack-', chip='gfx950', num_cu=256, num_chiplets=8)
----------------------------------------------------------------------------------------------------
PASS: GemmConfiguration(datatype='f32', out_dtype='f32', g=1, m=464, k=80, n=276, trans_a=True, trans_b=True, perfconfig='gemm:v1:256,64,32,2,1,4,32,4,3,0,4', scaled_gemm=False, scale_a_dtype=None, scale_b_dtype=None, trans_scale_a=False, trans_scale_b=False, arch='gfx950:sramecc+:xnack-', chip='gfx950', num_cu=256, num_chiplets=8)
----------------------------------------------------------------------------------------------------
PASS: GemmConfiguration(datatype='fp8', out_dtype='f32', g=2, m=326, k=384, n=348, trans_a=True, trans_b=True, perfconfig='gemm:v1:16,256,64,1,1,4,16,4,1,1,1', scaled_gemm=False, scale_a_dtype=None, scale_b_dtype=None, trans_scale_a=False, trans_scale_b=False, arch='gfx950:sramecc+:xnack-', chip='gfx950', num_cu=256, num_chiplets=8)
----------------------------------------------------------------------------------------------------
PASS: GemmConfiguration(datatype='f16', out_dtype='f16', g=1, m=224, k=172, n=442, trans_a=True, trans_b=False, perfconfig='gemm:v1:256,16,64,1,1,2,16,1,3,8,4', scaled_gemm=False, scale_a_dtype=None, scale_b_dtype=None, trans_scale_a=False, trans_scale_b=False, arch='gfx950:sramecc+:xnack-', chip='gfx950', num_cu=256, num_chiplets=8)
----------------------------------------------------------------------------------------------------
PASS: GemmConfiguration(datatype='fp8', out_dtype='f32', g=2, m=78, k=248, n=160, trans_a=False, trans_b=False, perfconfig='gemm:v1:32,128,16,2,1,1,16,4,3,2,1', scaled_gemm=False, scale_a_dtype=None, scale_b_dtype=None, trans_scale_a=False, trans_scale_b=False, arch='gfx950:sramecc+:xnack-', chip='gfx950', num_cu=256, num_chiplets=8)
Lowering rejected config as not applicable
Command line = -operation gemm -t i8 -out_datatype i32 --arch gfx950:sramecc+:xnack- --num_cu 256 --num_chiplets 8 -g 1 -m 510 -k 339 -n 111 -transA=True -transB=False --perf_config=gemm:v1:32,128,128,2,1,8,0,4,1,1,8 -pv
Errors = loc("<stdin>":18:10): error: Fusion with SplitK perfConfig is not legal
Lowering not applicable.

----------------------------------------------------------------------------------------------------
NOT_APPLICABLE: GemmConfiguration(datatype='i8', out_dtype='i32', g=1, m=510, k=339, n=111, trans_a=True, trans_b=False, perfconfig='gemm:v1:32,128,128,2,1,8,0,4,1,1,8', scaled_gemm=False, scale_a_dtype=None, scale_b_dtype=None, trans_scale_a=False, trans_scale_b=False, arch='gfx950:sramecc+:xnack-', chip='gfx950', num_cu=256, num_chiplets=8)
Lowering rejected config as not applicable
Command line = -operation gemm -t i8 -out_datatype i32 --arch gfx950:sramecc+:xnack- --num_cu 256 --num_chiplets 8 -g 2 -m 253 -k 307 -n 386 -transA=False -transB=False --perf_config=gemm:v1:64,256,16,1,1,1,16,3,3,8,0 -pv
Errors = loc("<stdin>":18:10): error: Fusion with SplitK perfConfig is not legal
Lowering not applicable.

----------------------------------------------------------------------------------------------------
NOT_APPLICABLE: GemmConfiguration(datatype='i8', out_dtype='i32', g=2, m=253, k=307, n=386, trans_a=False, trans_b=False, perfconfig='gemm:v1:64,256,16,1,1,1,16,3,3,8,0', scaled_gemm=False, scale_a_dtype=None, scale_b_dtype=None, trans_scale_a=False, trans_scale_b=False, arch='gfx950:sramecc+:xnack-', chip='gfx950', num_cu=256, num_chiplets=8)
----------------------------------------------------------------------------------------------------
PASS: GemmConfiguration(datatype='bf16', out_dtype='bf16', g=2, m=375, k=42, n=146, trans_a=True, trans_b=False, perfconfig='gemm:v1:64,16,16,2,1,2,0,4,1,1,1', scaled_gemm=False, scale_a_dtype=None, scale_b_dtype=None, trans_scale_a=False, trans_scale_b=False, arch='gfx950:sramecc+:xnack-', chip='gfx950', num_cu=256, num_chiplets=8)
----------------------------------------------------------------------------------------------------
PASS: GemmConfiguration(datatype='f32', out_dtype='f32', g=1, m=53, k=424, n=258, trans_a=False, trans_b=True, perfconfig='gemm:v1:64,32,16,1,1,4,0,1,3,8,2', scaled_gemm=False, scale_a_dtype=None, scale_b_dtype=None, trans_scale_a=False, trans_scale_b=False, arch='gfx950:sramecc+:xnack-', chip='gfx950', num_cu=256, num_chiplets=8)
----------------------------------------------------------------------------------------------------
PASS: GemmConfiguration(datatype='bf16', out_dtype='bf16', g=2, m=216, k=330, n=299, trans_a=False, trans_b=False, perfconfig='gemm:v1:64,16,128,1,1,16,16,1,1,0,2', scaled_gemm=False, scale_a_dtype=None, scale_b_dtype=None, trans_scale_a=False, trans_scale_b=False, arch='gfx950:sramecc+:xnack-', chip='gfx950', num_cu=256, num_chiplets=8)
----------------------------------------------------------------------------------------------------
FAIL: GemmConfiguration(datatype='fp8', out_dtype='f32', g=1, m=204, k=98, n=160, trans_a=True, trans_b=True, perfconfig='gemm:v1:16,256,16,2,1,2,32,4,3,1,0', scaled_gemm=False, scale_a_dtype=None, scale_b_dtype=None, trans_scale_a=False, trans_scale_b=False, arch='gfx950:sramecc+:xnack-', chip='gfx950', num_cu=256, num_chiplets=8)
----------------------------------------------------------------------------------------------------
PASS: GemmConfiguration(datatype='f16', out_dtype='f16', g=1, m=229, k=184, n=188, trans_a=False, trans_b=False, perfconfig='gemm:v1:256,16,16,1,1,1,0,4,3,0,0', scaled_gemm=False, scale_a_dtype=None, scale_b_dtype=None, trans_scale_a=False, trans_scale_b=False, arch='gfx950:sramecc+:xnack-', chip='gfx950', num_cu=256, num_chiplets=8)
----------------------------------------------------------------------------------------------------
PASS: GemmConfiguration(datatype='bf16', out_dtype='bf16', g=2, m=442, k=276, n=159, trans_a=False, trans_b=True, perfconfig='gemm:v1:64,32,128,2,1,1,0,4,2,2,1', scaled_gemm=False, scale_a_dtype=None, scale_b_dtype=None, trans_scale_a=False, trans_scale_b=False, arch='gfx950:sramecc+:xnack-', chip='gfx950', num_cu=256, num_chiplets=8)
Lowering rejected config as not applicable
Command line = -operation gemm -t i8 -out_datatype i32 --arch gfx950:sramecc+:xnack- --num_cu 256 --num_chiplets 8 -g 2 -m 67 -k 139 -n 173 -transA=True -transB=False --perf_config=gemm:v1:64,256,16,2,1,4,0,4,3,4,8 -pv
Errors = loc("<stdin>":18:10): error: Fusion with SplitK perfConfig is not legal
Lowering not applicable.

FAIL: Runner returned incorrect result
Config = GemmConfiguration(datatype='fp8', out_dtype='f32', g=2, m=7, k=112, n=124, trans_a=False, trans_b=True, perfconfig='gemm:v1:128,128,16,2,1,1,32,3,3,1,4', scaled_gemm=False, scale_a_dtype=None, scale_b_dtype=None, trans_scale_a=False, trans_scale_b=False, arch='gfx950:sramecc+:xnack-', chip='gfx950', num_cu=256, num_chiplets=8)
Command line = -operation gemm -t fp8 -out_datatype f32 --arch gfx950:sramecc+:xnack- --num_cu 256 --num_chiplets 8 -g 2 -m 7 -k 112 -n 124 -transA=False -transB=True --perf_config=gemm:v1:128,128,16,2,1,1,32,3,3,1,4 -pv -relDiff_threshold 1e-5
Output = Number of elements: 1736
maxAbsDiff info: maxAbsDiff = 36.250000 (valNum = 67.31250, gpuNum = 31.06250), average absDiff = 2.4e+01
maxRelDiff info: maxRelDiff = 5.5e-01 (valNum = -32.0000000000, gpuNum = -14.5000000000), average relDiff = 5.4e-01
RMS = 3.7e-01
Histogram of relDiff: 
        relDiff = 0     : 0/1736 (0.000000%)
     0 < relDiff < 1e-06: 0/1736 (0.000000%)
1e-06 < relDiff <= 1e-05: 0/1736 (0.000000%)
1e-05 < relDiff <= 1e-04: 0/1736 (0.000000%)
1e-04 < relDiff <= 1e-03: 0/1736 (0.000000%)
1e-03 < relDiff <= 1e-02: 0/1736 (0.000000%)
1e-02 < relDiff <= 1e-01: 0/1736 (0.000000%)
1e-01 < relDiff <= 1e+00: 1736/1736 (100.000000%)
1e+00 < relDiff < inf   : 0/1736 (0.000000%)
        relDiff = inf   : 0/1736 (0.000000%)
[0 1 0]

----------------------------------------------------------------------------------------------------
NOT_APPLICABLE: GemmConfiguration(datatype='i8', out_dtype='i32', g=2, m=67, k=139, n=173, trans_a=True, trans_b=False, perfconfig='gemm:v1:64,256,16,2,1,4,0,4,3,4,8', scaled_gemm=False, scale_a_dtype=None, scale_b_dtype=None, trans_scale_a=False, trans_scale_b=False, arch='gfx950:sramecc+:xnack-', chip='gfx950', num_cu=256, num_chiplets=8)
Lowering rejected config as not applicable
Command line = -operation gemm -t i8 -out_datatype i32 --arch gfx950:sramecc+:xnack- --num_cu 256 --num_chiplets 8 -g 2 -m 447 -k 382 -n 189 -transA=True -transB=True --perf_config=gemm:v1:16,128,64,1,1,16,32,3,3,2,0 -pv
Errors = loc("<stdin>":18:10): error: Fusion with SplitK perfConfig is not legal
Lowering not applicable.

----------------------------------------------------------------------------------------------------
NOT_APPLICABLE: GemmConfiguration(datatype='i8', out_dtype='i32', g=2, m=447, k=382, n=189, trans_a=True, trans_b=True, perfconfig='gemm:v1:16,128,64,1,1,16,32,3,3,2,0', scaled_gemm=False, scale_a_dtype=None, scale_b_dtype=None, trans_scale_a=False, trans_scale_b=False, arch='gfx950:sramecc+:xnack-', chip='gfx950', num_cu=256, num_chiplets=8)
Lowering rejected config as not applicable
Command line = -operation gemm -t i8 -out_datatype i32 --arch gfx950:sramecc+:xnack- --num_cu 256 --num_chiplets 8 -g 2 -m 394 -k 210 -n 326 -transA=True -transB=True --perf_config=gemm:v1:128,256,64,2,1,4,0,4,2,8,8 -pv
Errors = loc("<stdin>":18:10): error: Fusion with SplitK perfConfig is not legal
Lowering not applicable.

----------------------------------------------------------------------------------------------------
NOT_APPLICABLE: GemmConfiguration(datatype='i8', out_dtype='i32', g=2, m=394, k=210, n=326, trans_a=True, trans_b=True, perfconfig='gemm:v1:128,256,64,2,1,4,0,4,2,8,8', scaled_gemm=False, scale_a_dtype=None, scale_b_dtype=None, trans_scale_a=False, trans_scale_b=False, arch='gfx950:sramecc+:xnack-', chip='gfx950', num_cu=256, num_chiplets=8)
----------------------------------------------------------------------------------------------------
PASS: GemmConfiguration(datatype='f32', out_dtype='f32', g=1, m=211, k=83, n=116, trans_a=True, trans_b=True, perfconfig='gemm:v1:128,64,128,1,1,8,0,3,1,2,8', scaled_gemm=False, scale_a_dtype=None, scale_b_dtype=None, trans_scale_a=False, trans_scale_b=False, arch='gfx950:sramecc+:xnack-', chip='gfx950', num_cu=256, num_chiplets=8)
----------------------------------------------------------------------------------------------------
PASS: GemmConfiguration(datatype='f32', out_dtype='f32', g=2, m=377, k=212, n=244, trans_a=True, trans_b=True, perfconfig='gemm:v1:32,16,64,1,1,4,32,1,3,4,0', scaled_gemm=False, scale_a_dtype=None, scale_b_dtype=None, trans_scale_a=False, trans_scale_b=False, arch='gfx950:sramecc+:xnack-', chip='gfx950', num_cu=256, num_chiplets=8)
----------------------------------------------------------------------------------------------------
PASS: GemmConfiguration(datatype='f32', out_dtype='f32', g=2, m=457, k=316, n=282, trans_a=False, trans_b=True, perfconfig='gemm:v1:128,32,16,2,1,8,0,1,3,2,1', scaled_gemm=False, scale_a_dtype=None, scale_b_dtype=None, trans_scale_a=False, trans_scale_b=False, arch='gfx950:sramecc+:xnack-', chip='gfx950', num_cu=256, num_chiplets=8)
----------------------------------------------------------------------------------------------------
FAIL: GemmConfiguration(datatype='fp8', out_dtype='f32', g=2, m=7, k=112, n=124, trans_a=False, trans_b=True, perfconfig='gemm:v1:128,128,16,2,1,1,32,3,3,1,4', scaled_gemm=False, scale_a_dtype=None, scale_b_dtype=None, trans_scale_a=False, trans_scale_b=False, arch='gfx950:sramecc+:xnack-', chip='gfx950', num_cu=256, num_chiplets=8)
----------------------------------------------------------------------------------------------------
PASS: GemmConfiguration(datatype='bf16', out_dtype='bf16', g=2, m=56, k=86, n=305, trans_a=False, trans_b=True, perfconfig='gemm:v1:256,256,64,1,1,2,16,2,3,0,0', scaled_gemm=False, scale_a_dtype=None, scale_b_dtype=None, trans_scale_a=False, trans_scale_b=False, arch='gfx950:sramecc+:xnack-', chip='gfx950', num_cu=256, num_chiplets=8)
Lowering rejected config as not applicable
Command line = -operation gemm -t i8 -out_datatype i32 --arch gfx950:sramecc+:xnack- --num_cu 256 --num_chiplets 8 -g 2 -m 127 -k 132 -n 427 -transA=False -transB=False --perf_config=gemm:v1:256,256,64,1,1,16,0,2,2,4,2 -pv
Errors = loc("<stdin>":18:10): error: Fusion with SplitK perfConfig is not legal
Lowering not applicable.

----------------------------------------------------------------------------------------------------
NOT_APPLICABLE: GemmConfiguration(datatype='i8', out_dtype='i32', g=2, m=127, k=132, n=427, trans_a=False, trans_b=False, perfconfig='gemm:v1:256,256,64,1,1,16,0,2,2,4,2', scaled_gemm=False, scale_a_dtype=None, scale_b_dtype=None, trans_scale_a=False, trans_scale_b=False, arch='gfx950:sramecc+:xnack-', chip='gfx950', num_cu=256, num_chiplets=8)
Lowering rejected config as not applicable
Command line = -operation gemm -t i8 -out_datatype i32 --arch gfx950:sramecc+:xnack- --num_cu 256 --num_chiplets 8 -g 1 -m 355 -k 91 -n 62 -transA=False -transB=False --perf_config=gemm:v1:16,16,128,2,1,8,32,4,1,4,2 -pv
Errors = loc("<stdin>":18:10): error: Fusion with SplitK perfConfig is not legal
Lowering not applicable.

----------------------------------------------------------------------------------------------------
NOT_APPLICABLE: GemmConfiguration(datatype='i8', out_dtype='i32', g=1, m=355, k=91, n=62, trans_a=False, trans_b=False, perfconfig='gemm:v1:16,16,128,2,1,8,32,4,1,4,2', scaled_gemm=False, scale_a_dtype=None, scale_b_dtype=None, trans_scale_a=False, trans_scale_b=False, arch='gfx950:sramecc+:xnack-', chip='gfx950', num_cu=256, num_chiplets=8)
----------------------------------------------------------------------------------------------------
PASS: GemmConfiguration(datatype='fp8', out_dtype='f32', g=2, m=451, k=126, n=505, trans_a=True, trans_b=False, perfconfig='gemm:v1:32,16,16,2,1,8,0,4,3,4,4', scaled_gemm=False, scale_a_dtype=None, scale_b_dtype=None, trans_scale_a=False, trans_scale_b=False, arch='gfx950:sramecc+:xnack-', chip='gfx950', num_cu=256, num_chiplets=8)
----------------------------------------------------------------------------------------------------
PASS: GemmConfiguration(datatype='bf16', out_dtype='bf16', g=2, m=62, k=485, n=373, trans_a=False, trans_b=True, perfconfig='gemm:v1:64,64,64,2,1,16,16,3,2,2,2', scaled_gemm=False, scale_a_dtype=None, scale_b_dtype=None, trans_scale_a=False, trans_scale_b=False, arch='gfx950:sramecc+:xnack-', chip='gfx950', num_cu=256, num_chiplets=8)
----------------------------------------------------------------------------------------------------
PASS: GemmConfiguration(datatype='f16', out_dtype='f16', g=1, m=313, k=495, n=230, trans_a=True, trans_b=False, perfconfig='gemm:v1:32,32,32,1,1,8,32,4,3,8,0', scaled_gemm=False, scale_a_dtype=None, scale_b_dtype=None, trans_scale_a=False, trans_scale_b=False, arch='gfx950:sramecc+:xnack-', chip='gfx950', num_cu=256, num_chiplets=8)
----------------------------------------------------------------------------------------------------
PASS: GemmConfiguration(datatype='fp8', out_dtype='f32', g=1, m=234, k=37, n=134, trans_a=True, trans_b=False, perfconfig='gemm:v1:128,16,16,2,1,2,0,2,3,1,0', scaled_gemm=False, scale_a_dtype=None, scale_b_dtype=None, trans_scale_a=False, trans_scale_b=False, arch='gfx950:sramecc+:xnack-', chip='gfx950', num_cu=256, num_chiplets=8)
----------------------------------------------------------------------------------------------------
PASS: GemmConfiguration(datatype='f32', out_dtype='f32', g=2, m=45, k=394, n=231, trans_a=False, trans_b=True, perfconfig='gemm:v1:128,64,128,1,1,8,16,1,1,1,8', scaled_gemm=False, scale_a_dtype=None, scale_b_dtype=None, trans_scale_a=False, trans_scale_b=False, arch='gfx950:sramecc+:xnack-', chip='gfx950', num_cu=256, num_chiplets=8)
FAIL: Runner returned incorrect result
Config = GemmConfiguration(datatype='bf16', out_dtype='bf16', g=1, m=332, k=158, n=450, trans_a=False, trans_b=False, perfconfig='gemm:v1:128,128,16,2,1,2,16,4,2,0,1', scaled_gemm=False, scale_a_dtype=None, scale_b_dtype=None, trans_scale_a=False, trans_scale_b=False, arch='gfx950:sramecc+:xnack-', chip='gfx950', num_cu=256, num_chiplets=8)
Command line = -operation gemm -t bf16 -out_datatype bf16 --arch gfx950:sramecc+:xnack- --num_cu 256 --num_chiplets 8 -g 1 -m 332 -k 158 -n 450 -transA=False -transB=False --perf_config=gemm:v1:128,128,16,2,1,2,16,4,2,0,1 -pv -RMS_threshold 1e-2
Output = Number of elements: 149400
maxAbsDiff info: maxAbsDiff = 7.375000 (valNum = -14.25000, gpuNum = -6.87500), average absDiff = 5.0e+00
maxRelDiff info: maxRelDiff = 5.2e-01 (valNum = 7.1250000000, gpuNum = 3.4375000000), average relDiff = 5.1e-01
RMS = 3.6e-01
Histogram of relDiff: 
        relDiff = 0     : 0/149400 (0.000000%)
     0 < relDiff < 1e-06: 0/149400 (0.000000%)
1e-06 < relDiff <= 1e-05: 0/149400 (0.000000%)
1e-05 < relDiff <= 1e-04: 0/149400 (0.000000%)
1e-04 < relDiff <= 1e-03: 0/149400 (0.000000%)
1e-03 < relDiff <= 1e-02: 0/149400 (0.000000%)
1e-02 < relDiff <= 1e-01: 0/149400 (0.000000%)
1e-01 < relDiff <= 1e+00: 149400/149400 (100.000000%)
1e+00 < relDiff < inf   : 0/149400 (0.000000%)
        relDiff = inf   : 0/149400 (0.000000%)
[0 1 1]

FAIL: Runner returned incorrect result
Config = GemmConfiguration(datatype='fp8', out_dtype='f32', g=2, m=199, k=232, n=32, trans_a=True, trans_b=True, perfconfig='gemm:v1:32,16,32,2,1,16,16,4,2,2,8', scaled_gemm=False, scale_a_dtype=None, scale_b_dtype=None, trans_scale_a=False, trans_scale_b=False, arch='gfx950:sramecc+:xnack-', chip='gfx950', num_cu=256, num_chiplets=8)
Command line = -operation gemm -t fp8 -out_datatype f32 --arch gfx950:sramecc+:xnack- --num_cu 256 --num_chiplets 8 -g 2 -m 199 -k 232 -n 32 -transA=True -transB=True --perf_config=gemm:v1:32,16,32,2,1,16,16,4,2,2,8 -pv -relDiff_threshold 1e-5
Output = Number of elements: 12736
maxAbsDiff info: maxAbsDiff = 38.843750 (valNum = 140.56250, gpuNum = 101.71875), average absDiff = 2.5e+01
maxRelDiff info: maxRelDiff = 2.8e-01 (valNum = -67.8750000000, gpuNum = -48.8750000000), average relDiff = 2.8e-01
RMS = 1.9e-01
Histogram of relDiff: 
        relDiff = 0     : 0/12736 (0.000000%)
     0 < relDiff < 1e-06: 0/12736 (0.000000%)
1e-06 < relDiff <= 1e-05: 0/12736 (0.000000%)
1e-05 < relDiff <= 1e-04: 0/12736 (0.000000%)
1e-04 < relDiff <= 1e-03: 0/12736 (0.000000%)
1e-03 < relDiff <= 1e-02: 0/12736 (0.000000%)
1e-02 < relDiff <= 1e-01: 0/12736 (0.000000%)
1e-01 < relDiff <= 1e+00: 12736/12736 (100.000000%)
1e+00 < relDiff < inf   : 0/12736 (0.000000%)
        relDiff = inf   : 0/12736 (0.000000%)
[0 1 0]

----------------------------------------------------------------------------------------------------
PASS: GemmConfiguration(datatype='f16', out_dtype='f16', g=2, m=188, k=477, n=463, trans_a=True, trans_b=True, perfconfig='gemm:v1:64,16,128,2,1,2,16,1,3,8,4', scaled_gemm=False, scale_a_dtype=None, scale_b_dtype=None, trans_scale_a=False, trans_scale_b=False, arch='gfx950:sramecc+:xnack-', chip='gfx950', num_cu=256, num_chiplets=8)
Lowering rejected config as not applicable
Command line = -operation gemm -t i8 -out_datatype i32 --arch gfx950:sramecc+:xnack- --num_cu 256 --num_chiplets 8 -g 1 -m 452 -k 60 -n 486 -transA=False -transB=False --perf_config=gemm:v1:32,32,32,2,1,2,16,3,2,8,1 -pv
Errors = loc("<stdin>":18:10): error: Fusion with SplitK perfConfig is not legal
Lowering not applicable.

----------------------------------------------------------------------------------------------------
NOT_APPLICABLE: GemmConfiguration(datatype='i8', out_dtype='i32', g=1, m=452, k=60, n=486, trans_a=False, trans_b=False, perfconfig='gemm:v1:32,32,32,2,1,2,16,3,2,8,1', scaled_gemm=False, scale_a_dtype=None, scale_b_dtype=None, trans_scale_a=False, trans_scale_b=False, arch='gfx950:sramecc+:xnack-', chip='gfx950', num_cu=256, num_chiplets=8)
----------------------------------------------------------------------------------------------------
PASS: GemmConfiguration(datatype='bf16', out_dtype='bf16', g=1, m=155, k=207, n=152, trans_a=True, trans_b=True, perfconfig='gemm:v1:32,16,32,2,1,16,32,4,1,4,0', scaled_gemm=False, scale_a_dtype=None, scale_b_dtype=None, trans_scale_a=False, trans_scale_b=False, arch='gfx950:sramecc+:xnack-', chip='gfx950', num_cu=256, num_chiplets=8)
----------------------------------------------------------------------------------------------------
PASS: GemmConfiguration(datatype='f32', out_dtype='f32', g=2, m=386, k=355, n=400, trans_a=False, trans_b=True, perfconfig='gemm:v1:64,16,32,1,1,8,0,4,1,4,4', scaled_gemm=False, scale_a_dtype=None, scale_b_dtype=None, trans_scale_a=False, trans_scale_b=False, arch='gfx950:sramecc+:xnack-', chip='gfx950', num_cu=256, num_chiplets=8)
----------------------------------------------------------------------------------------------------
PASS: GemmConfiguration(datatype='f16', out_dtype='f16', g=1, m=397, k=277, n=416, trans_a=False, trans_b=False, perfconfig='gemm:v1:256,64,32,2,1,16,32,4,1,4,8', scaled_gemm=False, scale_a_dtype=None, scale_b_dtype=None, trans_scale_a=False, trans_scale_b=False, arch='gfx950:sramecc+:xnack-', chip='gfx950', num_cu=256, num_chiplets=8)
----------------------------------------------------------------------------------------------------
PASS: GemmConfiguration(datatype='f16', out_dtype='f16', g=1, m=291, k=452, n=416, trans_a=True, trans_b=False, perfconfig='gemm:v1:64,128,128,2,1,8,0,1,3,8,2', scaled_gemm=False, scale_a_dtype=None, scale_b_dtype=None, trans_scale_a=False, trans_scale_b=False, arch='gfx950:sramecc+:xnack-', chip='gfx950', num_cu=256, num_chiplets=8)
----------------------------------------------------------------------------------------------------
PASS: GemmConfiguration(datatype='fp8', out_dtype='f32', g=1, m=201, k=218, n=354, trans_a=False, trans_b=False, perfconfig='gemm:v1:32,256,32,2,1,1,32,4,1,2,4', scaled_gemm=False, scale_a_dtype=None, scale_b_dtype=None, trans_scale_a=False, trans_scale_b=False, arch='gfx950:sramecc+:xnack-', chip='gfx950', num_cu=256, num_chiplets=8)
----------------------------------------------------------------------------------------------------
FAIL: GemmConfiguration(datatype='bf16', out_dtype='bf16', g=1, m=332, k=158, n=450, trans_a=False, trans_b=False, perfconfig='gemm:v1:128,128,16,2,1,2,16,4,2,0,1', scaled_gemm=False, scale_a_dtype=None, scale_b_dtype=None, trans_scale_a=False, trans_scale_b=False, arch='gfx950:sramecc+:xnack-', chip='gfx950', num_cu=256, num_chiplets=8)
----------------------------------------------------------------------------------------------------
PASS: GemmConfiguration(datatype='f32', out_dtype='f32', g=2, m=77, k=408, n=113, trans_a=False, trans_b=False, perfconfig='gemm:v1:128,32,128,1,1,2,0,4,3,2,0', scaled_gemm=False, scale_a_dtype=None, scale_b_dtype=None, trans_scale_a=False, trans_scale_b=False, arch='gfx950:sramecc+:xnack-', chip='gfx950', num_cu=256, num_chiplets=8)
Lowering rejected config as not applicable
Command line = -operation gemm -t i8 -out_datatype i32 --arch gfx950:sramecc+:xnack- --num_cu 256 --num_chiplets 8 -g 2 -m 315 -k 379 -n 364 -transA=False -transB=True --perf_config=gemm:v1:128,16,32,2,1,2,0,3,1,0,1 -pv
Errors = loc("<stdin>":18:10): error: Fusion with SplitK perfConfig is not legal
Lowering not applicable.

----------------------------------------------------------------------------------------------------
NOT_APPLICABLE: GemmConfiguration(datatype='i8', out_dtype='i32', g=2, m=315, k=379, n=364, trans_a=False, trans_b=True, perfconfig='gemm:v1:128,16,32,2,1,2,0,3,1,0,1', scaled_gemm=False, scale_a_dtype=None, scale_b_dtype=None, trans_scale_a=False, trans_scale_b=False, arch='gfx950:sramecc+:xnack-', chip='gfx950', num_cu=256, num_chiplets=8)
Lowering rejected config as not applicable
Command line = -operation gemm -t i8 -out_datatype i32 --arch gfx950:sramecc+:xnack- --num_cu 256 --num_chiplets 8 -g 2 -m 81 -k 54 -n 185 -transA=True -transB=False --perf_config=gemm:v1:32,256,128,1,1,8,32,2,3,4,0 -pv
Errors = loc("<stdin>":18:10): error: Fusion with SplitK perfConfig is not legal
Lowering not applicable.

----------------------------------------------------------------------------------------------------
NOT_APPLICABLE: GemmConfiguration(datatype='i8', out_dtype='i32', g=2, m=81, k=54, n=185, trans_a=True, trans_b=False, perfconfig='gemm:v1:32,256,128,1,1,8,32,2,3,4,0', scaled_gemm=False, scale_a_dtype=None, scale_b_dtype=None, trans_scale_a=False, trans_scale_b=False, arch='gfx950:sramecc+:xnack-', chip='gfx950', num_cu=256, num_chiplets=8)
----------------------------------------------------------------------------------------------------
PASS: GemmConfiguration(datatype='f32', out_dtype='f32', g=1, m=8, k=441, n=404, trans_a=False, trans_b=True, perfconfig='gemm:v1:32,16,16,1,1,1,16,3,2,0,2', scaled_gemm=False, scale_a_dtype=None, scale_b_dtype=None, trans_scale_a=False, trans_scale_b=False, arch='gfx950:sramecc+:xnack-', chip='gfx950', num_cu=256, num_chiplets=8)
----------------------------------------------------------------------------------------------------
FAIL: GemmConfiguration(datatype='fp8', out_dtype='f32', g=2, m=199, k=232, n=32, trans_a=True, trans_b=True, perfconfig='gemm:v1:32,16,32,2,1,16,16,4,2,2,8', scaled_gemm=False, scale_a_dtype=None, scale_b_dtype=None, trans_scale_a=False, trans_scale_b=False, arch='gfx950:sramecc+:xnack-', chip='gfx950', num_cu=256, num_chiplets=8)
----------------------------------------------------------------------------------------------------
PASS: GemmConfiguration(datatype='f32', out_dtype='f32', g=1, m=383, k=137, n=69, trans_a=True, trans_b=True, perfconfig='gemm:v1:32,32,64,2,1,8,0,1,2,2,4', scaled_gemm=False, scale_a_dtype=None, scale_b_dtype=None, trans_scale_a=False, trans_scale_b=False, arch='gfx950:sramecc+:xnack-', chip='gfx950', num_cu=256, num_chiplets=8)
----------------------------------------------------------------------------------------------------
PASS: GemmConfiguration(datatype='f16', out_dtype='f16', g=1, m=34, k=206, n=328, trans_a=False, trans_b=True, perfconfig='gemm:v1:256,128,128,2,1,8,0,3,2,2,1', scaled_gemm=False, scale_a_dtype=None, scale_b_dtype=None, trans_scale_a=False, trans_scale_b=False, arch='gfx950:sramecc+:xnack-', chip='gfx950', num_cu=256, num_chiplets=8)
----------------------------------------------------------------------------------------------------
PASS: GemmConfiguration(datatype='bf16', out_dtype='bf16', g=1, m=339, k=166, n=501, trans_a=True, trans_b=False, perfconfig='gemm:v1:32,256,128,1,1,4,0,3,1,0,8', scaled_gemm=False, scale_a_dtype=None, scale_b_dtype=None, trans_scale_a=False, trans_scale_b=False, arch='gfx950:sramecc+:xnack-', chip='gfx950', num_cu=256, num_chiplets=8)
FAIL: Runner returned incorrect result
Config = GemmConfiguration(datatype='f16', out_dtype='f16', g=2, m=34, k=425, n=60, trans_a=False, trans_b=True, perfconfig='gemm:v1:32,256,16,2,1,8,0,2,3,8,1', scaled_gemm=False, scale_a_dtype=None, scale_b_dtype=None, trans_scale_a=False, trans_scale_b=False, arch='gfx950:sramecc+:xnack-', chip='gfx950', num_cu=256, num_chiplets=8)
Command line = -operation gemm -t f16 -out_datatype f16 --arch gfx950:sramecc+:xnack- --num_cu 256 --num_chiplets 8 -g 2 -m 34 -k 425 -n 60 -transA=False -transB=True --perf_config=gemm:v1:32,256,16,2,1,8,0,2,3,8,1 -pv
Output = Number of elements: 4080
maxAbsDiff info: maxAbsDiff = 232.437500 (valNum = 257.00000, gpuNum = 24.56250), average absDiff = 1.5e+02
maxRelDiff info: maxRelDiff = 9.1e-01 (valNum = -123.7500000000, gpuNum = -11.2812500000), average relDiff = 9.0e-01
RMS = 6.3e-01
Histogram of relDiff: 
        relDiff = 0     : 0/4080 (0.000000%)
     0 < relDiff < 1e-06: 0/4080 (0.000000%)
1e-06 < relDiff <= 1e-05: 0/4080 (0.000000%)
1e-05 < relDiff <= 1e-04: 0/4080 (0.000000%)
1e-04 < relDiff <= 1e-03: 0/4080 (0.000000%)
1e-03 < relDiff <= 1e-02: 0/4080 (0.000000%)
1e-02 < relDiff <= 1e-01: 0/4080 (0.000000%)
1e-01 < relDiff <= 1e+00: 4080/4080 (100.000000%)
1e+00 < relDiff < inf   : 0/4080 (0.000000%)
        relDiff = inf   : 0/4080 (0.000000%)
[0 0 1]

FAIL: Runner returned incorrect result
Config = GemmConfiguration(datatype='f16', out_dtype='f16', g=2, m=18, k=404, n=224, trans_a=True, trans_b=True, perfconfig='gemm:v1:256,32,16,2,1,8,0,4,1,8,4', scaled_gemm=False, scale_a_dtype=None, scale_b_dtype=None, trans_scale_a=False, trans_scale_b=False, arch='gfx950:sramecc+:xnack-', chip='gfx950', num_cu=256, num_chiplets=8)
Command line = -operation gemm -t f16 -out_datatype f16 --arch gfx950:sramecc+:xnack- --num_cu 256 --num_chiplets 8 -g 2 -m 18 -k 404 -n 224 -transA=True -transB=True --perf_config=gemm:v1:256,32,16,2,1,8,0,4,1,8,4 -pv
Output = Number of elements: 8064
maxAbsDiff info: maxAbsDiff = 27.148438 (valNum = -34.75000, gpuNum = -7.60156), average absDiff = 2.0e+01
maxRelDiff info: maxRelDiff = 8.1e-01 (valNum = 24.7500000000, gpuNum = 4.7812500000), average relDiff = 7.9e-01
RMS = 6.0e-01
Histogram of relDiff: 
        relDiff = 0     : 0/8064 (0.000000%)
     0 < relDiff < 1e-06: 0/8064 (0.000000%)
1e-06 < relDiff <= 1e-05: 0/8064 (0.000000%)
1e-05 < relDiff <= 1e-04: 0/8064 (0.000000%)
1e-04 < relDiff <= 1e-03: 0/8064 (0.000000%)
1e-03 < relDiff <= 1e-02: 0/8064 (0.000000%)
1e-02 < relDiff <= 1e-01: 0/8064 (0.000000%)
1e-01 < relDiff <= 1e+00: 8064/8064 (100.000000%)
1e+00 < relDiff < inf   : 0/8064 (0.000000%)
        relDiff = inf   : 0/8064 (0.000000%)
[0 1 1]

----------------------------------------------------------------------------------------------------
PASS: GemmConfiguration(datatype='bf16', out_dtype='bf16', g=2, m=168, k=379, n=425, trans_a=False, trans_b=True, perfconfig='gemm:v1:64,128,64,1,1,4,0,2,2,1,2', scaled_gemm=False, scale_a_dtype=None, scale_b_dtype=None, trans_scale_a=False, trans_scale_b=False, arch='gfx950:sramecc+:xnack-', chip='gfx950', num_cu=256, num_chiplets=8)
Lowering rejected config as not applicable
Command line = -operation gemm -t i8 -out_datatype i32 --arch gfx950:sramecc+:xnack- --num_cu 256 --num_chiplets 8 -g 2 -m 422 -k 354 -n 427 -transA=True -transB=True --perf_config=gemm:v1:32,64,16,1,1,4,0,4,1,2,0 -pv
Errors = loc("<stdin>":18:10): error: Fusion with SplitK perfConfig is not legal
Lowering not applicable.

----------------------------------------------------------------------------------------------------
NOT_APPLICABLE: GemmConfiguration(datatype='i8', out_dtype='i32', g=2, m=422, k=354, n=427, trans_a=True, trans_b=True, perfconfig='gemm:v1:32,64,16,1,1,4,0,4,1,2,0', scaled_gemm=False, scale_a_dtype=None, scale_b_dtype=None, trans_scale_a=False, trans_scale_b=False, arch='gfx950:sramecc+:xnack-', chip='gfx950', num_cu=256, num_chiplets=8)
----------------------------------------------------------------------------------------------------
PASS: GemmConfiguration(datatype='f16', out_dtype='f16', g=1, m=72, k=7, n=278, trans_a=False, trans_b=False, perfconfig='gemm:v1:128,16,64,2,1,8,16,2,3,8,0', scaled_gemm=False, scale_a_dtype=None, scale_b_dtype=None, trans_scale_a=False, trans_scale_b=False, arch='gfx950:sramecc+:xnack-', chip='gfx950', num_cu=256, num_chiplets=8)
----------------------------------------------------------------------------------------------------
PASS: GemmConfiguration(datatype='fp8', out_dtype='f32', g=2, m=416, k=195, n=108, trans_a=False, trans_b=True, perfconfig='gemm:v1:128,16,64,2,1,16,16,2,2,0,1', scaled_gemm=False, scale_a_dtype=None, scale_b_dtype=None, trans_scale_a=False, trans_scale_b=False, arch='gfx950:sramecc+:xnack-', chip='gfx950', num_cu=256, num_chiplets=8)
----------------------------------------------------------------------------------------------------
PASS: GemmConfiguration(datatype='f16', out_dtype='f16', g=1, m=481, k=412, n=270, trans_a=False, trans_b=True, perfconfig='gemm:v1:128,64,32,1,1,4,16,1,2,1,4', scaled_gemm=False, scale_a_dtype=None, scale_b_dtype=None, trans_scale_a=False, trans_scale_b=False, arch='gfx950:sramecc+:xnack-', chip='gfx950', num_cu=256, num_chiplets=8)
----------------------------------------------------------------------------------------------------
FAIL: GemmConfiguration(datatype='f16', out_dtype='f16', g=2, m=34, k=425, n=60, trans_a=False, trans_b=True, perfconfig='gemm:v1:32,256,16,2,1,8,0,2,3,8,1', scaled_gemm=False, scale_a_dtype=None, scale_b_dtype=None, trans_scale_a=False, trans_scale_b=False, arch='gfx950:sramecc+:xnack-', chip='gfx950', num_cu=256, num_chiplets=8)
----------------------------------------------------------------------------------------------------
PASS: GemmConfiguration(datatype='fp8', out_dtype='f32', g=2, m=259, k=466, n=304, trans_a=True, trans_b=False, perfconfig='gemm:v1:32,64,32,2,1,1,0,2,1,8,2', scaled_gemm=False, scale_a_dtype=None, scale_b_dtype=None, trans_scale_a=False, trans_scale_b=False, arch='gfx950:sramecc+:xnack-', chip='gfx950', num_cu=256, num_chiplets=8)
----------------------------------------------------------------------------------------------------
PASS: GemmConfiguration(datatype='f16', out_dtype='f16', g=2, m=471, k=228, n=203, trans_a=True, trans_b=False, perfconfig='gemm:v1:16,64,64,1,1,2,32,4,2,2,1', scaled_gemm=False, scale_a_dtype=None, scale_b_dtype=None, trans_scale_a=False, trans_scale_b=False, arch='gfx950:sramecc+:xnack-', chip='gfx950', num_cu=256, num_chiplets=8)
----------------------------------------------------------------------------------------------------
PASS: GemmConfiguration(datatype='fp8', out_dtype='f32', g=1, m=190, k=187, n=302, trans_a=False, trans_b=True, perfconfig='gemm:v1:64,256,128,2,1,2,0,3,1,0,1', scaled_gemm=False, scale_a_dtype=None, scale_b_dtype=None, trans_scale_a=False, trans_scale_b=False, arch='gfx950:sramecc+:xnack-', chip='gfx950', num_cu=256, num_chiplets=8)
Lowering rejected config as not applicable
Command line = -operation gemm -t i8 -out_datatype i32 --arch gfx950:sramecc+:xnack- --num_cu 256 --num_chiplets 8 -g 2 -m 305 -k 466 -n 100 -transA=False -transB=True --perf_config=gemm:v1:16,64,64,1,1,2,0,2,1,4,0 -pv
Errors = loc("<stdin>":18:10): error: Fusion with SplitK perfConfig is not legal
Lowering not applicable.

----------------------------------------------------------------------------------------------------
NOT_APPLICABLE: GemmConfiguration(datatype='i8', out_dtype='i32', g=2, m=305, k=466, n=100, trans_a=False, trans_b=True, perfconfig='gemm:v1:16,64,64,1,1,2,0,2,1,4,0', scaled_gemm=False, scale_a_dtype=None, scale_b_dtype=None, trans_scale_a=False, trans_scale_b=False, arch='gfx950:sramecc+:xnack-', chip='gfx950', num_cu=256, num_chiplets=8)
Lowering rejected config as not applicable
Command line = -operation gemm -t i8 -out_datatype i32 --arch gfx950:sramecc+:xnack- --num_cu 256 --num_chiplets 8 -g 2 -m 27 -k 264 -n 326 -transA=True -transB=True --perf_config=gemm:v1:64,16,64,1,1,8,32,3,3,4,0 -pv
Errors = loc("<stdin>":18:10): error: Fusion with SplitK perfConfig is not legal
Lowering not applicable.

----------------------------------------------------------------------------------------------------
NOT_APPLICABLE: GemmConfiguration(datatype='i8', out_dtype='i32', g=2, m=27, k=264, n=326, trans_a=True, trans_b=True, perfconfig='gemm:v1:64,16,64,1,1,8,32,3,3,4,0', scaled_gemm=False, scale_a_dtype=None, scale_b_dtype=None, trans_scale_a=False, trans_scale_b=False, arch='gfx950:sramecc+:xnack-', chip='gfx950', num_cu=256, num_chiplets=8)
----------------------------------------------------------------------------------------------------
PASS: GemmConfiguration(datatype='f32', out_dtype='f32', g=2, m=285, k=148, n=134, trans_a=True, trans_b=True, perfconfig='gemm:v1:16,64,64,1,1,4,0,3,3,2,4', scaled_gemm=False, scale_a_dtype=None, scale_b_dtype=None, trans_scale_a=False, trans_scale_b=False, arch='gfx950:sramecc+:xnack-', chip='gfx950', num_cu=256, num_chiplets=8)
----------------------------------------------------------------------------------------------------
FAIL: GemmConfiguration(datatype='f16', out_dtype='f16', g=2, m=18, k=404, n=224, trans_a=True, trans_b=True, perfconfig='gemm:v1:256,32,16,2,1,8,0,4,1,8,4', scaled_gemm=False, scale_a_dtype=None, scale_b_dtype=None, trans_scale_a=False, trans_scale_b=False, arch='gfx950:sramecc+:xnack-', chip='gfx950', num_cu=256, num_chiplets=8)
----------------------------------------------------------------------------------------------------
PASS: GemmConfiguration(datatype='f32', out_dtype='f32', g=2, m=134, k=161, n=84, trans_a=False, trans_b=True, perfconfig='gemm:v1:32,128,128,2,1,16,32,2,3,1,8', scaled_gemm=False, scale_a_dtype=None, scale_b_dtype=None, trans_scale_a=False, trans_scale_b=False, arch='gfx950:sramecc+:xnack-', chip='gfx950', num_cu=256, num_chiplets=8)
----------------------------------------------------------------------------------------------------
PASS: GemmConfiguration(datatype='f32', out_dtype='f32', g=1, m=147, k=88, n=83, trans_a=True, trans_b=True, perfconfig='gemm:v1:16,128,16,2,1,2,32,4,3,4,8', scaled_gemm=False, scale_a_dtype=None, scale_b_dtype=None, trans_scale_a=False, trans_scale_b=False, arch='gfx950:sramecc+:xnack-', chip='gfx950', num_cu=256, num_chiplets=8)
----------------------------------------------------------------------------------------------------
PASS: GemmConfiguration(datatype='f32', out_dtype='f32', g=1, m=7, k=218, n=149, trans_a=True, trans_b=True, perfconfig='gemm:v1:32,256,16,1,1,1,32,3,1,4,4', scaled_gemm=False, scale_a_dtype=None, scale_b_dtype=None, trans_scale_a=False, trans_scale_b=False, arch='gfx950:sramecc+:xnack-', chip='gfx950', num_cu=256, num_chiplets=8)
FAIL: Runner returned incorrect result
Config = GemmConfiguration(datatype='i8', out_dtype='i32', g=2, m=348, k=35, n=445, trans_a=False, trans_b=True, perfconfig='gemm:v1:32,16,32,2,1,8,32,1,1,1,0', scaled_gemm=False, scale_a_dtype=None, scale_b_dtype=None, trans_scale_a=False, trans_scale_b=False, arch='gfx950:sramecc+:xnack-', chip='gfx950', num_cu=256, num_chiplets=8)
Command line = -operation gemm -t i8 -out_datatype i32 --arch gfx950:sramecc+:xnack- --num_cu 256 --num_chiplets 8 -g 2 -m 348 -k 35 -n 445 -transA=False -transB=True --perf_config=gemm:v1:32,16,32,2,1,8,32,1,1,1,0 -pv
Output = Number of elements: 309720
Number of incorrect elements: 309720
maxAbsDiff: 33
Number of overflow elements: 0
[0 0 0]
----------------------------------------------------------------------------------------------------
PASS: GemmConfiguration(datatype='f32', out_dtype='f32', g=1, m=400, k=221, n=423, trans_a=False, trans_b=False, perfconfig='gemm:v1:128,64,64,2,1,1,32,4,1,1,8', scaled_gemm=False, scale_a_dtype=None, scale_b_dtype=None, trans_scale_a=False, trans_scale_b=False, arch='gfx950:sramecc+:xnack-', chip='gfx950', num_cu=256, num_chiplets=8)
Lowering rejected config as not applicable
Command line = -operation gemm -t i8 -out_datatype i32 --arch gfx950:sramecc+:xnack- --num_cu 256 --num_chiplets 8 -g 2 -m 489 -k 335 -n 171 -transA=True -transB=False --perf_config=gemm:v1:128,16,64,2,1,8,16,2,3,4,4 -pv
Errors = loc("<stdin>":18:10): error: Fusion with SplitK perfConfig is not legal
Lowering not applicable.

----------------------------------------------------------------------------------------------------
NOT_APPLICABLE: GemmConfiguration(datatype='i8', out_dtype='i32', g=2, m=489, k=335, n=171, trans_a=True, trans_b=False, perfconfig='gemm:v1:128,16,64,2,1,8,16,2,3,4,4', scaled_gemm=False, scale_a_dtype=None, scale_b_dtype=None, trans_scale_a=False, trans_scale_b=False, arch='gfx950:sramecc+:xnack-', chip='gfx950', num_cu=256, num_chiplets=8)
----------------------------------------------------------------------------------------------------
PASS: GemmConfiguration(datatype='bf16', out_dtype='bf16', g=2, m=458, k=112, n=148, trans_a=True, trans_b=True, perfconfig='gemm:v1:16,64,128,1,1,4,0,1,3,0,8', scaled_gemm=False, scale_a_dtype=None, scale_b_dtype=None, trans_scale_a=False, trans_scale_b=False, arch='gfx950:sramecc+:xnack-', chip='gfx950', num_cu=256, num_chiplets=8)
----------------------------------------------------------------------------------------------------
PASS: GemmConfiguration(datatype='fp8', out_dtype='f32', g=1, m=105, k=254, n=127, trans_a=False, trans_b=False, perfconfig='gemm:v1:128,64,128,1,1,16,16,2,1,2,2', scaled_gemm=False, scale_a_dtype=None, scale_b_dtype=None, trans_scale_a=False, trans_scale_b=False, arch='gfx950:sramecc+:xnack-', chip='gfx950', num_cu=256, num_chiplets=8)
----------------------------------------------------------------------------------------------------
PASS: GemmConfiguration(datatype='f32', out_dtype='f32', g=1, m=177, k=481, n=262, trans_a=False, trans_b=False, perfconfig='gemm:v1:64,32,16,1,1,16,0,1,3,1,1', scaled_gemm=False, scale_a_dtype=None, scale_b_dtype=None, trans_scale_a=False, trans_scale_b=False, arch='gfx950:sramecc+:xnack-', chip='gfx950', num_cu=256, num_chiplets=8)
----------------------------------------------------------------------------------------------------
PASS: GemmConfiguration(datatype='f32', out_dtype='f32', g=2, m=45, k=490, n=26, trans_a=False, trans_b=True, perfconfig='gemm:v1:16,16,32,2,1,8,16,4,3,2,0', scaled_gemm=False, scale_a_dtype=None, scale_b_dtype=None, trans_scale_a=False, trans_scale_b=False, arch='gfx950:sramecc+:xnack-', chip='gfx950', num_cu=256, num_chiplets=8)
----------------------------------------------------------------------------------------------------
PASS: GemmConfiguration(datatype='f32', out_dtype='f32', g=2, m=257, k=321, n=186, trans_a=False, trans_b=False, perfconfig='gemm:v1:64,16,64,1,1,4,16,1,2,0,0', scaled_gemm=False, scale_a_dtype=None, scale_b_dtype=None, trans_scale_a=False, trans_scale_b=False, arch='gfx950:sramecc+:xnack-', chip='gfx950', num_cu=256, num_chiplets=8)
----------------------------------------------------------------------------------------------------
PASS: GemmConfiguration(datatype='f32', out_dtype='f32', g=2, m=162, k=216, n=458, trans_a=False, trans_b=True, perfconfig='gemm:v1:32,64,64,2,1,2,0,3,3,4,2', scaled_gemm=False, scale_a_dtype=None, scale_b_dtype=None, trans_scale_a=False, trans_scale_b=False, arch='gfx950:sramecc+:xnack-', chip='gfx950', num_cu=256, num_chiplets=8)
----------------------------------------------------------------------------------------------------
PASS: GemmConfiguration(datatype='fp8', out_dtype='f32', g=1, m=315, k=220, n=346, trans_a=False, trans_b=True, perfconfig='gemm:v1:128,16,128,1,1,1,16,4,3,8,0', scaled_gemm=False, scale_a_dtype=None, scale_b_dtype=None, trans_scale_a=False, trans_scale_b=False, arch='gfx950:sramecc+:xnack-', chip='gfx950', num_cu=256, num_chiplets=8)
Lowering rejected config as not applicable
Command line = -operation gemm -t i8 -out_datatype i32 --arch gfx950:sramecc+:xnack- --num_cu 256 --num_chiplets 8 -g 2 -m 466 -k 135 -n 102 -transA=False -transB=True --perf_config=gemm:v1:128,64,128,2,1,16,32,3,3,4,8 -pv
Errors = loc("<stdin>":18:10): error: Fusion with SplitK perfConfig is not legal
Lowering not applicable.

----------------------------------------------------------------------------------------------------
NOT_APPLICABLE: GemmConfiguration(datatype='i8', out_dtype='i32', g=2, m=466, k=135, n=102, trans_a=False, trans_b=True, perfconfig='gemm:v1:128,64,128,2,1,16,32,3,3,4,8', scaled_gemm=False, scale_a_dtype=None, scale_b_dtype=None, trans_scale_a=False, trans_scale_b=False, arch='gfx950:sramecc+:xnack-', chip='gfx950', num_cu=256, num_chiplets=8)
----------------------------------------------------------------------------------------------------
PASS: GemmConfiguration(datatype='i8', out_dtype='i32', g=2, m=280, k=108, n=202, trans_a=True, trans_b=False, perfconfig='gemm:v1:128,16,128,2,1,4,16,1,3,0,1', scaled_gemm=False, scale_a_dtype=None, scale_b_dtype=None, trans_scale_a=False, trans_scale_b=False, arch='gfx950:sramecc+:xnack-', chip='gfx950', num_cu=256, num_chiplets=8)
----------------------------------------------------------------------------------------------------
PASS: GemmConfiguration(datatype='bf16', out_dtype='bf16', g=1, m=322, k=61, n=123, trans_a=False, trans_b=False, perfconfig='gemm:v1:128,64,16,1,1,16,16,3,1,1,4', scaled_gemm=False, scale_a_dtype=None, scale_b_dtype=None, trans_scale_a=False, trans_scale_b=False, arch='gfx950:sramecc+:xnack-', chip='gfx950', num_cu=256, num_chiplets=8)
----------------------------------------------------------------------------------------------------
PASS: GemmConfiguration(datatype='f32', out_dtype='f32', g=2, m=68, k=80, n=136, trans_a=True, trans_b=False, perfconfig='gemm:v1:32,64,16,2,1,1,32,2,1,0,1', scaled_gemm=False, scale_a_dtype=None, scale_b_dtype=None, trans_scale_a=False, trans_scale_b=False, arch='gfx950:sramecc+:xnack-', chip='gfx950', num_cu=256, num_chiplets=8)
----------------------------------------------------------------------------------------------------
FAIL: GemmConfiguration(datatype='i8', out_dtype='i32', g=2, m=348, k=35, n=445, trans_a=False, trans_b=True, perfconfig='gemm:v1:32,16,32,2,1,8,32,1,1,1,0', scaled_gemm=False, scale_a_dtype=None, scale_b_dtype=None, trans_scale_a=False, trans_scale_b=False, arch='gfx950:sramecc+:xnack-', chip='gfx950', num_cu=256, num_chiplets=8)
----------------------------------------------------------------------------------------------------
PASS: GemmConfiguration(datatype='f16', out_dtype='f16', g=2, m=82, k=412, n=354, trans_a=True, trans_b=True, perfconfig='gemm:v1:256,32,32,2,1,2,32,1,1,8,8', scaled_gemm=False, scale_a_dtype=None, scale_b_dtype=None, trans_scale_a=False, trans_scale_b=False, arch='gfx950:sramecc+:xnack-', chip='gfx950', num_cu=256, num_chiplets=8)
----------------------------------------------------------------------------------------------------
PASS: GemmConfiguration(datatype='i8', out_dtype='i32', g=2, m=267, k=424, n=86, trans_a=False, trans_b=True, perfconfig='gemm:v1:16,64,32,1,1,2,32,1,2,2,4', scaled_gemm=False, scale_a_dtype=None, scale_b_dtype=None, trans_scale_a=False, trans_scale_b=False, arch='gfx950:sramecc+:xnack-', chip='gfx950', num_cu=256, num_chiplets=8)
----------------------------------------------------------------------------------------------------
PASS: GemmConfiguration(datatype='bf16', out_dtype='bf16', g=1, m=266, k=307, n=118, trans_a=False, trans_b=True, perfconfig='gemm:v1:32,128,32,1,1,1,16,3,3,0,2', scaled_gemm=False, scale_a_dtype=None, scale_b_dtype=None, trans_scale_a=False, trans_scale_b=False, arch='gfx950:sramecc+:xnack-', chip='gfx950', num_cu=256, num_chiplets=8)
Lowering rejected config as not applicable
Command line = -operation gemm -t i8 -out_datatype i32 --arch gfx950:sramecc+:xnack- --num_cu 256 --num_chiplets 8 -g 1 -m 481 -k 252 -n 458 -transA=True -transB=False --perf_config=gemm:v1:64,32,32,2,1,1,32,3,2,4,1 -pv
Errors = loc("<stdin>":18:10): error: Fusion with SplitK perfConfig is not legal
Lowering not applicable.

----------------------------------------------------------------------------------------------------
NOT_APPLICABLE: GemmConfiguration(datatype='i8', out_dtype='i32', g=1, m=481, k=252, n=458, trans_a=True, trans_b=False, perfconfig='gemm:v1:64,32,32,2,1,1,32,3,2,4,1', scaled_gemm=False, scale_a_dtype=None, scale_b_dtype=None, trans_scale_a=False, trans_scale_b=False, arch='gfx950:sramecc+:xnack-', chip='gfx950', num_cu=256, num_chiplets=8)
----------------------------------------------------------------------------------------------------
PASS: GemmConfiguration(datatype='f32', out_dtype='f32', g=1, m=302, k=304, n=167, trans_a=True, trans_b=True, perfconfig='gemm:v1:16,16,32,1,1,2,0,2,2,2,4', scaled_gemm=False, scale_a_dtype=None, scale_b_dtype=None, trans_scale_a=False, trans_scale_b=False, arch='gfx950:sramecc+:xnack-', chip='gfx950', num_cu=256, num_chiplets=8)
----------------------------------------------------------------------------------------------------
PASS: GemmConfiguration(datatype='f32', out_dtype='f32', g=1, m=346, k=249, n=222, trans_a=False, trans_b=True, perfconfig='gemm:v1:32,16,32,1,1,1,16,1,3,1,4', scaled_gemm=False, scale_a_dtype=None, scale_b_dtype=None, trans_scale_a=False, trans_scale_b=False, arch='gfx950:sramecc+:xnack-', chip='gfx950', num_cu=256, num_chiplets=8)
----------------------------------------------------------------------------------------------------
PASS: GemmConfiguration(datatype='fp8', out_dtype='f32', g=2, m=149, k=216, n=425, trans_a=False, trans_b=True, perfconfig='gemm:v1:64,128,16,1,1,4,32,4,3,8,8', scaled_gemm=False, scale_a_dtype=None, scale_b_dtype=None, trans_scale_a=False, trans_scale_b=False, arch='gfx950:sramecc+:xnack-', chip='gfx950', num_cu=256, num_chiplets=8)
----------------------------------------------------------------------------------------------------
PASS: GemmConfiguration(datatype='f32', out_dtype='f32', g=1, m=491, k=333, n=9, trans_a=True, trans_b=False, perfconfig='gemm:v1:32,16,128,2,1,1,32,4,1,8,8', scaled_gemm=False, scale_a_dtype=None, scale_b_dtype=None, trans_scale_a=False, trans_scale_b=False, arch='gfx950:sramecc+:xnack-', chip='gfx950', num_cu=256, num_chiplets=8)
----------------------------------------------------------------------------------------------------
PASS: GemmConfiguration(datatype='bf16', out_dtype='bf16', g=1, m=314, k=477, n=487, trans_a=False, trans_b=False, perfconfig='gemm:v1:128,64,16,1,1,1,16,1,3,2,8', scaled_gemm=False, scale_a_dtype=None, scale_b_dtype=None, trans_scale_a=False, trans_scale_b=False, arch='gfx950:sramecc+:xnack-', chip='gfx950', num_cu=256, num_chiplets=8)
----------------------------------------------------------------------------------------------------
PASS: GemmConfiguration(datatype='bf16', out_dtype='bf16', g=2, m=209, k=362, n=139, trans_a=True, trans_b=False, perfconfig='gemm:v1:256,256,16,1,1,16,0,3,1,2,4', scaled_gemm=False, scale_a_dtype=None, scale_b_dtype=None, trans_scale_a=False, trans_scale_b=False, arch='gfx950:sramecc+:xnack-', chip='gfx950', num_cu=256, num_chiplets=8)
----------------------------------------------------------------------------------------------------
PASS: GemmConfiguration(datatype='fp8', out_dtype='f32', g=2, m=9, k=54, n=474, trans_a=False, trans_b=True, perfconfig='gemm:v1:256,256,128,1,1,1,16,3,2,4,1', scaled_gemm=False, scale_a_dtype=None, scale_b_dtype=None, trans_scale_a=False, trans_scale_b=False, arch='gfx950:sramecc+:xnack-', chip='gfx950', num_cu=256, num_chiplets=8)
Lowering rejected config as not applicable
Command line = -operation gemm -t i8 -out_datatype i32 --arch gfx950:sramecc+:xnack- --num_cu 256 --num_chiplets 8 -g 2 -m 437 -k 330 -n 310 -transA=False -transB=False --perf_config=gemm:v1:256,32,128,2,1,4,16,2,3,4,8 -pv
Errors = loc("<stdin>":18:10): error: Fusion with SplitK perfConfig is not legal
Lowering not applicable.

----------------------------------------------------------------------------------------------------
NOT_APPLICABLE: GemmConfiguration(datatype='i8', out_dtype='i32', g=2, m=437, k=330, n=310, trans_a=False, trans_b=False, perfconfig='gemm:v1:256,32,128,2,1,4,16,2,3,4,8', scaled_gemm=False, scale_a_dtype=None, scale_b_dtype=None, trans_scale_a=False, trans_scale_b=False, arch='gfx950:sramecc+:xnack-', chip='gfx950', num_cu=256, num_chiplets=8)
Lowering rejected config as not applicable
Command line = -operation gemm -t i8 -out_datatype i32 --arch gfx950:sramecc+:xnack- --num_cu 256 --num_chiplets 8 -g 1 -m 41 -k 250 -n 447 -transA=True -transB=False --perf_config=gemm:v1:16,16,64,2,1,16,0,4,1,1,4 -pv
Errors = loc("<stdin>":18:10): error: Fusion with SplitK perfConfig is not legal
Lowering not applicable.

----------------------------------------------------------------------------------------------------
NOT_APPLICABLE: GemmConfiguration(datatype='i8', out_dtype='i32', g=1, m=41, k=250, n=447, trans_a=True, trans_b=False, perfconfig='gemm:v1:16,16,64,2,1,16,0,4,1,1,4', scaled_gemm=False, scale_a_dtype=None, scale_b_dtype=None, trans_scale_a=False, trans_scale_b=False, arch='gfx950:sramecc+:xnack-', chip='gfx950', num_cu=256, num_chiplets=8)
----------------------------------------------------------------------------------------------------
PASS: GemmConfiguration(datatype='bf16', out_dtype='bf16', g=2, m=385, k=177, n=53, trans_a=False, trans_b=True, perfconfig='gemm:v1:128,16,128,2,1,8,16,4,3,1,8', scaled_gemm=False, scale_a_dtype=None, scale_b_dtype=None, trans_scale_a=False, trans_scale_b=False, arch='gfx950:sramecc+:xnack-', chip='gfx950', num_cu=256, num_chiplets=8)
----------------------------------------------------------------------------------------------------
PASS: GemmConfiguration(datatype='bf16', out_dtype='bf16', g=2, m=243, k=327, n=260, trans_a=False, trans_b=False, perfconfig='gemm:v1:16,16,64,2,1,1,0,3,2,0,1', scaled_gemm=False, scale_a_dtype=None, scale_b_dtype=None, trans_scale_a=False, trans_scale_b=False, arch='gfx950:sramecc+:xnack-', chip='gfx950', num_cu=256, num_chiplets=8)
----------------------------------------------------------------------------------------------------
PASS: GemmConfiguration(datatype='bf16', out_dtype='bf16', g=1, m=433, k=497, n=287, trans_a=False, trans_b=True, perfconfig='gemm:v1:128,16,16,1,1,1,16,3,2,0,2', scaled_gemm=False, scale_a_dtype=None, scale_b_dtype=None, trans_scale_a=False, trans_scale_b=False, arch='gfx950:sramecc+:xnack-', chip='gfx950', num_cu=256, num_chiplets=8)
----------------------------------------------------------------------------------------------------
PASS: GemmConfiguration(datatype='fp8', out_dtype='f32', g=1, m=405, k=253, n=35, trans_a=True, trans_b=False, perfconfig='gemm:v1:128,128,16,1,1,1,0,2,1,0,1', scaled_gemm=False, scale_a_dtype=None, scale_b_dtype=None, trans_scale_a=False, trans_scale_b=False, arch='gfx950:sramecc+:xnack-', chip='gfx950', num_cu=256, num_chiplets=8)
----------------------------------------------------------------------------------------------------
PASS: GemmConfiguration(datatype='fp8', out_dtype='f32', g=2, m=494, k=413, n=347, trans_a=True, trans_b=False, perfconfig='gemm:v1:32,256,64,2,1,2,0,3,3,8,1', scaled_gemm=False, scale_a_dtype=None, scale_b_dtype=None, trans_scale_a=False, trans_scale_b=False, arch='gfx950:sramecc+:xnack-', chip='gfx950', num_cu=256, num_chiplets=8)
----------------------------------------------------------------------------------------------------
PASS: GemmConfiguration(datatype='f32', out_dtype='f32', g=2, m=311, k=423, n=403, trans_a=True, trans_b=True, perfconfig='gemm:v1:64,256,32,1,1,1,32,3,1,2,1', scaled_gemm=False, scale_a_dtype=None, scale_b_dtype=None, trans_scale_a=False, trans_scale_b=False, arch='gfx950:sramecc+:xnack-', chip='gfx950', num_cu=256, num_chiplets=8)
FAIL: Runner returned incorrect result
Config = GemmConfiguration(datatype='i8', out_dtype='i32', g=1, m=227, k=289, n=7, trans_a=False, trans_b=True, perfconfig='gemm:v1:32,256,16,2,1,2,0,1,1,2,4', scaled_gemm=False, scale_a_dtype=None, scale_b_dtype=None, trans_scale_a=False, trans_scale_b=False, arch='gfx950:sramecc+:xnack-', chip='gfx950', num_cu=256, num_chiplets=8)
Command line = -operation gemm -t i8 -out_datatype i32 --arch gfx950:sramecc+:xnack- --num_cu 256 --num_chiplets 8 -g 1 -m 227 -k 289 -n 7 -transA=False -transB=True --perf_config=gemm:v1:32,256,16,2,1,2,0,1,1,2,4 -pv
Output = Number of elements: 1589
Number of incorrect elements: 1589
maxAbsDiff: 545
Number of overflow elements: 0
[0 0 0]
FAIL: Runner returned incorrect result
Config = GemmConfiguration(datatype='f16', out_dtype='f16', g=2, m=241, k=212, n=494, trans_a=False, trans_b=False, perfconfig='gemm:v1:256,32,32,2,1,2,16,2,3,2,1', scaled_gemm=False, scale_a_dtype=None, scale_b_dtype=None, trans_scale_a=False, trans_scale_b=False, arch='gfx950:sramecc+:xnack-', chip='gfx950', num_cu=256, num_chiplets=8)
Command line = -operation gemm -t f16 -out_datatype f16 --arch gfx950:sramecc+:xnack- --num_cu 256 --num_chiplets 8 -g 2 -m 241 -k 212 -n 494 -transA=False -transB=False --perf_config=gemm:v1:256,32,32,2,1,2,16,2,3,2,1 -pv
Output = Number of elements: 238108
maxAbsDiff info: maxAbsDiff = 79.437500 (valNum = 123.87500, gpuNum = 44.43750), average absDiff = 5.2e+01
maxRelDiff info: maxRelDiff = 6.5e-01 (valNum = -30.5625000000, gpuNum = -10.7734375000), average relDiff = 6.4e-01
RMS = 4.6e-01
Histogram of relDiff: 
        relDiff = 0     : 0/238108 (0.000000%)
     0 < relDiff < 1e-06: 0/238108 (0.000000%)
1e-06 < relDiff <= 1e-05: 0/238108 (0.000000%)
1e-05 < relDiff <= 1e-04: 0/238108 (0.000000%)
1e-04 < relDiff <= 1e-03: 0/238108 (0.000000%)
1e-03 < relDiff <= 1e-02: 0/238108 (0.000000%)
1e-02 < relDiff <= 1e-01: 0/238108 (0.000000%)
1e-01 < relDiff <= 1e+00: 238108/238108 (100.000000%)
1e+00 < relDiff < inf   : 0/238108 (0.000000%)
        relDiff = inf   : 0/238108 (0.000000%)
[0 1 1]

FAIL: Runner returned incorrect result
Config = GemmConfiguration(datatype='fp8', out_dtype='f32', g=1, m=245, k=460, n=101, trans_a=True, trans_b=False, perfconfig='gemm:v1:128,128,16,2,1,1,0,3,1,4,1', scaled_gemm=False, scale_a_dtype=None, scale_b_dtype=None, trans_scale_a=False, trans_scale_b=False, arch='gfx950:sramecc+:xnack-', chip='gfx950', num_cu=256, num_chiplets=8)
Command line = -operation gemm -t fp8 -out_datatype f32 --arch gfx950:sramecc+:xnack- --num_cu 256 --num_chiplets 8 -g 1 -m 245 -k 460 -n 101 -transA=True -transB=False --perf_config=gemm:v1:128,128,16,2,1,1,0,3,1,4,1 -pv -relDiff_threshold 1e-5
Output = Number of elements: 24745
maxAbsDiff info: maxAbsDiff = 232.056641 (valNum = 277.56250, gpuNum = 45.50586), average absDiff = 1.5e+02
maxRelDiff info: maxRelDiff = 8.4e-01 (valNum = -133.5000000000, gpuNum = -21.4726562500), average relDiff = 8.3e-01
RMS = 5.8e-01
Histogram of relDiff: 
        relDiff = 0     : 0/24745 (0.000000%)
     0 < relDiff < 1e-06: 0/24745 (0.000000%)
1e-06 < relDiff <= 1e-05: 0/24745 (0.000000%)
1e-05 < relDiff <= 1e-04: 0/24745 (0.000000%)
1e-04 < relDiff <= 1e-03: 0/24745 (0.000000%)
1e-03 < relDiff <= 1e-02: 0/24745 (0.000000%)
1e-02 < relDiff <= 1e-01: 0/24745 (0.000000%)
1e-01 < relDiff <= 1e+00: 24745/24745 (100.000000%)
1e+00 < relDiff < inf   : 0/24745 (0.000000%)
        relDiff = inf   : 0/24745 (0.000000%)
[0 0 0]

Lowering rejected config as not applicable
Command line = -operation gemm -t i8 -out_datatype i32 --arch gfx950:sramecc+:xnack- --num_cu 256 --num_chiplets 8 -g 2 -m 245 -k 105 -n 449 -transA=False -transB=True --perf_config=gemm:v1:64,16,32,2,1,2,0,4,3,4,0 -pv
Errors = loc("<stdin>":18:10): error: Fusion with SplitK perfConfig is not legal
Lowering not applicable.

----------------------------------------------------------------------------------------------------
NOT_APPLICABLE: GemmConfiguration(datatype='i8', out_dtype='i32', g=2, m=245, k=105, n=449, trans_a=False, trans_b=True, perfconfig='gemm:v1:64,16,32,2,1,2,0,4,3,4,0', scaled_gemm=False, scale_a_dtype=None, scale_b_dtype=None, trans_scale_a=False, trans_scale_b=False, arch='gfx950:sramecc+:xnack-', chip='gfx950', num_cu=256, num_chiplets=8)
----------------------------------------------------------------------------------------------------
PASS: GemmConfiguration(datatype='f32', out_dtype='f32', g=1, m=51, k=11, n=177, trans_a=False, trans_b=False, perfconfig='gemm:v1:64,32,32,2,1,1,16,2,2,1,1', scaled_gemm=False, scale_a_dtype=None, scale_b_dtype=None, trans_scale_a=False, trans_scale_b=False, arch='gfx950:sramecc+:xnack-', chip='gfx950', num_cu=256, num_chiplets=8)
----------------------------------------------------------------------------------------------------
PASS: GemmConfiguration(datatype='fp8', out_dtype='f32', g=1, m=31, k=277, n=459, trans_a=False, trans_b=True, perfconfig='gemm:v1:16,64,16,2,1,1,0,3,2,4,4', scaled_gemm=False, scale_a_dtype=None, scale_b_dtype=None, trans_scale_a=False, trans_scale_b=False, arch='gfx950:sramecc+:xnack-', chip='gfx950', num_cu=256, num_chiplets=8)
----------------------------------------------------------------------------------------------------
PASS: GemmConfiguration(datatype='fp8', out_dtype='f32', g=1, m=424, k=405, n=308, trans_a=False, trans_b=False, perfconfig='gemm:v1:16,64,32,1,1,2,0,1,2,1,0', scaled_gemm=False, scale_a_dtype=None, scale_b_dtype=None, trans_scale_a=False, trans_scale_b=False, arch='gfx950:sramecc+:xnack-', chip='gfx950', num_cu=256, num_chiplets=8)
----------------------------------------------------------------------------------------------------
FAIL: GemmConfiguration(datatype='i8', out_dtype='i32', g=1, m=227, k=289, n=7, trans_a=False, trans_b=True, perfconfig='gemm:v1:32,256,16,2,1,2,0,1,1,2,4', scaled_gemm=False, scale_a_dtype=None, scale_b_dtype=None, trans_scale_a=False, trans_scale_b=False, arch='gfx950:sramecc+:xnack-', chip='gfx950', num_cu=256, num_chiplets=8)
----------------------------------------------------------------------------------------------------
FAIL: GemmConfiguration(datatype='f16', out_dtype='f16', g=2, m=241, k=212, n=494, trans_a=False, trans_b=False, perfconfig='gemm:v1:256,32,32,2,1,2,16,2,3,2,1', scaled_gemm=False, scale_a_dtype=None, scale_b_dtype=None, trans_scale_a=False, trans_scale_b=False, arch='gfx950:sramecc+:xnack-', chip='gfx950', num_cu=256, num_chiplets=8)
----------------------------------------------------------------------------------------------------
FAIL: GemmConfiguration(datatype='fp8', out_dtype='f32', g=1, m=245, k=460, n=101, trans_a=True, trans_b=False, perfconfig='gemm:v1:128,128,16,2,1,1,0,3,1,4,1', scaled_gemm=False, scale_a_dtype=None, scale_b_dtype=None, trans_scale_a=False, trans_scale_b=False, arch='gfx950:sramecc+:xnack-', chip='gfx950', num_cu=256, num_chiplets=8)
----------------------------------------------------------------------------------------------------
PASS: GemmConfiguration(datatype='bf16', out_dtype='bf16', g=2, m=148, k=83, n=354, trans_a=True, trans_b=True, perfconfig='gemm:v1:16,256,128,1,1,1,0,2,1,2,1', scaled_gemm=False, scale_a_dtype=None, scale_b_dtype=None, trans_scale_a=False, trans_scale_b=False, arch='gfx950:sramecc+:xnack-', chip='gfx950', num_cu=256, num_chiplets=8)
Lowering rejected config as not applicable
Command line = -operation gemm -t i8 -out_datatype i32 --arch gfx950:sramecc+:xnack- --num_cu 256 --num_chiplets 8 -g 2 -m 281 -k 293 -n 334 -transA=False -transB=True --perf_config=gemm:v1:16,256,128,1,1,2,16,3,1,4,4 -pv
Errors = loc("<stdin>":18:10): error: Fusion with SplitK perfConfig is not legal
Lowering not applicable.

----------------------------------------------------------------------------------------------------
NOT_APPLICABLE: GemmConfiguration(datatype='i8', out_dtype='i32', g=2, m=281, k=293, n=334, trans_a=False, trans_b=True, perfconfig='gemm:v1:16,256,128,1,1,2,16,3,1,4,4', scaled_gemm=False, scale_a_dtype=None, scale_b_dtype=None, trans_scale_a=False, trans_scale_b=False, arch='gfx950:sramecc+:xnack-', chip='gfx950', num_cu=256, num_chiplets=8)
----------------------------------------------------------------------------------------------------
PASS: GemmConfiguration(datatype='fp8', out_dtype='f32', g=1, m=356, k=145, n=93, trans_a=True, trans_b=False, perfconfig='gemm:v1:32,32,64,2,1,16,16,4,1,4,8', scaled_gemm=False, scale_a_dtype=None, scale_b_dtype=None, trans_scale_a=False, trans_scale_b=False, arch='gfx950:sramecc+:xnack-', chip='gfx950', num_cu=256, num_chiplets=8)
----------------------------------------------------------------------------------------------------
PASS: GemmConfiguration(datatype='f32', out_dtype='f32', g=1, m=186, k=72, n=467, trans_a=True, trans_b=False, perfconfig='gemm:v1:256,64,64,2,1,16,16,2,1,2,1', scaled_gemm=False, scale_a_dtype=None, scale_b_dtype=None, trans_scale_a=False, trans_scale_b=False, arch='gfx950:sramecc+:xnack-', chip='gfx950', num_cu=256, num_chiplets=8)
----------------------------------------------------------------------------------------------------
PASS: GemmConfiguration(datatype='f32', out_dtype='f32', g=2, m=118, k=52, n=507, trans_a=True, trans_b=False, perfconfig='gemm:v1:256,16,64,2,1,16,16,4,2,4,4', scaled_gemm=False, scale_a_dtype=None, scale_b_dtype=None, trans_scale_a=False, trans_scale_b=False, arch='gfx950:sramecc+:xnack-', chip='gfx950', num_cu=256, num_chiplets=8)
----------------------------------------------------------------------------------------------------
PASS: GemmConfiguration(datatype='f32', out_dtype='f32', g=1, m=434, k=216, n=322, trans_a=True, trans_b=True, perfconfig='gemm:v1:32,64,128,1,1,16,16,4,2,4,4', scaled_gemm=False, scale_a_dtype=None, scale_b_dtype=None, trans_scale_a=False, trans_scale_b=False, arch='gfx950:sramecc+:xnack-', chip='gfx950', num_cu=256, num_chiplets=8)
----------------------------------------------------------------------------------------------------
PASS: GemmConfiguration(datatype='bf16', out_dtype='bf16', g=1, m=258, k=473, n=202, trans_a=True, trans_b=True, perfconfig='gemm:v1:256,32,32,1,1,8,16,4,1,8,1', scaled_gemm=False, scale_a_dtype=None, scale_b_dtype=None, trans_scale_a=False, trans_scale_b=False, arch='gfx950:sramecc+:xnack-', chip='gfx950', num_cu=256, num_chiplets=8)
----------------------------------------------------------------------------------------------------
PASS: GemmConfiguration(datatype='f32', out_dtype='f32', g=1, m=375, k=473, n=15, trans_a=True, trans_b=True, perfconfig='gemm:v1:16,64,128,2,1,1,16,2,2,2,0', scaled_gemm=False, scale_a_dtype=None, scale_b_dtype=None, trans_scale_a=False, trans_scale_b=False, arch='gfx950:sramecc+:xnack-', chip='gfx950', num_cu=256, num_chiplets=8)
----------------------------------------------------------------------------------------------------
PASS: GemmConfiguration(datatype='fp8', out_dtype='f32', g=1, m=200, k=371, n=409, trans_a=False, trans_b=True, perfconfig='gemm:v1:256,64,128,2,1,2,32,1,1,8,2', scaled_gemm=False, scale_a_dtype=None, scale_b_dtype=None, trans_scale_a=False, trans_scale_b=False, arch='gfx950:sramecc+:xnack-', chip='gfx950', num_cu=256, num_chiplets=8)
Lowering rejected config as not applicable
Command line = -operation gemm -t i8 -out_datatype i32 --arch gfx950:sramecc+:xnack- --num_cu 256 --num_chiplets 8 -g 2 -m 431 -k 142 -n 209 -transA=False -transB=True --perf_config=gemm:v1:32,16,64,2,1,2,0,3,2,1,0 -pv
Errors = loc("<stdin>":18:10): error: Fusion with SplitK perfConfig is not legal
Lowering not applicable.

----------------------------------------------------------------------------------------------------
NOT_APPLICABLE: GemmConfiguration(datatype='i8', out_dtype='i32', g=2, m=431, k=142, n=209, trans_a=False, trans_b=True, perfconfig='gemm:v1:32,16,64,2,1,2,0,3,2,1,0', scaled_gemm=False, scale_a_dtype=None, scale_b_dtype=None, trans_scale_a=False, trans_scale_b=False, arch='gfx950:sramecc+:xnack-', chip='gfx950', num_cu=256, num_chiplets=8)
----------------------------------------------------------------------------------------------------
PASS: GemmConfiguration(datatype='fp8', out_dtype='f32', g=2, m=108, k=221, n=282, trans_a=True, trans_b=False, perfconfig='gemm:v1:16,64,64,2,1,4,16,2,3,1,0', scaled_gemm=False, scale_a_dtype=None, scale_b_dtype=None, trans_scale_a=False, trans_scale_b=False, arch='gfx950:sramecc+:xnack-', chip='gfx950', num_cu=256, num_chiplets=8)
----------------------------------------------------------------------------------------------------
PASS: GemmConfiguration(datatype='f16', out_dtype='f16', g=1, m=488, k=334, n=182, trans_a=False, trans_b=False, perfconfig='gemm:v1:64,16,128,2,1,8,16,2,1,0,4', scaled_gemm=False, scale_a_dtype=None, scale_b_dtype=None, trans_scale_a=False, trans_scale_b=False, arch='gfx950:sramecc+:xnack-', chip='gfx950', num_cu=256, num_chiplets=8)
----------------------------------------------------------------------------------------------------
PASS: GemmConfiguration(datatype='f16', out_dtype='f16', g=1, m=386, k=95, n=433, trans_a=True, trans_b=True, perfconfig='gemm:v1:16,128,16,1,1,16,32,4,1,4,1', scaled_gemm=False, scale_a_dtype=None, scale_b_dtype=None, trans_scale_a=False, trans_scale_b=False, arch='gfx950:sramecc+:xnack-', chip='gfx950', num_cu=256, num_chiplets=8)
----------------------------------------------------------------------------------------------------
PASS: GemmConfiguration(datatype='f32', out_dtype='f32', g=2, m=192, k=414, n=364, trans_a=True, trans_b=False, perfconfig='gemm:v1:32,128,16,1,1,2,0,2,2,2,1', scaled_gemm=False, scale_a_dtype=None, scale_b_dtype=None, trans_scale_a=False, trans_scale_b=False, arch='gfx950:sramecc+:xnack-', chip='gfx950', num_cu=256, num_chiplets=8)
----------------------------------------------------------------------------------------------------
PASS: GemmConfiguration(datatype='bf16', out_dtype='bf16', g=1, m=248, k=393, n=482, trans_a=False, trans_b=False, perfconfig='gemm:v1:128,32,64,2,1,16,0,3,3,1,2', scaled_gemm=False, scale_a_dtype=None, scale_b_dtype=None, trans_scale_a=False, trans_scale_b=False, arch='gfx950:sramecc+:xnack-', chip='gfx950', num_cu=256, num_chiplets=8)
----------------------------------------------------------------------------------------------------
PASS: GemmConfiguration(datatype='fp8', out_dtype='f32', g=1, m=349, k=512, n=309, trans_a=True, trans_b=True, perfconfig='gemm:v1:16,256,64,1,1,8,32,3,2,8,1', scaled_gemm=False, scale_a_dtype=None, scale_b_dtype=None, trans_scale_a=False, trans_scale_b=False, arch='gfx950:sramecc+:xnack-', chip='gfx950', num_cu=256, num_chiplets=8)
----------------------------------------------------------------------------------------------------
PASS: GemmConfiguration(datatype='bf16', out_dtype='bf16', g=2, m=35, k=229, n=332, trans_a=True, trans_b=True, perfconfig='gemm:v1:16,128,128,2,1,1,16,4,2,8,0', scaled_gemm=False, scale_a_dtype=None, scale_b_dtype=None, trans_scale_a=False, trans_scale_b=False, arch='gfx950:sramecc+:xnack-', chip='gfx950', num_cu=256, num_chiplets=8)
Lowering rejected config as not applicable
Command line = -operation gemm -t i8 -out_datatype i32 --arch gfx950:sramecc+:xnack- --num_cu 256 --num_chiplets 8 -g 1 -m 366 -k 235 -n 490 -transA=False -transB=True --perf_config=gemm:v1:32,32,32,2,1,2,32,2,3,8,2 -pv
Errors = loc("<stdin>":17:10): error: Fusion with SplitK perfConfig is not legal
Lowering not applicable.

----------------------------------------------------------------------------------------------------
NOT_APPLICABLE: GemmConfiguration(datatype='i8', out_dtype='i32', g=1, m=366, k=235, n=490, trans_a=False, trans_b=True, perfconfig='gemm:v1:32,32,32,2,1,2,32,2,3,8,2', scaled_gemm=False, scale_a_dtype=None, scale_b_dtype=None, trans_scale_a=False, trans_scale_b=False, arch='gfx950:sramecc+:xnack-', chip='gfx950', num_cu=256, num_chiplets=8)
Lowering rejected config as not applicable
Command line = -operation gemm -t f16 -out_datatype f16 --arch gfx950:sramecc+:xnack- --num_cu 256 --num_chiplets 8 -g 1 -m 421 -k 454 -n 208 -transA=True -transB=False --perf_config=gemm:v1:64,256,128,1,1,8,16,3,3,4,1 -pv
Errors = loc("<stdin>":14:1): error: ttg.shared (251872) exceeds LDS limit (163840) for amdgcn-amd-amdhsa:gfx950:sramecc+:xnack-
Lowering not applicable.

----------------------------------------------------------------------------------------------------
NOT_APPLICABLE: GemmConfiguration(datatype='f16', out_dtype='f16', g=1, m=421, k=454, n=208, trans_a=True, trans_b=False, perfconfig='gemm:v1:64,256,128,1,1,8,16,3,3,4,1', scaled_gemm=False, scale_a_dtype=None, scale_b_dtype=None, trans_scale_a=False, trans_scale_b=False, arch='gfx950:sramecc+:xnack-', chip='gfx950', num_cu=256, num_chiplets=8)
----------------------------------------------------------------------------------------------------
PASS: GemmConfiguration(datatype='f16', out_dtype='f16', g=2, m=271, k=419, n=249, trans_a=True, trans_b=True, perfconfig='gemm:v1:16,32,16,1,1,4,16,3,2,0,0', scaled_gemm=False, scale_a_dtype=None, scale_b_dtype=None, trans_scale_a=False, trans_scale_b=False, arch='gfx950:sramecc+:xnack-', chip='gfx950', num_cu=256, num_chiplets=8)
----------------------------------------------------------------------------------------------------
PASS: GemmConfiguration(datatype='fp8', out_dtype='f32', g=2, m=449, k=59, n=232, trans_a=False, trans_b=False, perfconfig='gemm:v1:32,64,128,2,1,1,0,4,2,8,0', scaled_gemm=False, scale_a_dtype=None, scale_b_dtype=None, trans_scale_a=False, trans_scale_b=False, arch='gfx950:sramecc+:xnack-', chip='gfx950', num_cu=256, num_chiplets=8)
----------------------------------------------------------------------------------------------------
PASS: GemmConfiguration(datatype='i8', out_dtype='i32', g=2, m=31, k=361, n=28, trans_a=True, trans_b=False, perfconfig='gemm:v1:128,32,128,2,1,8,0,1,1,1,0', scaled_gemm=False, scale_a_dtype=None, scale_b_dtype=None, trans_scale_a=False, trans_scale_b=False, arch='gfx950:sramecc+:xnack-', chip='gfx950', num_cu=256, num_chiplets=8)
----------------------------------------------------------------------------------------------------
PASS: GemmConfiguration(datatype='bf16', out_dtype='bf16', g=1, m=247, k=441, n=143, trans_a=False, trans_b=True, perfconfig='gemm:v1:16,256,64,1,1,16,32,1,2,2,2', scaled_gemm=False, scale_a_dtype=None, scale_b_dtype=None, trans_scale_a=False, trans_scale_b=False, arch='gfx950:sramecc+:xnack-', chip='gfx950', num_cu=256, num_chiplets=8)
----------------------------------------------------------------------------------------------------
PASS: GemmConfiguration(datatype='f16', out_dtype='f16', g=1, m=491, k=93, n=393, trans_a=False, trans_b=True, perfconfig='gemm:v1:128,64,16,1,1,2,32,2,2,2,4', scaled_gemm=False, scale_a_dtype=None, scale_b_dtype=None, trans_scale_a=False, trans_scale_b=False, arch='gfx950:sramecc+:xnack-', chip='gfx950', num_cu=256, num_chiplets=8)
----------------------------------------------------------------------------------------------------
PASS: GemmConfiguration(datatype='fp8', out_dtype='f32', g=1, m=48, k=131, n=151, trans_a=True, trans_b=False, perfconfig='gemm:v1:32,256,128,1,1,2,16,4,3,4,4', scaled_gemm=False, scale_a_dtype=None, scale_b_dtype=None, trans_scale_a=False, trans_scale_b=False, arch='gfx950:sramecc+:xnack-', chip='gfx950', num_cu=256, num_chiplets=8)
Lowering rejected config as not applicable
Command line = -operation gemm -t i8 -out_datatype i32 --arch gfx950:sramecc+:xnack- --num_cu 256 --num_chiplets 8 -g 1 -m 124 -k 505 -n 142 -transA=True -transB=False --perf_config=gemm:v1:128,32,64,2,1,1,32,4,3,2,8 -pv
Errors = loc("<stdin>":18:10): error: Fusion with SplitK perfConfig is not legal
Lowering not applicable.

FAIL: Runner returned incorrect result
Config = GemmConfiguration(datatype='fp8', out_dtype='f32', g=1, m=459, k=376, n=208, trans_a=True, trans_b=False, perfconfig='gemm:v1:16,128,32,2,1,16,0,4,1,1,1', scaled_gemm=False, scale_a_dtype=None, scale_b_dtype=None, trans_scale_a=False, trans_scale_b=False, arch='gfx950:sramecc+:xnack-', chip='gfx950', num_cu=256, num_chiplets=8)
Command line = -operation gemm -t fp8 -out_datatype f32 --arch gfx950:sramecc+:xnack- --num_cu 256 --num_chiplets 8 -g 1 -m 459 -k 376 -n 208 -transA=True -transB=False --perf_config=gemm:v1:16,128,32,2,1,16,0,4,1,1,1 -pv -relDiff_threshold 1e-5
Output = Number of elements: 95472
maxAbsDiff info: maxAbsDiff = 13.937500 (valNum = -32.00000, gpuNum = -18.06250), average absDiff = 1.0e+01
maxRelDiff info: maxRelDiff = 4.4e-01 (valNum = 16.0000000000, gpuNum = 9.0312500000), average relDiff = 4.3e-01
RMS = 3.2e-01
Histogram of relDiff: 
        relDiff = 0     : 0/95472 (0.000000%)
     0 < relDiff < 1e-06: 0/95472 (0.000000%)
1e-06 < relDiff <= 1e-05: 0/95472 (0.000000%)
1e-05 < relDiff <= 1e-04: 0/95472 (0.000000%)
1e-04 < relDiff <= 1e-03: 0/95472 (0.000000%)
1e-03 < relDiff <= 1e-02: 0/95472 (0.000000%)
1e-02 < relDiff <= 1e-01: 0/95472 (0.000000%)
1e-01 < relDiff <= 1e+00: 95472/95472 (100.000000%)
1e+00 < relDiff < inf   : 0/95472 (0.000000%)
        relDiff = inf   : 0/95472 (0.000000%)
[0 1 0]

FAIL: Runner returned incorrect result
Config = GemmConfiguration(datatype='bf16', out_dtype='bf16', g=1, m=347, k=282, n=122, trans_a=False, trans_b=False, perfconfig='gemm:v1:32,16,32,2,1,8,16,1,3,4,0', scaled_gemm=False, scale_a_dtype=None, scale_b_dtype=None, trans_scale_a=False, trans_scale_b=False, arch='gfx950:sramecc+:xnack-', chip='gfx950', num_cu=256, num_chiplets=8)
Command line = -operation gemm -t bf16 -out_datatype bf16 --arch gfx950:sramecc+:xnack- --num_cu 256 --num_chiplets 8 -g 1 -m 347 -k 282 -n 122 -transA=False -transB=False --perf_config=gemm:v1:32,16,32,2,1,8,16,1,3,4,0 -pv -RMS_threshold 1e-2
Output = Number of elements: 42334
maxAbsDiff info: maxAbsDiff = 130.250000 (valNum = 164.00000, gpuNum = 33.75000), average absDiff = 8.5e+01
maxRelDiff info: maxRelDiff = 8.0e-01 (valNum = -41.0000000000, gpuNum = -8.0625000000), average relDiff = 8.0e-01
RMS = 5.7e-01
Histogram of relDiff: 
        relDiff = 0     : 0/42334 (0.000000%)
     0 < relDiff < 1e-06: 0/42334 (0.000000%)
1e-06 < relDiff <= 1e-05: 0/42334 (0.000000%)
1e-05 < relDiff <= 1e-04: 0/42334 (0.000000%)
1e-04 < relDiff <= 1e-03: 0/42334 (0.000000%)
1e-03 < relDiff <= 1e-02: 0/42334 (0.000000%)
1e-02 < relDiff <= 1e-01: 0/42334 (0.000000%)
1e-01 < relDiff <= 1e+00: 42334/42334 (100.000000%)
1e+00 < relDiff < inf   : 0/42334 (0.000000%)
        relDiff = inf   : 0/42334 (0.000000%)
[0 0 1]

FAIL: Runner returned incorrect result
Config = GemmConfiguration(datatype='bf16', out_dtype='bf16', g=1, m=33, k=301, n=219, trans_a=True, trans_b=False, perfconfig='gemm:v1:64,64,16,2,1,1,32,1,2,8,4', scaled_gemm=False, scale_a_dtype=None, scale_b_dtype=None, trans_scale_a=False, trans_scale_b=False, arch='gfx950:sramecc+:xnack-', chip='gfx950', num_cu=256, num_chiplets=8)
Command line = -operation gemm -t bf16 -out_datatype bf16 --arch gfx950:sramecc+:xnack- --num_cu 256 --num_chiplets 8 -g 1 -m 33 -k 301 -n 219 -transA=True -transB=False --perf_config=gemm:v1:64,64,16,2,1,1,32,1,2,8,4 -pv -RMS_threshold 1e-2
Output = Number of elements: 7227
maxAbsDiff info: maxAbsDiff = 271.000000 (valNum = 300.00000, gpuNum = 29.00000), average absDiff = 1.5e+02
maxRelDiff info: maxRelDiff = 9.0e-01 (valNum = 169.0000000000, gpuNum = 16.2500000000), average relDiff = 9.0e-01
RMS = 5.5e-01
Histogram of relDiff: 
        relDiff = 0     : 0/7227 (0.000000%)
     0 < relDiff < 1e-06: 0/7227 (0.000000%)
1e-06 < relDiff <= 1e-05: 0/7227 (0.000000%)
1e-05 < relDiff <= 1e-04: 0/7227 (0.000000%)
1e-04 < relDiff <= 1e-03: 0/7227 (0.000000%)
1e-03 < relDiff <= 1e-02: 0/7227 (0.000000%)
1e-02 < relDiff <= 1e-01: 0/7227 (0.000000%)
1e-01 < relDiff <= 1e+00: 7227/7227 (100.000000%)
1e+00 < relDiff < inf   : 0/7227 (0.000000%)
        relDiff = inf   : 0/7227 (0.000000%)
[0 0 1]

----------------------------------------------------------------------------------------------------
NOT_APPLICABLE: GemmConfiguration(datatype='i8', out_dtype='i32', g=1, m=124, k=505, n=142, trans_a=True, trans_b=False, perfconfig='gemm:v1:128,32,64,2,1,1,32,4,3,2,8', scaled_gemm=False, scale_a_dtype=None, scale_b_dtype=None, trans_scale_a=False, trans_scale_b=False, arch='gfx950:sramecc+:xnack-', chip='gfx950', num_cu=256, num_chiplets=8)
Lowering rejected config as not applicable
Command line = -operation gemm -t i8 -out_datatype i32 --arch gfx950:sramecc+:xnack- --num_cu 256 --num_chiplets 8 -g 2 -m 280 -k 424 -n 347 -transA=False -transB=False --perf_config=gemm:v1:256,16,128,2,1,8,32,3,2,1,4 -pv
Errors = loc("<stdin>":18:10): error: Fusion with SplitK perfConfig is not legal
Lowering not applicable.

----------------------------------------------------------------------------------------------------
NOT_APPLICABLE: GemmConfiguration(datatype='i8', out_dtype='i32', g=2, m=280, k=424, n=347, trans_a=False, trans_b=False, perfconfig='gemm:v1:256,16,128,2,1,8,32,3,2,1,4', scaled_gemm=False, scale_a_dtype=None, scale_b_dtype=None, trans_scale_a=False, trans_scale_b=False, arch='gfx950:sramecc+:xnack-', chip='gfx950', num_cu=256, num_chiplets=8)
Lowering rejected config as not applicable
Command line = -operation gemm -t f32 -out_datatype f32 --arch gfx950:sramecc+:xnack- --num_cu 256 --num_chiplets 8 -g 2 -m 425 -k 428 -n 335 -transA=True -transB=True --perf_config=gemm:v1:256,64,64,2,1,1,16,4,3,8,8 -pv
Errors = loc("<stdin>":12:1): error: ttg.shared (245760) exceeds LDS limit (163840) for amdgcn-amd-amdhsa:gfx950:sramecc+:xnack-
Lowering not applicable.

----------------------------------------------------------------------------------------------------
NOT_APPLICABLE: GemmConfiguration(datatype='f32', out_dtype='f32', g=2, m=425, k=428, n=335, trans_a=True, trans_b=True, perfconfig='gemm:v1:256,64,64,2,1,1,16,4,3,8,8', scaled_gemm=False, scale_a_dtype=None, scale_b_dtype=None, trans_scale_a=False, trans_scale_b=False, arch='gfx950:sramecc+:xnack-', chip='gfx950', num_cu=256, num_chiplets=8)
----------------------------------------------------------------------------------------------------
FAIL: GemmConfiguration(datatype='fp8', out_dtype='f32', g=1, m=459, k=376, n=208, trans_a=True, trans_b=False, perfconfig='gemm:v1:16,128,32,2,1,16,0,4,1,1,1', scaled_gemm=False, scale_a_dtype=None, scale_b_dtype=None, trans_scale_a=False, trans_scale_b=False, arch='gfx950:sramecc+:xnack-', chip='gfx950', num_cu=256, num_chiplets=8)
----------------------------------------------------------------------------------------------------
FAIL: GemmConfiguration(datatype='bf16', out_dtype='bf16', g=1, m=347, k=282, n=122, trans_a=False, trans_b=False, perfconfig='gemm:v1:32,16,32,2,1,8,16,1,3,4,0', scaled_gemm=False, scale_a_dtype=None, scale_b_dtype=None, trans_scale_a=False, trans_scale_b=False, arch='gfx950:sramecc+:xnack-', chip='gfx950', num_cu=256, num_chiplets=8)
----------------------------------------------------------------------------------------------------
PASS: GemmConfiguration(datatype='f32', out_dtype='f32', g=1, m=426, k=438, n=365, trans_a=False, trans_b=True, perfconfig='gemm:v1:16,128,16,2,1,4,32,3,2,8,8', scaled_gemm=False, scale_a_dtype=None, scale_b_dtype=None, trans_scale_a=False, trans_scale_b=False, arch='gfx950:sramecc+:xnack-', chip='gfx950', num_cu=256, num_chiplets=8)
----------------------------------------------------------------------------------------------------
PASS: GemmConfiguration(datatype='f32', out_dtype='f32', g=2, m=346, k=146, n=505, trans_a=False, trans_b=False, perfconfig='gemm:v1:64,256,32,1,1,8,16,2,3,2,1', scaled_gemm=False, scale_a_dtype=None, scale_b_dtype=None, trans_scale_a=False, trans_scale_b=False, arch='gfx950:sramecc+:xnack-', chip='gfx950', num_cu=256, num_chiplets=8)
----------------------------------------------------------------------------------------------------
PASS: GemmConfiguration(datatype='f32', out_dtype='f32', g=1, m=332, k=307, n=317, trans_a=True, trans_b=False, perfconfig='gemm:v1:128,128,64,1,1,1,16,3,1,0,4', scaled_gemm=False, scale_a_dtype=None, scale_b_dtype=None, trans_scale_a=False, trans_scale_b=False, arch='gfx950:sramecc+:xnack-', chip='gfx950', num_cu=256, num_chiplets=8)
Lowering rejected config as not applicable
Command line = -operation gemm -t i8 -out_datatype i32 --arch gfx950:sramecc+:xnack- --num_cu 256 --num_chiplets 8 -g 2 -m 24 -k 63 -n 381 -transA=True -transB=False --perf_config=gemm:v1:256,64,32,1,1,4,16,4,2,4,1 -pv
Errors = loc("<stdin>":18:10): error: Fusion with SplitK perfConfig is not legal
Lowering not applicable.

----------------------------------------------------------------------------------------------------
NOT_APPLICABLE: GemmConfiguration(datatype='i8', out_dtype='i32', g=2, m=24, k=63, n=381, trans_a=True, trans_b=False, perfconfig='gemm:v1:256,64,32,1,1,4,16,4,2,4,1', scaled_gemm=False, scale_a_dtype=None, scale_b_dtype=None, trans_scale_a=False, trans_scale_b=False, arch='gfx950:sramecc+:xnack-', chip='gfx950', num_cu=256, num_chiplets=8)
Lowering rejected config as not applicable
Command line = -operation gemm -t i8 -out_datatype i32 --arch gfx950:sramecc+:xnack- --num_cu 256 --num_chiplets 8 -g 2 -m 361 -k 491 -n 142 -transA=False -transB=False --perf_config=gemm:v1:64,32,64,1,1,2,32,4,2,4,8 -pv
Errors = loc("<stdin>":18:10): error: Fusion with SplitK perfConfig is not legal
Lowering not applicable.

----------------------------------------------------------------------------------------------------
NOT_APPLICABLE: GemmConfiguration(datatype='i8', out_dtype='i32', g=2, m=361, k=491, n=142, trans_a=False, trans_b=False, perfconfig='gemm:v1:64,32,64,1,1,2,32,4,2,4,8', scaled_gemm=False, scale_a_dtype=None, scale_b_dtype=None, trans_scale_a=False, trans_scale_b=False, arch='gfx950:sramecc+:xnack-', chip='gfx950', num_cu=256, num_chiplets=8)
----------------------------------------------------------------------------------------------------
PASS: GemmConfiguration(datatype='fp8', out_dtype='f32', g=1, m=423, k=436, n=317, trans_a=True, trans_b=True, perfconfig='gemm:v1:32,16,32,1,1,2,16,3,3,1,8', scaled_gemm=False, scale_a_dtype=None, scale_b_dtype=None, trans_scale_a=False, trans_scale_b=False, arch='gfx950:sramecc+:xnack-', chip='gfx950', num_cu=256, num_chiplets=8)
----------------------------------------------------------------------------------------------------
PASS: GemmConfiguration(datatype='f32', out_dtype='f32', g=1, m=1, k=231, n=336, trans_a=True, trans_b=True, perfconfig='gemm:v1:64,256,32,1,1,16,32,3,3,2,0', scaled_gemm=False, scale_a_dtype=None, scale_b_dtype=None, trans_scale_a=False, trans_scale_b=False, arch='gfx950:sramecc+:xnack-', chip='gfx950', num_cu=256, num_chiplets=8)
----------------------------------------------------------------------------------------------------
PASS: GemmConfiguration(datatype='bf16', out_dtype='bf16', g=2, m=435, k=129, n=423, trans_a=False, trans_b=True, perfconfig='gemm:v1:128,64,128,1,1,16,0,1,3,4,4', scaled_gemm=False, scale_a_dtype=None, scale_b_dtype=None, trans_scale_a=False, trans_scale_b=False, arch='gfx950:sramecc+:xnack-', chip='gfx950', num_cu=256, num_chiplets=8)
----------------------------------------------------------------------------------------------------
PASS: GemmConfiguration(datatype='bf16', out_dtype='bf16', g=1, m=399, k=380, n=81, trans_a=False, trans_b=False, perfconfig='gemm:v1:256,32,32,2,1,2,0,1,1,8,0', scaled_gemm=False, scale_a_dtype=None, scale_b_dtype=None, trans_scale_a=False, trans_scale_b=False, arch='gfx950:sramecc+:xnack-', chip='gfx950', num_cu=256, num_chiplets=8)
----------------------------------------------------------------------------------------------------
FAIL: GemmConfiguration(datatype='bf16', out_dtype='bf16', g=1, m=33, k=301, n=219, trans_a=True, trans_b=False, perfconfig='gemm:v1:64,64,16,2,1,1,32,1,2,8,4', scaled_gemm=False, scale_a_dtype=None, scale_b_dtype=None, trans_scale_a=False, trans_scale_b=False, arch='gfx950:sramecc+:xnack-', chip='gfx950', num_cu=256, num_chiplets=8)
FAIL: Runner returned incorrect result
Config = GemmConfiguration(datatype='fp8', out_dtype='f32', g=1, m=229, k=125, n=465, trans_a=True, trans_b=False, perfconfig='gemm:v1:64,256,16,2,1,2,0,1,3,1,2', scaled_gemm=False, scale_a_dtype=None, scale_b_dtype=None, trans_scale_a=False, trans_scale_b=False, arch='gfx950:sramecc+:xnack-', chip='gfx950', num_cu=256, num_chiplets=8)
Command line = -operation gemm -t fp8 -out_datatype f32 --arch gfx950:sramecc+:xnack- --num_cu 256 --num_chiplets 8 -g 1 -m 229 -k 125 -n 465 -transA=True -transB=False --perf_config=gemm:v1:64,256,16,2,1,2,0,1,3,1,2 -pv -relDiff_threshold 1e-5
Output = Number of elements: 106485
maxAbsDiff info: maxAbsDiff = 8.542969 (valNum = -11.50000, gpuNum = -2.95703), average absDiff = 6.0e+00
maxRelDiff info: maxRelDiff = 8.4e-01 (valNum = 4.8750000000, gpuNum = 0.7978515625), average relDiff = 7.7e-01
RMS = 5.4e-01
Histogram of relDiff: 
        relDiff = 0     : 0/106485 (0.000000%)
     0 < relDiff < 1e-06: 0/106485 (0.000000%)
1e-06 < relDiff <= 1e-05: 0/106485 (0.000000%)
1e-05 < relDiff <= 1e-04: 0/106485 (0.000000%)
1e-04 < relDiff <= 1e-03: 0/106485 (0.000000%)
1e-03 < relDiff <= 1e-02: 0/106485 (0.000000%)
1e-02 < relDiff <= 1e-01: 0/106485 (0.000000%)
1e-01 < relDiff <= 1e+00: 106485/106485 (100.000000%)
1e+00 < relDiff < inf   : 0/106485 (0.000000%)
        relDiff = inf   : 0/106485 (0.000000%)
[0 1 0]

FAIL: Runner returned incorrect result
Config = GemmConfiguration(datatype='f16', out_dtype='f16', g=1, m=405, k=185, n=84, trans_a=True, trans_b=False, perfconfig='gemm:v1:128,16,32,2,1,8,0,4,2,1,2', scaled_gemm=False, scale_a_dtype=None, scale_b_dtype=None, trans_scale_a=False, trans_scale_b=False, arch='gfx950:sramecc+:xnack-', chip='gfx950', num_cu=256, num_chiplets=8)
Command line = -operation gemm -t f16 -out_datatype f16 --arch gfx950:sramecc+:xnack- --num_cu 256 --num_chiplets 8 -g 1 -m 405 -k 185 -n 84 -transA=True -transB=False --perf_config=gemm:v1:128,16,32,2,1,8,0,4,2,1,2 -pv
Output = Number of elements: 34020
maxAbsDiff info: maxAbsDiff = 64.000000 (valNum = 185.00000, gpuNum = 121.00000), average absDiff = 3.6e+01
maxRelDiff info: maxRelDiff = 3.5e-01 (valNum = 46.2500000000, gpuNum = 30.2500000000), average relDiff = 3.5e-01
RMS = 2.1e-01
Histogram of relDiff: 
        relDiff = 0     : 0/34020 (0.000000%)
     0 < relDiff < 1e-06: 0/34020 (0.000000%)
1e-06 < relDiff <= 1e-05: 0/34020 (0.000000%)
1e-05 < relDiff <= 1e-04: 0/34020 (0.000000%)
1e-04 < relDiff <= 1e-03: 0/34020 (0.000000%)
1e-03 < relDiff <= 1e-02: 0/34020 (0.000000%)
1e-02 < relDiff <= 1e-01: 0/34020 (0.000000%)
1e-01 < relDiff <= 1e+00: 34020/34020 (100.000000%)
1e+00 < relDiff < inf   : 0/34020 (0.000000%)
        relDiff = inf   : 0/34020 (0.000000%)
[0 1 1]

FAIL: Runner returned incorrect result
Config = GemmConfiguration(datatype='f16', out_dtype='f16', g=2, m=42, k=487, n=113, trans_a=False, trans_b=True, perfconfig='gemm:v1:128,128,16,2,1,1,16,3,3,0,1', scaled_gemm=False, scale_a_dtype=None, scale_b_dtype=None, trans_scale_a=False, trans_scale_b=False, arch='gfx950:sramecc+:xnack-', chip='gfx950', num_cu=256, num_chiplets=8)
Command line = -operation gemm -t f16 -out_datatype f16 --arch gfx950:sramecc+:xnack- --num_cu 256 --num_chiplets 8 -g 2 -m 42 -k 487 -n 113 -transA=False -transB=True --perf_config=gemm:v1:128,128,16,2,1,1,16,3,3,0,1 -pv
Output = Number of elements: 9492
maxAbsDiff info: maxAbsDiff = 261.156250 (valNum = 294.00000, gpuNum = 32.84375), average absDiff = 1.7e+02
maxRelDiff info: maxRelDiff = 8.9e-01 (valNum = -141.3750000000, gpuNum = -15.3593750000), average relDiff = 8.9e-01
RMS = 6.2e-01
Histogram of relDiff: 
        relDiff = 0     : 0/9492 (0.000000%)
     0 < relDiff < 1e-06: 0/9492 (0.000000%)
1e-06 < relDiff <= 1e-05: 0/9492 (0.000000%)
1e-05 < relDiff <= 1e-04: 0/9492 (0.000000%)
1e-04 < relDiff <= 1e-03: 0/9492 (0.000000%)
1e-03 < relDiff <= 1e-02: 0/9492 (0.000000%)
1e-02 < relDiff <= 1e-01: 0/9492 (0.000000%)
1e-01 < relDiff <= 1e+00: 9492/9492 (100.000000%)
1e+00 < relDiff < inf   : 0/9492 (0.000000%)
        relDiff = inf   : 0/9492 (0.000000%)
[0 0 1]

----------------------------------------------------------------------------------------------------
PASS: GemmConfiguration(datatype='fp8', out_dtype='f32', g=2, m=178, k=245, n=413, trans_a=True, trans_b=True, perfconfig='gemm:v1:64,64,128,1,1,1,32,3,1,1,2', scaled_gemm=False, scale_a_dtype=None, scale_b_dtype=None, trans_scale_a=False, trans_scale_b=False, arch='gfx950:sramecc+:xnack-', chip='gfx950', num_cu=256, num_chiplets=8)
Lowering rejected config as not applicable
Command line = -operation gemm -t bf16 -out_datatype bf16 --arch gfx950:sramecc+:xnack- --num_cu 256 --num_chiplets 8 -g 1 -m 355 -k 281 -n 432 -transA=True -transB=False --perf_config=gemm:v1:16,256,128,2,1,8,32,2,3,4,2 -pv -RMS_threshold 1e-2
Errors = loc("<stdin>":14:1): error: ttg.shared (221120) exceeds LDS limit (163840) for amdgcn-amd-amdhsa:gfx950:sramecc+:xnack-
Lowering not applicable.

----------------------------------------------------------------------------------------------------
NOT_APPLICABLE: GemmConfiguration(datatype='bf16', out_dtype='bf16', g=1, m=355, k=281, n=432, trans_a=True, trans_b=False, perfconfig='gemm:v1:16,256,128,2,1,8,32,2,3,4,2', scaled_gemm=False, scale_a_dtype=None, scale_b_dtype=None, trans_scale_a=False, trans_scale_b=False, arch='gfx950:sramecc+:xnack-', chip='gfx950', num_cu=256, num_chiplets=8)
----------------------------------------------------------------------------------------------------
PASS: GemmConfiguration(datatype='fp8', out_dtype='f32', g=2, m=409, k=167, n=120, trans_a=False, trans_b=True, perfconfig='gemm:v1:128,32,16,1,1,4,16,3,1,0,4', scaled_gemm=False, scale_a_dtype=None, scale_b_dtype=None, trans_scale_a=False, trans_scale_b=False, arch='gfx950:sramecc+:xnack-', chip='gfx950', num_cu=256, num_chiplets=8)
----------------------------------------------------------------------------------------------------
PASS: GemmConfiguration(datatype='f32', out_dtype='f32', g=1, m=438, k=6, n=88, trans_a=False, trans_b=True, perfconfig='gemm:v1:64,128,16,1,1,4,16,4,3,2,4', scaled_gemm=False, scale_a_dtype=None, scale_b_dtype=None, trans_scale_a=False, trans_scale_b=False, arch='gfx950:sramecc+:xnack-', chip='gfx950', num_cu=256, num_chiplets=8)
----------------------------------------------------------------------------------------------------
PASS: GemmConfiguration(datatype='f32', out_dtype='f32', g=2, m=481, k=468, n=17, trans_a=True, trans_b=False, perfconfig='gemm:v1:64,64,32,2,1,4,0,1,3,1,1', scaled_gemm=False, scale_a_dtype=None, scale_b_dtype=None, trans_scale_a=False, trans_scale_b=False, arch='gfx950:sramecc+:xnack-', chip='gfx950', num_cu=256, num_chiplets=8)
----------------------------------------------------------------------------------------------------
PASS: GemmConfiguration(datatype='f16', out_dtype='f16', g=2, m=225, k=448, n=117, trans_a=True, trans_b=True, perfconfig='gemm:v1:32,32,128,2,1,4,16,1,2,4,1', scaled_gemm=False, scale_a_dtype=None, scale_b_dtype=None, trans_scale_a=False, trans_scale_b=False, arch='gfx950:sramecc+:xnack-', chip='gfx950', num_cu=256, num_chiplets=8)
----------------------------------------------------------------------------------------------------
PASS: GemmConfiguration(datatype='f32', out_dtype='f32', g=2, m=354, k=250, n=501, trans_a=True, trans_b=False, perfconfig='gemm:v1:32,64,16,2,1,1,32,1,3,0,2', scaled_gemm=False, scale_a_dtype=None, scale_b_dtype=None, trans_scale_a=False, trans_scale_b=False, arch='gfx950:sramecc+:xnack-', chip='gfx950', num_cu=256, num_chiplets=8)
----------------------------------------------------------------------------------------------------
PASS: GemmConfiguration(datatype='f16', out_dtype='f16', g=1, m=445, k=133, n=20, trans_a=False, trans_b=False, perfconfig='gemm:v1:128,256,64,1,1,4,0,1,1,2,2', scaled_gemm=False, scale_a_dtype=None, scale_b_dtype=None, trans_scale_a=False, trans_scale_b=False, arch='gfx950:sramecc+:xnack-', chip='gfx950', num_cu=256, num_chiplets=8)
----------------------------------------------------------------------------------------------------
FAIL: GemmConfiguration(datatype='fp8', out_dtype='f32', g=1, m=229, k=125, n=465, trans_a=True, trans_b=False, perfconfig='gemm:v1:64,256,16,2,1,2,0,1,3,1,2', scaled_gemm=False, scale_a_dtype=None, scale_b_dtype=None, trans_scale_a=False, trans_scale_b=False, arch='gfx950:sramecc+:xnack-', chip='gfx950', num_cu=256, num_chiplets=8)
Lowering rejected config as not applicable
Command line = -operation gemm -t i8 -out_datatype i32 --arch gfx950:sramecc+:xnack- --num_cu 256 --num_chiplets 8 -g 1 -m 470 -k 30 -n 130 -transA=True -transB=False --perf_config=gemm:v1:16,64,128,1,1,8,32,3,1,8,0 -pv
Errors = loc("<stdin>":18:10): error: Fusion with SplitK perfConfig is not legal
Lowering not applicable.

----------------------------------------------------------------------------------------------------
NOT_APPLICABLE: GemmConfiguration(datatype='i8', out_dtype='i32', g=1, m=470, k=30, n=130, trans_a=True, trans_b=False, perfconfig='gemm:v1:16,64,128,1,1,8,32,3,1,8,0', scaled_gemm=False, scale_a_dtype=None, scale_b_dtype=None, trans_scale_a=False, trans_scale_b=False, arch='gfx950:sramecc+:xnack-', chip='gfx950', num_cu=256, num_chiplets=8)
----------------------------------------------------------------------------------------------------
PASS: GemmConfiguration(datatype='f32', out_dtype='f32', g=2, m=496, k=202, n=132, trans_a=True, trans_b=False, perfconfig='gemm:v1:256,16,16,1,1,16,16,4,2,4,8', scaled_gemm=False, scale_a_dtype=None, scale_b_dtype=None, trans_scale_a=False, trans_scale_b=False, arch='gfx950:sramecc+:xnack-', chip='gfx950', num_cu=256, num_chiplets=8)
----------------------------------------------------------------------------------------------------
FAIL: GemmConfiguration(datatype='f16', out_dtype='f16', g=1, m=405, k=185, n=84, trans_a=True, trans_b=False, perfconfig='gemm:v1:128,16,32,2,1,8,0,4,2,1,2', scaled_gemm=False, scale_a_dtype=None, scale_b_dtype=None, trans_scale_a=False, trans_scale_b=False, arch='gfx950:sramecc+:xnack-', chip='gfx950', num_cu=256, num_chiplets=8)
----------------------------------------------------------------------------------------------------
PASS: GemmConfiguration(datatype='bf16', out_dtype='bf16', g=1, m=73, k=175, n=38, trans_a=False, trans_b=True, perfconfig='gemm:v1:64,64,64,1,1,4,32,4,3,0,4', scaled_gemm=False, scale_a_dtype=None, scale_b_dtype=None, trans_scale_a=False, trans_scale_b=False, arch='gfx950:sramecc+:xnack-', chip='gfx950', num_cu=256, num_chiplets=8)
----------------------------------------------------------------------------------------------------
PASS: GemmConfiguration(datatype='fp8', out_dtype='f32', g=2, m=446, k=169, n=170, trans_a=True, trans_b=True, perfconfig='gemm:v1:256,64,16,1,1,4,16,3,2,0,4', scaled_gemm=False, scale_a_dtype=None, scale_b_dtype=None, trans_scale_a=False, trans_scale_b=False, arch='gfx950:sramecc+:xnack-', chip='gfx950', num_cu=256, num_chiplets=8)
----------------------------------------------------------------------------------------------------
PASS: GemmConfiguration(datatype='f32', out_dtype='f32', g=1, m=102, k=362, n=339, trans_a=False, trans_b=False, perfconfig='gemm:v1:128,128,128,2,1,4,32,4,3,4,2', scaled_gemm=False, scale_a_dtype=None, scale_b_dtype=None, trans_scale_a=False, trans_scale_b=False, arch='gfx950:sramecc+:xnack-', chip='gfx950', num_cu=256, num_chiplets=8)
----------------------------------------------------------------------------------------------------
PASS: GemmConfiguration(datatype='f32', out_dtype='f32', g=1, m=130, k=397, n=263, trans_a=False, trans_b=True, perfconfig='gemm:v1:128,64,64,1,1,2,16,1,3,0,1', scaled_gemm=False, scale_a_dtype=None, scale_b_dtype=None, trans_scale_a=False, trans_scale_b=False, arch='gfx950:sramecc+:xnack-', chip='gfx950', num_cu=256, num_chiplets=8)
FAIL: Runner returned incorrect result
Config = GemmConfiguration(datatype='bf16', out_dtype='bf16', g=2, m=84, k=131, n=148, trans_a=False, trans_b=True, perfconfig='gemm:v1:256,32,16,2,1,16,32,4,3,8,1', scaled_gemm=False, scale_a_dtype=None, scale_b_dtype=None, trans_scale_a=False, trans_scale_b=False, arch='gfx950:sramecc+:xnack-', chip='gfx950', num_cu=256, num_chiplets=8)
Command line = -operation gemm -t bf16 -out_datatype bf16 --arch gfx950:sramecc+:xnack- --num_cu 256 --num_chiplets 8 -g 2 -m 84 -k 131 -n 148 -transA=False -transB=True --perf_config=gemm:v1:256,32,16,2,1,16,32,4,3,8,1 -pv -RMS_threshold 1e-2
Output = Number of elements: 24864
maxAbsDiff info: maxAbsDiff = 49.500000 (valNum = 79.50000, gpuNum = 30.00000), average absDiff = 3.2e+01
maxRelDiff info: maxRelDiff = 6.4e-01 (valNum = -39.0000000000, gpuNum = -14.0000000000), average relDiff = 6.1e-01
RMS = 4.3e-01
Histogram of relDiff: 
        relDiff = 0     : 0/24864 (0.000000%)
     0 < relDiff < 1e-06: 0/24864 (0.000000%)
1e-06 < relDiff <= 1e-05: 0/24864 (0.000000%)
1e-05 < relDiff <= 1e-04: 0/24864 (0.000000%)
1e-04 < relDiff <= 1e-03: 0/24864 (0.000000%)
1e-03 < relDiff <= 1e-02: 0/24864 (0.000000%)
1e-02 < relDiff <= 1e-01: 0/24864 (0.000000%)
1e-01 < relDiff <= 1e+00: 24864/24864 (100.000000%)
1e+00 < relDiff < inf   : 0/24864 (0.000000%)
        relDiff = inf   : 0/24864 (0.000000%)
[0 1 1]

FAIL: Runner returned incorrect result
Config = GemmConfiguration(datatype='bf16', out_dtype='bf16', g=1, m=235, k=319, n=295, trans_a=False, trans_b=True, perfconfig='gemm:v1:256,64,16,2,1,4,16,1,2,1,0', scaled_gemm=False, scale_a_dtype=None, scale_b_dtype=None, trans_scale_a=False, trans_scale_b=False, arch='gfx950:sramecc+:xnack-', chip='gfx950', num_cu=256, num_chiplets=8)
Command line = -operation gemm -t bf16 -out_datatype bf16 --arch gfx950:sramecc+:xnack- --num_cu 256 --num_chiplets 8 -g 1 -m 235 -k 319 -n 295 -transA=False -transB=True --perf_config=gemm:v1:256,64,16,2,1,4,16,1,2,1,0 -pv -RMS_threshold 1e-2
Output = Number of elements: 69325
maxAbsDiff info: maxAbsDiff = 174.250000 (valNum = 193.00000, gpuNum = 18.75000), average absDiff = 1.1e+02
maxRelDiff info: maxRelDiff = 9.0e-01 (valNum = -92.5000000000, gpuNum = -8.8125000000), average relDiff = 9.0e-01
RMS = 6.3e-01
Histogram of relDiff: 
        relDiff = 0     : 0/69325 (0.000000%)
     0 < relDiff < 1e-06: 0/69325 (0.000000%)
1e-06 < relDiff <= 1e-05: 0/69325 (0.000000%)
1e-05 < relDiff <= 1e-04: 0/69325 (0.000000%)
1e-04 < relDiff <= 1e-03: 0/69325 (0.000000%)
1e-03 < relDiff <= 1e-02: 0/69325 (0.000000%)
1e-02 < relDiff <= 1e-01: 0/69325 (0.000000%)
1e-01 < relDiff <= 1e+00: 69325/69325 (100.000000%)
1e+00 < relDiff < inf   : 0/69325 (0.000000%)
        relDiff = inf   : 0/69325 (0.000000%)
[0 0 1]

----------------------------------------------------------------------------------------------------
FAIL: GemmConfiguration(datatype='f16', out_dtype='f16', g=2, m=42, k=487, n=113, trans_a=False, trans_b=True, perfconfig='gemm:v1:128,128,16,2,1,1,16,3,3,0,1', scaled_gemm=False, scale_a_dtype=None, scale_b_dtype=None, trans_scale_a=False, trans_scale_b=False, arch='gfx950:sramecc+:xnack-', chip='gfx950', num_cu=256, num_chiplets=8)
Lowering rejected config as not applicable
Command line = -operation gemm -t i8 -out_datatype i32 --arch gfx950:sramecc+:xnack- --num_cu 256 --num_chiplets 8 -g 2 -m 503 -k 128 -n 224 -transA=True -transB=True --perf_config=gemm:v1:128,256,16,2,1,8,32,3,3,0,0 -pv
Errors = loc("<stdin>":18:10): error: Fusion with SplitK perfConfig is not legal
Lowering not applicable.

----------------------------------------------------------------------------------------------------
NOT_APPLICABLE: GemmConfiguration(datatype='i8', out_dtype='i32', g=2, m=503, k=128, n=224, trans_a=True, trans_b=True, perfconfig='gemm:v1:128,256,16,2,1,8,32,3,3,0,0', scaled_gemm=False, scale_a_dtype=None, scale_b_dtype=None, trans_scale_a=False, trans_scale_b=False, arch='gfx950:sramecc+:xnack-', chip='gfx950', num_cu=256, num_chiplets=8)
----------------------------------------------------------------------------------------------------
PASS: GemmConfiguration(datatype='fp8', out_dtype='f32', g=1, m=101, k=416, n=355, trans_a=False, trans_b=False, perfconfig='gemm:v1:256,16,64,1,1,16,16,4,1,1,2', scaled_gemm=False, scale_a_dtype=None, scale_b_dtype=None, trans_scale_a=False, trans_scale_b=False, arch='gfx950:sramecc+:xnack-', chip='gfx950', num_cu=256, num_chiplets=8)
----------------------------------------------------------------------------------------------------
PASS: GemmConfiguration(datatype='i8', out_dtype='i32', g=1, m=162, k=17, n=190, trans_a=True, trans_b=True, perfconfig='gemm:v1:128,64,64,1,1,16,0,1,1,4,2', scaled_gemm=False, scale_a_dtype=None, scale_b_dtype=None, trans_scale_a=False, trans_scale_b=False, arch='gfx950:sramecc+:xnack-', chip='gfx950', num_cu=256, num_chiplets=8)
----------------------------------------------------------------------------------------------------
PASS: GemmConfiguration(datatype='fp8', out_dtype='f32', g=1, m=76, k=70, n=201, trans_a=False, trans_b=True, perfconfig='gemm:v1:16,32,64,2,1,2,32,4,3,8,4', scaled_gemm=False, scale_a_dtype=None, scale_b_dtype=None, trans_scale_a=False, trans_scale_b=False, arch='gfx950:sramecc+:xnack-', chip='gfx950', num_cu=256, num_chiplets=8)
----------------------------------------------------------------------------------------------------
PASS: GemmConfiguration(datatype='fp8', out_dtype='f32', g=1, m=469, k=290, n=58, trans_a=True, trans_b=False, perfconfig='gemm:v1:64,128,32,2,1,8,0,2,2,0,4', scaled_gemm=False, scale_a_dtype=None, scale_b_dtype=None, trans_scale_a=False, trans_scale_b=False, arch='gfx950:sramecc+:xnack-', chip='gfx950', num_cu=256, num_chiplets=8)
----------------------------------------------------------------------------------------------------
PASS: GemmConfiguration(datatype='f16', out_dtype='f16', g=1, m=366, k=104, n=206, trans_a=False, trans_b=True, perfconfig='gemm:v1:32,128,32,1,1,2,16,2,2,0,1', scaled_gemm=False, scale_a_dtype=None, scale_b_dtype=None, trans_scale_a=False, trans_scale_b=False, arch='gfx950:sramecc+:xnack-', chip='gfx950', num_cu=256, num_chiplets=8)
----------------------------------------------------------------------------------------------------
PASS: GemmConfiguration(datatype='fp8', out_dtype='f32', g=1, m=113, k=282, n=209, trans_a=False, trans_b=True, perfconfig='gemm:v1:256,256,128,1,1,1,16,3,2,8,0', scaled_gemm=False, scale_a_dtype=None, scale_b_dtype=None, trans_scale_a=False, trans_scale_b=False, arch='gfx950:sramecc+:xnack-', chip='gfx950', num_cu=256, num_chiplets=8)
----------------------------------------------------------------------------------------------------
PASS: GemmConfiguration(datatype='fp8', out_dtype='f32', g=2, m=274, k=231, n=257, trans_a=True, trans_b=False, perfconfig='gemm:v1:256,128,128,2,1,2,32,3,1,4,4', scaled_gemm=False, scale_a_dtype=None, scale_b_dtype=None, trans_scale_a=False, trans_scale_b=False, arch='gfx950:sramecc+:xnack-', chip='gfx950', num_cu=256, num_chiplets=8)
----------------------------------------------------------------------------------------------------
PASS: GemmConfiguration(datatype='f32', out_dtype='f32', g=2, m=289, k=58, n=30, trans_a=False, trans_b=False, perfconfig='gemm:v1:64,32,16,2,1,16,16,1,3,1,8', scaled_gemm=False, scale_a_dtype=None, scale_b_dtype=None, trans_scale_a=False, trans_scale_b=False, arch='gfx950:sramecc+:xnack-', chip='gfx950', num_cu=256, num_chiplets=8)
----------------------------------------------------------------------------------------------------
PASS: GemmConfiguration(datatype='f16', out_dtype='f16', g=1, m=379, k=9, n=336, trans_a=True, trans_b=False, perfconfig='gemm:v1:64,16,32,1,1,8,0,1,3,4,8', scaled_gemm=False, scale_a_dtype=None, scale_b_dtype=None, trans_scale_a=False, trans_scale_b=False, arch='gfx950:sramecc+:xnack-', chip='gfx950', num_cu=256, num_chiplets=8)
----------------------------------------------------------------------------------------------------
PASS: GemmConfiguration(datatype='f16', out_dtype='f16', g=1, m=85, k=503, n=475, trans_a=True, trans_b=False, perfconfig='gemm:v1:128,32,16,1,1,2,32,1,1,2,1', scaled_gemm=False, scale_a_dtype=None, scale_b_dtype=None, trans_scale_a=False, trans_scale_b=False, arch='gfx950:sramecc+:xnack-', chip='gfx950', num_cu=256, num_chiplets=8)
----------------------------------------------------------------------------------------------------
PASS: GemmConfiguration(datatype='f16', out_dtype='f16', g=1, m=31, k=224, n=511, trans_a=False, trans_b=True, perfconfig='gemm:v1:64,32,64,2,1,4,32,4,1,1,1', scaled_gemm=False, scale_a_dtype=None, scale_b_dtype=None, trans_scale_a=False, trans_scale_b=False, arch='gfx950:sramecc+:xnack-', chip='gfx950', num_cu=256, num_chiplets=8)
----------------------------------------------------------------------------------------------------
FAIL: GemmConfiguration(datatype='bf16', out_dtype='bf16', g=2, m=84, k=131, n=148, trans_a=False, trans_b=True, perfconfig='gemm:v1:256,32,16,2,1,16,32,4,3,8,1', scaled_gemm=False, scale_a_dtype=None, scale_b_dtype=None, trans_scale_a=False, trans_scale_b=False, arch='gfx950:sramecc+:xnack-', chip='gfx950', num_cu=256, num_chiplets=8)
----------------------------------------------------------------------------------------------------
PASS: GemmConfiguration(datatype='f32', out_dtype='f32', g=2, m=317, k=462, n=241, trans_a=False, trans_b=False, perfconfig='gemm:v1:128,256,16,1,1,8,16,4,2,4,0', scaled_gemm=False, scale_a_dtype=None, scale_b_dtype=None, trans_scale_a=False, trans_scale_b=False, arch='gfx950:sramecc+:xnack-', chip='gfx950', num_cu=256, num_chiplets=8)
----------------------------------------------------------------------------------------------------
FAIL: GemmConfiguration(datatype='bf16', out_dtype='bf16', g=1, m=235, k=319, n=295, trans_a=False, trans_b=True, perfconfig='gemm:v1:256,64,16,2,1,4,16,1,2,1,0', scaled_gemm=False, scale_a_dtype=None, scale_b_dtype=None, trans_scale_a=False, trans_scale_b=False, arch='gfx950:sramecc+:xnack-', chip='gfx950', num_cu=256, num_chiplets=8)
----------------------------------------------------------------------------------------------------
PASS: GemmConfiguration(datatype='f16', out_dtype='f16', g=1, m=441, k=483, n=172, trans_a=False, trans_b=False, perfconfig='gemm:v1:128,32,32,2,1,2,0,2,3,8,8', scaled_gemm=False, scale_a_dtype=None, scale_b_dtype=None, trans_scale_a=False, trans_scale_b=False, arch='gfx950:sramecc+:xnack-', chip='gfx950', num_cu=256, num_chiplets=8)
Lowering rejected config as not applicable
Command line = -operation gemm -t i8 -out_datatype i32 --arch gfx950:sramecc+:xnack- --num_cu 256 --num_chiplets 8 -g 2 -m 357 -k 406 -n 411 -transA=False -transB=False --perf_config=gemm:v1:64,64,16,1,1,1,0,4,2,8,0 -pv
Errors = loc("<stdin>":18:10): error: Fusion with SplitK perfConfig is not legal
Lowering not applicable.

----------------------------------------------------------------------------------------------------
NOT_APPLICABLE: GemmConfiguration(datatype='i8', out_dtype='i32', g=2, m=357, k=406, n=411, trans_a=False, trans_b=False, perfconfig='gemm:v1:64,64,16,1,1,1,0,4,2,8,0', scaled_gemm=False, scale_a_dtype=None, scale_b_dtype=None, trans_scale_a=False, trans_scale_b=False, arch='gfx950:sramecc+:xnack-', chip='gfx950', num_cu=256, num_chiplets=8)
Lowering rejected config as not applicable
Command line = -operation gemm -t f32 -out_datatype f32 --arch gfx950:sramecc+:xnack- --num_cu 256 --num_chiplets 8 -g 1 -m 380 -k 180 -n 287 -transA=False -transB=False --perf_config=gemm:v1:16,256,128,1,1,16,16,1,2,8,1 -pv
Errors = loc("<stdin>":11:1): error: ttg.shared (278528) exceeds LDS limit (163840) for amdgcn-amd-amdhsa:gfx950:sramecc+:xnack-
Lowering not applicable.

----------------------------------------------------------------------------------------------------
NOT_APPLICABLE: GemmConfiguration(datatype='f32', out_dtype='f32', g=1, m=380, k=180, n=287, trans_a=False, trans_b=False, perfconfig='gemm:v1:16,256,128,1,1,16,16,1,2,8,1', scaled_gemm=False, scale_a_dtype=None, scale_b_dtype=None, trans_scale_a=False, trans_scale_b=False, arch='gfx950:sramecc+:xnack-', chip='gfx950', num_cu=256, num_chiplets=8)
----------------------------------------------------------------------------------------------------
PASS: GemmConfiguration(datatype='f32', out_dtype='f32', g=2, m=218, k=435, n=204, trans_a=False, trans_b=False, perfconfig='gemm:v1:32,16,128,2,1,16,32,2,1,2,2', scaled_gemm=False, scale_a_dtype=None, scale_b_dtype=None, trans_scale_a=False, trans_scale_b=False, arch='gfx950:sramecc+:xnack-', chip='gfx950', num_cu=256, num_chiplets=8)
----------------------------------------------------------------------------------------------------
PASS: GemmConfiguration(datatype='bf16', out_dtype='bf16', g=2, m=408, k=357, n=53, trans_a=False, trans_b=False, perfconfig='gemm:v1:32,128,32,1,1,16,32,4,1,1,0', scaled_gemm=False, scale_a_dtype=None, scale_b_dtype=None, trans_scale_a=False, trans_scale_b=False, arch='gfx950:sramecc+:xnack-', chip='gfx950', num_cu=256, num_chiplets=8)
----------------------------------------------------------------------------------------------------
PASS: GemmConfiguration(datatype='f16', out_dtype='f16', g=2, m=437, k=238, n=58, trans_a=False, trans_b=False, perfconfig='gemm:v1:256,128,64,2,1,16,0,2,2,2,0', scaled_gemm=False, scale_a_dtype=None, scale_b_dtype=None, trans_scale_a=False, trans_scale_b=False, arch='gfx950:sramecc+:xnack-', chip='gfx950', num_cu=256, num_chiplets=8)
----------------------------------------------------------------------------------------------------
PASS: GemmConfiguration(datatype='f32', out_dtype='f32', g=2, m=509, k=503, n=11, trans_a=True, trans_b=False, perfconfig='gemm:v1:256,16,16,2,1,2,16,2,3,1,8', scaled_gemm=False, scale_a_dtype=None, scale_b_dtype=None, trans_scale_a=False, trans_scale_b=False, arch='gfx950:sramecc+:xnack-', chip='gfx950', num_cu=256, num_chiplets=8)
----------------------------------------------------------------------------------------------------
PASS: GemmConfiguration(datatype='f16', out_dtype='f16', g=2, m=462, k=274, n=35, trans_a=True, trans_b=True, perfconfig='gemm:v1:128,32,32,2,1,1,0,3,1,0,4', scaled_gemm=False, scale_a_dtype=None, scale_b_dtype=None, trans_scale_a=False, trans_scale_b=False, arch='gfx950:sramecc+:xnack-', chip='gfx950', num_cu=256, num_chiplets=8)
----------------------------------------------------------------------------------------------------
PASS: GemmConfiguration(datatype='bf16', out_dtype='bf16', g=2, m=472, k=302, n=277, trans_a=True, trans_b=False, perfconfig='gemm:v1:64,256,32,2,1,1,32,2,1,4,0', scaled_gemm=False, scale_a_dtype=None, scale_b_dtype=None, trans_scale_a=False, trans_scale_b=False, arch='gfx950:sramecc+:xnack-', chip='gfx950', num_cu=256, num_chiplets=8)
Lowering rejected config as not applicable
Command line = -operation gemm -t i8 -out_datatype i32 --arch gfx950:sramecc+:xnack- --num_cu 256 --num_chiplets 8 -g 2 -m 32 -k 259 -n 225 -transA=False -transB=True --perf_config=gemm:v1:64,64,64,2,1,4,32,3,3,2,0 -pv
Errors = loc("<stdin>":18:10): error: Fusion with SplitK perfConfig is not legal
Lowering not applicable.

----------------------------------------------------------------------------------------------------
NOT_APPLICABLE: GemmConfiguration(datatype='i8', out_dtype='i32', g=2, m=32, k=259, n=225, trans_a=False, trans_b=True, perfconfig='gemm:v1:64,64,64,2,1,4,32,3,3,2,0', scaled_gemm=False, scale_a_dtype=None, scale_b_dtype=None, trans_scale_a=False, trans_scale_b=False, arch='gfx950:sramecc+:xnack-', chip='gfx950', num_cu=256, num_chiplets=8)
Lowering rejected config as not applicable
Command line = -operation gemm -t bf16 -out_datatype bf16 --arch gfx950:sramecc+:xnack- --num_cu 256 --num_chiplets 8 -g 2 -m 375 -k 140 -n 397 -transA=True -transB=False --perf_config=gemm:v1:256,256,64,2,1,16,32,1,3,8,0 -pv -RMS_threshold 1e-2
Errors = loc("<stdin>":13:1): error: ttg.shared (196608) exceeds LDS limit (163840) for amdgcn-amd-amdhsa:gfx950:sramecc+:xnack-
Lowering not applicable.

----------------------------------------------------------------------------------------------------
NOT_APPLICABLE: GemmConfiguration(datatype='bf16', out_dtype='bf16', g=2, m=375, k=140, n=397, trans_a=True, trans_b=False, perfconfig='gemm:v1:256,256,64,2,1,16,32,1,3,8,0', scaled_gemm=False, scale_a_dtype=None, scale_b_dtype=None, trans_scale_a=False, trans_scale_b=False, arch='gfx950:sramecc+:xnack-', chip='gfx950', num_cu=256, num_chiplets=8)
Lowering rejected config as not applicable
Command line = -operation gemm -t f32 -out_datatype f32 --arch gfx950:sramecc+:xnack- --num_cu 256 --num_chiplets 8 -g 2 -m 16 -k 275 -n 47 -transA=True -transB=False --perf_config=gemm:v1:128,64,128,2,1,2,32,2,3,4,8 -pv
Errors = loc("<stdin>":12:1): error: ttg.shared (294912) exceeds LDS limit (163840) for amdgcn-amd-amdhsa:gfx950:sramecc+:xnack-
Lowering not applicable.

----------------------------------------------------------------------------------------------------
NOT_APPLICABLE: GemmConfiguration(datatype='f32', out_dtype='f32', g=2, m=16, k=275, n=47, trans_a=True, trans_b=False, perfconfig='gemm:v1:128,64,128,2,1,2,32,2,3,4,8', scaled_gemm=False, scale_a_dtype=None, scale_b_dtype=None, trans_scale_a=False, trans_scale_b=False, arch='gfx950:sramecc+:xnack-', chip='gfx950', num_cu=256, num_chiplets=8)
----------------------------------------------------------------------------------------------------
PASS: GemmConfiguration(datatype='f32', out_dtype='f32', g=1, m=309, k=77, n=351, trans_a=False, trans_b=False, perfconfig='gemm:v1:64,16,32,2,1,8,0,3,3,8,0', scaled_gemm=False, scale_a_dtype=None, scale_b_dtype=None, trans_scale_a=False, trans_scale_b=False, arch='gfx950:sramecc+:xnack-', chip='gfx950', num_cu=256, num_chiplets=8)
----------------------------------------------------------------------------------------------------
PASS: GemmConfiguration(datatype='f16', out_dtype='f16', g=2, m=49, k=267, n=296, trans_a=False, trans_b=False, perfconfig='gemm:v1:64,64,32,1,1,1,0,3,1,0,8', scaled_gemm=False, scale_a_dtype=None, scale_b_dtype=None, trans_scale_a=False, trans_scale_b=False, arch='gfx950:sramecc+:xnack-', chip='gfx950', num_cu=256, num_chiplets=8)
----------------------------------------------------------------------------------------------------
PASS: GemmConfiguration(datatype='bf16', out_dtype='bf16', g=2, m=322, k=128, n=100, trans_a=True, trans_b=False, perfconfig='gemm:v1:128,16,64,1,1,1,32,2,1,2,2', scaled_gemm=False, scale_a_dtype=None, scale_b_dtype=None, trans_scale_a=False, trans_scale_b=False, arch='gfx950:sramecc+:xnack-', chip='gfx950', num_cu=256, num_chiplets=8)
FAIL: Runner returned incorrect result
Config = GemmConfiguration(datatype='f16', out_dtype='f16', g=1, m=377, k=443, n=37, trans_a=False, trans_b=True, perfconfig='gemm:v1:16,64,32,2,1,16,16,2,3,8,2', scaled_gemm=False, scale_a_dtype=None, scale_b_dtype=None, trans_scale_a=False, trans_scale_b=False, arch='gfx950:sramecc+:xnack-', chip='gfx950', num_cu=256, num_chiplets=8)
Command line = -operation gemm -t f16 -out_datatype f16 --arch gfx950:sramecc+:xnack- --num_cu 256 --num_chiplets 8 -g 1 -m 377 -k 443 -n 37 -transA=False -transB=True --perf_config=gemm:v1:16,64,32,2,1,16,16,2,3,8,2 -pv
Output = Number of elements: 13949
maxAbsDiff info: maxAbsDiff = 194.250000 (valNum = 268.00000, gpuNum = 73.75000), average absDiff = 1.3e+02
maxRelDiff info: maxRelDiff = 7.3e-01 (valNum = -129.0000000000, gpuNum = -35.1875000000), average relDiff = 7.2e-01
RMS = 5.1e-01
Histogram of relDiff: 
        relDiff = 0     : 0/13949 (0.000000%)
     0 < relDiff < 1e-06: 0/13949 (0.000000%)
1e-06 < relDiff <= 1e-05: 0/13949 (0.000000%)
1e-05 < relDiff <= 1e-04: 0/13949 (0.000000%)
1e-04 < relDiff <= 1e-03: 0/13949 (0.000000%)
1e-03 < relDiff <= 1e-02: 0/13949 (0.000000%)
1e-02 < relDiff <= 1e-01: 0/13949 (0.000000%)
1e-01 < relDiff <= 1e+00: 13949/13949 (100.000000%)
1e+00 < relDiff < inf   : 0/13949 (0.000000%)
        relDiff = inf   : 0/13949 (0.000000%)
[0 0 1]

FAIL: Runner returned incorrect result
Config = GemmConfiguration(datatype='fp8', out_dtype='f32', g=1, m=57, k=381, n=162, trans_a=True, trans_b=False, perfconfig='gemm:v1:256,128,16,2,1,1,0,3,1,2,4', scaled_gemm=False, scale_a_dtype=None, scale_b_dtype=None, trans_scale_a=False, trans_scale_b=False, arch='gfx950:sramecc+:xnack-', chip='gfx950', num_cu=256, num_chiplets=8)
Command line = -operation gemm -t fp8 -out_datatype f32 --arch gfx950:sramecc+:xnack- --num_cu 256 --num_chiplets 8 -g 1 -m 57 -k 381 -n 162 -transA=True -transB=False --perf_config=gemm:v1:256,128,16,2,1,1,0,3,1,2,4 -pv -relDiff_threshold 1e-5
Output = Number of elements: 9234
maxAbsDiff info: maxAbsDiff = 288.375000 (valNum = 381.00000, gpuNum = 92.62500), average absDiff = 1.6e+02
maxRelDiff info: maxRelDiff = 7.6e-01 (valNum = 95.2500000000, gpuNum = 23.1562500000), average relDiff = 7.6e-01
RMS = 4.6e-01
Histogram of relDiff: 
        relDiff = 0     : 0/9234 (0.000000%)
     0 < relDiff < 1e-06: 0/9234 (0.000000%)
1e-06 < relDiff <= 1e-05: 0/9234 (0.000000%)
1e-05 < relDiff <= 1e-04: 0/9234 (0.000000%)
1e-04 < relDiff <= 1e-03: 0/9234 (0.000000%)
1e-03 < relDiff <= 1e-02: 0/9234 (0.000000%)
1e-02 < relDiff <= 1e-01: 0/9234 (0.000000%)
1e-01 < relDiff <= 1e+00: 9234/9234 (100.000000%)
1e+00 < relDiff < inf   : 0/9234 (0.000000%)
        relDiff = inf   : 0/9234 (0.000000%)
[0 0 0]

----------------------------------------------------------------------------------------------------
PASS: GemmConfiguration(datatype='f16', out_dtype='f16', g=2, m=467, k=119, n=17, trans_a=False, trans_b=False, perfconfig='gemm:v1:256,128,128,1,1,16,16,4,1,1,0', scaled_gemm=False, scale_a_dtype=None, scale_b_dtype=None, trans_scale_a=False, trans_scale_b=False, arch='gfx950:sramecc+:xnack-', chip='gfx950', num_cu=256, num_chiplets=8)
----------------------------------------------------------------------------------------------------
PASS: GemmConfiguration(datatype='fp8', out_dtype='f32', g=2, m=213, k=175, n=442, trans_a=True, trans_b=True, perfconfig='gemm:v1:64,64,128,2,1,1,0,2,3,0,1', scaled_gemm=False, scale_a_dtype=None, scale_b_dtype=None, trans_scale_a=False, trans_scale_b=False, arch='gfx950:sramecc+:xnack-', chip='gfx950', num_cu=256, num_chiplets=8)
Lowering rejected config as not applicable
Command line = -operation gemm -t i8 -out_datatype i32 --arch gfx950:sramecc+:xnack- --num_cu 256 --num_chiplets 8 -g 1 -m 243 -k 475 -n 14 -transA=True -transB=True --perf_config=gemm:v1:16,32,16,1,1,16,32,3,3,8,1 -pv
Errors = loc("<stdin>":18:10): error: Fusion with SplitK perfConfig is not legal
Lowering not applicable.

----------------------------------------------------------------------------------------------------
NOT_APPLICABLE: GemmConfiguration(datatype='i8', out_dtype='i32', g=1, m=243, k=475, n=14, trans_a=True, trans_b=True, perfconfig='gemm:v1:16,32,16,1,1,16,32,3,3,8,1', scaled_gemm=False, scale_a_dtype=None, scale_b_dtype=None, trans_scale_a=False, trans_scale_b=False, arch='gfx950:sramecc+:xnack-', chip='gfx950', num_cu=256, num_chiplets=8)
----------------------------------------------------------------------------------------------------
PASS: GemmConfiguration(datatype='f32', out_dtype='f32', g=2, m=243, k=257, n=188, trans_a=True, trans_b=True, perfconfig='gemm:v1:128,64,32,2,1,16,16,4,2,8,8', scaled_gemm=False, scale_a_dtype=None, scale_b_dtype=None, trans_scale_a=False, trans_scale_b=False, arch='gfx950:sramecc+:xnack-', chip='gfx950', num_cu=256, num_chiplets=8)
----------------------------------------------------------------------------------------------------
PASS: GemmConfiguration(datatype='fp8', out_dtype='f32', g=1, m=132, k=263, n=204, trans_a=False, trans_b=False, perfconfig='gemm:v1:64,128,16,1,1,2,32,3,2,4,8', scaled_gemm=False, scale_a_dtype=None, scale_b_dtype=None, trans_scale_a=False, trans_scale_b=False, arch='gfx950:sramecc+:xnack-', chip='gfx950', num_cu=256, num_chiplets=8)
----------------------------------------------------------------------------------------------------
PASS: GemmConfiguration(datatype='bf16', out_dtype='bf16', g=1, m=314, k=503, n=106, trans_a=True, trans_b=False, perfconfig='gemm:v1:128,64,128,1,1,8,0,1,3,0,8', scaled_gemm=False, scale_a_dtype=None, scale_b_dtype=None, trans_scale_a=False, trans_scale_b=False, arch='gfx950:sramecc+:xnack-', chip='gfx950', num_cu=256, num_chiplets=8)
----------------------------------------------------------------------------------------------------
PASS: GemmConfiguration(datatype='fp8', out_dtype='f32', g=1, m=235, k=1, n=40, trans_a=True, trans_b=False, perfconfig='gemm:v1:128,16,16,1,1,1,0,1,1,4,8', scaled_gemm=False, scale_a_dtype=None, scale_b_dtype=None, trans_scale_a=False, trans_scale_b=False, arch='gfx950:sramecc+:xnack-', chip='gfx950', num_cu=256, num_chiplets=8)
----------------------------------------------------------------------------------------------------
PASS: GemmConfiguration(datatype='f32', out_dtype='f32', g=1, m=305, k=424, n=107, trans_a=False, trans_b=True, perfconfig='gemm:v1:64,64,16,2,1,1,0,4,3,0,4', scaled_gemm=False, scale_a_dtype=None, scale_b_dtype=None, trans_scale_a=False, trans_scale_b=False, arch='gfx950:sramecc+:xnack-', chip='gfx950', num_cu=256, num_chiplets=8)
----------------------------------------------------------------------------------------------------
PASS: GemmConfiguration(datatype='f32', out_dtype='f32', g=2, m=85, k=225, n=75, trans_a=True, trans_b=False, perfconfig='gemm:v1:32,64,128,1,1,16,32,1,2,4,1', scaled_gemm=False, scale_a_dtype=None, scale_b_dtype=None, trans_scale_a=False, trans_scale_b=False, arch='gfx950:sramecc+:xnack-', chip='gfx950', num_cu=256, num_chiplets=8)
----------------------------------------------------------------------------------------------------
PASS: GemmConfiguration(datatype='bf16', out_dtype='bf16', g=1, m=92, k=39, n=8, trans_a=True, trans_b=True, perfconfig='gemm:v1:256,256,128,1,1,2,16,3,3,0,8', scaled_gemm=False, scale_a_dtype=None, scale_b_dtype=None, trans_scale_a=False, trans_scale_b=False, arch='gfx950:sramecc+:xnack-', chip='gfx950', num_cu=256, num_chiplets=8)
----------------------------------------------------------------------------------------------------
PASS: GemmConfiguration(datatype='f32', out_dtype='f32', g=1, m=49, k=452, n=30, trans_a=False, trans_b=True, perfconfig='gemm:v1:32,32,32,1,1,1,16,1,1,8,2', scaled_gemm=False, scale_a_dtype=None, scale_b_dtype=None, trans_scale_a=False, trans_scale_b=False, arch='gfx950:sramecc+:xnack-', chip='gfx950', num_cu=256, num_chiplets=8)
----------------------------------------------------------------------------------------------------
PASS: GemmConfiguration(datatype='fp8', out_dtype='f32', g=2, m=109, k=395, n=194, trans_a=False, trans_b=True, perfconfig='gemm:v1:256,64,128,2,1,16,0,4,3,1,8', scaled_gemm=False, scale_a_dtype=None, scale_b_dtype=None, trans_scale_a=False, trans_scale_b=False, arch='gfx950:sramecc+:xnack-', chip='gfx950', num_cu=256, num_chiplets=8)
----------------------------------------------------------------------------------------------------
FAIL: GemmConfiguration(datatype='f16', out_dtype='f16', g=1, m=377, k=443, n=37, trans_a=False, trans_b=True, perfconfig='gemm:v1:16,64,32,2,1,16,16,2,3,8,2', scaled_gemm=False, scale_a_dtype=None, scale_b_dtype=None, trans_scale_a=False, trans_scale_b=False, arch='gfx950:sramecc+:xnack-', chip='gfx950', num_cu=256, num_chiplets=8)
----------------------------------------------------------------------------------------------------
PASS: GemmConfiguration(datatype='fp8', out_dtype='f32', g=2, m=118, k=375, n=130, trans_a=False, trans_b=True, perfconfig='gemm:v1:16,64,32,2,1,4,32,1,3,4,1', scaled_gemm=False, scale_a_dtype=None, scale_b_dtype=None, trans_scale_a=False, trans_scale_b=False, arch='gfx950:sramecc+:xnack-', chip='gfx950', num_cu=256, num_chiplets=8)
----------------------------------------------------------------------------------------------------
PASS: GemmConfiguration(datatype='f16', out_dtype='f16', g=1, m=378, k=296, n=466, trans_a=False, trans_b=False, perfconfig='gemm:v1:64,256,64,1,1,4,32,1,2,4,0', scaled_gemm=False, scale_a_dtype=None, scale_b_dtype=None, trans_scale_a=False, trans_scale_b=False, arch='gfx950:sramecc+:xnack-', chip='gfx950', num_cu=256, num_chiplets=8)
----------------------------------------------------------------------------------------------------
PASS: GemmConfiguration(datatype='f16', out_dtype='f16', g=2, m=122, k=191, n=320, trans_a=True, trans_b=True, perfconfig='gemm:v1:256,16,64,1,1,2,32,1,3,2,2', scaled_gemm=False, scale_a_dtype=None, scale_b_dtype=None, trans_scale_a=False, trans_scale_b=False, arch='gfx950:sramecc+:xnack-', chip='gfx950', num_cu=256, num_chiplets=8)
----------------------------------------------------------------------------------------------------
PASS: GemmConfiguration(datatype='fp8', out_dtype='f32', g=1, m=312, k=124, n=200, trans_a=True, trans_b=False, perfconfig='gemm:v1:32,256,16,2,1,1,16,4,2,0,8', scaled_gemm=False, scale_a_dtype=None, scale_b_dtype=None, trans_scale_a=False, trans_scale_b=False, arch='gfx950:sramecc+:xnack-', chip='gfx950', num_cu=256, num_chiplets=8)
----------------------------------------------------------------------------------------------------
FAIL: GemmConfiguration(datatype='fp8', out_dtype='f32', g=1, m=57, k=381, n=162, trans_a=True, trans_b=False, perfconfig='gemm:v1:256,128,16,2,1,1,0,3,1,2,4', scaled_gemm=False, scale_a_dtype=None, scale_b_dtype=None, trans_scale_a=False, trans_scale_b=False, arch='gfx950:sramecc+:xnack-', chip='gfx950', num_cu=256, num_chiplets=8)
----------------------------------------------------------------------------------------------------
PASS: GemmConfiguration(datatype='i8', out_dtype='i32', g=2, m=504, k=6, n=434, trans_a=True, trans_b=False, perfconfig='gemm:v1:128,32,16,1,1,1,32,1,3,4,4', scaled_gemm=False, scale_a_dtype=None, scale_b_dtype=None, trans_scale_a=False, trans_scale_b=False, arch='gfx950:sramecc+:xnack-', chip='gfx950', num_cu=256, num_chiplets=8)
----------------------------------------------------------------------------------------------------
PASS: GemmConfiguration(datatype='fp8', out_dtype='f32', g=2, m=197, k=122, n=207, trans_a=True, trans_b=False, perfconfig='gemm:v1:32,64,128,1,1,16,0,3,3,0,0', scaled_gemm=False, scale_a_dtype=None, scale_b_dtype=None, trans_scale_a=False, trans_scale_b=False, arch='gfx950:sramecc+:xnack-', chip='gfx950', num_cu=256, num_chiplets=8)
----------------------------------------------------------------------------------------------------
PASS: GemmConfiguration(datatype='f32', out_dtype='f32', g=2, m=150, k=114, n=512, trans_a=False, trans_b=False, perfconfig='gemm:v1:128,32,32,2,1,16,0,3,2,2,8', scaled_gemm=False, scale_a_dtype=None, scale_b_dtype=None, trans_scale_a=False, trans_scale_b=False, arch='gfx950:sramecc+:xnack-', chip='gfx950', num_cu=256, num_chiplets=8)
----------------------------------------------------------------------------------------------------
PASS: GemmConfiguration(datatype='bf16', out_dtype='bf16', g=2, m=313, k=105, n=339, trans_a=False, trans_b=True, perfconfig='gemm:v1:32,64,16,1,1,1,16,4,1,0,2', scaled_gemm=False, scale_a_dtype=None, scale_b_dtype=None, trans_scale_a=False, trans_scale_b=False, arch='gfx950:sramecc+:xnack-', chip='gfx950', num_cu=256, num_chiplets=8)
----------------------------------------------------------------------------------------------------
PASS: GemmConfiguration(datatype='f16', out_dtype='f16', g=2, m=501, k=496, n=443, trans_a=False, trans_b=True, perfconfig='gemm:v1:32,32,128,1,1,1,32,1,3,4,4', scaled_gemm=False, scale_a_dtype=None, scale_b_dtype=None, trans_scale_a=False, trans_scale_b=False, arch='gfx950:sramecc+:xnack-', chip='gfx950', num_cu=256, num_chiplets=8)
----------------------------------------------------------------------------------------------------
PASS: GemmConfiguration(datatype='f32', out_dtype='f32', g=1, m=273, k=389, n=21, trans_a=True, trans_b=True, perfconfig='gemm:v1:256,32,128,1,1,16,0,2,1,0,4', scaled_gemm=False, scale_a_dtype=None, scale_b_dtype=None, trans_scale_a=False, trans_scale_b=False, arch='gfx950:sramecc+:xnack-', chip='gfx950', num_cu=256, num_chiplets=8)
----------------------------------------------------------------------------------------------------
PASS: GemmConfiguration(datatype='fp8', out_dtype='f32', g=2, m=183, k=238, n=191, trans_a=True, trans_b=False, perfconfig='gemm:v1:256,16,16,1,1,2,16,3,3,8,4', scaled_gemm=False, scale_a_dtype=None, scale_b_dtype=None, trans_scale_a=False, trans_scale_b=False, arch='gfx950:sramecc+:xnack-', chip='gfx950', num_cu=256, num_chiplets=8)
----------------------------------------------------------------------------------------------------
PASS: GemmConfiguration(datatype='f32', out_dtype='f32', g=2, m=475, k=371, n=151, trans_a=True, trans_b=False, perfconfig='gemm:v1:128,128,32,2,1,1,32,1,2,8,8', scaled_gemm=False, scale_a_dtype=None, scale_b_dtype=None, trans_scale_a=False, trans_scale_b=False, arch='gfx950:sramecc+:xnack-', chip='gfx950', num_cu=256, num_chiplets=8)
----------------------------------------------------------------------------------------------------
PASS: GemmConfiguration(datatype='f32', out_dtype='f32', g=2, m=171, k=13, n=394, trans_a=False, trans_b=True, perfconfig='gemm:v1:128,32,64,2,1,8,16,4,3,0,4', scaled_gemm=False, scale_a_dtype=None, scale_b_dtype=None, trans_scale_a=False, trans_scale_b=False, arch='gfx950:sramecc+:xnack-', chip='gfx950', num_cu=256, num_chiplets=8)
----------------------------------------------------------------------------------------------------
PASS: GemmConfiguration(datatype='fp8', out_dtype='f32', g=1, m=461, k=312, n=240, trans_a=False, trans_b=True, perfconfig='gemm:v1:64,32,128,1,1,4,16,4,2,1,8', scaled_gemm=False, scale_a_dtype=None, scale_b_dtype=None, trans_scale_a=False, trans_scale_b=False, arch='gfx950:sramecc+:xnack-', chip='gfx950', num_cu=256, num_chiplets=8)
----------------------------------------------------------------------------------------------------
PASS: GemmConfiguration(datatype='fp8', out_dtype='f32', g=1, m=432, k=140, n=205, trans_a=False, trans_b=True, perfconfig='gemm:v1:32,64,64,2,1,4,0,2,2,0,8', scaled_gemm=False, scale_a_dtype=None, scale_b_dtype=None, trans_scale_a=False, trans_scale_b=False, arch='gfx950:sramecc+:xnack-', chip='gfx950', num_cu=256, num_chiplets=8)
----------------------------------------------------------------------------------------------------
PASS: GemmConfiguration(datatype='f32', out_dtype='f32', g=1, m=215, k=136, n=118, trans_a=False, trans_b=False, perfconfig='gemm:v1:16,256,16,1,1,8,32,2,3,2,4', scaled_gemm=False, scale_a_dtype=None, scale_b_dtype=None, trans_scale_a=False, trans_scale_b=False, arch='gfx950:sramecc+:xnack-', chip='gfx950', num_cu=256, num_chiplets=8)
----------------------------------------------------------------------------------------------------
PASS: GemmConfiguration(datatype='f16', out_dtype='f16', g=1, m=497, k=158, n=308, trans_a=False, trans_b=False, perfconfig='gemm:v1:64,128,128,1,1,1,32,4,1,0,2', scaled_gemm=False, scale_a_dtype=None, scale_b_dtype=None, trans_scale_a=False, trans_scale_b=False, arch='gfx950:sramecc+:xnack-', chip='gfx950', num_cu=256, num_chiplets=8)
----------------------------------------------------------------------------------------------------
PASS: GemmConfiguration(datatype='f16', out_dtype='f16', g=1, m=479, k=61, n=372, trans_a=True, trans_b=True, perfconfig='gemm:v1:16,256,32,2,1,1,16,4,1,4,0', scaled_gemm=False, scale_a_dtype=None, scale_b_dtype=None, trans_scale_a=False, trans_scale_b=False, arch='gfx950:sramecc+:xnack-', chip='gfx950', num_cu=256, num_chiplets=8)
----------------------------------------------------------------------------------------------------
PASS: GemmConfiguration(datatype='bf16', out_dtype='bf16', g=1, m=383, k=399, n=145, trans_a=False, trans_b=False, perfconfig='gemm:v1:256,256,32,1,1,16,32,4,1,2,8', scaled_gemm=False, scale_a_dtype=None, scale_b_dtype=None, trans_scale_a=False, trans_scale_b=False, arch='gfx950:sramecc+:xnack-', chip='gfx950', num_cu=256, num_chiplets=8)
----------------------------------------------------------------------------------------------------
PASS: GemmConfiguration(datatype='f32', out_dtype='f32', g=1, m=86, k=290, n=21, trans_a=True, trans_b=True, perfconfig='gemm:v1:64,256,16,1,1,1,0,2,2,4,2', scaled_gemm=False, scale_a_dtype=None, scale_b_dtype=None, trans_scale_a=False, trans_scale_b=False, arch='gfx950:sramecc+:xnack-', chip='gfx950', num_cu=256, num_chiplets=8)
Lowering rejected config as not applicable
Command line = -operation gemm -t f32 -out_datatype f32 --arch gfx950:sramecc+:xnack- --num_cu 256 --num_chiplets 8 -g 1 -m 97 -k 339 -n 28 -transA=False -transB=False --perf_config=gemm:v1:32,256,64,2,1,4,32,3,3,8,0 -pv
Errors = loc("<stdin>":12:1): error: ttg.shared (221184) exceeds LDS limit (163840) for amdgcn-amd-amdhsa:gfx950:sramecc+:xnack-
Lowering not applicable.

FAIL: Runner returned incorrect result
Config = GemmConfiguration(datatype='fp8', out_dtype='f32', g=1, m=13, k=219, n=94, trans_a=True, trans_b=True, perfconfig='gemm:v1:16,256,32,2,1,1,0,1,2,2,4', scaled_gemm=False, scale_a_dtype=None, scale_b_dtype=None, trans_scale_a=False, trans_scale_b=False, arch='gfx950:sramecc+:xnack-', chip='gfx950', num_cu=256, num_chiplets=8)
Command line = -operation gemm -t fp8 -out_datatype f32 --arch gfx950:sramecc+:xnack- --num_cu 256 --num_chiplets 8 -g 1 -m 13 -k 219 -n 94 -transA=True -transB=True --perf_config=gemm:v1:16,256,32,2,1,1,0,1,2,2,4 -pv -relDiff_threshold 1e-5
Output = Number of elements: 1222
maxAbsDiff info: maxAbsDiff = 96.875000 (valNum = 132.31250, gpuNum = 35.43750), average absDiff = 6.6e+01
maxRelDiff info: maxRelDiff = 7.4e-01 (valNum = -63.8750000000, gpuNum = -16.9101562500), average relDiff = 7.3e-01
RMS = 5.3e-01
Histogram of relDiff: 
        relDiff = 0     : 0/1222 (0.000000%)
     0 < relDiff < 1e-06: 0/1222 (0.000000%)
1e-06 < relDiff <= 1e-05: 0/1222 (0.000000%)
1e-05 < relDiff <= 1e-04: 0/1222 (0.000000%)
1e-04 < relDiff <= 1e-03: 0/1222 (0.000000%)
1e-03 < relDiff <= 1e-02: 0/1222 (0.000000%)
1e-02 < relDiff <= 1e-01: 0/1222 (0.000000%)
1e-01 < relDiff <= 1e+00: 1222/1222 (100.000000%)
1e+00 < relDiff < inf   : 0/1222 (0.000000%)
        relDiff = inf   : 0/1222 (0.000000%)
[0 1 0]

FAIL: Runner returned incorrect result
Config = GemmConfiguration(datatype='fp8', out_dtype='f32', g=1, m=198, k=348, n=282, trans_a=True, trans_b=True, perfconfig='gemm:v1:32,32,32,2,1,2,16,1,1,0,4', scaled_gemm=False, scale_a_dtype=None, scale_b_dtype=None, trans_scale_a=False, trans_scale_b=False, arch='gfx950:sramecc+:xnack-', chip='gfx950', num_cu=256, num_chiplets=8)
Command line = -operation gemm -t fp8 -out_datatype f32 --arch gfx950:sramecc+:xnack- --num_cu 256 --num_chiplets 8 -g 1 -m 198 -k 348 -n 282 -transA=True -transB=True --perf_config=gemm:v1:32,32,32,2,1,2,16,1,1,0,4 -pv -relDiff_threshold 1e-5
Output = Number of elements: 55836
maxAbsDiff info: maxAbsDiff = 23.681152 (valNum = -29.00000, gpuNum = -5.31885), average absDiff = 1.8e+01
maxRelDiff info: maxRelDiff = 8.2e-01 (valNum = 14.5000000000, gpuNum = 2.6594238281), average relDiff = 8.2e-01
RMS = 6.3e-01
Histogram of relDiff: 
        relDiff = 0     : 0/55836 (0.000000%)
     0 < relDiff < 1e-06: 0/55836 (0.000000%)
1e-06 < relDiff <= 1e-05: 0/55836 (0.000000%)
1e-05 < relDiff <= 1e-04: 0/55836 (0.000000%)
1e-04 < relDiff <= 1e-03: 0/55836 (0.000000%)
1e-03 < relDiff <= 1e-02: 0/55836 (0.000000%)
1e-02 < relDiff <= 1e-01: 0/55836 (0.000000%)
1e-01 < relDiff <= 1e+00: 55836/55836 (100.000000%)
1e+00 < relDiff < inf   : 0/55836 (0.000000%)
        relDiff = inf   : 0/55836 (0.000000%)
[0 1 0]

FAIL: Runner returned incorrect result
Config = GemmConfiguration(datatype='i8', out_dtype='i32', g=2, m=502, k=256, n=21, trans_a=False, trans_b=True, perfconfig='gemm:v1:16,32,32,2,1,4,16,1,3,8,1', scaled_gemm=False, scale_a_dtype=None, scale_b_dtype=None, trans_scale_a=False, trans_scale_b=False, arch='gfx950:sramecc+:xnack-', chip='gfx950', num_cu=256, num_chiplets=8)
Command line = -operation gemm -t i8 -out_datatype i32 --arch gfx950:sramecc+:xnack- --num_cu 256 --num_chiplets 8 -g 2 -m 502 -k 256 -n 21 -transA=False -transB=True --perf_config=gemm:v1:16,32,32,2,1,4,16,1,3,8,1 -pv
Output = Number of elements: 21084
Number of incorrect elements: 21084
maxAbsDiff: 386
Number of overflow elements: 0
[0 0 0]
FAIL: Runner returned incorrect result
Config = GemmConfiguration(datatype='bf16', out_dtype='bf16', g=1, m=426, k=195, n=17, trans_a=True, trans_b=False, perfconfig='gemm:v1:32,32,32,2,1,8,16,4,2,2,8', scaled_gemm=False, scale_a_dtype=None, scale_b_dtype=None, trans_scale_a=False, trans_scale_b=False, arch='gfx950:sramecc+:xnack-', chip='gfx950', num_cu=256, num_chiplets=8)
Command line = -operation gemm -t bf16 -out_datatype bf16 --arch gfx950:sramecc+:xnack- --num_cu 256 --num_chiplets 8 -g 1 -m 426 -k 195 -n 17 -transA=True -transB=False --perf_config=gemm:v1:32,32,32,2,1,8,16,4,2,2,8 -pv -RMS_threshold 1e-2
Output = Number of elements: 7242
maxAbsDiff info: maxAbsDiff = 5.875000 (valNum = -16.25000, gpuNum = -10.37500), average absDiff = 4.0e+00
maxRelDiff info: maxRelDiff = 3.6e-01 (valNum = 8.1250000000, gpuNum = 5.1875000000), average relDiff = 3.3e-01
RMS = 2.6e-01
Histogram of relDiff: 
        relDiff = 0     : 0/7242 (0.000000%)
     0 < relDiff < 1e-06: 0/7242 (0.000000%)
1e-06 < relDiff <= 1e-05: 0/7242 (0.000000%)
1e-05 < relDiff <= 1e-04: 0/7242 (0.000000%)
1e-04 < relDiff <= 1e-03: 0/7242 (0.000000%)
1e-03 < relDiff <= 1e-02: 0/7242 (0.000000%)
1e-02 < relDiff <= 1e-01: 0/7242 (0.000000%)
1e-01 < relDiff <= 1e+00: 7242/7242 (100.000000%)
1e+00 < relDiff < inf   : 0/7242 (0.000000%)
        relDiff = inf   : 0/7242 (0.000000%)
[0 1 1]

----------------------------------------------------------------------------------------------------
NOT_APPLICABLE: GemmConfiguration(datatype='f32', out_dtype='f32', g=1, m=97, k=339, n=28, trans_a=False, trans_b=False, perfconfig='gemm:v1:32,256,64,2,1,4,32,3,3,8,0', scaled_gemm=False, scale_a_dtype=None, scale_b_dtype=None, trans_scale_a=False, trans_scale_b=False, arch='gfx950:sramecc+:xnack-', chip='gfx950', num_cu=256, num_chiplets=8)
----------------------------------------------------------------------------------------------------
PASS: GemmConfiguration(datatype='f32', out_dtype='f32', g=1, m=372, k=378, n=64, trans_a=True, trans_b=False, perfconfig='gemm:v1:16,16,128,2,1,4,32,4,3,0,0', scaled_gemm=False, scale_a_dtype=None, scale_b_dtype=None, trans_scale_a=False, trans_scale_b=False, arch='gfx950:sramecc+:xnack-', chip='gfx950', num_cu=256, num_chiplets=8)
----------------------------------------------------------------------------------------------------
PASS: GemmConfiguration(datatype='f16', out_dtype='f16', g=1, m=202, k=109, n=502, trans_a=False, trans_b=True, perfconfig='gemm:v1:64,16,16,1,1,2,32,1,1,8,2', scaled_gemm=False, scale_a_dtype=None, scale_b_dtype=None, trans_scale_a=False, trans_scale_b=False, arch='gfx950:sramecc+:xnack-', chip='gfx950', num_cu=256, num_chiplets=8)
----------------------------------------------------------------------------------------------------
PASS: GemmConfiguration(datatype='fp8', out_dtype='f32', g=2, m=389, k=511, n=294, trans_a=True, trans_b=False, perfconfig='gemm:v1:32,32,16,1,1,8,0,1,1,0,2', scaled_gemm=False, scale_a_dtype=None, scale_b_dtype=None, trans_scale_a=False, trans_scale_b=False, arch='gfx950:sramecc+:xnack-', chip='gfx950', num_cu=256, num_chiplets=8)
----------------------------------------------------------------------------------------------------
PASS: GemmConfiguration(datatype='fp8', out_dtype='f32', g=1, m=508, k=231, n=339, trans_a=True, trans_b=True, perfconfig='gemm:v1:16,128,64,2,1,2,32,2,3,4,8', scaled_gemm=False, scale_a_dtype=None, scale_b_dtype=None, trans_scale_a=False, trans_scale_b=False, arch='gfx950:sramecc+:xnack-', chip='gfx950', num_cu=256, num_chiplets=8)
----------------------------------------------------------------------------------------------------
FAIL: GemmConfiguration(datatype='fp8', out_dtype='f32', g=1, m=13, k=219, n=94, trans_a=True, trans_b=True, perfconfig='gemm:v1:16,256,32,2,1,1,0,1,2,2,4', scaled_gemm=False, scale_a_dtype=None, scale_b_dtype=None, trans_scale_a=False, trans_scale_b=False, arch='gfx950:sramecc+:xnack-', chip='gfx950', num_cu=256, num_chiplets=8)
----------------------------------------------------------------------------------------------------
PASS: GemmConfiguration(datatype='f32', out_dtype='f32', g=1, m=388, k=295, n=402, trans_a=False, trans_b=False, perfconfig='gemm:v1:32,256,32,2,1,2,32,2,1,8,8', scaled_gemm=False, scale_a_dtype=None, scale_b_dtype=None, trans_scale_a=False, trans_scale_b=False, arch='gfx950:sramecc+:xnack-', chip='gfx950', num_cu=256, num_chiplets=8)
----------------------------------------------------------------------------------------------------
PASS: GemmConfiguration(datatype='bf16', out_dtype='bf16', g=1, m=457, k=39, n=417, trans_a=False, trans_b=True, perfconfig='gemm:v1:64,128,16,2,1,1,16,4,2,1,4', scaled_gemm=False, scale_a_dtype=None, scale_b_dtype=None, trans_scale_a=False, trans_scale_b=False, arch='gfx950:sramecc+:xnack-', chip='gfx950', num_cu=256, num_chiplets=8)
Lowering rejected config as not applicable
Command line = -operation gemm -t i8 -out_datatype i32 --arch gfx950:sramecc+:xnack- --num_cu 256 --num_chiplets 8 -g 2 -m 437 -k 478 -n 195 -transA=True -transB=False --perf_config=gemm:v1:256,16,16,2,1,8,0,4,2,0,1 -pv
Errors = loc("<stdin>":18:10): error: Fusion with SplitK perfConfig is not legal
Lowering not applicable.

----------------------------------------------------------------------------------------------------
NOT_APPLICABLE: GemmConfiguration(datatype='i8', out_dtype='i32', g=2, m=437, k=478, n=195, trans_a=True, trans_b=False, perfconfig='gemm:v1:256,16,16,2,1,8,0,4,2,0,1', scaled_gemm=False, scale_a_dtype=None, scale_b_dtype=None, trans_scale_a=False, trans_scale_b=False, arch='gfx950:sramecc+:xnack-', chip='gfx950', num_cu=256, num_chiplets=8)
----------------------------------------------------------------------------------------------------
FAIL: GemmConfiguration(datatype='fp8', out_dtype='f32', g=1, m=198, k=348, n=282, trans_a=True, trans_b=True, perfconfig='gemm:v1:32,32,32,2,1,2,16,1,1,0,4', scaled_gemm=False, scale_a_dtype=None, scale_b_dtype=None, trans_scale_a=False, trans_scale_b=False, arch='gfx950:sramecc+:xnack-', chip='gfx950', num_cu=256, num_chiplets=8)
----------------------------------------------------------------------------------------------------
PASS: GemmConfiguration(datatype='bf16', out_dtype='bf16', g=1, m=453, k=241, n=232, trans_a=False, trans_b=True, perfconfig='gemm:v1:32,32,16,1,1,16,16,3,2,4,2', scaled_gemm=False, scale_a_dtype=None, scale_b_dtype=None, trans_scale_a=False, trans_scale_b=False, arch='gfx950:sramecc+:xnack-', chip='gfx950', num_cu=256, num_chiplets=8)
----------------------------------------------------------------------------------------------------
FAIL: GemmConfiguration(datatype='i8', out_dtype='i32', g=2, m=502, k=256, n=21, trans_a=False, trans_b=True, perfconfig='gemm:v1:16,32,32,2,1,4,16,1,3,8,1', scaled_gemm=False, scale_a_dtype=None, scale_b_dtype=None, trans_scale_a=False, trans_scale_b=False, arch='gfx950:sramecc+:xnack-', chip='gfx950', num_cu=256, num_chiplets=8)
----------------------------------------------------------------------------------------------------
FAIL: GemmConfiguration(datatype='bf16', out_dtype='bf16', g=1, m=426, k=195, n=17, trans_a=True, trans_b=False, perfconfig='gemm:v1:32,32,32,2,1,8,16,4,2,2,8', scaled_gemm=False, scale_a_dtype=None, scale_b_dtype=None, trans_scale_a=False, trans_scale_b=False, arch='gfx950:sramecc+:xnack-', chip='gfx950', num_cu=256, num_chiplets=8)
----------------------------------------------------------------------------------------------------
PASS: GemmConfiguration(datatype='fp8', out_dtype='f32', g=1, m=284, k=333, n=197, trans_a=True, trans_b=False, perfconfig='gemm:v1:16,256,16,1,1,4,0,2,3,1,0', scaled_gemm=False, scale_a_dtype=None, scale_b_dtype=None, trans_scale_a=False, trans_scale_b=False, arch='gfx950:sramecc+:xnack-', chip='gfx950', num_cu=256, num_chiplets=8)
----------------------------------------------------------------------------------------------------
PASS: GemmConfiguration(datatype='f16', out_dtype='f16', g=2, m=244, k=167, n=348, trans_a=False, trans_b=False, perfconfig='gemm:v1:64,128,128,2,1,1,0,4,2,4,4', scaled_gemm=False, scale_a_dtype=None, scale_b_dtype=None, trans_scale_a=False, trans_scale_b=False, arch='gfx950:sramecc+:xnack-', chip='gfx950', num_cu=256, num_chiplets=8)
----------------------------------------------------------------------------------------------------
PASS: GemmConfiguration(datatype='fp8', out_dtype='f32', g=1, m=121, k=107, n=417, trans_a=False, trans_b=False, perfconfig='gemm:v1:128,128,128,1,1,1,32,3,3,8,8', scaled_gemm=False, scale_a_dtype=None, scale_b_dtype=None, trans_scale_a=False, trans_scale_b=False, arch='gfx950:sramecc+:xnack-', chip='gfx950', num_cu=256, num_chiplets=8)
Lowering rejected config as not applicable
Command line = -operation gemm -t i8 -out_datatype i32 --arch gfx950:sramecc+:xnack- --num_cu 256 --num_chiplets 8 -g 1 -m 179 -k 310 -n 412 -transA=True -transB=False --perf_config=gemm:v1:64,128,16,1,1,16,0,4,1,4,2 -pv
Errors = loc("<stdin>":18:10): error: Fusion with SplitK perfConfig is not legal
Lowering not applicable.

----------------------------------------------------------------------------------------------------
NOT_APPLICABLE: GemmConfiguration(datatype='i8', out_dtype='i32', g=1, m=179, k=310, n=412, trans_a=True, trans_b=False, perfconfig='gemm:v1:64,128,16,1,1,16,0,4,1,4,2', scaled_gemm=False, scale_a_dtype=None, scale_b_dtype=None, trans_scale_a=False, trans_scale_b=False, arch='gfx950:sramecc+:xnack-', chip='gfx950', num_cu=256, num_chiplets=8)
FAIL: Runner returned incorrect result
Config = GemmConfiguration(datatype='i8', out_dtype='i32', g=1, m=174, k=57, n=68, trans_a=True, trans_b=False, perfconfig='gemm:v1:128,64,16,2,1,1,0,1,2,2,1', scaled_gemm=False, scale_a_dtype=None, scale_b_dtype=None, trans_scale_a=False, trans_scale_b=False, arch='gfx950:sramecc+:xnack-', chip='gfx950', num_cu=256, num_chiplets=8)
Command line = -operation gemm -t i8 -out_datatype i32 --arch gfx950:sramecc+:xnack- --num_cu 256 --num_chiplets 8 -g 1 -m 174 -k 57 -n 68 -transA=True -transB=False --perf_config=gemm:v1:128,64,16,2,1,1,0,1,2,2,1 -pv
Output = Number of elements: 11832
Number of incorrect elements: 11832
maxAbsDiff: 47
Number of overflow elements: 0
[0 0 0]
FAIL: Runner returned incorrect result
Config = GemmConfiguration(datatype='fp8', out_dtype='f32', g=2, m=110, k=252, n=54, trans_a=True, trans_b=True, perfconfig='gemm:v1:32,64,32,2,1,2,16,1,2,1,8', scaled_gemm=False, scale_a_dtype=None, scale_b_dtype=None, trans_scale_a=False, trans_scale_b=False, arch='gfx950:sramecc+:xnack-', chip='gfx950', num_cu=256, num_chiplets=8)
Command line = -operation gemm -t fp8 -out_datatype f32 --arch gfx950:sramecc+:xnack- --num_cu 256 --num_chiplets 8 -g 2 -m 110 -k 252 -n 54 -transA=True -transB=True --perf_config=gemm:v1:32,64,32,2,1,2,16,1,2,1,8 -pv -relDiff_threshold 1e-5
Output = Number of elements: 11880
maxAbsDiff info: maxAbsDiff = 112.235352 (valNum = 147.00000, gpuNum = 34.76465), average absDiff = 7.3e+01
maxRelDiff info: maxRelDiff = 7.8e-01 (valNum = -36.7500000000, gpuNum = -8.2597656250), average relDiff = 7.7e-01
RMS = 5.5e-01
Histogram of relDiff: 
        relDiff = 0     : 0/11880 (0.000000%)
     0 < relDiff < 1e-06: 0/11880 (0.000000%)
1e-06 < relDiff <= 1e-05: 0/11880 (0.000000%)
1e-05 < relDiff <= 1e-04: 0/11880 (0.000000%)
1e-04 < relDiff <= 1e-03: 0/11880 (0.000000%)
1e-03 < relDiff <= 1e-02: 0/11880 (0.000000%)
1e-02 < relDiff <= 1e-01: 0/11880 (0.000000%)
1e-01 < relDiff <= 1e+00: 11880/11880 (100.000000%)
1e+00 < relDiff < inf   : 0/11880 (0.000000%)
        relDiff = inf   : 0/11880 (0.000000%)
[0 0 0]

FAIL: Runner returned incorrect result
Config = GemmConfiguration(datatype='fp8', out_dtype='f32', g=2, m=300, k=430, n=143, trans_a=True, trans_b=False, perfconfig='gemm:v1:16,128,32,2,1,16,16,4,1,8,1', scaled_gemm=False, scale_a_dtype=None, scale_b_dtype=None, trans_scale_a=False, trans_scale_b=False, arch='gfx950:sramecc+:xnack-', chip='gfx950', num_cu=256, num_chiplets=8)
Command line = -operation gemm -t fp8 -out_datatype f32 --arch gfx950:sramecc+:xnack- --num_cu 256 --num_chiplets 8 -g 2 -m 300 -k 430 -n 143 -transA=True -transB=False --perf_config=gemm:v1:16,128,32,2,1,16,16,4,1,8,1 -pv -relDiff_threshold 1e-5
Output = Number of elements: 85800
maxAbsDiff info: maxAbsDiff = 23.625000 (valNum = -36.25000, gpuNum = -12.62500), average absDiff = 1.7e+01
maxRelDiff info: maxRelDiff = 6.5e-01 (valNum = 18.1250000000, gpuNum = 6.3125000000), average relDiff = 6.3e-01
RMS = 4.8e-01
Histogram of relDiff: 
        relDiff = 0     : 0/85800 (0.000000%)
     0 < relDiff < 1e-06: 0/85800 (0.000000%)
1e-06 < relDiff <= 1e-05: 0/85800 (0.000000%)
1e-05 < relDiff <= 1e-04: 0/85800 (0.000000%)
1e-04 < relDiff <= 1e-03: 0/85800 (0.000000%)
1e-03 < relDiff <= 1e-02: 0/85800 (0.000000%)
1e-02 < relDiff <= 1e-01: 0/85800 (0.000000%)
1e-01 < relDiff <= 1e+00: 85800/85800 (100.000000%)
1e+00 < relDiff < inf   : 0/85800 (0.000000%)
        relDiff = inf   : 0/85800 (0.000000%)
[0 1 0]

----------------------------------------------------------------------------------------------------
PASS: GemmConfiguration(datatype='f32', out_dtype='f32', g=1, m=106, k=101, n=70, trans_a=True, trans_b=True, perfconfig='gemm:v1:128,16,16,1,1,8,0,3,2,0,0', scaled_gemm=False, scale_a_dtype=None, scale_b_dtype=None, trans_scale_a=False, trans_scale_b=False, arch='gfx950:sramecc+:xnack-', chip='gfx950', num_cu=256, num_chiplets=8)
----------------------------------------------------------------------------------------------------
PASS: GemmConfiguration(datatype='bf16', out_dtype='bf16', g=2, m=210, k=165, n=162, trans_a=False, trans_b=True, perfconfig='gemm:v1:32,32,16,1,1,8,32,1,2,8,4', scaled_gemm=False, scale_a_dtype=None, scale_b_dtype=None, trans_scale_a=False, trans_scale_b=False, arch='gfx950:sramecc+:xnack-', chip='gfx950', num_cu=256, num_chiplets=8)
----------------------------------------------------------------------------------------------------
PASS: GemmConfiguration(datatype='bf16', out_dtype='bf16', g=2, m=249, k=74, n=134, trans_a=False, trans_b=False, perfconfig='gemm:v1:128,16,128,2,1,8,16,4,2,2,4', scaled_gemm=False, scale_a_dtype=None, scale_b_dtype=None, trans_scale_a=False, trans_scale_b=False, arch='gfx950:sramecc+:xnack-', chip='gfx950', num_cu=256, num_chiplets=8)
----------------------------------------------------------------------------------------------------
PASS: GemmConfiguration(datatype='bf16', out_dtype='bf16', g=2, m=444, k=401, n=324, trans_a=True, trans_b=True, perfconfig='gemm:v1:32,16,32,1,1,2,32,4,2,4,8', scaled_gemm=False, scale_a_dtype=None, scale_b_dtype=None, trans_scale_a=False, trans_scale_b=False, arch='gfx950:sramecc+:xnack-', chip='gfx950', num_cu=256, num_chiplets=8)
----------------------------------------------------------------------------------------------------
PASS: GemmConfiguration(datatype='fp8', out_dtype='f32', g=2, m=393, k=15, n=286, trans_a=False, trans_b=True, perfconfig='gemm:v1:32,256,128,1,1,16,32,3,2,0,4', scaled_gemm=False, scale_a_dtype=None, scale_b_dtype=None, trans_scale_a=False, trans_scale_b=False, arch='gfx950:sramecc+:xnack-', chip='gfx950', num_cu=256, num_chiplets=8)
----------------------------------------------------------------------------------------------------
PASS: GemmConfiguration(datatype='bf16', out_dtype='bf16', g=2, m=401, k=421, n=444, trans_a=False, trans_b=False, perfconfig='gemm:v1:128,128,128,2,1,16,32,3,2,8,8', scaled_gemm=False, scale_a_dtype=None, scale_b_dtype=None, trans_scale_a=False, trans_scale_b=False, arch='gfx950:sramecc+:xnack-', chip='gfx950', num_cu=256, num_chiplets=8)
----------------------------------------------------------------------------------------------------
FAIL: GemmConfiguration(datatype='i8', out_dtype='i32', g=1, m=174, k=57, n=68, trans_a=True, trans_b=False, perfconfig='gemm:v1:128,64,16,2,1,1,0,1,2,2,1', scaled_gemm=False, scale_a_dtype=None, scale_b_dtype=None, trans_scale_a=False, trans_scale_b=False, arch='gfx950:sramecc+:xnack-', chip='gfx950', num_cu=256, num_chiplets=8)
Lowering rejected config as not applicable
Command line = -operation gemm -t i8 -out_datatype i32 --arch gfx950:sramecc+:xnack- --num_cu 256 --num_chiplets 8 -g 1 -m 357 -k 121 -n 468 -transA=True -transB=True --perf_config=gemm:v1:128,16,32,2,1,16,16,3,3,1,0 -pv
Errors = loc("<stdin>":18:10): error: Fusion with SplitK perfConfig is not legal
Lowering not applicable.

----------------------------------------------------------------------------------------------------
NOT_APPLICABLE: GemmConfiguration(datatype='i8', out_dtype='i32', g=1, m=357, k=121, n=468, trans_a=True, trans_b=True, perfconfig='gemm:v1:128,16,32,2,1,16,16,3,3,1,0', scaled_gemm=False, scale_a_dtype=None, scale_b_dtype=None, trans_scale_a=False, trans_scale_b=False, arch='gfx950:sramecc+:xnack-', chip='gfx950', num_cu=256, num_chiplets=8)
----------------------------------------------------------------------------------------------------
PASS: GemmConfiguration(datatype='i8', out_dtype='i32', g=1, m=421, k=110, n=223, trans_a=True, trans_b=True, perfconfig='gemm:v1:16,32,16,2,1,1,0,1,1,8,0', scaled_gemm=False, scale_a_dtype=None, scale_b_dtype=None, trans_scale_a=False, trans_scale_b=False, arch='gfx950:sramecc+:xnack-', chip='gfx950', num_cu=256, num_chiplets=8)
----------------------------------------------------------------------------------------------------
PASS: GemmConfiguration(datatype='bf16', out_dtype='bf16', g=1, m=61, k=61, n=214, trans_a=True, trans_b=True, perfconfig='gemm:v1:128,16,64,2,1,16,16,1,2,0,0', scaled_gemm=False, scale_a_dtype=None, scale_b_dtype=None, trans_scale_a=False, trans_scale_b=False, arch='gfx950:sramecc+:xnack-', chip='gfx950', num_cu=256, num_chiplets=8)
----------------------------------------------------------------------------------------------------
PASS: GemmConfiguration(datatype='f16', out_dtype='f16', g=1, m=412, k=510, n=247, trans_a=True, trans_b=True, perfconfig='gemm:v1:32,16,128,2,1,4,32,2,1,8,1', scaled_gemm=False, scale_a_dtype=None, scale_b_dtype=None, trans_scale_a=False, trans_scale_b=False, arch='gfx950:sramecc+:xnack-', chip='gfx950', num_cu=256, num_chiplets=8)
----------------------------------------------------------------------------------------------------
PASS: GemmConfiguration(datatype='f32', out_dtype='f32', g=1, m=112, k=135, n=52, trans_a=False, trans_b=False, perfconfig='gemm:v1:128,16,64,2,1,2,16,4,3,8,0', scaled_gemm=False, scale_a_dtype=None, scale_b_dtype=None, trans_scale_a=False, trans_scale_b=False, arch='gfx950:sramecc+:xnack-', chip='gfx950', num_cu=256, num_chiplets=8)
----------------------------------------------------------------------------------------------------
PASS: GemmConfiguration(datatype='f32', out_dtype='f32', g=1, m=419, k=440, n=36, trans_a=False, trans_b=True, perfconfig='gemm:v1:64,16,32,2,1,1,0,1,3,1,8', scaled_gemm=False, scale_a_dtype=None, scale_b_dtype=None, trans_scale_a=False, trans_scale_b=False, arch='gfx950:sramecc+:xnack-', chip='gfx950', num_cu=256, num_chiplets=8)
----------------------------------------------------------------------------------------------------
PASS: GemmConfiguration(datatype='fp8', out_dtype='f32', g=1, m=436, k=348, n=371, trans_a=True, trans_b=False, perfconfig='gemm:v1:128,32,128,1,1,1,16,4,2,4,4', scaled_gemm=False, scale_a_dtype=None, scale_b_dtype=None, trans_scale_a=False, trans_scale_b=False, arch='gfx950:sramecc+:xnack-', chip='gfx950', num_cu=256, num_chiplets=8)
----------------------------------------------------------------------------------------------------
FAIL: GemmConfiguration(datatype='fp8', out_dtype='f32', g=2, m=110, k=252, n=54, trans_a=True, trans_b=True, perfconfig='gemm:v1:32,64,32,2,1,2,16,1,2,1,8', scaled_gemm=False, scale_a_dtype=None, scale_b_dtype=None, trans_scale_a=False, trans_scale_b=False, arch='gfx950:sramecc+:xnack-', chip='gfx950', num_cu=256, num_chiplets=8)
Lowering rejected config as not applicable
Command line = -operation gemm -t i8 -out_datatype i32 --arch gfx950:sramecc+:xnack- --num_cu 256 --num_chiplets 8 -g 2 -m 44 -k 66 -n 321 -transA=False -transB=False --perf_config=gemm:v1:256,256,16,2,1,8,0,3,2,8,2 -pv
Errors = loc("<stdin>":18:10): error: Fusion with SplitK perfConfig is not legal
Lowering not applicable.

----------------------------------------------------------------------------------------------------
NOT_APPLICABLE: GemmConfiguration(datatype='i8', out_dtype='i32', g=2, m=44, k=66, n=321, trans_a=False, trans_b=False, perfconfig='gemm:v1:256,256,16,2,1,8,0,3,2,8,2', scaled_gemm=False, scale_a_dtype=None, scale_b_dtype=None, trans_scale_a=False, trans_scale_b=False, arch='gfx950:sramecc+:xnack-', chip='gfx950', num_cu=256, num_chiplets=8)
----------------------------------------------------------------------------------------------------
FAIL: GemmConfiguration(datatype='fp8', out_dtype='f32', g=2, m=300, k=430, n=143, trans_a=True, trans_b=False, perfconfig='gemm:v1:16,128,32,2,1,16,16,4,1,8,1', scaled_gemm=False, scale_a_dtype=None, scale_b_dtype=None, trans_scale_a=False, trans_scale_b=False, arch='gfx950:sramecc+:xnack-', chip='gfx950', num_cu=256, num_chiplets=8)
----------------------------------------------------------------------------------------------------
PASS: GemmConfiguration(datatype='fp8', out_dtype='f32', g=2, m=296, k=265, n=155, trans_a=True, trans_b=False, perfconfig='gemm:v1:16,16,128,2,1,2,16,2,1,8,1', scaled_gemm=False, scale_a_dtype=None, scale_b_dtype=None, trans_scale_a=False, trans_scale_b=False, arch='gfx950:sramecc+:xnack-', chip='gfx950', num_cu=256, num_chiplets=8)
----------------------------------------------------------------------------------------------------
PASS: GemmConfiguration(datatype='f16', out_dtype='f16', g=2, m=222, k=94, n=387, trans_a=False, trans_b=True, perfconfig='gemm:v1:128,64,32,1,1,16,32,3,3,8,1', scaled_gemm=False, scale_a_dtype=None, scale_b_dtype=None, trans_scale_a=False, trans_scale_b=False, arch='gfx950:sramecc+:xnack-', chip='gfx950', num_cu=256, num_chiplets=8)
----------------------------------------------------------------------------------------------------
PASS: GemmConfiguration(datatype='f16', out_dtype='f16', g=1, m=490, k=204, n=397, trans_a=True, trans_b=True, perfconfig='gemm:v1:256,16,128,1,1,4,32,2,1,1,8', scaled_gemm=False, scale_a_dtype=None, scale_b_dtype=None, trans_scale_a=False, trans_scale_b=False, arch='gfx950:sramecc+:xnack-', chip='gfx950', num_cu=256, num_chiplets=8)
----------------------------------------------------------------------------------------------------
PASS: GemmConfiguration(datatype='f16', out_dtype='f16', g=1, m=344, k=434, n=17, trans_a=True, trans_b=False, perfconfig='gemm:v1:128,16,128,1,1,4,32,3,3,8,1', scaled_gemm=False, scale_a_dtype=None, scale_b_dtype=None, trans_scale_a=False, trans_scale_b=False, arch='gfx950:sramecc+:xnack-', chip='gfx950', num_cu=256, num_chiplets=8)
----------------------------------------------------------------------------------------------------
PASS: GemmConfiguration(datatype='fp8', out_dtype='f32', g=2, m=196, k=181, n=415, trans_a=True, trans_b=False, perfconfig='gemm:v1:128,128,16,1,1,2,32,1,2,4,4', scaled_gemm=False, scale_a_dtype=None, scale_b_dtype=None, trans_scale_a=False, trans_scale_b=False, arch='gfx950:sramecc+:xnack-', chip='gfx950', num_cu=256, num_chiplets=8)
----------------------------------------------------------------------------------------------------
PASS: GemmConfiguration(datatype='f32', out_dtype='f32', g=2, m=507, k=61, n=511, trans_a=False, trans_b=False, perfconfig='gemm:v1:128,32,128,1,1,2,32,4,3,2,0', scaled_gemm=False, scale_a_dtype=None, scale_b_dtype=None, trans_scale_a=False, trans_scale_b=False, arch='gfx950:sramecc+:xnack-', chip='gfx950', num_cu=256, num_chiplets=8)
Lowering rejected config as not applicable
Command line = -operation gemm -t i8 -out_datatype i32 --arch gfx950:sramecc+:xnack- --num_cu 256 --num_chiplets 8 -g 2 -m 24 -k 54 -n 114 -transA=False -transB=False --perf_config=gemm:v1:64,256,64,2,1,1,0,4,2,0,2 -pv
Errors = loc("<stdin>":18:10): error: Fusion with SplitK perfConfig is not legal
Lowering not applicable.

----------------------------------------------------------------------------------------------------
NOT_APPLICABLE: GemmConfiguration(datatype='i8', out_dtype='i32', g=2, m=24, k=54, n=114, trans_a=False, trans_b=False, perfconfig='gemm:v1:64,256,64,2,1,1,0,4,2,0,2', scaled_gemm=False, scale_a_dtype=None, scale_b_dtype=None, trans_scale_a=False, trans_scale_b=False, arch='gfx950:sramecc+:xnack-', chip='gfx950', num_cu=256, num_chiplets=8)
Lowering rejected config as not applicable
Command line = -operation gemm -t i8 -out_datatype i32 --arch gfx950:sramecc+:xnack- --num_cu 256 --num_chiplets 8 -g 2 -m 412 -k 113 -n 242 -transA=True -transB=False --perf_config=gemm:v1:256,128,32,1,1,16,16,2,3,8,2 -pv
Errors = loc("<stdin>":18:10): error: Fusion with SplitK perfConfig is not legal
Lowering not applicable.

----------------------------------------------------------------------------------------------------
NOT_APPLICABLE: GemmConfiguration(datatype='i8', out_dtype='i32', g=2, m=412, k=113, n=242, trans_a=True, trans_b=False, perfconfig='gemm:v1:256,128,32,1,1,16,16,2,3,8,2', scaled_gemm=False, scale_a_dtype=None, scale_b_dtype=None, trans_scale_a=False, trans_scale_b=False, arch='gfx950:sramecc+:xnack-', chip='gfx950', num_cu=256, num_chiplets=8)
----------------------------------------------------------------------------------------------------
PASS: GemmConfiguration(datatype='f16', out_dtype='f16', g=1, m=183, k=12, n=99, trans_a=True, trans_b=True, perfconfig='gemm:v1:16,16,16,2,1,4,0,1,2,2,0', scaled_gemm=False, scale_a_dtype=None, scale_b_dtype=None, trans_scale_a=False, trans_scale_b=False, arch='gfx950:sramecc+:xnack-', chip='gfx950', num_cu=256, num_chiplets=8)
----------------------------------------------------------------------------------------------------
PASS: GemmConfiguration(datatype='f16', out_dtype='f16', g=1, m=393, k=167, n=48, trans_a=False, trans_b=True, perfconfig='gemm:v1:32,32,128,1,1,4,0,3,2,0,0', scaled_gemm=False, scale_a_dtype=None, scale_b_dtype=None, trans_scale_a=False, trans_scale_b=False, arch='gfx950:sramecc+:xnack-', chip='gfx950', num_cu=256, num_chiplets=8)
----------------------------------------------------------------------------------------------------
PASS: GemmConfiguration(datatype='f32', out_dtype='f32', g=2, m=469, k=429, n=268, trans_a=True, trans_b=False, perfconfig='gemm:v1:32,64,64,1,1,8,0,1,2,0,2', scaled_gemm=False, scale_a_dtype=None, scale_b_dtype=None, trans_scale_a=False, trans_scale_b=False, arch='gfx950:sramecc+:xnack-', chip='gfx950', num_cu=256, num_chiplets=8)
----------------------------------------------------------------------------------------------------
PASS: GemmConfiguration(datatype='f16', out_dtype='f16', g=2, m=358, k=62, n=371, trans_a=False, trans_b=False, perfconfig='gemm:v1:256,256,16,1,1,16,0,3,3,4,1', scaled_gemm=False, scale_a_dtype=None, scale_b_dtype=None, trans_scale_a=False, trans_scale_b=False, arch='gfx950:sramecc+:xnack-', chip='gfx950', num_cu=256, num_chiplets=8)
----------------------------------------------------------------------------------------------------
PASS: GemmConfiguration(datatype='f32', out_dtype='f32', g=1, m=131, k=489, n=23, trans_a=True, trans_b=True, perfconfig='gemm:v1:16,256,64,1,1,16,32,2,2,0,2', scaled_gemm=False, scale_a_dtype=None, scale_b_dtype=None, trans_scale_a=False, trans_scale_b=False, arch='gfx950:sramecc+:xnack-', chip='gfx950', num_cu=256, num_chiplets=8)
----------------------------------------------------------------------------------------------------
PASS: GemmConfiguration(datatype='f16', out_dtype='f16', g=1, m=312, k=460, n=72, trans_a=False, trans_b=True, perfconfig='gemm:v1:256,16,128,1,1,1,0,4,3,1,2', scaled_gemm=False, scale_a_dtype=None, scale_b_dtype=None, trans_scale_a=False, trans_scale_b=False, arch='gfx950:sramecc+:xnack-', chip='gfx950', num_cu=256, num_chiplets=8)
----------------------------------------------------------------------------------------------------
PASS: GemmConfiguration(datatype='f32', out_dtype='f32', g=1, m=393, k=145, n=51, trans_a=True, trans_b=False, perfconfig='gemm:v1:16,16,32,2,1,4,32,1,2,1,2', scaled_gemm=False, scale_a_dtype=None, scale_b_dtype=None, trans_scale_a=False, trans_scale_b=False, arch='gfx950:sramecc+:xnack-', chip='gfx950', num_cu=256, num_chiplets=8)
----------------------------------------------------------------------------------------------------
PASS: GemmConfiguration(datatype='f32', out_dtype='f32', g=2, m=113, k=415, n=371, trans_a=True, trans_b=False, perfconfig='gemm:v1:128,64,16,2,1,2,32,1,1,4,2', scaled_gemm=False, scale_a_dtype=None, scale_b_dtype=None, trans_scale_a=False, trans_scale_b=False, arch='gfx950:sramecc+:xnack-', chip='gfx950', num_cu=256, num_chiplets=8)
----------------------------------------------------------------------------------------------------
PASS: GemmConfiguration(datatype='f32', out_dtype='f32', g=1, m=140, k=241, n=280, trans_a=True, trans_b=False, perfconfig='gemm:v1:32,64,64,1,1,1,0,4,2,4,4', scaled_gemm=False, scale_a_dtype=None, scale_b_dtype=None, trans_scale_a=False, trans_scale_b=False, arch='gfx950:sramecc+:xnack-', chip='gfx950', num_cu=256, num_chiplets=8)
FAIL: Runner returned incorrect result
Config = GemmConfiguration(datatype='fp8', out_dtype='f32', g=2, m=102, k=214, n=105, trans_a=True, trans_b=True, perfconfig='gemm:v1:64,64,16,2,1,1,32,4,3,1,1', scaled_gemm=False, scale_a_dtype=None, scale_b_dtype=None, trans_scale_a=False, trans_scale_b=False, arch='gfx950:sramecc+:xnack-', chip='gfx950', num_cu=256, num_chiplets=8)
Command line = -operation gemm -t fp8 -out_datatype f32 --arch gfx950:sramecc+:xnack- --num_cu 256 --num_chiplets 8 -g 2 -m 102 -k 214 -n 105 -transA=True -transB=True --perf_config=gemm:v1:64,64,16,2,1,1,32,4,3,1,1 -pv -relDiff_threshold 1e-5
Output = Number of elements: 21420
maxAbsDiff info: maxAbsDiff = 12.750000 (valNum = -18.50000, gpuNum = -5.75000), average absDiff = 8.5e+00
maxRelDiff info: maxRelDiff = 6.9e-01 (valNum = 9.2500000000, gpuNum = 2.8750000000), average relDiff = 6.3e-01
RMS = 4.8e-01
Histogram of relDiff: 
        relDiff = 0     : 0/21420 (0.000000%)
     0 < relDiff < 1e-06: 0/21420 (0.000000%)
1e-06 < relDiff <= 1e-05: 0/21420 (0.000000%)
1e-05 < relDiff <= 1e-04: 0/21420 (0.000000%)
1e-04 < relDiff <= 1e-03: 0/21420 (0.000000%)
1e-03 < relDiff <= 1e-02: 0/21420 (0.000000%)
1e-02 < relDiff <= 1e-01: 0/21420 (0.000000%)
1e-01 < relDiff <= 1e+00: 21420/21420 (100.000000%)
1e+00 < relDiff < inf   : 0/21420 (0.000000%)
        relDiff = inf   : 0/21420 (0.000000%)
[0 1 0]

----------------------------------------------------------------------------------------------------
PASS: GemmConfiguration(datatype='f32', out_dtype='f32', g=2, m=441, k=302, n=460, trans_a=True, trans_b=False, perfconfig='gemm:v1:32,128,32,2,1,16,16,1,2,2,8', scaled_gemm=False, scale_a_dtype=None, scale_b_dtype=None, trans_scale_a=False, trans_scale_b=False, arch='gfx950:sramecc+:xnack-', chip='gfx950', num_cu=256, num_chiplets=8)
----------------------------------------------------------------------------------------------------
PASS: GemmConfiguration(datatype='f16', out_dtype='f16', g=2, m=339, k=414, n=237, trans_a=False, trans_b=True, perfconfig='gemm:v1:64,64,32,2,1,16,32,1,2,0,2', scaled_gemm=False, scale_a_dtype=None, scale_b_dtype=None, trans_scale_a=False, trans_scale_b=False, arch='gfx950:sramecc+:xnack-', chip='gfx950', num_cu=256, num_chiplets=8)
----------------------------------------------------------------------------------------------------
FAIL: GemmConfiguration(datatype='fp8', out_dtype='f32', g=2, m=102, k=214, n=105, trans_a=True, trans_b=True, perfconfig='gemm:v1:64,64,16,2,1,1,32,4,3,1,1', scaled_gemm=False, scale_a_dtype=None, scale_b_dtype=None, trans_scale_a=False, trans_scale_b=False, arch='gfx950:sramecc+:xnack-', chip='gfx950', num_cu=256, num_chiplets=8)
----------------------------------------------------------------------------------------------------
PASS: GemmConfiguration(datatype='f32', out_dtype='f32', g=1, m=480, k=340, n=76, trans_a=True, trans_b=True, perfconfig='gemm:v1:32,256,16,2,1,16,0,3,2,2,2', scaled_gemm=False, scale_a_dtype=None, scale_b_dtype=None, trans_scale_a=False, trans_scale_b=False, arch='gfx950:sramecc+:xnack-', chip='gfx950', num_cu=256, num_chiplets=8)
----------------------------------------------------------------------------------------------------
PASS: GemmConfiguration(datatype='f16', out_dtype='f16', g=2, m=76, k=253, n=75, trans_a=False, trans_b=True, perfconfig='gemm:v1:64,256,128,1,1,4,16,2,1,0,8', scaled_gemm=False, scale_a_dtype=None, scale_b_dtype=None, trans_scale_a=False, trans_scale_b=False, arch='gfx950:sramecc+:xnack-', chip='gfx950', num_cu=256, num_chiplets=8)
Lowering rejected config as not applicable
Command line = -operation gemm -t f32 -out_datatype f32 --arch gfx950:sramecc+:xnack- --num_cu 256 --num_chiplets 8 -g 1 -m 294 -k 144 -n 329 -transA=True -transB=True --perf_config=gemm:v1:256,32,128,1,1,16,32,1,2,2,1 -pv
Errors = loc("<stdin>":11:1): error: ttg.shared (294912) exceeds LDS limit (163840) for amdgcn-amd-amdhsa:gfx950:sramecc+:xnack-
Lowering not applicable.

----------------------------------------------------------------------------------------------------
NOT_APPLICABLE: GemmConfiguration(datatype='f32', out_dtype='f32', g=1, m=294, k=144, n=329, trans_a=True, trans_b=True, perfconfig='gemm:v1:256,32,128,1,1,16,32,1,2,2,1', scaled_gemm=False, scale_a_dtype=None, scale_b_dtype=None, trans_scale_a=False, trans_scale_b=False, arch='gfx950:sramecc+:xnack-', chip='gfx950', num_cu=256, num_chiplets=8)
----------------------------------------------------------------------------------------------------
PASS: GemmConfiguration(datatype='fp8', out_dtype='f32', g=1, m=436, k=334, n=245, trans_a=False, trans_b=False, perfconfig='gemm:v1:64,16,64,1,1,8,32,3,3,2,0', scaled_gemm=False, scale_a_dtype=None, scale_b_dtype=None, trans_scale_a=False, trans_scale_b=False, arch='gfx950:sramecc+:xnack-', chip='gfx950', num_cu=256, num_chiplets=8)
----------------------------------------------------------------------------------------------------
PASS: GemmConfiguration(datatype='f32', out_dtype='f32', g=1, m=376, k=385, n=468, trans_a=True, trans_b=False, perfconfig='gemm:v1:32,32,16,1,1,2,16,4,1,4,2', scaled_gemm=False, scale_a_dtype=None, scale_b_dtype=None, trans_scale_a=False, trans_scale_b=False, arch='gfx950:sramecc+:xnack-', chip='gfx950', num_cu=256, num_chiplets=8)
----------------------------------------------------------------------------------------------------
PASS: GemmConfiguration(datatype='i8', out_dtype='i32', g=2, m=226, k=164, n=314, trans_a=True, trans_b=False, perfconfig='gemm:v1:256,64,64,2,1,8,0,1,2,4,8', scaled_gemm=False, scale_a_dtype=None, scale_b_dtype=None, trans_scale_a=False, trans_scale_b=False, arch='gfx950:sramecc+:xnack-', chip='gfx950', num_cu=256, num_chiplets=8)
----------------------------------------------------------------------------------------------------
PASS: GemmConfiguration(datatype='bf16', out_dtype='bf16', g=1, m=363, k=78, n=85, trans_a=True, trans_b=True, perfconfig='gemm:v1:16,128,32,1,1,2,0,3,1,4,8', scaled_gemm=False, scale_a_dtype=None, scale_b_dtype=None, trans_scale_a=False, trans_scale_b=False, arch='gfx950:sramecc+:xnack-', chip='gfx950', num_cu=256, num_chiplets=8)
----------------------------------------------------------------------------------------------------
PASS: GemmConfiguration(datatype='f16', out_dtype='f16', g=2, m=393, k=462, n=250, trans_a=True, trans_b=True, perfconfig='gemm:v1:128,128,64,2,1,8,32,4,2,0,8', scaled_gemm=False, scale_a_dtype=None, scale_b_dtype=None, trans_scale_a=False, trans_scale_b=False, arch='gfx950:sramecc+:xnack-', chip='gfx950', num_cu=256, num_chiplets=8)
----------------------------------------------------------------------------------------------------
PASS: GemmConfiguration(datatype='fp8', out_dtype='f32', g=1, m=488, k=412, n=257, trans_a=False, trans_b=True, perfconfig='gemm:v1:64,256,32,1,1,2,32,4,2,8,2', scaled_gemm=False, scale_a_dtype=None, scale_b_dtype=None, trans_scale_a=False, trans_scale_b=False, arch='gfx950:sramecc+:xnack-', chip='gfx950', num_cu=256, num_chiplets=8)
----------------------------------------------------------------------------------------------------
PASS: GemmConfiguration(datatype='f32', out_dtype='f32', g=2, m=390, k=110, n=341, trans_a=True, trans_b=True, perfconfig='gemm:v1:64,64,128,1,1,1,16,2,3,4,8', scaled_gemm=False, scale_a_dtype=None, scale_b_dtype=None, trans_scale_a=False, trans_scale_b=False, arch='gfx950:sramecc+:xnack-', chip='gfx950', num_cu=256, num_chiplets=8)
Lowering rejected config as not applicable
Command line = -operation gemm -t i8 -out_datatype i32 --arch gfx950:sramecc+:xnack- --num_cu 256 --num_chiplets 8 -g 2 -m 268 -k 120 -n 217 -transA=True -transB=True --perf_config=gemm:v1:64,128,16,1,1,2,0,2,1,8,0 -pv
Errors = loc("<stdin>":18:10): error: Fusion with SplitK perfConfig is not legal
Lowering not applicable.

----------------------------------------------------------------------------------------------------
NOT_APPLICABLE: GemmConfiguration(datatype='i8', out_dtype='i32', g=2, m=268, k=120, n=217, trans_a=True, trans_b=True, perfconfig='gemm:v1:64,128,16,1,1,2,0,2,1,8,0', scaled_gemm=False, scale_a_dtype=None, scale_b_dtype=None, trans_scale_a=False, trans_scale_b=False, arch='gfx950:sramecc+:xnack-', chip='gfx950', num_cu=256, num_chiplets=8)
----------------------------------------------------------------------------------------------------
PASS: GemmConfiguration(datatype='f16', out_dtype='f16', g=1, m=168, k=184, n=452, trans_a=False, trans_b=False, perfconfig='gemm:v1:32,32,128,2,1,16,32,2,3,4,2', scaled_gemm=False, scale_a_dtype=None, scale_b_dtype=None, trans_scale_a=False, trans_scale_b=False, arch='gfx950:sramecc+:xnack-', chip='gfx950', num_cu=256, num_chiplets=8)
----------------------------------------------------------------------------------------------------
PASS: GemmConfiguration(datatype='fp8', out_dtype='f32', g=2, m=88, k=89, n=117, trans_a=True, trans_b=False, perfconfig='gemm:v1:128,64,64,2,1,8,32,2,2,0,2', scaled_gemm=False, scale_a_dtype=None, scale_b_dtype=None, trans_scale_a=False, trans_scale_b=False, arch='gfx950:sramecc+:xnack-', chip='gfx950', num_cu=256, num_chiplets=8)
FAIL: Runner returned incorrect result
Config = GemmConfiguration(datatype='f16', out_dtype='f16', g=2, m=103, k=225, n=79, trans_a=False, trans_b=True, perfconfig='gemm:v1:256,16,32,2,1,1,16,1,2,1,4', scaled_gemm=False, scale_a_dtype=None, scale_b_dtype=None, trans_scale_a=False, trans_scale_b=False, arch='gfx950:sramecc+:xnack-', chip='gfx950', num_cu=256, num_chiplets=8)
Command line = -operation gemm -t f16 -out_datatype f16 --arch gfx950:sramecc+:xnack- --num_cu 256 --num_chiplets 8 -g 2 -m 103 -k 225 -n 79 -transA=False -transB=True --perf_config=gemm:v1:256,16,32,2,1,1,16,1,2,1,4 -pv
Output = Number of elements: 16274
maxAbsDiff info: maxAbsDiff = 116.187500 (valNum = 136.00000, gpuNum = 19.81250), average absDiff = 1.2e+02
maxRelDiff info: maxRelDiff = 8.5e-01 (valNum = 136.0000000000, gpuNum = 19.8125000000), average relDiff = 8.5e-01
RMS = 8.5e-01
Histogram of relDiff: 
        relDiff = 0     : 0/16274 (0.000000%)
     0 < relDiff < 1e-06: 0/16274 (0.000000%)
1e-06 < relDiff <= 1e-05: 0/16274 (0.000000%)
1e-05 < relDiff <= 1e-04: 0/16274 (0.000000%)
1e-04 < relDiff <= 1e-03: 0/16274 (0.000000%)
1e-03 < relDiff <= 1e-02: 0/16274 (0.000000%)
1e-02 < relDiff <= 1e-01: 0/16274 (0.000000%)
1e-01 < relDiff <= 1e+00: 16274/16274 (100.000000%)
1e+00 < relDiff < inf   : 0/16274 (0.000000%)
        relDiff = inf   : 0/16274 (0.000000%)
[0 0 1]

FAIL: Runner returned incorrect result
Config = GemmConfiguration(datatype='fp8', out_dtype='f32', g=1, m=123, k=208, n=456, trans_a=True, trans_b=False, perfconfig='gemm:v1:32,32,16,2,1,1,0,2,1,8,4', scaled_gemm=False, scale_a_dtype=None, scale_b_dtype=None, trans_scale_a=False, trans_scale_b=False, arch='gfx950:sramecc+:xnack-', chip='gfx950', num_cu=256, num_chiplets=8)
Command line = -operation gemm -t fp8 -out_datatype f32 --arch gfx950:sramecc+:xnack- --num_cu 256 --num_chiplets 8 -g 1 -m 123 -k 208 -n 456 -transA=True -transB=False --perf_config=gemm:v1:32,32,16,2,1,1,0,2,1,8,4 -pv -relDiff_threshold 1e-5
Output = Number of elements: 56088
maxAbsDiff info: maxAbsDiff = 160.500000 (valNum = 208.00000, gpuNum = 47.50000), average absDiff = 9.0e+01
maxRelDiff info: maxRelDiff = 7.7e-01 (valNum = 52.0000000000, gpuNum = 11.8750000000), average relDiff = 7.7e-01
RMS = 4.7e-01
Histogram of relDiff: 
        relDiff = 0     : 0/56088 (0.000000%)
     0 < relDiff < 1e-06: 0/56088 (0.000000%)
1e-06 < relDiff <= 1e-05: 0/56088 (0.000000%)
1e-05 < relDiff <= 1e-04: 0/56088 (0.000000%)
1e-04 < relDiff <= 1e-03: 0/56088 (0.000000%)
1e-03 < relDiff <= 1e-02: 0/56088 (0.000000%)
1e-02 < relDiff <= 1e-01: 0/56088 (0.000000%)
1e-01 < relDiff <= 1e+00: 56088/56088 (100.000000%)
1e+00 < relDiff < inf   : 0/56088 (0.000000%)
        relDiff = inf   : 0/56088 (0.000000%)
[0 0 0]

FAIL: Runner returned incorrect result
Config = GemmConfiguration(datatype='f16', out_dtype='f16', g=2, m=96, k=220, n=8, trans_a=True, trans_b=True, perfconfig='gemm:v1:16,16,16,2,1,16,16,2,3,1,0', scaled_gemm=False, scale_a_dtype=None, scale_b_dtype=None, trans_scale_a=False, trans_scale_b=False, arch='gfx950:sramecc+:xnack-', chip='gfx950', num_cu=256, num_chiplets=8)
Command line = -operation gemm -t f16 -out_datatype f16 --arch gfx950:sramecc+:xnack- --num_cu 256 --num_chiplets 8 -g 2 -m 96 -k 220 -n 8 -transA=True -transB=True --perf_config=gemm:v1:16,16,16,2,1,16,16,2,3,1,0 -pv
Output = Number of elements: 1536
maxAbsDiff info: maxAbsDiff = 13.644531 (valNum = -18.75000, gpuNum = -5.10547), average absDiff = 1.0e+01
maxRelDiff info: maxRelDiff = 7.5e-01 (valNum = 8.6250000000, gpuNum = 2.1367187500), average relDiff = 7.3e-01
RMS = 5.5e-01
Histogram of relDiff: 
        relDiff = 0     : 0/1536 (0.000000%)
     0 < relDiff < 1e-06: 0/1536 (0.000000%)
1e-06 < relDiff <= 1e-05: 0/1536 (0.000000%)
1e-05 < relDiff <= 1e-04: 0/1536 (0.000000%)
1e-04 < relDiff <= 1e-03: 0/1536 (0.000000%)
1e-03 < relDiff <= 1e-02: 0/1536 (0.000000%)
1e-02 < relDiff <= 1e-01: 0/1536 (0.000000%)
1e-01 < relDiff <= 1e+00: 1536/1536 (100.000000%)
1e+00 < relDiff < inf   : 0/1536 (0.000000%)
        relDiff = inf   : 0/1536 (0.000000%)
[0 1 1]

----------------------------------------------------------------------------------------------------
PASS: GemmConfiguration(datatype='bf16', out_dtype='bf16', g=1, m=430, k=318, n=224, trans_a=True, trans_b=True, perfconfig='gemm:v1:16,128,128,1,1,8,0,3,1,4,1', scaled_gemm=False, scale_a_dtype=None, scale_b_dtype=None, trans_scale_a=False, trans_scale_b=False, arch='gfx950:sramecc+:xnack-', chip='gfx950', num_cu=256, num_chiplets=8)
----------------------------------------------------------------------------------------------------
PASS: GemmConfiguration(datatype='fp8', out_dtype='f32', g=1, m=484, k=429, n=490, trans_a=False, trans_b=False, perfconfig='gemm:v1:32,16,128,2,1,2,16,3,1,0,1', scaled_gemm=False, scale_a_dtype=None, scale_b_dtype=None, trans_scale_a=False, trans_scale_b=False, arch='gfx950:sramecc+:xnack-', chip='gfx950', num_cu=256, num_chiplets=8)
----------------------------------------------------------------------------------------------------
PASS: GemmConfiguration(datatype='f16', out_dtype='f16', g=2, m=303, k=303, n=340, trans_a=True, trans_b=True, perfconfig='gemm:v1:16,64,64,1,1,8,0,3,1,8,8', scaled_gemm=False, scale_a_dtype=None, scale_b_dtype=None, trans_scale_a=False, trans_scale_b=False, arch='gfx950:sramecc+:xnack-', chip='gfx950', num_cu=256, num_chiplets=8)
----------------------------------------------------------------------------------------------------
PASS: GemmConfiguration(datatype='f16', out_dtype='f16', g=2, m=221, k=329, n=290, trans_a=True, trans_b=False, perfconfig='gemm:v1:128,128,128,2,1,8,32,4,2,4,4', scaled_gemm=False, scale_a_dtype=None, scale_b_dtype=None, trans_scale_a=False, trans_scale_b=False, arch='gfx950:sramecc+:xnack-', chip='gfx950', num_cu=256, num_chiplets=8)
----------------------------------------------------------------------------------------------------
FAIL: GemmConfiguration(datatype='f16', out_dtype='f16', g=2, m=103, k=225, n=79, trans_a=False, trans_b=True, perfconfig='gemm:v1:256,16,32,2,1,1,16,1,2,1,4', scaled_gemm=False, scale_a_dtype=None, scale_b_dtype=None, trans_scale_a=False, trans_scale_b=False, arch='gfx950:sramecc+:xnack-', chip='gfx950', num_cu=256, num_chiplets=8)
Lowering rejected config as not applicable
Command line = -operation gemm -t i8 -out_datatype i32 --arch gfx950:sramecc+:xnack- --num_cu 256 --num_chiplets 8 -g 2 -m 134 -k 154 -n 105 -transA=True -transB=True --perf_config=gemm:v1:32,256,64,2,1,4,32,2,3,8,8 -pv
Errors = loc("<stdin>":18:10): error: Fusion with SplitK perfConfig is not legal
Lowering not applicable.

----------------------------------------------------------------------------------------------------
NOT_APPLICABLE: GemmConfiguration(datatype='i8', out_dtype='i32', g=2, m=134, k=154, n=105, trans_a=True, trans_b=True, perfconfig='gemm:v1:32,256,64,2,1,4,32,2,3,8,8', scaled_gemm=False, scale_a_dtype=None, scale_b_dtype=None, trans_scale_a=False, trans_scale_b=False, arch='gfx950:sramecc+:xnack-', chip='gfx950', num_cu=256, num_chiplets=8)
----------------------------------------------------------------------------------------------------
FAIL: GemmConfiguration(datatype='fp8', out_dtype='f32', g=1, m=123, k=208, n=456, trans_a=True, trans_b=False, perfconfig='gemm:v1:32,32,16,2,1,1,0,2,1,8,4', scaled_gemm=False, scale_a_dtype=None, scale_b_dtype=None, trans_scale_a=False, trans_scale_b=False, arch='gfx950:sramecc+:xnack-', chip='gfx950', num_cu=256, num_chiplets=8)
----------------------------------------------------------------------------------------------------
PASS: GemmConfiguration(datatype='bf16', out_dtype='bf16', g=2, m=92, k=145, n=306, trans_a=True, trans_b=True, perfconfig='gemm:v1:64,16,16,1,1,16,0,4,2,2,2', scaled_gemm=False, scale_a_dtype=None, scale_b_dtype=None, trans_scale_a=False, trans_scale_b=False, arch='gfx950:sramecc+:xnack-', chip='gfx950', num_cu=256, num_chiplets=8)
----------------------------------------------------------------------------------------------------
PASS: GemmConfiguration(datatype='bf16', out_dtype='bf16', g=1, m=292, k=450, n=180, trans_a=True, trans_b=True, perfconfig='gemm:v1:256,32,64,1,1,1,16,1,2,8,1', scaled_gemm=False, scale_a_dtype=None, scale_b_dtype=None, trans_scale_a=False, trans_scale_b=False, arch='gfx950:sramecc+:xnack-', chip='gfx950', num_cu=256, num_chiplets=8)
----------------------------------------------------------------------------------------------------
PASS: GemmConfiguration(datatype='f32', out_dtype='f32', g=2, m=278, k=409, n=446, trans_a=False, trans_b=True, perfconfig='gemm:v1:64,256,32,2,1,2,16,2,1,8,8', scaled_gemm=False, scale_a_dtype=None, scale_b_dtype=None, trans_scale_a=False, trans_scale_b=False, arch='gfx950:sramecc+:xnack-', chip='gfx950', num_cu=256, num_chiplets=8)
----------------------------------------------------------------------------------------------------
PASS: GemmConfiguration(datatype='bf16', out_dtype='bf16', g=2, m=228, k=497, n=171, trans_a=True, trans_b=False, perfconfig='gemm:v1:128,16,128,2,1,1,0,1,3,1,1', scaled_gemm=False, scale_a_dtype=None, scale_b_dtype=None, trans_scale_a=False, trans_scale_b=False, arch='gfx950:sramecc+:xnack-', chip='gfx950', num_cu=256, num_chiplets=8)
----------------------------------------------------------------------------------------------------
PASS: GemmConfiguration(datatype='bf16', out_dtype='bf16', g=1, m=461, k=220, n=123, trans_a=True, trans_b=True, perfconfig='gemm:v1:64,128,128,2,1,1,32,1,2,4,4', scaled_gemm=False, scale_a_dtype=None, scale_b_dtype=None, trans_scale_a=False, trans_scale_b=False, arch='gfx950:sramecc+:xnack-', chip='gfx950', num_cu=256, num_chiplets=8)
----------------------------------------------------------------------------------------------------
PASS: GemmConfiguration(datatype='f16', out_dtype='f16', g=1, m=457, k=220, n=142, trans_a=True, trans_b=True, perfconfig='gemm:v1:128,256,32,1,1,1,0,3,3,1,8', scaled_gemm=False, scale_a_dtype=None, scale_b_dtype=None, trans_scale_a=False, trans_scale_b=False, arch='gfx950:sramecc+:xnack-', chip='gfx950', num_cu=256, num_chiplets=8)
Lowering rejected config as not applicable
Command line = -operation gemm -t i8 -out_datatype i32 --arch gfx950:sramecc+:xnack- --num_cu 256 --num_chiplets 8 -g 2 -m 220 -k 24 -n 102 -transA=True -transB=False --perf_config=gemm:v1:32,256,64,1,1,4,16,4,3,4,4 -pv
Errors = loc("<stdin>":18:10): error: Fusion with SplitK perfConfig is not legal
Lowering not applicable.

----------------------------------------------------------------------------------------------------
NOT_APPLICABLE: GemmConfiguration(datatype='i8', out_dtype='i32', g=2, m=220, k=24, n=102, trans_a=True, trans_b=False, perfconfig='gemm:v1:32,256,64,1,1,4,16,4,3,4,4', scaled_gemm=False, scale_a_dtype=None, scale_b_dtype=None, trans_scale_a=False, trans_scale_b=False, arch='gfx950:sramecc+:xnack-', chip='gfx950', num_cu=256, num_chiplets=8)
----------------------------------------------------------------------------------------------------
PASS: GemmConfiguration(datatype='fp8', out_dtype='f32', g=2, m=315, k=19, n=423, trans_a=False, trans_b=True, perfconfig='gemm:v1:16,64,32,1,1,8,0,3,1,8,4', scaled_gemm=False, scale_a_dtype=None, scale_b_dtype=None, trans_scale_a=False, trans_scale_b=False, arch='gfx950:sramecc+:xnack-', chip='gfx950', num_cu=256, num_chiplets=8)
----------------------------------------------------------------------------------------------------
PASS: GemmConfiguration(datatype='f32', out_dtype='f32', g=1, m=139, k=316, n=454, trans_a=False, trans_b=False, perfconfig='gemm:v1:64,16,16,2,1,16,16,3,3,0,1', scaled_gemm=False, scale_a_dtype=None, scale_b_dtype=None, trans_scale_a=False, trans_scale_b=False, arch='gfx950:sramecc+:xnack-', chip='gfx950', num_cu=256, num_chiplets=8)
----------------------------------------------------------------------------------------------------
FAIL: GemmConfiguration(datatype='f16', out_dtype='f16', g=2, m=96, k=220, n=8, trans_a=True, trans_b=True, perfconfig='gemm:v1:16,16,16,2,1,16,16,2,3,1,0', scaled_gemm=False, scale_a_dtype=None, scale_b_dtype=None, trans_scale_a=False, trans_scale_b=False, arch='gfx950:sramecc+:xnack-', chip='gfx950', num_cu=256, num_chiplets=8)
FAIL: Runner returned incorrect result
Config = GemmConfiguration(datatype='bf16', out_dtype='bf16', g=2, m=51, k=353, n=349, trans_a=False, trans_b=False, perfconfig='gemm:v1:256,256,16,2,1,8,16,4,3,1,0', scaled_gemm=False, scale_a_dtype=None, scale_b_dtype=None, trans_scale_a=False, trans_scale_b=False, arch='gfx950:sramecc+:xnack-', chip='gfx950', num_cu=256, num_chiplets=8)
Command line = -operation gemm -t bf16 -out_datatype bf16 --arch gfx950:sramecc+:xnack- --num_cu 256 --num_chiplets 8 -g 2 -m 51 -k 353 -n 349 -transA=False -transB=False --perf_config=gemm:v1:256,256,16,2,1,8,16,4,3,1,0 -pv -RMS_threshold 1e-2
Output = Number of elements: 35598
maxAbsDiff info: maxAbsDiff = 156.500000 (valNum = 214.00000, gpuNum = 57.50000), average absDiff = 1.0e+02
maxRelDiff info: maxRelDiff = 7.3e-01 (valNum = -103.0000000000, gpuNum = -27.5000000000), average relDiff = 7.3e-01
RMS = 5.1e-01
Histogram of relDiff: 
        relDiff = 0     : 0/35598 (0.000000%)
     0 < relDiff < 1e-06: 0/35598 (0.000000%)
1e-06 < relDiff <= 1e-05: 0/35598 (0.000000%)
1e-05 < relDiff <= 1e-04: 0/35598 (0.000000%)
1e-04 < relDiff <= 1e-03: 0/35598 (0.000000%)
1e-03 < relDiff <= 1e-02: 0/35598 (0.000000%)
1e-02 < relDiff <= 1e-01: 0/35598 (0.000000%)
1e-01 < relDiff <= 1e+00: 35598/35598 (100.000000%)
1e+00 < relDiff < inf   : 0/35598 (0.000000%)
        relDiff = inf   : 0/35598 (0.000000%)
[0 0 1]

FAIL: Runner returned incorrect result
Config = GemmConfiguration(datatype='f16', out_dtype='f16', g=2, m=207, k=493, n=455, trans_a=True, trans_b=False, perfconfig='gemm:v1:16,16,32,2,1,16,16,1,3,8,8', scaled_gemm=False, scale_a_dtype=None, scale_b_dtype=None, trans_scale_a=False, trans_scale_b=False, arch='gfx950:sramecc+:xnack-', chip='gfx950', num_cu=256, num_chiplets=8)
Command line = -operation gemm -t f16 -out_datatype f16 --arch gfx950:sramecc+:xnack- --num_cu 256 --num_chiplets 8 -g 2 -m 207 -k 493 -n 455 -transA=True -transB=False --perf_config=gemm:v1:16,16,32,2,1,16,16,1,3,8,8 -pv
Output = Number of elements: 188370
maxAbsDiff info: maxAbsDiff = 37.607422 (valNum = -41.50000, gpuNum = -3.89258), average absDiff = 2.8e+01
maxRelDiff info: maxRelDiff = 9.2e-01 (valNum = 30.0000000000, gpuNum = 2.3027343750), average relDiff = 9.1e-01
RMS = 7.0e-01
Histogram of relDiff: 
        relDiff = 0     : 0/188370 (0.000000%)
     0 < relDiff < 1e-06: 0/188370 (0.000000%)
1e-06 < relDiff <= 1e-05: 0/188370 (0.000000%)
1e-05 < relDiff <= 1e-04: 0/188370 (0.000000%)
1e-04 < relDiff <= 1e-03: 0/188370 (0.000000%)
1e-03 < relDiff <= 1e-02: 0/188370 (0.000000%)
1e-02 < relDiff <= 1e-01: 0/188370 (0.000000%)
1e-01 < relDiff <= 1e+00: 188370/188370 (100.000000%)
1e+00 < relDiff < inf   : 0/188370 (0.000000%)
        relDiff = inf   : 0/188370 (0.000000%)
[0 1 1]

FAIL: Runner returned incorrect result
Config = GemmConfiguration(datatype='bf16', out_dtype='bf16', g=1, m=506, k=312, n=343, trans_a=False, trans_b=False, perfconfig='gemm:v1:128,32,16,2,1,2,0,4,1,8,8', scaled_gemm=False, scale_a_dtype=None, scale_b_dtype=None, trans_scale_a=False, trans_scale_b=False, arch='gfx950:sramecc+:xnack-', chip='gfx950', num_cu=256, num_chiplets=8)
Command line = -operation gemm -t bf16 -out_datatype bf16 --arch gfx950:sramecc+:xnack- --num_cu 256 --num_chiplets 8 -g 1 -m 506 -k 312 -n 343 -transA=False -transB=False --perf_config=gemm:v1:128,32,16,2,1,2,0,4,1,8,8 -pv -RMS_threshold 1e-2
Output = Number of elements: 173558
maxAbsDiff info: maxAbsDiff = 117.000000 (valNum = 188.00000, gpuNum = 71.00000), average absDiff = 7.7e+01
maxRelDiff info: maxRelDiff = 6.4e-01 (valNum = -91.0000000000, gpuNum = -33.0000000000), average relDiff = 6.2e-01
RMS = 4.4e-01
Histogram of relDiff: 
        relDiff = 0     : 0/173558 (0.000000%)
     0 < relDiff < 1e-06: 0/173558 (0.000000%)
1e-06 < relDiff <= 1e-05: 0/173558 (0.000000%)
1e-05 < relDiff <= 1e-04: 0/173558 (0.000000%)
1e-04 < relDiff <= 1e-03: 0/173558 (0.000000%)
1e-03 < relDiff <= 1e-02: 0/173558 (0.000000%)
1e-02 < relDiff <= 1e-01: 0/173558 (0.000000%)
1e-01 < relDiff <= 1e+00: 173558/173558 (100.000000%)
1e+00 < relDiff < inf   : 0/173558 (0.000000%)
        relDiff = inf   : 0/173558 (0.000000%)
[0 0 1]

----------------------------------------------------------------------------------------------------
PASS: GemmConfiguration(datatype='f32', out_dtype='f32', g=2, m=477, k=349, n=340, trans_a=False, trans_b=True, perfconfig='gemm:v1:128,64,16,2,1,16,32,1,2,1,4', scaled_gemm=False, scale_a_dtype=None, scale_b_dtype=None, trans_scale_a=False, trans_scale_b=False, arch='gfx950:sramecc+:xnack-', chip='gfx950', num_cu=256, num_chiplets=8)
----------------------------------------------------------------------------------------------------
PASS: GemmConfiguration(datatype='f32', out_dtype='f32', g=1, m=210, k=61, n=431, trans_a=False, trans_b=False, perfconfig='gemm:v1:128,64,32,1,1,4,0,3,1,4,8', scaled_gemm=False, scale_a_dtype=None, scale_b_dtype=None, trans_scale_a=False, trans_scale_b=False, arch='gfx950:sramecc+:xnack-', chip='gfx950', num_cu=256, num_chiplets=8)
----------------------------------------------------------------------------------------------------
FAIL: GemmConfiguration(datatype='bf16', out_dtype='bf16', g=2, m=51, k=353, n=349, trans_a=False, trans_b=False, perfconfig='gemm:v1:256,256,16,2,1,8,16,4,3,1,0', scaled_gemm=False, scale_a_dtype=None, scale_b_dtype=None, trans_scale_a=False, trans_scale_b=False, arch='gfx950:sramecc+:xnack-', chip='gfx950', num_cu=256, num_chiplets=8)
----------------------------------------------------------------------------------------------------
PASS: GemmConfiguration(datatype='i8', out_dtype='i32', g=1, m=488, k=421, n=241, trans_a=False, trans_b=False, perfconfig='gemm:v1:32,256,16,1,1,1,16,1,3,4,4', scaled_gemm=False, scale_a_dtype=None, scale_b_dtype=None, trans_scale_a=False, trans_scale_b=False, arch='gfx950:sramecc+:xnack-', chip='gfx950', num_cu=256, num_chiplets=8)
Lowering rejected config as not applicable
Command line = -operation gemm -t i8 -out_datatype i32 --arch gfx950:sramecc+:xnack- --num_cu 256 --num_chiplets 8 -g 1 -m 351 -k 146 -n 206 -transA=True -transB=False --perf_config=gemm:v1:128,32,64,1,1,2,0,3,1,2,4 -pv
Errors = loc("<stdin>":18:10): error: Fusion with SplitK perfConfig is not legal
Lowering not applicable.

----------------------------------------------------------------------------------------------------
NOT_APPLICABLE: GemmConfiguration(datatype='i8', out_dtype='i32', g=1, m=351, k=146, n=206, trans_a=True, trans_b=False, perfconfig='gemm:v1:128,32,64,1,1,2,0,3,1,2,4', scaled_gemm=False, scale_a_dtype=None, scale_b_dtype=None, trans_scale_a=False, trans_scale_b=False, arch='gfx950:sramecc+:xnack-', chip='gfx950', num_cu=256, num_chiplets=8)
Lowering rejected config as not applicable
Command line = -operation gemm -t i8 -out_datatype i32 --arch gfx950:sramecc+:xnack- --num_cu 256 --num_chiplets 8 -g 1 -m 249 -k 440 -n 277 -transA=False -transB=True --perf_config=gemm:v1:256,16,64,2,1,8,16,3,3,8,4 -pv
Errors = loc("<stdin>":17:10): error: Fusion with SplitK perfConfig is not legal
Lowering not applicable.

----------------------------------------------------------------------------------------------------
NOT_APPLICABLE: GemmConfiguration(datatype='i8', out_dtype='i32', g=1, m=249, k=440, n=277, trans_a=False, trans_b=True, perfconfig='gemm:v1:256,16,64,2,1,8,16,3,3,8,4', scaled_gemm=False, scale_a_dtype=None, scale_b_dtype=None, trans_scale_a=False, trans_scale_b=False, arch='gfx950:sramecc+:xnack-', chip='gfx950', num_cu=256, num_chiplets=8)
----------------------------------------------------------------------------------------------------
PASS: GemmConfiguration(datatype='fp8', out_dtype='f32', g=2, m=218, k=291, n=170, trans_a=True, trans_b=False, perfconfig='gemm:v1:16,16,64,2,1,2,16,4,1,0,4', scaled_gemm=False, scale_a_dtype=None, scale_b_dtype=None, trans_scale_a=False, trans_scale_b=False, arch='gfx950:sramecc+:xnack-', chip='gfx950', num_cu=256, num_chiplets=8)
----------------------------------------------------------------------------------------------------
FAIL: GemmConfiguration(datatype='f16', out_dtype='f16', g=2, m=207, k=493, n=455, trans_a=True, trans_b=False, perfconfig='gemm:v1:16,16,32,2,1,16,16,1,3,8,8', scaled_gemm=False, scale_a_dtype=None, scale_b_dtype=None, trans_scale_a=False, trans_scale_b=False, arch='gfx950:sramecc+:xnack-', chip='gfx950', num_cu=256, num_chiplets=8)
----------------------------------------------------------------------------------------------------
PASS: GemmConfiguration(datatype='f32', out_dtype='f32', g=1, m=468, k=65, n=406, trans_a=False, trans_b=False, perfconfig='gemm:v1:64,64,32,1,1,1,0,3,3,1,2', scaled_gemm=False, scale_a_dtype=None, scale_b_dtype=None, trans_scale_a=False, trans_scale_b=False, arch='gfx950:sramecc+:xnack-', chip='gfx950', num_cu=256, num_chiplets=8)
----------------------------------------------------------------------------------------------------
PASS: GemmConfiguration(datatype='f32', out_dtype='f32', g=1, m=151, k=276, n=125, trans_a=True, trans_b=False, perfconfig='gemm:v1:64,128,64,1,1,2,32,1,1,1,2', scaled_gemm=False, scale_a_dtype=None, scale_b_dtype=None, trans_scale_a=False, trans_scale_b=False, arch='gfx950:sramecc+:xnack-', chip='gfx950', num_cu=256, num_chiplets=8)
----------------------------------------------------------------------------------------------------
FAIL: GemmConfiguration(datatype='bf16', out_dtype='bf16', g=1, m=506, k=312, n=343, trans_a=False, trans_b=False, perfconfig='gemm:v1:128,32,16,2,1,2,0,4,1,8,8', scaled_gemm=False, scale_a_dtype=None, scale_b_dtype=None, trans_scale_a=False, trans_scale_b=False, arch='gfx950:sramecc+:xnack-', chip='gfx950', num_cu=256, num_chiplets=8)
----------------------------------------------------------------------------------------------------
PASS: GemmConfiguration(datatype='bf16', out_dtype='bf16', g=2, m=243, k=51, n=308, trans_a=False, trans_b=True, perfconfig='gemm:v1:16,256,128,1,1,1,16,1,3,2,0', scaled_gemm=False, scale_a_dtype=None, scale_b_dtype=None, trans_scale_a=False, trans_scale_b=False, arch='gfx950:sramecc+:xnack-', chip='gfx950', num_cu=256, num_chiplets=8)
Lowering rejected config as not applicable
Command line = -operation gemm -t i8 -out_datatype i32 --arch gfx950:sramecc+:xnack- --num_cu 256 --num_chiplets 8 -g 1 -m 474 -k 221 -n 37 -transA=True -transB=True --perf_config=gemm:v1:64,256,16,1,1,1,16,2,3,2,1 -pv
Errors = loc("<stdin>":18:10): error: Fusion with SplitK perfConfig is not legal
Lowering not applicable.

----------------------------------------------------------------------------------------------------
NOT_APPLICABLE: GemmConfiguration(datatype='i8', out_dtype='i32', g=1, m=474, k=221, n=37, trans_a=True, trans_b=True, perfconfig='gemm:v1:64,256,16,1,1,1,16,2,3,2,1', scaled_gemm=False, scale_a_dtype=None, scale_b_dtype=None, trans_scale_a=False, trans_scale_b=False, arch='gfx950:sramecc+:xnack-', chip='gfx950', num_cu=256, num_chiplets=8)
Lowering rejected config as not applicable
Command line = -operation gemm -t i8 -out_datatype i32 --arch gfx950:sramecc+:xnack- --num_cu 256 --num_chiplets 8 -g 2 -m 38 -k 266 -n 427 -transA=True -transB=False --perf_config=gemm:v1:32,128,128,1,1,1,16,4,1,8,8 -pv
Errors = loc("<stdin>":18:10): error: Fusion with SplitK perfConfig is not legal
Lowering not applicable.

----------------------------------------------------------------------------------------------------
NOT_APPLICABLE: GemmConfiguration(datatype='i8', out_dtype='i32', g=2, m=38, k=266, n=427, trans_a=True, trans_b=False, perfconfig='gemm:v1:32,128,128,1,1,1,16,4,1,8,8', scaled_gemm=False, scale_a_dtype=None, scale_b_dtype=None, trans_scale_a=False, trans_scale_b=False, arch='gfx950:sramecc+:xnack-', chip='gfx950', num_cu=256, num_chiplets=8)
----------------------------------------------------------------------------------------------------
PASS: GemmConfiguration(datatype='f16', out_dtype='f16', g=2, m=278, k=22, n=94, trans_a=True, trans_b=False, perfconfig='gemm:v1:16,32,32,1,1,16,32,2,1,1,2', scaled_gemm=False, scale_a_dtype=None, scale_b_dtype=None, trans_scale_a=False, trans_scale_b=False, arch='gfx950:sramecc+:xnack-', chip='gfx950', num_cu=256, num_chiplets=8)
FAIL: Runner returned incorrect result
Config = GemmConfiguration(datatype='bf16', out_dtype='bf16', g=1, m=160, k=476, n=353, trans_a=True, trans_b=False, perfconfig='gemm:v1:16,32,32,2,1,2,0,1,2,0,0', scaled_gemm=False, scale_a_dtype=None, scale_b_dtype=None, trans_scale_a=False, trans_scale_b=False, arch='gfx950:sramecc+:xnack-', chip='gfx950', num_cu=256, num_chiplets=8)
Command line = -operation gemm -t bf16 -out_datatype bf16 --arch gfx950:sramecc+:xnack- --num_cu 256 --num_chiplets 8 -g 1 -m 160 -k 476 -n 353 -transA=True -transB=False --perf_config=gemm:v1:16,32,32,2,1,2,0,1,2,0,0 -pv -RMS_threshold 1e-2
Output = Number of elements: 56480
maxAbsDiff info: maxAbsDiff = 243.250000 (valNum = 278.00000, gpuNum = 34.75000), average absDiff = 1.6e+02
maxRelDiff info: maxRelDiff = 8.8e-01 (valNum = -69.0000000000, gpuNum = -8.3125000000), average relDiff = 8.7e-01
RMS = 6.3e-01
Histogram of relDiff: 
        relDiff = 0     : 0/56480 (0.000000%)
     0 < relDiff < 1e-06: 0/56480 (0.000000%)
1e-06 < relDiff <= 1e-05: 0/56480 (0.000000%)
1e-05 < relDiff <= 1e-04: 0/56480 (0.000000%)
1e-04 < relDiff <= 1e-03: 0/56480 (0.000000%)
1e-03 < relDiff <= 1e-02: 0/56480 (0.000000%)
1e-02 < relDiff <= 1e-01: 0/56480 (0.000000%)
1e-01 < relDiff <= 1e+00: 56480/56480 (100.000000%)
1e+00 < relDiff < inf   : 0/56480 (0.000000%)
        relDiff = inf   : 0/56480 (0.000000%)
[0 0 1]

FAIL: Runner returned incorrect result
Config = GemmConfiguration(datatype='f16', out_dtype='f16', g=2, m=249, k=63, n=35, trans_a=False, trans_b=False, perfconfig='gemm:v1:256,16,16,2,1,2,0,2,1,1,8', scaled_gemm=False, scale_a_dtype=None, scale_b_dtype=None, trans_scale_a=False, trans_scale_b=False, arch='gfx950:sramecc+:xnack-', chip='gfx950', num_cu=256, num_chiplets=8)
Command line = -operation gemm -t f16 -out_datatype f16 --arch gfx950:sramecc+:xnack- --num_cu 256 --num_chiplets 8 -g 2 -m 249 -k 63 -n 35 -transA=False -transB=False --perf_config=gemm:v1:256,16,16,2,1,2,0,2,1,1,8 -pv
Output = Number of elements: 17430
maxAbsDiff info: maxAbsDiff = 9.125000 (valNum = 36.75000, gpuNum = 27.62500), average absDiff = 5.8e+00
maxRelDiff info: maxRelDiff = 2.5e-01 (valNum = 36.7500000000, gpuNum = 27.6250000000), average relDiff = 2.4e-01
RMS = 1.8e-01
Histogram of relDiff: 
        relDiff = 0     : 0/17430 (0.000000%)
     0 < relDiff < 1e-06: 0/17430 (0.000000%)
1e-06 < relDiff <= 1e-05: 0/17430 (0.000000%)
1e-05 < relDiff <= 1e-04: 0/17430 (0.000000%)
1e-04 < relDiff <= 1e-03: 0/17430 (0.000000%)
1e-03 < relDiff <= 1e-02: 0/17430 (0.000000%)
1e-02 < relDiff <= 1e-01: 0/17430 (0.000000%)
1e-01 < relDiff <= 1e+00: 17430/17430 (100.000000%)
1e+00 < relDiff < inf   : 0/17430 (0.000000%)
        relDiff = inf   : 0/17430 (0.000000%)
[0 1 1]

FAIL: Runner returned incorrect result
Config = GemmConfiguration(datatype='bf16', out_dtype='bf16', g=1, m=294, k=69, n=322, trans_a=True, trans_b=True, perfconfig='gemm:v1:64,64,32,2,1,8,16,1,3,1,1', scaled_gemm=False, scale_a_dtype=None, scale_b_dtype=None, trans_scale_a=False, trans_scale_b=False, arch='gfx950:sramecc+:xnack-', chip='gfx950', num_cu=256, num_chiplets=8)
Command line = -operation gemm -t bf16 -out_datatype bf16 --arch gfx950:sramecc+:xnack- --num_cu 256 --num_chiplets 8 -g 1 -m 294 -k 69 -n 322 -transA=True -transB=True --perf_config=gemm:v1:64,64,32,2,1,8,16,1,3,1,1 -pv -RMS_threshold 1e-2
Output = Number of elements: 94668
maxAbsDiff info: maxAbsDiff = 3.375000 (valNum = -5.75000, gpuNum = -2.37500), average absDiff = 2.5e+00
maxRelDiff info: maxRelDiff = 5.9e-01 (valNum = 2.8750000000, gpuNum = 1.1875000000), average relDiff = 5.9e-01
RMS = 4.6e-01
Histogram of relDiff: 
        relDiff = 0     : 0/94668 (0.000000%)
     0 < relDiff < 1e-06: 0/94668 (0.000000%)
1e-06 < relDiff <= 1e-05: 0/94668 (0.000000%)
1e-05 < relDiff <= 1e-04: 0/94668 (0.000000%)
1e-04 < relDiff <= 1e-03: 0/94668 (0.000000%)
1e-03 < relDiff <= 1e-02: 0/94668 (0.000000%)
1e-02 < relDiff <= 1e-01: 0/94668 (0.000000%)
1e-01 < relDiff <= 1e+00: 94668/94668 (100.000000%)
1e+00 < relDiff < inf   : 0/94668 (0.000000%)
        relDiff = inf   : 0/94668 (0.000000%)
[0 1 1]

----------------------------------------------------------------------------------------------------
PASS: GemmConfiguration(datatype='fp8', out_dtype='f32', g=1, m=5, k=166, n=192, trans_a=True, trans_b=False, perfconfig='gemm:v1:64,64,128,1,1,4,32,1,1,0,2', scaled_gemm=False, scale_a_dtype=None, scale_b_dtype=None, trans_scale_a=False, trans_scale_b=False, arch='gfx950:sramecc+:xnack-', chip='gfx950', num_cu=256, num_chiplets=8)
----------------------------------------------------------------------------------------------------
FAIL: GemmConfiguration(datatype='bf16', out_dtype='bf16', g=1, m=160, k=476, n=353, trans_a=True, trans_b=False, perfconfig='gemm:v1:16,32,32,2,1,2,0,1,2,0,0', scaled_gemm=False, scale_a_dtype=None, scale_b_dtype=None, trans_scale_a=False, trans_scale_b=False, arch='gfx950:sramecc+:xnack-', chip='gfx950', num_cu=256, num_chiplets=8)
----------------------------------------------------------------------------------------------------
PASS: GemmConfiguration(datatype='bf16', out_dtype='bf16', g=2, m=307, k=238, n=456, trans_a=False, trans_b=False, perfconfig='gemm:v1:32,128,64,1,1,1,16,4,1,0,0', scaled_gemm=False, scale_a_dtype=None, scale_b_dtype=None, trans_scale_a=False, trans_scale_b=False, arch='gfx950:sramecc+:xnack-', chip='gfx950', num_cu=256, num_chiplets=8)
----------------------------------------------------------------------------------------------------
PASS: GemmConfiguration(datatype='f32', out_dtype='f32', g=2, m=48, k=265, n=32, trans_a=False, trans_b=True, perfconfig='gemm:v1:256,64,32,2,1,2,32,3,3,1,4', scaled_gemm=False, scale_a_dtype=None, scale_b_dtype=None, trans_scale_a=False, trans_scale_b=False, arch='gfx950:sramecc+:xnack-', chip='gfx950', num_cu=256, num_chiplets=8)
----------------------------------------------------------------------------------------------------
FAIL: GemmConfiguration(datatype='f16', out_dtype='f16', g=2, m=249, k=63, n=35, trans_a=False, trans_b=False, perfconfig='gemm:v1:256,16,16,2,1,2,0,2,1,1,8', scaled_gemm=False, scale_a_dtype=None, scale_b_dtype=None, trans_scale_a=False, trans_scale_b=False, arch='gfx950:sramecc+:xnack-', chip='gfx950', num_cu=256, num_chiplets=8)
Lowering rejected config as not applicable
Command line = -operation gemm -t i8 -out_datatype i32 --arch gfx950:sramecc+:xnack- --num_cu 256 --num_chiplets 8 -g 1 -m 420 -k 433 -n 81 -transA=False -transB=False --perf_config=gemm:v1:64,128,32,1,1,2,16,4,3,8,0 -pv
Errors = loc("<stdin>":18:10): error: Fusion with SplitK perfConfig is not legal
Lowering not applicable.

----------------------------------------------------------------------------------------------------
NOT_APPLICABLE: GemmConfiguration(datatype='i8', out_dtype='i32', g=1, m=420, k=433, n=81, trans_a=False, trans_b=False, perfconfig='gemm:v1:64,128,32,1,1,2,16,4,3,8,0', scaled_gemm=False, scale_a_dtype=None, scale_b_dtype=None, trans_scale_a=False, trans_scale_b=False, arch='gfx950:sramecc+:xnack-', chip='gfx950', num_cu=256, num_chiplets=8)
Lowering rejected config as not applicable
Command line = -operation gemm -t i8 -out_datatype i32 --arch gfx950:sramecc+:xnack- --num_cu 256 --num_chiplets 8 -g 1 -m 211 -k 33 -n 255 -transA=False -transB=False --perf_config=gemm:v1:32,256,16,1,1,8,16,2,1,4,8 -pv
Errors = loc("<stdin>":18:10): error: Fusion with SplitK perfConfig is not legal
Lowering not applicable.

----------------------------------------------------------------------------------------------------
NOT_APPLICABLE: GemmConfiguration(datatype='i8', out_dtype='i32', g=1, m=211, k=33, n=255, trans_a=False, trans_b=False, perfconfig='gemm:v1:32,256,16,1,1,8,16,2,1,4,8', scaled_gemm=False, scale_a_dtype=None, scale_b_dtype=None, trans_scale_a=False, trans_scale_b=False, arch='gfx950:sramecc+:xnack-', chip='gfx950', num_cu=256, num_chiplets=8)
Lowering rejected config as not applicable
Command line = -operation gemm -t f32 -out_datatype f32 --arch gfx950:sramecc+:xnack- --num_cu 256 --num_chiplets 8 -g 1 -m 268 -k 273 -n 315 -transA=False -transB=True --perf_config=gemm:v1:256,64,128,1,1,4,0,1,3,0,4 -pv
Errors = loc("<stdin>":10:1): error: ttg.shared (491520) exceeds LDS limit (163840) for amdgcn-amd-amdhsa:gfx950:sramecc+:xnack-
Lowering not applicable.

----------------------------------------------------------------------------------------------------
NOT_APPLICABLE: GemmConfiguration(datatype='f32', out_dtype='f32', g=1, m=268, k=273, n=315, trans_a=False, trans_b=True, perfconfig='gemm:v1:256,64,128,1,1,4,0,1,3,0,4', scaled_gemm=False, scale_a_dtype=None, scale_b_dtype=None, trans_scale_a=False, trans_scale_b=False, arch='gfx950:sramecc+:xnack-', chip='gfx950', num_cu=256, num_chiplets=8)
----------------------------------------------------------------------------------------------------
PASS: GemmConfiguration(datatype='f32', out_dtype='f32', g=1, m=60, k=184, n=319, trans_a=True, trans_b=True, perfconfig='gemm:v1:16,16,32,2,1,4,0,1,1,8,1', scaled_gemm=False, scale_a_dtype=None, scale_b_dtype=None, trans_scale_a=False, trans_scale_b=False, arch='gfx950:sramecc+:xnack-', chip='gfx950', num_cu=256, num_chiplets=8)
----------------------------------------------------------------------------------------------------
FAIL: GemmConfiguration(datatype='bf16', out_dtype='bf16', g=1, m=294, k=69, n=322, trans_a=True, trans_b=True, perfconfig='gemm:v1:64,64,32,2,1,8,16,1,3,1,1', scaled_gemm=False, scale_a_dtype=None, scale_b_dtype=None, trans_scale_a=False, trans_scale_b=False, arch='gfx950:sramecc+:xnack-', chip='gfx950', num_cu=256, num_chiplets=8)
----------------------------------------------------------------------------------------------------
PASS: GemmConfiguration(datatype='bf16', out_dtype='bf16', g=2, m=288, k=217, n=19, trans_a=True, trans_b=False, perfconfig='gemm:v1:64,128,64,2,1,4,0,4,3,8,1', scaled_gemm=False, scale_a_dtype=None, scale_b_dtype=None, trans_scale_a=False, trans_scale_b=False, arch='gfx950:sramecc+:xnack-', chip='gfx950', num_cu=256, num_chiplets=8)
----------------------------------------------------------------------------------------------------
PASS: GemmConfiguration(datatype='f32', out_dtype='f32', g=1, m=275, k=91, n=403, trans_a=True, trans_b=True, perfconfig='gemm:v1:256,128,128,2,1,8,32,3,3,1,2', scaled_gemm=False, scale_a_dtype=None, scale_b_dtype=None, trans_scale_a=False, trans_scale_b=False, arch='gfx950:sramecc+:xnack-', chip='gfx950', num_cu=256, num_chiplets=8)
----------------------------------------------------------------------------------------------------
PASS: GemmConfiguration(datatype='f32', out_dtype='f32', g=2, m=442, k=364, n=19, trans_a=True, trans_b=True, perfconfig='gemm:v1:128,128,128,2,1,1,32,2,1,4,2', scaled_gemm=False, scale_a_dtype=None, scale_b_dtype=None, trans_scale_a=False, trans_scale_b=False, arch='gfx950:sramecc+:xnack-', chip='gfx950', num_cu=256, num_chiplets=8)
Lowering rejected config as not applicable
Command line = -operation gemm -t i8 -out_datatype i32 --arch gfx950:sramecc+:xnack- --num_cu 256 --num_chiplets 8 -g 1 -m 481 -k 272 -n 336 -transA=True -transB=True --perf_config=gemm:v1:64,64,128,2,1,1,0,2,2,8,2 -pv
Errors = loc("<stdin>":18:10): error: Fusion with SplitK perfConfig is not legal
Lowering not applicable.

----------------------------------------------------------------------------------------------------
NOT_APPLICABLE: GemmConfiguration(datatype='i8', out_dtype='i32', g=1, m=481, k=272, n=336, trans_a=True, trans_b=True, perfconfig='gemm:v1:64,64,128,2,1,1,0,2,2,8,2', scaled_gemm=False, scale_a_dtype=None, scale_b_dtype=None, trans_scale_a=False, trans_scale_b=False, arch='gfx950:sramecc+:xnack-', chip='gfx950', num_cu=256, num_chiplets=8)
----------------------------------------------------------------------------------------------------
PASS: GemmConfiguration(datatype='f16', out_dtype='f16', g=2, m=456, k=108, n=56, trans_a=True, trans_b=False, perfconfig='gemm:v1:64,128,16,1,1,2,16,1,1,0,8', scaled_gemm=False, scale_a_dtype=None, scale_b_dtype=None, trans_scale_a=False, trans_scale_b=False, arch='gfx950:sramecc+:xnack-', chip='gfx950', num_cu=256, num_chiplets=8)
FAIL: Runner returned incorrect result
Config = GemmConfiguration(datatype='fp8', out_dtype='f32', g=2, m=470, k=123, n=229, trans_a=True, trans_b=False, perfconfig='gemm:v1:256,256,32,2,1,8,16,3,2,8,0', scaled_gemm=False, scale_a_dtype=None, scale_b_dtype=None, trans_scale_a=False, trans_scale_b=False, arch='gfx950:sramecc+:xnack-', chip='gfx950', num_cu=256, num_chiplets=8)
Command line = -operation gemm -t fp8 -out_datatype f32 --arch gfx950:sramecc+:xnack- --num_cu 256 --num_chiplets 8 -g 2 -m 470 -k 123 -n 229 -transA=True -transB=False --perf_config=gemm:v1:256,256,32,2,1,8,16,3,2,8,0 -pv -relDiff_threshold 1e-5
Output = Number of elements: 215260
maxAbsDiff info: maxAbsDiff = 28.000000 (valNum = 71.75000, gpuNum = 43.75000), average absDiff = 1.8e+01
maxRelDiff info: maxRelDiff = 3.9e-01 (valNum = -51.2500000000, gpuNum = -31.2500000000), average relDiff = 3.9e-01
RMS = 2.8e-01
Histogram of relDiff: 
        relDiff = 0     : 0/215260 (0.000000%)
     0 < relDiff < 1e-06: 0/215260 (0.000000%)
1e-06 < relDiff <= 1e-05: 0/215260 (0.000000%)
1e-05 < relDiff <= 1e-04: 0/215260 (0.000000%)
1e-04 < relDiff <= 1e-03: 0/215260 (0.000000%)
1e-03 < relDiff <= 1e-02: 0/215260 (0.000000%)
1e-02 < relDiff <= 1e-01: 0/215260 (0.000000%)
1e-01 < relDiff <= 1e+00: 215260/215260 (100.000000%)
1e+00 < relDiff < inf   : 0/215260 (0.000000%)
        relDiff = inf   : 0/215260 (0.000000%)
[0 1 0]

----------------------------------------------------------------------------------------------------
PASS: GemmConfiguration(datatype='f16', out_dtype='f16', g=1, m=65, k=144, n=297, trans_a=True, trans_b=False, perfconfig='gemm:v1:16,16,64,1,1,8,16,1,3,1,1', scaled_gemm=False, scale_a_dtype=None, scale_b_dtype=None, trans_scale_a=False, trans_scale_b=False, arch='gfx950:sramecc+:xnack-', chip='gfx950', num_cu=256, num_chiplets=8)
----------------------------------------------------------------------------------------------------
PASS: GemmConfiguration(datatype='f32', out_dtype='f32', g=1, m=136, k=480, n=439, trans_a=False, trans_b=True, perfconfig='gemm:v1:64,16,128,1,1,8,32,3,1,4,1', scaled_gemm=False, scale_a_dtype=None, scale_b_dtype=None, trans_scale_a=False, trans_scale_b=False, arch='gfx950:sramecc+:xnack-', chip='gfx950', num_cu=256, num_chiplets=8)
----------------------------------------------------------------------------------------------------
PASS: GemmConfiguration(datatype='fp8', out_dtype='f32', g=1, m=380, k=266, n=276, trans_a=True, trans_b=True, perfconfig='gemm:v1:32,64,128,2,1,2,32,4,1,0,2', scaled_gemm=False, scale_a_dtype=None, scale_b_dtype=None, trans_scale_a=False, trans_scale_b=False, arch='gfx950:sramecc+:xnack-', chip='gfx950', num_cu=256, num_chiplets=8)
----------------------------------------------------------------------------------------------------
PASS: GemmConfiguration(datatype='bf16', out_dtype='bf16', g=2, m=453, k=469, n=366, trans_a=False, trans_b=False, perfconfig='gemm:v1:16,16,32,1,1,4,16,3,2,8,2', scaled_gemm=False, scale_a_dtype=None, scale_b_dtype=None, trans_scale_a=False, trans_scale_b=False, arch='gfx950:sramecc+:xnack-', chip='gfx950', num_cu=256, num_chiplets=8)
----------------------------------------------------------------------------------------------------
PASS: GemmConfiguration(datatype='fp8', out_dtype='f32', g=2, m=480, k=379, n=279, trans_a=False, trans_b=True, perfconfig='gemm:v1:16,64,64,1,1,1,0,1,1,0,4', scaled_gemm=False, scale_a_dtype=None, scale_b_dtype=None, trans_scale_a=False, trans_scale_b=False, arch='gfx950:sramecc+:xnack-', chip='gfx950', num_cu=256, num_chiplets=8)
----------------------------------------------------------------------------------------------------
FAIL: GemmConfiguration(datatype='fp8', out_dtype='f32', g=2, m=470, k=123, n=229, trans_a=True, trans_b=False, perfconfig='gemm:v1:256,256,32,2,1,8,16,3,2,8,0', scaled_gemm=False, scale_a_dtype=None, scale_b_dtype=None, trans_scale_a=False, trans_scale_b=False, arch='gfx950:sramecc+:xnack-', chip='gfx950', num_cu=256, num_chiplets=8)
----------------------------------------------------------------------------------------------------
PASS: GemmConfiguration(datatype='f32', out_dtype='f32', g=2, m=169, k=15, n=492, trans_a=True, trans_b=False, perfconfig='gemm:v1:32,16,16,1,1,2,16,3,2,2,2', scaled_gemm=False, scale_a_dtype=None, scale_b_dtype=None, trans_scale_a=False, trans_scale_b=False, arch='gfx950:sramecc+:xnack-', chip='gfx950', num_cu=256, num_chiplets=8)
----------------------------------------------------------------------------------------------------
PASS: GemmConfiguration(datatype='fp8', out_dtype='f32', g=1, m=500, k=58, n=89, trans_a=True, trans_b=True, perfconfig='gemm:v1:128,32,64,2,1,8,32,1,3,4,0', scaled_gemm=False, scale_a_dtype=None, scale_b_dtype=None, trans_scale_a=False, trans_scale_b=False, arch='gfx950:sramecc+:xnack-', chip='gfx950', num_cu=256, num_chiplets=8)
----------------------------------------------------------------------------------------------------
PASS: GemmConfiguration(datatype='f32', out_dtype='f32', g=2, m=358, k=53, n=160, trans_a=True, trans_b=True, perfconfig='gemm:v1:32,16,128,1,1,1,0,4,2,1,2', scaled_gemm=False, scale_a_dtype=None, scale_b_dtype=None, trans_scale_a=False, trans_scale_b=False, arch='gfx950:sramecc+:xnack-', chip='gfx950', num_cu=256, num_chiplets=8)
----------------------------------------------------------------------------------------------------
PASS: GemmConfiguration(datatype='bf16', out_dtype='bf16', g=1, m=106, k=237, n=189, trans_a=False, trans_b=False, perfconfig='gemm:v1:16,128,32,2,1,8,32,4,2,4,2', scaled_gemm=False, scale_a_dtype=None, scale_b_dtype=None, trans_scale_a=False, trans_scale_b=False, arch='gfx950:sramecc+:xnack-', chip='gfx950', num_cu=256, num_chiplets=8)
----------------------------------------------------------------------------------------------------
PASS: GemmConfiguration(datatype='f16', out_dtype='f16', g=1, m=191, k=250, n=4, trans_a=False, trans_b=True, perfconfig='gemm:v1:32,32,128,1,1,2,32,1,2,2,2', scaled_gemm=False, scale_a_dtype=None, scale_b_dtype=None, trans_scale_a=False, trans_scale_b=False, arch='gfx950:sramecc+:xnack-', chip='gfx950', num_cu=256, num_chiplets=8)
----------------------------------------------------------------------------------------------------
PASS: GemmConfiguration(datatype='i8', out_dtype='i32', g=2, m=256, k=37, n=188, trans_a=True, trans_b=False, perfconfig='gemm:v1:256,128,32,1,1,1,32,1,3,2,0', scaled_gemm=False, scale_a_dtype=None, scale_b_dtype=None, trans_scale_a=False, trans_scale_b=False, arch='gfx950:sramecc+:xnack-', chip='gfx950', num_cu=256, num_chiplets=8)
----------------------------------------------------------------------------------------------------
PASS: GemmConfiguration(datatype='bf16', out_dtype='bf16', g=2, m=149, k=490, n=332, trans_a=True, trans_b=False, perfconfig='gemm:v1:256,256,32,1,1,2,16,3,2,2,1', scaled_gemm=False, scale_a_dtype=None, scale_b_dtype=None, trans_scale_a=False, trans_scale_b=False, arch='gfx950:sramecc+:xnack-', chip='gfx950', num_cu=256, num_chiplets=8)
----------------------------------------------------------------------------------------------------
PASS: GemmConfiguration(datatype='f16', out_dtype='f16', g=1, m=225, k=508, n=220, trans_a=True, trans_b=False, perfconfig='gemm:v1:256,256,32,2,1,1,0,2,3,2,4', scaled_gemm=False, scale_a_dtype=None, scale_b_dtype=None, trans_scale_a=False, trans_scale_b=False, arch='gfx950:sramecc+:xnack-', chip='gfx950', num_cu=256, num_chiplets=8)
Lowering rejected config as not applicable
Command line = -operation gemm -t i8 -out_datatype i32 --arch gfx950:sramecc+:xnack- --num_cu 256 --num_chiplets 8 -g 1 -m 260 -k 216 -n 308 -transA=True -transB=True --perf_config=gemm:v1:32,16,64,1,1,2,16,3,1,0,8 -pv
Errors = loc("<stdin>":18:10): error: Fusion with SplitK perfConfig is not legal
Lowering not applicable.

----------------------------------------------------------------------------------------------------
NOT_APPLICABLE: GemmConfiguration(datatype='i8', out_dtype='i32', g=1, m=260, k=216, n=308, trans_a=True, trans_b=True, perfconfig='gemm:v1:32,16,64,1,1,2,16,3,1,0,8', scaled_gemm=False, scale_a_dtype=None, scale_b_dtype=None, trans_scale_a=False, trans_scale_b=False, arch='gfx950:sramecc+:xnack-', chip='gfx950', num_cu=256, num_chiplets=8)
Lowering rejected config as not applicable
Command line = -operation gemm -t i8 -out_datatype i32 --arch gfx950:sramecc+:xnack- --num_cu 256 --num_chiplets 8 -g 1 -m 92 -k 80 -n 265 -transA=False -transB=True --perf_config=gemm:v1:256,256,32,2,1,1,0,4,1,1,2 -pv
Errors = loc("<stdin>":17:10): error: Fusion with SplitK perfConfig is not legal
Lowering not applicable.

----------------------------------------------------------------------------------------------------
NOT_APPLICABLE: GemmConfiguration(datatype='i8', out_dtype='i32', g=1, m=92, k=80, n=265, trans_a=False, trans_b=True, perfconfig='gemm:v1:256,256,32,2,1,1,0,4,1,1,2', scaled_gemm=False, scale_a_dtype=None, scale_b_dtype=None, trans_scale_a=False, trans_scale_b=False, arch='gfx950:sramecc+:xnack-', chip='gfx950', num_cu=256, num_chiplets=8)
----------------------------------------------------------------------------------------------------
PASS: GemmConfiguration(datatype='f32', out_dtype='f32', g=2, m=279, k=347, n=135, trans_a=True, trans_b=False, perfconfig='gemm:v1:128,32,32,1,1,16,0,4,1,1,1', scaled_gemm=False, scale_a_dtype=None, scale_b_dtype=None, trans_scale_a=False, trans_scale_b=False, arch='gfx950:sramecc+:xnack-', chip='gfx950', num_cu=256, num_chiplets=8)
----------------------------------------------------------------------------------------------------
PASS: GemmConfiguration(datatype='fp8', out_dtype='f32', g=2, m=141, k=322, n=205, trans_a=True, trans_b=False, perfconfig='gemm:v1:32,32,32,2,1,2,0,1,2,8,1', scaled_gemm=False, scale_a_dtype=None, scale_b_dtype=None, trans_scale_a=False, trans_scale_b=False, arch='gfx950:sramecc+:xnack-', chip='gfx950', num_cu=256, num_chiplets=8)
----------------------------------------------------------------------------------------------------
PASS: GemmConfiguration(datatype='f32', out_dtype='f32', g=1, m=377, k=160, n=361, trans_a=True, trans_b=True, perfconfig='gemm:v1:16,32,32,2,1,8,16,4,2,0,2', scaled_gemm=False, scale_a_dtype=None, scale_b_dtype=None, trans_scale_a=False, trans_scale_b=False, arch='gfx950:sramecc+:xnack-', chip='gfx950', num_cu=256, num_chiplets=8)
----------------------------------------------------------------------------------------------------
PASS: GemmConfiguration(datatype='bf16', out_dtype='bf16', g=1, m=498, k=308, n=491, trans_a=True, trans_b=False, perfconfig='gemm:v1:256,64,16,1,1,8,0,1,1,0,4', scaled_gemm=False, scale_a_dtype=None, scale_b_dtype=None, trans_scale_a=False, trans_scale_b=False, arch='gfx950:sramecc+:xnack-', chip='gfx950', num_cu=256, num_chiplets=8)
----------------------------------------------------------------------------------------------------
PASS: GemmConfiguration(datatype='bf16', out_dtype='bf16', g=1, m=343, k=267, n=206, trans_a=True, trans_b=False, perfconfig='gemm:v1:16,32,64,2,1,8,32,3,2,1,2', scaled_gemm=False, scale_a_dtype=None, scale_b_dtype=None, trans_scale_a=False, trans_scale_b=False, arch='gfx950:sramecc+:xnack-', chip='gfx950', num_cu=256, num_chiplets=8)
----------------------------------------------------------------------------------------------------
PASS: GemmConfiguration(datatype='bf16', out_dtype='bf16', g=1, m=339, k=421, n=443, trans_a=False, trans_b=False, perfconfig='gemm:v1:16,256,128,1,1,8,0,1,1,2,0', scaled_gemm=False, scale_a_dtype=None, scale_b_dtype=None, trans_scale_a=False, trans_scale_b=False, arch='gfx950:sramecc+:xnack-', chip='gfx950', num_cu=256, num_chiplets=8)
Lowering rejected config as not applicable
Command line = -operation gemm -t i8 -out_datatype i32 --arch gfx950:sramecc+:xnack- --num_cu 256 --num_chiplets 8 -g 1 -m 290 -k 319 -n 298 -transA=False -transB=True --perf_config=gemm:v1:64,128,16,1,1,8,16,2,3,4,4 -pv
Errors = loc("<stdin>":17:10): error: Fusion with SplitK perfConfig is not legal
Lowering not applicable.

----------------------------------------------------------------------------------------------------
NOT_APPLICABLE: GemmConfiguration(datatype='i8', out_dtype='i32', g=1, m=290, k=319, n=298, trans_a=False, trans_b=True, perfconfig='gemm:v1:64,128,16,1,1,8,16,2,3,4,4', scaled_gemm=False, scale_a_dtype=None, scale_b_dtype=None, trans_scale_a=False, trans_scale_b=False, arch='gfx950:sramecc+:xnack-', chip='gfx950', num_cu=256, num_chiplets=8)
Lowering rejected config as not applicable
Command line = -operation gemm -t i8 -out_datatype i32 --arch gfx950:sramecc+:xnack- --num_cu 256 --num_chiplets 8 -g 1 -m 189 -k 160 -n 141 -transA=True -transB=False --perf_config=gemm:v1:16,256,16,2,1,1,32,3,3,4,8 -pv
Errors = loc("<stdin>":18:10): error: Fusion with SplitK perfConfig is not legal
Lowering not applicable.

----------------------------------------------------------------------------------------------------
NOT_APPLICABLE: GemmConfiguration(datatype='i8', out_dtype='i32', g=1, m=189, k=160, n=141, trans_a=True, trans_b=False, perfconfig='gemm:v1:16,256,16,2,1,1,32,3,3,4,8', scaled_gemm=False, scale_a_dtype=None, scale_b_dtype=None, trans_scale_a=False, trans_scale_b=False, arch='gfx950:sramecc+:xnack-', chip='gfx950', num_cu=256, num_chiplets=8)
Lowering rejected config as not applicable
Command line = -operation gemm -t i8 -out_datatype i32 --arch gfx950:sramecc+:xnack- --num_cu 256 --num_chiplets 8 -g 2 -m 386 -k 327 -n 434 -transA=False -transB=False --perf_config=gemm:v1:32,16,128,1,1,8,0,3,1,0,8 -pv
Errors = loc("<stdin>":18:10): error: Fusion with SplitK perfConfig is not legal
Lowering not applicable.

----------------------------------------------------------------------------------------------------
NOT_APPLICABLE: GemmConfiguration(datatype='i8', out_dtype='i32', g=2, m=386, k=327, n=434, trans_a=False, trans_b=False, perfconfig='gemm:v1:32,16,128,1,1,8,0,3,1,0,8', scaled_gemm=False, scale_a_dtype=None, scale_b_dtype=None, trans_scale_a=False, trans_scale_b=False, arch='gfx950:sramecc+:xnack-', chip='gfx950', num_cu=256, num_chiplets=8)
----------------------------------------------------------------------------------------------------
PASS: GemmConfiguration(datatype='bf16', out_dtype='bf16', g=1, m=347, k=353, n=139, trans_a=True, trans_b=True, perfconfig='gemm:v1:32,128,16,1,1,4,16,1,1,1,0', scaled_gemm=False, scale_a_dtype=None, scale_b_dtype=None, trans_scale_a=False, trans_scale_b=False, arch='gfx950:sramecc+:xnack-', chip='gfx950', num_cu=256, num_chiplets=8)
----------------------------------------------------------------------------------------------------
PASS: GemmConfiguration(datatype='f32', out_dtype='f32', g=2, m=384, k=1, n=426, trans_a=False, trans_b=False, perfconfig='gemm:v1:64,64,16,1,1,4,0,3,3,2,2', scaled_gemm=False, scale_a_dtype=None, scale_b_dtype=None, trans_scale_a=False, trans_scale_b=False, arch='gfx950:sramecc+:xnack-', chip='gfx950', num_cu=256, num_chiplets=8)
----------------------------------------------------------------------------------------------------
PASS: GemmConfiguration(datatype='f16', out_dtype='f16', g=2, m=512, k=290, n=218, trans_a=False, trans_b=True, perfconfig='gemm:v1:32,16,16,1,1,4,32,4,1,4,8', scaled_gemm=False, scale_a_dtype=None, scale_b_dtype=None, trans_scale_a=False, trans_scale_b=False, arch='gfx950:sramecc+:xnack-', chip='gfx950', num_cu=256, num_chiplets=8)
----------------------------------------------------------------------------------------------------
PASS: GemmConfiguration(datatype='i8', out_dtype='i32', g=1, m=292, k=363, n=495, trans_a=True, trans_b=True, perfconfig='gemm:v1:16,16,16,1,1,1,16,1,3,4,4', scaled_gemm=False, scale_a_dtype=None, scale_b_dtype=None, trans_scale_a=False, trans_scale_b=False, arch='gfx950:sramecc+:xnack-', chip='gfx950', num_cu=256, num_chiplets=8)
----------------------------------------------------------------------------------------------------
PASS: GemmConfiguration(datatype='f32', out_dtype='f32', g=1, m=389, k=410, n=136, trans_a=True, trans_b=False, perfconfig='gemm:v1:128,128,128,2,1,16,0,3,1,8,8', scaled_gemm=False, scale_a_dtype=None, scale_b_dtype=None, trans_scale_a=False, trans_scale_b=False, arch='gfx950:sramecc+:xnack-', chip='gfx950', num_cu=256, num_chiplets=8)
Lowering rejected config as not applicable
Command line = -operation gemm -t i8 -out_datatype i32 --arch gfx950:sramecc+:xnack- --num_cu 256 --num_chiplets 8 -g 2 -m 215 -k 267 -n 330 -transA=False -transB=True --perf_config=gemm:v1:128,128,64,2,1,1,32,2,1,1,0 -pv
Errors = loc("<stdin>":18:10): error: Fusion with SplitK perfConfig is not legal
Lowering not applicable.

----------------------------------------------------------------------------------------------------
NOT_APPLICABLE: GemmConfiguration(datatype='i8', out_dtype='i32', g=2, m=215, k=267, n=330, trans_a=False, trans_b=True, perfconfig='gemm:v1:128,128,64,2,1,1,32,2,1,1,0', scaled_gemm=False, scale_a_dtype=None, scale_b_dtype=None, trans_scale_a=False, trans_scale_b=False, arch='gfx950:sramecc+:xnack-', chip='gfx950', num_cu=256, num_chiplets=8)
Lowering rejected config as not applicable
Command line = -operation gemm -t i8 -out_datatype i32 --arch gfx950:sramecc+:xnack- --num_cu 256 --num_chiplets 8 -g 2 -m 389 -k 261 -n 314 -transA=False -transB=True --perf_config=gemm:v1:64,16,32,1,1,8,0,2,3,2,1 -pv
Errors = loc("<stdin>":18:10): error: Fusion with SplitK perfConfig is not legal
Lowering not applicable.

FAIL: Runner returned incorrect result
Config = GemmConfiguration(datatype='fp8', out_dtype='f32', g=2, m=118, k=456, n=282, trans_a=False, trans_b=True, perfconfig='gemm:v1:32,16,32,2,1,16,0,3,2,1,0', scaled_gemm=False, scale_a_dtype=None, scale_b_dtype=None, trans_scale_a=False, trans_scale_b=False, arch='gfx950:sramecc+:xnack-', chip='gfx950', num_cu=256, num_chiplets=8)
Command line = -operation gemm -t fp8 -out_datatype f32 --arch gfx950:sramecc+:xnack- --num_cu 256 --num_chiplets 8 -g 2 -m 118 -k 456 -n 282 -transA=False -transB=True --perf_config=gemm:v1:32,16,32,2,1,16,0,3,2,1,0 -pv -relDiff_threshold 1e-5
Output = Number of elements: 66552
maxAbsDiff info: maxAbsDiff = 177.625000 (valNum = 275.50000, gpuNum = 97.87500), average absDiff = 1.8e+02
maxRelDiff info: maxRelDiff = 6.4e-01 (valNum = 275.5000000000, gpuNum = 97.8750000000), average relDiff = 6.4e-01
RMS = 6.4e-01
Histogram of relDiff: 
        relDiff = 0     : 0/66552 (0.000000%)
     0 < relDiff < 1e-06: 0/66552 (0.000000%)
1e-06 < relDiff <= 1e-05: 0/66552 (0.000000%)
1e-05 < relDiff <= 1e-04: 0/66552 (0.000000%)
1e-04 < relDiff <= 1e-03: 0/66552 (0.000000%)
1e-03 < relDiff <= 1e-02: 0/66552 (0.000000%)
1e-02 < relDiff <= 1e-01: 0/66552 (0.000000%)
1e-01 < relDiff <= 1e+00: 66552/66552 (100.000000%)
1e+00 < relDiff < inf   : 0/66552 (0.000000%)
        relDiff = inf   : 0/66552 (0.000000%)
[0 0 0]

FAIL: Runner returned incorrect result
Config = GemmConfiguration(datatype='i8', out_dtype='i32', g=2, m=179, k=209, n=395, trans_a=False, trans_b=True, perfconfig='gemm:v1:256,128,32,2,1,4,0,1,3,4,0', scaled_gemm=False, scale_a_dtype=None, scale_b_dtype=None, trans_scale_a=False, trans_scale_b=False, arch='gfx950:sramecc+:xnack-', chip='gfx950', num_cu=256, num_chiplets=8)
Command line = -operation gemm -t i8 -out_datatype i32 --arch gfx950:sramecc+:xnack- --num_cu 256 --num_chiplets 8 -g 2 -m 179 -k 209 -n 395 -transA=False -transB=True --perf_config=gemm:v1:256,128,32,2,1,4,0,1,3,4,0 -pv
Output = Number of elements: 141410
Number of incorrect elements: 141410
maxAbsDiff: 322
Number of overflow elements: 0
[0 0 0]
FAIL: Runner returned incorrect result
Config = GemmConfiguration(datatype='bf16', out_dtype='bf16', g=2, m=26, k=505, n=379, trans_a=True, trans_b=True, perfconfig='gemm:v1:128,256,16,2,1,1,0,2,3,2,8', scaled_gemm=False, scale_a_dtype=None, scale_b_dtype=None, trans_scale_a=False, trans_scale_b=False, arch='gfx950:sramecc+:xnack-', chip='gfx950', num_cu=256, num_chiplets=8)
Command line = -operation gemm -t bf16 -out_datatype bf16 --arch gfx950:sramecc+:xnack- --num_cu 256 --num_chiplets 8 -g 2 -m 26 -k 505 -n 379 -transA=True -transB=True --perf_config=gemm:v1:128,256,16,2,1,1,0,2,3,2,8 -pv -RMS_threshold 1e-2
Output = Number of elements: 19708
maxAbsDiff info: maxAbsDiff = 262.250000 (valNum = 296.00000, gpuNum = 33.75000), average absDiff = 1.7e+02
maxRelDiff info: maxRelDiff = 9.0e-01 (valNum = -73.0000000000, gpuNum = -7.5625000000), average relDiff = 8.9e-01
RMS = 6.4e-01
Histogram of relDiff: 
        relDiff = 0     : 0/19708 (0.000000%)
     0 < relDiff < 1e-06: 0/19708 (0.000000%)
1e-06 < relDiff <= 1e-05: 0/19708 (0.000000%)
1e-05 < relDiff <= 1e-04: 0/19708 (0.000000%)
1e-04 < relDiff <= 1e-03: 0/19708 (0.000000%)
1e-03 < relDiff <= 1e-02: 0/19708 (0.000000%)
1e-02 < relDiff <= 1e-01: 0/19708 (0.000000%)
1e-01 < relDiff <= 1e+00: 19708/19708 (100.000000%)
1e+00 < relDiff < inf   : 0/19708 (0.000000%)
        relDiff = inf   : 0/19708 (0.000000%)
[0 0 1]

FAIL: Runner returned incorrect result
Config = GemmConfiguration(datatype='bf16', out_dtype='bf16', g=1, m=242, k=100, n=140, trans_a=True, trans_b=True, perfconfig='gemm:v1:64,16,16,2,1,2,16,4,2,1,4', scaled_gemm=False, scale_a_dtype=None, scale_b_dtype=None, trans_scale_a=False, trans_scale_b=False, arch='gfx950:sramecc+:xnack-', chip='gfx950', num_cu=256, num_chiplets=8)
Command line = -operation gemm -t bf16 -out_datatype bf16 --arch gfx950:sramecc+:xnack- --num_cu 256 --num_chiplets 8 -g 1 -m 242 -k 100 -n 140 -transA=True -transB=True --perf_config=gemm:v1:64,16,16,2,1,2,16,4,2,1,4 -pv -RMS_threshold 1e-2
Output = Number of elements: 33880
maxAbsDiff info: maxAbsDiff = 19.000000 (valNum = 58.75000, gpuNum = 39.75000), average absDiff = 1.2e+01
maxRelDiff info: maxRelDiff = 3.2e-01 (valNum = 58.7500000000, gpuNum = 39.7500000000), average relDiff = 3.2e-01
RMS = 2.3e-01
Histogram of relDiff: 
        relDiff = 0     : 0/33880 (0.000000%)
     0 < relDiff < 1e-06: 0/33880 (0.000000%)
1e-06 < relDiff <= 1e-05: 0/33880 (0.000000%)
1e-05 < relDiff <= 1e-04: 0/33880 (0.000000%)
1e-04 < relDiff <= 1e-03: 0/33880 (0.000000%)
1e-03 < relDiff <= 1e-02: 0/33880 (0.000000%)
1e-02 < relDiff <= 1e-01: 0/33880 (0.000000%)
1e-01 < relDiff <= 1e+00: 33880/33880 (100.000000%)
1e+00 < relDiff < inf   : 0/33880 (0.000000%)
        relDiff = inf   : 0/33880 (0.000000%)
[0 1 1]

----------------------------------------------------------------------------------------------------
NOT_APPLICABLE: GemmConfiguration(datatype='i8', out_dtype='i32', g=2, m=389, k=261, n=314, trans_a=False, trans_b=True, perfconfig='gemm:v1:64,16,32,1,1,8,0,2,3,2,1', scaled_gemm=False, scale_a_dtype=None, scale_b_dtype=None, trans_scale_a=False, trans_scale_b=False, arch='gfx950:sramecc+:xnack-', chip='gfx950', num_cu=256, num_chiplets=8)
----------------------------------------------------------------------------------------------------
FAIL: GemmConfiguration(datatype='fp8', out_dtype='f32', g=2, m=118, k=456, n=282, trans_a=False, trans_b=True, perfconfig='gemm:v1:32,16,32,2,1,16,0,3,2,1,0', scaled_gemm=False, scale_a_dtype=None, scale_b_dtype=None, trans_scale_a=False, trans_scale_b=False, arch='gfx950:sramecc+:xnack-', chip='gfx950', num_cu=256, num_chiplets=8)
----------------------------------------------------------------------------------------------------
PASS: GemmConfiguration(datatype='f16', out_dtype='f16', g=1, m=50, k=379, n=395, trans_a=False, trans_b=True, perfconfig='gemm:v1:32,128,128,2,1,4,16,4,3,4,2', scaled_gemm=False, scale_a_dtype=None, scale_b_dtype=None, trans_scale_a=False, trans_scale_b=False, arch='gfx950:sramecc+:xnack-', chip='gfx950', num_cu=256, num_chiplets=8)
----------------------------------------------------------------------------------------------------
FAIL: GemmConfiguration(datatype='i8', out_dtype='i32', g=2, m=179, k=209, n=395, trans_a=False, trans_b=True, perfconfig='gemm:v1:256,128,32,2,1,4,0,1,3,4,0', scaled_gemm=False, scale_a_dtype=None, scale_b_dtype=None, trans_scale_a=False, trans_scale_b=False, arch='gfx950:sramecc+:xnack-', chip='gfx950', num_cu=256, num_chiplets=8)
----------------------------------------------------------------------------------------------------
PASS: GemmConfiguration(datatype='bf16', out_dtype='bf16', g=2, m=14, k=461, n=47, trans_a=False, trans_b=False, perfconfig='gemm:v1:128,256,32,1,1,4,16,4,2,8,2', scaled_gemm=False, scale_a_dtype=None, scale_b_dtype=None, trans_scale_a=False, trans_scale_b=False, arch='gfx950:sramecc+:xnack-', chip='gfx950', num_cu=256, num_chiplets=8)
----------------------------------------------------------------------------------------------------
PASS: GemmConfiguration(datatype='bf16', out_dtype='bf16', g=1, m=199, k=308, n=2, trans_a=True, trans_b=False, perfconfig='gemm:v1:256,256,32,2,1,1,0,3,1,0,0', scaled_gemm=False, scale_a_dtype=None, scale_b_dtype=None, trans_scale_a=False, trans_scale_b=False, arch='gfx950:sramecc+:xnack-', chip='gfx950', num_cu=256, num_chiplets=8)
----------------------------------------------------------------------------------------------------
FAIL: GemmConfiguration(datatype='bf16', out_dtype='bf16', g=2, m=26, k=505, n=379, trans_a=True, trans_b=True, perfconfig='gemm:v1:128,256,16,2,1,1,0,2,3,2,8', scaled_gemm=False, scale_a_dtype=None, scale_b_dtype=None, trans_scale_a=False, trans_scale_b=False, arch='gfx950:sramecc+:xnack-', chip='gfx950', num_cu=256, num_chiplets=8)
Lowering rejected config as not applicable
Command line = -operation gemm -t i8 -out_datatype i32 --arch gfx950:sramecc+:xnack- --num_cu 256 --num_chiplets 8 -g 2 -m 169 -k 123 -n 25 -transA=False -transB=True --perf_config=gemm:v1:64,32,32,1,1,4,32,4,1,0,2 -pv
Errors = loc("<stdin>":18:10): error: Fusion with SplitK perfConfig is not legal
Lowering not applicable.

----------------------------------------------------------------------------------------------------
NOT_APPLICABLE: GemmConfiguration(datatype='i8', out_dtype='i32', g=2, m=169, k=123, n=25, trans_a=False, trans_b=True, perfconfig='gemm:v1:64,32,32,1,1,4,32,4,1,0,2', scaled_gemm=False, scale_a_dtype=None, scale_b_dtype=None, trans_scale_a=False, trans_scale_b=False, arch='gfx950:sramecc+:xnack-', chip='gfx950', num_cu=256, num_chiplets=8)
Lowering rejected config as not applicable
Command line = -operation gemm -t i8 -out_datatype i32 --arch gfx950:sramecc+:xnack- --num_cu 256 --num_chiplets 8 -g 2 -m 326 -k 414 -n 323 -transA=False -transB=True --perf_config=gemm:v1:256,256,64,1,1,8,0,2,2,1,1 -pv
Errors = loc("<stdin>":18:10): error: Fusion with SplitK perfConfig is not legal
Lowering not applicable.

----------------------------------------------------------------------------------------------------
NOT_APPLICABLE: GemmConfiguration(datatype='i8', out_dtype='i32', g=2, m=326, k=414, n=323, trans_a=False, trans_b=True, perfconfig='gemm:v1:256,256,64,1,1,8,0,2,2,1,1', scaled_gemm=False, scale_a_dtype=None, scale_b_dtype=None, trans_scale_a=False, trans_scale_b=False, arch='gfx950:sramecc+:xnack-', chip='gfx950', num_cu=256, num_chiplets=8)
----------------------------------------------------------------------------------------------------
PASS: GemmConfiguration(datatype='f32', out_dtype='f32', g=1, m=408, k=30, n=168, trans_a=False, trans_b=False, perfconfig='gemm:v1:64,32,128,1,1,16,16,4,1,4,4', scaled_gemm=False, scale_a_dtype=None, scale_b_dtype=None, trans_scale_a=False, trans_scale_b=False, arch='gfx950:sramecc+:xnack-', chip='gfx950', num_cu=256, num_chiplets=8)
----------------------------------------------------------------------------------------------------
FAIL: GemmConfiguration(datatype='bf16', out_dtype='bf16', g=1, m=242, k=100, n=140, trans_a=True, trans_b=True, perfconfig='gemm:v1:64,16,16,2,1,2,16,4,2,1,4', scaled_gemm=False, scale_a_dtype=None, scale_b_dtype=None, trans_scale_a=False, trans_scale_b=False, arch='gfx950:sramecc+:xnack-', chip='gfx950', num_cu=256, num_chiplets=8)
----------------------------------------------------------------------------------------------------
PASS: GemmConfiguration(datatype='f32', out_dtype='f32', g=1, m=503, k=342, n=373, trans_a=False, trans_b=True, perfconfig='gemm:v1:16,128,32,2,1,2,0,3,1,8,2', scaled_gemm=False, scale_a_dtype=None, scale_b_dtype=None, trans_scale_a=False, trans_scale_b=False, arch='gfx950:sramecc+:xnack-', chip='gfx950', num_cu=256, num_chiplets=8)
----------------------------------------------------------------------------------------------------
PASS: GemmConfiguration(datatype='i8', out_dtype='i32', g=1, m=291, k=223, n=150, trans_a=False, trans_b=False, perfconfig='gemm:v1:128,16,16,1,1,2,0,1,1,4,8', scaled_gemm=False, scale_a_dtype=None, scale_b_dtype=None, trans_scale_a=False, trans_scale_b=False, arch='gfx950:sramecc+:xnack-', chip='gfx950', num_cu=256, num_chiplets=8)
----------------------------------------------------------------------------------------------------
PASS: GemmConfiguration(datatype='f32', out_dtype='f32', g=2, m=404, k=45, n=246, trans_a=True, trans_b=True, perfconfig='gemm:v1:128,256,128,2,1,16,32,1,3,0,0', scaled_gemm=False, scale_a_dtype=None, scale_b_dtype=None, trans_scale_a=False, trans_scale_b=False, arch='gfx950:sramecc+:xnack-', chip='gfx950', num_cu=256, num_chiplets=8)
----------------------------------------------------------------------------------------------------
PASS: GemmConfiguration(datatype='fp8', out_dtype='f32', g=2, m=492, k=173, n=316, trans_a=True, trans_b=True, perfconfig='gemm:v1:128,256,16,1,1,8,32,4,3,8,1', scaled_gemm=False, scale_a_dtype=None, scale_b_dtype=None, trans_scale_a=False, trans_scale_b=False, arch='gfx950:sramecc+:xnack-', chip='gfx950', num_cu=256, num_chiplets=8)
----------------------------------------------------------------------------------------------------
PASS: GemmConfiguration(datatype='i8', out_dtype='i32', g=1, m=168, k=485, n=147, trans_a=False, trans_b=True, perfconfig='gemm:v1:256,32,64,1,1,16,16,1,1,1,2', scaled_gemm=False, scale_a_dtype=None, scale_b_dtype=None, trans_scale_a=False, trans_scale_b=False, arch='gfx950:sramecc+:xnack-', chip='gfx950', num_cu=256, num_chiplets=8)
----------------------------------------------------------------------------------------------------
PASS: GemmConfiguration(datatype='fp8', out_dtype='f32', g=2, m=376, k=133, n=105, trans_a=False, trans_b=True, perfconfig='gemm:v1:32,64,16,1,1,16,32,3,1,4,8', scaled_gemm=False, scale_a_dtype=None, scale_b_dtype=None, trans_scale_a=False, trans_scale_b=False, arch='gfx950:sramecc+:xnack-', chip='gfx950', num_cu=256, num_chiplets=8)
FAIL: Runner returned incorrect result
Config = GemmConfiguration(datatype='fp8', out_dtype='f32', g=2, m=49, k=120, n=442, trans_a=False, trans_b=False, perfconfig='gemm:v1:256,16,32,2,1,8,0,2,2,1,4', scaled_gemm=False, scale_a_dtype=None, scale_b_dtype=None, trans_scale_a=False, trans_scale_b=False, arch='gfx950:sramecc+:xnack-', chip='gfx950', num_cu=256, num_chiplets=8)
Command line = -operation gemm -t fp8 -out_datatype f32 --arch gfx950:sramecc+:xnack- --num_cu 256 --num_chiplets 8 -g 2 -m 49 -k 120 -n 442 -transA=False -transB=False --perf_config=gemm:v1:256,16,32,2,1,8,0,2,2,1,4 -pv -relDiff_threshold 1e-5
Output = Number of elements: 43316
maxAbsDiff info: maxAbsDiff = 19.375000 (valNum = 72.50000, gpuNum = 53.12500), average absDiff = 1.3e+01
maxRelDiff info: maxRelDiff = 2.9e-01 (valNum = -35.0000000000, gpuNum = -25.0000000000), average relDiff = 2.7e-01
RMS = 1.9e-01
Histogram of relDiff: 
        relDiff = 0     : 0/43316 (0.000000%)
     0 < relDiff < 1e-06: 0/43316 (0.000000%)
1e-06 < relDiff <= 1e-05: 0/43316 (0.000000%)
1e-05 < relDiff <= 1e-04: 0/43316 (0.000000%)
1e-04 < relDiff <= 1e-03: 0/43316 (0.000000%)
1e-03 < relDiff <= 1e-02: 0/43316 (0.000000%)
1e-02 < relDiff <= 1e-01: 0/43316 (0.000000%)
1e-01 < relDiff <= 1e+00: 43316/43316 (100.000000%)
1e+00 < relDiff < inf   : 0/43316 (0.000000%)
        relDiff = inf   : 0/43316 (0.000000%)
[0 1 0]

FAIL: Runner returned incorrect result
Config = GemmConfiguration(datatype='i8', out_dtype='i32', g=2, m=244, k=111, n=84, trans_a=True, trans_b=True, perfconfig='gemm:v1:32,32,16,2,1,1,32,1,2,0,0', scaled_gemm=False, scale_a_dtype=None, scale_b_dtype=None, trans_scale_a=False, trans_scale_b=False, arch='gfx950:sramecc+:xnack-', chip='gfx950', num_cu=256, num_chiplets=8)
Command line = -operation gemm -t i8 -out_datatype i32 --arch gfx950:sramecc+:xnack- --num_cu 256 --num_chiplets 8 -g 2 -m 244 -k 111 -n 84 -transA=True -transB=True --perf_config=gemm:v1:32,32,16,2,1,1,32,1,2,0,0 -pv
Output = Number of elements: 40992
Number of incorrect elements: 40992
maxAbsDiff: 160
Number of overflow elements: 0
[0 0 0]
FAIL: Runner returned incorrect result
Config = GemmConfiguration(datatype='bf16', out_dtype='bf16', g=2, m=365, k=304, n=73, trans_a=True, trans_b=False, perfconfig='gemm:v1:16,16,16,2,1,16,0,4,2,1,4', scaled_gemm=False, scale_a_dtype=None, scale_b_dtype=None, trans_scale_a=False, trans_scale_b=False, arch='gfx950:sramecc+:xnack-', chip='gfx950', num_cu=256, num_chiplets=8)
Command line = -operation gemm -t bf16 -out_datatype bf16 --arch gfx950:sramecc+:xnack- --num_cu 256 --num_chiplets 8 -g 2 -m 365 -k 304 -n 73 -transA=True -transB=False --perf_config=gemm:v1:16,16,16,2,1,16,0,4,2,1,4 -pv -RMS_threshold 1e-2
Output = Number of elements: 53290
maxAbsDiff info: maxAbsDiff = 115.000000 (valNum = 178.00000, gpuNum = 63.00000), average absDiff = 7.5e+01
maxRelDiff info: maxRelDiff = 6.5e-01 (valNum = 177.0000000000, gpuNum = 62.5000000000), average relDiff = 6.4e-01
RMS = 4.7e-01
Histogram of relDiff: 
        relDiff = 0     : 0/53290 (0.000000%)
     0 < relDiff < 1e-06: 0/53290 (0.000000%)
1e-06 < relDiff <= 1e-05: 0/53290 (0.000000%)
1e-05 < relDiff <= 1e-04: 0/53290 (0.000000%)
1e-04 < relDiff <= 1e-03: 0/53290 (0.000000%)
1e-03 < relDiff <= 1e-02: 0/53290 (0.000000%)
1e-02 < relDiff <= 1e-01: 0/53290 (0.000000%)
1e-01 < relDiff <= 1e+00: 53290/53290 (100.000000%)
1e+00 < relDiff < inf   : 0/53290 (0.000000%)
        relDiff = inf   : 0/53290 (0.000000%)
[0 0 1]

----------------------------------------------------------------------------------------------------
PASS: GemmConfiguration(datatype='fp8', out_dtype='f32', g=1, m=359, k=321, n=424, trans_a=True, trans_b=False, perfconfig='gemm:v1:32,64,32,2,1,8,32,4,2,2,4', scaled_gemm=False, scale_a_dtype=None, scale_b_dtype=None, trans_scale_a=False, trans_scale_b=False, arch='gfx950:sramecc+:xnack-', chip='gfx950', num_cu=256, num_chiplets=8)
----------------------------------------------------------------------------------------------------
PASS: GemmConfiguration(datatype='i8', out_dtype='i32', g=2, m=434, k=359, n=23, trans_a=True, trans_b=False, perfconfig='gemm:v1:256,64,16,1,1,16,0,1,1,0,1', scaled_gemm=False, scale_a_dtype=None, scale_b_dtype=None, trans_scale_a=False, trans_scale_b=False, arch='gfx950:sramecc+:xnack-', chip='gfx950', num_cu=256, num_chiplets=8)
----------------------------------------------------------------------------------------------------
PASS: GemmConfiguration(datatype='f16', out_dtype='f16', g=1, m=223, k=301, n=282, trans_a=True, trans_b=False, perfconfig='gemm:v1:32,256,16,1,1,8,32,3,3,0,4', scaled_gemm=False, scale_a_dtype=None, scale_b_dtype=None, trans_scale_a=False, trans_scale_b=False, arch='gfx950:sramecc+:xnack-', chip='gfx950', num_cu=256, num_chiplets=8)
----------------------------------------------------------------------------------------------------
PASS: GemmConfiguration(datatype='bf16', out_dtype='bf16', g=1, m=91, k=187, n=336, trans_a=True, trans_b=False, perfconfig='gemm:v1:256,32,32,2,1,2,32,1,1,0,2', scaled_gemm=False, scale_a_dtype=None, scale_b_dtype=None, trans_scale_a=False, trans_scale_b=False, arch='gfx950:sramecc+:xnack-', chip='gfx950', num_cu=256, num_chiplets=8)
----------------------------------------------------------------------------------------------------
PASS: GemmConfiguration(datatype='bf16', out_dtype='bf16', g=2, m=81, k=462, n=123, trans_a=False, trans_b=False, perfconfig='gemm:v1:256,16,64,1,1,2,16,1,2,2,1', scaled_gemm=False, scale_a_dtype=None, scale_b_dtype=None, trans_scale_a=False, trans_scale_b=False, arch='gfx950:sramecc+:xnack-', chip='gfx950', num_cu=256, num_chiplets=8)
----------------------------------------------------------------------------------------------------
PASS: GemmConfiguration(datatype='f16', out_dtype='f16', g=2, m=320, k=104, n=105, trans_a=True, trans_b=True, perfconfig='gemm:v1:256,64,32,1,1,2,0,1,2,1,2', scaled_gemm=False, scale_a_dtype=None, scale_b_dtype=None, trans_scale_a=False, trans_scale_b=False, arch='gfx950:sramecc+:xnack-', chip='gfx950', num_cu=256, num_chiplets=8)
----------------------------------------------------------------------------------------------------
FAIL: GemmConfiguration(datatype='fp8', out_dtype='f32', g=2, m=49, k=120, n=442, trans_a=False, trans_b=False, perfconfig='gemm:v1:256,16,32,2,1,8,0,2,2,1,4', scaled_gemm=False, scale_a_dtype=None, scale_b_dtype=None, trans_scale_a=False, trans_scale_b=False, arch='gfx950:sramecc+:xnack-', chip='gfx950', num_cu=256, num_chiplets=8)
----------------------------------------------------------------------------------------------------
PASS: GemmConfiguration(datatype='fp8', out_dtype='f32', g=1, m=393, k=58, n=423, trans_a=True, trans_b=True, perfconfig='gemm:v1:32,64,64,2,1,2,32,3,3,1,0', scaled_gemm=False, scale_a_dtype=None, scale_b_dtype=None, trans_scale_a=False, trans_scale_b=False, arch='gfx950:sramecc+:xnack-', chip='gfx950', num_cu=256, num_chiplets=8)
----------------------------------------------------------------------------------------------------
PASS: GemmConfiguration(datatype='fp8', out_dtype='f32', g=1, m=207, k=206, n=187, trans_a=False, trans_b=True, perfconfig='gemm:v1:32,32,128,1,1,2,16,2,2,4,1', scaled_gemm=False, scale_a_dtype=None, scale_b_dtype=None, trans_scale_a=False, trans_scale_b=False, arch='gfx950:sramecc+:xnack-', chip='gfx950', num_cu=256, num_chiplets=8)
----------------------------------------------------------------------------------------------------
PASS: GemmConfiguration(datatype='f16', out_dtype='f16', g=1, m=17, k=130, n=168, trans_a=True, trans_b=False, perfconfig='gemm:v1:16,256,16,1,1,8,32,1,1,4,0', scaled_gemm=False, scale_a_dtype=None, scale_b_dtype=None, trans_scale_a=False, trans_scale_b=False, arch='gfx950:sramecc+:xnack-', chip='gfx950', num_cu=256, num_chiplets=8)
----------------------------------------------------------------------------------------------------
PASS: GemmConfiguration(datatype='fp8', out_dtype='f32', g=2, m=332, k=369, n=167, trans_a=False, trans_b=True, perfconfig='gemm:v1:128,64,32,2,1,8,32,4,3,0,4', scaled_gemm=False, scale_a_dtype=None, scale_b_dtype=None, trans_scale_a=False, trans_scale_b=False, arch='gfx950:sramecc+:xnack-', chip='gfx950', num_cu=256, num_chiplets=8)
----------------------------------------------------------------------------------------------------
FAIL: GemmConfiguration(datatype='i8', out_dtype='i32', g=2, m=244, k=111, n=84, trans_a=True, trans_b=True, perfconfig='gemm:v1:32,32,16,2,1,1,32,1,2,0,0', scaled_gemm=False, scale_a_dtype=None, scale_b_dtype=None, trans_scale_a=False, trans_scale_b=False, arch='gfx950:sramecc+:xnack-', chip='gfx950', num_cu=256, num_chiplets=8)
----------------------------------------------------------------------------------------------------
PASS: GemmConfiguration(datatype='fp8', out_dtype='f32', g=2, m=135, k=234, n=87, trans_a=True, trans_b=False, perfconfig='gemm:v1:256,16,64,2,1,1,0,2,1,1,1', scaled_gemm=False, scale_a_dtype=None, scale_b_dtype=None, trans_scale_a=False, trans_scale_b=False, arch='gfx950:sramecc+:xnack-', chip='gfx950', num_cu=256, num_chiplets=8)
----------------------------------------------------------------------------------------------------
PASS: GemmConfiguration(datatype='bf16', out_dtype='bf16', g=2, m=385, k=470, n=486, trans_a=False, trans_b=True, perfconfig='gemm:v1:128,128,128,1,1,2,32,1,2,1,2', scaled_gemm=False, scale_a_dtype=None, scale_b_dtype=None, trans_scale_a=False, trans_scale_b=False, arch='gfx950:sramecc+:xnack-', chip='gfx950', num_cu=256, num_chiplets=8)
----------------------------------------------------------------------------------------------------
PASS: GemmConfiguration(datatype='fp8', out_dtype='f32', g=1, m=315, k=11, n=334, trans_a=True, trans_b=False, perfconfig='gemm:v1:128,64,16,2,1,8,0,1,1,1,1', scaled_gemm=False, scale_a_dtype=None, scale_b_dtype=None, trans_scale_a=False, trans_scale_b=False, arch='gfx950:sramecc+:xnack-', chip='gfx950', num_cu=256, num_chiplets=8)
----------------------------------------------------------------------------------------------------
PASS: GemmConfiguration(datatype='f16', out_dtype='f16', g=2, m=212, k=320, n=185, trans_a=False, trans_b=True, perfconfig='gemm:v1:64,16,64,1,1,4,16,1,1,8,8', scaled_gemm=False, scale_a_dtype=None, scale_b_dtype=None, trans_scale_a=False, trans_scale_b=False, arch='gfx950:sramecc+:xnack-', chip='gfx950', num_cu=256, num_chiplets=8)
----------------------------------------------------------------------------------------------------
PASS: GemmConfiguration(datatype='bf16', out_dtype='bf16', g=2, m=489, k=48, n=162, trans_a=False, trans_b=False, perfconfig='gemm:v1:128,32,32,2,1,16,32,3,3,8,8', scaled_gemm=False, scale_a_dtype=None, scale_b_dtype=None, trans_scale_a=False, trans_scale_b=False, arch='gfx950:sramecc+:xnack-', chip='gfx950', num_cu=256, num_chiplets=8)
----------------------------------------------------------------------------------------------------
PASS: GemmConfiguration(datatype='f16', out_dtype='f16', g=1, m=407, k=8, n=14, trans_a=True, trans_b=True, perfconfig='gemm:v1:256,128,64,1,1,8,32,4,3,8,1', scaled_gemm=False, scale_a_dtype=None, scale_b_dtype=None, trans_scale_a=False, trans_scale_b=False, arch='gfx950:sramecc+:xnack-', chip='gfx950', num_cu=256, num_chiplets=8)
FAIL: Runner returned incorrect result
Config = GemmConfiguration(datatype='fp8', out_dtype='f32', g=2, m=470, k=480, n=495, trans_a=True, trans_b=False, perfconfig='gemm:v1:128,64,32,2,1,8,16,3,1,1,8', scaled_gemm=False, scale_a_dtype=None, scale_b_dtype=None, trans_scale_a=False, trans_scale_b=False, arch='gfx950:sramecc+:xnack-', chip='gfx950', num_cu=256, num_chiplets=8)
Command line = -operation gemm -t fp8 -out_datatype f32 --arch gfx950:sramecc+:xnack- --num_cu 256 --num_chiplets 8 -g 2 -m 470 -k 480 -n 495 -transA=True -transB=False --perf_config=gemm:v1:128,64,32,2,1,8,16,3,1,1,8 -pv -relDiff_threshold 1e-5
Output = Number of elements: 465300
maxAbsDiff info: maxAbsDiff = 24.500000 (valNum = -40.00000, gpuNum = -15.50000), average absDiff = 1.8e+01
maxRelDiff info: maxRelDiff = 6.1e-01 (valNum = 20.0000000000, gpuNum = 7.7500000000), average relDiff = 6.1e-01
RMS = 4.8e-01
Histogram of relDiff: 
        relDiff = 0     : 0/465300 (0.000000%)
     0 < relDiff < 1e-06: 0/465300 (0.000000%)
1e-06 < relDiff <= 1e-05: 0/465300 (0.000000%)
1e-05 < relDiff <= 1e-04: 0/465300 (0.000000%)
1e-04 < relDiff <= 1e-03: 0/465300 (0.000000%)
1e-03 < relDiff <= 1e-02: 0/465300 (0.000000%)
1e-02 < relDiff <= 1e-01: 0/465300 (0.000000%)
1e-01 < relDiff <= 1e+00: 465300/465300 (100.000000%)
1e+00 < relDiff < inf   : 0/465300 (0.000000%)
        relDiff = inf   : 0/465300 (0.000000%)
[0 1 0]

FAIL: Runner returned incorrect result
Config = GemmConfiguration(datatype='bf16', out_dtype='bf16', g=2, m=66, k=102, n=315, trans_a=True, trans_b=False, perfconfig='gemm:v1:32,16,16,2,1,2,32,3,2,8,2', scaled_gemm=False, scale_a_dtype=None, scale_b_dtype=None, trans_scale_a=False, trans_scale_b=False, arch='gfx950:sramecc+:xnack-', chip='gfx950', num_cu=256, num_chiplets=8)
Command line = -operation gemm -t bf16 -out_datatype bf16 --arch gfx950:sramecc+:xnack- --num_cu 256 --num_chiplets 8 -g 2 -m 66 -k 102 -n 315 -transA=True -transB=False --perf_config=gemm:v1:32,16,16,2,1,2,32,3,2,8,2 -pv -RMS_threshold 1e-2
Output = Number of elements: 41580
maxAbsDiff info: maxAbsDiff = 60.000000 (valNum = 102.00000, gpuNum = 42.00000), average absDiff = 3.4e+01
maxRelDiff info: maxRelDiff = 5.9e-01 (valNum = 57.5000000000, gpuNum = 23.6250000000), average relDiff = 5.9e-01
RMS = 3.6e-01
Histogram of relDiff: 
        relDiff = 0     : 0/41580 (0.000000%)
     0 < relDiff < 1e-06: 0/41580 (0.000000%)
1e-06 < relDiff <= 1e-05: 0/41580 (0.000000%)
1e-05 < relDiff <= 1e-04: 0/41580 (0.000000%)
1e-04 < relDiff <= 1e-03: 0/41580 (0.000000%)
1e-03 < relDiff <= 1e-02: 0/41580 (0.000000%)
1e-02 < relDiff <= 1e-01: 0/41580 (0.000000%)
1e-01 < relDiff <= 1e+00: 41580/41580 (100.000000%)
1e+00 < relDiff < inf   : 0/41580 (0.000000%)
        relDiff = inf   : 0/41580 (0.000000%)
[0 1 1]

----------------------------------------------------------------------------------------------------
FAIL: GemmConfiguration(datatype='bf16', out_dtype='bf16', g=2, m=365, k=304, n=73, trans_a=True, trans_b=False, perfconfig='gemm:v1:16,16,16,2,1,16,0,4,2,1,4', scaled_gemm=False, scale_a_dtype=None, scale_b_dtype=None, trans_scale_a=False, trans_scale_b=False, arch='gfx950:sramecc+:xnack-', chip='gfx950', num_cu=256, num_chiplets=8)
----------------------------------------------------------------------------------------------------
FAIL: GemmConfiguration(datatype='fp8', out_dtype='f32', g=2, m=470, k=480, n=495, trans_a=True, trans_b=False, perfconfig='gemm:v1:128,64,32,2,1,8,16,3,1,1,8', scaled_gemm=False, scale_a_dtype=None, scale_b_dtype=None, trans_scale_a=False, trans_scale_b=False, arch='gfx950:sramecc+:xnack-', chip='gfx950', num_cu=256, num_chiplets=8)
----------------------------------------------------------------------------------------------------
PASS: GemmConfiguration(datatype='f32', out_dtype='f32', g=1, m=244, k=272, n=475, trans_a=False, trans_b=False, perfconfig='gemm:v1:64,32,128,1,1,8,32,2,3,0,0', scaled_gemm=False, scale_a_dtype=None, scale_b_dtype=None, trans_scale_a=False, trans_scale_b=False, arch='gfx950:sramecc+:xnack-', chip='gfx950', num_cu=256, num_chiplets=8)
----------------------------------------------------------------------------------------------------
PASS: GemmConfiguration(datatype='fp8', out_dtype='f32', g=1, m=82, k=240, n=13, trans_a=False, trans_b=False, perfconfig='gemm:v1:64,256,128,1,1,4,32,4,2,4,4', scaled_gemm=False, scale_a_dtype=None, scale_b_dtype=None, trans_scale_a=False, trans_scale_b=False, arch='gfx950:sramecc+:xnack-', chip='gfx950', num_cu=256, num_chiplets=8)
Lowering rejected config as not applicable
Command line = -operation gemm -t i8 -out_datatype i32 --arch gfx950:sramecc+:xnack- --num_cu 256 --num_chiplets 8 -g 1 -m 213 -k 475 -n 420 -transA=False -transB=True --perf_config=gemm:v1:16,128,128,2,1,16,16,4,3,4,4 -pv
Errors = loc("<stdin>":17:10): error: Fusion with SplitK perfConfig is not legal
Lowering not applicable.

----------------------------------------------------------------------------------------------------
NOT_APPLICABLE: GemmConfiguration(datatype='i8', out_dtype='i32', g=1, m=213, k=475, n=420, trans_a=False, trans_b=True, perfconfig='gemm:v1:16,128,128,2,1,16,16,4,3,4,4', scaled_gemm=False, scale_a_dtype=None, scale_b_dtype=None, trans_scale_a=False, trans_scale_b=False, arch='gfx950:sramecc+:xnack-', chip='gfx950', num_cu=256, num_chiplets=8)
Lowering rejected config as not applicable
Command line = -operation gemm -t i8 -out_datatype i32 --arch gfx950:sramecc+:xnack- --num_cu 256 --num_chiplets 8 -g 1 -m 342 -k 248 -n 174 -transA=True -transB=True --perf_config=gemm:v1:32,32,32,2,1,4,32,4,3,8,8 -pv
Errors = loc("<stdin>":18:10): error: Fusion with SplitK perfConfig is not legal
Lowering not applicable.

----------------------------------------------------------------------------------------------------
NOT_APPLICABLE: GemmConfiguration(datatype='i8', out_dtype='i32', g=1, m=342, k=248, n=174, trans_a=True, trans_b=True, perfconfig='gemm:v1:32,32,32,2,1,4,32,4,3,8,8', scaled_gemm=False, scale_a_dtype=None, scale_b_dtype=None, trans_scale_a=False, trans_scale_b=False, arch='gfx950:sramecc+:xnack-', chip='gfx950', num_cu=256, num_chiplets=8)
----------------------------------------------------------------------------------------------------
PASS: GemmConfiguration(datatype='f32', out_dtype='f32', g=1, m=491, k=471, n=65, trans_a=True, trans_b=True, perfconfig='gemm:v1:32,32,128,2,1,16,0,1,1,4,4', scaled_gemm=False, scale_a_dtype=None, scale_b_dtype=None, trans_scale_a=False, trans_scale_b=False, arch='gfx950:sramecc+:xnack-', chip='gfx950', num_cu=256, num_chiplets=8)
----------------------------------------------------------------------------------------------------
PASS: GemmConfiguration(datatype='f32', out_dtype='f32', g=1, m=241, k=211, n=115, trans_a=True, trans_b=True, perfconfig='gemm:v1:64,16,128,1,1,8,16,1,1,2,1', scaled_gemm=False, scale_a_dtype=None, scale_b_dtype=None, trans_scale_a=False, trans_scale_b=False, arch='gfx950:sramecc+:xnack-', chip='gfx950', num_cu=256, num_chiplets=8)
----------------------------------------------------------------------------------------------------
FAIL: GemmConfiguration(datatype='bf16', out_dtype='bf16', g=2, m=66, k=102, n=315, trans_a=True, trans_b=False, perfconfig='gemm:v1:32,16,16,2,1,2,32,3,2,8,2', scaled_gemm=False, scale_a_dtype=None, scale_b_dtype=None, trans_scale_a=False, trans_scale_b=False, arch='gfx950:sramecc+:xnack-', chip='gfx950', num_cu=256, num_chiplets=8)
----------------------------------------------------------------------------------------------------
PASS: GemmConfiguration(datatype='f32', out_dtype='f32', g=1, m=414, k=264, n=89, trans_a=False, trans_b=True, perfconfig='gemm:v1:32,128,128,2,1,4,0,4,1,1,2', scaled_gemm=False, scale_a_dtype=None, scale_b_dtype=None, trans_scale_a=False, trans_scale_b=False, arch='gfx950:sramecc+:xnack-', chip='gfx950', num_cu=256, num_chiplets=8)
----------------------------------------------------------------------------------------------------
PASS: GemmConfiguration(datatype='f16', out_dtype='f16', g=2, m=359, k=278, n=295, trans_a=False, trans_b=False, perfconfig='gemm:v1:128,64,64,1,1,1,16,2,2,4,8', scaled_gemm=False, scale_a_dtype=None, scale_b_dtype=None, trans_scale_a=False, trans_scale_b=False, arch='gfx950:sramecc+:xnack-', chip='gfx950', num_cu=256, num_chiplets=8)
----------------------------------------------------------------------------------------------------
PASS: GemmConfiguration(datatype='f16', out_dtype='f16', g=2, m=245, k=10, n=253, trans_a=False, trans_b=False, perfconfig='gemm:v1:128,256,32,1,1,1,0,3,2,2,4', scaled_gemm=False, scale_a_dtype=None, scale_b_dtype=None, trans_scale_a=False, trans_scale_b=False, arch='gfx950:sramecc+:xnack-', chip='gfx950', num_cu=256, num_chiplets=8)
----------------------------------------------------------------------------------------------------
PASS: GemmConfiguration(datatype='fp8', out_dtype='f32', g=1, m=51, k=153, n=347, trans_a=True, trans_b=True, perfconfig='gemm:v1:64,16,64,2,1,16,16,1,1,1,2', scaled_gemm=False, scale_a_dtype=None, scale_b_dtype=None, trans_scale_a=False, trans_scale_b=False, arch='gfx950:sramecc+:xnack-', chip='gfx950', num_cu=256, num_chiplets=8)
----------------------------------------------------------------------------------------------------
PASS: GemmConfiguration(datatype='fp8', out_dtype='f32', g=2, m=502, k=106, n=410, trans_a=False, trans_b=True, perfconfig='gemm:v1:256,32,16,1,1,8,32,4,1,8,8', scaled_gemm=False, scale_a_dtype=None, scale_b_dtype=None, trans_scale_a=False, trans_scale_b=False, arch='gfx950:sramecc+:xnack-', chip='gfx950', num_cu=256, num_chiplets=8)
----------------------------------------------------------------------------------------------------
PASS: GemmConfiguration(datatype='f16', out_dtype='f16', g=2, m=219, k=263, n=154, trans_a=True, trans_b=False, perfconfig='gemm:v1:16,64,32,1,1,8,0,2,1,1,8', scaled_gemm=False, scale_a_dtype=None, scale_b_dtype=None, trans_scale_a=False, trans_scale_b=False, arch='gfx950:sramecc+:xnack-', chip='gfx950', num_cu=256, num_chiplets=8)
----------------------------------------------------------------------------------------------------
PASS: GemmConfiguration(datatype='f16', out_dtype='f16', g=2, m=136, k=91, n=409, trans_a=True, trans_b=False, perfconfig='gemm:v1:16,32,32,1,1,16,0,2,2,2,1', scaled_gemm=False, scale_a_dtype=None, scale_b_dtype=None, trans_scale_a=False, trans_scale_b=False, arch='gfx950:sramecc+:xnack-', chip='gfx950', num_cu=256, num_chiplets=8)
----------------------------------------------------------------------------------------------------
PASS: GemmConfiguration(datatype='f16', out_dtype='f16', g=1, m=279, k=470, n=25, trans_a=True, trans_b=False, perfconfig='gemm:v1:16,32,64,1,1,2,0,2,3,8,2', scaled_gemm=False, scale_a_dtype=None, scale_b_dtype=None, trans_scale_a=False, trans_scale_b=False, arch='gfx950:sramecc+:xnack-', chip='gfx950', num_cu=256, num_chiplets=8)
FAIL: Runner returned incorrect result
Config = GemmConfiguration(datatype='bf16', out_dtype='bf16', g=1, m=182, k=195, n=45, trans_a=True, trans_b=False, perfconfig='gemm:v1:128,16,16,2,1,2,32,4,1,8,8', scaled_gemm=False, scale_a_dtype=None, scale_b_dtype=None, trans_scale_a=False, trans_scale_b=False, arch='gfx950:sramecc+:xnack-', chip='gfx950', num_cu=256, num_chiplets=8)
Command line = -operation gemm -t bf16 -out_datatype bf16 --arch gfx950:sramecc+:xnack- --num_cu 256 --num_chiplets 8 -g 1 -m 182 -k 195 -n 45 -transA=True -transB=False --perf_config=gemm:v1:128,16,16,2,1,2,32,4,1,8,8 -pv -RMS_threshold 1e-2
Output = Number of elements: 8190
maxAbsDiff info: maxAbsDiff = 11.656250 (valNum = -16.25000, gpuNum = -4.59375), average absDiff = 8.5e+00
maxRelDiff info: maxRelDiff = 7.2e-01 (valNum = 12.1875000000, gpuNum = 3.4375000000), average relDiff = 7.0e-01
RMS = 5.4e-01
Histogram of relDiff: 
        relDiff = 0     : 0/8190 (0.000000%)
     0 < relDiff < 1e-06: 0/8190 (0.000000%)
1e-06 < relDiff <= 1e-05: 0/8190 (0.000000%)
1e-05 < relDiff <= 1e-04: 0/8190 (0.000000%)
1e-04 < relDiff <= 1e-03: 0/8190 (0.000000%)
1e-03 < relDiff <= 1e-02: 0/8190 (0.000000%)
1e-02 < relDiff <= 1e-01: 0/8190 (0.000000%)
1e-01 < relDiff <= 1e+00: 8190/8190 (100.000000%)
1e+00 < relDiff < inf   : 0/8190 (0.000000%)
        relDiff = inf   : 0/8190 (0.000000%)
[0 1 1]

FAIL: Runner returned incorrect result
Config = GemmConfiguration(datatype='f16', out_dtype='f16', g=2, m=314, k=456, n=36, trans_a=True, trans_b=True, perfconfig='gemm:v1:32,128,16,2,1,2,32,4,1,0,1', scaled_gemm=False, scale_a_dtype=None, scale_b_dtype=None, trans_scale_a=False, trans_scale_b=False, arch='gfx950:sramecc+:xnack-', chip='gfx950', num_cu=256, num_chiplets=8)
Command line = -operation gemm -t f16 -out_datatype f16 --arch gfx950:sramecc+:xnack- --num_cu 256 --num_chiplets 8 -g 2 -m 314 -k 456 -n 36 -transA=True -transB=True --perf_config=gemm:v1:32,128,16,2,1,2,32,4,1,0,1 -pv
Output = Number of elements: 22608
maxAbsDiff info: maxAbsDiff = 223.937500 (valNum = 266.00000, gpuNum = 42.06250), average absDiff = 1.5e+02
maxRelDiff info: maxRelDiff = 8.6e-01 (valNum = -66.5000000000, gpuNum = -9.2187500000), average relDiff = 8.5e-01
RMS = 6.1e-01
Histogram of relDiff: 
        relDiff = 0     : 0/22608 (0.000000%)
     0 < relDiff < 1e-06: 0/22608 (0.000000%)
1e-06 < relDiff <= 1e-05: 0/22608 (0.000000%)
1e-05 < relDiff <= 1e-04: 0/22608 (0.000000%)
1e-04 < relDiff <= 1e-03: 0/22608 (0.000000%)
1e-03 < relDiff <= 1e-02: 0/22608 (0.000000%)
1e-02 < relDiff <= 1e-01: 0/22608 (0.000000%)
1e-01 < relDiff <= 1e+00: 22608/22608 (100.000000%)
1e+00 < relDiff < inf   : 0/22608 (0.000000%)
        relDiff = inf   : 0/22608 (0.000000%)
[0 0 1]

FAIL: Runner returned incorrect result
Config = GemmConfiguration(datatype='bf16', out_dtype='bf16', g=1, m=44, k=495, n=181, trans_a=True, trans_b=False, perfconfig='gemm:v1:32,16,16,2,1,2,0,1,1,8,0', scaled_gemm=False, scale_a_dtype=None, scale_b_dtype=None, trans_scale_a=False, trans_scale_b=False, arch='gfx950:sramecc+:xnack-', chip='gfx950', num_cu=256, num_chiplets=8)
Command line = -operation gemm -t bf16 -out_datatype bf16 --arch gfx950:sramecc+:xnack- --num_cu 256 --num_chiplets 8 -g 1 -m 44 -k 495 -n 181 -transA=True -transB=False --perf_config=gemm:v1:32,16,16,2,1,2,0,1,1,8,0 -pv -RMS_threshold 1e-2
Output = Number of elements: 7964
maxAbsDiff info: maxAbsDiff = 270.000000 (valNum = 288.00000, gpuNum = 18.00000), average absDiff = 1.8e+02
maxRelDiff info: maxRelDiff = 9.4e-01 (valNum = -72.0000000000, gpuNum = -4.2812500000), average relDiff = 9.4e-01
RMS = 6.8e-01
Histogram of relDiff: 
        relDiff = 0     : 0/7964 (0.000000%)
     0 < relDiff < 1e-06: 0/7964 (0.000000%)
1e-06 < relDiff <= 1e-05: 0/7964 (0.000000%)
1e-05 < relDiff <= 1e-04: 0/7964 (0.000000%)
1e-04 < relDiff <= 1e-03: 0/7964 (0.000000%)
1e-03 < relDiff <= 1e-02: 0/7964 (0.000000%)
1e-02 < relDiff <= 1e-01: 0/7964 (0.000000%)
1e-01 < relDiff <= 1e+00: 7964/7964 (100.000000%)
1e+00 < relDiff < inf   : 0/7964 (0.000000%)
        relDiff = inf   : 0/7964 (0.000000%)
[0 0 1]

FAIL: Runner returned incorrect result
Config = GemmConfiguration(datatype='bf16', out_dtype='bf16', g=2, m=104, k=88, n=258, trans_a=True, trans_b=False, perfconfig='gemm:v1:64,128,16,2,1,16,0,3,1,2,4', scaled_gemm=False, scale_a_dtype=None, scale_b_dtype=None, trans_scale_a=False, trans_scale_b=False, arch='gfx950:sramecc+:xnack-', chip='gfx950', num_cu=256, num_chiplets=8)
Command line = -operation gemm -t bf16 -out_datatype bf16 --arch gfx950:sramecc+:xnack- --num_cu 256 --num_chiplets 8 -g 2 -m 104 -k 88 -n 258 -transA=True -transB=False --perf_config=gemm:v1:64,128,16,2,1,16,0,3,1,2,4 -pv -RMS_threshold 1e-2
Output = Number of elements: 53664
maxAbsDiff info: maxAbsDiff = 3.000000 (valNum = -8.00000, gpuNum = -5.00000), average absDiff = 1.5e+00
maxRelDiff info: maxRelDiff = 3.8e-01 (valNum = 4.0000000000, gpuNum = 2.5000000000), average relDiff = 2.6e-01
RMS = 2.2e-01
Histogram of relDiff: 
        relDiff = 0     : 0/53664 (0.000000%)
     0 < relDiff < 1e-06: 0/53664 (0.000000%)
1e-06 < relDiff <= 1e-05: 0/53664 (0.000000%)
1e-05 < relDiff <= 1e-04: 0/53664 (0.000000%)
1e-04 < relDiff <= 1e-03: 0/53664 (0.000000%)
1e-03 < relDiff <= 1e-02: 0/53664 (0.000000%)
1e-02 < relDiff <= 1e-01: 17802/53664 (33.173077%)
1e-01 < relDiff <= 1e+00: 35862/53664 (66.826923%)
1e+00 < relDiff < inf   : 0/53664 (0.000000%)
        relDiff = inf   : 0/53664 (0.000000%)
[0 1 1]

FAIL: Runner returned incorrect result
Config = GemmConfiguration(datatype='bf16', out_dtype='bf16', g=1, m=101, k=377, n=498, trans_a=True, trans_b=False, perfconfig='gemm:v1:256,32,16,2,1,4,0,1,2,2,4', scaled_gemm=False, scale_a_dtype=None, scale_b_dtype=None, trans_scale_a=False, trans_scale_b=False, arch='gfx950:sramecc+:xnack-', chip='gfx950', num_cu=256, num_chiplets=8)
Command line = -operation gemm -t bf16 -out_datatype bf16 --arch gfx950:sramecc+:xnack- --num_cu 256 --num_chiplets 8 -g 1 -m 101 -k 377 -n 498 -transA=True -transB=False --perf_config=gemm:v1:256,32,16,2,1,4,0,1,2,2,4 -pv -RMS_threshold 1e-2
Output = Number of elements: 50298
maxAbsDiff info: maxAbsDiff = 30.078125 (valNum = -32.50000, gpuNum = -2.42188), average absDiff = 2.2e+01
maxRelDiff info: maxRelDiff = 9.4e-01 (valNum = 15.5000000000, gpuNum = 0.8554687500), average relDiff = 9.3e-01
RMS = 7.0e-01
Histogram of relDiff: 
        relDiff = 0     : 0/50298 (0.000000%)
     0 < relDiff < 1e-06: 0/50298 (0.000000%)
1e-06 < relDiff <= 1e-05: 0/50298 (0.000000%)
1e-05 < relDiff <= 1e-04: 0/50298 (0.000000%)
1e-04 < relDiff <= 1e-03: 0/50298 (0.000000%)
1e-03 < relDiff <= 1e-02: 0/50298 (0.000000%)
1e-02 < relDiff <= 1e-01: 0/50298 (0.000000%)
1e-01 < relDiff <= 1e+00: 50298/50298 (100.000000%)
1e+00 < relDiff < inf   : 0/50298 (0.000000%)
        relDiff = inf   : 0/50298 (0.000000%)
[0 1 1]

FAIL: Runner returned incorrect result
Config = GemmConfiguration(datatype='f16', out_dtype='f16', g=2, m=466, k=201, n=177, trans_a=True, trans_b=True, perfconfig='gemm:v1:32,32,16,2,1,8,0,1,2,1,2', scaled_gemm=False, scale_a_dtype=None, scale_b_dtype=None, trans_scale_a=False, trans_scale_b=False, arch='gfx950:sramecc+:xnack-', chip='gfx950', num_cu=256, num_chiplets=8)
Command line = -operation gemm -t f16 -out_datatype f16 --arch gfx950:sramecc+:xnack- --num_cu 256 --num_chiplets 8 -g 2 -m 466 -k 201 -n 177 -transA=True -transB=True --perf_config=gemm:v1:32,32,16,2,1,8,0,1,2,1,2 -pv
Output = Number of elements: 164964
maxAbsDiff info: maxAbsDiff = 106.296875 (valNum = 121.43750, gpuNum = 15.14062), average absDiff = 7.0e+01
maxRelDiff info: maxRelDiff = 8.8e-01 (valNum = -58.6250000000, gpuNum = -7.0703125000), average relDiff = 8.8e-01
RMS = 6.1e-01
Histogram of relDiff: 
        relDiff = 0     : 0/164964 (0.000000%)
     0 < relDiff < 1e-06: 0/164964 (0.000000%)
1e-06 < relDiff <= 1e-05: 0/164964 (0.000000%)
1e-05 < relDiff <= 1e-04: 0/164964 (0.000000%)
1e-04 < relDiff <= 1e-03: 0/164964 (0.000000%)
1e-03 < relDiff <= 1e-02: 0/164964 (0.000000%)
1e-02 < relDiff <= 1e-01: 0/164964 (0.000000%)
1e-01 < relDiff <= 1e+00: 164964/164964 (100.000000%)
1e+00 < relDiff < inf   : 0/164964 (0.000000%)
        relDiff = inf   : 0/164964 (0.000000%)
[0 0 1]

----------------------------------------------------------------------------------------------------
PASS: GemmConfiguration(datatype='f32', out_dtype='f32', g=1, m=470, k=46, n=313, trans_a=False, trans_b=False, perfconfig='gemm:v1:64,64,128,2,1,2,16,1,3,0,8', scaled_gemm=False, scale_a_dtype=None, scale_b_dtype=None, trans_scale_a=False, trans_scale_b=False, arch='gfx950:sramecc+:xnack-', chip='gfx950', num_cu=256, num_chiplets=8)
----------------------------------------------------------------------------------------------------
PASS: GemmConfiguration(datatype='bf16', out_dtype='bf16', g=1, m=205, k=17, n=7, trans_a=False, trans_b=True, perfconfig='gemm:v1:16,128,16,1,1,2,0,3,3,2,0', scaled_gemm=False, scale_a_dtype=None, scale_b_dtype=None, trans_scale_a=False, trans_scale_b=False, arch='gfx950:sramecc+:xnack-', chip='gfx950', num_cu=256, num_chiplets=8)
----------------------------------------------------------------------------------------------------
FAIL: GemmConfiguration(datatype='bf16', out_dtype='bf16', g=1, m=182, k=195, n=45, trans_a=True, trans_b=False, perfconfig='gemm:v1:128,16,16,2,1,2,32,4,1,8,8', scaled_gemm=False, scale_a_dtype=None, scale_b_dtype=None, trans_scale_a=False, trans_scale_b=False, arch='gfx950:sramecc+:xnack-', chip='gfx950', num_cu=256, num_chiplets=8)
Lowering rejected config as not applicable
Command line = -operation gemm -t f32 -out_datatype f32 --arch gfx950:sramecc+:xnack- --num_cu 256 --num_chiplets 8 -g 1 -m 96 -k 321 -n 326 -transA=False -transB=True --perf_config=gemm:v1:128,64,128,1,1,16,0,2,2,8,1 -pv
Errors = loc("<stdin>":11:1): error: ttg.shared (196608) exceeds LDS limit (163840) for amdgcn-amd-amdhsa:gfx950:sramecc+:xnack-
Lowering not applicable.

----------------------------------------------------------------------------------------------------
NOT_APPLICABLE: GemmConfiguration(datatype='f32', out_dtype='f32', g=1, m=96, k=321, n=326, trans_a=False, trans_b=True, perfconfig='gemm:v1:128,64,128,1,1,16,0,2,2,8,1', scaled_gemm=False, scale_a_dtype=None, scale_b_dtype=None, trans_scale_a=False, trans_scale_b=False, arch='gfx950:sramecc+:xnack-', chip='gfx950', num_cu=256, num_chiplets=8)
----------------------------------------------------------------------------------------------------
PASS: GemmConfiguration(datatype='fp8', out_dtype='f32', g=2, m=222, k=79, n=225, trans_a=False, trans_b=False, perfconfig='gemm:v1:256,64,32,1,1,16,32,2,1,1,4', scaled_gemm=False, scale_a_dtype=None, scale_b_dtype=None, trans_scale_a=False, trans_scale_b=False, arch='gfx950:sramecc+:xnack-', chip='gfx950', num_cu=256, num_chiplets=8)
----------------------------------------------------------------------------------------------------
FAIL: GemmConfiguration(datatype='f16', out_dtype='f16', g=2, m=314, k=456, n=36, trans_a=True, trans_b=True, perfconfig='gemm:v1:32,128,16,2,1,2,32,4,1,0,1', scaled_gemm=False, scale_a_dtype=None, scale_b_dtype=None, trans_scale_a=False, trans_scale_b=False, arch='gfx950:sramecc+:xnack-', chip='gfx950', num_cu=256, num_chiplets=8)
----------------------------------------------------------------------------------------------------
FAIL: GemmConfiguration(datatype='bf16', out_dtype='bf16', g=1, m=44, k=495, n=181, trans_a=True, trans_b=False, perfconfig='gemm:v1:32,16,16,2,1,2,0,1,1,8,0', scaled_gemm=False, scale_a_dtype=None, scale_b_dtype=None, trans_scale_a=False, trans_scale_b=False, arch='gfx950:sramecc+:xnack-', chip='gfx950', num_cu=256, num_chiplets=8)
----------------------------------------------------------------------------------------------------
FAIL: GemmConfiguration(datatype='bf16', out_dtype='bf16', g=2, m=104, k=88, n=258, trans_a=True, trans_b=False, perfconfig='gemm:v1:64,128,16,2,1,16,0,3,1,2,4', scaled_gemm=False, scale_a_dtype=None, scale_b_dtype=None, trans_scale_a=False, trans_scale_b=False, arch='gfx950:sramecc+:xnack-', chip='gfx950', num_cu=256, num_chiplets=8)
----------------------------------------------------------------------------------------------------
PASS: GemmConfiguration(datatype='i8', out_dtype='i32', g=2, m=372, k=177, n=98, trans_a=False, trans_b=True, perfconfig='gemm:v1:128,128,64,2,1,16,32,1,2,4,8', scaled_gemm=False, scale_a_dtype=None, scale_b_dtype=None, trans_scale_a=False, trans_scale_b=False, arch='gfx950:sramecc+:xnack-', chip='gfx950', num_cu=256, num_chiplets=8)
----------------------------------------------------------------------------------------------------
FAIL: GemmConfiguration(datatype='bf16', out_dtype='bf16', g=1, m=101, k=377, n=498, trans_a=True, trans_b=False, perfconfig='gemm:v1:256,32,16,2,1,4,0,1,2,2,4', scaled_gemm=False, scale_a_dtype=None, scale_b_dtype=None, trans_scale_a=False, trans_scale_b=False, arch='gfx950:sramecc+:xnack-', chip='gfx950', num_cu=256, num_chiplets=8)
----------------------------------------------------------------------------------------------------
PASS: GemmConfiguration(datatype='f16', out_dtype='f16', g=1, m=491, k=509, n=95, trans_a=False, trans_b=True, perfconfig='gemm:v1:128,64,32,1,1,2,0,4,3,0,0', scaled_gemm=False, scale_a_dtype=None, scale_b_dtype=None, trans_scale_a=False, trans_scale_b=False, arch='gfx950:sramecc+:xnack-', chip='gfx950', num_cu=256, num_chiplets=8)
Lowering rejected config as not applicable
Command line = -operation gemm -t f32 -out_datatype f32 --arch gfx950:sramecc+:xnack- --num_cu 256 --num_chiplets 8 -g 2 -m 163 -k 275 -n 426 -transA=True -transB=True --perf_config=gemm:v1:256,16,64,1,1,16,16,3,3,1,2 -pv
Errors = loc("<stdin>":12:1): error: ttg.shared (208896) exceeds LDS limit (163840) for amdgcn-amd-amdhsa:gfx950:sramecc+:xnack-
Lowering not applicable.

----------------------------------------------------------------------------------------------------
NOT_APPLICABLE: GemmConfiguration(datatype='f32', out_dtype='f32', g=2, m=163, k=275, n=426, trans_a=True, trans_b=True, perfconfig='gemm:v1:256,16,64,1,1,16,16,3,3,1,2', scaled_gemm=False, scale_a_dtype=None, scale_b_dtype=None, trans_scale_a=False, trans_scale_b=False, arch='gfx950:sramecc+:xnack-', chip='gfx950', num_cu=256, num_chiplets=8)
----------------------------------------------------------------------------------------------------
PASS: GemmConfiguration(datatype='f32', out_dtype='f32', g=2, m=292, k=155, n=305, trans_a=True, trans_b=True, perfconfig='gemm:v1:64,32,64,2,1,4,32,4,2,4,1', scaled_gemm=False, scale_a_dtype=None, scale_b_dtype=None, trans_scale_a=False, trans_scale_b=False, arch='gfx950:sramecc+:xnack-', chip='gfx950', num_cu=256, num_chiplets=8)
----------------------------------------------------------------------------------------------------
FAIL: GemmConfiguration(datatype='f16', out_dtype='f16', g=2, m=466, k=201, n=177, trans_a=True, trans_b=True, perfconfig='gemm:v1:32,32,16,2,1,8,0,1,2,1,2', scaled_gemm=False, scale_a_dtype=None, scale_b_dtype=None, trans_scale_a=False, trans_scale_b=False, arch='gfx950:sramecc+:xnack-', chip='gfx950', num_cu=256, num_chiplets=8)
----------------------------------------------------------------------------------------------------
PASS: GemmConfiguration(datatype='bf16', out_dtype='bf16', g=2, m=117, k=142, n=421, trans_a=False, trans_b=True, perfconfig='gemm:v1:32,32,32,1,1,8,0,4,2,2,0', scaled_gemm=False, scale_a_dtype=None, scale_b_dtype=None, trans_scale_a=False, trans_scale_b=False, arch='gfx950:sramecc+:xnack-', chip='gfx950', num_cu=256, num_chiplets=8)
----------------------------------------------------------------------------------------------------
PASS: GemmConfiguration(datatype='f32', out_dtype='f32', g=1, m=165, k=61, n=106, trans_a=True, trans_b=True, perfconfig='gemm:v1:32,128,32,1,1,1,16,4,1,8,1', scaled_gemm=False, scale_a_dtype=None, scale_b_dtype=None, trans_scale_a=False, trans_scale_b=False, arch='gfx950:sramecc+:xnack-', chip='gfx950', num_cu=256, num_chiplets=8)
FAIL: Runner returned incorrect result
Config = GemmConfiguration(datatype='bf16', out_dtype='bf16', g=1, m=86, k=324, n=64, trans_a=True, trans_b=True, perfconfig='gemm:v1:16,128,16,2,1,4,16,1,2,0,8', scaled_gemm=False, scale_a_dtype=None, scale_b_dtype=None, trans_scale_a=False, trans_scale_b=False, arch='gfx950:sramecc+:xnack-', chip='gfx950', num_cu=256, num_chiplets=8)
Command line = -operation gemm -t bf16 -out_datatype bf16 --arch gfx950:sramecc+:xnack- --num_cu 256 --num_chiplets 8 -g 1 -m 86 -k 324 -n 64 -transA=True -transB=True --perf_config=gemm:v1:16,128,16,2,1,4,16,1,2,0,8 -pv -RMS_threshold 1e-2
Output = Number of elements: 5504
maxAbsDiff info: maxAbsDiff = 177.375000 (valNum = 189.00000, gpuNum = 11.62500), average absDiff = 1.2e+02
maxRelDiff info: maxRelDiff = 9.5e-01 (valNum = -47.2500000000, gpuNum = -2.4062500000), average relDiff = 9.4e-01
RMS = 6.8e-01
Histogram of relDiff: 
        relDiff = 0     : 0/5504 (0.000000%)
     0 < relDiff < 1e-06: 0/5504 (0.000000%)
1e-06 < relDiff <= 1e-05: 0/5504 (0.000000%)
1e-05 < relDiff <= 1e-04: 0/5504 (0.000000%)
1e-04 < relDiff <= 1e-03: 0/5504 (0.000000%)
1e-03 < relDiff <= 1e-02: 0/5504 (0.000000%)
1e-02 < relDiff <= 1e-01: 0/5504 (0.000000%)
1e-01 < relDiff <= 1e+00: 5504/5504 (100.000000%)
1e+00 < relDiff < inf   : 0/5504 (0.000000%)
        relDiff = inf   : 0/5504 (0.000000%)
[0 0 1]

----------------------------------------------------------------------------------------------------
PASS: GemmConfiguration(datatype='f32', out_dtype='f32', g=2, m=31, k=97, n=68, trans_a=True, trans_b=True, perfconfig='gemm:v1:128,128,16,1,1,1,16,4,3,2,8', scaled_gemm=False, scale_a_dtype=None, scale_b_dtype=None, trans_scale_a=False, trans_scale_b=False, arch='gfx950:sramecc+:xnack-', chip='gfx950', num_cu=256, num_chiplets=8)
----------------------------------------------------------------------------------------------------
PASS: GemmConfiguration(datatype='f32', out_dtype='f32', g=1, m=430, k=109, n=469, trans_a=False, trans_b=False, perfconfig='gemm:v1:128,64,128,1,1,2,32,2,2,1,2', scaled_gemm=False, scale_a_dtype=None, scale_b_dtype=None, trans_scale_a=False, trans_scale_b=False, arch='gfx950:sramecc+:xnack-', chip='gfx950', num_cu=256, num_chiplets=8)
----------------------------------------------------------------------------------------------------
PASS: GemmConfiguration(datatype='i8', out_dtype='i32', g=2, m=347, k=319, n=298, trans_a=False, trans_b=True, perfconfig='gemm:v1:128,256,16,1,1,1,16,1,1,8,1', scaled_gemm=False, scale_a_dtype=None, scale_b_dtype=None, trans_scale_a=False, trans_scale_b=False, arch='gfx950:sramecc+:xnack-', chip='gfx950', num_cu=256, num_chiplets=8)
Lowering rejected config as not applicable
Command line = -operation gemm -t i8 -out_datatype i32 --arch gfx950:sramecc+:xnack- --num_cu 256 --num_chiplets 8 -g 1 -m 1 -k 191 -n 289 -transA=False -transB=True --perf_config=gemm:v1:64,256,32,2,1,1,32,3,3,0,8 -pv
Errors = loc("<stdin>":18:10): error: Fusion with SplitK perfConfig is not legal
Lowering not applicable.

----------------------------------------------------------------------------------------------------
NOT_APPLICABLE: GemmConfiguration(datatype='i8', out_dtype='i32', g=1, m=1, k=191, n=289, trans_a=False, trans_b=True, perfconfig='gemm:v1:64,256,32,2,1,1,32,3,3,0,8', scaled_gemm=False, scale_a_dtype=None, scale_b_dtype=None, trans_scale_a=False, trans_scale_b=False, arch='gfx950:sramecc+:xnack-', chip='gfx950', num_cu=256, num_chiplets=8)
----------------------------------------------------------------------------------------------------
PASS: GemmConfiguration(datatype='f16', out_dtype='f16', g=1, m=298, k=82, n=237, trans_a=False, trans_b=True, perfconfig='gemm:v1:16,16,16,1,1,1,0,1,2,2,8', scaled_gemm=False, scale_a_dtype=None, scale_b_dtype=None, trans_scale_a=False, trans_scale_b=False, arch='gfx950:sramecc+:xnack-', chip='gfx950', num_cu=256, num_chiplets=8)
----------------------------------------------------------------------------------------------------
PASS: GemmConfiguration(datatype='f32', out_dtype='f32', g=2, m=347, k=49, n=510, trans_a=False, trans_b=False, perfconfig='gemm:v1:16,256,128,1,1,8,16,1,2,8,0', scaled_gemm=False, scale_a_dtype=None, scale_b_dtype=None, trans_scale_a=False, trans_scale_b=False, arch='gfx950:sramecc+:xnack-', chip='gfx950', num_cu=256, num_chiplets=8)
----------------------------------------------------------------------------------------------------
FAIL: GemmConfiguration(datatype='bf16', out_dtype='bf16', g=1, m=86, k=324, n=64, trans_a=True, trans_b=True, perfconfig='gemm:v1:16,128,16,2,1,4,16,1,2,0,8', scaled_gemm=False, scale_a_dtype=None, scale_b_dtype=None, trans_scale_a=False, trans_scale_b=False, arch='gfx950:sramecc+:xnack-', chip='gfx950', num_cu=256, num_chiplets=8)
----------------------------------------------------------------------------------------------------
PASS: GemmConfiguration(datatype='f16', out_dtype='f16', g=1, m=258, k=70, n=131, trans_a=False, trans_b=True, perfconfig='gemm:v1:16,256,16,1,1,8,32,1,1,2,1', scaled_gemm=False, scale_a_dtype=None, scale_b_dtype=None, trans_scale_a=False, trans_scale_b=False, arch='gfx950:sramecc+:xnack-', chip='gfx950', num_cu=256, num_chiplets=8)
----------------------------------------------------------------------------------------------------
PASS: GemmConfiguration(datatype='f32', out_dtype='f32', g=1, m=90, k=441, n=117, trans_a=True, trans_b=False, perfconfig='gemm:v1:128,128,128,2,1,16,32,4,3,2,8', scaled_gemm=False, scale_a_dtype=None, scale_b_dtype=None, trans_scale_a=False, trans_scale_b=False, arch='gfx950:sramecc+:xnack-', chip='gfx950', num_cu=256, num_chiplets=8)
----------------------------------------------------------------------------------------------------
PASS: GemmConfiguration(datatype='f32', out_dtype='f32', g=2, m=20, k=141, n=300, trans_a=False, trans_b=False, perfconfig='gemm:v1:32,128,16,1,1,4,0,4,2,8,1', scaled_gemm=False, scale_a_dtype=None, scale_b_dtype=None, trans_scale_a=False, trans_scale_b=False, arch='gfx950:sramecc+:xnack-', chip='gfx950', num_cu=256, num_chiplets=8)
----------------------------------------------------------------------------------------------------
PASS: GemmConfiguration(datatype='bf16', out_dtype='bf16', g=1, m=492, k=230, n=183, trans_a=False, trans_b=True, perfconfig='gemm:v1:64,256,64,1,1,4,0,3,1,4,4', scaled_gemm=False, scale_a_dtype=None, scale_b_dtype=None, trans_scale_a=False, trans_scale_b=False, arch='gfx950:sramecc+:xnack-', chip='gfx950', num_cu=256, num_chiplets=8)
Lowering rejected config as not applicable
Command line = -operation gemm -t f32 -out_datatype f32 --arch gfx950:sramecc+:xnack- --num_cu 256 --num_chiplets 8 -g 2 -m 459 -k 388 -n 335 -transA=True -transB=True --perf_config=gemm:v1:256,128,128,2,1,4,32,1,3,8,4 -pv
Errors = loc("<stdin>":11:1): error: ttg.shared (589824) exceeds LDS limit (163840) for amdgcn-amd-amdhsa:gfx950:sramecc+:xnack-
Lowering not applicable.

----------------------------------------------------------------------------------------------------
NOT_APPLICABLE: GemmConfiguration(datatype='f32', out_dtype='f32', g=2, m=459, k=388, n=335, trans_a=True, trans_b=True, perfconfig='gemm:v1:256,128,128,2,1,4,32,1,3,8,4', scaled_gemm=False, scale_a_dtype=None, scale_b_dtype=None, trans_scale_a=False, trans_scale_b=False, arch='gfx950:sramecc+:xnack-', chip='gfx950', num_cu=256, num_chiplets=8)
----------------------------------------------------------------------------------------------------
PASS: GemmConfiguration(datatype='bf16', out_dtype='bf16', g=2, m=84, k=336, n=118, trans_a=False, trans_b=False, perfconfig='gemm:v1:64,64,32,1,1,8,32,3,1,4,4', scaled_gemm=False, scale_a_dtype=None, scale_b_dtype=None, trans_scale_a=False, trans_scale_b=False, arch='gfx950:sramecc+:xnack-', chip='gfx950', num_cu=256, num_chiplets=8)
----------------------------------------------------------------------------------------------------
PASS: GemmConfiguration(datatype='f32', out_dtype='f32', g=2, m=399, k=121, n=370, trans_a=True, trans_b=False, perfconfig='gemm:v1:32,16,128,2,1,8,32,1,3,2,2', scaled_gemm=False, scale_a_dtype=None, scale_b_dtype=None, trans_scale_a=False, trans_scale_b=False, arch='gfx950:sramecc+:xnack-', chip='gfx950', num_cu=256, num_chiplets=8)
----------------------------------------------------------------------------------------------------
PASS: GemmConfiguration(datatype='fp8', out_dtype='f32', g=2, m=119, k=225, n=48, trans_a=True, trans_b=True, perfconfig='gemm:v1:16,256,64,2,1,1,32,2,1,1,1', scaled_gemm=False, scale_a_dtype=None, scale_b_dtype=None, trans_scale_a=False, trans_scale_b=False, arch='gfx950:sramecc+:xnack-', chip='gfx950', num_cu=256, num_chiplets=8)
----------------------------------------------------------------------------------------------------
PASS: GemmConfiguration(datatype='i8', out_dtype='i32', g=2, m=309, k=186, n=443, trans_a=False, trans_b=False, perfconfig='gemm:v1:128,64,128,2,1,2,16,1,3,1,8', scaled_gemm=False, scale_a_dtype=None, scale_b_dtype=None, trans_scale_a=False, trans_scale_b=False, arch='gfx950:sramecc+:xnack-', chip='gfx950', num_cu=256, num_chiplets=8)
FAIL: Runner returned incorrect result
Config = GemmConfiguration(datatype='fp8', out_dtype='f32', g=2, m=151, k=211, n=16, trans_a=True, trans_b=True, perfconfig='gemm:v1:64,128,32,2,1,4,16,1,1,1,0', scaled_gemm=False, scale_a_dtype=None, scale_b_dtype=None, trans_scale_a=False, trans_scale_b=False, arch='gfx950:sramecc+:xnack-', chip='gfx950', num_cu=256, num_chiplets=8)
Command line = -operation gemm -t fp8 -out_datatype f32 --arch gfx950:sramecc+:xnack- --num_cu 256 --num_chiplets 8 -g 2 -m 151 -k 211 -n 16 -transA=True -transB=True --perf_config=gemm:v1:64,128,32,2,1,4,16,1,1,1,0 -pv -relDiff_threshold 1e-5
Output = Number of elements: 4832
maxAbsDiff info: maxAbsDiff = 97.129883 (valNum = 127.87500, gpuNum = 30.74512), average absDiff = 6.4e+01
maxRelDiff info: maxRelDiff = 7.6e-01 (valNum = -60.8750000000, gpuNum = -14.3144531250), average relDiff = 7.6e-01
RMS = 5.3e-01
Histogram of relDiff: 
        relDiff = 0     : 0/4832 (0.000000%)
     0 < relDiff < 1e-06: 0/4832 (0.000000%)
1e-06 < relDiff <= 1e-05: 0/4832 (0.000000%)
1e-05 < relDiff <= 1e-04: 0/4832 (0.000000%)
1e-04 < relDiff <= 1e-03: 0/4832 (0.000000%)
1e-03 < relDiff <= 1e-02: 0/4832 (0.000000%)
1e-02 < relDiff <= 1e-01: 0/4832 (0.000000%)
1e-01 < relDiff <= 1e+00: 4832/4832 (100.000000%)
1e+00 < relDiff < inf   : 0/4832 (0.000000%)
        relDiff = inf   : 0/4832 (0.000000%)
[0 1 0]

FAIL: Runner returned incorrect result
Config = GemmConfiguration(datatype='bf16', out_dtype='bf16', g=2, m=461, k=60, n=11, trans_a=False, trans_b=False, perfconfig='gemm:v1:256,128,16,2,1,16,16,2,1,1,2', scaled_gemm=False, scale_a_dtype=None, scale_b_dtype=None, trans_scale_a=False, trans_scale_b=False, arch='gfx950:sramecc+:xnack-', chip='gfx950', num_cu=256, num_chiplets=8)
Command line = -operation gemm -t bf16 -out_datatype bf16 --arch gfx950:sramecc+:xnack- --num_cu 256 --num_chiplets 8 -g 2 -m 461 -k 60 -n 11 -transA=False -transB=False --perf_config=gemm:v1:256,128,16,2,1,16,16,2,1,1,2 -pv -RMS_threshold 1e-2
Output = Number of elements: 10142
maxAbsDiff info: maxAbsDiff = 9.125000 (valNum = 35.00000, gpuNum = 25.87500), average absDiff = 5.6e+00
maxRelDiff info: maxRelDiff = 3.1e-01 (valNum = -8.7500000000, gpuNum = -6.0625000000), average relDiff = 2.7e-01
RMS = 1.8e-01
Histogram of relDiff: 
        relDiff = 0     : 0/10142 (0.000000%)
     0 < relDiff < 1e-06: 0/10142 (0.000000%)
1e-06 < relDiff <= 1e-05: 0/10142 (0.000000%)
1e-05 < relDiff <= 1e-04: 0/10142 (0.000000%)
1e-04 < relDiff <= 1e-03: 0/10142 (0.000000%)
1e-03 < relDiff <= 1e-02: 0/10142 (0.000000%)
1e-02 < relDiff <= 1e-01: 0/10142 (0.000000%)
1e-01 < relDiff <= 1e+00: 10142/10142 (100.000000%)
1e+00 < relDiff < inf   : 0/10142 (0.000000%)
        relDiff = inf   : 0/10142 (0.000000%)
[0 1 1]

FAIL: Runner returned incorrect result
Config = GemmConfiguration(datatype='fp8', out_dtype='f32', g=2, m=159, k=504, n=250, trans_a=True, trans_b=True, perfconfig='gemm:v1:128,64,16,2,1,1,32,1,1,4,4', scaled_gemm=False, scale_a_dtype=None, scale_b_dtype=None, trans_scale_a=False, trans_scale_b=False, arch='gfx950:sramecc+:xnack-', chip='gfx950', num_cu=256, num_chiplets=8)
Command line = -operation gemm -t fp8 -out_datatype f32 --arch gfx950:sramecc+:xnack- --num_cu 256 --num_chiplets 8 -g 2 -m 159 -k 504 -n 250 -transA=True -transB=True --perf_config=gemm:v1:128,64,16,2,1,1,32,1,1,4,4 -pv -relDiff_threshold 1e-5
Output = Number of elements: 79500
maxAbsDiff info: maxAbsDiff = 40.142857 (valNum = -42.00000, gpuNum = -1.85714), average absDiff = 3.0e+01
maxRelDiff info: maxRelDiff = 9.6e-01 (valNum = 31.5000000000, gpuNum = 1.3928570747), average relDiff = 9.6e-01
RMS = 7.4e-01
Histogram of relDiff: 
        relDiff = 0     : 0/79500 (0.000000%)
     0 < relDiff < 1e-06: 0/79500 (0.000000%)
1e-06 < relDiff <= 1e-05: 0/79500 (0.000000%)
1e-05 < relDiff <= 1e-04: 0/79500 (0.000000%)
1e-04 < relDiff <= 1e-03: 0/79500 (0.000000%)
1e-03 < relDiff <= 1e-02: 0/79500 (0.000000%)
1e-02 < relDiff <= 1e-01: 0/79500 (0.000000%)
1e-01 < relDiff <= 1e+00: 79500/79500 (100.000000%)
1e+00 < relDiff < inf   : 0/79500 (0.000000%)
        relDiff = inf   : 0/79500 (0.000000%)
[0 1 0]

----------------------------------------------------------------------------------------------------
PASS: GemmConfiguration(datatype='f32', out_dtype='f32', g=2, m=67, k=511, n=120, trans_a=False, trans_b=False, perfconfig='gemm:v1:64,128,128,1,1,1,16,2,1,4,2', scaled_gemm=False, scale_a_dtype=None, scale_b_dtype=None, trans_scale_a=False, trans_scale_b=False, arch='gfx950:sramecc+:xnack-', chip='gfx950', num_cu=256, num_chiplets=8)
----------------------------------------------------------------------------------------------------
PASS: GemmConfiguration(datatype='fp8', out_dtype='f32', g=1, m=123, k=70, n=180, trans_a=True, trans_b=True, perfconfig='gemm:v1:256,256,128,2,1,1,32,4,3,2,4', scaled_gemm=False, scale_a_dtype=None, scale_b_dtype=None, trans_scale_a=False, trans_scale_b=False, arch='gfx950:sramecc+:xnack-', chip='gfx950', num_cu=256, num_chiplets=8)
----------------------------------------------------------------------------------------------------
PASS: GemmConfiguration(datatype='f32', out_dtype='f32', g=1, m=312, k=499, n=7, trans_a=False, trans_b=True, perfconfig='gemm:v1:128,32,128,2,1,1,16,1,2,4,2', scaled_gemm=False, scale_a_dtype=None, scale_b_dtype=None, trans_scale_a=False, trans_scale_b=False, arch='gfx950:sramecc+:xnack-', chip='gfx950', num_cu=256, num_chiplets=8)
Lowering rejected config as not applicable
Command line = -operation gemm -t i8 -out_datatype i32 --arch gfx950:sramecc+:xnack- --num_cu 256 --num_chiplets 8 -g 1 -m 35 -k 100 -n 270 -transA=False -transB=False --perf_config=gemm:v1:16,256,64,1,1,1,0,3,1,0,4 -pv
Errors = loc("<stdin>":18:10): error: Fusion with SplitK perfConfig is not legal
Lowering not applicable.

----------------------------------------------------------------------------------------------------
NOT_APPLICABLE: GemmConfiguration(datatype='i8', out_dtype='i32', g=1, m=35, k=100, n=270, trans_a=False, trans_b=False, perfconfig='gemm:v1:16,256,64,1,1,1,0,3,1,0,4', scaled_gemm=False, scale_a_dtype=None, scale_b_dtype=None, trans_scale_a=False, trans_scale_b=False, arch='gfx950:sramecc+:xnack-', chip='gfx950', num_cu=256, num_chiplets=8)
----------------------------------------------------------------------------------------------------
PASS: GemmConfiguration(datatype='f32', out_dtype='f32', g=2, m=219, k=57, n=234, trans_a=True, trans_b=True, perfconfig='gemm:v1:256,64,16,1,1,8,0,1,1,4,1', scaled_gemm=False, scale_a_dtype=None, scale_b_dtype=None, trans_scale_a=False, trans_scale_b=False, arch='gfx950:sramecc+:xnack-', chip='gfx950', num_cu=256, num_chiplets=8)
----------------------------------------------------------------------------------------------------
PASS: GemmConfiguration(datatype='fp8', out_dtype='f32', g=2, m=453, k=442, n=344, trans_a=False, trans_b=True, perfconfig='gemm:v1:128,16,64,1,1,8,16,2,2,1,4', scaled_gemm=False, scale_a_dtype=None, scale_b_dtype=None, trans_scale_a=False, trans_scale_b=False, arch='gfx950:sramecc+:xnack-', chip='gfx950', num_cu=256, num_chiplets=8)
----------------------------------------------------------------------------------------------------
PASS: GemmConfiguration(datatype='f16', out_dtype='f16', g=2, m=441, k=188, n=482, trans_a=True, trans_b=True, perfconfig='gemm:v1:128,32,128,2,1,8,16,1,1,8,0', scaled_gemm=False, scale_a_dtype=None, scale_b_dtype=None, trans_scale_a=False, trans_scale_b=False, arch='gfx950:sramecc+:xnack-', chip='gfx950', num_cu=256, num_chiplets=8)
----------------------------------------------------------------------------------------------------
PASS: GemmConfiguration(datatype='f32', out_dtype='f32', g=1, m=331, k=422, n=190, trans_a=True, trans_b=True, perfconfig='gemm:v1:128,128,64,1,1,16,16,2,2,4,0', scaled_gemm=False, scale_a_dtype=None, scale_b_dtype=None, trans_scale_a=False, trans_scale_b=False, arch='gfx950:sramecc+:xnack-', chip='gfx950', num_cu=256, num_chiplets=8)
----------------------------------------------------------------------------------------------------
PASS: GemmConfiguration(datatype='bf16', out_dtype='bf16', g=2, m=137, k=385, n=153, trans_a=False, trans_b=False, perfconfig='gemm:v1:16,64,64,1,1,4,32,3,1,2,2', scaled_gemm=False, scale_a_dtype=None, scale_b_dtype=None, trans_scale_a=False, trans_scale_b=False, arch='gfx950:sramecc+:xnack-', chip='gfx950', num_cu=256, num_chiplets=8)
----------------------------------------------------------------------------------------------------
PASS: GemmConfiguration(datatype='f16', out_dtype='f16', g=1, m=447, k=38, n=75, trans_a=True, trans_b=False, perfconfig='gemm:v1:32,128,64,2,1,1,32,4,2,1,2', scaled_gemm=False, scale_a_dtype=None, scale_b_dtype=None, trans_scale_a=False, trans_scale_b=False, arch='gfx950:sramecc+:xnack-', chip='gfx950', num_cu=256, num_chiplets=8)
----------------------------------------------------------------------------------------------------
PASS: GemmConfiguration(datatype='f16', out_dtype='f16', g=2, m=149, k=168, n=60, trans_a=True, trans_b=False, perfconfig='gemm:v1:256,64,64,2,1,4,32,4,1,1,8', scaled_gemm=False, scale_a_dtype=None, scale_b_dtype=None, trans_scale_a=False, trans_scale_b=False, arch='gfx950:sramecc+:xnack-', chip='gfx950', num_cu=256, num_chiplets=8)
Lowering rejected config as not applicable
Command line = -operation gemm -t i8 -out_datatype i32 --arch gfx950:sramecc+:xnack- --num_cu 256 --num_chiplets 8 -g 2 -m 47 -k 395 -n 95 -transA=True -transB=False --perf_config=gemm:v1:64,64,128,2,1,4,16,3,3,0,0 -pv
Errors = loc("<stdin>":18:10): error: Fusion with SplitK perfConfig is not legal
Lowering not applicable.

----------------------------------------------------------------------------------------------------
NOT_APPLICABLE: GemmConfiguration(datatype='i8', out_dtype='i32', g=2, m=47, k=395, n=95, trans_a=True, trans_b=False, perfconfig='gemm:v1:64,64,128,2,1,4,16,3,3,0,0', scaled_gemm=False, scale_a_dtype=None, scale_b_dtype=None, trans_scale_a=False, trans_scale_b=False, arch='gfx950:sramecc+:xnack-', chip='gfx950', num_cu=256, num_chiplets=8)
----------------------------------------------------------------------------------------------------
FAIL: GemmConfiguration(datatype='fp8', out_dtype='f32', g=2, m=151, k=211, n=16, trans_a=True, trans_b=True, perfconfig='gemm:v1:64,128,32,2,1,4,16,1,1,1,0', scaled_gemm=False, scale_a_dtype=None, scale_b_dtype=None, trans_scale_a=False, trans_scale_b=False, arch='gfx950:sramecc+:xnack-', chip='gfx950', num_cu=256, num_chiplets=8)
----------------------------------------------------------------------------------------------------
PASS: GemmConfiguration(datatype='f32', out_dtype='f32', g=2, m=302, k=158, n=372, trans_a=False, trans_b=False, perfconfig='gemm:v1:16,32,32,2,1,8,0,1,3,0,1', scaled_gemm=False, scale_a_dtype=None, scale_b_dtype=None, trans_scale_a=False, trans_scale_b=False, arch='gfx950:sramecc+:xnack-', chip='gfx950', num_cu=256, num_chiplets=8)
----------------------------------------------------------------------------------------------------
FAIL: GemmConfiguration(datatype='bf16', out_dtype='bf16', g=2, m=461, k=60, n=11, trans_a=False, trans_b=False, perfconfig='gemm:v1:256,128,16,2,1,16,16,2,1,1,2', scaled_gemm=False, scale_a_dtype=None, scale_b_dtype=None, trans_scale_a=False, trans_scale_b=False, arch='gfx950:sramecc+:xnack-', chip='gfx950', num_cu=256, num_chiplets=8)
----------------------------------------------------------------------------------------------------
FAIL: GemmConfiguration(datatype='fp8', out_dtype='f32', g=2, m=159, k=504, n=250, trans_a=True, trans_b=True, perfconfig='gemm:v1:128,64,16,2,1,1,32,1,1,4,4', scaled_gemm=False, scale_a_dtype=None, scale_b_dtype=None, trans_scale_a=False, trans_scale_b=False, arch='gfx950:sramecc+:xnack-', chip='gfx950', num_cu=256, num_chiplets=8)
----------------------------------------------------------------------------------------------------
PASS: GemmConfiguration(datatype='i8', out_dtype='i32', g=2, m=438, k=294, n=424, trans_a=True, trans_b=True, perfconfig='gemm:v1:256,32,32,1,1,1,32,1,2,2,1', scaled_gemm=False, scale_a_dtype=None, scale_b_dtype=None, trans_scale_a=False, trans_scale_b=False, arch='gfx950:sramecc+:xnack-', chip='gfx950', num_cu=256, num_chiplets=8)
----------------------------------------------------------------------------------------------------
PASS: GemmConfiguration(datatype='bf16', out_dtype='bf16', g=2, m=211, k=140, n=266, trans_a=False, trans_b=False, perfconfig='gemm:v1:256,256,16,1,1,2,32,4,2,0,8', scaled_gemm=False, scale_a_dtype=None, scale_b_dtype=None, trans_scale_a=False, trans_scale_b=False, arch='gfx950:sramecc+:xnack-', chip='gfx950', num_cu=256, num_chiplets=8)
----------------------------------------------------------------------------------------------------
PASS: GemmConfiguration(datatype='f32', out_dtype='f32', g=2, m=194, k=292, n=91, trans_a=False, trans_b=False, perfconfig='gemm:v1:128,128,32,2,1,1,0,3,3,4,0', scaled_gemm=False, scale_a_dtype=None, scale_b_dtype=None, trans_scale_a=False, trans_scale_b=False, arch='gfx950:sramecc+:xnack-', chip='gfx950', num_cu=256, num_chiplets=8)
Lowering rejected config as not applicable
Command line = -operation gemm -t i8 -out_datatype i32 --arch gfx950:sramecc+:xnack- --num_cu 256 --num_chiplets 8 -g 2 -m 422 -k 205 -n 464 -transA=True -transB=True --perf_config=gemm:v1:64,64,16,1,1,1,0,3,1,1,2 -pv
Errors = loc("<stdin>":18:10): error: Fusion with SplitK perfConfig is not legal
Lowering not applicable.

----------------------------------------------------------------------------------------------------
NOT_APPLICABLE: GemmConfiguration(datatype='i8', out_dtype='i32', g=2, m=422, k=205, n=464, trans_a=True, trans_b=True, perfconfig='gemm:v1:64,64,16,1,1,1,0,3,1,1,2', scaled_gemm=False, scale_a_dtype=None, scale_b_dtype=None, trans_scale_a=False, trans_scale_b=False, arch='gfx950:sramecc+:xnack-', chip='gfx950', num_cu=256, num_chiplets=8)
Lowering rejected config as not applicable
Command line = -operation gemm -t i8 -out_datatype i32 --arch gfx950:sramecc+:xnack- --num_cu 256 --num_chiplets 8 -g 1 -m 237 -k 145 -n 134 -transA=True -transB=True --perf_config=gemm:v1:256,256,16,1,1,4,32,4,3,2,8 -pv
Errors = loc("<stdin>":18:10): error: Fusion with SplitK perfConfig is not legal
Lowering not applicable.

----------------------------------------------------------------------------------------------------
NOT_APPLICABLE: GemmConfiguration(datatype='i8', out_dtype='i32', g=1, m=237, k=145, n=134, trans_a=True, trans_b=True, perfconfig='gemm:v1:256,256,16,1,1,4,32,4,3,2,8', scaled_gemm=False, scale_a_dtype=None, scale_b_dtype=None, trans_scale_a=False, trans_scale_b=False, arch='gfx950:sramecc+:xnack-', chip='gfx950', num_cu=256, num_chiplets=8)
----------------------------------------------------------------------------------------------------
PASS: GemmConfiguration(datatype='fp8', out_dtype='f32', g=2, m=357, k=49, n=88, trans_a=True, trans_b=True, perfconfig='gemm:v1:256,16,128,1,1,16,0,1,3,2,8', scaled_gemm=False, scale_a_dtype=None, scale_b_dtype=None, trans_scale_a=False, trans_scale_b=False, arch='gfx950:sramecc+:xnack-', chip='gfx950', num_cu=256, num_chiplets=8)
----------------------------------------------------------------------------------------------------
PASS: GemmConfiguration(datatype='bf16', out_dtype='bf16', g=1, m=362, k=20, n=184, trans_a=True, trans_b=False, perfconfig='gemm:v1:64,32,128,1,1,16,16,3,1,8,8', scaled_gemm=False, scale_a_dtype=None, scale_b_dtype=None, trans_scale_a=False, trans_scale_b=False, arch='gfx950:sramecc+:xnack-', chip='gfx950', num_cu=256, num_chiplets=8)
----------------------------------------------------------------------------------------------------
PASS: GemmConfiguration(datatype='fp8', out_dtype='f32', g=1, m=412, k=130, n=385, trans_a=True, trans_b=True, perfconfig='gemm:v1:128,16,128,2,1,16,16,2,2,0,0', scaled_gemm=False, scale_a_dtype=None, scale_b_dtype=None, trans_scale_a=False, trans_scale_b=False, arch='gfx950:sramecc+:xnack-', chip='gfx950', num_cu=256, num_chiplets=8)
----------------------------------------------------------------------------------------------------
PASS: GemmConfiguration(datatype='f32', out_dtype='f32', g=2, m=66, k=395, n=274, trans_a=False, trans_b=True, perfconfig='gemm:v1:16,64,128,2,1,4,0,3,2,8,4', scaled_gemm=False, scale_a_dtype=None, scale_b_dtype=None, trans_scale_a=False, trans_scale_b=False, arch='gfx950:sramecc+:xnack-', chip='gfx950', num_cu=256, num_chiplets=8)
----------------------------------------------------------------------------------------------------
PASS: GemmConfiguration(datatype='bf16', out_dtype='bf16', g=1, m=246, k=317, n=37, trans_a=False, trans_b=False, perfconfig='gemm:v1:128,32,64,2,1,16,32,1,3,0,1', scaled_gemm=False, scale_a_dtype=None, scale_b_dtype=None, trans_scale_a=False, trans_scale_b=False, arch='gfx950:sramecc+:xnack-', chip='gfx950', num_cu=256, num_chiplets=8)
----------------------------------------------------------------------------------------------------
PASS: GemmConfiguration(datatype='f16', out_dtype='f16', g=1, m=500, k=255, n=235, trans_a=False, trans_b=True, perfconfig='gemm:v1:256,32,128,2,1,1,0,4,2,2,0', scaled_gemm=False, scale_a_dtype=None, scale_b_dtype=None, trans_scale_a=False, trans_scale_b=False, arch='gfx950:sramecc+:xnack-', chip='gfx950', num_cu=256, num_chiplets=8)
----------------------------------------------------------------------------------------------------
PASS: GemmConfiguration(datatype='f16', out_dtype='f16', g=2, m=137, k=104, n=490, trans_a=True, trans_b=True, perfconfig='gemm:v1:64,16,64,1,1,8,0,1,2,0,2', scaled_gemm=False, scale_a_dtype=None, scale_b_dtype=None, trans_scale_a=False, trans_scale_b=False, arch='gfx950:sramecc+:xnack-', chip='gfx950', num_cu=256, num_chiplets=8)
----------------------------------------------------------------------------------------------------
PASS: GemmConfiguration(datatype='bf16', out_dtype='bf16', g=2, m=150, k=236, n=471, trans_a=False, trans_b=True, perfconfig='gemm:v1:32,32,128,1,1,8,16,3,3,2,4', scaled_gemm=False, scale_a_dtype=None, scale_b_dtype=None, trans_scale_a=False, trans_scale_b=False, arch='gfx950:sramecc+:xnack-', chip='gfx950', num_cu=256, num_chiplets=8)
----------------------------------------------------------------------------------------------------
PASS: GemmConfiguration(datatype='i8', out_dtype='i32', g=2, m=199, k=441, n=153, trans_a=False, trans_b=True, perfconfig='gemm:v1:128,256,128,2,1,16,16,1,1,2,0', scaled_gemm=False, scale_a_dtype=None, scale_b_dtype=None, trans_scale_a=False, trans_scale_b=False, arch='gfx950:sramecc+:xnack-', chip='gfx950', num_cu=256, num_chiplets=8)
----------------------------------------------------------------------------------------------------
PASS: GemmConfiguration(datatype='fp8', out_dtype='f32', g=2, m=223, k=484, n=85, trans_a=True, trans_b=False, perfconfig='gemm:v1:64,32,128,1,1,2,16,1,1,0,1', scaled_gemm=False, scale_a_dtype=None, scale_b_dtype=None, trans_scale_a=False, trans_scale_b=False, arch='gfx950:sramecc+:xnack-', chip='gfx950', num_cu=256, num_chiplets=8)
----------------------------------------------------------------------------------------------------
PASS: GemmConfiguration(datatype='fp8', out_dtype='f32', g=2, m=364, k=212, n=447, trans_a=True, trans_b=False, perfconfig='gemm:v1:64,256,64,1,1,8,32,1,3,2,4', scaled_gemm=False, scale_a_dtype=None, scale_b_dtype=None, trans_scale_a=False, trans_scale_b=False, arch='gfx950:sramecc+:xnack-', chip='gfx950', num_cu=256, num_chiplets=8)
----------------------------------------------------------------------------------------------------
PASS: GemmConfiguration(datatype='f16', out_dtype='f16', g=1, m=178, k=175, n=48, trans_a=False, trans_b=True, perfconfig='gemm:v1:256,64,32,2,1,2,0,3,2,4,4', scaled_gemm=False, scale_a_dtype=None, scale_b_dtype=None, trans_scale_a=False, trans_scale_b=False, arch='gfx950:sramecc+:xnack-', chip='gfx950', num_cu=256, num_chiplets=8)
----------------------------------------------------------------------------------------------------
PASS: GemmConfiguration(datatype='f32', out_dtype='f32', g=1, m=241, k=498, n=243, trans_a=True, trans_b=False, perfconfig='gemm:v1:64,256,32,2,1,2,0,2,3,0,4', scaled_gemm=False, scale_a_dtype=None, scale_b_dtype=None, trans_scale_a=False, trans_scale_b=False, arch='gfx950:sramecc+:xnack-', chip='gfx950', num_cu=256, num_chiplets=8)
FAIL: Runner returned incorrect result
Config = GemmConfiguration(datatype='bf16', out_dtype='bf16', g=2, m=329, k=181, n=278, trans_a=True, trans_b=True, perfconfig='gemm:v1:128,32,16,2,1,4,16,4,2,2,1', scaled_gemm=False, scale_a_dtype=None, scale_b_dtype=None, trans_scale_a=False, trans_scale_b=False, arch='gfx950:sramecc+:xnack-', chip='gfx950', num_cu=256, num_chiplets=8)
Command line = -operation gemm -t bf16 -out_datatype bf16 --arch gfx950:sramecc+:xnack- --num_cu 256 --num_chiplets 8 -g 2 -m 329 -k 181 -n 278 -transA=True -transB=True --perf_config=gemm:v1:128,32,16,2,1,4,16,4,2,2,1 -pv -RMS_threshold 1e-2
Output = Number of elements: 182924
maxAbsDiff info: maxAbsDiff = 47.000000 (valNum = 106.00000, gpuNum = 59.00000), average absDiff = 3.1e+01
maxRelDiff info: maxRelDiff = 4.5e-01 (valNum = -26.7500000000, gpuNum = -14.6250000000), average relDiff = 4.4e-01
RMS = 3.2e-01
Histogram of relDiff: 
        relDiff = 0     : 0/182924 (0.000000%)
     0 < relDiff < 1e-06: 0/182924 (0.000000%)
1e-06 < relDiff <= 1e-05: 0/182924 (0.000000%)
1e-05 < relDiff <= 1e-04: 0/182924 (0.000000%)
1e-04 < relDiff <= 1e-03: 0/182924 (0.000000%)
1e-03 < relDiff <= 1e-02: 0/182924 (0.000000%)
1e-02 < relDiff <= 1e-01: 0/182924 (0.000000%)
1e-01 < relDiff <= 1e+00: 182924/182924 (100.000000%)
1e+00 < relDiff < inf   : 0/182924 (0.000000%)
        relDiff = inf   : 0/182924 (0.000000%)
[0 1 1]

----------------------------------------------------------------------------------------------------
PASS: GemmConfiguration(datatype='f16', out_dtype='f16', g=2, m=349, k=207, n=147, trans_a=False, trans_b=False, perfconfig='gemm:v1:256,128,128,1,1,1,16,2,1,8,4', scaled_gemm=False, scale_a_dtype=None, scale_b_dtype=None, trans_scale_a=False, trans_scale_b=False, arch='gfx950:sramecc+:xnack-', chip='gfx950', num_cu=256, num_chiplets=8)
Lowering rejected config as not applicable
Command line = -operation gemm -t i8 -out_datatype i32 --arch gfx950:sramecc+:xnack- --num_cu 256 --num_chiplets 8 -g 1 -m 487 -k 487 -n 337 -transA=True -transB=True --perf_config=gemm:v1:32,16,128,1,1,1,32,2,3,8,8 -pv
Errors = loc("<stdin>":17:10): error: Fusion with SplitK perfConfig is not legal
Lowering not applicable.

----------------------------------------------------------------------------------------------------
NOT_APPLICABLE: GemmConfiguration(datatype='i8', out_dtype='i32', g=1, m=487, k=487, n=337, trans_a=True, trans_b=True, perfconfig='gemm:v1:32,16,128,1,1,1,32,2,3,8,8', scaled_gemm=False, scale_a_dtype=None, scale_b_dtype=None, trans_scale_a=False, trans_scale_b=False, arch='gfx950:sramecc+:xnack-', chip='gfx950', num_cu=256, num_chiplets=8)
Lowering rejected config as not applicable
Command line = -operation gemm -t i8 -out_datatype i32 --arch gfx950:sramecc+:xnack- --num_cu 256 --num_chiplets 8 -g 1 -m 374 -k 453 -n 462 -transA=False -transB=True --perf_config=gemm:v1:16,16,32,2,1,8,16,4,2,8,8 -pv
Errors = loc("<stdin>":17:10): error: Fusion with SplitK perfConfig is not legal
Lowering not applicable.

----------------------------------------------------------------------------------------------------
NOT_APPLICABLE: GemmConfiguration(datatype='i8', out_dtype='i32', g=1, m=374, k=453, n=462, trans_a=False, trans_b=True, perfconfig='gemm:v1:16,16,32,2,1,8,16,4,2,8,8', scaled_gemm=False, scale_a_dtype=None, scale_b_dtype=None, trans_scale_a=False, trans_scale_b=False, arch='gfx950:sramecc+:xnack-', chip='gfx950', num_cu=256, num_chiplets=8)
----------------------------------------------------------------------------------------------------
PASS: GemmConfiguration(datatype='bf16', out_dtype='bf16', g=1, m=147, k=400, n=372, trans_a=False, trans_b=False, perfconfig='gemm:v1:256,16,16,1,1,2,16,4,1,4,2', scaled_gemm=False, scale_a_dtype=None, scale_b_dtype=None, trans_scale_a=False, trans_scale_b=False, arch='gfx950:sramecc+:xnack-', chip='gfx950', num_cu=256, num_chiplets=8)
----------------------------------------------------------------------------------------------------
PASS: GemmConfiguration(datatype='f16', out_dtype='f16', g=2, m=439, k=24, n=286, trans_a=True, trans_b=True, perfconfig='gemm:v1:128,32,128,2,1,16,32,1,3,8,2', scaled_gemm=False, scale_a_dtype=None, scale_b_dtype=None, trans_scale_a=False, trans_scale_b=False, arch='gfx950:sramecc+:xnack-', chip='gfx950', num_cu=256, num_chiplets=8)
----------------------------------------------------------------------------------------------------
PASS: GemmConfiguration(datatype='f16', out_dtype='f16', g=2, m=311, k=154, n=431, trans_a=True, trans_b=True, perfconfig='gemm:v1:256,64,64,1,1,16,0,4,2,2,8', scaled_gemm=False, scale_a_dtype=None, scale_b_dtype=None, trans_scale_a=False, trans_scale_b=False, arch='gfx950:sramecc+:xnack-', chip='gfx950', num_cu=256, num_chiplets=8)
----------------------------------------------------------------------------------------------------
FAIL: GemmConfiguration(datatype='bf16', out_dtype='bf16', g=2, m=329, k=181, n=278, trans_a=True, trans_b=True, perfconfig='gemm:v1:128,32,16,2,1,4,16,4,2,2,1', scaled_gemm=False, scale_a_dtype=None, scale_b_dtype=None, trans_scale_a=False, trans_scale_b=False, arch='gfx950:sramecc+:xnack-', chip='gfx950', num_cu=256, num_chiplets=8)
----------------------------------------------------------------------------------------------------
PASS: GemmConfiguration(datatype='fp8', out_dtype='f32', g=2, m=62, k=317, n=82, trans_a=False, trans_b=True, perfconfig='gemm:v1:32,256,64,1,1,4,16,3,1,0,8', scaled_gemm=False, scale_a_dtype=None, scale_b_dtype=None, trans_scale_a=False, trans_scale_b=False, arch='gfx950:sramecc+:xnack-', chip='gfx950', num_cu=256, num_chiplets=8)
----------------------------------------------------------------------------------------------------
PASS: GemmConfiguration(datatype='fp8', out_dtype='f32', g=1, m=445, k=392, n=303, trans_a=True, trans_b=False, perfconfig='gemm:v1:256,256,32,1,1,1,32,1,3,1,4', scaled_gemm=False, scale_a_dtype=None, scale_b_dtype=None, trans_scale_a=False, trans_scale_b=False, arch='gfx950:sramecc+:xnack-', chip='gfx950', num_cu=256, num_chiplets=8)
*** Summary of failures ***
-operation gemm -t bf16 -out_datatype bf16 --arch gfx950:sramecc+:xnack- --num_cu 256 --num_chiplets 8 -g 1 -m 106 -k 410 -n 428 -transA=False -transB=False --perf_config=gemm:v1:32,128,32,2,1,4,16,4,3,0,8 -pv -RMS_threshold 1e-2
-operation gemm -t f16 -out_datatype f16 --arch gfx950:sramecc+:xnack- --num_cu 256 --num_chiplets 8 -g 2 -m 451 -k 80 -n 457 -transA=True -transB=True --perf_config=gemm:v1:256,256,32,2,1,1,16,2,3,8,1 -pv
-operation gemm -t bf16 -out_datatype bf16 --arch gfx950:sramecc+:xnack- --num_cu 256 --num_chiplets 8 -g 2 -m 305 -k 292 -n 223 -transA=True -transB=False --perf_config=gemm:v1:32,64,16,2,1,4,32,2,3,2,4 -pv -RMS_threshold 1e-2
-operation gemm -t bf16 -out_datatype bf16 --arch gfx950:sramecc+:xnack- --num_cu 256 --num_chiplets 8 -g 1 -m 17 -k 375 -n 17 -transA=True -transB=True --perf_config=gemm:v1:16,64,16,2,1,4,0,2,2,8,8 -pv -RMS_threshold 1e-2
-operation gemm -t fp8 -out_datatype f32 --arch gfx950:sramecc+:xnack- --num_cu 256 --num_chiplets 8 -g 1 -m 325 -k 83 -n 456 -transA=False -transB=True --perf_config=gemm:v1:32,32,16,2,1,2,0,3,2,0,0 -pv -relDiff_threshold 1e-5
-operation gemm -t f16 -out_datatype f16 --arch gfx950:sramecc+:xnack- --num_cu 256 --num_chiplets 8 -g 2 -m 120 -k 446 -n 30 -transA=True -transB=True --perf_config=gemm:v1:128,32,16,2,1,4,0,4,3,2,1 -pv
-operation gemm -t f16 -out_datatype f16 --arch gfx950:sramecc+:xnack- --num_cu 256 --num_chiplets 8 -g 1 -m 98 -k 494 -n 29 -transA=True -transB=True --perf_config=gemm:v1:32,32,16,2,1,4,32,2,1,1,8 -pv
-operation gemm -t f16 -out_datatype f16 --arch gfx950:sramecc+:xnack- --num_cu 256 --num_chiplets 8 -g 2 -m 174 -k 310 -n 159 -transA=False -transB=False --perf_config=gemm:v1:128,128,16,2,1,16,16,2,2,1,0 -pv
-operation gemm -t f16 -out_datatype f16 --arch gfx950:sramecc+:xnack- --num_cu 256 --num_chiplets 8 -g 2 -m 407 -k 474 -n 154 -transA=True -transB=False --perf_config=gemm:v1:32,256,16,2,1,2,16,2,3,2,0 -pv
-operation gemm -t f16 -out_datatype f16 --arch gfx950:sramecc+:xnack- --num_cu 256 --num_chiplets 8 -g 2 -m 260 -k 149 -n 206 -transA=True -transB=True --perf_config=gemm:v1:16,32,32,2,1,16,0,2,1,0,8 -pv
-operation gemm -t fp8 -out_datatype f32 --arch gfx950:sramecc+:xnack- --num_cu 256 --num_chiplets 8 -g 1 -m 379 -k 165 -n 191 -transA=False -transB=False --perf_config=gemm:v1:64,16,16,2,1,4,32,1,2,8,1 -pv -relDiff_threshold 1e-5
-operation gemm -t i8 -out_datatype i32 --arch gfx950:sramecc+:xnack- --num_cu 256 --num_chiplets 8 -g 2 -m 386 -k 407 -n 309 -transA=True -transB=False --perf_config=gemm:v1:32,256,32,2,1,8,32,1,3,8,1 -pv
-operation gemm -t bf16 -out_datatype bf16 --arch gfx950:sramecc+:xnack- --num_cu 256 --num_chiplets 8 -g 2 -m 502 -k 218 -n 255 -transA=False -transB=True --perf_config=gemm:v1:32,16,32,2,1,16,16,4,2,8,1 -pv -RMS_threshold 1e-2
-operation gemm -t fp8 -out_datatype f32 --arch gfx950:sramecc+:xnack- --num_cu 256 --num_chiplets 8 -g 1 -m 342 -k 456 -n 348 -transA=True -transB=True --perf_config=gemm:v1:32,64,32,2,1,1,16,2,1,8,2 -pv -relDiff_threshold 1e-5
-operation gemm -t f16 -out_datatype f16 --arch gfx950:sramecc+:xnack- --num_cu 256 --num_chiplets 8 -g 2 -m 408 -k 411 -n 476 -transA=True -transB=True --perf_config=gemm:v1:16,16,32,2,1,1,0,4,3,0,8 -pv
-operation gemm -t i8 -out_datatype i32 --arch gfx950:sramecc+:xnack- --num_cu 256 --num_chiplets 8 -g 2 -m 49 -k 113 -n 117 -transA=False -transB=False --perf_config=gemm:v1:32,32,32,2,1,16,16,1,2,0,1 -pv
-operation gemm -t f16 -out_datatype f16 --arch gfx950:sramecc+:xnack- --num_cu 256 --num_chiplets 8 -g 1 -m 436 -k 358 -n 23 -transA=False -transB=True --perf_config=gemm:v1:32,256,16,2,1,8,32,3,1,4,0 -pv
-operation gemm -t fp8 -out_datatype f32 --arch gfx950:sramecc+:xnack- --num_cu 256 --num_chiplets 8 -g 1 -m 152 -k 144 -n 159 -transA=True -transB=True --perf_config=gemm:v1:32,32,32,2,1,8,16,2,3,0,2 -pv -relDiff_threshold 1e-5
-operation gemm -t f16 -out_datatype f16 --arch gfx950:sramecc+:xnack- --num_cu 256 --num_chiplets 8 -g 1 -m 216 -k 503 -n 240 -transA=False -transB=True --perf_config=gemm:v1:256,256,16,2,1,16,16,1,2,0,2 -pv
-operation gemm -t bf16 -out_datatype bf16 --arch gfx950:sramecc+:xnack- --num_cu 256 --num_chiplets 8 -g 2 -m 509 -k 206 -n 91 -transA=True -transB=False --perf_config=gemm:v1:128,64,16,2,1,2,32,4,1,1,1 -pv -RMS_threshold 1e-2
-operation gemm -t bf16 -out_datatype bf16 --arch gfx950:sramecc+:xnack- --num_cu 256 --num_chiplets 8 -g 1 -m 256 -k 282 -n 431 -transA=True -transB=False --perf_config=gemm:v1:128,64,16,2,1,2,0,1,2,2,1 -pv -RMS_threshold 1e-2
-operation gemm -t bf16 -out_datatype bf16 --arch gfx950:sramecc+:xnack- --num_cu 256 --num_chiplets 8 -g 2 -m 85 -k 234 -n 398 -transA=True -transB=True --perf_config=gemm:v1:32,16,32,2,1,2,16,3,1,2,1 -pv -RMS_threshold 1e-2
-operation gemm -t i8 -out_datatype i32 --arch gfx950:sramecc+:xnack- --num_cu 256 --num_chiplets 8 -g 1 -m 419 -k 158 -n 121 -transA=False -transB=True --perf_config=gemm:v1:128,256,32,2,1,4,32,1,1,8,4 -pv
-operation gemm -t f16 -out_datatype f16 --arch gfx950:sramecc+:xnack- --num_cu 256 --num_chiplets 8 -g 1 -m 337 -k 462 -n 133 -transA=False -transB=False --perf_config=gemm:v1:32,64,16,2,1,1,32,3,1,2,8 -pv
-operation gemm -t f16 -out_datatype f16 --arch gfx950:sramecc+:xnack- --num_cu 256 --num_chiplets 8 -g 1 -m 421 -k 473 -n 125 -transA=True -transB=False --perf_config=gemm:v1:64,32,16,2,1,1,32,1,3,8,0 -pv
-operation gemm -t fp8 -out_datatype f32 --arch gfx950:sramecc+:xnack- --num_cu 256 --num_chiplets 8 -g 2 -m 173 -k 381 -n 183 -transA=True -transB=False --perf_config=gemm:v1:128,64,16,2,1,16,32,2,1,2,0 -pv -relDiff_threshold 1e-5
-operation gemm -t f16 -out_datatype f16 --arch gfx950:sramecc+:xnack- --num_cu 256 --num_chiplets 8 -g 1 -m 352 -k 51 -n 81 -transA=True -transB=True --perf_config=gemm:v1:16,128,32,2,1,16,16,1,1,0,1 -pv
-operation gemm -t bf16 -out_datatype bf16 --arch gfx950:sramecc+:xnack- --num_cu 256 --num_chiplets 8 -g 1 -m 27 -k 88 -n 132 -transA=False -transB=False --perf_config=gemm:v1:128,16,16,2,1,4,0,2,2,0,0 -pv -RMS_threshold 1e-2
-operation gemm -t f16 -out_datatype f16 --arch gfx950:sramecc+:xnack- --num_cu 256 --num_chiplets 8 -g 2 -m 249 -k 322 -n 494 -transA=True -transB=False --perf_config=gemm:v1:64,32,16,2,1,4,0,1,2,1,2 -pv
-operation gemm -t bf16 -out_datatype bf16 --arch gfx950:sramecc+:xnack- --num_cu 256 --num_chiplets 8 -g 1 -m 319 -k 508 -n 180 -transA=True -transB=False --perf_config=gemm:v1:64,128,16,2,1,1,32,3,3,4,2 -pv -RMS_threshold 1e-2
-operation gemm -t bf16 -out_datatype bf16 --arch gfx950:sramecc+:xnack- --num_cu 256 --num_chiplets 8 -g 2 -m 265 -k 493 -n 101 -transA=True -transB=True --perf_config=gemm:v1:64,32,16,2,1,4,0,1,3,0,4 -pv -RMS_threshold 1e-2
-operation gemm -t fp8 -out_datatype f32 --arch gfx950:sramecc+:xnack- --num_cu 256 --num_chiplets 8 -g 1 -m 85 -k 290 -n 398 -transA=False -transB=True --perf_config=gemm:v1:128,64,32,2,1,8,16,2,2,4,0 -pv -relDiff_threshold 1e-5
-operation gemm -t bf16 -out_datatype bf16 --arch gfx950:sramecc+:xnack- --num_cu 256 --num_chiplets 8 -g 1 -m 491 -k 324 -n 21 -transA=True -transB=False --perf_config=gemm:v1:16,16,16,2,1,2,32,1,2,1,2 -pv -RMS_threshold 1e-2
-operation gemm -t bf16 -out_datatype bf16 --arch gfx950:sramecc+:xnack- --num_cu 256 --num_chiplets 8 -g 2 -m 327 -k 278 -n 113 -transA=False -transB=True --perf_config=gemm:v1:64,16,32,2,1,2,0,2,1,4,8 -pv -RMS_threshold 1e-2
-operation gemm -t bf16 -out_datatype bf16 --arch gfx950:sramecc+:xnack- --num_cu 256 --num_chiplets 8 -g 1 -m 484 -k 207 -n 230 -transA=False -transB=False --perf_config=gemm:v1:64,256,16,2,1,16,0,3,2,0,0 -pv -RMS_threshold 1e-2
-operation gemm -t bf16 -out_datatype bf16 --arch gfx950:sramecc+:xnack- --num_cu 256 --num_chiplets 8 -g 1 -m 22 -k 249 -n 330 -transA=True -transB=True --perf_config=gemm:v1:128,16,32,2,1,16,0,3,1,1,2 -pv -RMS_threshold 1e-2
-operation gemm -t bf16 -out_datatype bf16 --arch gfx950:sramecc+:xnack- --num_cu 256 --num_chiplets 8 -g 1 -m 156 -k 130 -n 208 -transA=False -transB=True --perf_config=gemm:v1:32,64,16,2,1,2,16,2,3,1,8 -pv -RMS_threshold 1e-2
-operation gemm -t fp8 -out_datatype f32 --arch gfx950:sramecc+:xnack- --num_cu 256 --num_chiplets 8 -g 2 -m 451 -k 121 -n 256 -transA=False -transB=False --perf_config=gemm:v1:32,16,16,2,1,2,32,1,1,8,1 -pv -relDiff_threshold 1e-5
-operation gemm -t fp8 -out_datatype f32 --arch gfx950:sramecc+:xnack- --num_cu 256 --num_chiplets 8 -g 2 -m 23 -k 107 -n 231 -transA=True -transB=False --perf_config=gemm:v1:128,128,16,2,1,2,0,2,3,8,2 -pv -relDiff_threshold 1e-5
-operation gemm -t f16 -out_datatype f16 --arch gfx950:sramecc+:xnack- --num_cu 256 --num_chiplets 8 -g 1 -m 238 -k 100 -n 40 -transA=True -transB=False --perf_config=gemm:v1:32,128,16,2,1,4,16,2,3,0,1 -pv
-operation gemm -t f16 -out_datatype f16 --arch gfx950:sramecc+:xnack- --num_cu 256 --num_chiplets 8 -g 2 -m 469 -k 256 -n 360 -transA=False -transB=False --perf_config=gemm:v1:128,32,32,2,1,2,16,2,1,4,8 -pv
-operation gemm -t i8 -out_datatype i32 --arch gfx950:sramecc+:xnack- --num_cu 256 --num_chiplets 8 -g 1 -m 211 -k 247 -n 121 -transA=False -transB=True --perf_config=gemm:v1:128,128,16,2,1,1,0,1,2,8,8 -pv
-operation gemm -t i8 -out_datatype i32 --arch gfx950:sramecc+:xnack- --num_cu 256 --num_chiplets 8 -g 1 -m 423 -k 421 -n 138 -transA=True -transB=False --perf_config=gemm:v1:128,16,32,2,1,2,0,1,1,0,1 -pv
-operation gemm -t f16 -out_datatype f16 --arch gfx950:sramecc+:xnack- --num_cu 256 --num_chiplets 8 -g 2 -m 436 -k 304 -n 53 -transA=False -transB=True --perf_config=gemm:v1:256,256,16,2,1,1,16,2,2,8,1 -pv
-operation gemm -t bf16 -out_datatype bf16 --arch gfx950:sramecc+:xnack- --num_cu 256 --num_chiplets 8 -g 1 -m 49 -k 105 -n 461 -transA=True -transB=True --perf_config=gemm:v1:256,256,16,2,1,16,0,1,3,8,8 -pv -RMS_threshold 1e-2
-operation gemm -t bf16 -out_datatype bf16 --arch gfx950:sramecc+:xnack- --num_cu 256 --num_chiplets 8 -g 1 -m 257 -k 339 -n 270 -transA=True -transB=False --perf_config=gemm:v1:256,16,16,2,1,1,0,3,2,1,1 -pv -RMS_threshold 1e-2
-operation gemm -t fp8 -out_datatype f32 --arch gfx950:sramecc+:xnack- --num_cu 256 --num_chiplets 8 -g 2 -m 19 -k 420 -n 484 -transA=True -transB=True --perf_config=gemm:v1:32,16,32,2,1,4,0,4,2,1,1 -pv -relDiff_threshold 1e-5
-operation gemm -t fp8 -out_datatype f32 --arch gfx950:sramecc+:xnack- --num_cu 256 --num_chiplets 8 -g 1 -m 85 -k 330 -n 154 -transA=False -transB=False --perf_config=gemm:v1:32,16,32,2,1,2,0,3,2,4,1 -pv -relDiff_threshold 1e-5
-operation gemm -t f16 -out_datatype f16 --arch gfx950:sramecc+:xnack- --num_cu 256 --num_chiplets 8 -g 2 -m 6 -k 246 -n 355 -transA=False -transB=False --perf_config=gemm:v1:32,32,32,2,1,1,16,3,3,2,1 -pv
-operation gemm -t f16 -out_datatype f16 --arch gfx950:sramecc+:xnack- --num_cu 256 --num_chiplets 8 -g 1 -m 279 -k 95 -n 58 -transA=True -transB=False --perf_config=gemm:v1:256,256,16,2,1,2,32,2,1,1,4 -pv
-operation gemm -t fp8 -out_datatype f32 --arch gfx950:sramecc+:xnack- --num_cu 256 --num_chiplets 8 -g 2 -m 396 -k 140 -n 70 -transA=False -transB=False --perf_config=gemm:v1:128,64,32,2,1,8,16,3,1,4,4 -pv -relDiff_threshold 1e-5
-operation gemm -t bf16 -out_datatype bf16 --arch gfx950:sramecc+:xnack- --num_cu 256 --num_chiplets 8 -g 1 -m 285 -k 76 -n 255 -transA=True -transB=False --perf_config=gemm:v1:256,128,16,2,1,16,0,3,3,4,2 -pv -RMS_threshold 1e-2
-operation gemm -t bf16 -out_datatype bf16 --arch gfx950:sramecc+:xnack- --num_cu 256 --num_chiplets 8 -g 1 -m 23 -k 248 -n 202 -transA=False -transB=False --perf_config=gemm:v1:32,64,32,2,1,16,16,1,2,2,0 -pv -RMS_threshold 1e-2
-operation gemm -t i8 -out_datatype i32 --arch gfx950:sramecc+:xnack- --num_cu 256 --num_chiplets 8 -g 2 -m 278 -k 354 -n 53 -transA=False -transB=False --perf_config=gemm:v1:64,16,64,2,1,2,16,1,2,2,4 -pv
-operation gemm -t bf16 -out_datatype bf16 --arch gfx950:sramecc+:xnack- --num_cu 256 --num_chiplets 8 -g 2 -m 475 -k 504 -n 185 -transA=True -transB=True --perf_config=gemm:v1:128,32,16,2,1,16,32,2,3,2,0 -pv -RMS_threshold 1e-2
-operation gemm -t f16 -out_datatype f16 --arch gfx950:sramecc+:xnack- --num_cu 256 --num_chiplets 8 -g 1 -m 370 -k 433 -n 457 -transA=False -transB=True --perf_config=gemm:v1:16,32,32,2,1,2,0,3,2,4,0 -pv
-operation gemm -t bf16 -out_datatype bf16 --arch gfx950:sramecc+:xnack- --num_cu 256 --num_chiplets 8 -g 1 -m 222 -k 312 -n 498 -transA=True -transB=False --perf_config=gemm:v1:16,64,16,2,1,2,32,3,1,2,2 -pv -RMS_threshold 1e-2
-operation gemm -t bf16 -out_datatype bf16 --arch gfx950:sramecc+:xnack- --num_cu 256 --num_chiplets 8 -g 1 -m 174 -k 374 -n 57 -transA=True -transB=False --perf_config=gemm:v1:64,64,32,2,1,4,16,4,2,8,1 -pv -RMS_threshold 1e-2
-operation gemm -t fp8 -out_datatype f32 --arch gfx950:sramecc+:xnack- --num_cu 256 --num_chiplets 8 -g 1 -m 491 -k 415 -n 226 -transA=True -transB=False --perf_config=gemm:v1:16,256,32,2,1,1,16,3,3,2,1 -pv -relDiff_threshold 1e-5
-operation gemm -t fp8 -out_datatype f32 --arch gfx950:sramecc+:xnack- --num_cu 256 --num_chiplets 8 -g 1 -m 173 -k 264 -n 48 -transA=False -transB=False --perf_config=gemm:v1:64,32,32,2,1,16,16,4,2,4,2 -pv -relDiff_threshold 1e-5
-operation gemm -t f16 -out_datatype f16 --arch gfx950:sramecc+:xnack- --num_cu 256 --num_chiplets 8 -g 2 -m 293 -k 132 -n 405 -transA=True -transB=True --perf_config=gemm:v1:256,128,32,2,1,2,16,3,2,4,4 -pv
-operation gemm -t i8 -out_datatype i32 --arch gfx950:sramecc+:xnack- --num_cu 256 --num_chiplets 8 -g 1 -m 233 -k 76 -n 27 -transA=False -transB=True --perf_config=gemm:v1:128,256,32,2,1,16,0,1,2,1,8 -pv
-operation gemm -t f16 -out_datatype f16 --arch gfx950:sramecc+:xnack- --num_cu 256 --num_chiplets 8 -g 2 -m 476 -k 282 -n 204 -transA=False -transB=False --perf_config=gemm:v1:64,16,32,2,1,4,0,1,3,2,8 -pv
-operation gemm -t fp8 -out_datatype f32 --arch gfx950:sramecc+:xnack- --num_cu 256 --num_chiplets 8 -g 1 -m 204 -k 98 -n 160 -transA=True -transB=True --perf_config=gemm:v1:16,256,16,2,1,2,32,4,3,1,0 -pv -relDiff_threshold 1e-5
-operation gemm -t fp8 -out_datatype f32 --arch gfx950:sramecc+:xnack- --num_cu 256 --num_chiplets 8 -g 2 -m 7 -k 112 -n 124 -transA=False -transB=True --perf_config=gemm:v1:128,128,16,2,1,1,32,3,3,1,4 -pv -relDiff_threshold 1e-5
-operation gemm -t bf16 -out_datatype bf16 --arch gfx950:sramecc+:xnack- --num_cu 256 --num_chiplets 8 -g 1 -m 332 -k 158 -n 450 -transA=False -transB=False --perf_config=gemm:v1:128,128,16,2,1,2,16,4,2,0,1 -pv -RMS_threshold 1e-2
-operation gemm -t fp8 -out_datatype f32 --arch gfx950:sramecc+:xnack- --num_cu 256 --num_chiplets 8 -g 2 -m 199 -k 232 -n 32 -transA=True -transB=True --perf_config=gemm:v1:32,16,32,2,1,16,16,4,2,2,8 -pv -relDiff_threshold 1e-5
-operation gemm -t f16 -out_datatype f16 --arch gfx950:sramecc+:xnack- --num_cu 256 --num_chiplets 8 -g 2 -m 34 -k 425 -n 60 -transA=False -transB=True --perf_config=gemm:v1:32,256,16,2,1,8,0,2,3,8,1 -pv
-operation gemm -t f16 -out_datatype f16 --arch gfx950:sramecc+:xnack- --num_cu 256 --num_chiplets 8 -g 2 -m 18 -k 404 -n 224 -transA=True -transB=True --perf_config=gemm:v1:256,32,16,2,1,8,0,4,1,8,4 -pv
-operation gemm -t i8 -out_datatype i32 --arch gfx950:sramecc+:xnack- --num_cu 256 --num_chiplets 8 -g 2 -m 348 -k 35 -n 445 -transA=False -transB=True --perf_config=gemm:v1:32,16,32,2,1,8,32,1,1,1,0 -pv
-operation gemm -t fp8 -out_datatype f32 --arch gfx950:sramecc+:xnack- --num_cu 256 --num_chiplets 8 -g 1 -m 245 -k 460 -n 101 -transA=True -transB=False --perf_config=gemm:v1:128,128,16,2,1,1,0,3,1,4,1 -pv -relDiff_threshold 1e-5
-operation gemm -t f16 -out_datatype f16 --arch gfx950:sramecc+:xnack- --num_cu 256 --num_chiplets 8 -g 2 -m 241 -k 212 -n 494 -transA=False -transB=False --perf_config=gemm:v1:256,32,32,2,1,2,16,2,3,2,1 -pv
-operation gemm -t i8 -out_datatype i32 --arch gfx950:sramecc+:xnack- --num_cu 256 --num_chiplets 8 -g 1 -m 227 -k 289 -n 7 -transA=False -transB=True --perf_config=gemm:v1:32,256,16,2,1,2,0,1,1,2,4 -pv
-operation gemm -t fp8 -out_datatype f32 --arch gfx950:sramecc+:xnack- --num_cu 256 --num_chiplets 8 -g 1 -m 459 -k 376 -n 208 -transA=True -transB=False --perf_config=gemm:v1:16,128,32,2,1,16,0,4,1,1,1 -pv -relDiff_threshold 1e-5
-operation gemm -t bf16 -out_datatype bf16 --arch gfx950:sramecc+:xnack- --num_cu 256 --num_chiplets 8 -g 1 -m 347 -k 282 -n 122 -transA=False -transB=False --perf_config=gemm:v1:32,16,32,2,1,8,16,1,3,4,0 -pv -RMS_threshold 1e-2
-operation gemm -t bf16 -out_datatype bf16 --arch gfx950:sramecc+:xnack- --num_cu 256 --num_chiplets 8 -g 1 -m 33 -k 301 -n 219 -transA=True -transB=False --perf_config=gemm:v1:64,64,16,2,1,1,32,1,2,8,4 -pv -RMS_threshold 1e-2
-operation gemm -t fp8 -out_datatype f32 --arch gfx950:sramecc+:xnack- --num_cu 256 --num_chiplets 8 -g 1 -m 229 -k 125 -n 465 -transA=True -transB=False --perf_config=gemm:v1:64,256,16,2,1,2,0,1,3,1,2 -pv -relDiff_threshold 1e-5
-operation gemm -t f16 -out_datatype f16 --arch gfx950:sramecc+:xnack- --num_cu 256 --num_chiplets 8 -g 2 -m 42 -k 487 -n 113 -transA=False -transB=True --perf_config=gemm:v1:128,128,16,2,1,1,16,3,3,0,1 -pv
-operation gemm -t f16 -out_datatype f16 --arch gfx950:sramecc+:xnack- --num_cu 256 --num_chiplets 8 -g 1 -m 405 -k 185 -n 84 -transA=True -transB=False --perf_config=gemm:v1:128,16,32,2,1,8,0,4,2,1,2 -pv
-operation gemm -t bf16 -out_datatype bf16 --arch gfx950:sramecc+:xnack- --num_cu 256 --num_chiplets 8 -g 1 -m 235 -k 319 -n 295 -transA=False -transB=True --perf_config=gemm:v1:256,64,16,2,1,4,16,1,2,1,0 -pv -RMS_threshold 1e-2
-operation gemm -t bf16 -out_datatype bf16 --arch gfx950:sramecc+:xnack- --num_cu 256 --num_chiplets 8 -g 2 -m 84 -k 131 -n 148 -transA=False -transB=True --perf_config=gemm:v1:256,32,16,2,1,16,32,4,3,8,1 -pv -RMS_threshold 1e-2
-operation gemm -t f16 -out_datatype f16 --arch gfx950:sramecc+:xnack- --num_cu 256 --num_chiplets 8 -g 1 -m 377 -k 443 -n 37 -transA=False -transB=True --perf_config=gemm:v1:16,64,32,2,1,16,16,2,3,8,2 -pv
-operation gemm -t fp8 -out_datatype f32 --arch gfx950:sramecc+:xnack- --num_cu 256 --num_chiplets 8 -g 1 -m 57 -k 381 -n 162 -transA=True -transB=False --perf_config=gemm:v1:256,128,16,2,1,1,0,3,1,2,4 -pv -relDiff_threshold 1e-5
-operation gemm -t fp8 -out_datatype f32 --arch gfx950:sramecc+:xnack- --num_cu 256 --num_chiplets 8 -g 1 -m 13 -k 219 -n 94 -transA=True -transB=True --perf_config=gemm:v1:16,256,32,2,1,1,0,1,2,2,4 -pv -relDiff_threshold 1e-5
-operation gemm -t bf16 -out_datatype bf16 --arch gfx950:sramecc+:xnack- --num_cu 256 --num_chiplets 8 -g 1 -m 426 -k 195 -n 17 -transA=True -transB=False --perf_config=gemm:v1:32,32,32,2,1,8,16,4,2,2,8 -pv -RMS_threshold 1e-2
-operation gemm -t i8 -out_datatype i32 --arch gfx950:sramecc+:xnack- --num_cu 256 --num_chiplets 8 -g 2 -m 502 -k 256 -n 21 -transA=False -transB=True --perf_config=gemm:v1:16,32,32,2,1,4,16,1,3,8,1 -pv
-operation gemm -t fp8 -out_datatype f32 --arch gfx950:sramecc+:xnack- --num_cu 256 --num_chiplets 8 -g 1 -m 198 -k 348 -n 282 -transA=True -transB=True --perf_config=gemm:v1:32,32,32,2,1,2,16,1,1,0,4 -pv -relDiff_threshold 1e-5
-operation gemm -t i8 -out_datatype i32 --arch gfx950:sramecc+:xnack- --num_cu 256 --num_chiplets 8 -g 1 -m 174 -k 57 -n 68 -transA=True -transB=False --perf_config=gemm:v1:128,64,16,2,1,1,0,1,2,2,1 -pv
-operation gemm -t fp8 -out_datatype f32 --arch gfx950:sramecc+:xnack- --num_cu 256 --num_chiplets 8 -g 2 -m 110 -k 252 -n 54 -transA=True -transB=True --perf_config=gemm:v1:32,64,32,2,1,2,16,1,2,1,8 -pv -relDiff_threshold 1e-5
-operation gemm -t fp8 -out_datatype f32 --arch gfx950:sramecc+:xnack- --num_cu 256 --num_chiplets 8 -g 2 -m 300 -k 430 -n 143 -transA=True -transB=False --perf_config=gemm:v1:16,128,32,2,1,16,16,4,1,8,1 -pv -relDiff_threshold 1e-5
-operation gemm -t fp8 -out_datatype f32 --arch gfx950:sramecc+:xnack- --num_cu 256 --num_chiplets 8 -g 2 -m 102 -k 214 -n 105 -transA=True -transB=True --perf_config=gemm:v1:64,64,16,2,1,1,32,4,3,1,1 -pv -relDiff_threshold 1e-5
-operation gemm -t f16 -out_datatype f16 --arch gfx950:sramecc+:xnack- --num_cu 256 --num_chiplets 8 -g 2 -m 103 -k 225 -n 79 -transA=False -transB=True --perf_config=gemm:v1:256,16,32,2,1,1,16,1,2,1,4 -pv
-operation gemm -t fp8 -out_datatype f32 --arch gfx950:sramecc+:xnack- --num_cu 256 --num_chiplets 8 -g 1 -m 123 -k 208 -n 456 -transA=True -transB=False --perf_config=gemm:v1:32,32,16,2,1,1,0,2,1,8,4 -pv -relDiff_threshold 1e-5
-operation gemm -t f16 -out_datatype f16 --arch gfx950:sramecc+:xnack- --num_cu 256 --num_chiplets 8 -g 2 -m 96 -k 220 -n 8 -transA=True -transB=True --perf_config=gemm:v1:16,16,16,2,1,16,16,2,3,1,0 -pv
-operation gemm -t bf16 -out_datatype bf16 --arch gfx950:sramecc+:xnack- --num_cu 256 --num_chiplets 8 -g 2 -m 51 -k 353 -n 349 -transA=False -transB=False --perf_config=gemm:v1:256,256,16,2,1,8,16,4,3,1,0 -pv -RMS_threshold 1e-2
-operation gemm -t f16 -out_datatype f16 --arch gfx950:sramecc+:xnack- --num_cu 256 --num_chiplets 8 -g 2 -m 207 -k 493 -n 455 -transA=True -transB=False --perf_config=gemm:v1:16,16,32,2,1,16,16,1,3,8,8 -pv
-operation gemm -t bf16 -out_datatype bf16 --arch gfx950:sramecc+:xnack- --num_cu 256 --num_chiplets 8 -g 1 -m 506 -k 312 -n 343 -transA=False -transB=False --perf_config=gemm:v1:128,32,16,2,1,2,0,4,1,8,8 -pv -RMS_threshold 1e-2
-operation gemm -t bf16 -out_datatype bf16 --arch gfx950:sramecc+:xnack- --num_cu 256 --num_chiplets 8 -g 1 -m 160 -k 476 -n 353 -transA=True -transB=False --perf_config=gemm:v1:16,32,32,2,1,2,0,1,2,0,0 -pv -RMS_threshold 1e-2
-operation gemm -t f16 -out_datatype f16 --arch gfx950:sramecc+:xnack- --num_cu 256 --num_chiplets 8 -g 2 -m 249 -k 63 -n 35 -transA=False -transB=False --perf_config=gemm:v1:256,16,16,2,1,2,0,2,1,1,8 -pv
-operation gemm -t bf16 -out_datatype bf16 --arch gfx950:sramecc+:xnack- --num_cu 256 --num_chiplets 8 -g 1 -m 294 -k 69 -n 322 -transA=True -transB=True --perf_config=gemm:v1:64,64,32,2,1,8,16,1,3,1,1 -pv -RMS_threshold 1e-2
-operation gemm -t fp8 -out_datatype f32 --arch gfx950:sramecc+:xnack- --num_cu 256 --num_chiplets 8 -g 2 -m 470 -k 123 -n 229 -transA=True -transB=False --perf_config=gemm:v1:256,256,32,2,1,8,16,3,2,8,0 -pv -relDiff_threshold 1e-5
-operation gemm -t i8 -out_datatype i32 --arch gfx950:sramecc+:xnack- --num_cu 256 --num_chiplets 8 -g 2 -m 179 -k 209 -n 395 -transA=False -transB=True --perf_config=gemm:v1:256,128,32,2,1,4,0,1,3,4,0 -pv
-operation gemm -t bf16 -out_datatype bf16 --arch gfx950:sramecc+:xnack- --num_cu 256 --num_chiplets 8 -g 2 -m 26 -k 505 -n 379 -transA=True -transB=True --perf_config=gemm:v1:128,256,16,2,1,1,0,2,3,2,8 -pv -RMS_threshold 1e-2
-operation gemm -t fp8 -out_datatype f32 --arch gfx950:sramecc+:xnack- --num_cu 256 --num_chiplets 8 -g 2 -m 118 -k 456 -n 282 -transA=False -transB=True --perf_config=gemm:v1:32,16,32,2,1,16,0,3,2,1,0 -pv -relDiff_threshold 1e-5
-operation gemm -t bf16 -out_datatype bf16 --arch gfx950:sramecc+:xnack- --num_cu 256 --num_chiplets 8 -g 1 -m 242 -k 100 -n 140 -transA=True -transB=True --perf_config=gemm:v1:64,16,16,2,1,2,16,4,2,1,4 -pv -RMS_threshold 1e-2
-operation gemm -t fp8 -out_datatype f32 --arch gfx950:sramecc+:xnack- --num_cu 256 --num_chiplets 8 -g 2 -m 49 -k 120 -n 442 -transA=False -transB=False --perf_config=gemm:v1:256,16,32,2,1,8,0,2,2,1,4 -pv -relDiff_threshold 1e-5
-operation gemm -t i8 -out_datatype i32 --arch gfx950:sramecc+:xnack- --num_cu 256 --num_chiplets 8 -g 2 -m 244 -k 111 -n 84 -transA=True -transB=True --perf_config=gemm:v1:32,32,16,2,1,1,32,1,2,0,0 -pv
-operation gemm -t bf16 -out_datatype bf16 --arch gfx950:sramecc+:xnack- --num_cu 256 --num_chiplets 8 -g 2 -m 365 -k 304 -n 73 -transA=True -transB=False --perf_config=gemm:v1:16,16,16,2,1,16,0,4,2,1,4 -pv -RMS_threshold 1e-2
-operation gemm -t fp8 -out_datatype f32 --arch gfx950:sramecc+:xnack- --num_cu 256 --num_chiplets 8 -g 2 -m 470 -k 480 -n 495 -transA=True -transB=False --perf_config=gemm:v1:128,64,32,2,1,8,16,3,1,1,8 -pv -relDiff_threshold 1e-5
-operation gemm -t bf16 -out_datatype bf16 --arch gfx950:sramecc+:xnack- --num_cu 256 --num_chiplets 8 -g 2 -m 66 -k 102 -n 315 -transA=True -transB=False --perf_config=gemm:v1:32,16,16,2,1,2,32,3,2,8,2 -pv -RMS_threshold 1e-2
-operation gemm -t bf16 -out_datatype bf16 --arch gfx950:sramecc+:xnack- --num_cu 256 --num_chiplets 8 -g 1 -m 182 -k 195 -n 45 -transA=True -transB=False --perf_config=gemm:v1:128,16,16,2,1,2,32,4,1,8,8 -pv -RMS_threshold 1e-2
-operation gemm -t f16 -out_datatype f16 --arch gfx950:sramecc+:xnack- --num_cu 256 --num_chiplets 8 -g 2 -m 314 -k 456 -n 36 -transA=True -transB=True --perf_config=gemm:v1:32,128,16,2,1,2,32,4,1,0,1 -pv
-operation gemm -t bf16 -out_datatype bf16 --arch gfx950:sramecc+:xnack- --num_cu 256 --num_chiplets 8 -g 1 -m 101 -k 377 -n 498 -transA=True -transB=False --perf_config=gemm:v1:256,32,16,2,1,4,0,1,2,2,4 -pv -RMS_threshold 1e-2
-operation gemm -t bf16 -out_datatype bf16 --arch gfx950:sramecc+:xnack- --num_cu 256 --num_chiplets 8 -g 2 -m 104 -k 88 -n 258 -transA=True -transB=False --perf_config=gemm:v1:64,128,16,2,1,16,0,3,1,2,4 -pv -RMS_threshold 1e-2
-operation gemm -t bf16 -out_datatype bf16 --arch gfx950:sramecc+:xnack- --num_cu 256 --num_chiplets 8 -g 1 -m 44 -k 495 -n 181 -transA=True -transB=False --perf_config=gemm:v1:32,16,16,2,1,2,0,1,1,8,0 -pv -RMS_threshold 1e-2
-operation gemm -t f16 -out_datatype f16 --arch gfx950:sramecc+:xnack- --num_cu 256 --num_chiplets 8 -g 2 -m 466 -k 201 -n 177 -transA=True -transB=True --perf_config=gemm:v1:32,32,16,2,1,8,0,1,2,1,2 -pv
-operation gemm -t bf16 -out_datatype bf16 --arch gfx950:sramecc+:xnack- --num_cu 256 --num_chiplets 8 -g 1 -m 86 -k 324 -n 64 -transA=True -transB=True --perf_config=gemm:v1:16,128,16,2,1,4,16,1,2,0,8 -pv -RMS_threshold 1e-2
-operation gemm -t bf16 -out_datatype bf16 --arch gfx950:sramecc+:xnack- --num_cu 256 --num_chiplets 8 -g 2 -m 461 -k 60 -n 11 -transA=False -transB=False --perf_config=gemm:v1:256,128,16,2,1,16,16,2,1,1,2 -pv -RMS_threshold 1e-2
-operation gemm -t fp8 -out_datatype f32 --arch gfx950:sramecc+:xnack- --num_cu 256 --num_chiplets 8 -g 2 -m 151 -k 211 -n 16 -transA=True -transB=True --perf_config=gemm:v1:64,128,32,2,1,4,16,1,1,1,0 -pv -relDiff_threshold 1e-5
-operation gemm -t fp8 -out_datatype f32 --arch gfx950:sramecc+:xnack- --num_cu 256 --num_chiplets 8 -g 2 -m 159 -k 504 -n 250 -transA=True -transB=True --perf_config=gemm:v1:128,64,16,2,1,1,32,1,1,4,4 -pv -relDiff_threshold 1e-5
-operation gemm -t bf16 -out_datatype bf16 --arch gfx950:sramecc+:xnack- --num_cu 256 --num_chiplets 8 -g 2 -m 329 -k 181 -n 278 -transA=True -transB=True --perf_config=gemm:v1:128,32,16,2,1,4,16,4,2,2,1 -pv -RMS_threshold 1e-2
Passed: 705, Not applicable: 174, Failed: 121
