FAIL: Runner returned incorrect result
Config = GemmGemmConfiguration(datatype='bf16', g=2, m=35, k=83, n=67, o=79, trans_a=True, trans_b=True, trans_c=True, trans_o=False, arch='gfx950:sramecc+:xnack-', chip='gfx950', num_cu=256, num_chiplets=8, perfconfig='attn:v1:32,32,16,2,1,16,32,1,2,4,4')
Command line = -operation gemm_gemm -t bf16 --arch gfx950:sramecc+:xnack- --num_cu 256 --num_chiplets 8 -g 2 -m 35 -k 83 -n 67 -gemmO 79 -transA=True -transB=True -transC=True -transO=False --perf_config=attn:v1:32,32,16,2,1,16,32,1,2,4,4 -pv -RMS_threshold 1e-2
Output = Number of elements: 5530
maxAbsDiff info: maxAbsDiff = 1312.000000 (valNum = -1696.00000, gpuNum = -384.00000), average absDiff = 8.7e+02
maxRelDiff info: maxRelDiff = 8.1e-01 (valNum = 196.0000000000, gpuNum = 37.5000000000), average relDiff = 7.8e-01
RMS = 5.9e-01
Histogram of relDiff: 
        relDiff = 0     : 0/5530 (0.000000%)
     0 < relDiff < 1e-06: 0/5530 (0.000000%)
1e-06 < relDiff <= 1e-05: 0/5530 (0.000000%)
1e-05 < relDiff <= 1e-04: 0/5530 (0.000000%)
1e-04 < relDiff <= 1e-03: 0/5530 (0.000000%)
1e-03 < relDiff <= 1e-02: 0/5530 (0.000000%)
1e-02 < relDiff <= 1e-01: 0/5530 (0.000000%)
1e-01 < relDiff <= 1e+00: 5530/5530 (100.000000%)
1e+00 < relDiff < inf   : 0/5530 (0.000000%)
        relDiff = inf   : 0/5530 (0.000000%)
[0 0 1]

FAIL: Runner returned incorrect result
Config = GemmGemmConfiguration(datatype='bf16', g=2, m=7, k=58, n=80, o=63, trans_a=False, trans_b=True, trans_c=True, trans_o=False, arch='gfx950:sramecc+:xnack-', chip='gfx950', num_cu=256, num_chiplets=8, perfconfig='attn:v1:256,32,32,2,1,16,16,1,2,4,4')
Command line = -operation gemm_gemm -t bf16 --arch gfx950:sramecc+:xnack- --num_cu 256 --num_chiplets 8 -g 2 -m 7 -k 58 -n 80 -gemmO 63 -transA=False -transB=True -transC=True -transO=False --perf_config=attn:v1:256,32,32,2,1,16,16,1,2,4,4 -pv -RMS_threshold 1e-2
Output = Number of elements: 882
maxAbsDiff info: maxAbsDiff = 972.000000 (valNum = -1528.00000, gpuNum = -556.00000), average absDiff = 6.4e+02
maxRelDiff info: maxRelDiff = 6.5e-01 (valNum = 540.0000000000, gpuNum = 190.0000000000), average relDiff = 6.4e-01
RMS = 4.5e-01
Histogram of relDiff: 
        relDiff = 0     : 0/882 (0.000000%)
     0 < relDiff < 1e-06: 0/882 (0.000000%)
1e-06 < relDiff <= 1e-05: 0/882 (0.000000%)
1e-05 < relDiff <= 1e-04: 0/882 (0.000000%)
1e-04 < relDiff <= 1e-03: 0/882 (0.000000%)
1e-03 < relDiff <= 1e-02: 0/882 (0.000000%)
1e-02 < relDiff <= 1e-01: 0/882 (0.000000%)
1e-01 < relDiff <= 1e+00: 882/882 (100.000000%)
1e+00 < relDiff < inf   : 0/882 (0.000000%)
        relDiff = inf   : 0/882 (0.000000%)
[0 0 1]

FAIL: Runner returned incorrect result
Config = GemmGemmConfiguration(datatype='f16', g=1, m=123, k=102, n=95, o=28, trans_a=True, trans_b=False, trans_c=False, trans_o=False, arch='gfx950:sramecc+:xnack-', chip='gfx950', num_cu=256, num_chiplets=8, perfconfig='attn:v1:128,32,64,2,1,2,16,2,2,2,2')
Command line = -operation gemm_gemm -t f16 --arch gfx950:sramecc+:xnack- --num_cu 256 --num_chiplets 8 -g 1 -m 123 -k 102 -n 95 -gemmO 28 -transA=True -transB=False -transC=False -transO=False --perf_config=attn:v1:128,32,64,2,1,2,16,2,2,2,2 -pv
Output = Number of elements: 3444
maxAbsDiff info: maxAbsDiff = 31.875000 (valNum = -76.50000, gpuNum = -44.62500), average absDiff = 1.7e+01
maxRelDiff info: maxRelDiff = 4.2e-01 (valNum = 38.2500000000, gpuNum = 22.3125000000), average relDiff = 3.3e-01
RMS = 2.4e-01
Histogram of relDiff: 
        relDiff = 0     : 0/3444 (0.000000%)
     0 < relDiff < 1e-06: 0/3444 (0.000000%)
1e-06 < relDiff <= 1e-05: 0/3444 (0.000000%)
1e-05 < relDiff <= 1e-04: 0/3444 (0.000000%)
1e-04 < relDiff <= 1e-03: 0/3444 (0.000000%)
1e-03 < relDiff <= 1e-02: 0/3444 (0.000000%)
1e-02 < relDiff <= 1e-01: 0/3444 (0.000000%)
1e-01 < relDiff <= 1e+00: 3444/3444 (100.000000%)
1e+00 < relDiff < inf   : 0/3444 (0.000000%)
        relDiff = inf   : 0/3444 (0.000000%)
[0 1 1]

----------------------------------------------------------------------------------------------------
PASS: GemmGemmConfiguration(datatype='bf16', g=1, m=54, k=100, n=50, o=36, trans_a=False, trans_b=True, trans_c=False, trans_o=True, arch='gfx950:sramecc+:xnack-', chip='gfx950', num_cu=256, num_chiplets=8, perfconfig='attn:v1:16,128,128,1,1,16,16,3,2,8,1')
----------------------------------------------------------------------------------------------------
PASS: GemmGemmConfiguration(datatype='f32', g=2, m=18, k=110, n=40, o=3, trans_a=True, trans_b=True, trans_c=False, trans_o=True, arch='gfx950:sramecc+:xnack-', chip='gfx950', num_cu=256, num_chiplets=8, perfconfig='attn:v1:64,32,64,2,1,1,16,2,1,1,2')
----------------------------------------------------------------------------------------------------
PASS: GemmGemmConfiguration(datatype='bf16', g=1, m=31, k=52, n=101, o=89, trans_a=True, trans_b=False, trans_c=True, trans_o=False, arch='gfx950:sramecc+:xnack-', chip='gfx950', num_cu=256, num_chiplets=8, perfconfig='attn:v1:64,128,64,2,1,4,16,1,3,8,1')
----------------------------------------------------------------------------------------------------
FAIL: GemmGemmConfiguration(datatype='bf16', g=2, m=35, k=83, n=67, o=79, trans_a=True, trans_b=True, trans_c=True, trans_o=False, arch='gfx950:sramecc+:xnack-', chip='gfx950', num_cu=256, num_chiplets=8, perfconfig='attn:v1:32,32,16,2,1,16,32,1,2,4,4')
----------------------------------------------------------------------------------------------------
PASS: GemmGemmConfiguration(datatype='f32', g=1, m=30, k=117, n=100, o=19, trans_a=False, trans_b=True, trans_c=False, trans_o=False, arch='gfx950:sramecc+:xnack-', chip='gfx950', num_cu=256, num_chiplets=8, perfconfig='attn:v1:256,128,128,2,1,16,32,2,3,4,1')
----------------------------------------------------------------------------------------------------
PASS: GemmGemmConfiguration(datatype='f32', g=1, m=24, k=7, n=120, o=97, trans_a=True, trans_b=False, trans_c=True, trans_o=False, arch='gfx950:sramecc+:xnack-', chip='gfx950', num_cu=256, num_chiplets=8, perfconfig='attn:v1:128,64,128,2,1,2,16,4,2,2,0')
----------------------------------------------------------------------------------------------------
PASS: GemmGemmConfiguration(datatype='bf16', g=2, m=85, k=95, n=48, o=114, trans_a=True, trans_b=False, trans_c=True, trans_o=True, arch='gfx950:sramecc+:xnack-', chip='gfx950', num_cu=256, num_chiplets=8, perfconfig='attn:v1:256,16,64,1,1,8,16,4,3,2,0')
----------------------------------------------------------------------------------------------------
PASS: GemmGemmConfiguration(datatype='f32', g=1, m=80, k=108, n=26, o=119, trans_a=False, trans_b=True, trans_c=True, trans_o=False, arch='gfx950:sramecc+:xnack-', chip='gfx950', num_cu=256, num_chiplets=8, perfconfig='attn:v1:32,128,64,1,1,2,0,4,2,4,0')
----------------------------------------------------------------------------------------------------
PASS: GemmGemmConfiguration(datatype='bf16', g=1, m=71, k=49, n=38, o=64, trans_a=True, trans_b=False, trans_c=True, trans_o=False, arch='gfx950:sramecc+:xnack-', chip='gfx950', num_cu=256, num_chiplets=8, perfconfig='attn:v1:16,128,64,2,1,4,32,1,3,1,2')
----------------------------------------------------------------------------------------------------
PASS: GemmGemmConfiguration(datatype='f16', g=2, m=64, k=80, n=47, o=19, trans_a=True, trans_b=False, trans_c=False, trans_o=False, arch='gfx950:sramecc+:xnack-', chip='gfx950', num_cu=256, num_chiplets=8, perfconfig='attn:v1:16,16,128,1,1,1,16,4,2,2,2')
----------------------------------------------------------------------------------------------------
PASS: GemmGemmConfiguration(datatype='f32', g=2, m=118, k=57, n=115, o=78, trans_a=False, trans_b=True, trans_c=False, trans_o=False, arch='gfx950:sramecc+:xnack-', chip='gfx950', num_cu=256, num_chiplets=8, perfconfig='attn:v1:256,16,128,1,1,16,16,4,2,4,0')
----------------------------------------------------------------------------------------------------
PASS: GemmGemmConfiguration(datatype='f16', g=1, m=54, k=126, n=19, o=7, trans_a=True, trans_b=False, trans_c=False, trans_o=False, arch='gfx950:sramecc+:xnack-', chip='gfx950', num_cu=256, num_chiplets=8, perfconfig='attn:v1:32,128,32,1,1,4,0,2,3,4,8')
----------------------------------------------------------------------------------------------------
FAIL: GemmGemmConfiguration(datatype='bf16', g=2, m=7, k=58, n=80, o=63, trans_a=False, trans_b=True, trans_c=True, trans_o=False, arch='gfx950:sramecc+:xnack-', chip='gfx950', num_cu=256, num_chiplets=8, perfconfig='attn:v1:256,32,32,2,1,16,16,1,2,4,4')
----------------------------------------------------------------------------------------------------
PASS: GemmGemmConfiguration(datatype='bf16', g=1, m=1, k=62, n=22, o=70, trans_a=False, trans_b=True, trans_c=False, trans_o=True, arch='gfx950:sramecc+:xnack-', chip='gfx950', num_cu=256, num_chiplets=8, perfconfig='attn:v1:64,128,128,1,1,1,0,4,1,2,8')
----------------------------------------------------------------------------------------------------
PASS: GemmGemmConfiguration(datatype='f16', g=1, m=31, k=15, n=12, o=93, trans_a=False, trans_b=False, trans_c=True, trans_o=True, arch='gfx950:sramecc+:xnack-', chip='gfx950', num_cu=256, num_chiplets=8, perfconfig='attn:v1:64,64,128,1,1,1,32,2,2,8,4')
----------------------------------------------------------------------------------------------------
PASS: GemmGemmConfiguration(datatype='f16', g=2, m=71, k=23, n=58, o=101, trans_a=False, trans_b=False, trans_c=False, trans_o=True, arch='gfx950:sramecc+:xnack-', chip='gfx950', num_cu=256, num_chiplets=8, perfconfig='attn:v1:256,16,16,1,1,1,32,2,3,2,1')
----------------------------------------------------------------------------------------------------
PASS: GemmGemmConfiguration(datatype='bf16', g=2, m=54, k=19, n=112, o=89, trans_a=False, trans_b=True, trans_c=False, trans_o=False, arch='gfx950:sramecc+:xnack-', chip='gfx950', num_cu=256, num_chiplets=8, perfconfig='attn:v1:16,16,64,2,1,8,0,1,3,4,8')
----------------------------------------------------------------------------------------------------
PASS: GemmGemmConfiguration(datatype='f32', g=1, m=126, k=8, n=44, o=119, trans_a=False, trans_b=True, trans_c=True, trans_o=True, arch='gfx950:sramecc+:xnack-', chip='gfx950', num_cu=256, num_chiplets=8, perfconfig='attn:v1:16,64,128,1,1,16,0,2,3,0,4')
----------------------------------------------------------------------------------------------------
PASS: GemmGemmConfiguration(datatype='bf16', g=2, m=104, k=105, n=117, o=124, trans_a=False, trans_b=False, trans_c=True, trans_o=True, arch='gfx950:sramecc+:xnack-', chip='gfx950', num_cu=256, num_chiplets=8, perfconfig='attn:v1:32,32,64,1,1,4,32,4,2,2,1')
----------------------------------------------------------------------------------------------------
PASS: GemmGemmConfiguration(datatype='bf16', g=2, m=99, k=75, n=103, o=100, trans_a=False, trans_b=False, trans_c=False, trans_o=True, arch='gfx950:sramecc+:xnack-', chip='gfx950', num_cu=256, num_chiplets=8, perfconfig='attn:v1:32,32,16,1,1,4,0,3,3,2,4')
----------------------------------------------------------------------------------------------------
FAIL: GemmGemmConfiguration(datatype='f16', g=1, m=123, k=102, n=95, o=28, trans_a=True, trans_b=False, trans_c=False, trans_o=False, arch='gfx950:sramecc+:xnack-', chip='gfx950', num_cu=256, num_chiplets=8, perfconfig='attn:v1:128,32,64,2,1,2,16,2,2,2,2')
----------------------------------------------------------------------------------------------------
PASS: GemmGemmConfiguration(datatype='bf16', g=1, m=71, k=91, n=66, o=77, trans_a=True, trans_b=True, trans_c=False, trans_o=False, arch='gfx950:sramecc+:xnack-', chip='gfx950', num_cu=256, num_chiplets=8, perfconfig='attn:v1:64,256,64,1,1,4,16,4,1,4,4')
FAIL: Runner returned incorrect result
Config = GemmGemmConfiguration(datatype='f16', g=1, m=9, k=70, n=3, o=96, trans_a=False, trans_b=True, trans_c=False, trans_o=False, arch='gfx950:sramecc+:xnack-', chip='gfx950', num_cu=256, num_chiplets=8, perfconfig='attn:v1:64,64,128,2,1,2,16,4,2,8,2')
Command line = -operation gemm_gemm -t f16 --arch gfx950:sramecc+:xnack- --num_cu 256 --num_chiplets 8 -g 1 -m 9 -k 70 -n 3 -gemmO 96 -transA=False -transB=True -transC=False -transO=False --perf_config=attn:v1:64,64,128,2,1,2,16,4,2,8,2 -pv
Output = Number of elements: 864
maxAbsDiff info: maxAbsDiff = 0.015625 (valNum = 0.89062, gpuNum = 0.87500), average absDiff = 1.7e-03
maxRelDiff info: maxRelDiff = 1.8e-02 (valNum = 0.8906250000, gpuNum = 0.8750000000), average relDiff = 1.9e-03
RMS = 3.2e-03
Histogram of relDiff: 
        relDiff = 0     : 768/864 (88.888889%)
     0 < relDiff < 1e-06: 0/864 (0.000000%)
1e-06 < relDiff <= 1e-05: 0/864 (0.000000%)
1e-05 < relDiff <= 1e-04: 0/864 (0.000000%)
1e-04 < relDiff <= 1e-03: 0/864 (0.000000%)
1e-03 < relDiff <= 1e-02: 0/864 (0.000000%)
1e-02 < relDiff <= 1e-01: 96/864 (11.111111%)
1e-01 < relDiff <= 1e+00: 0/864 (0.000000%)
1e+00 < relDiff < inf   : 0/864 (0.000000%)
        relDiff = inf   : 0/864 (0.000000%)
[0 1 1]

----------------------------------------------------------------------------------------------------
PASS: GemmGemmConfiguration(datatype='f16', g=2, m=9, k=109, n=119, o=71, trans_a=False, trans_b=True, trans_c=False, trans_o=True, arch='gfx950:sramecc+:xnack-', chip='gfx950', num_cu=256, num_chiplets=8, perfconfig='attn:v1:128,16,32,1,1,2,32,4,2,2,2')
----------------------------------------------------------------------------------------------------
PASS: GemmGemmConfiguration(datatype='f32', g=2, m=66, k=72, n=116, o=100, trans_a=True, trans_b=False, trans_c=True, trans_o=False, arch='gfx950:sramecc+:xnack-', chip='gfx950', num_cu=256, num_chiplets=8, perfconfig='attn:v1:256,256,128,1,1,8,32,2,1,0,0')
Lowering rejected config as not applicable
Command line = -operation gemm_gemm -t f32 --arch gfx950:sramecc+:xnack- --num_cu 256 --num_chiplets 8 -g 1 -m 29 -k 88 -n 30 -gemmO 54 -transA=True -transB=False -transC=False -transO=True --perf_config=attn:v1:256,128,64,2,1,2,16,4,2,0,8 -pv -relDiff_threshold 1e-4
Errors = loc("<stdin>":10:1): error: ttg.shared (196608) exceeds LDS limit (163840) for amdgcn-amd-amdhsa:gfx950:sramecc+:xnack-
Lowering not applicable.

----------------------------------------------------------------------------------------------------
NOT_APPLICABLE: GemmGemmConfiguration(datatype='f32', g=1, m=29, k=88, n=30, o=54, trans_a=True, trans_b=False, trans_c=False, trans_o=True, arch='gfx950:sramecc+:xnack-', chip='gfx950', num_cu=256, num_chiplets=8, perfconfig='attn:v1:256,128,64,2,1,2,16,4,2,0,8')
----------------------------------------------------------------------------------------------------
PASS: GemmGemmConfiguration(datatype='f32', g=1, m=114, k=70, n=96, o=28, trans_a=False, trans_b=True, trans_c=True, trans_o=False, arch='gfx950:sramecc+:xnack-', chip='gfx950', num_cu=256, num_chiplets=8, perfconfig='attn:v1:16,64,32,2,1,16,0,4,2,8,8')
----------------------------------------------------------------------------------------------------
PASS: GemmGemmConfiguration(datatype='f16', g=2, m=118, k=49, n=77, o=32, trans_a=False, trans_b=True, trans_c=True, trans_o=True, arch='gfx950:sramecc+:xnack-', chip='gfx950', num_cu=256, num_chiplets=8, perfconfig='attn:v1:64,64,64,1,1,16,16,2,2,2,0')
----------------------------------------------------------------------------------------------------
PASS: GemmGemmConfiguration(datatype='f32', g=1, m=22, k=101, n=102, o=107, trans_a=False, trans_b=True, trans_c=False, trans_o=False, arch='gfx950:sramecc+:xnack-', chip='gfx950', num_cu=256, num_chiplets=8, perfconfig='attn:v1:16,64,32,2,1,4,32,1,2,1,2')
----------------------------------------------------------------------------------------------------
PASS: GemmGemmConfiguration(datatype='f32', g=2, m=113, k=20, n=115, o=121, trans_a=True, trans_b=False, trans_c=True, trans_o=False, arch='gfx950:sramecc+:xnack-', chip='gfx950', num_cu=256, num_chiplets=8, perfconfig='attn:v1:16,128,32,1,1,4,16,1,2,2,1')
----------------------------------------------------------------------------------------------------
PASS: GemmGemmConfiguration(datatype='f32', g=2, m=128, k=75, n=15, o=62, trans_a=True, trans_b=False, trans_c=True, trans_o=True, arch='gfx950:sramecc+:xnack-', chip='gfx950', num_cu=256, num_chiplets=8, perfconfig='attn:v1:16,32,128,2,1,1,16,4,2,4,8')
----------------------------------------------------------------------------------------------------
PASS: GemmGemmConfiguration(datatype='bf16', g=1, m=124, k=2, n=126, o=6, trans_a=False, trans_b=True, trans_c=False, trans_o=False, arch='gfx950:sramecc+:xnack-', chip='gfx950', num_cu=256, num_chiplets=8, perfconfig='attn:v1:256,64,128,2,1,1,32,2,1,1,8')
----------------------------------------------------------------------------------------------------
PASS: GemmGemmConfiguration(datatype='f32', g=1, m=106, k=106, n=12, o=24, trans_a=False, trans_b=False, trans_c=True, trans_o=True, arch='gfx950:sramecc+:xnack-', chip='gfx950', num_cu=256, num_chiplets=8, perfconfig='attn:v1:256,64,32,2,1,2,32,2,2,8,4')
----------------------------------------------------------------------------------------------------
PASS: GemmGemmConfiguration(datatype='bf16', g=1, m=64, k=17, n=5, o=124, trans_a=True, trans_b=False, trans_c=True, trans_o=False, arch='gfx950:sramecc+:xnack-', chip='gfx950', num_cu=256, num_chiplets=8, perfconfig='attn:v1:128,32,128,1,1,16,16,2,2,4,1')
----------------------------------------------------------------------------------------------------
PASS: GemmGemmConfiguration(datatype='f16', g=2, m=80, k=95, n=60, o=57, trans_a=True, trans_b=False, trans_c=False, trans_o=True, arch='gfx950:sramecc+:xnack-', chip='gfx950', num_cu=256, num_chiplets=8, perfconfig='attn:v1:32,64,64,2,1,16,16,2,3,0,2')
----------------------------------------------------------------------------------------------------
PASS: GemmGemmConfiguration(datatype='f32', g=2, m=70, k=30, n=22, o=22, trans_a=False, trans_b=False, trans_c=True, trans_o=True, arch='gfx950:sramecc+:xnack-', chip='gfx950', num_cu=256, num_chiplets=8, perfconfig='attn:v1:128,32,32,2,1,2,16,4,3,0,2')
----------------------------------------------------------------------------------------------------
PASS: GemmGemmConfiguration(datatype='f32', g=1, m=35, k=79, n=115, o=3, trans_a=True, trans_b=False, trans_c=True, trans_o=True, arch='gfx950:sramecc+:xnack-', chip='gfx950', num_cu=256, num_chiplets=8, perfconfig='attn:v1:16,32,64,2,1,8,32,2,3,4,8')
----------------------------------------------------------------------------------------------------
PASS: GemmGemmConfiguration(datatype='f16', g=2, m=73, k=56, n=128, o=43, trans_a=False, trans_b=True, trans_c=False, trans_o=True, arch='gfx950:sramecc+:xnack-', chip='gfx950', num_cu=256, num_chiplets=8, perfconfig='attn:v1:32,64,32,2,1,4,32,2,2,4,2')
----------------------------------------------------------------------------------------------------
PASS: GemmGemmConfiguration(datatype='f32', g=2, m=82, k=87, n=44, o=60, trans_a=False, trans_b=False, trans_c=False, trans_o=True, arch='gfx950:sramecc+:xnack-', chip='gfx950', num_cu=256, num_chiplets=8, perfconfig='attn:v1:128,256,32,2,1,16,0,3,3,8,8')
----------------------------------------------------------------------------------------------------
PASS: GemmGemmConfiguration(datatype='f16', g=1, m=94, k=1, n=106, o=99, trans_a=False, trans_b=True, trans_c=False, trans_o=False, arch='gfx950:sramecc+:xnack-', chip='gfx950', num_cu=256, num_chiplets=8, perfconfig='attn:v1:64,32,64,2,1,2,0,2,2,4,2')
----------------------------------------------------------------------------------------------------
PASS: GemmGemmConfiguration(datatype='bf16', g=1, m=79, k=73, n=114, o=96, trans_a=True, trans_b=True, trans_c=True, trans_o=False, arch='gfx950:sramecc+:xnack-', chip='gfx950', num_cu=256, num_chiplets=8, perfconfig='attn:v1:16,128,128,2,1,1,0,4,3,1,4')
----------------------------------------------------------------------------------------------------
PASS: GemmGemmConfiguration(datatype='f32', g=2, m=55, k=22, n=112, o=53, trans_a=False, trans_b=False, trans_c=True, trans_o=False, arch='gfx950:sramecc+:xnack-', chip='gfx950', num_cu=256, num_chiplets=8, perfconfig='attn:v1:16,16,128,1,1,8,16,1,1,2,4')
----------------------------------------------------------------------------------------------------
PASS: GemmGemmConfiguration(datatype='f32', g=1, m=106, k=111, n=85, o=96, trans_a=False, trans_b=False, trans_c=True, trans_o=True, arch='gfx950:sramecc+:xnack-', chip='gfx950', num_cu=256, num_chiplets=8, perfconfig='attn:v1:32,64,32,2,1,8,16,4,1,4,1')
----------------------------------------------------------------------------------------------------
FAIL: GemmGemmConfiguration(datatype='f16', g=1, m=9, k=70, n=3, o=96, trans_a=False, trans_b=True, trans_c=False, trans_o=False, arch='gfx950:sramecc+:xnack-', chip='gfx950', num_cu=256, num_chiplets=8, perfconfig='attn:v1:64,64,128,2,1,2,16,4,2,8,2')
FAIL: Runner returned incorrect result
Config = GemmGemmConfiguration(datatype='bf16', g=1, m=81, k=85, n=33, o=122, trans_a=False, trans_b=True, trans_c=True, trans_o=False, arch='gfx950:sramecc+:xnack-', chip='gfx950', num_cu=256, num_chiplets=8, perfconfig='attn:v1:16,64,16,2,1,1,16,1,2,4,2')
Command line = -operation gemm_gemm -t bf16 --arch gfx950:sramecc+:xnack- --num_cu 256 --num_chiplets 8 -g 1 -m 81 -k 85 -n 33 -gemmO 122 -transA=False -transB=True -transC=True -transO=False --perf_config=attn:v1:16,64,16,2,1,1,16,1,2,4,2 -pv -RMS_threshold 1e-2
Output = Number of elements: 9882
maxAbsDiff info: maxAbsDiff = 694.000000 (valNum = -916.00000, gpuNum = -222.00000), average absDiff = 4.6e+02
maxRelDiff info: maxRelDiff = 7.7e-01 (valNum = 356.0000000000, gpuNum = 82.5000000000), average relDiff = 7.6e-01
RMS = 5.4e-01
Histogram of relDiff: 
        relDiff = 0     : 0/9882 (0.000000%)
     0 < relDiff < 1e-06: 0/9882 (0.000000%)
1e-06 < relDiff <= 1e-05: 0/9882 (0.000000%)
1e-05 < relDiff <= 1e-04: 0/9882 (0.000000%)
1e-04 < relDiff <= 1e-03: 0/9882 (0.000000%)
1e-03 < relDiff <= 1e-02: 0/9882 (0.000000%)
1e-02 < relDiff <= 1e-01: 0/9882 (0.000000%)
1e-01 < relDiff <= 1e+00: 9882/9882 (100.000000%)
1e+00 < relDiff < inf   : 0/9882 (0.000000%)
        relDiff = inf   : 0/9882 (0.000000%)
[0 0 1]

FAIL: Runner returned incorrect result
Config = GemmGemmConfiguration(datatype='f16', g=2, m=106, k=68, n=107, o=38, trans_a=True, trans_b=True, trans_c=False, trans_o=True, arch='gfx950:sramecc+:xnack-', chip='gfx950', num_cu=256, num_chiplets=8, perfconfig='attn:v1:32,128,16,2,1,8,16,4,3,1,8')
Command line = -operation gemm_gemm -t f16 --arch gfx950:sramecc+:xnack- --num_cu 256 --num_chiplets 8 -g 2 -m 106 -k 68 -n 107 -gemmO 38 -transA=True -transB=True -transC=False -transO=True --perf_config=attn:v1:32,128,16,2,1,8,16,4,3,1,8 -pv
Output = Number of elements: 8056
maxAbsDiff info: maxAbsDiff = 1718.000000 (valNum = -2376.00000, gpuNum = -658.00000), average absDiff = 1.1e+03
maxRelDiff info: maxRelDiff = 7.5e-01 (valNum = 878.0000000000, gpuNum = 223.7500000000), average relDiff = 7.2e-01
RMS = 5.1e-01
Histogram of relDiff: 
        relDiff = 0     : 0/8056 (0.000000%)
     0 < relDiff < 1e-06: 0/8056 (0.000000%)
1e-06 < relDiff <= 1e-05: 0/8056 (0.000000%)
1e-05 < relDiff <= 1e-04: 0/8056 (0.000000%)
1e-04 < relDiff <= 1e-03: 0/8056 (0.000000%)
1e-03 < relDiff <= 1e-02: 0/8056 (0.000000%)
1e-02 < relDiff <= 1e-01: 0/8056 (0.000000%)
1e-01 < relDiff <= 1e+00: 8056/8056 (100.000000%)
1e+00 < relDiff < inf   : 0/8056 (0.000000%)
        relDiff = inf   : 0/8056 (0.000000%)
[0 0 1]

FAIL: Runner returned incorrect result
Config = GemmGemmConfiguration(datatype='f16', g=1, m=115, k=79, n=4, o=85, trans_a=False, trans_b=False, trans_c=False, trans_o=True, arch='gfx950:sramecc+:xnack-', chip='gfx950', num_cu=256, num_chiplets=8, perfconfig='attn:v1:32,64,32,2,1,2,16,4,2,2,4')
Command line = -operation gemm_gemm -t f16 --arch gfx950:sramecc+:xnack- --num_cu 256 --num_chiplets 8 -g 1 -m 115 -k 79 -n 4 -gemmO 85 -transA=False -transB=False -transC=False -transO=True --perf_config=attn:v1:32,64,32,2,1,2,16,4,2,2,4 -pv
Output = Number of elements: 9775
maxAbsDiff info: maxAbsDiff = 62.562500 (valNum = -123.37500, gpuNum = -60.81250), average absDiff = 3.4e+01
maxRelDiff info: maxRelDiff = 5.1e-01 (valNum = 70.8750000000, gpuNum = 34.5625000000), average relDiff = 5.0e-01
RMS = 3.1e-01
Histogram of relDiff: 
        relDiff = 0     : 0/9775 (0.000000%)
     0 < relDiff < 1e-06: 0/9775 (0.000000%)
1e-06 < relDiff <= 1e-05: 0/9775 (0.000000%)
1e-05 < relDiff <= 1e-04: 0/9775 (0.000000%)
1e-04 < relDiff <= 1e-03: 0/9775 (0.000000%)
1e-03 < relDiff <= 1e-02: 0/9775 (0.000000%)
1e-02 < relDiff <= 1e-01: 0/9775 (0.000000%)
1e-01 < relDiff <= 1e+00: 9775/9775 (100.000000%)
1e+00 < relDiff < inf   : 0/9775 (0.000000%)
        relDiff = inf   : 0/9775 (0.000000%)
[0 1 1]

FAIL: Runner returned incorrect result
Config = GemmGemmConfiguration(datatype='f16', g=2, m=75, k=52, n=58, o=62, trans_a=True, trans_b=True, trans_c=True, trans_o=True, arch='gfx950:sramecc+:xnack-', chip='gfx950', num_cu=256, num_chiplets=8, perfconfig='attn:v1:32,16,16,2,1,2,32,2,3,1,0')
Command line = -operation gemm_gemm -t f16 --arch gfx950:sramecc+:xnack- --num_cu 256 --num_chiplets 8 -g 2 -m 75 -k 52 -n 58 -gemmO 62 -transA=True -transB=True -transC=True -transO=True --perf_config=attn:v1:32,16,16,2,1,2,32,2,3,1,0 -pv
Output = Number of elements: 9300
maxAbsDiff info: maxAbsDiff = 33.109375 (valNum = -57.00000, gpuNum = -23.89062), average absDiff = 1.2e+01
maxRelDiff info: maxRelDiff = 7.7e+00 (valNum = -0.5937500000, gpuNum = -5.1640625000), average relDiff = 2.2e+00
RMS = 2.6e-01
Histogram of relDiff: 
        relDiff = 0     : 0/9300 (0.000000%)
     0 < relDiff < 1e-06: 0/9300 (0.000000%)
1e-06 < relDiff <= 1e-05: 0/9300 (0.000000%)
1e-05 < relDiff <= 1e-04: 0/9300 (0.000000%)
1e-04 < relDiff <= 1e-03: 0/9300 (0.000000%)
1e-03 < relDiff <= 1e-02: 0/9300 (0.000000%)
1e-02 < relDiff <= 1e-01: 0/9300 (0.000000%)
1e-01 < relDiff <= 1e+00: 4575/9300 (49.193548%)
1e+00 < relDiff < inf   : 4725/9300 (50.806452%)
        relDiff = inf   : 0/9300 (0.000000%)
[0 1 1]

----------------------------------------------------------------------------------------------------
PASS: GemmGemmConfiguration(datatype='f16', g=1, m=87, k=78, n=114, o=63, trans_a=True, trans_b=False, trans_c=True, trans_o=False, arch='gfx950:sramecc+:xnack-', chip='gfx950', num_cu=256, num_chiplets=8, perfconfig='attn:v1:32,16,64,1,1,2,0,4,2,2,8')
----------------------------------------------------------------------------------------------------
FAIL: GemmGemmConfiguration(datatype='bf16', g=1, m=81, k=85, n=33, o=122, trans_a=False, trans_b=True, trans_c=True, trans_o=False, arch='gfx950:sramecc+:xnack-', chip='gfx950', num_cu=256, num_chiplets=8, perfconfig='attn:v1:16,64,16,2,1,1,16,1,2,4,2')
----------------------------------------------------------------------------------------------------
PASS: GemmGemmConfiguration(datatype='bf16', g=1, m=57, k=102, n=47, o=64, trans_a=False, trans_b=False, trans_c=False, trans_o=True, arch='gfx950:sramecc+:xnack-', chip='gfx950', num_cu=256, num_chiplets=8, perfconfig='attn:v1:32,64,32,2,1,1,32,3,2,4,1')
----------------------------------------------------------------------------------------------------
PASS: GemmGemmConfiguration(datatype='bf16', g=1, m=7, k=58, n=65, o=55, trans_a=True, trans_b=False, trans_c=False, trans_o=True, arch='gfx950:sramecc+:xnack-', chip='gfx950', num_cu=256, num_chiplets=8, perfconfig='attn:v1:128,128,128,1,1,4,32,2,3,4,0')
----------------------------------------------------------------------------------------------------
PASS: GemmGemmConfiguration(datatype='f16', g=2, m=53, k=42, n=116, o=97, trans_a=True, trans_b=True, trans_c=False, trans_o=True, arch='gfx950:sramecc+:xnack-', chip='gfx950', num_cu=256, num_chiplets=8, perfconfig='attn:v1:256,256,64,2,1,8,0,2,2,0,8')
----------------------------------------------------------------------------------------------------
PASS: GemmGemmConfiguration(datatype='bf16', g=1, m=107, k=31, n=52, o=48, trans_a=True, trans_b=True, trans_c=False, trans_o=False, arch='gfx950:sramecc+:xnack-', chip='gfx950', num_cu=256, num_chiplets=8, perfconfig='attn:v1:32,32,128,1,1,8,0,2,2,8,1')
----------------------------------------------------------------------------------------------------
PASS: GemmGemmConfiguration(datatype='f16', g=1, m=114, k=31, n=124, o=56, trans_a=False, trans_b=False, trans_c=True, trans_o=True, arch='gfx950:sramecc+:xnack-', chip='gfx950', num_cu=256, num_chiplets=8, perfconfig='attn:v1:32,32,64,2,1,1,0,4,2,2,1')
----------------------------------------------------------------------------------------------------
FAIL: GemmGemmConfiguration(datatype='f16', g=2, m=106, k=68, n=107, o=38, trans_a=True, trans_b=True, trans_c=False, trans_o=True, arch='gfx950:sramecc+:xnack-', chip='gfx950', num_cu=256, num_chiplets=8, perfconfig='attn:v1:32,128,16,2,1,8,16,4,3,1,8')
----------------------------------------------------------------------------------------------------
PASS: GemmGemmConfiguration(datatype='f32', g=1, m=104, k=62, n=68, o=81, trans_a=False, trans_b=False, trans_c=False, trans_o=True, arch='gfx950:sramecc+:xnack-', chip='gfx950', num_cu=256, num_chiplets=8, perfconfig='attn:v1:128,16,128,1,1,4,32,1,2,0,4')
----------------------------------------------------------------------------------------------------
PASS: GemmGemmConfiguration(datatype='f16', g=1, m=4, k=121, n=119, o=42, trans_a=True, trans_b=False, trans_c=True, trans_o=False, arch='gfx950:sramecc+:xnack-', chip='gfx950', num_cu=256, num_chiplets=8, perfconfig='attn:v1:64,64,64,2,1,1,16,2,2,0,8')
----------------------------------------------------------------------------------------------------
PASS: GemmGemmConfiguration(datatype='f16', g=2, m=101, k=88, n=57, o=113, trans_a=True, trans_b=True, trans_c=True, trans_o=False, arch='gfx950:sramecc+:xnack-', chip='gfx950', num_cu=256, num_chiplets=8, perfconfig='attn:v1:128,16,16,1,1,4,32,2,3,0,4')
----------------------------------------------------------------------------------------------------
PASS: GemmGemmConfiguration(datatype='bf16', g=2, m=123, k=71, n=117, o=39, trans_a=False, trans_b=False, trans_c=True, trans_o=True, arch='gfx950:sramecc+:xnack-', chip='gfx950', num_cu=256, num_chiplets=8, perfconfig='attn:v1:256,32,32,2,1,2,0,2,2,2,8')
----------------------------------------------------------------------------------------------------
PASS: GemmGemmConfiguration(datatype='f16', g=2, m=28, k=108, n=117, o=60, trans_a=True, trans_b=True, trans_c=True, trans_o=True, arch='gfx950:sramecc+:xnack-', chip='gfx950', num_cu=256, num_chiplets=8, perfconfig='attn:v1:256,128,128,1,1,1,32,1,1,8,1')
----------------------------------------------------------------------------------------------------
PASS: GemmGemmConfiguration(datatype='f32', g=2, m=62, k=83, n=28, o=75, trans_a=False, trans_b=False, trans_c=True, trans_o=True, arch='gfx950:sramecc+:xnack-', chip='gfx950', num_cu=256, num_chiplets=8, perfconfig='attn:v1:16,32,64,1,1,16,16,3,1,1,4')
----------------------------------------------------------------------------------------------------
PASS: GemmGemmConfiguration(datatype='bf16', g=2, m=62, k=42, n=112, o=4, trans_a=False, trans_b=True, trans_c=True, trans_o=False, arch='gfx950:sramecc+:xnack-', chip='gfx950', num_cu=256, num_chiplets=8, perfconfig='attn:v1:256,32,128,1,1,16,16,2,1,2,2')
----------------------------------------------------------------------------------------------------
PASS: GemmGemmConfiguration(datatype='bf16', g=1, m=56, k=107, n=116, o=111, trans_a=False, trans_b=False, trans_c=True, trans_o=True, arch='gfx950:sramecc+:xnack-', chip='gfx950', num_cu=256, num_chiplets=8, perfconfig='attn:v1:128,128,64,1,1,16,32,2,1,0,1')
----------------------------------------------------------------------------------------------------
FAIL: GemmGemmConfiguration(datatype='f16', g=1, m=115, k=79, n=4, o=85, trans_a=False, trans_b=False, trans_c=False, trans_o=True, arch='gfx950:sramecc+:xnack-', chip='gfx950', num_cu=256, num_chiplets=8, perfconfig='attn:v1:32,64,32,2,1,2,16,4,2,2,4')
----------------------------------------------------------------------------------------------------
PASS: GemmGemmConfiguration(datatype='bf16', g=2, m=24, k=4, n=5, o=71, trans_a=False, trans_b=True, trans_c=True, trans_o=True, arch='gfx950:sramecc+:xnack-', chip='gfx950', num_cu=256, num_chiplets=8, perfconfig='attn:v1:64,32,16,2,1,1,16,3,3,8,1')
----------------------------------------------------------------------------------------------------
FAIL: GemmGemmConfiguration(datatype='f16', g=2, m=75, k=52, n=58, o=62, trans_a=True, trans_b=True, trans_c=True, trans_o=True, arch='gfx950:sramecc+:xnack-', chip='gfx950', num_cu=256, num_chiplets=8, perfconfig='attn:v1:32,16,16,2,1,2,32,2,3,1,0')
----------------------------------------------------------------------------------------------------
PASS: GemmGemmConfiguration(datatype='f32', g=2, m=42, k=88, n=12, o=119, trans_a=True, trans_b=False, trans_c=False, trans_o=False, arch='gfx950:sramecc+:xnack-', chip='gfx950', num_cu=256, num_chiplets=8, perfconfig='attn:v1:16,256,128,1,1,16,16,2,3,1,0')
----------------------------------------------------------------------------------------------------
PASS: GemmGemmConfiguration(datatype='f32', g=2, m=109, k=111, n=95, o=66, trans_a=False, trans_b=True, trans_c=False, trans_o=True, arch='gfx950:sramecc+:xnack-', chip='gfx950', num_cu=256, num_chiplets=8, perfconfig='attn:v1:128,256,32,1,1,1,0,4,3,2,0')
----------------------------------------------------------------------------------------------------
PASS: GemmGemmConfiguration(datatype='f32', g=1, m=118, k=110, n=38, o=33, trans_a=False, trans_b=True, trans_c=True, trans_o=False, arch='gfx950:sramecc+:xnack-', chip='gfx950', num_cu=256, num_chiplets=8, perfconfig='attn:v1:128,32,128,2,1,8,16,1,1,1,8')
----------------------------------------------------------------------------------------------------
PASS: GemmGemmConfiguration(datatype='bf16', g=1, m=65, k=37, n=21, o=79, trans_a=True, trans_b=False, trans_c=True, trans_o=False, arch='gfx950:sramecc+:xnack-', chip='gfx950', num_cu=256, num_chiplets=8, perfconfig='attn:v1:32,32,128,1,1,8,16,1,1,0,2')
FAIL: Runner returned incorrect result
Config = GemmGemmConfiguration(datatype='f16', g=1, m=56, k=127, n=23, o=33, trans_a=False, trans_b=True, trans_c=False, trans_o=True, arch='gfx950:sramecc+:xnack-', chip='gfx950', num_cu=256, num_chiplets=8, perfconfig='attn:v1:32,32,16,2,1,16,0,3,1,8,2')
Command line = -operation gemm_gemm -t f16 --arch gfx950:sramecc+:xnack- --num_cu 256 --num_chiplets 8 -g 1 -m 56 -k 127 -n 23 -gemmO 33 -transA=False -transB=True -transC=False -transO=True --perf_config=attn:v1:32,32,16,2,1,16,0,3,1,8,2 -pv
Output = Number of elements: 1848
maxAbsDiff info: maxAbsDiff = 43.843750 (valNum = -58.37500, gpuNum = -14.53125), average absDiff = 3.2e+01
maxRelDiff info: maxRelDiff = 7.6e-01 (valNum = 42.3750000000, gpuNum = 10.2031250000), average relDiff = 7.5e-01
RMS = 5.7e-01
Histogram of relDiff: 
        relDiff = 0     : 0/1848 (0.000000%)
     0 < relDiff < 1e-06: 0/1848 (0.000000%)
1e-06 < relDiff <= 1e-05: 0/1848 (0.000000%)
1e-05 < relDiff <= 1e-04: 0/1848 (0.000000%)
1e-04 < relDiff <= 1e-03: 0/1848 (0.000000%)
1e-03 < relDiff <= 1e-02: 0/1848 (0.000000%)
1e-02 < relDiff <= 1e-01: 0/1848 (0.000000%)
1e-01 < relDiff <= 1e+00: 1848/1848 (100.000000%)
1e+00 < relDiff < inf   : 0/1848 (0.000000%)
        relDiff = inf   : 0/1848 (0.000000%)
[0 1 1]

FAIL: Runner returned incorrect result
Config = GemmGemmConfiguration(datatype='bf16', g=2, m=113, k=121, n=105, o=14, trans_a=True, trans_b=True, trans_c=True, trans_o=False, arch='gfx950:sramecc+:xnack-', chip='gfx950', num_cu=256, num_chiplets=8, perfconfig='attn:v1:16,64,16,2,1,16,0,2,1,2,1')
Command line = -operation gemm_gemm -t bf16 --arch gfx950:sramecc+:xnack- --num_cu 256 --num_chiplets 8 -g 2 -m 113 -k 121 -n 105 -gemmO 14 -transA=True -transB=True -transC=True -transO=False --perf_config=attn:v1:16,64,16,2,1,16,0,2,1,2,1 -pv -RMS_threshold 1e-2
Output = Number of elements: 3164
maxAbsDiff info: maxAbsDiff = 3272.000000 (valNum = -4128.00000, gpuNum = -856.00000), average absDiff = 2.2e+03
maxRelDiff info: maxRelDiff = 7.9e-01 (valNum = 2560.0000000000, gpuNum = 528.0000000000), average relDiff = 7.9e-01
RMS = 5.7e-01
Histogram of relDiff: 
        relDiff = 0     : 0/3164 (0.000000%)
     0 < relDiff < 1e-06: 0/3164 (0.000000%)
1e-06 < relDiff <= 1e-05: 0/3164 (0.000000%)
1e-05 < relDiff <= 1e-04: 0/3164 (0.000000%)
1e-04 < relDiff <= 1e-03: 0/3164 (0.000000%)
1e-03 < relDiff <= 1e-02: 0/3164 (0.000000%)
1e-02 < relDiff <= 1e-01: 0/3164 (0.000000%)
1e-01 < relDiff <= 1e+00: 3164/3164 (100.000000%)
1e+00 < relDiff < inf   : 0/3164 (0.000000%)
        relDiff = inf   : 0/3164 (0.000000%)
[0 0 1]

FAIL: Runner returned incorrect result
Config = GemmGemmConfiguration(datatype='f16', g=2, m=67, k=79, n=41, o=64, trans_a=False, trans_b=True, trans_c=False, trans_o=True, arch='gfx950:sramecc+:xnack-', chip='gfx950', num_cu=256, num_chiplets=8, perfconfig='attn:v1:16,16,32,2,1,2,16,1,3,4,2')
Command line = -operation gemm_gemm -t f16 --arch gfx950:sramecc+:xnack- --num_cu 256 --num_chiplets 8 -g 2 -m 67 -k 79 -n 41 -gemmO 64 -transA=False -transB=True -transC=False -transO=True --perf_config=attn:v1:16,16,32,2,1,2,16,1,3,4,2 -pv
Output = Number of elements: 8576
maxAbsDiff info: maxAbsDiff = 795.750000 (valNum = -1066.00000, gpuNum = -270.25000), average absDiff = 5.2e+02
maxRelDiff info: maxRelDiff = 7.6e-01 (valNum = 439.0000000000, gpuNum = 107.3750000000), average relDiff = 7.5e-01
RMS = 5.2e-01
Histogram of relDiff: 
        relDiff = 0     : 0/8576 (0.000000%)
     0 < relDiff < 1e-06: 0/8576 (0.000000%)
1e-06 < relDiff <= 1e-05: 0/8576 (0.000000%)
1e-05 < relDiff <= 1e-04: 0/8576 (0.000000%)
1e-04 < relDiff <= 1e-03: 0/8576 (0.000000%)
1e-03 < relDiff <= 1e-02: 0/8576 (0.000000%)
1e-02 < relDiff <= 1e-01: 0/8576 (0.000000%)
1e-01 < relDiff <= 1e+00: 8576/8576 (100.000000%)
1e+00 < relDiff < inf   : 0/8576 (0.000000%)
        relDiff = inf   : 0/8576 (0.000000%)
[0 0 1]

FAIL: Runner returned incorrect result
Config = GemmGemmConfiguration(datatype='f16', g=1, m=62, k=128, n=80, o=39, trans_a=True, trans_b=True, trans_c=False, trans_o=True, arch='gfx950:sramecc+:xnack-', chip='gfx950', num_cu=256, num_chiplets=8, perfconfig='attn:v1:16,16,32,2,1,2,16,3,1,4,1')
Command line = -operation gemm_gemm -t f16 --arch gfx950:sramecc+:xnack- --num_cu 256 --num_chiplets 8 -g 1 -m 62 -k 128 -n 80 -gemmO 39 -transA=True -transB=True -transC=False -transO=True --perf_config=attn:v1:16,16,32,2,1,2,16,3,1,4,1 -pv
Output = Number of elements: 2418
maxAbsDiff info: maxAbsDiff = 128.484375 (valNum = -123.18750, gpuNum = 5.29688), average absDiff = 3.9e+01
maxRelDiff info: maxRelDiff = 1.2e+00 (valNum = -3.6875000000, gpuNum = 0.7031250000), average relDiff = 8.2e-01
RMS = 4.7e-01
Histogram of relDiff: 
        relDiff = 0     : 0/2418 (0.000000%)
     0 < relDiff < 1e-06: 0/2418 (0.000000%)
1e-06 < relDiff <= 1e-05: 0/2418 (0.000000%)
1e-05 < relDiff <= 1e-04: 0/2418 (0.000000%)
1e-04 < relDiff <= 1e-03: 0/2418 (0.000000%)
1e-03 < relDiff <= 1e-02: 0/2418 (0.000000%)
1e-02 < relDiff <= 1e-01: 0/2418 (0.000000%)
1e-01 < relDiff <= 1e+00: 819/2418 (33.870968%)
1e+00 < relDiff < inf   : 1599/2418 (66.129032%)
        relDiff = inf   : 0/2418 (0.000000%)
[0 0 1]

FAIL: Runner returned incorrect result
Config = GemmGemmConfiguration(datatype='f16', g=2, m=119, k=46, n=53, o=6, trans_a=False, trans_b=True, trans_c=False, trans_o=True, arch='gfx950:sramecc+:xnack-', chip='gfx950', num_cu=256, num_chiplets=8, perfconfig='attn:v1:256,128,16,2,1,4,16,1,3,1,0')
Command line = -operation gemm_gemm -t f16 --arch gfx950:sramecc+:xnack- --num_cu 256 --num_chiplets 8 -g 2 -m 119 -k 46 -n 53 -gemmO 6 -transA=False -transB=True -transC=False -transO=True --perf_config=attn:v1:256,128,16,2,1,4,16,1,3,1,0 -pv
Output = Number of elements: 1428
maxAbsDiff info: maxAbsDiff = 16.531250 (valNum = -34.12500, gpuNum = -17.59375), average absDiff = 7.6e+00
maxRelDiff info: maxRelDiff = 4.8e-01 (valNum = 17.0625000000, gpuNum = 8.7968750000), average relDiff = 3.8e-01
RMS = 2.6e-01
Histogram of relDiff: 
        relDiff = 0     : 0/1428 (0.000000%)
     0 < relDiff < 1e-06: 0/1428 (0.000000%)
1e-06 < relDiff <= 1e-05: 0/1428 (0.000000%)
1e-05 < relDiff <= 1e-04: 0/1428 (0.000000%)
1e-04 < relDiff <= 1e-03: 0/1428 (0.000000%)
1e-03 < relDiff <= 1e-02: 0/1428 (0.000000%)
1e-02 < relDiff <= 1e-01: 0/1428 (0.000000%)
1e-01 < relDiff <= 1e+00: 1428/1428 (100.000000%)
1e+00 < relDiff < inf   : 0/1428 (0.000000%)
        relDiff = inf   : 0/1428 (0.000000%)
[0 1 1]

----------------------------------------------------------------------------------------------------
FAIL: GemmGemmConfiguration(datatype='f16', g=1, m=56, k=127, n=23, o=33, trans_a=False, trans_b=True, trans_c=False, trans_o=True, arch='gfx950:sramecc+:xnack-', chip='gfx950', num_cu=256, num_chiplets=8, perfconfig='attn:v1:32,32,16,2,1,16,0,3,1,8,2')
----------------------------------------------------------------------------------------------------
PASS: GemmGemmConfiguration(datatype='bf16', g=1, m=107, k=117, n=47, o=29, trans_a=False, trans_b=False, trans_c=False, trans_o=False, arch='gfx950:sramecc+:xnack-', chip='gfx950', num_cu=256, num_chiplets=8, perfconfig='attn:v1:16,16,16,1,1,16,16,4,3,1,1')
----------------------------------------------------------------------------------------------------
FAIL: GemmGemmConfiguration(datatype='bf16', g=2, m=113, k=121, n=105, o=14, trans_a=True, trans_b=True, trans_c=True, trans_o=False, arch='gfx950:sramecc+:xnack-', chip='gfx950', num_cu=256, num_chiplets=8, perfconfig='attn:v1:16,64,16,2,1,16,0,2,1,2,1')
----------------------------------------------------------------------------------------------------
PASS: GemmGemmConfiguration(datatype='f16', g=1, m=10, k=67, n=114, o=19, trans_a=False, trans_b=True, trans_c=False, trans_o=True, arch='gfx950:sramecc+:xnack-', chip='gfx950', num_cu=256, num_chiplets=8, perfconfig='attn:v1:16,256,64,2,1,8,0,3,2,4,4')
----------------------------------------------------------------------------------------------------
PASS: GemmGemmConfiguration(datatype='f32', g=2, m=102, k=117, n=2, o=52, trans_a=True, trans_b=True, trans_c=False, trans_o=True, arch='gfx950:sramecc+:xnack-', chip='gfx950', num_cu=256, num_chiplets=8, perfconfig='attn:v1:16,256,16,1,1,16,16,1,3,8,1')
----------------------------------------------------------------------------------------------------
PASS: GemmGemmConfiguration(datatype='f16', g=2, m=110, k=15, n=72, o=98, trans_a=True, trans_b=True, trans_c=True, trans_o=True, arch='gfx950:sramecc+:xnack-', chip='gfx950', num_cu=256, num_chiplets=8, perfconfig='attn:v1:128,128,16,1,1,2,0,1,3,0,1')
----------------------------------------------------------------------------------------------------
PASS: GemmGemmConfiguration(datatype='f32', g=2, m=111, k=90, n=64, o=9, trans_a=False, trans_b=False, trans_c=False, trans_o=False, arch='gfx950:sramecc+:xnack-', chip='gfx950', num_cu=256, num_chiplets=8, perfconfig='attn:v1:32,32,32,2,1,8,16,2,2,8,4')
----------------------------------------------------------------------------------------------------
PASS: GemmGemmConfiguration(datatype='f16', g=2, m=124, k=48, n=24, o=27, trans_a=True, trans_b=True, trans_c=True, trans_o=False, arch='gfx950:sramecc+:xnack-', chip='gfx950', num_cu=256, num_chiplets=8, perfconfig='attn:v1:32,16,64,1,1,16,0,2,2,2,0')
----------------------------------------------------------------------------------------------------
FAIL: GemmGemmConfiguration(datatype='f16', g=2, m=67, k=79, n=41, o=64, trans_a=False, trans_b=True, trans_c=False, trans_o=True, arch='gfx950:sramecc+:xnack-', chip='gfx950', num_cu=256, num_chiplets=8, perfconfig='attn:v1:16,16,32,2,1,2,16,1,3,4,2')
----------------------------------------------------------------------------------------------------
PASS: GemmGemmConfiguration(datatype='bf16', g=2, m=49, k=116, n=42, o=34, trans_a=True, trans_b=False, trans_c=False, trans_o=True, arch='gfx950:sramecc+:xnack-', chip='gfx950', num_cu=256, num_chiplets=8, perfconfig='attn:v1:128,16,16,1,1,16,16,4,2,4,0')
----------------------------------------------------------------------------------------------------
PASS: GemmGemmConfiguration(datatype='f16', g=1, m=50, k=83, n=53, o=95, trans_a=False, trans_b=True, trans_c=False, trans_o=False, arch='gfx950:sramecc+:xnack-', chip='gfx950', num_cu=256, num_chiplets=8, perfconfig='attn:v1:64,16,64,1,1,8,16,3,2,1,8')
----------------------------------------------------------------------------------------------------
PASS: GemmGemmConfiguration(datatype='bf16', g=1, m=56, k=38, n=109, o=45, trans_a=False, trans_b=False, trans_c=True, trans_o=True, arch='gfx950:sramecc+:xnack-', chip='gfx950', num_cu=256, num_chiplets=8, perfconfig='attn:v1:128,32,128,2,1,2,16,2,1,8,0')
----------------------------------------------------------------------------------------------------
PASS: GemmGemmConfiguration(datatype='f16', g=1, m=118, k=12, n=39, o=43, trans_a=True, trans_b=True, trans_c=True, trans_o=False, arch='gfx950:sramecc+:xnack-', chip='gfx950', num_cu=256, num_chiplets=8, perfconfig='attn:v1:32,16,128,2,1,16,32,1,2,4,2')
----------------------------------------------------------------------------------------------------
PASS: GemmGemmConfiguration(datatype='bf16', g=2, m=43, k=41, n=119, o=39, trans_a=False, trans_b=False, trans_c=False, trans_o=False, arch='gfx950:sramecc+:xnack-', chip='gfx950', num_cu=256, num_chiplets=8, perfconfig='attn:v1:32,32,128,1,1,1,32,3,2,1,0')
Lowering rejected config as not applicable
Command line = -operation gemm_gemm -t f32 --arch gfx950:sramecc+:xnack- --num_cu 256 --num_chiplets 8 -g 1 -m 1 -k 112 -n 18 -gemmO 7 -transA=False -transB=False -transC=True -transO=False --perf_config=attn:v1:256,256,128,2,1,4,16,3,1,8,4 -pv -relDiff_threshold 1e-4
Errors = loc("<stdin>":9:1): error: ttg.shared (262144) exceeds LDS limit (163840) for amdgcn-amd-amdhsa:gfx950:sramecc+:xnack-
Lowering not applicable.

----------------------------------------------------------------------------------------------------
NOT_APPLICABLE: GemmGemmConfiguration(datatype='f32', g=1, m=1, k=112, n=18, o=7, trans_a=False, trans_b=False, trans_c=True, trans_o=False, arch='gfx950:sramecc+:xnack-', chip='gfx950', num_cu=256, num_chiplets=8, perfconfig='attn:v1:256,256,128,2,1,4,16,3,1,8,4')
----------------------------------------------------------------------------------------------------
FAIL: GemmGemmConfiguration(datatype='f16', g=1, m=62, k=128, n=80, o=39, trans_a=True, trans_b=True, trans_c=False, trans_o=True, arch='gfx950:sramecc+:xnack-', chip='gfx950', num_cu=256, num_chiplets=8, perfconfig='attn:v1:16,16,32,2,1,2,16,3,1,4,1')
----------------------------------------------------------------------------------------------------
PASS: GemmGemmConfiguration(datatype='f16', g=2, m=65, k=88, n=13, o=48, trans_a=True, trans_b=False, trans_c=False, trans_o=False, arch='gfx950:sramecc+:xnack-', chip='gfx950', num_cu=256, num_chiplets=8, perfconfig='attn:v1:64,128,16,1,1,4,32,1,2,2,8')
----------------------------------------------------------------------------------------------------
PASS: GemmGemmConfiguration(datatype='f16', g=2, m=94, k=107, n=37, o=84, trans_a=False, trans_b=False, trans_c=False, trans_o=True, arch='gfx950:sramecc+:xnack-', chip='gfx950', num_cu=256, num_chiplets=8, perfconfig='attn:v1:64,32,32,2,1,8,32,3,3,4,2')
----------------------------------------------------------------------------------------------------
PASS: GemmGemmConfiguration(datatype='f16', g=1, m=52, k=80, n=67, o=11, trans_a=False, trans_b=False, trans_c=True, trans_o=True, arch='gfx950:sramecc+:xnack-', chip='gfx950', num_cu=256, num_chiplets=8, perfconfig='attn:v1:256,32,32,1,1,16,32,2,2,1,1')
----------------------------------------------------------------------------------------------------
PASS: GemmGemmConfiguration(datatype='f32', g=1, m=89, k=28, n=32, o=124, trans_a=False, trans_b=True, trans_c=False, trans_o=True, arch='gfx950:sramecc+:xnack-', chip='gfx950', num_cu=256, num_chiplets=8, perfconfig='attn:v1:256,32,16,1,1,2,16,2,1,2,2')
----------------------------------------------------------------------------------------------------
FAIL: GemmGemmConfiguration(datatype='f16', g=2, m=119, k=46, n=53, o=6, trans_a=False, trans_b=True, trans_c=False, trans_o=True, arch='gfx950:sramecc+:xnack-', chip='gfx950', num_cu=256, num_chiplets=8, perfconfig='attn:v1:256,128,16,2,1,4,16,1,3,1,0')
FAIL: Runner returned incorrect result
Config = GemmGemmConfiguration(datatype='bf16', g=2, m=120, k=56, n=30, o=74, trans_a=True, trans_b=False, trans_c=False, trans_o=True, arch='gfx950:sramecc+:xnack-', chip='gfx950', num_cu=256, num_chiplets=8, perfconfig='attn:v1:32,32,16,2,1,4,0,4,1,4,0')
Command line = -operation gemm_gemm -t bf16 --arch gfx950:sramecc+:xnack- --num_cu 256 --num_chiplets 8 -g 2 -m 120 -k 56 -n 30 -gemmO 74 -transA=True -transB=False -transC=False -transO=True --perf_config=attn:v1:32,32,16,2,1,4,0,4,1,4,0 -pv -RMS_threshold 1e-2
Output = Number of elements: 17760
maxAbsDiff info: maxAbsDiff = 596.000000 (valNum = -980.00000, gpuNum = -384.00000), average absDiff = 2.9e+02
maxRelDiff info: maxRelDiff = 6.1e-01 (valNum = -184.0000000000, gpuNum = -72.0000000000), average relDiff = 6.1e-01
RMS = 3.4e-01
Histogram of relDiff: 
        relDiff = 0     : 0/17760 (0.000000%)
     0 < relDiff < 1e-06: 0/17760 (0.000000%)
1e-06 < relDiff <= 1e-05: 0/17760 (0.000000%)
1e-05 < relDiff <= 1e-04: 0/17760 (0.000000%)
1e-04 < relDiff <= 1e-03: 0/17760 (0.000000%)
1e-03 < relDiff <= 1e-02: 0/17760 (0.000000%)
1e-02 < relDiff <= 1e-01: 0/17760 (0.000000%)
1e-01 < relDiff <= 1e+00: 17760/17760 (100.000000%)
1e+00 < relDiff < inf   : 0/17760 (0.000000%)
        relDiff = inf   : 0/17760 (0.000000%)
[0 0 1]

FAIL: Runner returned incorrect result
Config = GemmGemmConfiguration(datatype='f16', g=2, m=44, k=36, n=63, o=43, trans_a=False, trans_b=True, trans_c=True, trans_o=True, arch='gfx950:sramecc+:xnack-', chip='gfx950', num_cu=256, num_chiplets=8, perfconfig='attn:v1:64,32,16,2,1,2,16,4,3,1,0')
Command line = -operation gemm_gemm -t f16 --arch gfx950:sramecc+:xnack- --num_cu 256 --num_chiplets 8 -g 2 -m 44 -k 36 -n 63 -gemmO 43 -transA=False -transB=True -transC=True -transO=True --perf_config=attn:v1:64,32,16,2,1,2,16,4,3,1,0 -pv
Output = Number of elements: 3784
maxAbsDiff info: maxAbsDiff = 63.062500 (valNum = 114.18750, gpuNum = 51.12500), average absDiff = 6.3e+01
maxRelDiff info: maxRelDiff = 5.5e-01 (valNum = 114.1875000000, gpuNum = 51.1250000000), average relDiff = 5.5e-01
RMS = 5.5e-01
Histogram of relDiff: 
        relDiff = 0     : 0/3784 (0.000000%)
     0 < relDiff < 1e-06: 0/3784 (0.000000%)
1e-06 < relDiff <= 1e-05: 0/3784 (0.000000%)
1e-05 < relDiff <= 1e-04: 0/3784 (0.000000%)
1e-04 < relDiff <= 1e-03: 0/3784 (0.000000%)
1e-03 < relDiff <= 1e-02: 0/3784 (0.000000%)
1e-02 < relDiff <= 1e-01: 0/3784 (0.000000%)
1e-01 < relDiff <= 1e+00: 3784/3784 (100.000000%)
1e+00 < relDiff < inf   : 0/3784 (0.000000%)
        relDiff = inf   : 0/3784 (0.000000%)
[0 1 1]

FAIL: Runner returned incorrect result
Config = GemmGemmConfiguration(datatype='f16', g=2, m=94, k=113, n=25, o=105, trans_a=True, trans_b=True, trans_c=False, trans_o=False, arch='gfx950:sramecc+:xnack-', chip='gfx950', num_cu=256, num_chiplets=8, perfconfig='attn:v1:128,64,16,2,1,2,16,3,1,1,1')
Command line = -operation gemm_gemm -t f16 --arch gfx950:sramecc+:xnack- --num_cu 256 --num_chiplets 8 -g 2 -m 94 -k 113 -n 25 -gemmO 105 -transA=True -transB=True -transC=False -transO=False --perf_config=attn:v1:128,64,16,2,1,2,16,3,1,1,1 -pv
Output = Number of elements: 19740
maxAbsDiff info: maxAbsDiff = 75.093750 (valNum = -88.87500, gpuNum = -13.78125), average absDiff = 2.5e+01
maxRelDiff info: maxRelDiff = 9.2e-01 (valNum = -7.3750000000, gpuNum = -0.5683593750), average relDiff = 8.6e-01
RMS = 3.9e-01
Histogram of relDiff: 
        relDiff = 0     : 0/19740 (0.000000%)
     0 < relDiff < 1e-06: 0/19740 (0.000000%)
1e-06 < relDiff <= 1e-05: 0/19740 (0.000000%)
1e-05 < relDiff <= 1e-04: 0/19740 (0.000000%)
1e-04 < relDiff <= 1e-03: 0/19740 (0.000000%)
1e-03 < relDiff <= 1e-02: 0/19740 (0.000000%)
1e-02 < relDiff <= 1e-01: 0/19740 (0.000000%)
1e-01 < relDiff <= 1e+00: 19740/19740 (100.000000%)
1e+00 < relDiff < inf   : 0/19740 (0.000000%)
        relDiff = inf   : 0/19740 (0.000000%)
[0 1 1]

----------------------------------------------------------------------------------------------------
PASS: GemmGemmConfiguration(datatype='f16', g=1, m=112, k=68, n=103, o=127, trans_a=True, trans_b=False, trans_c=True, trans_o=False, arch='gfx950:sramecc+:xnack-', chip='gfx950', num_cu=256, num_chiplets=8, perfconfig='attn:v1:128,64,128,1,1,1,16,1,1,4,8')
----------------------------------------------------------------------------------------------------
PASS: GemmGemmConfiguration(datatype='f32', g=2, m=4, k=93, n=40, o=108, trans_a=False, trans_b=True, trans_c=True, trans_o=False, arch='gfx950:sramecc+:xnack-', chip='gfx950', num_cu=256, num_chiplets=8, perfconfig='attn:v1:16,16,32,1,1,16,32,3,2,1,2')
----------------------------------------------------------------------------------------------------
FAIL: GemmGemmConfiguration(datatype='bf16', g=2, m=120, k=56, n=30, o=74, trans_a=True, trans_b=False, trans_c=False, trans_o=True, arch='gfx950:sramecc+:xnack-', chip='gfx950', num_cu=256, num_chiplets=8, perfconfig='attn:v1:32,32,16,2,1,4,0,4,1,4,0')
----------------------------------------------------------------------------------------------------
PASS: GemmGemmConfiguration(datatype='f16', g=1, m=113, k=73, n=97, o=102, trans_a=True, trans_b=True, trans_c=False, trans_o=False, arch='gfx950:sramecc+:xnack-', chip='gfx950', num_cu=256, num_chiplets=8, perfconfig='attn:v1:256,32,64,2,1,16,32,1,3,8,1')
----------------------------------------------------------------------------------------------------
FAIL: GemmGemmConfiguration(datatype='f16', g=2, m=44, k=36, n=63, o=43, trans_a=False, trans_b=True, trans_c=True, trans_o=True, arch='gfx950:sramecc+:xnack-', chip='gfx950', num_cu=256, num_chiplets=8, perfconfig='attn:v1:64,32,16,2,1,2,16,4,3,1,0')
----------------------------------------------------------------------------------------------------
PASS: GemmGemmConfiguration(datatype='f32', g=2, m=112, k=98, n=75, o=68, trans_a=False, trans_b=True, trans_c=False, trans_o=True, arch='gfx950:sramecc+:xnack-', chip='gfx950', num_cu=256, num_chiplets=8, perfconfig='attn:v1:64,16,32,2,1,1,32,1,3,4,0')
----------------------------------------------------------------------------------------------------
PASS: GemmGemmConfiguration(datatype='f32', g=1, m=6, k=74, n=89, o=94, trans_a=False, trans_b=True, trans_c=False, trans_o=False, arch='gfx950:sramecc+:xnack-', chip='gfx950', num_cu=256, num_chiplets=8, perfconfig='attn:v1:128,128,32,1,1,2,32,2,1,0,4')
----------------------------------------------------------------------------------------------------
FAIL: GemmGemmConfiguration(datatype='f16', g=2, m=94, k=113, n=25, o=105, trans_a=True, trans_b=True, trans_c=False, trans_o=False, arch='gfx950:sramecc+:xnack-', chip='gfx950', num_cu=256, num_chiplets=8, perfconfig='attn:v1:128,64,16,2,1,2,16,3,1,1,1')
----------------------------------------------------------------------------------------------------
PASS: GemmGemmConfiguration(datatype='f32', g=1, m=117, k=105, n=45, o=123, trans_a=False, trans_b=False, trans_c=True, trans_o=True, arch='gfx950:sramecc+:xnack-', chip='gfx950', num_cu=256, num_chiplets=8, perfconfig='attn:v1:128,32,64,2,1,1,32,1,3,0,8')
----------------------------------------------------------------------------------------------------
PASS: GemmGemmConfiguration(datatype='f16', g=2, m=126, k=55, n=64, o=52, trans_a=True, trans_b=False, trans_c=False, trans_o=False, arch='gfx950:sramecc+:xnack-', chip='gfx950', num_cu=256, num_chiplets=8, perfconfig='attn:v1:128,16,64,2,1,16,32,2,2,2,0')
----------------------------------------------------------------------------------------------------
PASS: GemmGemmConfiguration(datatype='f32', g=1, m=54, k=97, n=4, o=83, trans_a=True, trans_b=True, trans_c=False, trans_o=True, arch='gfx950:sramecc+:xnack-', chip='gfx950', num_cu=256, num_chiplets=8, perfconfig='attn:v1:64,16,64,2,1,2,16,2,2,8,0')
----------------------------------------------------------------------------------------------------
PASS: GemmGemmConfiguration(datatype='bf16', g=1, m=41, k=55, n=86, o=114, trans_a=True, trans_b=True, trans_c=True, trans_o=False, arch='gfx950:sramecc+:xnack-', chip='gfx950', num_cu=256, num_chiplets=8, perfconfig='attn:v1:64,32,64,1,1,4,32,2,1,8,2')
----------------------------------------------------------------------------------------------------
PASS: GemmGemmConfiguration(datatype='f32', g=1, m=71, k=31, n=88, o=97, trans_a=True, trans_b=False, trans_c=True, trans_o=True, arch='gfx950:sramecc+:xnack-', chip='gfx950', num_cu=256, num_chiplets=8, perfconfig='attn:v1:128,256,16,2,1,16,0,1,3,0,1')
----------------------------------------------------------------------------------------------------
PASS: GemmGemmConfiguration(datatype='f16', g=2, m=84, k=109, n=69, o=19, trans_a=False, trans_b=True, trans_c=False, trans_o=True, arch='gfx950:sramecc+:xnack-', chip='gfx950', num_cu=256, num_chiplets=8, perfconfig='attn:v1:128,32,64,1,1,8,32,3,1,0,0')
----------------------------------------------------------------------------------------------------
PASS: GemmGemmConfiguration(datatype='f32', g=2, m=88, k=78, n=38, o=81, trans_a=True, trans_b=False, trans_c=False, trans_o=False, arch='gfx950:sramecc+:xnack-', chip='gfx950', num_cu=256, num_chiplets=8, perfconfig='attn:v1:32,64,32,2,1,4,32,4,2,1,1')
----------------------------------------------------------------------------------------------------
PASS: GemmGemmConfiguration(datatype='bf16', g=1, m=36, k=38, n=70, o=14, trans_a=False, trans_b=True, trans_c=True, trans_o=True, arch='gfx950:sramecc+:xnack-', chip='gfx950', num_cu=256, num_chiplets=8, perfconfig='attn:v1:256,256,64,2,1,4,0,2,1,4,2')
----------------------------------------------------------------------------------------------------
PASS: GemmGemmConfiguration(datatype='bf16', g=1, m=36, k=60, n=60, o=12, trans_a=False, trans_b=False, trans_c=False, trans_o=True, arch='gfx950:sramecc+:xnack-', chip='gfx950', num_cu=256, num_chiplets=8, perfconfig='attn:v1:256,128,128,1,1,1,16,3,1,4,1')
----------------------------------------------------------------------------------------------------
PASS: GemmGemmConfiguration(datatype='bf16', g=1, m=44, k=100, n=93, o=124, trans_a=True, trans_b=True, trans_c=False, trans_o=True, arch='gfx950:sramecc+:xnack-', chip='gfx950', num_cu=256, num_chiplets=8, perfconfig='attn:v1:16,128,64,1,1,8,0,1,1,1,1')
----------------------------------------------------------------------------------------------------
PASS: GemmGemmConfiguration(datatype='bf16', g=1, m=63, k=68, n=65, o=30, trans_a=False, trans_b=True, trans_c=False, trans_o=False, arch='gfx950:sramecc+:xnack-', chip='gfx950', num_cu=256, num_chiplets=8, perfconfig='attn:v1:256,16,128,1,1,8,32,2,2,1,4')
----------------------------------------------------------------------------------------------------
PASS: GemmGemmConfiguration(datatype='f32', g=1, m=51, k=30, n=49, o=127, trans_a=False, trans_b=False, trans_c=False, trans_o=True, arch='gfx950:sramecc+:xnack-', chip='gfx950', num_cu=256, num_chiplets=8, perfconfig='attn:v1:256,16,16,1,1,8,16,4,2,4,0')
----------------------------------------------------------------------------------------------------
PASS: GemmGemmConfiguration(datatype='f16', g=1, m=124, k=14, n=24, o=9, trans_a=False, trans_b=False, trans_c=True, trans_o=True, arch='gfx950:sramecc+:xnack-', chip='gfx950', num_cu=256, num_chiplets=8, perfconfig='attn:v1:32,256,64,1,1,8,16,1,3,8,4')
----------------------------------------------------------------------------------------------------
PASS: GemmGemmConfiguration(datatype='f16', g=1, m=7, k=7, n=41, o=34, trans_a=False, trans_b=False, trans_c=True, trans_o=False, arch='gfx950:sramecc+:xnack-', chip='gfx950', num_cu=256, num_chiplets=8, perfconfig='attn:v1:256,64,64,1,1,4,16,2,1,4,0')
----------------------------------------------------------------------------------------------------
PASS: GemmGemmConfiguration(datatype='f32', g=1, m=86, k=58, n=76, o=36, trans_a=False, trans_b=True, trans_c=True, trans_o=True, arch='gfx950:sramecc+:xnack-', chip='gfx950', num_cu=256, num_chiplets=8, perfconfig='attn:v1:16,128,16,2,1,1,32,4,1,0,4')
FAIL: Runner returned incorrect result
Config = GemmGemmConfiguration(datatype='f16', g=2, m=104, k=109, n=85, o=42, trans_a=True, trans_b=False, trans_c=True, trans_o=False, arch='gfx950:sramecc+:xnack-', chip='gfx950', num_cu=256, num_chiplets=8, perfconfig='attn:v1:16,128,16,2,1,1,32,3,2,8,0')
Command line = -operation gemm_gemm -t f16 --arch gfx950:sramecc+:xnack- --num_cu 256 --num_chiplets 8 -g 2 -m 104 -k 109 -n 85 -gemmO 42 -transA=True -transB=False -transC=True -transO=False --perf_config=attn:v1:16,128,16,2,1,1,32,3,2,8,0 -pv
Output = Number of elements: 8736
maxAbsDiff info: maxAbsDiff = 2230.000000 (valNum = -3044.00000, gpuNum = -814.00000), average absDiff = 1.5e+03
maxRelDiff info: maxRelDiff = 7.5e-01 (valNum = 1093.0000000000, gpuNum = 275.0000000000), average relDiff = 7.4e-01
RMS = 5.2e-01
Histogram of relDiff: 
        relDiff = 0     : 0/8736 (0.000000%)
     0 < relDiff < 1e-06: 0/8736 (0.000000%)
1e-06 < relDiff <= 1e-05: 0/8736 (0.000000%)
1e-05 < relDiff <= 1e-04: 0/8736 (0.000000%)
1e-04 < relDiff <= 1e-03: 0/8736 (0.000000%)
1e-03 < relDiff <= 1e-02: 0/8736 (0.000000%)
1e-02 < relDiff <= 1e-01: 0/8736 (0.000000%)
1e-01 < relDiff <= 1e+00: 8736/8736 (100.000000%)
1e+00 < relDiff < inf   : 0/8736 (0.000000%)
        relDiff = inf   : 0/8736 (0.000000%)
[0 0 1]

FAIL: Runner returned incorrect result
Config = GemmGemmConfiguration(datatype='f16', g=1, m=40, k=36, n=71, o=124, trans_a=True, trans_b=True, trans_c=True, trans_o=True, arch='gfx950:sramecc+:xnack-', chip='gfx950', num_cu=256, num_chiplets=8, perfconfig='attn:v1:64,16,16,2,1,16,32,4,3,8,8')
Command line = -operation gemm_gemm -t f16 --arch gfx950:sramecc+:xnack- --num_cu 256 --num_chiplets 8 -g 1 -m 40 -k 36 -n 71 -gemmO 124 -transA=True -transB=True -transC=True -transO=True --perf_config=attn:v1:64,16,16,2,1,16,32,4,3,8,8 -pv
Output = Number of elements: 4960
maxAbsDiff info: maxAbsDiff = 123.031250 (valNum = 152.25000, gpuNum = 29.21875), average absDiff = 6.4e+01
maxRelDiff info: maxRelDiff = 8.6e-01 (valNum = -55.1250000000, gpuNum = -7.4921875000), average relDiff = 7.5e-01
RMS = 4.6e-01
Histogram of relDiff: 
        relDiff = 0     : 0/4960 (0.000000%)
     0 < relDiff < 1e-06: 0/4960 (0.000000%)
1e-06 < relDiff <= 1e-05: 0/4960 (0.000000%)
1e-05 < relDiff <= 1e-04: 0/4960 (0.000000%)
1e-04 < relDiff <= 1e-03: 0/4960 (0.000000%)
1e-03 < relDiff <= 1e-02: 0/4960 (0.000000%)
1e-02 < relDiff <= 1e-01: 0/4960 (0.000000%)
1e-01 < relDiff <= 1e+00: 4960/4960 (100.000000%)
1e+00 < relDiff < inf   : 0/4960 (0.000000%)
        relDiff = inf   : 0/4960 (0.000000%)
[0 0 1]

FAIL: Runner returned incorrect result
Config = GemmGemmConfiguration(datatype='f16', g=2, m=23, k=29, n=18, o=73, trans_a=True, trans_b=True, trans_c=True, trans_o=True, arch='gfx950:sramecc+:xnack-', chip='gfx950', num_cu=256, num_chiplets=8, perfconfig='attn:v1:64,32,16,2,1,16,32,4,2,8,1')
Command line = -operation gemm_gemm -t f16 --arch gfx950:sramecc+:xnack- --num_cu 256 --num_chiplets 8 -g 2 -m 23 -k 29 -n 18 -gemmO 73 -transA=True -transB=True -transC=True -transO=True --perf_config=attn:v1:64,32,16,2,1,16,32,4,2,8,1 -pv
Output = Number of elements: 3358
maxAbsDiff info: maxAbsDiff = 42.500000 (valNum = -151.75000, gpuNum = -109.25000), average absDiff = 2.8e+01
maxRelDiff info: maxRelDiff = 2.9e-01 (valNum = 132.7500000000, gpuNum = 93.7500000000), average relDiff = 2.5e-01
RMS = 2.2e-01
Histogram of relDiff: 
        relDiff = 0     : 0/3358 (0.000000%)
     0 < relDiff < 1e-06: 0/3358 (0.000000%)
1e-06 < relDiff <= 1e-05: 0/3358 (0.000000%)
1e-05 < relDiff <= 1e-04: 0/3358 (0.000000%)
1e-04 < relDiff <= 1e-03: 0/3358 (0.000000%)
1e-03 < relDiff <= 1e-02: 0/3358 (0.000000%)
1e-02 < relDiff <= 1e-01: 0/3358 (0.000000%)
1e-01 < relDiff <= 1e+00: 3358/3358 (100.000000%)
1e+00 < relDiff < inf   : 0/3358 (0.000000%)
        relDiff = inf   : 0/3358 (0.000000%)
[0 1 1]

FAIL: Runner returned incorrect result
Config = GemmGemmConfiguration(datatype='f16', g=1, m=30, k=112, n=59, o=18, trans_a=False, trans_b=False, trans_c=False, trans_o=True, arch='gfx950:sramecc+:xnack-', chip='gfx950', num_cu=256, num_chiplets=8, perfconfig='attn:v1:64,16,32,2,1,16,16,4,1,0,2')
Command line = -operation gemm_gemm -t f16 --arch gfx950:sramecc+:xnack- --num_cu 256 --num_chiplets 8 -g 1 -m 30 -k 112 -n 59 -gemmO 18 -transA=False -transB=False -transC=False -transO=True --perf_config=attn:v1:64,16,32,2,1,16,16,4,1,0,2 -pv
Output = Number of elements: 540
maxAbsDiff info: maxAbsDiff = 55.218750 (valNum = -88.25000, gpuNum = -33.03125), average absDiff = 2.6e+01
maxRelDiff info: maxRelDiff = 6.8e-01 (valNum = -8.1875000000, gpuNum = -2.5859375000), average relDiff = 6.4e-01
RMS = 3.5e-01
Histogram of relDiff: 
        relDiff = 0     : 0/540 (0.000000%)
     0 < relDiff < 1e-06: 0/540 (0.000000%)
1e-06 < relDiff <= 1e-05: 0/540 (0.000000%)
1e-05 < relDiff <= 1e-04: 0/540 (0.000000%)
1e-04 < relDiff <= 1e-03: 0/540 (0.000000%)
1e-03 < relDiff <= 1e-02: 0/540 (0.000000%)
1e-02 < relDiff <= 1e-01: 0/540 (0.000000%)
1e-01 < relDiff <= 1e+00: 540/540 (100.000000%)
1e+00 < relDiff < inf   : 0/540 (0.000000%)
        relDiff = inf   : 0/540 (0.000000%)
[0 1 1]

----------------------------------------------------------------------------------------------------
PASS: GemmGemmConfiguration(datatype='f32', g=1, m=50, k=68, n=84, o=16, trans_a=False, trans_b=False, trans_c=True, trans_o=True, arch='gfx950:sramecc+:xnack-', chip='gfx950', num_cu=256, num_chiplets=8, perfconfig='attn:v1:128,32,64,1,1,4,32,1,2,1,1')
----------------------------------------------------------------------------------------------------
PASS: GemmGemmConfiguration(datatype='f32', g=2, m=127, k=31, n=57, o=113, trans_a=True, trans_b=True, trans_c=False, trans_o=True, arch='gfx950:sramecc+:xnack-', chip='gfx950', num_cu=256, num_chiplets=8, perfconfig='attn:v1:128,256,16,2,1,4,0,2,2,2,2')
----------------------------------------------------------------------------------------------------
PASS: GemmGemmConfiguration(datatype='f32', g=2, m=107, k=13, n=29, o=30, trans_a=False, trans_b=False, trans_c=False, trans_o=False, arch='gfx950:sramecc+:xnack-', chip='gfx950', num_cu=256, num_chiplets=8, perfconfig='attn:v1:32,64,128,2,1,8,0,2,3,0,2')
----------------------------------------------------------------------------------------------------
PASS: GemmGemmConfiguration(datatype='f32', g=1, m=41, k=5, n=60, o=105, trans_a=False, trans_b=False, trans_c=False, trans_o=True, arch='gfx950:sramecc+:xnack-', chip='gfx950', num_cu=256, num_chiplets=8, perfconfig='attn:v1:128,16,64,2,1,16,16,3,3,0,4')
----------------------------------------------------------------------------------------------------
PASS: GemmGemmConfiguration(datatype='f32', g=2, m=71, k=22, n=4, o=63, trans_a=False, trans_b=True, trans_c=True, trans_o=False, arch='gfx950:sramecc+:xnack-', chip='gfx950', num_cu=256, num_chiplets=8, perfconfig='attn:v1:16,64,16,2,1,16,0,4,2,0,2')
----------------------------------------------------------------------------------------------------
PASS: GemmGemmConfiguration(datatype='f16', g=2, m=80, k=97, n=80, o=29, trans_a=True, trans_b=False, trans_c=True, trans_o=True, arch='gfx950:sramecc+:xnack-', chip='gfx950', num_cu=256, num_chiplets=8, perfconfig='attn:v1:16,256,16,1,1,8,0,4,1,1,1')
----------------------------------------------------------------------------------------------------
PASS: GemmGemmConfiguration(datatype='bf16', g=2, m=87, k=38, n=77, o=65, trans_a=True, trans_b=True, trans_c=False, trans_o=True, arch='gfx950:sramecc+:xnack-', chip='gfx950', num_cu=256, num_chiplets=8, perfconfig='attn:v1:16,128,128,2,1,4,32,3,3,8,0')
----------------------------------------------------------------------------------------------------
PASS: GemmGemmConfiguration(datatype='f16', g=1, m=16, k=114, n=68, o=46, trans_a=True, trans_b=True, trans_c=False, trans_o=True, arch='gfx950:sramecc+:xnack-', chip='gfx950', num_cu=256, num_chiplets=8, perfconfig='attn:v1:256,16,64,1,1,2,0,1,2,1,1')
----------------------------------------------------------------------------------------------------
FAIL: GemmGemmConfiguration(datatype='f16', g=2, m=104, k=109, n=85, o=42, trans_a=True, trans_b=False, trans_c=True, trans_o=False, arch='gfx950:sramecc+:xnack-', chip='gfx950', num_cu=256, num_chiplets=8, perfconfig='attn:v1:16,128,16,2,1,1,32,3,2,8,0')
----------------------------------------------------------------------------------------------------
PASS: GemmGemmConfiguration(datatype='f32', g=1, m=86, k=79, n=71, o=90, trans_a=True, trans_b=True, trans_c=True, trans_o=False, arch='gfx950:sramecc+:xnack-', chip='gfx950', num_cu=256, num_chiplets=8, perfconfig='attn:v1:128,16,128,2,1,2,0,2,3,8,0')
Lowering rejected config as not applicable
Command line = -operation gemm_gemm -t f32 --arch gfx950:sramecc+:xnack- --num_cu 256 --num_chiplets 8 -g 1 -m 67 -k 16 -n 122 -gemmO 31 -transA=False -transB=True -transC=False -transO=False --perf_config=attn:v1:256,256,64,2,1,16,16,1,1,0,1 -pv -relDiff_threshold 1e-4
Errors = loc("<stdin>":9:1): error: ttg.shared (262144) exceeds LDS limit (163840) for amdgcn-amd-amdhsa:gfx950:sramecc+:xnack-
Lowering not applicable.

----------------------------------------------------------------------------------------------------
NOT_APPLICABLE: GemmGemmConfiguration(datatype='f32', g=1, m=67, k=16, n=122, o=31, trans_a=False, trans_b=True, trans_c=False, trans_o=False, arch='gfx950:sramecc+:xnack-', chip='gfx950', num_cu=256, num_chiplets=8, perfconfig='attn:v1:256,256,64,2,1,16,16,1,1,0,1')
----------------------------------------------------------------------------------------------------
PASS: GemmGemmConfiguration(datatype='f16', g=1, m=9, k=61, n=43, o=4, trans_a=False, trans_b=True, trans_c=False, trans_o=False, arch='gfx950:sramecc+:xnack-', chip='gfx950', num_cu=256, num_chiplets=8, perfconfig='attn:v1:16,16,16,1,1,2,32,4,1,0,4')
----------------------------------------------------------------------------------------------------
PASS: GemmGemmConfiguration(datatype='f16', g=2, m=12, k=18, n=54, o=13, trans_a=True, trans_b=True, trans_c=False, trans_o=False, arch='gfx950:sramecc+:xnack-', chip='gfx950', num_cu=256, num_chiplets=8, perfconfig='attn:v1:128,16,16,1,1,16,0,3,1,4,4')
----------------------------------------------------------------------------------------------------
FAIL: GemmGemmConfiguration(datatype='f16', g=1, m=40, k=36, n=71, o=124, trans_a=True, trans_b=True, trans_c=True, trans_o=True, arch='gfx950:sramecc+:xnack-', chip='gfx950', num_cu=256, num_chiplets=8, perfconfig='attn:v1:64,16,16,2,1,16,32,4,3,8,8')
----------------------------------------------------------------------------------------------------
PASS: GemmGemmConfiguration(datatype='f32', g=1, m=7, k=91, n=75, o=110, trans_a=False, trans_b=True, trans_c=False, trans_o=True, arch='gfx950:sramecc+:xnack-', chip='gfx950', num_cu=256, num_chiplets=8, perfconfig='attn:v1:32,128,64,2,1,8,16,2,2,1,4')
----------------------------------------------------------------------------------------------------
FAIL: GemmGemmConfiguration(datatype='f16', g=2, m=23, k=29, n=18, o=73, trans_a=True, trans_b=True, trans_c=True, trans_o=True, arch='gfx950:sramecc+:xnack-', chip='gfx950', num_cu=256, num_chiplets=8, perfconfig='attn:v1:64,32,16,2,1,16,32,4,2,8,1')
----------------------------------------------------------------------------------------------------
PASS: GemmGemmConfiguration(datatype='f16', g=2, m=1, k=91, n=74, o=122, trans_a=True, trans_b=False, trans_c=True, trans_o=True, arch='gfx950:sramecc+:xnack-', chip='gfx950', num_cu=256, num_chiplets=8, perfconfig='attn:v1:16,256,32,1,1,16,16,3,2,2,8')
----------------------------------------------------------------------------------------------------
PASS: GemmGemmConfiguration(datatype='bf16', g=1, m=89, k=14, n=118, o=63, trans_a=True, trans_b=True, trans_c=True, trans_o=False, arch='gfx950:sramecc+:xnack-', chip='gfx950', num_cu=256, num_chiplets=8, perfconfig='attn:v1:32,32,64,2,1,4,16,1,3,0,4')
----------------------------------------------------------------------------------------------------
FAIL: GemmGemmConfiguration(datatype='f16', g=1, m=30, k=112, n=59, o=18, trans_a=False, trans_b=False, trans_c=False, trans_o=True, arch='gfx950:sramecc+:xnack-', chip='gfx950', num_cu=256, num_chiplets=8, perfconfig='attn:v1:64,16,32,2,1,16,16,4,1,0,2')
----------------------------------------------------------------------------------------------------
PASS: GemmGemmConfiguration(datatype='bf16', g=1, m=2, k=113, n=77, o=65, trans_a=False, trans_b=False, trans_c=False, trans_o=False, arch='gfx950:sramecc+:xnack-', chip='gfx950', num_cu=256, num_chiplets=8, perfconfig='attn:v1:128,32,64,1,1,8,16,1,2,8,2')
----------------------------------------------------------------------------------------------------
PASS: GemmGemmConfiguration(datatype='bf16', g=1, m=21, k=7, n=78, o=67, trans_a=False, trans_b=True, trans_c=False, trans_o=False, arch='gfx950:sramecc+:xnack-', chip='gfx950', num_cu=256, num_chiplets=8, perfconfig='attn:v1:16,128,64,1,1,16,16,3,3,1,2')
FAIL: Runner returned incorrect result
Config = GemmGemmConfiguration(datatype='f16', g=2, m=62, k=34, n=58, o=27, trans_a=True, trans_b=True, trans_c=True, trans_o=False, arch='gfx950:sramecc+:xnack-', chip='gfx950', num_cu=256, num_chiplets=8, perfconfig='attn:v1:128,32,16,2,1,8,32,3,3,2,2')
Command line = -operation gemm_gemm -t f16 --arch gfx950:sramecc+:xnack- --num_cu 256 --num_chiplets 8 -g 2 -m 62 -k 34 -n 58 -gemmO 27 -transA=True -transB=True -transC=True -transO=False --perf_config=attn:v1:128,32,16,2,1,8,32,3,3,2,2 -pv
Output = Number of elements: 3348
maxAbsDiff info: maxAbsDiff = 387.000000 (valNum = -662.00000, gpuNum = -275.00000), average absDiff = 2.5e+02
maxRelDiff info: maxRelDiff = 6.1e-01 (valNum = 257.0000000000, gpuNum = 99.0000000000), average relDiff = 5.9e-01
RMS = 4.0e-01
Histogram of relDiff: 
        relDiff = 0     : 0/3348 (0.000000%)
     0 < relDiff < 1e-06: 0/3348 (0.000000%)
1e-06 < relDiff <= 1e-05: 0/3348 (0.000000%)
1e-05 < relDiff <= 1e-04: 0/3348 (0.000000%)
1e-04 < relDiff <= 1e-03: 0/3348 (0.000000%)
1e-03 < relDiff <= 1e-02: 0/3348 (0.000000%)
1e-02 < relDiff <= 1e-01: 0/3348 (0.000000%)
1e-01 < relDiff <= 1e+00: 3348/3348 (100.000000%)
1e+00 < relDiff < inf   : 0/3348 (0.000000%)
        relDiff = inf   : 0/3348 (0.000000%)
[0 0 1]

----------------------------------------------------------------------------------------------------
PASS: GemmGemmConfiguration(datatype='bf16', g=1, m=84, k=60, n=26, o=77, trans_a=True, trans_b=False, trans_c=True, trans_o=True, arch='gfx950:sramecc+:xnack-', chip='gfx950', num_cu=256, num_chiplets=8, perfconfig='attn:v1:32,64,128,2,1,2,0,4,3,1,1')
----------------------------------------------------------------------------------------------------
PASS: GemmGemmConfiguration(datatype='f16', g=2, m=83, k=36, n=80, o=57, trans_a=True, trans_b=True, trans_c=True, trans_o=True, arch='gfx950:sramecc+:xnack-', chip='gfx950', num_cu=256, num_chiplets=8, perfconfig='attn:v1:16,128,128,1,1,1,0,1,1,4,8')
----------------------------------------------------------------------------------------------------
PASS: GemmGemmConfiguration(datatype='bf16', g=1, m=42, k=111, n=116, o=101, trans_a=True, trans_b=True, trans_c=False, trans_o=True, arch='gfx950:sramecc+:xnack-', chip='gfx950', num_cu=256, num_chiplets=8, perfconfig='attn:v1:256,256,128,1,1,8,16,1,1,1,4')
----------------------------------------------------------------------------------------------------
PASS: GemmGemmConfiguration(datatype='f32', g=1, m=106, k=34, n=112, o=74, trans_a=True, trans_b=False, trans_c=False, trans_o=True, arch='gfx950:sramecc+:xnack-', chip='gfx950', num_cu=256, num_chiplets=8, perfconfig='attn:v1:128,32,16,2,1,1,0,3,1,8,8')
----------------------------------------------------------------------------------------------------
PASS: GemmGemmConfiguration(datatype='f16', g=1, m=28, k=48, n=54, o=37, trans_a=False, trans_b=False, trans_c=False, trans_o=False, arch='gfx950:sramecc+:xnack-', chip='gfx950', num_cu=256, num_chiplets=8, perfconfig='attn:v1:256,16,16,1,1,1,16,3,2,8,0')
----------------------------------------------------------------------------------------------------
PASS: GemmGemmConfiguration(datatype='bf16', g=1, m=45, k=100, n=35, o=116, trans_a=False, trans_b=False, trans_c=True, trans_o=False, arch='gfx950:sramecc+:xnack-', chip='gfx950', num_cu=256, num_chiplets=8, perfconfig='attn:v1:32,32,32,1,1,4,32,1,2,4,2')
----------------------------------------------------------------------------------------------------
PASS: GemmGemmConfiguration(datatype='f32', g=2, m=108, k=102, n=85, o=30, trans_a=True, trans_b=False, trans_c=False, trans_o=False, arch='gfx950:sramecc+:xnack-', chip='gfx950', num_cu=256, num_chiplets=8, perfconfig='attn:v1:32,64,16,2,1,1,16,2,1,0,8')
----------------------------------------------------------------------------------------------------
PASS: GemmGemmConfiguration(datatype='bf16', g=1, m=98, k=66, n=46, o=47, trans_a=True, trans_b=True, trans_c=True, trans_o=False, arch='gfx950:sramecc+:xnack-', chip='gfx950', num_cu=256, num_chiplets=8, perfconfig='attn:v1:16,64,64,1,1,2,0,1,1,2,8')
----------------------------------------------------------------------------------------------------
PASS: GemmGemmConfiguration(datatype='f32', g=2, m=40, k=25, n=38, o=36, trans_a=False, trans_b=True, trans_c=True, trans_o=False, arch='gfx950:sramecc+:xnack-', chip='gfx950', num_cu=256, num_chiplets=8, perfconfig='attn:v1:32,32,128,2,1,8,0,1,2,1,2')
----------------------------------------------------------------------------------------------------
PASS: GemmGemmConfiguration(datatype='f32', g=1, m=97, k=114, n=28, o=6, trans_a=False, trans_b=True, trans_c=False, trans_o=False, arch='gfx950:sramecc+:xnack-', chip='gfx950', num_cu=256, num_chiplets=8, perfconfig='attn:v1:128,256,32,1,1,8,0,3,1,2,0')
----------------------------------------------------------------------------------------------------
FAIL: GemmGemmConfiguration(datatype='f16', g=2, m=62, k=34, n=58, o=27, trans_a=True, trans_b=True, trans_c=True, trans_o=False, arch='gfx950:sramecc+:xnack-', chip='gfx950', num_cu=256, num_chiplets=8, perfconfig='attn:v1:128,32,16,2,1,8,32,3,3,2,2')
----------------------------------------------------------------------------------------------------
PASS: GemmGemmConfiguration(datatype='f16', g=2, m=69, k=95, n=124, o=55, trans_a=False, trans_b=False, trans_c=False, trans_o=False, arch='gfx950:sramecc+:xnack-', chip='gfx950', num_cu=256, num_chiplets=8, perfconfig='attn:v1:32,256,64,2,1,16,0,3,3,4,0')
----------------------------------------------------------------------------------------------------
PASS: GemmGemmConfiguration(datatype='bf16', g=2, m=123, k=30, n=69, o=51, trans_a=True, trans_b=False, trans_c=False, trans_o=False, arch='gfx950:sramecc+:xnack-', chip='gfx950', num_cu=256, num_chiplets=8, perfconfig='attn:v1:64,128,128,1,1,2,0,3,1,0,4')
----------------------------------------------------------------------------------------------------
PASS: GemmGemmConfiguration(datatype='f32', g=1, m=105, k=87, n=71, o=17, trans_a=True, trans_b=False, trans_c=True, trans_o=False, arch='gfx950:sramecc+:xnack-', chip='gfx950', num_cu=256, num_chiplets=8, perfconfig='attn:v1:64,64,16,1,1,4,32,4,1,2,4')
----------------------------------------------------------------------------------------------------
PASS: GemmGemmConfiguration(datatype='bf16', g=1, m=74, k=93, n=98, o=67, trans_a=True, trans_b=True, trans_c=False, trans_o=False, arch='gfx950:sramecc+:xnack-', chip='gfx950', num_cu=256, num_chiplets=8, perfconfig='attn:v1:64,64,16,1,1,16,16,1,2,0,1')
----------------------------------------------------------------------------------------------------
PASS: GemmGemmConfiguration(datatype='bf16', g=1, m=86, k=53, n=87, o=29, trans_a=True, trans_b=False, trans_c=False, trans_o=False, arch='gfx950:sramecc+:xnack-', chip='gfx950', num_cu=256, num_chiplets=8, perfconfig='attn:v1:16,32,32,2,1,1,32,1,3,1,2')
----------------------------------------------------------------------------------------------------
PASS: GemmGemmConfiguration(datatype='f32', g=2, m=84, k=23, n=123, o=79, trans_a=False, trans_b=False, trans_c=True, trans_o=True, arch='gfx950:sramecc+:xnack-', chip='gfx950', num_cu=256, num_chiplets=8, perfconfig='attn:v1:128,16,128,2,1,8,0,4,1,0,1')
----------------------------------------------------------------------------------------------------
PASS: GemmGemmConfiguration(datatype='bf16', g=1, m=125, k=27, n=9, o=50, trans_a=True, trans_b=True, trans_c=False, trans_o=True, arch='gfx950:sramecc+:xnack-', chip='gfx950', num_cu=256, num_chiplets=8, perfconfig='attn:v1:32,64,32,2,1,2,0,3,3,4,8')
----------------------------------------------------------------------------------------------------
PASS: GemmGemmConfiguration(datatype='bf16', g=2, m=73, k=42, n=102, o=24, trans_a=False, trans_b=True, trans_c=False, trans_o=True, arch='gfx950:sramecc+:xnack-', chip='gfx950', num_cu=256, num_chiplets=8, perfconfig='attn:v1:32,16,64,2,1,4,16,1,3,8,1')
----------------------------------------------------------------------------------------------------
PASS: GemmGemmConfiguration(datatype='bf16', g=1, m=34, k=81, n=52, o=22, trans_a=False, trans_b=False, trans_c=True, trans_o=True, arch='gfx950:sramecc+:xnack-', chip='gfx950', num_cu=256, num_chiplets=8, perfconfig='attn:v1:128,16,128,1,1,2,16,1,2,2,0')
----------------------------------------------------------------------------------------------------
PASS: GemmGemmConfiguration(datatype='f16', g=1, m=85, k=123, n=52, o=87, trans_a=False, trans_b=True, trans_c=False, trans_o=False, arch='gfx950:sramecc+:xnack-', chip='gfx950', num_cu=256, num_chiplets=8, perfconfig='attn:v1:32,128,32,1,1,1,0,1,1,2,2')
----------------------------------------------------------------------------------------------------
PASS: GemmGemmConfiguration(datatype='bf16', g=2, m=50, k=13, n=51, o=119, trans_a=True, trans_b=False, trans_c=False, trans_o=False, arch='gfx950:sramecc+:xnack-', chip='gfx950', num_cu=256, num_chiplets=8, perfconfig='attn:v1:16,16,16,1,1,16,32,1,3,8,4')
----------------------------------------------------------------------------------------------------
PASS: GemmGemmConfiguration(datatype='f16', g=1, m=124, k=1, n=49, o=34, trans_a=True, trans_b=True, trans_c=False, trans_o=True, arch='gfx950:sramecc+:xnack-', chip='gfx950', num_cu=256, num_chiplets=8, perfconfig='attn:v1:128,256,64,1,1,16,0,1,2,2,8')
FAIL: Runner returned incorrect result
Config = GemmGemmConfiguration(datatype='f16', g=1, m=113, k=22, n=96, o=20, trans_a=True, trans_b=False, trans_c=False, trans_o=True, arch='gfx950:sramecc+:xnack-', chip='gfx950', num_cu=256, num_chiplets=8, perfconfig='attn:v1:64,256,16,2,1,2,16,1,3,0,2')
Command line = -operation gemm_gemm -t f16 --arch gfx950:sramecc+:xnack- --num_cu 256 --num_chiplets 8 -g 1 -m 113 -k 22 -n 96 -gemmO 20 -transA=True -transB=False -transC=False -transO=True --perf_config=attn:v1:64,256,16,2,1,2,16,1,3,0,2 -pv
Output = Number of elements: 2260
maxAbsDiff info: maxAbsDiff = 56.000000 (valNum = 140.00000, gpuNum = 84.00000), average absDiff = 2.4e+01
maxRelDiff info: maxRelDiff = 4.0e-01 (valNum = -100.0000000000, gpuNum = -60.0000000000), average relDiff = 3.2e-01
RMS = 2.2e-01
Histogram of relDiff: 
        relDiff = 0     : 0/2260 (0.000000%)
     0 < relDiff < 1e-06: 0/2260 (0.000000%)
1e-06 < relDiff <= 1e-05: 0/2260 (0.000000%)
1e-05 < relDiff <= 1e-04: 0/2260 (0.000000%)
1e-04 < relDiff <= 1e-03: 0/2260 (0.000000%)
1e-03 < relDiff <= 1e-02: 0/2260 (0.000000%)
1e-02 < relDiff <= 1e-01: 0/2260 (0.000000%)
1e-01 < relDiff <= 1e+00: 2260/2260 (100.000000%)
1e+00 < relDiff < inf   : 0/2260 (0.000000%)
        relDiff = inf   : 0/2260 (0.000000%)
[0 1 1]

FAIL: Runner returned incorrect result
Config = GemmGemmConfiguration(datatype='bf16', g=1, m=21, k=53, n=59, o=94, trans_a=False, trans_b=True, trans_c=False, trans_o=False, arch='gfx950:sramecc+:xnack-', chip='gfx950', num_cu=256, num_chiplets=8, perfconfig='attn:v1:64,16,16,2,1,1,32,3,3,4,2')
Command line = -operation gemm_gemm -t bf16 --arch gfx950:sramecc+:xnack- --num_cu 256 --num_chiplets 8 -g 1 -m 21 -k 53 -n 59 -gemmO 94 -transA=False -transB=True -transC=False -transO=False --perf_config=attn:v1:64,16,16,2,1,1,32,3,3,4,2 -pv -RMS_threshold 1e-2
Output = Number of elements: 1974
maxAbsDiff info: maxAbsDiff = 801.000000 (valNum = -1020.00000, gpuNum = -219.00000), average absDiff = 5.3e+02
maxRelDiff info: maxRelDiff = 8.0e-01 (valNum = 608.0000000000, gpuNum = 124.5000000000), average relDiff = 7.9e-01
RMS = 5.6e-01
Histogram of relDiff: 
        relDiff = 0     : 0/1974 (0.000000%)
     0 < relDiff < 1e-06: 0/1974 (0.000000%)
1e-06 < relDiff <= 1e-05: 0/1974 (0.000000%)
1e-05 < relDiff <= 1e-04: 0/1974 (0.000000%)
1e-04 < relDiff <= 1e-03: 0/1974 (0.000000%)
1e-03 < relDiff <= 1e-02: 0/1974 (0.000000%)
1e-02 < relDiff <= 1e-01: 0/1974 (0.000000%)
1e-01 < relDiff <= 1e+00: 1974/1974 (100.000000%)
1e+00 < relDiff < inf   : 0/1974 (0.000000%)
        relDiff = inf   : 0/1974 (0.000000%)
[0 0 1]

FAIL: Runner returned incorrect result
Config = GemmGemmConfiguration(datatype='bf16', g=1, m=41, k=46, n=100, o=17, trans_a=False, trans_b=True, trans_c=False, trans_o=False, arch='gfx950:sramecc+:xnack-', chip='gfx950', num_cu=256, num_chiplets=8, perfconfig='attn:v1:32,64,32,2,1,16,16,2,2,4,2')
Command line = -operation gemm_gemm -t bf16 --arch gfx950:sramecc+:xnack- --num_cu 256 --num_chiplets 8 -g 1 -m 41 -k 46 -n 100 -gemmO 17 -transA=False -transB=True -transC=False -transO=False --perf_config=attn:v1:32,64,32,2,1,16,16,2,2,4,2 -pv -RMS_threshold 1e-2
Output = Number of elements: 697
maxAbsDiff info: maxAbsDiff = 532.000000 (valNum = -1512.00000, gpuNum = -980.00000), average absDiff = 3.4e+02
maxRelDiff info: maxRelDiff = 3.7e-01 (valNum = 584.0000000000, gpuNum = 366.0000000000), average relDiff = 3.5e-01
RMS = 2.4e-01
Histogram of relDiff: 
        relDiff = 0     : 0/697 (0.000000%)
     0 < relDiff < 1e-06: 0/697 (0.000000%)
1e-06 < relDiff <= 1e-05: 0/697 (0.000000%)
1e-05 < relDiff <= 1e-04: 0/697 (0.000000%)
1e-04 < relDiff <= 1e-03: 0/697 (0.000000%)
1e-03 < relDiff <= 1e-02: 0/697 (0.000000%)
1e-02 < relDiff <= 1e-01: 0/697 (0.000000%)
1e-01 < relDiff <= 1e+00: 697/697 (100.000000%)
1e+00 < relDiff < inf   : 0/697 (0.000000%)
        relDiff = inf   : 0/697 (0.000000%)
[0 0 1]

FAIL: Runner returned incorrect result
Config = GemmGemmConfiguration(datatype='f16', g=1, m=68, k=34, n=60, o=22, trans_a=False, trans_b=False, trans_c=False, trans_o=False, arch='gfx950:sramecc+:xnack-', chip='gfx950', num_cu=256, num_chiplets=8, perfconfig='attn:v1:16,128,32,2,1,2,16,3,2,0,2')
Command line = -operation gemm_gemm -t f16 --arch gfx950:sramecc+:xnack- --num_cu 256 --num_chiplets 8 -g 1 -m 68 -k 34 -n 60 -gemmO 22 -transA=False -transB=False -transC=False -transO=False --perf_config=attn:v1:16,128,32,2,1,2,16,3,2,0,2 -pv
Output = Number of elements: 1496
maxAbsDiff info: maxAbsDiff = 67.968750 (valNum = 126.87500, gpuNum = 58.90625), average absDiff = 3.2e+01
maxRelDiff info: maxRelDiff = 6.4e-01 (valNum = 63.4375000000, gpuNum = 22.6562500000), average relDiff = 4.9e-01
RMS = 2.8e-01
Histogram of relDiff: 
        relDiff = 0     : 0/1496 (0.000000%)
     0 < relDiff < 1e-06: 0/1496 (0.000000%)
1e-06 < relDiff <= 1e-05: 0/1496 (0.000000%)
1e-05 < relDiff <= 1e-04: 0/1496 (0.000000%)
1e-04 < relDiff <= 1e-03: 0/1496 (0.000000%)
1e-03 < relDiff <= 1e-02: 0/1496 (0.000000%)
1e-02 < relDiff <= 1e-01: 0/1496 (0.000000%)
1e-01 < relDiff <= 1e+00: 1496/1496 (100.000000%)
1e+00 < relDiff < inf   : 0/1496 (0.000000%)
        relDiff = inf   : 0/1496 (0.000000%)
[0 1 1]

----------------------------------------------------------------------------------------------------
PASS: GemmGemmConfiguration(datatype='bf16', g=2, m=125, k=95, n=83, o=56, trans_a=True, trans_b=True, trans_c=True, trans_o=True, arch='gfx950:sramecc+:xnack-', chip='gfx950', num_cu=256, num_chiplets=8, perfconfig='attn:v1:128,64,128,2,1,8,0,2,3,2,1')
----------------------------------------------------------------------------------------------------
FAIL: GemmGemmConfiguration(datatype='f16', g=1, m=113, k=22, n=96, o=20, trans_a=True, trans_b=False, trans_c=False, trans_o=True, arch='gfx950:sramecc+:xnack-', chip='gfx950', num_cu=256, num_chiplets=8, perfconfig='attn:v1:64,256,16,2,1,2,16,1,3,0,2')
----------------------------------------------------------------------------------------------------
PASS: GemmGemmConfiguration(datatype='f16', g=2, m=81, k=50, n=102, o=6, trans_a=True, trans_b=False, trans_c=True, trans_o=True, arch='gfx950:sramecc+:xnack-', chip='gfx950', num_cu=256, num_chiplets=8, perfconfig='attn:v1:256,256,64,2,1,16,32,4,3,8,4')
----------------------------------------------------------------------------------------------------
PASS: GemmGemmConfiguration(datatype='f16', g=2, m=81, k=121, n=45, o=26, trans_a=True, trans_b=False, trans_c=True, trans_o=False, arch='gfx950:sramecc+:xnack-', chip='gfx950', num_cu=256, num_chiplets=8, perfconfig='attn:v1:256,16,128,2,1,2,0,4,3,1,1')
----------------------------------------------------------------------------------------------------
PASS: GemmGemmConfiguration(datatype='f16', g=1, m=115, k=118, n=50, o=66, trans_a=False, trans_b=True, trans_c=False, trans_o=True, arch='gfx950:sramecc+:xnack-', chip='gfx950', num_cu=256, num_chiplets=8, perfconfig='attn:v1:16,256,128,1,1,1,32,3,1,0,2')
----------------------------------------------------------------------------------------------------
PASS: GemmGemmConfiguration(datatype='f32', g=1, m=120, k=81, n=122, o=88, trans_a=False, trans_b=False, trans_c=False, trans_o=False, arch='gfx950:sramecc+:xnack-', chip='gfx950', num_cu=256, num_chiplets=8, perfconfig='attn:v1:32,256,128,1,1,4,32,1,2,0,8')
----------------------------------------------------------------------------------------------------
PASS: GemmGemmConfiguration(datatype='f16', g=1, m=80, k=113, n=3, o=50, trans_a=False, trans_b=True, trans_c=False, trans_o=False, arch='gfx950:sramecc+:xnack-', chip='gfx950', num_cu=256, num_chiplets=8, perfconfig='attn:v1:128,16,128,1,1,4,16,3,3,2,0')
----------------------------------------------------------------------------------------------------
FAIL: GemmGemmConfiguration(datatype='bf16', g=1, m=21, k=53, n=59, o=94, trans_a=False, trans_b=True, trans_c=False, trans_o=False, arch='gfx950:sramecc+:xnack-', chip='gfx950', num_cu=256, num_chiplets=8, perfconfig='attn:v1:64,16,16,2,1,1,32,3,3,4,2')
----------------------------------------------------------------------------------------------------
PASS: GemmGemmConfiguration(datatype='f16', g=2, m=20, k=21, n=65, o=72, trans_a=False, trans_b=False, trans_c=False, trans_o=True, arch='gfx950:sramecc+:xnack-', chip='gfx950', num_cu=256, num_chiplets=8, perfconfig='attn:v1:128,128,32,1,1,2,16,3,3,0,2')
----------------------------------------------------------------------------------------------------
PASS: GemmGemmConfiguration(datatype='f16', g=2, m=41, k=38, n=91, o=36, trans_a=True, trans_b=True, trans_c=False, trans_o=True, arch='gfx950:sramecc+:xnack-', chip='gfx950', num_cu=256, num_chiplets=8, perfconfig='attn:v1:256,128,64,1,1,8,16,4,1,8,4')
----------------------------------------------------------------------------------------------------
PASS: GemmGemmConfiguration(datatype='f32', g=1, m=104, k=43, n=59, o=42, trans_a=False, trans_b=True, trans_c=True, trans_o=False, arch='gfx950:sramecc+:xnack-', chip='gfx950', num_cu=256, num_chiplets=8, perfconfig='attn:v1:128,64,128,2,1,2,0,1,1,4,0')
----------------------------------------------------------------------------------------------------
PASS: GemmGemmConfiguration(datatype='f32', g=2, m=91, k=86, n=11, o=43, trans_a=False, trans_b=True, trans_c=True, trans_o=True, arch='gfx950:sramecc+:xnack-', chip='gfx950', num_cu=256, num_chiplets=8, perfconfig='attn:v1:64,16,128,1,1,1,16,1,2,8,4')
----------------------------------------------------------------------------------------------------
PASS: GemmGemmConfiguration(datatype='f32', g=2, m=41, k=115, n=85, o=121, trans_a=False, trans_b=True, trans_c=True, trans_o=True, arch='gfx950:sramecc+:xnack-', chip='gfx950', num_cu=256, num_chiplets=8, perfconfig='attn:v1:16,256,32,1,1,2,0,2,2,1,0')
----------------------------------------------------------------------------------------------------
PASS: GemmGemmConfiguration(datatype='f32', g=1, m=7, k=110, n=64, o=84, trans_a=True, trans_b=True, trans_c=True, trans_o=False, arch='gfx950:sramecc+:xnack-', chip='gfx950', num_cu=256, num_chiplets=8, perfconfig='attn:v1:64,256,128,1,1,1,32,2,2,0,0')
----------------------------------------------------------------------------------------------------
FAIL: GemmGemmConfiguration(datatype='bf16', g=1, m=41, k=46, n=100, o=17, trans_a=False, trans_b=True, trans_c=False, trans_o=False, arch='gfx950:sramecc+:xnack-', chip='gfx950', num_cu=256, num_chiplets=8, perfconfig='attn:v1:32,64,32,2,1,16,16,2,2,4,2')
----------------------------------------------------------------------------------------------------
PASS: GemmGemmConfiguration(datatype='f32', g=1, m=107, k=76, n=41, o=31, trans_a=False, trans_b=True, trans_c=False, trans_o=True, arch='gfx950:sramecc+:xnack-', chip='gfx950', num_cu=256, num_chiplets=8, perfconfig='attn:v1:64,16,64,1,1,4,32,2,1,8,0')
----------------------------------------------------------------------------------------------------
PASS: GemmGemmConfiguration(datatype='f32', g=2, m=16, k=22, n=32, o=104, trans_a=True, trans_b=True, trans_c=False, trans_o=False, arch='gfx950:sramecc+:xnack-', chip='gfx950', num_cu=256, num_chiplets=8, perfconfig='attn:v1:16,32,128,2,1,2,16,2,1,0,0')
----------------------------------------------------------------------------------------------------
PASS: GemmGemmConfiguration(datatype='f16', g=2, m=24, k=43, n=66, o=98, trans_a=True, trans_b=False, trans_c=True, trans_o=False, arch='gfx950:sramecc+:xnack-', chip='gfx950', num_cu=256, num_chiplets=8, perfconfig='attn:v1:64,32,32,1,1,8,32,2,2,4,1')
----------------------------------------------------------------------------------------------------
PASS: GemmGemmConfiguration(datatype='f32', g=2, m=38, k=101, n=35, o=98, trans_a=True, trans_b=True, trans_c=True, trans_o=False, arch='gfx950:sramecc+:xnack-', chip='gfx950', num_cu=256, num_chiplets=8, perfconfig='attn:v1:32,64,128,2,1,8,16,1,2,2,1')
----------------------------------------------------------------------------------------------------
PASS: GemmGemmConfiguration(datatype='bf16', g=1, m=116, k=44, n=21, o=63, trans_a=True, trans_b=False, trans_c=False, trans_o=True, arch='gfx950:sramecc+:xnack-', chip='gfx950', num_cu=256, num_chiplets=8, perfconfig='attn:v1:256,32,64,2,1,2,16,3,2,0,8')
----------------------------------------------------------------------------------------------------
PASS: GemmGemmConfiguration(datatype='f16', g=2, m=62, k=104, n=60, o=93, trans_a=False, trans_b=False, trans_c=False, trans_o=False, arch='gfx950:sramecc+:xnack-', chip='gfx950', num_cu=256, num_chiplets=8, perfconfig='attn:v1:256,128,32,1,1,4,0,4,1,2,1')
----------------------------------------------------------------------------------------------------
PASS: GemmGemmConfiguration(datatype='f32', g=1, m=122, k=61, n=123, o=65, trans_a=False, trans_b=False, trans_c=False, trans_o=True, arch='gfx950:sramecc+:xnack-', chip='gfx950', num_cu=256, num_chiplets=8, perfconfig='attn:v1:128,64,32,1,1,1,16,2,3,1,4')
FAIL: Runner returned incorrect result
Config = GemmGemmConfiguration(datatype='bf16', g=2, m=32, k=32, n=122, o=78, trans_a=False, trans_b=True, trans_c=False, trans_o=False, arch='gfx950:sramecc+:xnack-', chip='gfx950', num_cu=256, num_chiplets=8, perfconfig='attn:v1:32,256,16,2,1,8,16,4,2,2,2')
Command line = -operation gemm_gemm -t bf16 --arch gfx950:sramecc+:xnack- --num_cu 256 --num_chiplets 8 -g 2 -m 32 -k 32 -n 122 -gemmO 78 -transA=False -transB=True -transC=False -transO=False --perf_config=attn:v1:32,256,16,2,1,8,16,4,2,2,2 -pv -RMS_threshold 1e-2
Output = Number of elements: 4992
maxAbsDiff info: maxAbsDiff = 15.250000 (valNum = -50.00000, gpuNum = -34.75000), average absDiff = 6.5e+00
maxRelDiff info: maxRelDiff = 3.6e-01 (valNum = 11.0000000000, gpuNum = 7.0000000000), average relDiff = 2.6e-01
RMS = 1.5e-01
Histogram of relDiff: 
        relDiff = 0     : 630/4992 (12.620192%)
     0 < relDiff < 1e-06: 0/4992 (0.000000%)
1e-06 < relDiff <= 1e-05: 0/4992 (0.000000%)
1e-05 < relDiff <= 1e-04: 0/4992 (0.000000%)
1e-04 < relDiff <= 1e-03: 0/4992 (0.000000%)
1e-03 < relDiff <= 1e-02: 150/4992 (3.004808%)
1e-02 < relDiff <= 1e-01: 0/4992 (0.000000%)
1e-01 < relDiff <= 1e+00: 4212/4992 (84.375000%)
1e+00 < relDiff < inf   : 0/4992 (0.000000%)
        relDiff = inf   : 0/4992 (0.000000%)
[0 1 1]

FAIL: Runner returned incorrect result
Config = GemmGemmConfiguration(datatype='bf16', g=1, m=79, k=62, n=19, o=91, trans_a=False, trans_b=True, trans_c=False, trans_o=False, arch='gfx950:sramecc+:xnack-', chip='gfx950', num_cu=256, num_chiplets=8, perfconfig='attn:v1:128,128,16,2,1,4,32,2,1,4,0')
Command line = -operation gemm_gemm -t bf16 --arch gfx950:sramecc+:xnack- --num_cu 256 --num_chiplets 8 -g 1 -m 79 -k 62 -n 19 -gemmO 91 -transA=False -transB=True -transC=False -transO=False --perf_config=attn:v1:128,128,16,2,1,4,32,2,1,4,0 -pv -RMS_threshold 1e-2
Output = Number of elements: 7189
maxAbsDiff info: maxAbsDiff = 218.000000 (valNum = -398.00000, gpuNum = -180.00000), average absDiff = 1.4e+02
maxRelDiff info: maxRelDiff = 5.6e-01 (valNum = 153.0000000000, gpuNum = 68.0000000000), average relDiff = 5.5e-01
RMS = 3.7e-01
Histogram of relDiff: 
        relDiff = 0     : 0/7189 (0.000000%)
     0 < relDiff < 1e-06: 0/7189 (0.000000%)
1e-06 < relDiff <= 1e-05: 0/7189 (0.000000%)
1e-05 < relDiff <= 1e-04: 0/7189 (0.000000%)
1e-04 < relDiff <= 1e-03: 0/7189 (0.000000%)
1e-03 < relDiff <= 1e-02: 0/7189 (0.000000%)
1e-02 < relDiff <= 1e-01: 0/7189 (0.000000%)
1e-01 < relDiff <= 1e+00: 7189/7189 (100.000000%)
1e+00 < relDiff < inf   : 0/7189 (0.000000%)
        relDiff = inf   : 0/7189 (0.000000%)
[0 0 1]

----------------------------------------------------------------------------------------------------
FAIL: GemmGemmConfiguration(datatype='f16', g=1, m=68, k=34, n=60, o=22, trans_a=False, trans_b=False, trans_c=False, trans_o=False, arch='gfx950:sramecc+:xnack-', chip='gfx950', num_cu=256, num_chiplets=8, perfconfig='attn:v1:16,128,32,2,1,2,16,3,2,0,2')
----------------------------------------------------------------------------------------------------
PASS: GemmGemmConfiguration(datatype='f16', g=2, m=20, k=121, n=22, o=115, trans_a=True, trans_b=False, trans_c=True, trans_o=True, arch='gfx950:sramecc+:xnack-', chip='gfx950', num_cu=256, num_chiplets=8, perfconfig='attn:v1:16,16,128,2,1,1,16,2,3,0,8')
----------------------------------------------------------------------------------------------------
PASS: GemmGemmConfiguration(datatype='f32', g=2, m=111, k=43, n=123, o=2, trans_a=True, trans_b=False, trans_c=False, trans_o=True, arch='gfx950:sramecc+:xnack-', chip='gfx950', num_cu=256, num_chiplets=8, perfconfig='attn:v1:128,32,64,1,1,1,16,4,3,1,2')
Lowering rejected config as not applicable
Command line = -operation gemm_gemm -t f32 --arch gfx950:sramecc+:xnack- --num_cu 256 --num_chiplets 8 -g 2 -m 29 -k 87 -n 45 -gemmO 47 -transA=True -transB=True -transC=True -transO=False --perf_config=attn:v1:256,256,16,1,1,1,16,2,2,1,4 -pv -relDiff_threshold 1e-4
Errors = loc("<stdin>":10:1): error: ttg.shared (262144) exceeds LDS limit (163840) for amdgcn-amd-amdhsa:gfx950:sramecc+:xnack-
Lowering not applicable.

----------------------------------------------------------------------------------------------------
NOT_APPLICABLE: GemmGemmConfiguration(datatype='f32', g=2, m=29, k=87, n=45, o=47, trans_a=True, trans_b=True, trans_c=True, trans_o=False, arch='gfx950:sramecc+:xnack-', chip='gfx950', num_cu=256, num_chiplets=8, perfconfig='attn:v1:256,256,16,1,1,1,16,2,2,1,4')
----------------------------------------------------------------------------------------------------
PASS: GemmGemmConfiguration(datatype='f32', g=1, m=22, k=116, n=10, o=85, trans_a=True, trans_b=True, trans_c=True, trans_o=True, arch='gfx950:sramecc+:xnack-', chip='gfx950', num_cu=256, num_chiplets=8, perfconfig='attn:v1:128,128,128,1,1,8,16,1,2,0,8')
----------------------------------------------------------------------------------------------------
PASS: GemmGemmConfiguration(datatype='f16', g=1, m=99, k=103, n=9, o=8, trans_a=False, trans_b=False, trans_c=False, trans_o=False, arch='gfx950:sramecc+:xnack-', chip='gfx950', num_cu=256, num_chiplets=8, perfconfig='attn:v1:256,32,64,1,1,1,0,3,2,4,8')
----------------------------------------------------------------------------------------------------
PASS: GemmGemmConfiguration(datatype='f32', g=2, m=8, k=5, n=48, o=94, trans_a=False, trans_b=True, trans_c=False, trans_o=True, arch='gfx950:sramecc+:xnack-', chip='gfx950', num_cu=256, num_chiplets=8, perfconfig='attn:v1:256,64,64,2,1,1,0,1,1,4,2')
----------------------------------------------------------------------------------------------------
PASS: GemmGemmConfiguration(datatype='f16', g=1, m=59, k=100, n=100, o=118, trans_a=False, trans_b=False, trans_c=False, trans_o=True, arch='gfx950:sramecc+:xnack-', chip='gfx950', num_cu=256, num_chiplets=8, perfconfig='attn:v1:256,128,32,2,1,2,32,3,1,2,0')
----------------------------------------------------------------------------------------------------
PASS: GemmGemmConfiguration(datatype='f32', g=1, m=128, k=121, n=82, o=80, trans_a=True, trans_b=False, trans_c=False, trans_o=True, arch='gfx950:sramecc+:xnack-', chip='gfx950', num_cu=256, num_chiplets=8, perfconfig='attn:v1:64,32,32,1,1,8,0,1,1,1,2')
----------------------------------------------------------------------------------------------------
PASS: GemmGemmConfiguration(datatype='bf16', g=1, m=48, k=15, n=4, o=100, trans_a=False, trans_b=False, trans_c=False, trans_o=True, arch='gfx950:sramecc+:xnack-', chip='gfx950', num_cu=256, num_chiplets=8, perfconfig='attn:v1:64,64,16,2,1,4,16,4,3,8,8')
----------------------------------------------------------------------------------------------------
PASS: GemmGemmConfiguration(datatype='bf16', g=2, m=81, k=56, n=62, o=31, trans_a=False, trans_b=False, trans_c=False, trans_o=True, arch='gfx950:sramecc+:xnack-', chip='gfx950', num_cu=256, num_chiplets=8, perfconfig='attn:v1:32,256,32,2,1,8,32,1,2,4,2')
----------------------------------------------------------------------------------------------------
FAIL: GemmGemmConfiguration(datatype='bf16', g=2, m=32, k=32, n=122, o=78, trans_a=False, trans_b=True, trans_c=False, trans_o=False, arch='gfx950:sramecc+:xnack-', chip='gfx950', num_cu=256, num_chiplets=8, perfconfig='attn:v1:32,256,16,2,1,8,16,4,2,2,2')
----------------------------------------------------------------------------------------------------
PASS: GemmGemmConfiguration(datatype='f32', g=1, m=93, k=102, n=102, o=60, trans_a=False, trans_b=True, trans_c=True, trans_o=False, arch='gfx950:sramecc+:xnack-', chip='gfx950', num_cu=256, num_chiplets=8, perfconfig='attn:v1:16,128,32,2,1,2,16,2,2,2,8')
----------------------------------------------------------------------------------------------------
PASS: GemmGemmConfiguration(datatype='bf16', g=2, m=65, k=2, n=107, o=127, trans_a=True, trans_b=True, trans_c=False, trans_o=True, arch='gfx950:sramecc+:xnack-', chip='gfx950', num_cu=256, num_chiplets=8, perfconfig='attn:v1:32,256,32,2,1,8,32,1,1,8,8')
----------------------------------------------------------------------------------------------------
FAIL: GemmGemmConfiguration(datatype='bf16', g=1, m=79, k=62, n=19, o=91, trans_a=False, trans_b=True, trans_c=False, trans_o=False, arch='gfx950:sramecc+:xnack-', chip='gfx950', num_cu=256, num_chiplets=8, perfconfig='attn:v1:128,128,16,2,1,4,32,2,1,4,0')
----------------------------------------------------------------------------------------------------
PASS: GemmGemmConfiguration(datatype='f32', g=1, m=5, k=37, n=71, o=74, trans_a=True, trans_b=True, trans_c=True, trans_o=True, arch='gfx950:sramecc+:xnack-', chip='gfx950', num_cu=256, num_chiplets=8, perfconfig='attn:v1:256,256,64,2,1,4,0,2,2,8,4')
----------------------------------------------------------------------------------------------------
PASS: GemmGemmConfiguration(datatype='f32', g=2, m=77, k=92, n=76, o=17, trans_a=False, trans_b=False, trans_c=True, trans_o=True, arch='gfx950:sramecc+:xnack-', chip='gfx950', num_cu=256, num_chiplets=8, perfconfig='attn:v1:256,64,16,2,1,8,0,1,1,2,0')
----------------------------------------------------------------------------------------------------
PASS: GemmGemmConfiguration(datatype='f32', g=1, m=30, k=89, n=26, o=35, trans_a=False, trans_b=True, trans_c=False, trans_o=True, arch='gfx950:sramecc+:xnack-', chip='gfx950', num_cu=256, num_chiplets=8, perfconfig='attn:v1:16,64,32,2,1,2,16,4,3,8,8')
----------------------------------------------------------------------------------------------------
PASS: GemmGemmConfiguration(datatype='f16', g=1, m=117, k=93, n=116, o=44, trans_a=False, trans_b=True, trans_c=True, trans_o=True, arch='gfx950:sramecc+:xnack-', chip='gfx950', num_cu=256, num_chiplets=8, perfconfig='attn:v1:32,16,32,1,1,2,32,1,2,0,0')
----------------------------------------------------------------------------------------------------
PASS: GemmGemmConfiguration(datatype='f16', g=1, m=112, k=84, n=26, o=63, trans_a=True, trans_b=True, trans_c=True, trans_o=True, arch='gfx950:sramecc+:xnack-', chip='gfx950', num_cu=256, num_chiplets=8, perfconfig='attn:v1:16,64,64,2,1,1,32,2,2,0,8')
----------------------------------------------------------------------------------------------------
PASS: GemmGemmConfiguration(datatype='f32', g=1, m=25, k=87, n=111, o=92, trans_a=True, trans_b=True, trans_c=True, trans_o=False, arch='gfx950:sramecc+:xnack-', chip='gfx950', num_cu=256, num_chiplets=8, perfconfig='attn:v1:64,32,16,2,1,1,16,3,1,0,1')
FAIL: Runner returned incorrect result
Config = GemmGemmConfiguration(datatype='f16', g=2, m=39, k=115, n=49, o=113, trans_a=False, trans_b=False, trans_c=True, trans_o=True, arch='gfx950:sramecc+:xnack-', chip='gfx950', num_cu=256, num_chiplets=8, perfconfig='attn:v1:128,128,16,2,1,1,0,3,1,1,1')
Command line = -operation gemm_gemm -t f16 --arch gfx950:sramecc+:xnack- --num_cu 256 --num_chiplets 8 -g 2 -m 39 -k 115 -n 49 -gemmO 113 -transA=False -transB=False -transC=True -transO=True --perf_config=attn:v1:128,128,16,2,1,1,0,3,1,1,1 -pv
Output = Number of elements: 8814
maxAbsDiff info: maxAbsDiff = 1557.500000 (valNum = -1866.00000, gpuNum = -308.50000), average absDiff = 1.0e+03
maxRelDiff info: maxRelDiff = 8.4e-01 (valNum = 648.0000000000, gpuNum = 102.9375000000), average relDiff = 8.4e-01
RMS = 5.8e-01
Histogram of relDiff: 
        relDiff = 0     : 0/8814 (0.000000%)
     0 < relDiff < 1e-06: 0/8814 (0.000000%)
1e-06 < relDiff <= 1e-05: 0/8814 (0.000000%)
1e-05 < relDiff <= 1e-04: 0/8814 (0.000000%)
1e-04 < relDiff <= 1e-03: 0/8814 (0.000000%)
1e-03 < relDiff <= 1e-02: 0/8814 (0.000000%)
1e-02 < relDiff <= 1e-01: 0/8814 (0.000000%)
1e-01 < relDiff <= 1e+00: 8814/8814 (100.000000%)
1e+00 < relDiff < inf   : 0/8814 (0.000000%)
        relDiff = inf   : 0/8814 (0.000000%)
[0 0 1]

FAIL: Runner returned incorrect result
Config = GemmGemmConfiguration(datatype='bf16', g=2, m=103, k=24, n=3, o=69, trans_a=True, trans_b=True, trans_c=False, trans_o=False, arch='gfx950:sramecc+:xnack-', chip='gfx950', num_cu=256, num_chiplets=8, perfconfig='attn:v1:32,32,16,2,1,4,32,3,3,2,8')
Command line = -operation gemm_gemm -t bf16 --arch gfx950:sramecc+:xnack- --num_cu 256 --num_chiplets 8 -g 2 -m 103 -k 24 -n 3 -gemmO 69 -transA=True -transB=True -transC=False -transO=False --perf_config=attn:v1:32,32,16,2,1,4,32,3,3,2,8 -pv -RMS_threshold 1e-2
Output = Number of elements: 14214
maxAbsDiff info: maxAbsDiff = 13.875000 (valNum = -43.50000, gpuNum = -29.62500), average absDiff = 6.8e+00
maxRelDiff info: maxRelDiff = 3.5e-01 (valNum = -15.7500000000, gpuNum = -10.2500000000), average relDiff = 3.2e-01
RMS = 1.7e-01
Histogram of relDiff: 
        relDiff = 0     : 0/14214 (0.000000%)
     0 < relDiff < 1e-06: 0/14214 (0.000000%)
1e-06 < relDiff <= 1e-05: 0/14214 (0.000000%)
1e-05 < relDiff <= 1e-04: 0/14214 (0.000000%)
1e-04 < relDiff <= 1e-03: 0/14214 (0.000000%)
1e-03 < relDiff <= 1e-02: 0/14214 (0.000000%)
1e-02 < relDiff <= 1e-01: 0/14214 (0.000000%)
1e-01 < relDiff <= 1e+00: 14214/14214 (100.000000%)
1e+00 < relDiff < inf   : 0/14214 (0.000000%)
        relDiff = inf   : 0/14214 (0.000000%)
[0 1 1]

FAIL: Runner returned incorrect result
Config = GemmGemmConfiguration(datatype='f16', g=2, m=66, k=71, n=4, o=5, trans_a=True, trans_b=False, trans_c=False, trans_o=False, arch='gfx950:sramecc+:xnack-', chip='gfx950', num_cu=256, num_chiplets=8, perfconfig='attn:v1:16,128,16,2,1,2,0,1,3,8,0')
Command line = -operation gemm_gemm -t f16 --arch gfx950:sramecc+:xnack- --num_cu 256 --num_chiplets 8 -g 2 -m 66 -k 71 -n 4 -gemmO 5 -transA=True -transB=False -transC=False -transO=False --perf_config=attn:v1:16,128,16,2,1,2,0,1,3,8,0 -pv
Output = Number of elements: 660
maxAbsDiff info: maxAbsDiff = 5.226562 (valNum = -5.87500, gpuNum = -0.64844), average absDiff = 2.9e+00
maxRelDiff info: maxRelDiff = 1.3e+00 (valNum = -1.2500000000, gpuNum = 0.4062500000), average relDiff = 8.7e-01
RMS = 3.8e-01
Histogram of relDiff: 
        relDiff = 0     : 0/660 (0.000000%)
     0 < relDiff < 1e-06: 0/660 (0.000000%)
1e-06 < relDiff <= 1e-05: 0/660 (0.000000%)
1e-05 < relDiff <= 1e-04: 0/660 (0.000000%)
1e-04 < relDiff <= 1e-03: 0/660 (0.000000%)
1e-03 < relDiff <= 1e-02: 0/660 (0.000000%)
1e-02 < relDiff <= 1e-01: 0/660 (0.000000%)
1e-01 < relDiff <= 1e+00: 528/660 (80.000000%)
1e+00 < relDiff < inf   : 132/660 (20.000000%)
        relDiff = inf   : 0/660 (0.000000%)
[0 1 1]

FAIL: Runner returned incorrect result
Config = GemmGemmConfiguration(datatype='bf16', g=1, m=76, k=64, n=64, o=126, trans_a=False, trans_b=False, trans_c=True, trans_o=True, arch='gfx950:sramecc+:xnack-', chip='gfx950', num_cu=256, num_chiplets=8, perfconfig='attn:v1:256,64,16,2,1,8,16,3,3,1,4')
Command line = -operation gemm_gemm -t bf16 --arch gfx950:sramecc+:xnack- --num_cu 256 --num_chiplets 8 -g 1 -m 76 -k 64 -n 64 -gemmO 126 -transA=False -transB=False -transC=True -transO=True --perf_config=attn:v1:256,64,16,2,1,8,16,3,3,1,4 -pv -RMS_threshold 1e-2
Output = Number of elements: 9576
maxAbsDiff info: maxAbsDiff = 712.000000 (valNum = -1328.00000, gpuNum = -616.00000), average absDiff = 4.7e+02
maxRelDiff info: maxRelDiff = 5.4e-01 (valNum = 500.0000000000, gpuNum = 228.0000000000), average relDiff = 5.3e-01
RMS = 3.8e-01
Histogram of relDiff: 
        relDiff = 0     : 0/9576 (0.000000%)
     0 < relDiff < 1e-06: 0/9576 (0.000000%)
1e-06 < relDiff <= 1e-05: 0/9576 (0.000000%)
1e-05 < relDiff <= 1e-04: 0/9576 (0.000000%)
1e-04 < relDiff <= 1e-03: 0/9576 (0.000000%)
1e-03 < relDiff <= 1e-02: 0/9576 (0.000000%)
1e-02 < relDiff <= 1e-01: 0/9576 (0.000000%)
1e-01 < relDiff <= 1e+00: 9576/9576 (100.000000%)
1e+00 < relDiff < inf   : 0/9576 (0.000000%)
        relDiff = inf   : 0/9576 (0.000000%)
[0 0 1]

----------------------------------------------------------------------------------------------------
PASS: GemmGemmConfiguration(datatype='f16', g=1, m=126, k=111, n=35, o=114, trans_a=True, trans_b=True, trans_c=False, trans_o=False, arch='gfx950:sramecc+:xnack-', chip='gfx950', num_cu=256, num_chiplets=8, perfconfig='attn:v1:256,64,16,1,1,1,32,4,3,1,2')
----------------------------------------------------------------------------------------------------
FAIL: GemmGemmConfiguration(datatype='f16', g=2, m=39, k=115, n=49, o=113, trans_a=False, trans_b=False, trans_c=True, trans_o=True, arch='gfx950:sramecc+:xnack-', chip='gfx950', num_cu=256, num_chiplets=8, perfconfig='attn:v1:128,128,16,2,1,1,0,3,1,1,1')
----------------------------------------------------------------------------------------------------
PASS: GemmGemmConfiguration(datatype='f32', g=1, m=98, k=29, n=66, o=34, trans_a=False, trans_b=False, trans_c=True, trans_o=False, arch='gfx950:sramecc+:xnack-', chip='gfx950', num_cu=256, num_chiplets=8, perfconfig='attn:v1:256,256,16,2,1,1,16,2,2,4,8')
----------------------------------------------------------------------------------------------------
PASS: GemmGemmConfiguration(datatype='f16', g=1, m=84, k=19, n=77, o=57, trans_a=True, trans_b=False, trans_c=True, trans_o=True, arch='gfx950:sramecc+:xnack-', chip='gfx950', num_cu=256, num_chiplets=8, perfconfig='attn:v1:128,32,64,2,1,8,16,4,2,1,4')
----------------------------------------------------------------------------------------------------
PASS: GemmGemmConfiguration(datatype='f32', g=2, m=100, k=4, n=121, o=62, trans_a=True, trans_b=False, trans_c=True, trans_o=False, arch='gfx950:sramecc+:xnack-', chip='gfx950', num_cu=256, num_chiplets=8, perfconfig='attn:v1:16,16,32,2,1,16,32,4,1,0,1')
----------------------------------------------------------------------------------------------------
PASS: GemmGemmConfiguration(datatype='bf16', g=1, m=87, k=64, n=89, o=74, trans_a=True, trans_b=False, trans_c=False, trans_o=True, arch='gfx950:sramecc+:xnack-', chip='gfx950', num_cu=256, num_chiplets=8, perfconfig='attn:v1:64,16,16,1,1,8,32,2,1,0,1')
----------------------------------------------------------------------------------------------------
FAIL: GemmGemmConfiguration(datatype='bf16', g=2, m=103, k=24, n=3, o=69, trans_a=True, trans_b=True, trans_c=False, trans_o=False, arch='gfx950:sramecc+:xnack-', chip='gfx950', num_cu=256, num_chiplets=8, perfconfig='attn:v1:32,32,16,2,1,4,32,3,3,2,8')
----------------------------------------------------------------------------------------------------
PASS: GemmGemmConfiguration(datatype='f32', g=1, m=88, k=44, n=96, o=46, trans_a=True, trans_b=False, trans_c=True, trans_o=True, arch='gfx950:sramecc+:xnack-', chip='gfx950', num_cu=256, num_chiplets=8, perfconfig='attn:v1:16,128,128,1,1,4,0,2,3,0,8')
----------------------------------------------------------------------------------------------------
FAIL: GemmGemmConfiguration(datatype='f16', g=2, m=66, k=71, n=4, o=5, trans_a=True, trans_b=False, trans_c=False, trans_o=False, arch='gfx950:sramecc+:xnack-', chip='gfx950', num_cu=256, num_chiplets=8, perfconfig='attn:v1:16,128,16,2,1,2,0,1,3,8,0')
----------------------------------------------------------------------------------------------------
PASS: GemmGemmConfiguration(datatype='bf16', g=2, m=71, k=122, n=112, o=125, trans_a=True, trans_b=True, trans_c=True, trans_o=False, arch='gfx950:sramecc+:xnack-', chip='gfx950', num_cu=256, num_chiplets=8, perfconfig='attn:v1:16,128,128,2,1,16,32,3,1,1,8')
----------------------------------------------------------------------------------------------------
PASS: GemmGemmConfiguration(datatype='bf16', g=2, m=13, k=14, n=30, o=81, trans_a=True, trans_b=True, trans_c=False, trans_o=False, arch='gfx950:sramecc+:xnack-', chip='gfx950', num_cu=256, num_chiplets=8, perfconfig='attn:v1:64,256,64,2,1,8,0,2,1,2,0')
----------------------------------------------------------------------------------------------------
PASS: GemmGemmConfiguration(datatype='bf16', g=1, m=21, k=31, n=73, o=90, trans_a=True, trans_b=True, trans_c=True, trans_o=False, arch='gfx950:sramecc+:xnack-', chip='gfx950', num_cu=256, num_chiplets=8, perfconfig='attn:v1:128,16,128,2,1,8,16,2,1,0,0')
----------------------------------------------------------------------------------------------------
PASS: GemmGemmConfiguration(datatype='f16', g=1, m=72, k=22, n=53, o=52, trans_a=True, trans_b=False, trans_c=True, trans_o=True, arch='gfx950:sramecc+:xnack-', chip='gfx950', num_cu=256, num_chiplets=8, perfconfig='attn:v1:256,128,32,1,1,8,32,4,1,1,8')
----------------------------------------------------------------------------------------------------
PASS: GemmGemmConfiguration(datatype='f32', g=1, m=27, k=90, n=37, o=63, trans_a=False, trans_b=False, trans_c=False, trans_o=True, arch='gfx950:sramecc+:xnack-', chip='gfx950', num_cu=256, num_chiplets=8, perfconfig='attn:v1:128,64,16,2,1,2,32,2,1,0,8')
----------------------------------------------------------------------------------------------------
FAIL: GemmGemmConfiguration(datatype='bf16', g=1, m=76, k=64, n=64, o=126, trans_a=False, trans_b=False, trans_c=True, trans_o=True, arch='gfx950:sramecc+:xnack-', chip='gfx950', num_cu=256, num_chiplets=8, perfconfig='attn:v1:256,64,16,2,1,8,16,3,3,1,4')
----------------------------------------------------------------------------------------------------
PASS: GemmGemmConfiguration(datatype='f32', g=2, m=25, k=79, n=41, o=42, trans_a=True, trans_b=False, trans_c=False, trans_o=True, arch='gfx950:sramecc+:xnack-', chip='gfx950', num_cu=256, num_chiplets=8, perfconfig='attn:v1:128,32,64,2,1,8,32,2,3,4,1')
----------------------------------------------------------------------------------------------------
PASS: GemmGemmConfiguration(datatype='f16', g=2, m=56, k=61, n=71, o=73, trans_a=False, trans_b=True, trans_c=False, trans_o=True, arch='gfx950:sramecc+:xnack-', chip='gfx950', num_cu=256, num_chiplets=8, perfconfig='attn:v1:128,16,128,2,1,16,32,2,3,1,0')
----------------------------------------------------------------------------------------------------
PASS: GemmGemmConfiguration(datatype='f32', g=1, m=9, k=51, n=38, o=1, trans_a=False, trans_b=True, trans_c=True, trans_o=True, arch='gfx950:sramecc+:xnack-', chip='gfx950', num_cu=256, num_chiplets=8, perfconfig='attn:v1:64,256,64,2,1,16,0,3,2,1,8')
----------------------------------------------------------------------------------------------------
PASS: GemmGemmConfiguration(datatype='f16', g=1, m=66, k=40, n=104, o=69, trans_a=False, trans_b=False, trans_c=False, trans_o=True, arch='gfx950:sramecc+:xnack-', chip='gfx950', num_cu=256, num_chiplets=8, perfconfig='attn:v1:256,64,16,1,1,2,32,1,1,4,0')
Lowering rejected config as not applicable
Command line = -operation gemm_gemm -t f32 --arch gfx950:sramecc+:xnack- --num_cu 256 --num_chiplets 8 -g 2 -m 82 -k 74 -n 57 -gemmO 91 -transA=False -transB=True -transC=False -transO=True --perf_config=attn:v1:256,128,64,1,1,2,32,3,2,1,4 -pv -relDiff_threshold 1e-4
Errors = loc("<stdin>":10:1): error: ttg.shared (196608) exceeds LDS limit (163840) for amdgcn-amd-amdhsa:gfx950:sramecc+:xnack-
Lowering not applicable.

----------------------------------------------------------------------------------------------------
NOT_APPLICABLE: GemmGemmConfiguration(datatype='f32', g=2, m=82, k=74, n=57, o=91, trans_a=False, trans_b=True, trans_c=False, trans_o=True, arch='gfx950:sramecc+:xnack-', chip='gfx950', num_cu=256, num_chiplets=8, perfconfig='attn:v1:256,128,64,1,1,2,32,3,2,1,4')
----------------------------------------------------------------------------------------------------
PASS: GemmGemmConfiguration(datatype='f16', g=2, m=20, k=53, n=96, o=107, trans_a=False, trans_b=False, trans_c=False, trans_o=True, arch='gfx950:sramecc+:xnack-', chip='gfx950', num_cu=256, num_chiplets=8, perfconfig='attn:v1:16,16,128,1,1,4,0,4,2,4,2')
FAIL: Runner returned incorrect result
Config = GemmGemmConfiguration(datatype='bf16', g=2, m=72, k=113, n=115, o=76, trans_a=True, trans_b=True, trans_c=True, trans_o=True, arch='gfx950:sramecc+:xnack-', chip='gfx950', num_cu=256, num_chiplets=8, perfconfig='attn:v1:16,256,32,2,1,16,0,2,2,0,4')
Command line = -operation gemm_gemm -t bf16 --arch gfx950:sramecc+:xnack- --num_cu 256 --num_chiplets 8 -g 2 -m 72 -k 113 -n 115 -gemmO 76 -transA=True -transB=True -transC=True -transO=True --perf_config=attn:v1:16,256,32,2,1,16,0,2,2,0,4 -pv -RMS_threshold 1e-2
Output = Number of elements: 10944
maxAbsDiff info: maxAbsDiff = 76.750000 (valNum = -113.50000, gpuNum = -36.75000), average absDiff = 4.1e+01
maxRelDiff info: maxRelDiff = 2.1e+00 (valNum = 9.9375000000, gpuNum = -10.8750000000), average relDiff = 9.3e-01
RMS = 3.0e-01
Histogram of relDiff: 
        relDiff = 0     : 0/10944 (0.000000%)
     0 < relDiff < 1e-06: 0/10944 (0.000000%)
1e-06 < relDiff <= 1e-05: 0/10944 (0.000000%)
1e-05 < relDiff <= 1e-04: 0/10944 (0.000000%)
1e-04 < relDiff <= 1e-03: 0/10944 (0.000000%)
1e-03 < relDiff <= 1e-02: 0/10944 (0.000000%)
1e-02 < relDiff <= 1e-01: 0/10944 (0.000000%)
1e-01 < relDiff <= 1e+00: 7200/10944 (65.789474%)
1e+00 < relDiff < inf   : 3744/10944 (34.210526%)
        relDiff = inf   : 0/10944 (0.000000%)
[0 1 1]

FAIL: Runner returned incorrect result
Config = GemmGemmConfiguration(datatype='bf16', g=1, m=20, k=128, n=108, o=126, trans_a=True, trans_b=True, trans_c=False, trans_o=True, arch='gfx950:sramecc+:xnack-', chip='gfx950', num_cu=256, num_chiplets=8, perfconfig='attn:v1:256,64,16,2,1,8,16,3,2,8,4')
Command line = -operation gemm_gemm -t bf16 --arch gfx950:sramecc+:xnack- --num_cu 256 --num_chiplets 8 -g 1 -m 20 -k 128 -n 108 -gemmO 126 -transA=True -transB=True -transC=False -transO=True --perf_config=attn:v1:256,64,16,2,1,8,16,3,2,8,4 -pv -RMS_threshold 1e-2
Output = Number of elements: 2520
maxAbsDiff info: maxAbsDiff = 83.250000 (valNum = -99.00000, gpuNum = -15.75000), average absDiff = 5.6e+01
maxRelDiff info: maxRelDiff = 8.4e-01 (valNum = 49.5000000000, gpuNum = 7.8750000000), average relDiff = 7.6e-01
RMS = 5.8e-01
Histogram of relDiff: 
        relDiff = 0     : 0/2520 (0.000000%)
     0 < relDiff < 1e-06: 0/2520 (0.000000%)
1e-06 < relDiff <= 1e-05: 0/2520 (0.000000%)
1e-05 < relDiff <= 1e-04: 0/2520 (0.000000%)
1e-04 < relDiff <= 1e-03: 0/2520 (0.000000%)
1e-03 < relDiff <= 1e-02: 0/2520 (0.000000%)
1e-02 < relDiff <= 1e-01: 0/2520 (0.000000%)
1e-01 < relDiff <= 1e+00: 2520/2520 (100.000000%)
1e+00 < relDiff < inf   : 0/2520 (0.000000%)
        relDiff = inf   : 0/2520 (0.000000%)
[0 1 1]

FAIL: Runner returned incorrect result
Config = GemmGemmConfiguration(datatype='f16', g=2, m=16, k=127, n=94, o=27, trans_a=False, trans_b=False, trans_c=False, trans_o=True, arch='gfx950:sramecc+:xnack-', chip='gfx950', num_cu=256, num_chiplets=8, perfconfig='attn:v1:64,32,16,2,1,8,0,4,2,2,1')
Command line = -operation gemm_gemm -t f16 --arch gfx950:sramecc+:xnack- --num_cu 256 --num_chiplets 8 -g 2 -m 16 -k 127 -n 94 -gemmO 27 -transA=False -transB=False -transC=False -transO=True --perf_config=attn:v1:64,32,16,2,1,8,0,4,2,2,1 -pv
Output = Number of elements: 864
maxAbsDiff info: maxAbsDiff = 120.843750 (valNum = -161.62500, gpuNum = -40.78125), average absDiff = 5.0e+01
maxRelDiff info: maxRelDiff = 7.8e-01 (valNum = 18.1875000000, gpuNum = 3.9765625000), average relDiff = 7.6e-01
RMS = 3.7e-01
Histogram of relDiff: 
        relDiff = 0     : 0/864 (0.000000%)
     0 < relDiff < 1e-06: 0/864 (0.000000%)
1e-06 < relDiff <= 1e-05: 0/864 (0.000000%)
1e-05 < relDiff <= 1e-04: 0/864 (0.000000%)
1e-04 < relDiff <= 1e-03: 0/864 (0.000000%)
1e-03 < relDiff <= 1e-02: 0/864 (0.000000%)
1e-02 < relDiff <= 1e-01: 0/864 (0.000000%)
1e-01 < relDiff <= 1e+00: 864/864 (100.000000%)
1e+00 < relDiff < inf   : 0/864 (0.000000%)
        relDiff = inf   : 0/864 (0.000000%)
[0 0 1]

FAIL: Runner returned incorrect result
Config = GemmGemmConfiguration(datatype='f16', g=2, m=87, k=39, n=118, o=69, trans_a=True, trans_b=True, trans_c=True, trans_o=True, arch='gfx950:sramecc+:xnack-', chip='gfx950', num_cu=256, num_chiplets=8, perfconfig='attn:v1:16,32,16,2,1,16,0,1,1,8,8')
Command line = -operation gemm_gemm -t f16 --arch gfx950:sramecc+:xnack- --num_cu 256 --num_chiplets 8 -g 2 -m 87 -k 39 -n 118 -gemmO 69 -transA=True -transB=True -transC=True -transO=True --perf_config=attn:v1:16,32,16,2,1,16,0,1,1,8,8 -pv
Output = Number of elements: 12006
maxAbsDiff info: maxAbsDiff = 25.914062 (valNum = -34.12500, gpuNum = -8.21094), average absDiff = 1.8e+01
maxRelDiff info: maxRelDiff = 7.8e-01 (valNum = 14.2187500000, gpuNum = 3.0859375000), average relDiff = 7.6e-01
RMS = 5.6e-01
Histogram of relDiff: 
        relDiff = 0     : 0/12006 (0.000000%)
     0 < relDiff < 1e-06: 0/12006 (0.000000%)
1e-06 < relDiff <= 1e-05: 0/12006 (0.000000%)
1e-05 < relDiff <= 1e-04: 0/12006 (0.000000%)
1e-04 < relDiff <= 1e-03: 0/12006 (0.000000%)
1e-03 < relDiff <= 1e-02: 0/12006 (0.000000%)
1e-02 < relDiff <= 1e-01: 0/12006 (0.000000%)
1e-01 < relDiff <= 1e+00: 12006/12006 (100.000000%)
1e+00 < relDiff < inf   : 0/12006 (0.000000%)
        relDiff = inf   : 0/12006 (0.000000%)
[0 1 1]

----------------------------------------------------------------------------------------------------
PASS: GemmGemmConfiguration(datatype='f16', g=2, m=6, k=58, n=34, o=60, trans_a=False, trans_b=False, trans_c=True, trans_o=False, arch='gfx950:sramecc+:xnack-', chip='gfx950', num_cu=256, num_chiplets=8, perfconfig='attn:v1:32,64,128,1,1,4,0,2,3,2,2')
----------------------------------------------------------------------------------------------------
PASS: GemmGemmConfiguration(datatype='bf16', g=1, m=81, k=124, n=83, o=53, trans_a=True, trans_b=False, trans_c=False, trans_o=True, arch='gfx950:sramecc+:xnack-', chip='gfx950', num_cu=256, num_chiplets=8, perfconfig='attn:v1:64,64,16,1,1,2,16,1,1,8,0')
----------------------------------------------------------------------------------------------------
PASS: GemmGemmConfiguration(datatype='bf16', g=1, m=55, k=41, n=31, o=31, trans_a=False, trans_b=True, trans_c=True, trans_o=True, arch='gfx950:sramecc+:xnack-', chip='gfx950', num_cu=256, num_chiplets=8, perfconfig='attn:v1:32,256,32,1,1,2,0,4,1,1,2')
----------------------------------------------------------------------------------------------------
PASS: GemmGemmConfiguration(datatype='bf16', g=2, m=121, k=92, n=37, o=84, trans_a=False, trans_b=False, trans_c=True, trans_o=True, arch='gfx950:sramecc+:xnack-', chip='gfx950', num_cu=256, num_chiplets=8, perfconfig='attn:v1:256,256,128,2,1,16,0,3,2,2,0')
----------------------------------------------------------------------------------------------------
PASS: GemmGemmConfiguration(datatype='bf16', g=1, m=84, k=125, n=11, o=84, trans_a=False, trans_b=False, trans_c=True, trans_o=True, arch='gfx950:sramecc+:xnack-', chip='gfx950', num_cu=256, num_chiplets=8, perfconfig='attn:v1:64,128,64,1,1,1,0,2,1,1,8')
----------------------------------------------------------------------------------------------------
PASS: GemmGemmConfiguration(datatype='bf16', g=1, m=24, k=15, n=42, o=71, trans_a=True, trans_b=True, trans_c=True, trans_o=False, arch='gfx950:sramecc+:xnack-', chip='gfx950', num_cu=256, num_chiplets=8, perfconfig='attn:v1:256,128,128,2,1,1,16,3,2,1,8')
----------------------------------------------------------------------------------------------------
PASS: GemmGemmConfiguration(datatype='f32', g=2, m=112, k=65, n=42, o=84, trans_a=True, trans_b=True, trans_c=True, trans_o=False, arch='gfx950:sramecc+:xnack-', chip='gfx950', num_cu=256, num_chiplets=8, perfconfig='attn:v1:64,128,16,1,1,8,32,1,1,0,1')
----------------------------------------------------------------------------------------------------
PASS: GemmGemmConfiguration(datatype='bf16', g=2, m=100, k=103, n=116, o=33, trans_a=True, trans_b=False, trans_c=True, trans_o=True, arch='gfx950:sramecc+:xnack-', chip='gfx950', num_cu=256, num_chiplets=8, perfconfig='attn:v1:128,64,16,1,1,16,32,1,1,2,4')
----------------------------------------------------------------------------------------------------
PASS: GemmGemmConfiguration(datatype='bf16', g=1, m=47, k=32, n=67, o=34, trans_a=True, trans_b=False, trans_c=False, trans_o=True, arch='gfx950:sramecc+:xnack-', chip='gfx950', num_cu=256, num_chiplets=8, perfconfig='attn:v1:128,32,128,2,1,4,32,2,2,1,1')
----------------------------------------------------------------------------------------------------
FAIL: GemmGemmConfiguration(datatype='bf16', g=2, m=72, k=113, n=115, o=76, trans_a=True, trans_b=True, trans_c=True, trans_o=True, arch='gfx950:sramecc+:xnack-', chip='gfx950', num_cu=256, num_chiplets=8, perfconfig='attn:v1:16,256,32,2,1,16,0,2,2,0,4')
----------------------------------------------------------------------------------------------------
FAIL: GemmGemmConfiguration(datatype='bf16', g=1, m=20, k=128, n=108, o=126, trans_a=True, trans_b=True, trans_c=False, trans_o=True, arch='gfx950:sramecc+:xnack-', chip='gfx950', num_cu=256, num_chiplets=8, perfconfig='attn:v1:256,64,16,2,1,8,16,3,2,8,4')
----------------------------------------------------------------------------------------------------
PASS: GemmGemmConfiguration(datatype='f16', g=1, m=109, k=9, n=83, o=106, trans_a=False, trans_b=False, trans_c=False, trans_o=False, arch='gfx950:sramecc+:xnack-', chip='gfx950', num_cu=256, num_chiplets=8, perfconfig='attn:v1:16,128,64,2,1,1,0,3,1,8,1')
----------------------------------------------------------------------------------------------------
PASS: GemmGemmConfiguration(datatype='f16', g=1, m=29, k=39, n=55, o=122, trans_a=False, trans_b=False, trans_c=True, trans_o=True, arch='gfx950:sramecc+:xnack-', chip='gfx950', num_cu=256, num_chiplets=8, perfconfig='attn:v1:16,128,64,1,1,1,32,1,1,0,4')
----------------------------------------------------------------------------------------------------
PASS: GemmGemmConfiguration(datatype='f32', g=1, m=99, k=99, n=114, o=105, trans_a=True, trans_b=False, trans_c=True, trans_o=True, arch='gfx950:sramecc+:xnack-', chip='gfx950', num_cu=256, num_chiplets=8, perfconfig='attn:v1:256,128,128,2,1,8,32,1,3,1,2')
----------------------------------------------------------------------------------------------------
PASS: GemmGemmConfiguration(datatype='f16', g=1, m=1, k=94, n=122, o=110, trans_a=True, trans_b=True, trans_c=True, trans_o=False, arch='gfx950:sramecc+:xnack-', chip='gfx950', num_cu=256, num_chiplets=8, perfconfig='attn:v1:128,32,64,1,1,8,16,2,2,2,1')
----------------------------------------------------------------------------------------------------
PASS: GemmGemmConfiguration(datatype='f32', g=1, m=60, k=70, n=42, o=17, trans_a=True, trans_b=True, trans_c=True, trans_o=False, arch='gfx950:sramecc+:xnack-', chip='gfx950', num_cu=256, num_chiplets=8, perfconfig='attn:v1:16,64,128,2,1,4,32,3,2,0,2')
----------------------------------------------------------------------------------------------------
FAIL: GemmGemmConfiguration(datatype='f16', g=2, m=16, k=127, n=94, o=27, trans_a=False, trans_b=False, trans_c=False, trans_o=True, arch='gfx950:sramecc+:xnack-', chip='gfx950', num_cu=256, num_chiplets=8, perfconfig='attn:v1:64,32,16,2,1,8,0,4,2,2,1')
----------------------------------------------------------------------------------------------------
PASS: GemmGemmConfiguration(datatype='f32', g=2, m=18, k=35, n=74, o=59, trans_a=True, trans_b=True, trans_c=False, trans_o=False, arch='gfx950:sramecc+:xnack-', chip='gfx950', num_cu=256, num_chiplets=8, perfconfig='attn:v1:128,128,64,2,1,16,32,3,2,0,0')
----------------------------------------------------------------------------------------------------
PASS: GemmGemmConfiguration(datatype='f32', g=2, m=124, k=124, n=100, o=8, trans_a=True, trans_b=True, trans_c=True, trans_o=False, arch='gfx950:sramecc+:xnack-', chip='gfx950', num_cu=256, num_chiplets=8, perfconfig='attn:v1:128,32,64,1,1,16,16,1,3,2,1')
----------------------------------------------------------------------------------------------------
FAIL: GemmGemmConfiguration(datatype='f16', g=2, m=87, k=39, n=118, o=69, trans_a=True, trans_b=True, trans_c=True, trans_o=True, arch='gfx950:sramecc+:xnack-', chip='gfx950', num_cu=256, num_chiplets=8, perfconfig='attn:v1:16,32,16,2,1,16,0,1,1,8,8')
----------------------------------------------------------------------------------------------------
PASS: GemmGemmConfiguration(datatype='f16', g=2, m=33, k=22, n=74, o=106, trans_a=False, trans_b=True, trans_c=False, trans_o=False, arch='gfx950:sramecc+:xnack-', chip='gfx950', num_cu=256, num_chiplets=8, perfconfig='attn:v1:128,32,16,1,1,1,16,2,1,2,1')
----------------------------------------------------------------------------------------------------
PASS: GemmGemmConfiguration(datatype='f32', g=1, m=91, k=92, n=106, o=18, trans_a=True, trans_b=False, trans_c=False, trans_o=False, arch='gfx950:sramecc+:xnack-', chip='gfx950', num_cu=256, num_chiplets=8, perfconfig='attn:v1:128,128,64,2,1,1,32,2,2,1,4')
FAIL: Lowering failed (exit -6)
Config = GemmGemmConfiguration(datatype='bf16', g=2, m=61, k=39, n=92, o=5, trans_a=True, trans_b=True, trans_c=True, trans_o=False, arch='gfx950:sramecc+:xnack-', chip='gfx950', num_cu=256, num_chiplets=8, perfconfig='attn:v1:128,256,16,1,1,1,32,1,3,4,8')
Command line = -operation gemm_gemm -t bf16 --arch gfx950:sramecc+:xnack- --num_cu 256 --num_chiplets 8 -g 2 -m 61 -k 39 -n 92 -gemmO 5 -transA=True -transB=True -transC=True -transO=False --perf_config=attn:v1:128,256,16,1,1,1,32,1,3,4,8 -pv -RMS_threshold 1e-2
Errors = LLVM ERROR: out of memory
Allocation failed
PLEASE submit a bug report to https://github.com/llvm/llvm-project/issues/ and include the crash backtrace and instructions to reproduce the bug.
Stack dump:
0.	Program arguments: /home/danherna/mlir-dev/rocmlirTriton/build/bin/rocmlir-driver -c -
 #0 0x000056016850fd28 llvm::sys::PrintStackTrace(llvm::raw_ostream&, int) /home/danherna/mlir-dev/rocmlirTriton/external/triton/llvm-project/llvm/lib/Support/Unix/Signals.inc:880:13
 #1 0x000056016850d604 llvm::sys::RunSignalHandlers() /home/danherna/mlir-dev/rocmlirTriton/external/triton/llvm-project/llvm/lib/Support/Signals.cpp:109:18
 #2 0x0000560168510ac1 SignalHandler(int, siginfo_t*, void*) /home/danherna/mlir-dev/rocmlirTriton/external/triton/llvm-project/llvm/lib/Support/Unix/Signals.inc:448:38
 #3 0x00007f3243d26520 (/lib/x86_64-linux-gnu/libc.so.6+0x42520)
 #4 0x00007f3243d7a9fc __pthread_kill_implementation ./nptl/pthread_kill.c:44:76
 #5 0x00007f3243d7a9fc __pthread_kill_internal ./nptl/pthread_kill.c:78:10
 #6 0x00007f3243d7a9fc pthread_kill ./nptl/pthread_kill.c:89:10
 #7 0x00007f3243d26476 gsignal ./signal/../sysdeps/posix/raise.c:27:6
 #8 0x00007f3243d0c7f3 abort ./stdlib/abort.c:81:7
 #9 0x00005601684cbba5 std::mutex::lock() /usr/lib/gcc/x86_64-linux-gnu/11/../../../../include/c++/11/bits/std_mutex.h:104:2
#10 0x00005601684cbba5 std::lock_guard<std::mutex>::lock_guard(std::mutex&) /usr/lib/gcc/x86_64-linux-gnu/11/../../../../include/c++/11/bits/std_mutex.h:229:19
#11 0x00005601684cbba5 llvm::report_bad_alloc_error(char const*, bool) /home/danherna/mlir-dev/rocmlirTriton/external/triton/llvm-project/llvm/lib/Support/ErrorHandling.cpp:185:33
#12 0x00005601684cbe02 (/home/danherna/mlir-dev/rocmlirTriton/build/bin/rocmlir-driver+0x4423e02)
#13 0x00007f3243fdd9a3 operator new(unsigned long) (/lib/x86_64-linux-gnu/libstdc++.so.6+0xae9a3)
#14 0x0000560167d7b1ca __gnu_cxx::new_allocator<int>::allocate(unsigned long, void const*) /usr/lib/gcc/x86_64-linux-gnu/11/../../../../include/c++/11/ext/new_allocator.h:127:27
#15 0x0000560167d7b1ca std::allocator_traits<std::allocator<int>>::allocate(std::allocator<int>&, unsigned long) /usr/lib/gcc/x86_64-linux-gnu/11/../../../../include/c++/11/bits/alloc_traits.h:464:20
#16 0x0000560167d7b1ca std::_Vector_base<int, std::allocator<int>>::_M_allocate(unsigned long) /usr/lib/gcc/x86_64-linux-gnu/11/../../../../include/c++/11/bits/stl_vector.h:346:20
#17 0x0000560167d7b1ca std::_Vector_base<int, std::allocator<int>>::_M_create_storage(unsigned long) /usr/lib/gcc/x86_64-linux-gnu/11/../../../../include/c++/11/bits/stl_vector.h:361:33
#18 0x0000560167d7b1ca std::_Vector_base<int, std::allocator<int>>::_Vector_base(unsigned long, std::allocator<int> const&) /usr/lib/gcc/x86_64-linux-gnu/11/../../../../include/c++/11/bits/stl_vector.h:305:9
#19 0x0000560167d7b1ca std::vector<int, std::allocator<int>>::vector(std::vector<int, std::allocator<int>> const&) /usr/lib/gcc/x86_64-linux-gnu/11/../../../../include/c++/11/bits/stl_vector.h:554:9
#20 0x0000560167d7b1ca void std::_Construct<std::vector<int, std::allocator<int>>, std::vector<int, std::allocator<int>> const&>(std::vector<int, std::allocator<int>>*, std::vector<int, std::allocator<int>> const&) /usr/lib/gcc/x86_64-linux-gnu/11/../../../../include/c++/11/bits/stl_construct.h:119:25
#21 0x0000560167d7b1ca std::vector<int, std::allocator<int>>* std::__uninitialized_copy<false>::__uninit_copy<__gnu_cxx::__normal_iterator<std::vector<int, std::allocator<int>> const*, std::vector<std::vector<int, std::allocator<int>>, std::allocator<std::vector<int, std::allocator<int>>>>>, std::vector<int, std::allocator<int>>*>(__gnu_cxx::__normal_iterator<std::vector<int, std::allocator<int>> const*, std::vector<std::vector<int, std::allocator<int>>, std::allocator<std::vector<int, std::allocator<int>>>>>, __gnu_cxx::__normal_iterator<std::vector<int, std::allocator<int>> const*, std::vector<std::vector<int, std::allocator<int>>, std::allocator<std::vector<int, std::allocator<int>>>>>, std::vector<int, std::allocator<int>>*) /usr/lib/gcc/x86_64-linux-gnu/11/../../../../include/c++/11/bits/stl_uninitialized.h:92:3
#22 0x0000560167d7b1ca std::vector<int, std::allocator<int>>* std::uninitialized_copy<__gnu_cxx::__normal_iterator<std::vector<int, std::allocator<int>> const*, std::vector<std::vector<int, std::allocator<int>>, std::allocator<std::vector<int, std::allocator<int>>>>>, std::vector<int, std::allocator<int>>*>(__gnu_cxx::__normal_iterator<std::vector<int, std::allocator<int>> const*, std::vector<std::vector<int, std::allocator<int>>, std::allocator<std::vector<int, std::allocator<int>>>>>, __gnu_cxx::__normal_iterator<std::vector<int, std::allocator<int>> const*, std::vector<std::vector<int, std::allocator<int>>, std::allocator<std::vector<int, std::allocator<int>>>>>, std::vector<int, std::allocator<int>>*) /usr/lib/gcc/x86_64-linux-gnu/11/../../../../include/c++/11/bits/stl_uninitialized.h:148:14
#23 0x0000560167d7b1ca std::vector<int, std::allocator<int>>* std::__uninitialized_copy_a<__gnu_cxx::__normal_iterator<std::vector<int, std::allocator<int>> const*, std::vector<std::vector<int, std::allocator<int>>, std::allocator<std::vector<int, std::allocator<int>>>>>, std::vector<int, std::allocator<int>>*, std::vector<int, std::allocator<int>>>(__gnu_cxx::__normal_iterator<std::vector<int, std::allocator<int>> const*, std::vector<std::vector<int, std::allocator<int>>, std::allocator<std::vector<int, std::allocator<int>>>>>, __gnu_cxx::__normal_iterator<std::vector<int, std::allocator<int>> const*, std::vector<std::vector<int, std::allocator<int>>, std::allocator<std::vector<int, std::allocator<int>>>>>, std::vector<int, std::allocator<int>>*, std::allocator<std::vector<int, std::allocator<int>>>&) /usr/lib/gcc/x86_64-linux-gnu/11/../../../../include/c++/11/bits/stl_uninitialized.h:333:14
#24 0x0000560167d7b1ca std::vector<std::vector<int, std::allocator<int>>, std::allocator<std::vector<int, std::allocator<int>>>>::vector(std::vector<std::vector<int, std::allocator<int>>, std::allocator<std::vector<int, std::allocator<int>>>> const&) /usr/lib/gcc/x86_64-linux-gnu/11/../../../../include/c++/11/bits/stl_vector.h:558:4
#25 0x0000560167f71730 mlir::triton::gpu::chooseMfmaLikeStoreLayout(mlir::RankedTensorType) /home/danherna/mlir-dev/rocmlirTriton/external/triton/lib/Dialect/TritonGPU/IR/LinearLayoutConversions.cpp:1707:48
#26 0x000056016837650e std::_Optional_base_impl<mlir::triton::LinearLayout, std::_Optional_base<mlir::triton::LinearLayout, false, false>>::_M_is_engaged() const /usr/lib/gcc/x86_64-linux-gnu/11/../../../../include/c++/11/optional:433:58
#27 0x000056016837650e std::optional<mlir::triton::LinearLayout>::operator bool() const /usr/lib/gcc/x86_64-linux-gnu/11/../../../../include/c++/11/optional:942:22
#28 0x000056016837650e mlir::(anonymous namespace)::usePermlaneSwapToOptimizeStore(mlir::PatternRewriter&, mlir::Value, mlir::Value, mlir::Value, mlir::triton::StoreOp) /home/danherna/mlir-dev/rocmlirTriton/external/triton/third_party/amd/lib/TritonAMDGPUTransforms/OptimizeEpilogue.cpp:73:8
#29 0x000056016837645d mlir::OpState::operator bool() /home/danherna/mlir-dev/rocmlirTriton/external/triton/llvm-project/mlir/include/mlir/IR/OpDefinition.h:103:52
#30 0x000056016837645d mlir::(anonymous namespace)::BypassEpilogueSMEM::matchAndRewrite(mlir::triton::StoreOp, mlir::PatternRewriter&) const /home/danherna/mlir-dev/rocmlirTriton/external/triton/third_party/amd/lib/TritonAMDGPUTransforms/OptimizeEpilogue.cpp:189:10
#31 0x000056016bc4ccef mlir::PatternApplicator::matchAndRewrite(mlir::Operation*, mlir::PatternRewriter&, llvm::function_ref<bool (mlir::Pattern const&)>, llvm::function_ref<void (mlir::Pattern const&)>, llvm::function_ref<llvm::LogicalResult (mlir::Pattern const&)>)::$_0::operator()() const /home/danherna/mlir-dev/rocmlirTriton/external/triton/llvm-project/mlir/lib/Rewrite/PatternApplicator.cpp:223:13
#32 0x000056016bc4ccef void llvm::function_ref<void ()>::callback_fn<mlir::PatternApplicator::matchAndRewrite(mlir::Operation*, mlir::PatternRewriter&, llvm::function_ref<bool (mlir::Pattern const&)>, llvm::function_ref<void (mlir::Pattern const&)>, llvm::function_ref<llvm::LogicalResult (mlir::Pattern const&)>)::$_0>(long) /home/danherna/mlir-dev/rocmlirTriton/external/triton/llvm-project/llvm/include/llvm/ADT/STLFunctionalExtras.h:46:12
#33 0x000056016bc4991a llvm::function_ref<void ()>::operator()() const /home/danherna/mlir-dev/rocmlirTriton/external/triton/llvm-project/llvm/include/llvm/ADT/STLFunctionalExtras.h:0:12
#34 0x000056016bc4991a void mlir::MLIRContext::executeAction<mlir::ApplyPatternAction, mlir::Pattern const&>(llvm::function_ref<void ()>, llvm::ArrayRef<mlir::IRUnit>, mlir::Pattern const&) /home/danherna/mlir-dev/rocmlirTriton/external/triton/llvm-project/mlir/include/mlir/IR/MLIRContext.h:290:7
#35 0x000056016bc4991a mlir::PatternApplicator::matchAndRewrite(mlir::Operation*, mlir::PatternRewriter&, llvm::function_ref<bool (mlir::Pattern const&)>, llvm::function_ref<void (mlir::Pattern const&)>, llvm::function_ref<llvm::LogicalResult (mlir::Pattern const&)>) /home/danherna/mlir-dev/rocmlirTriton/external/triton/llvm-project/mlir/lib/Rewrite/PatternApplicator.cpp:197:23
#36 0x000056016bc2ae92 (anonymous namespace)::GreedyPatternRewriteDriver::processWorklist() /home/danherna/mlir-dev/rocmlirTriton/external/triton/llvm-project/mlir/lib/Transforms/Utils/GreedyPatternRewriteDriver.cpp:0:0
#37 0x000056016bc27406 (anonymous namespace)::RegionPatternRewriteDriver::simplify(bool*) &&::$_2::operator()() const /home/danherna/mlir-dev/rocmlirTriton/external/triton/llvm-project/mlir/lib/Transforms/Utils/GreedyPatternRewriteDriver.cpp:889:11
#38 0x000056016bc27406 void llvm::function_ref<void ()>::callback_fn<(anonymous namespace)::RegionPatternRewriteDriver::simplify(bool*) &&::$_2>(long) /home/danherna/mlir-dev/rocmlirTriton/external/triton/llvm-project/llvm/include/llvm/ADT/STLFunctionalExtras.h:46:12
#39 0x000056016bc27406 llvm::function_ref<void ()>::operator()() const /home/danherna/mlir-dev/rocmlirTriton/external/triton/llvm-project/llvm/include/llvm/ADT/STLFunctionalExtras.h:69:12
#40 0x000056016bc27406 void mlir::MLIRContext::executeAction<(anonymous namespace)::GreedyPatternRewriteIteration, long&>(llvm::function_ref<void ()>, llvm::ArrayRef<mlir::IRUnit>, long&) /home/danherna/mlir-dev/rocmlirTriton/external/triton/llvm-project/mlir/include/mlir/IR/MLIRContext.h:290:7
#41 0x000056016bc27406 (anonymous namespace)::RegionPatternRewriteDriver::simplify(bool*) && /home/danherna/mlir-dev/rocmlirTriton/external/triton/llvm-project/mlir/lib/Transforms/Utils/GreedyPatternRewriteDriver.cpp:876:10
#42 0x000056016bc27406 mlir::applyPatternsGreedily(mlir::Region&, mlir::FrozenRewritePatternSet const&, mlir::GreedyRewriteConfig, bool*) /home/danherna/mlir-dev/rocmlirTriton/external/triton/llvm-project/mlir/lib/Transforms/Utils/GreedyPatternRewriteDriver.cpp:934:47
#43 0x0000560168376c3b llvm::LogicalResult::failed() const /home/danherna/mlir-dev/rocmlirTriton/external/triton/llvm-project/llvm/include/llvm/Support/LogicalResult.h:43:42
#44 0x0000560168376c3b mlir::applyPatternsGreedily(mlir::Operation*, mlir::FrozenRewritePatternSet const&, mlir::GreedyRewriteConfig, bool*) /home/danherna/mlir-dev/rocmlirTriton/external/triton/llvm-project/mlir/include/mlir/Transforms/GreedyPatternRewriteDriver.h:213:20
#45 0x0000560168376c3b mlir::TritonAMDGPUOptimizeEpiloguePass::runOnOperation() /home/danherna/mlir-dev/rocmlirTriton/external/triton/third_party/amd/lib/TritonAMDGPUTransforms/OptimizeEpilogue.cpp:215:9
#46 0x000056016bca277a mlir::detail::OpToOpPassAdaptor::run(mlir::Pass*, mlir::Operation*, mlir::AnalysisManager, bool, unsigned int)::$_3::operator()() const /home/danherna/mlir-dev/rocmlirTriton/external/triton/llvm-project/mlir/lib/Pass/Pass.cpp:0:19
#47 0x000056016bca277a void llvm::function_ref<void ()>::callback_fn<mlir::detail::OpToOpPassAdaptor::run(mlir::Pass*, mlir::Operation*, mlir::AnalysisManager, bool, unsigned int)::$_3>(long) /home/danherna/mlir-dev/rocmlirTriton/external/triton/llvm-project/llvm/include/llvm/ADT/STLFunctionalExtras.h:46:12
#48 0x000056016bca277a llvm::function_ref<void ()>::operator()() const /home/danherna/mlir-dev/rocmlirTriton/external/triton/llvm-project/llvm/include/llvm/ADT/STLFunctionalExtras.h:69:12
#49 0x000056016bca277a void mlir::MLIRContext::executeAction<mlir::PassExecutionAction, mlir::Pass&>(llvm::function_ref<void ()>, llvm::ArrayRef<mlir::IRUnit>, mlir::Pass&) /home/danherna/mlir-dev/rocmlirTriton/external/triton/llvm-project/mlir/include/mlir/IR/MLIRContext.h:290:7
#50 0x000056016bca277a mlir::detail::OpToOpPassAdaptor::run(mlir::Pass*, mlir::Operation*, mlir::AnalysisManager, bool, unsigned int) /home/danherna/mlir-dev/rocmlirTriton/external/triton/llvm-project/mlir/lib/Pass/Pass.cpp:606:23
#51 0x000056016bca343a mlir::detail::OpToOpPassAdaptor::runPipeline(mlir::OpPassManager&, mlir::Operation*, mlir::AnalysisManager, bool, unsigned int, mlir::PassInstrumentor*, mlir::PassInstrumentation::PipelineParentInfo const*) /home/danherna/mlir-dev/rocmlirTriton/external/triton/llvm-project/mlir/lib/Pass/Pass.cpp:688:9
#52 0x000056016bca9e3c mlir::PassManager::runPasses(mlir::Operation*, mlir::AnalysisManager) /home/danherna/mlir-dev/rocmlirTriton/external/triton/llvm-project/mlir/lib/Pass/Pass.cpp:1123:3
#53 0x000056016bca9511 mlir::PassManager::run(mlir::Operation*) /home/danherna/mlir-dev/rocmlirTriton/external/triton/llvm-project/mlir/lib/Pass/Pass.cpp:1097:0
#54 0x000056016847b773 runKernelPipeline(llvm::StringRef, mlir::ModuleOp, llvm::SmallDenseSet<llvm::StringRef, 4u, llvm::DenseMapInfo<llvm::StringRef, void>>&) /home/danherna/mlir-dev/rocmlirTriton/mlir/tools/rocmlir-driver/rocmlir-driver.cpp:274:13
#55 0x000056016847b773 runMLIRPasses(mlir::ModuleOp&, mlir::PassPipelineCLParser&) /home/danherna/mlir-dev/rocmlirTriton/mlir/tools/rocmlir-driver/rocmlir-driver.cpp:367:16
#56 0x000056016847b773 main /home/danherna/mlir-dev/rocmlirTriton/mlir/tools/rocmlir-driver/rocmlir-driver.cpp:451:14
#57 0x00007f3243d0dd90 __libc_start_call_main ./csu/../sysdeps/nptl/libc_start_call_main.h:58:16
#58 0x00007f3243d0de40 call_init ./csu/../csu/libc-start.c:128:20
#59 0x00007f3243d0de40 __libc_start_main ./csu/../csu/libc-start.c:379:5
#60 0x0000560167d59525 _start (/home/danherna/mlir-dev/rocmlirTriton/build/bin/rocmlir-driver+0x3cb1525)

FAIL: Lowering failed (exit -6)
Config = GemmGemmConfiguration(datatype='bf16', g=2, m=99, k=107, n=88, o=5, trans_a=True, trans_b=False, trans_c=False, trans_o=False, arch='gfx950:sramecc+:xnack-', chip='gfx950', num_cu=256, num_chiplets=8, perfconfig='attn:v1:32,64,32,2,1,16,32,1,1,4,4')
Command line = -operation gemm_gemm -t bf16 --arch gfx950:sramecc+:xnack- --num_cu 256 --num_chiplets 8 -g 2 -m 99 -k 107 -n 88 -gemmO 5 -transA=True -transB=False -transC=False -transO=False --perf_config=attn:v1:32,64,32,2,1,16,32,1,1,4,4 -pv -RMS_threshold 1e-2
Errors = terminate called after throwing an instance of 'std::bad_array_new_length'
  what():  std::bad_array_new_length
PLEASE submit a bug report to https://github.com/llvm/llvm-project/issues/ and include the crash backtrace and instructions to reproduce the bug.
Stack dump:
0.	Program arguments: /home/danherna/mlir-dev/rocmlirTriton/build/bin/rocmlir-driver -c -
 #0 0x0000560de167fd28 llvm::sys::PrintStackTrace(llvm::raw_ostream&, int) /home/danherna/mlir-dev/rocmlirTriton/external/triton/llvm-project/llvm/lib/Support/Unix/Signals.inc:880:13
 #1 0x0000560de167d604 llvm::sys::RunSignalHandlers() /home/danherna/mlir-dev/rocmlirTriton/external/triton/llvm-project/llvm/lib/Support/Signals.cpp:109:18
 #2 0x0000560de1680ac1 SignalHandler(int, siginfo_t*, void*) /home/danherna/mlir-dev/rocmlirTriton/external/triton/llvm-project/llvm/lib/Support/Unix/Signals.inc:448:38
 #3 0x00007f70dc5a5520 (/lib/x86_64-linux-gnu/libc.so.6+0x42520)
 #4 0x00007f70dc5f99fc __pthread_kill_implementation ./nptl/pthread_kill.c:44:76
 #5 0x00007f70dc5f99fc __pthread_kill_internal ./nptl/pthread_kill.c:78:10
 #6 0x00007f70dc5f99fc pthread_kill ./nptl/pthread_kill.c:89:10
 #7 0x00007f70dc5a5476 gsignal ./signal/../sysdeps/posix/raise.c:27:6
 #8 0x00007f70dc58b7f3 abort ./stdlib/abort.c:81:7
 #9 0x00007f70dc850b9e (/lib/x86_64-linux-gnu/libstdc++.so.6+0xa2b9e)
#10 0x00007f70dc85c20c (/lib/x86_64-linux-gnu/libstdc++.so.6+0xae20c)
#11 0x00007f70dc85c277 (/lib/x86_64-linux-gnu/libstdc++.so.6+0xae277)
#12 0x00007f70dc85c4d8 (/lib/x86_64-linux-gnu/libstdc++.so.6+0xae4d8)
#13 0x00007f70dc85329a std::__throw_bad_cast() (/lib/x86_64-linux-gnu/libstdc++.so.6+0xa529a)
#14 0x0000560de0eeb217 (/home/danherna/mlir-dev/rocmlirTriton/build/bin/rocmlir-driver+0x3cd3217)
#15 0x0000560de10e1730 mlir::triton::gpu::chooseMfmaLikeStoreLayout(mlir::RankedTensorType) /home/danherna/mlir-dev/rocmlirTriton/external/triton/lib/Dialect/TritonGPU/IR/LinearLayoutConversions.cpp:1707:48
#16 0x0000560de14e650e std::_Optional_base_impl<mlir::triton::LinearLayout, std::_Optional_base<mlir::triton::LinearLayout, false, false>>::_M_is_engaged() const /usr/lib/gcc/x86_64-linux-gnu/11/../../../../include/c++/11/optional:433:58
#17 0x0000560de14e650e std::optional<mlir::triton::LinearLayout>::operator bool() const /usr/lib/gcc/x86_64-linux-gnu/11/../../../../include/c++/11/optional:942:22
#18 0x0000560de14e650e mlir::(anonymous namespace)::usePermlaneSwapToOptimizeStore(mlir::PatternRewriter&, mlir::Value, mlir::Value, mlir::Value, mlir::triton::StoreOp) /home/danherna/mlir-dev/rocmlirTriton/external/triton/third_party/amd/lib/TritonAMDGPUTransforms/OptimizeEpilogue.cpp:73:8
#19 0x0000560de14e645d mlir::OpState::operator bool() /home/danherna/mlir-dev/rocmlirTriton/external/triton/llvm-project/mlir/include/mlir/IR/OpDefinition.h:103:52
#20 0x0000560de14e645d mlir::(anonymous namespace)::BypassEpilogueSMEM::matchAndRewrite(mlir::triton::StoreOp, mlir::PatternRewriter&) const /home/danherna/mlir-dev/rocmlirTriton/external/triton/third_party/amd/lib/TritonAMDGPUTransforms/OptimizeEpilogue.cpp:189:10
#21 0x0000560de4dbccef mlir::PatternApplicator::matchAndRewrite(mlir::Operation*, mlir::PatternRewriter&, llvm::function_ref<bool (mlir::Pattern const&)>, llvm::function_ref<void (mlir::Pattern const&)>, llvm::function_ref<llvm::LogicalResult (mlir::Pattern const&)>)::$_0::operator()() const /home/danherna/mlir-dev/rocmlirTriton/external/triton/llvm-project/mlir/lib/Rewrite/PatternApplicator.cpp:223:13
#22 0x0000560de4dbccef void llvm::function_ref<void ()>::callback_fn<mlir::PatternApplicator::matchAndRewrite(mlir::Operation*, mlir::PatternRewriter&, llvm::function_ref<bool (mlir::Pattern const&)>, llvm::function_ref<void (mlir::Pattern const&)>, llvm::function_ref<llvm::LogicalResult (mlir::Pattern const&)>)::$_0>(long) /home/danherna/mlir-dev/rocmlirTriton/external/triton/llvm-project/llvm/include/llvm/ADT/STLFunctionalExtras.h:46:12
#23 0x0000560de4db991a llvm::function_ref<void ()>::operator()() const /home/danherna/mlir-dev/rocmlirTriton/external/triton/llvm-project/llvm/include/llvm/ADT/STLFunctionalExtras.h:0:12
#24 0x0000560de4db991a void mlir::MLIRContext::executeAction<mlir::ApplyPatternAction, mlir::Pattern const&>(llvm::function_ref<void ()>, llvm::ArrayRef<mlir::IRUnit>, mlir::Pattern const&) /home/danherna/mlir-dev/rocmlirTriton/external/triton/llvm-project/mlir/include/mlir/IR/MLIRContext.h:290:7
#25 0x0000560de4db991a mlir::PatternApplicator::matchAndRewrite(mlir::Operation*, mlir::PatternRewriter&, llvm::function_ref<bool (mlir::Pattern const&)>, llvm::function_ref<void (mlir::Pattern const&)>, llvm::function_ref<llvm::LogicalResult (mlir::Pattern const&)>) /home/danherna/mlir-dev/rocmlirTriton/external/triton/llvm-project/mlir/lib/Rewrite/PatternApplicator.cpp:197:23
#26 0x0000560de4d9ae92 (anonymous namespace)::GreedyPatternRewriteDriver::processWorklist() /home/danherna/mlir-dev/rocmlirTriton/external/triton/llvm-project/mlir/lib/Transforms/Utils/GreedyPatternRewriteDriver.cpp:0:0
#27 0x0000560de4d97406 (anonymous namespace)::RegionPatternRewriteDriver::simplify(bool*) &&::$_2::operator()() const /home/danherna/mlir-dev/rocmlirTriton/external/triton/llvm-project/mlir/lib/Transforms/Utils/GreedyPatternRewriteDriver.cpp:889:11
#28 0x0000560de4d97406 void llvm::function_ref<void ()>::callback_fn<(anonymous namespace)::RegionPatternRewriteDriver::simplify(bool*) &&::$_2>(long) /home/danherna/mlir-dev/rocmlirTriton/external/triton/llvm-project/llvm/include/llvm/ADT/STLFunctionalExtras.h:46:12
#29 0x0000560de4d97406 llvm::function_ref<void ()>::operator()() const /home/danherna/mlir-dev/rocmlirTriton/external/triton/llvm-project/llvm/include/llvm/ADT/STLFunctionalExtras.h:69:12
#30 0x0000560de4d97406 void mlir::MLIRContext::executeAction<(anonymous namespace)::GreedyPatternRewriteIteration, long&>(llvm::function_ref<void ()>, llvm::ArrayRef<mlir::IRUnit>, long&) /home/danherna/mlir-dev/rocmlirTriton/external/triton/llvm-project/mlir/include/mlir/IR/MLIRContext.h:290:7
#31 0x0000560de4d97406 (anonymous namespace)::RegionPatternRewriteDriver::simplify(bool*) && /home/danherna/mlir-dev/rocmlirTriton/external/triton/llvm-project/mlir/lib/Transforms/Utils/GreedyPatternRewriteDriver.cpp:876:10
#32 0x0000560de4d97406 mlir::applyPatternsGreedily(mlir::Region&, mlir::FrozenRewritePatternSet const&, mlir::GreedyRewriteConfig, bool*) /home/danherna/mlir-dev/rocmlirTriton/external/triton/llvm-project/mlir/lib/Transforms/Utils/GreedyPatternRewriteDriver.cpp:934:47
#33 0x0000560de14e6c3b llvm::LogicalResult::failed() const /home/danherna/mlir-dev/rocmlirTriton/external/triton/llvm-project/llvm/include/llvm/Support/LogicalResult.h:43:42
#34 0x0000560de14e6c3b mlir::applyPatternsGreedily(mlir::Operation*, mlir::FrozenRewritePatternSet const&, mlir::GreedyRewriteConfig, bool*) /home/danherna/mlir-dev/rocmlirTriton/external/triton/llvm-project/mlir/include/mlir/Transforms/GreedyPatternRewriteDriver.h:213:20
#35 0x0000560de14e6c3b mlir::TritonAMDGPUOptimizeEpiloguePass::runOnOperation() /home/danherna/mlir-dev/rocmlirTriton/external/triton/third_party/amd/lib/TritonAMDGPUTransforms/OptimizeEpilogue.cpp:215:9
#36 0x0000560de4e1277a mlir::detail::OpToOpPassAdaptor::run(mlir::Pass*, mlir::Operation*, mlir::AnalysisManager, bool, unsigned int)::$_3::operator()() const /home/danherna/mlir-dev/rocmlirTriton/external/triton/llvm-project/mlir/lib/Pass/Pass.cpp:0:19
#37 0x0000560de4e1277a void llvm::function_ref<void ()>::callback_fn<mlir::detail::OpToOpPassAdaptor::run(mlir::Pass*, mlir::Operation*, mlir::AnalysisManager, bool, unsigned int)::$_3>(long) /home/danherna/mlir-dev/rocmlirTriton/external/triton/llvm-project/llvm/include/llvm/ADT/STLFunctionalExtras.h:46:12
#38 0x0000560de4e1277a llvm::function_ref<void ()>::operator()() const /home/danherna/mlir-dev/rocmlirTriton/external/triton/llvm-project/llvm/include/llvm/ADT/STLFunctionalExtras.h:69:12
#39 0x0000560de4e1277a void mlir::MLIRContext::executeAction<mlir::PassExecutionAction, mlir::Pass&>(llvm::function_ref<void ()>, llvm::ArrayRef<mlir::IRUnit>, mlir::Pass&) /home/danherna/mlir-dev/rocmlirTriton/external/triton/llvm-project/mlir/include/mlir/IR/MLIRContext.h:290:7
#40 0x0000560de4e1277a mlir::detail::OpToOpPassAdaptor::run(mlir::Pass*, mlir::Operation*, mlir::AnalysisManager, bool, unsigned int) /home/danherna/mlir-dev/rocmlirTriton/external/triton/llvm-project/mlir/lib/Pass/Pass.cpp:606:23
#41 0x0000560de4e1343a mlir::detail::OpToOpPassAdaptor::runPipeline(mlir::OpPassManager&, mlir::Operation*, mlir::AnalysisManager, bool, unsigned int, mlir::PassInstrumentor*, mlir::PassInstrumentation::PipelineParentInfo const*) /home/danherna/mlir-dev/rocmlirTriton/external/triton/llvm-project/mlir/lib/Pass/Pass.cpp:688:9
#42 0x0000560de4e19e3c mlir::PassManager::runPasses(mlir::Operation*, mlir::AnalysisManager) /home/danherna/mlir-dev/rocmlirTriton/external/triton/llvm-project/mlir/lib/Pass/Pass.cpp:1123:3
#43 0x0000560de4e19511 mlir::PassManager::run(mlir::Operation*) /home/danherna/mlir-dev/rocmlirTriton/external/triton/llvm-project/mlir/lib/Pass/Pass.cpp:1097:0
#44 0x0000560de15eb773 runKernelPipeline(llvm::StringRef, mlir::ModuleOp, llvm::SmallDenseSet<llvm::StringRef, 4u, llvm::DenseMapInfo<llvm::StringRef, void>>&) /home/danherna/mlir-dev/rocmlirTriton/mlir/tools/rocmlir-driver/rocmlir-driver.cpp:274:13
#45 0x0000560de15eb773 runMLIRPasses(mlir::ModuleOp&, mlir::PassPipelineCLParser&) /home/danherna/mlir-dev/rocmlirTriton/mlir/tools/rocmlir-driver/rocmlir-driver.cpp:367:16
#46 0x0000560de15eb773 main /home/danherna/mlir-dev/rocmlirTriton/mlir/tools/rocmlir-driver/rocmlir-driver.cpp:451:14
#47 0x00007f70dc58cd90 __libc_start_call_main ./csu/../sysdeps/nptl/libc_start_call_main.h:58:16
#48 0x00007f70dc58ce40 call_init ./csu/../csu/libc-start.c:128:20
#49 0x00007f70dc58ce40 __libc_start_main ./csu/../csu/libc-start.c:379:5
#50 0x0000560de0ec9525 _start (/home/danherna/mlir-dev/rocmlirTriton/build/bin/rocmlir-driver+0x3cb1525)

FAIL: Runner returned incorrect result
Config = GemmGemmConfiguration(datatype='f16', g=1, m=23, k=87, n=48, o=58, trans_a=True, trans_b=False, trans_c=True, trans_o=False, arch='gfx950:sramecc+:xnack-', chip='gfx950', num_cu=256, num_chiplets=8, perfconfig='attn:v1:128,16,32,2,1,4,32,2,2,1,4')
Command line = -operation gemm_gemm -t f16 --arch gfx950:sramecc+:xnack- --num_cu 256 --num_chiplets 8 -g 1 -m 23 -k 87 -n 48 -gemmO 58 -transA=True -transB=False -transC=True -transO=False --perf_config=attn:v1:128,16,32,2,1,4,32,2,2,1,4 -pv
Output = Number of elements: 1334
maxAbsDiff info: maxAbsDiff = 67.500000 (valNum = 210.25000, gpuNum = 142.75000), average absDiff = 6.8e+01
maxRelDiff info: maxRelDiff = 3.2e-01 (valNum = 210.2500000000, gpuNum = 142.7500000000), average relDiff = 3.2e-01
RMS = 3.2e-01
Histogram of relDiff: 
        relDiff = 0     : 0/1334 (0.000000%)
     0 < relDiff < 1e-06: 0/1334 (0.000000%)
1e-06 < relDiff <= 1e-05: 0/1334 (0.000000%)
1e-05 < relDiff <= 1e-04: 0/1334 (0.000000%)
1e-04 < relDiff <= 1e-03: 0/1334 (0.000000%)
1e-03 < relDiff <= 1e-02: 0/1334 (0.000000%)
1e-02 < relDiff <= 1e-01: 0/1334 (0.000000%)
1e-01 < relDiff <= 1e+00: 1334/1334 (100.000000%)
1e+00 < relDiff < inf   : 0/1334 (0.000000%)
        relDiff = inf   : 0/1334 (0.000000%)
[0 1 1]

FAIL: Runner returned incorrect result
Config = GemmGemmConfiguration(datatype='bf16', g=2, m=4, k=95, n=124, o=27, trans_a=False, trans_b=True, trans_c=True, trans_o=True, arch='gfx950:sramecc+:xnack-', chip='gfx950', num_cu=256, num_chiplets=8, perfconfig='attn:v1:16,16,64,2,1,8,0,3,2,8,8')
Command line = -operation gemm_gemm -t bf16 --arch gfx950:sramecc+:xnack- --num_cu 256 --num_chiplets 8 -g 2 -m 4 -k 95 -n 124 -gemmO 27 -transA=False -transB=True -transC=True -transO=True --perf_config=attn:v1:16,16,64,2,1,8,0,3,2,8,8 -pv -RMS_threshold 1e-2
Output = Number of elements: 216
maxAbsDiff info: maxAbsDiff = 1896.000000 (valNum = -3840.00000, gpuNum = -1944.00000), average absDiff = 1.2e+03
maxRelDiff info: maxRelDiff = 5.2e-01 (valNum = 1456.0000000000, gpuNum = 696.0000000000), average relDiff = 4.9e-01
RMS = 3.4e-01
Histogram of relDiff: 
        relDiff = 0     : 0/216 (0.000000%)
     0 < relDiff < 1e-06: 0/216 (0.000000%)
1e-06 < relDiff <= 1e-05: 0/216 (0.000000%)
1e-05 < relDiff <= 1e-04: 0/216 (0.000000%)
1e-04 < relDiff <= 1e-03: 0/216 (0.000000%)
1e-03 < relDiff <= 1e-02: 0/216 (0.000000%)
1e-02 < relDiff <= 1e-01: 0/216 (0.000000%)
1e-01 < relDiff <= 1e+00: 216/216 (100.000000%)
1e+00 < relDiff < inf   : 0/216 (0.000000%)
        relDiff = inf   : 0/216 (0.000000%)
[0 0 1]

FAIL: Runner returned incorrect result
Config = GemmGemmConfiguration(datatype='f16', g=1, m=90, k=95, n=6, o=101, trans_a=True, trans_b=True, trans_c=True, trans_o=True, arch='gfx950:sramecc+:xnack-', chip='gfx950', num_cu=256, num_chiplets=8, perfconfig='attn:v1:16,256,32,2,1,1,16,4,1,2,0')
Command line = -operation gemm_gemm -t f16 --arch gfx950:sramecc+:xnack- --num_cu 256 --num_chiplets 8 -g 1 -m 90 -k 95 -n 6 -gemmO 101 -transA=True -transB=True -transC=True -transO=True --perf_config=attn:v1:16,256,32,2,1,1,16,4,1,2,0 -pv
Output = Number of elements: 9090
maxAbsDiff info: maxAbsDiff = 0.468750 (valNum = -0.50000, gpuNum = -0.96875), average absDiff = 3.5e-01
maxRelDiff info: maxRelDiff = 9.4e-01 (valNum = 0.2500000000, gpuNum = 0.4843750000), average relDiff = 9.4e-01
RMS = 3.8e-01
Histogram of relDiff: 
        relDiff = 0     : 0/9090 (0.000000%)
     0 < relDiff < 1e-06: 0/9090 (0.000000%)
1e-06 < relDiff <= 1e-05: 0/9090 (0.000000%)
1e-05 < relDiff <= 1e-04: 0/9090 (0.000000%)
1e-04 < relDiff <= 1e-03: 0/9090 (0.000000%)
1e-03 < relDiff <= 1e-02: 0/9090 (0.000000%)
1e-02 < relDiff <= 1e-01: 0/9090 (0.000000%)
1e-01 < relDiff <= 1e+00: 9090/9090 (100.000000%)
1e+00 < relDiff < inf   : 0/9090 (0.000000%)
        relDiff = inf   : 0/9090 (0.000000%)
[0 1 1]

FAIL: Runner returned incorrect result
Config = GemmGemmConfiguration(datatype='bf16', g=2, m=3, k=79, n=113, o=93, trans_a=False, trans_b=False, trans_c=False, trans_o=True, arch='gfx950:sramecc+:xnack-', chip='gfx950', num_cu=256, num_chiplets=8, perfconfig='attn:v1:64,256,32,2,1,4,16,4,3,2,0')
Command line = -operation gemm_gemm -t bf16 --arch gfx950:sramecc+:xnack- --num_cu 256 --num_chiplets 8 -g 2 -m 3 -k 79 -n 113 -gemmO 93 -transA=False -transB=False -transC=False -transO=True --perf_config=attn:v1:64,256,32,2,1,4,16,4,3,2,0 -pv -RMS_threshold 1e-2
Output = Number of elements: 558
maxAbsDiff info: maxAbsDiff = 59.750000 (valNum = -107.00000, gpuNum = -47.25000), average absDiff = 2.6e+01
maxRelDiff info: maxRelDiff = 5.7e-01 (valNum = 42.2500000000, gpuNum = 18.1250000000), average relDiff = 5.1e-01
RMS = 2.9e-01
Histogram of relDiff: 
        relDiff = 0     : 0/558 (0.000000%)
     0 < relDiff < 1e-06: 0/558 (0.000000%)
1e-06 < relDiff <= 1e-05: 0/558 (0.000000%)
1e-05 < relDiff <= 1e-04: 0/558 (0.000000%)
1e-04 < relDiff <= 1e-03: 0/558 (0.000000%)
1e-03 < relDiff <= 1e-02: 0/558 (0.000000%)
1e-02 < relDiff <= 1e-01: 0/558 (0.000000%)
1e-01 < relDiff <= 1e+00: 558/558 (100.000000%)
1e+00 < relDiff < inf   : 0/558 (0.000000%)
        relDiff = inf   : 0/558 (0.000000%)
[0 1 1]

FAIL: Runner returned incorrect result
Config = GemmGemmConfiguration(datatype='bf16', g=2, m=45, k=98, n=42, o=83, trans_a=False, trans_b=False, trans_c=True, trans_o=False, arch='gfx950:sramecc+:xnack-', chip='gfx950', num_cu=256, num_chiplets=8, perfconfig='attn:v1:64,32,16,2,1,1,32,4,1,8,8')
Command line = -operation gemm_gemm -t bf16 --arch gfx950:sramecc+:xnack- --num_cu 256 --num_chiplets 8 -g 2 -m 45 -k 98 -n 42 -gemmO 83 -transA=False -transB=False -transC=True -transO=False --perf_config=attn:v1:64,32,16,2,1,1,32,4,1,8,8 -pv -RMS_threshold 1e-2
Output = Number of elements: 7470
maxAbsDiff info: maxAbsDiff = 180.250000 (valNum = 235.00000, gpuNum = 54.75000), average absDiff = 1.7e+02
maxRelDiff info: maxRelDiff = 8.7e-01 (valNum = 190.0000000000, gpuNum = 23.8750000000), average relDiff = 8.2e-01
RMS = 7.2e-01
Histogram of relDiff: 
        relDiff = 0     : 0/7470 (0.000000%)
     0 < relDiff < 1e-06: 0/7470 (0.000000%)
1e-06 < relDiff <= 1e-05: 0/7470 (0.000000%)
1e-05 < relDiff <= 1e-04: 0/7470 (0.000000%)
1e-04 < relDiff <= 1e-03: 0/7470 (0.000000%)
1e-03 < relDiff <= 1e-02: 0/7470 (0.000000%)
1e-02 < relDiff <= 1e-01: 0/7470 (0.000000%)
1e-01 < relDiff <= 1e+00: 7470/7470 (100.000000%)
1e+00 < relDiff < inf   : 0/7470 (0.000000%)
        relDiff = inf   : 0/7470 (0.000000%)
[0 0 1]

----------------------------------------------------------------------------------------------------
PASS: GemmGemmConfiguration(datatype='f32', g=1, m=107, k=56, n=47, o=26, trans_a=True, trans_b=True, trans_c=False, trans_o=False, arch='gfx950:sramecc+:xnack-', chip='gfx950', num_cu=256, num_chiplets=8, perfconfig='attn:v1:64,64,128,1,1,8,32,4,3,0,1')
----------------------------------------------------------------------------------------------------
FAIL: GemmGemmConfiguration(datatype='bf16', g=2, m=61, k=39, n=92, o=5, trans_a=True, trans_b=True, trans_c=True, trans_o=False, arch='gfx950:sramecc+:xnack-', chip='gfx950', num_cu=256, num_chiplets=8, perfconfig='attn:v1:128,256,16,1,1,1,32,1,3,4,8')
----------------------------------------------------------------------------------------------------
PASS: GemmGemmConfiguration(datatype='f16', g=1, m=4, k=75, n=107, o=84, trans_a=True, trans_b=True, trans_c=False, trans_o=True, arch='gfx950:sramecc+:xnack-', chip='gfx950', num_cu=256, num_chiplets=8, perfconfig='attn:v1:32,32,64,1,1,2,0,1,3,1,2')
----------------------------------------------------------------------------------------------------
FAIL: GemmGemmConfiguration(datatype='bf16', g=2, m=99, k=107, n=88, o=5, trans_a=True, trans_b=False, trans_c=False, trans_o=False, arch='gfx950:sramecc+:xnack-', chip='gfx950', num_cu=256, num_chiplets=8, perfconfig='attn:v1:32,64,32,2,1,16,32,1,1,4,4')
----------------------------------------------------------------------------------------------------
PASS: GemmGemmConfiguration(datatype='bf16', g=1, m=48, k=55, n=58, o=113, trans_a=True, trans_b=True, trans_c=False, trans_o=False, arch='gfx950:sramecc+:xnack-', chip='gfx950', num_cu=256, num_chiplets=8, perfconfig='attn:v1:256,16,32,1,1,8,0,4,2,1,1')
----------------------------------------------------------------------------------------------------
PASS: GemmGemmConfiguration(datatype='bf16', g=1, m=71, k=50, n=95, o=111, trans_a=True, trans_b=False, trans_c=True, trans_o=True, arch='gfx950:sramecc+:xnack-', chip='gfx950', num_cu=256, num_chiplets=8, perfconfig='attn:v1:128,32,64,1,1,4,32,2,2,8,4')
----------------------------------------------------------------------------------------------------
PASS: GemmGemmConfiguration(datatype='f32', g=1, m=99, k=31, n=34, o=59, trans_a=False, trans_b=False, trans_c=True, trans_o=True, arch='gfx950:sramecc+:xnack-', chip='gfx950', num_cu=256, num_chiplets=8, perfconfig='attn:v1:256,32,128,1,1,1,0,3,3,0,4')
----------------------------------------------------------------------------------------------------
PASS: GemmGemmConfiguration(datatype='f32', g=1, m=48, k=19, n=80, o=65, trans_a=False, trans_b=False, trans_c=True, trans_o=True, arch='gfx950:sramecc+:xnack-', chip='gfx950', num_cu=256, num_chiplets=8, perfconfig='attn:v1:64,256,64,2,1,1,32,1,3,4,2')
----------------------------------------------------------------------------------------------------
PASS: GemmGemmConfiguration(datatype='f16', g=2, m=101, k=20, n=44, o=30, trans_a=False, trans_b=True, trans_c=False, trans_o=False, arch='gfx950:sramecc+:xnack-', chip='gfx950', num_cu=256, num_chiplets=8, perfconfig='attn:v1:128,16,32,2,1,16,16,2,1,8,1')
----------------------------------------------------------------------------------------------------
PASS: GemmGemmConfiguration(datatype='bf16', g=2, m=126, k=24, n=38, o=117, trans_a=True, trans_b=False, trans_c=False, trans_o=True, arch='gfx950:sramecc+:xnack-', chip='gfx950', num_cu=256, num_chiplets=8, perfconfig='attn:v1:256,16,32,2,1,16,16,4,3,0,2')
----------------------------------------------------------------------------------------------------
FAIL: GemmGemmConfiguration(datatype='f16', g=1, m=23, k=87, n=48, o=58, trans_a=True, trans_b=False, trans_c=True, trans_o=False, arch='gfx950:sramecc+:xnack-', chip='gfx950', num_cu=256, num_chiplets=8, perfconfig='attn:v1:128,16,32,2,1,4,32,2,2,1,4')
----------------------------------------------------------------------------------------------------
FAIL: GemmGemmConfiguration(datatype='bf16', g=2, m=4, k=95, n=124, o=27, trans_a=False, trans_b=True, trans_c=True, trans_o=True, arch='gfx950:sramecc+:xnack-', chip='gfx950', num_cu=256, num_chiplets=8, perfconfig='attn:v1:16,16,64,2,1,8,0,3,2,8,8')
----------------------------------------------------------------------------------------------------
FAIL: GemmGemmConfiguration(datatype='f16', g=1, m=90, k=95, n=6, o=101, trans_a=True, trans_b=True, trans_c=True, trans_o=True, arch='gfx950:sramecc+:xnack-', chip='gfx950', num_cu=256, num_chiplets=8, perfconfig='attn:v1:16,256,32,2,1,1,16,4,1,2,0')
----------------------------------------------------------------------------------------------------
FAIL: GemmGemmConfiguration(datatype='bf16', g=2, m=3, k=79, n=113, o=93, trans_a=False, trans_b=False, trans_c=False, trans_o=True, arch='gfx950:sramecc+:xnack-', chip='gfx950', num_cu=256, num_chiplets=8, perfconfig='attn:v1:64,256,32,2,1,4,16,4,3,2,0')
----------------------------------------------------------------------------------------------------
FAIL: GemmGemmConfiguration(datatype='bf16', g=2, m=45, k=98, n=42, o=83, trans_a=False, trans_b=False, trans_c=True, trans_o=False, arch='gfx950:sramecc+:xnack-', chip='gfx950', num_cu=256, num_chiplets=8, perfconfig='attn:v1:64,32,16,2,1,1,32,4,1,8,8')
----------------------------------------------------------------------------------------------------
PASS: GemmGemmConfiguration(datatype='f32', g=2, m=68, k=39, n=86, o=78, trans_a=False, trans_b=True, trans_c=False, trans_o=True, arch='gfx950:sramecc+:xnack-', chip='gfx950', num_cu=256, num_chiplets=8, perfconfig='attn:v1:32,256,32,1,1,16,0,4,3,2,4')
----------------------------------------------------------------------------------------------------
PASS: GemmGemmConfiguration(datatype='f16', g=2, m=104, k=98, n=15, o=18, trans_a=False, trans_b=True, trans_c=True, trans_o=False, arch='gfx950:sramecc+:xnack-', chip='gfx950', num_cu=256, num_chiplets=8, perfconfig='attn:v1:64,32,16,1,1,8,16,4,3,0,1')
----------------------------------------------------------------------------------------------------
PASS: GemmGemmConfiguration(datatype='f16', g=1, m=50, k=87, n=51, o=105, trans_a=True, trans_b=True, trans_c=False, trans_o=False, arch='gfx950:sramecc+:xnack-', chip='gfx950', num_cu=256, num_chiplets=8, perfconfig='attn:v1:16,32,32,1,1,16,32,3,3,8,1')
----------------------------------------------------------------------------------------------------
PASS: GemmGemmConfiguration(datatype='f16', g=2, m=24, k=7, n=1, o=29, trans_a=True, trans_b=True, trans_c=True, trans_o=True, arch='gfx950:sramecc+:xnack-', chip='gfx950', num_cu=256, num_chiplets=8, perfconfig='attn:v1:128,128,16,2,1,8,16,1,2,2,8')
----------------------------------------------------------------------------------------------------
PASS: GemmGemmConfiguration(datatype='f16', g=1, m=102, k=11, n=56, o=124, trans_a=False, trans_b=False, trans_c=True, trans_o=False, arch='gfx950:sramecc+:xnack-', chip='gfx950', num_cu=256, num_chiplets=8, perfconfig='attn:v1:64,16,64,1,1,4,32,2,2,0,2')
----------------------------------------------------------------------------------------------------
PASS: GemmGemmConfiguration(datatype='f16', g=1, m=110, k=33, n=119, o=72, trans_a=False, trans_b=True, trans_c=True, trans_o=True, arch='gfx950:sramecc+:xnack-', chip='gfx950', num_cu=256, num_chiplets=8, perfconfig='attn:v1:16,64,64,1,1,4,16,1,3,8,4')
----------------------------------------------------------------------------------------------------
PASS: GemmGemmConfiguration(datatype='f16', g=2, m=97, k=93, n=122, o=8, trans_a=False, trans_b=True, trans_c=True, trans_o=False, arch='gfx950:sramecc+:xnack-', chip='gfx950', num_cu=256, num_chiplets=8, perfconfig='attn:v1:128,16,16,1,1,4,16,3,2,2,1')
----------------------------------------------------------------------------------------------------
PASS: GemmGemmConfiguration(datatype='f32', g=1, m=6, k=122, n=8, o=88, trans_a=False, trans_b=False, trans_c=True, trans_o=False, arch='gfx950:sramecc+:xnack-', chip='gfx950', num_cu=256, num_chiplets=8, perfconfig='attn:v1:64,16,64,2,1,1,0,2,2,0,8')
FAIL: Runner returned incorrect result
Config = GemmGemmConfiguration(datatype='bf16', g=2, m=33, k=115, n=125, o=28, trans_a=True, trans_b=False, trans_c=True, trans_o=False, arch='gfx950:sramecc+:xnack-', chip='gfx950', num_cu=256, num_chiplets=8, perfconfig='attn:v1:64,256,32,2,1,4,16,1,3,1,0')
Command line = -operation gemm_gemm -t bf16 --arch gfx950:sramecc+:xnack- --num_cu 256 --num_chiplets 8 -g 2 -m 33 -k 115 -n 125 -gemmO 28 -transA=True -transB=False -transC=True -transO=False --perf_config=attn:v1:64,256,32,2,1,4,16,1,3,1,0 -pv -RMS_threshold 1e-2
Output = Number of elements: 1848
maxAbsDiff info: maxAbsDiff = 88.000000 (valNum = -184.00000, gpuNum = -96.00000), average absDiff = 4.5e+01
maxRelDiff info: maxRelDiff = 8.9e-01 (valNum = 29.3750000000, gpuNum = 3.3125000000), average relDiff = 6.5e-01
RMS = 2.7e-01
Histogram of relDiff: 
        relDiff = 0     : 0/1848 (0.000000%)
     0 < relDiff < 1e-06: 0/1848 (0.000000%)
1e-06 < relDiff <= 1e-05: 0/1848 (0.000000%)
1e-05 < relDiff <= 1e-04: 0/1848 (0.000000%)
1e-04 < relDiff <= 1e-03: 0/1848 (0.000000%)
1e-03 < relDiff <= 1e-02: 0/1848 (0.000000%)
1e-02 < relDiff <= 1e-01: 0/1848 (0.000000%)
1e-01 < relDiff <= 1e+00: 1848/1848 (100.000000%)
1e+00 < relDiff < inf   : 0/1848 (0.000000%)
        relDiff = inf   : 0/1848 (0.000000%)
[0 1 1]

FAIL: Runner returned incorrect result
Config = GemmGemmConfiguration(datatype='f16', g=1, m=61, k=88, n=40, o=18, trans_a=True, trans_b=True, trans_c=False, trans_o=False, arch='gfx950:sramecc+:xnack-', chip='gfx950', num_cu=256, num_chiplets=8, perfconfig='attn:v1:32,16,16,2,1,8,0,4,2,0,0')
Command line = -operation gemm_gemm -t f16 --arch gfx950:sramecc+:xnack- --num_cu 256 --num_chiplets 8 -g 1 -m 61 -k 88 -n 40 -gemmO 18 -transA=True -transB=True -transC=False -transO=False --perf_config=attn:v1:32,16,16,2,1,8,0,4,2,0,0 -pv
Output = Number of elements: 1098
maxAbsDiff info: maxAbsDiff = 55.500000 (valNum = -78.00000, gpuNum = -22.50000), average absDiff = 1.6e+01
maxRelDiff info: maxRelDiff = 1.7e+00 (valNum = 0.5000000000, gpuNum = -0.3457031250), average relDiff = 1.0e+00
RMS = 3.3e-01
Histogram of relDiff: 
        relDiff = 0     : 0/1098 (0.000000%)
     0 < relDiff < 1e-06: 0/1098 (0.000000%)
1e-06 < relDiff <= 1e-05: 0/1098 (0.000000%)
1e-05 < relDiff <= 1e-04: 0/1098 (0.000000%)
1e-04 < relDiff <= 1e-03: 0/1098 (0.000000%)
1e-03 < relDiff <= 1e-02: 0/1098 (0.000000%)
1e-02 < relDiff <= 1e-01: 0/1098 (0.000000%)
1e-01 < relDiff <= 1e+00: 738/1098 (67.213115%)
1e+00 < relDiff < inf   : 360/1098 (32.786885%)
        relDiff = inf   : 0/1098 (0.000000%)
[0 1 1]

----------------------------------------------------------------------------------------------------
PASS: GemmGemmConfiguration(datatype='f32', g=2, m=111, k=101, n=82, o=69, trans_a=False, trans_b=False, trans_c=False, trans_o=False, arch='gfx950:sramecc+:xnack-', chip='gfx950', num_cu=256, num_chiplets=8, perfconfig='attn:v1:64,128,64,2,1,2,32,4,2,4,2')
----------------------------------------------------------------------------------------------------
PASS: GemmGemmConfiguration(datatype='f32', g=2, m=50, k=34, n=99, o=67, trans_a=False, trans_b=True, trans_c=False, trans_o=False, arch='gfx950:sramecc+:xnack-', chip='gfx950', num_cu=256, num_chiplets=8, perfconfig='attn:v1:16,64,64,1,1,16,16,2,3,1,2')
----------------------------------------------------------------------------------------------------
PASS: GemmGemmConfiguration(datatype='f16', g=2, m=32, k=123, n=37, o=120, trans_a=True, trans_b=False, trans_c=True, trans_o=False, arch='gfx950:sramecc+:xnack-', chip='gfx950', num_cu=256, num_chiplets=8, perfconfig='attn:v1:32,16,16,1,1,4,0,3,3,2,1')
----------------------------------------------------------------------------------------------------
PASS: GemmGemmConfiguration(datatype='bf16', g=2, m=116, k=113, n=31, o=64, trans_a=False, trans_b=False, trans_c=False, trans_o=False, arch='gfx950:sramecc+:xnack-', chip='gfx950', num_cu=256, num_chiplets=8, perfconfig='attn:v1:16,64,128,1,1,2,32,2,1,1,1')
----------------------------------------------------------------------------------------------------
PASS: GemmGemmConfiguration(datatype='bf16', g=1, m=118, k=73, n=7, o=87, trans_a=True, trans_b=True, trans_c=True, trans_o=False, arch='gfx950:sramecc+:xnack-', chip='gfx950', num_cu=256, num_chiplets=8, perfconfig='attn:v1:128,64,16,1,1,16,0,4,3,2,0')
----------------------------------------------------------------------------------------------------
PASS: GemmGemmConfiguration(datatype='bf16', g=2, m=7, k=55, n=76, o=41, trans_a=False, trans_b=True, trans_c=True, trans_o=False, arch='gfx950:sramecc+:xnack-', chip='gfx950', num_cu=256, num_chiplets=8, perfconfig='attn:v1:32,32,32,1,1,2,16,1,3,4,0')
----------------------------------------------------------------------------------------------------
PASS: GemmGemmConfiguration(datatype='bf16', g=2, m=96, k=121, n=119, o=91, trans_a=False, trans_b=True, trans_c=True, trans_o=False, arch='gfx950:sramecc+:xnack-', chip='gfx950', num_cu=256, num_chiplets=8, perfconfig='attn:v1:64,64,32,2,1,8,32,4,3,1,1')
----------------------------------------------------------------------------------------------------
PASS: GemmGemmConfiguration(datatype='f16', g=2, m=83, k=119, n=101, o=9, trans_a=False, trans_b=True, trans_c=False, trans_o=True, arch='gfx950:sramecc+:xnack-', chip='gfx950', num_cu=256, num_chiplets=8, perfconfig='attn:v1:32,256,64,1,1,1,16,1,3,0,4')
----------------------------------------------------------------------------------------------------
PASS: GemmGemmConfiguration(datatype='bf16', g=1, m=117, k=105, n=64, o=121, trans_a=False, trans_b=True, trans_c=False, trans_o=True, arch='gfx950:sramecc+:xnack-', chip='gfx950', num_cu=256, num_chiplets=8, perfconfig='attn:v1:256,256,16,1,1,2,32,4,2,4,1')
----------------------------------------------------------------------------------------------------
PASS: GemmGemmConfiguration(datatype='f16', g=2, m=28, k=17, n=87, o=15, trans_a=False, trans_b=False, trans_c=True, trans_o=True, arch='gfx950:sramecc+:xnack-', chip='gfx950', num_cu=256, num_chiplets=8, perfconfig='attn:v1:64,64,32,1,1,1,16,2,1,4,0')
----------------------------------------------------------------------------------------------------
PASS: GemmGemmConfiguration(datatype='f32', g=1, m=24, k=11, n=95, o=105, trans_a=False, trans_b=True, trans_c=True, trans_o=True, arch='gfx950:sramecc+:xnack-', chip='gfx950', num_cu=256, num_chiplets=8, perfconfig='attn:v1:64,64,128,2,1,8,32,3,3,4,0')
----------------------------------------------------------------------------------------------------
PASS: GemmGemmConfiguration(datatype='bf16', g=2, m=39, k=115, n=25, o=52, trans_a=False, trans_b=True, trans_c=True, trans_o=False, arch='gfx950:sramecc+:xnack-', chip='gfx950', num_cu=256, num_chiplets=8, perfconfig='attn:v1:16,64,64,2,1,1,0,1,2,0,2')
----------------------------------------------------------------------------------------------------
PASS: GemmGemmConfiguration(datatype='f16', g=2, m=124, k=17, n=100, o=41, trans_a=False, trans_b=False, trans_c=True, trans_o=False, arch='gfx950:sramecc+:xnack-', chip='gfx950', num_cu=256, num_chiplets=8, perfconfig='attn:v1:32,64,64,2,1,2,32,1,2,2,4')
----------------------------------------------------------------------------------------------------
PASS: GemmGemmConfiguration(datatype='f32', g=1, m=128, k=27, n=123, o=98, trans_a=False, trans_b=True, trans_c=True, trans_o=False, arch='gfx950:sramecc+:xnack-', chip='gfx950', num_cu=256, num_chiplets=8, perfconfig='attn:v1:16,256,32,2,1,8,32,4,1,1,1')
----------------------------------------------------------------------------------------------------
FAIL: GemmGemmConfiguration(datatype='bf16', g=2, m=33, k=115, n=125, o=28, trans_a=True, trans_b=False, trans_c=True, trans_o=False, arch='gfx950:sramecc+:xnack-', chip='gfx950', num_cu=256, num_chiplets=8, perfconfig='attn:v1:64,256,32,2,1,4,16,1,3,1,0')
----------------------------------------------------------------------------------------------------
PASS: GemmGemmConfiguration(datatype='bf16', g=1, m=6, k=73, n=120, o=74, trans_a=False, trans_b=True, trans_c=True, trans_o=True, arch='gfx950:sramecc+:xnack-', chip='gfx950', num_cu=256, num_chiplets=8, perfconfig='attn:v1:64,256,128,2,1,4,0,3,1,1,0')
----------------------------------------------------------------------------------------------------
PASS: GemmGemmConfiguration(datatype='f16', g=1, m=14, k=17, n=67, o=108, trans_a=True, trans_b=True, trans_c=True, trans_o=False, arch='gfx950:sramecc+:xnack-', chip='gfx950', num_cu=256, num_chiplets=8, perfconfig='attn:v1:128,128,32,2,1,1,32,4,2,1,8')
----------------------------------------------------------------------------------------------------
PASS: GemmGemmConfiguration(datatype='f32', g=1, m=75, k=39, n=69, o=59, trans_a=False, trans_b=False, trans_c=False, trans_o=True, arch='gfx950:sramecc+:xnack-', chip='gfx950', num_cu=256, num_chiplets=8, perfconfig='attn:v1:128,16,32,2,1,16,0,1,1,0,1')
----------------------------------------------------------------------------------------------------
FAIL: GemmGemmConfiguration(datatype='f16', g=1, m=61, k=88, n=40, o=18, trans_a=True, trans_b=True, trans_c=False, trans_o=False, arch='gfx950:sramecc+:xnack-', chip='gfx950', num_cu=256, num_chiplets=8, perfconfig='attn:v1:32,16,16,2,1,8,0,4,2,0,0')
----------------------------------------------------------------------------------------------------
PASS: GemmGemmConfiguration(datatype='f32', g=1, m=22, k=14, n=109, o=108, trans_a=False, trans_b=False, trans_c=True, trans_o=False, arch='gfx950:sramecc+:xnack-', chip='gfx950', num_cu=256, num_chiplets=8, perfconfig='attn:v1:256,16,16,1,1,8,0,1,2,8,0')
----------------------------------------------------------------------------------------------------
PASS: GemmGemmConfiguration(datatype='f16', g=1, m=42, k=41, n=14, o=13, trans_a=True, trans_b=True, trans_c=True, trans_o=False, arch='gfx950:sramecc+:xnack-', chip='gfx950', num_cu=256, num_chiplets=8, perfconfig='attn:v1:64,64,128,2,1,4,32,2,1,1,0')
----------------------------------------------------------------------------------------------------
PASS: GemmGemmConfiguration(datatype='bf16', g=1, m=99, k=5, n=60, o=112, trans_a=False, trans_b=True, trans_c=True, trans_o=False, arch='gfx950:sramecc+:xnack-', chip='gfx950', num_cu=256, num_chiplets=8, perfconfig='attn:v1:16,32,128,2,1,4,0,2,2,1,1')
----------------------------------------------------------------------------------------------------
PASS: GemmGemmConfiguration(datatype='f32', g=2, m=2, k=55, n=104, o=9, trans_a=True, trans_b=True, trans_c=True, trans_o=True, arch='gfx950:sramecc+:xnack-', chip='gfx950', num_cu=256, num_chiplets=8, perfconfig='attn:v1:32,16,32,1,1,4,0,3,3,0,1')
FAIL: Lowering failed (exit -11)
Config = GemmGemmConfiguration(datatype='bf16', g=1, m=12, k=79, n=124, o=7, trans_a=False, trans_b=False, trans_c=True, trans_o=True, arch='gfx950:sramecc+:xnack-', chip='gfx950', num_cu=256, num_chiplets=8, perfconfig='attn:v1:32,64,32,2,1,4,32,1,2,0,8')
Command line = -operation gemm_gemm -t bf16 --arch gfx950:sramecc+:xnack- --num_cu 256 --num_chiplets 8 -g 1 -m 12 -k 79 -n 124 -gemmO 7 -transA=False -transB=False -transC=True -transO=True --perf_config=attn:v1:32,64,32,2,1,4,32,1,2,0,8 -pv -RMS_threshold 1e-2
Errors = PLEASE submit a bug report to https://github.com/llvm/llvm-project/issues/ and include the crash backtrace and instructions to reproduce the bug.
Stack dump:
0.	Program arguments: /home/danherna/mlir-dev/rocmlirTriton/build/bin/rocmlir-driver -c -
 #0 0x00005614acf6ed28 llvm::sys::PrintStackTrace(llvm::raw_ostream&, int) /home/danherna/mlir-dev/rocmlirTriton/external/triton/llvm-project/llvm/lib/Support/Unix/Signals.inc:880:13
 #1 0x00005614acf6c604 llvm::sys::RunSignalHandlers() /home/danherna/mlir-dev/rocmlirTriton/external/triton/llvm-project/llvm/lib/Support/Signals.cpp:109:18
 #2 0x00005614acf6fac1 SignalHandler(int, siginfo_t*, void*) /home/danherna/mlir-dev/rocmlirTriton/external/triton/llvm-project/llvm/lib/Support/Unix/Signals.inc:448:38
 #3 0x00007fd8765db520 (/lib/x86_64-linux-gnu/libc.so.6+0x42520)
 #4 0x00007fd87673f84d ./string/../sysdeps/x86_64/multiarch/memmove-vec-unaligned-erms.S:317:0
 #5 0x00005614ac7da1f9 int* std::__copy_move<false, true, std::random_access_iterator_tag>::__copy_m<int>(int const*, int const*, int*) /usr/lib/gcc/x86_64-linux-gnu/11/../../../../include/c++/11/bits/stl_algobase.h:0:6
 #6 0x00005614ac7da1f9 int* std::__copy_move_a2<false, int const*, int*>(int const*, int const*, int*) /usr/lib/gcc/x86_64-linux-gnu/11/../../../../include/c++/11/bits/stl_algobase.h:494:14
 #7 0x00005614ac7da1f9 int* std::__copy_move_a1<false, int const*, int*>(int const*, int const*, int*) /usr/lib/gcc/x86_64-linux-gnu/11/../../../../include/c++/11/bits/stl_algobase.h:522:14
 #8 0x00005614ac7da1f9 int* std::__copy_move_a<false, __gnu_cxx::__normal_iterator<int const*, std::vector<int, std::allocator<int>>>, int*>(__gnu_cxx::__normal_iterator<int const*, std::vector<int, std::allocator<int>>>, __gnu_cxx::__normal_iterator<int const*, std::vector<int, std::allocator<int>>>, int*) /usr/lib/gcc/x86_64-linux-gnu/11/../../../../include/c++/11/bits/stl_algobase.h:530:3
 #9 0x00005614ac7da1f9 int* std::copy<__gnu_cxx::__normal_iterator<int const*, std::vector<int, std::allocator<int>>>, int*>(__gnu_cxx::__normal_iterator<int const*, std::vector<int, std::allocator<int>>>, __gnu_cxx::__normal_iterator<int const*, std::vector<int, std::allocator<int>>>, int*) /usr/lib/gcc/x86_64-linux-gnu/11/../../../../include/c++/11/bits/stl_algobase.h:619:14
#10 0x00005614ac7da1f9 int* std::__uninitialized_copy<true>::__uninit_copy<__gnu_cxx::__normal_iterator<int const*, std::vector<int, std::allocator<int>>>, int*>(__gnu_cxx::__normal_iterator<int const*, std::vector<int, std::allocator<int>>>, __gnu_cxx::__normal_iterator<int const*, std::vector<int, std::allocator<int>>>, int*) /usr/lib/gcc/x86_64-linux-gnu/11/../../../../include/c++/11/bits/stl_uninitialized.h:110:18
#11 0x00005614ac7da1f9 int* std::uninitialized_copy<__gnu_cxx::__normal_iterator<int const*, std::vector<int, std::allocator<int>>>, int*>(__gnu_cxx::__normal_iterator<int const*, std::vector<int, std::allocator<int>>>, __gnu_cxx::__normal_iterator<int const*, std::vector<int, std::allocator<int>>>, int*) /usr/lib/gcc/x86_64-linux-gnu/11/../../../../include/c++/11/bits/stl_uninitialized.h:148:14
#12 0x00005614ac7da1f9 int* std::__uninitialized_copy_a<__gnu_cxx::__normal_iterator<int const*, std::vector<int, std::allocator<int>>>, int*, int>(__gnu_cxx::__normal_iterator<int const*, std::vector<int, std::allocator<int>>>, __gnu_cxx::__normal_iterator<int const*, std::vector<int, std::allocator<int>>>, int*, std::allocator<int>&) /usr/lib/gcc/x86_64-linux-gnu/11/../../../../include/c++/11/bits/stl_uninitialized.h:333:14
#13 0x00005614ac7da1f9 std::vector<int, std::allocator<int>>::vector(std::vector<int, std::allocator<int>> const&) /usr/lib/gcc/x86_64-linux-gnu/11/../../../../include/c++/11/bits/stl_vector.h:558:4
#14 0x00005614ac7da1f9 void std::_Construct<std::vector<int, std::allocator<int>>, std::vector<int, std::allocator<int>> const&>(std::vector<int, std::allocator<int>>*, std::vector<int, std::allocator<int>> const&) /usr/lib/gcc/x86_64-linux-gnu/11/../../../../include/c++/11/bits/stl_construct.h:119:25
#15 0x00005614ac7da1f9 std::vector<int, std::allocator<int>>* std::__uninitialized_copy<false>::__uninit_copy<__gnu_cxx::__normal_iterator<std::vector<int, std::allocator<int>> const*, std::vector<std::vector<int, std::allocator<int>>, std::allocator<std::vector<int, std::allocator<int>>>>>, std::vector<int, std::allocator<int>>*>(__gnu_cxx::__normal_iterator<std::vector<int, std::allocator<int>> const*, std::vector<std::vector<int, std::allocator<int>>, std::allocator<std::vector<int, std::allocator<int>>>>>, __gnu_cxx::__normal_iterator<std::vector<int, std::allocator<int>> const*, std::vector<std::vector<int, std::allocator<int>>, std::allocator<std::vector<int, std::allocator<int>>>>>, std::vector<int, std::allocator<int>>*) /usr/lib/gcc/x86_64-linux-gnu/11/../../../../include/c++/11/bits/stl_uninitialized.h:92:3
#16 0x00005614ac7da1f9 std::vector<int, std::allocator<int>>* std::uninitialized_copy<__gnu_cxx::__normal_iterator<std::vector<int, std::allocator<int>> const*, std::vector<std::vector<int, std::allocator<int>>, std::allocator<std::vector<int, std::allocator<int>>>>>, std::vector<int, std::allocator<int>>*>(__gnu_cxx::__normal_iterator<std::vector<int, std::allocator<int>> const*, std::vector<std::vector<int, std::allocator<int>>, std::allocator<std::vector<int, std::allocator<int>>>>>, __gnu_cxx::__normal_iterator<std::vector<int, std::allocator<int>> const*, std::vector<std::vector<int, std::allocator<int>>, std::allocator<std::vector<int, std::allocator<int>>>>>, std::vector<int, std::allocator<int>>*) /usr/lib/gcc/x86_64-linux-gnu/11/../../../../include/c++/11/bits/stl_uninitialized.h:148:14
#17 0x00005614ac7da1f9 std::vector<int, std::allocator<int>>* std::__uninitialized_copy_a<__gnu_cxx::__normal_iterator<std::vector<int, std::allocator<int>> const*, std::vector<std::vector<int, std::allocator<int>>, std::allocator<std::vector<int, std::allocator<int>>>>>, std::vector<int, std::allocator<int>>*, std::vector<int, std::allocator<int>>>(__gnu_cxx::__normal_iterator<std::vector<int, std::allocator<int>> const*, std::vector<std::vector<int, std::allocator<int>>, std::allocator<std::vector<int, std::allocator<int>>>>>, __gnu_cxx::__normal_iterator<std::vector<int, std::allocator<int>> const*, std::vector<std::vector<int, std::allocator<int>>, std::allocator<std::vector<int, std::allocator<int>>>>>, std::vector<int, std::allocator<int>>*, std::allocator<std::vector<int, std::allocator<int>>>&) /usr/lib/gcc/x86_64-linux-gnu/11/../../../../include/c++/11/bits/stl_uninitialized.h:333:14
#18 0x00005614ac7da1f9 std::vector<std::vector<int, std::allocator<int>>, std::allocator<std::vector<int, std::allocator<int>>>>::vector(std::vector<std::vector<int, std::allocator<int>>, std::allocator<std::vector<int, std::allocator<int>>>> const&) /usr/lib/gcc/x86_64-linux-gnu/11/../../../../include/c++/11/bits/stl_vector.h:558:4
#19 0x00005614ac9d0730 mlir::triton::gpu::chooseMfmaLikeStoreLayout(mlir::RankedTensorType) /home/danherna/mlir-dev/rocmlirTriton/external/triton/lib/Dialect/TritonGPU/IR/LinearLayoutConversions.cpp:1707:48
#20 0x00005614acdd550e std::_Optional_base_impl<mlir::triton::LinearLayout, std::_Optional_base<mlir::triton::LinearLayout, false, false>>::_M_is_engaged() const /usr/lib/gcc/x86_64-linux-gnu/11/../../../../include/c++/11/optional:433:58
#21 0x00005614acdd550e std::optional<mlir::triton::LinearLayout>::operator bool() const /usr/lib/gcc/x86_64-linux-gnu/11/../../../../include/c++/11/optional:942:22
#22 0x00005614acdd550e mlir::(anonymous namespace)::usePermlaneSwapToOptimizeStore(mlir::PatternRewriter&, mlir::Value, mlir::Value, mlir::Value, mlir::triton::StoreOp) /home/danherna/mlir-dev/rocmlirTriton/external/triton/third_party/amd/lib/TritonAMDGPUTransforms/OptimizeEpilogue.cpp:73:8
#23 0x00005614acdd545d mlir::OpState::operator bool() /home/danherna/mlir-dev/rocmlirTriton/external/triton/llvm-project/mlir/include/mlir/IR/OpDefinition.h:103:52
#24 0x00005614acdd545d mlir::(anonymous namespace)::BypassEpilogueSMEM::matchAndRewrite(mlir::triton::StoreOp, mlir::PatternRewriter&) const /home/danherna/mlir-dev/rocmlirTriton/external/triton/third_party/amd/lib/TritonAMDGPUTransforms/OptimizeEpilogue.cpp:189:10
#25 0x00005614b06abcef mlir::PatternApplicator::matchAndRewrite(mlir::Operation*, mlir::PatternRewriter&, llvm::function_ref<bool (mlir::Pattern const&)>, llvm::function_ref<void (mlir::Pattern const&)>, llvm::function_ref<llvm::LogicalResult (mlir::Pattern const&)>)::$_0::operator()() const /home/danherna/mlir-dev/rocmlirTriton/external/triton/llvm-project/mlir/lib/Rewrite/PatternApplicator.cpp:223:13
#26 0x00005614b06abcef void llvm::function_ref<void ()>::callback_fn<mlir::PatternApplicator::matchAndRewrite(mlir::Operation*, mlir::PatternRewriter&, llvm::function_ref<bool (mlir::Pattern const&)>, llvm::function_ref<void (mlir::Pattern const&)>, llvm::function_ref<llvm::LogicalResult (mlir::Pattern const&)>)::$_0>(long) /home/danherna/mlir-dev/rocmlirTriton/external/triton/llvm-project/llvm/include/llvm/ADT/STLFunctionalExtras.h:46:12
#27 0x00005614b06a891a llvm::function_ref<void ()>::operator()() const /home/danherna/mlir-dev/rocmlirTriton/external/triton/llvm-project/llvm/include/llvm/ADT/STLFunctionalExtras.h:0:12
#28 0x00005614b06a891a void mlir::MLIRContext::executeAction<mlir::ApplyPatternAction, mlir::Pattern const&>(llvm::function_ref<void ()>, llvm::ArrayRef<mlir::IRUnit>, mlir::Pattern const&) /home/danherna/mlir-dev/rocmlirTriton/external/triton/llvm-project/mlir/include/mlir/IR/MLIRContext.h:290:7
#29 0x00005614b06a891a mlir::PatternApplicator::matchAndRewrite(mlir::Operation*, mlir::PatternRewriter&, llvm::function_ref<bool (mlir::Pattern const&)>, llvm::function_ref<void (mlir::Pattern const&)>, llvm::function_ref<llvm::LogicalResult (mlir::Pattern const&)>) /home/danherna/mlir-dev/rocmlirTriton/external/triton/llvm-project/mlir/lib/Rewrite/PatternApplicator.cpp:197:23
#30 0x00005614b0689e92 (anonymous namespace)::GreedyPatternRewriteDriver::processWorklist() /home/danherna/mlir-dev/rocmlirTriton/external/triton/llvm-project/mlir/lib/Transforms/Utils/GreedyPatternRewriteDriver.cpp:0:0
#31 0x00005614b0686406 (anonymous namespace)::RegionPatternRewriteDriver::simplify(bool*) &&::$_2::operator()() const /home/danherna/mlir-dev/rocmlirTriton/external/triton/llvm-project/mlir/lib/Transforms/Utils/GreedyPatternRewriteDriver.cpp:889:11
#32 0x00005614b0686406 void llvm::function_ref<void ()>::callback_fn<(anonymous namespace)::RegionPatternRewriteDriver::simplify(bool*) &&::$_2>(long) /home/danherna/mlir-dev/rocmlirTriton/external/triton/llvm-project/llvm/include/llvm/ADT/STLFunctionalExtras.h:46:12
#33 0x00005614b0686406 llvm::function_ref<void ()>::operator()() const /home/danherna/mlir-dev/rocmlirTriton/external/triton/llvm-project/llvm/include/llvm/ADT/STLFunctionalExtras.h:69:12
#34 0x00005614b0686406 void mlir::MLIRContext::executeAction<(anonymous namespace)::GreedyPatternRewriteIteration, long&>(llvm::function_ref<void ()>, llvm::ArrayRef<mlir::IRUnit>, long&) /home/danherna/mlir-dev/rocmlirTriton/external/triton/llvm-project/mlir/include/mlir/IR/MLIRContext.h:290:7
#35 0x00005614b0686406 (anonymous namespace)::RegionPatternRewriteDriver::simplify(bool*) && /home/danherna/mlir-dev/rocmlirTriton/external/triton/llvm-project/mlir/lib/Transforms/Utils/GreedyPatternRewriteDriver.cpp:876:10
#36 0x00005614b0686406 mlir::applyPatternsGreedily(mlir::Region&, mlir::FrozenRewritePatternSet const&, mlir::GreedyRewriteConfig, bool*) /home/danherna/mlir-dev/rocmlirTriton/external/triton/llvm-project/mlir/lib/Transforms/Utils/GreedyPatternRewriteDriver.cpp:934:47
#37 0x00005614acdd5c3b llvm::LogicalResult::failed() const /home/danherna/mlir-dev/rocmlirTriton/external/triton/llvm-project/llvm/include/llvm/Support/LogicalResult.h:43:42
#38 0x00005614acdd5c3b mlir::applyPatternsGreedily(mlir::Operation*, mlir::FrozenRewritePatternSet const&, mlir::GreedyRewriteConfig, bool*) /home/danherna/mlir-dev/rocmlirTriton/external/triton/llvm-project/mlir/include/mlir/Transforms/GreedyPatternRewriteDriver.h:213:20
#39 0x00005614acdd5c3b mlir::TritonAMDGPUOptimizeEpiloguePass::runOnOperation() /home/danherna/mlir-dev/rocmlirTriton/external/triton/third_party/amd/lib/TritonAMDGPUTransforms/OptimizeEpilogue.cpp:215:9
#40 0x00005614b070177a mlir::detail::OpToOpPassAdaptor::run(mlir::Pass*, mlir::Operation*, mlir::AnalysisManager, bool, unsigned int)::$_3::operator()() const /home/danherna/mlir-dev/rocmlirTriton/external/triton/llvm-project/mlir/lib/Pass/Pass.cpp:0:19
#41 0x00005614b070177a void llvm::function_ref<void ()>::callback_fn<mlir::detail::OpToOpPassAdaptor::run(mlir::Pass*, mlir::Operation*, mlir::AnalysisManager, bool, unsigned int)::$_3>(long) /home/danherna/mlir-dev/rocmlirTriton/external/triton/llvm-project/llvm/include/llvm/ADT/STLFunctionalExtras.h:46:12
#42 0x00005614b070177a llvm::function_ref<void ()>::operator()() const /home/danherna/mlir-dev/rocmlirTriton/external/triton/llvm-project/llvm/include/llvm/ADT/STLFunctionalExtras.h:69:12
#43 0x00005614b070177a void mlir::MLIRContext::executeAction<mlir::PassExecutionAction, mlir::Pass&>(llvm::function_ref<void ()>, llvm::ArrayRef<mlir::IRUnit>, mlir::Pass&) /home/danherna/mlir-dev/rocmlirTriton/external/triton/llvm-project/mlir/include/mlir/IR/MLIRContext.h:290:7
#44 0x00005614b070177a mlir::detail::OpToOpPassAdaptor::run(mlir::Pass*, mlir::Operation*, mlir::AnalysisManager, bool, unsigned int) /home/danherna/mlir-dev/rocmlirTriton/external/triton/llvm-project/mlir/lib/Pass/Pass.cpp:606:23
#45 0x00005614b070243a mlir::detail::OpToOpPassAdaptor::runPipeline(mlir::OpPassManager&, mlir::Operation*, mlir::AnalysisManager, bool, unsigned int, mlir::PassInstrumentor*, mlir::PassInstrumentation::PipelineParentInfo const*) /home/danherna/mlir-dev/rocmlirTriton/external/triton/llvm-project/mlir/lib/Pass/Pass.cpp:688:9
#46 0x00005614b0708e3c mlir::PassManager::runPasses(mlir::Operation*, mlir::AnalysisManager) /home/danherna/mlir-dev/rocmlirTriton/external/triton/llvm-project/mlir/lib/Pass/Pass.cpp:1123:3
#47 0x00005614b0708511 mlir::PassManager::run(mlir::Operation*) /home/danherna/mlir-dev/rocmlirTriton/external/triton/llvm-project/mlir/lib/Pass/Pass.cpp:1097:0
#48 0x00005614aceda773 runKernelPipeline(llvm::StringRef, mlir::ModuleOp, llvm::SmallDenseSet<llvm::StringRef, 4u, llvm::DenseMapInfo<llvm::StringRef, void>>&) /home/danherna/mlir-dev/rocmlirTriton/mlir/tools/rocmlir-driver/rocmlir-driver.cpp:274:13
#49 0x00005614aceda773 runMLIRPasses(mlir::ModuleOp&, mlir::PassPipelineCLParser&) /home/danherna/mlir-dev/rocmlirTriton/mlir/tools/rocmlir-driver/rocmlir-driver.cpp:367:16
#50 0x00005614aceda773 main /home/danherna/mlir-dev/rocmlirTriton/mlir/tools/rocmlir-driver/rocmlir-driver.cpp:451:14
#51 0x00007fd8765c2d90 __libc_start_call_main ./csu/../sysdeps/nptl/libc_start_call_main.h:58:16
#52 0x00007fd8765c2e40 call_init ./csu/../csu/libc-start.c:128:20
#53 0x00007fd8765c2e40 __libc_start_main ./csu/../csu/libc-start.c:379:5
#54 0x00005614ac7b8525 _start (/home/danherna/mlir-dev/rocmlirTriton/build/bin/rocmlir-driver+0x3cb1525)

FAIL: Runner returned incorrect result
Config = GemmGemmConfiguration(datatype='f16', g=2, m=75, k=22, n=120, o=26, trans_a=True, trans_b=True, trans_c=False, trans_o=True, arch='gfx950:sramecc+:xnack-', chip='gfx950', num_cu=256, num_chiplets=8, perfconfig='attn:v1:32,256,16,2,1,4,16,1,2,4,0')
Command line = -operation gemm_gemm -t f16 --arch gfx950:sramecc+:xnack- --num_cu 256 --num_chiplets 8 -g 2 -m 75 -k 22 -n 120 -gemmO 26 -transA=True -transB=True -transC=False -transO=True --perf_config=attn:v1:32,256,16,2,1,4,16,1,2,4,0 -pv
Output = Number of elements: 3900
maxAbsDiff info: maxAbsDiff = 41.250000 (valNum = -87.50000, gpuNum = -46.25000), average absDiff = 1.5e+01
maxRelDiff info: maxRelDiff = 5.8e-01 (valNum = -16.2500000000, gpuNum = -6.8750000000), average relDiff = 3.4e-01
RMS = 2.3e-01
Histogram of relDiff: 
        relDiff = 0     : 0/3900 (0.000000%)
     0 < relDiff < 1e-06: 0/3900 (0.000000%)
1e-06 < relDiff <= 1e-05: 0/3900 (0.000000%)
1e-05 < relDiff <= 1e-04: 0/3900 (0.000000%)
1e-04 < relDiff <= 1e-03: 0/3900 (0.000000%)
1e-03 < relDiff <= 1e-02: 0/3900 (0.000000%)
1e-02 < relDiff <= 1e-01: 0/3900 (0.000000%)
1e-01 < relDiff <= 1e+00: 2550/3900 (65.384615%)
1e+00 < relDiff < inf   : 0/3900 (0.000000%)
        relDiff = inf   : 1350/3900 (34.615385%)
[0 1 1]

FAIL: Runner returned incorrect result
Config = GemmGemmConfiguration(datatype='bf16', g=2, m=59, k=116, n=49, o=65, trans_a=True, trans_b=False, trans_c=True, trans_o=True, arch='gfx950:sramecc+:xnack-', chip='gfx950', num_cu=256, num_chiplets=8, perfconfig='attn:v1:256,32,16,2,1,4,0,4,3,8,4')
Command line = -operation gemm_gemm -t bf16 --arch gfx950:sramecc+:xnack- --num_cu 256 --num_chiplets 8 -g 2 -m 59 -k 116 -n 49 -gemmO 65 -transA=True -transB=False -transC=True -transO=True --perf_config=attn:v1:256,32,16,2,1,4,0,4,3,8,4 -pv -RMS_threshold 1e-2
Output = Number of elements: 7670
maxAbsDiff info: maxAbsDiff = 1542.000000 (valNum = -1872.00000, gpuNum = -330.00000), average absDiff = 1.0e+03
maxRelDiff info: maxRelDiff = 8.4e-01 (valNum = 660.0000000000, gpuNum = 104.0000000000), average relDiff = 8.3e-01
RMS = 5.8e-01
Histogram of relDiff: 
        relDiff = 0     : 0/7670 (0.000000%)
     0 < relDiff < 1e-06: 0/7670 (0.000000%)
1e-06 < relDiff <= 1e-05: 0/7670 (0.000000%)
1e-05 < relDiff <= 1e-04: 0/7670 (0.000000%)
1e-04 < relDiff <= 1e-03: 0/7670 (0.000000%)
1e-03 < relDiff <= 1e-02: 0/7670 (0.000000%)
1e-02 < relDiff <= 1e-01: 0/7670 (0.000000%)
1e-01 < relDiff <= 1e+00: 7670/7670 (100.000000%)
1e+00 < relDiff < inf   : 0/7670 (0.000000%)
        relDiff = inf   : 0/7670 (0.000000%)
[0 0 1]

----------------------------------------------------------------------------------------------------
PASS: GemmGemmConfiguration(datatype='bf16', g=2, m=59, k=97, n=27, o=91, trans_a=False, trans_b=False, trans_c=False, trans_o=True, arch='gfx950:sramecc+:xnack-', chip='gfx950', num_cu=256, num_chiplets=8, perfconfig='attn:v1:64,64,128,1,1,4,0,1,3,1,4')
----------------------------------------------------------------------------------------------------
FAIL: GemmGemmConfiguration(datatype='bf16', g=1, m=12, k=79, n=124, o=7, trans_a=False, trans_b=False, trans_c=True, trans_o=True, arch='gfx950:sramecc+:xnack-', chip='gfx950', num_cu=256, num_chiplets=8, perfconfig='attn:v1:32,64,32,2,1,4,32,1,2,0,8')
----------------------------------------------------------------------------------------------------
PASS: GemmGemmConfiguration(datatype='f32', g=2, m=104, k=37, n=31, o=49, trans_a=True, trans_b=False, trans_c=False, trans_o=True, arch='gfx950:sramecc+:xnack-', chip='gfx950', num_cu=256, num_chiplets=8, perfconfig='attn:v1:64,32,128,1,1,8,32,2,1,1,0')
----------------------------------------------------------------------------------------------------
PASS: GemmGemmConfiguration(datatype='bf16', g=2, m=91, k=83, n=66, o=51, trans_a=False, trans_b=True, trans_c=False, trans_o=True, arch='gfx950:sramecc+:xnack-', chip='gfx950', num_cu=256, num_chiplets=8, perfconfig='attn:v1:128,64,64,1,1,16,32,3,1,8,0')
----------------------------------------------------------------------------------------------------
PASS: GemmGemmConfiguration(datatype='bf16', g=1, m=54, k=121, n=81, o=52, trans_a=False, trans_b=True, trans_c=True, trans_o=False, arch='gfx950:sramecc+:xnack-', chip='gfx950', num_cu=256, num_chiplets=8, perfconfig='attn:v1:16,256,128,1,1,16,16,4,3,2,2')
----------------------------------------------------------------------------------------------------
FAIL: GemmGemmConfiguration(datatype='f16', g=2, m=75, k=22, n=120, o=26, trans_a=True, trans_b=True, trans_c=False, trans_o=True, arch='gfx950:sramecc+:xnack-', chip='gfx950', num_cu=256, num_chiplets=8, perfconfig='attn:v1:32,256,16,2,1,4,16,1,2,4,0')
----------------------------------------------------------------------------------------------------
PASS: GemmGemmConfiguration(datatype='f32', g=2, m=77, k=28, n=70, o=89, trans_a=False, trans_b=True, trans_c=False, trans_o=False, arch='gfx950:sramecc+:xnack-', chip='gfx950', num_cu=256, num_chiplets=8, perfconfig='attn:v1:64,64,128,1,1,4,0,4,3,2,8')
----------------------------------------------------------------------------------------------------
PASS: GemmGemmConfiguration(datatype='f32', g=2, m=122, k=76, n=69, o=60, trans_a=True, trans_b=True, trans_c=False, trans_o=True, arch='gfx950:sramecc+:xnack-', chip='gfx950', num_cu=256, num_chiplets=8, perfconfig='attn:v1:128,16,128,2,1,1,16,1,1,1,0')
----------------------------------------------------------------------------------------------------
FAIL: GemmGemmConfiguration(datatype='bf16', g=2, m=59, k=116, n=49, o=65, trans_a=True, trans_b=False, trans_c=True, trans_o=True, arch='gfx950:sramecc+:xnack-', chip='gfx950', num_cu=256, num_chiplets=8, perfconfig='attn:v1:256,32,16,2,1,4,0,4,3,8,4')
----------------------------------------------------------------------------------------------------
PASS: GemmGemmConfiguration(datatype='f32', g=1, m=90, k=118, n=69, o=92, trans_a=True, trans_b=False, trans_c=False, trans_o=True, arch='gfx950:sramecc+:xnack-', chip='gfx950', num_cu=256, num_chiplets=8, perfconfig='attn:v1:32,256,128,2,1,4,32,4,3,0,1')
Lowering rejected config as not applicable
Command line = -operation gemm_gemm -t f32 --arch gfx950:sramecc+:xnack- --num_cu 256 --num_chiplets 8 -g 1 -m 98 -k 126 -n 69 -gemmO 20 -transA=True -transB=True -transC=True -transO=False --perf_config=attn:v1:64,256,64,2,1,4,32,2,3,2,2 -pv -relDiff_threshold 1e-4
Errors = loc("<stdin>":10:1): error: ttg.shared (245760) exceeds LDS limit (163840) for amdgcn-amd-amdhsa:gfx950:sramecc+:xnack-
Lowering not applicable.

----------------------------------------------------------------------------------------------------
NOT_APPLICABLE: GemmGemmConfiguration(datatype='f32', g=1, m=98, k=126, n=69, o=20, trans_a=True, trans_b=True, trans_c=True, trans_o=False, arch='gfx950:sramecc+:xnack-', chip='gfx950', num_cu=256, num_chiplets=8, perfconfig='attn:v1:64,256,64,2,1,4,32,2,3,2,2')
----------------------------------------------------------------------------------------------------
PASS: GemmGemmConfiguration(datatype='f32', g=2, m=81, k=47, n=97, o=88, trans_a=True, trans_b=False, trans_c=True, trans_o=True, arch='gfx950:sramecc+:xnack-', chip='gfx950', num_cu=256, num_chiplets=8, perfconfig='attn:v1:64,16,16,2,1,4,32,3,1,2,1')
----------------------------------------------------------------------------------------------------
PASS: GemmGemmConfiguration(datatype='f16', g=2, m=51, k=16, n=6, o=24, trans_a=False, trans_b=False, trans_c=False, trans_o=False, arch='gfx950:sramecc+:xnack-', chip='gfx950', num_cu=256, num_chiplets=8, perfconfig='attn:v1:16,256,64,2,1,2,32,1,3,0,2')
----------------------------------------------------------------------------------------------------
PASS: GemmGemmConfiguration(datatype='f32', g=2, m=81, k=35, n=29, o=127, trans_a=False, trans_b=True, trans_c=True, trans_o=False, arch='gfx950:sramecc+:xnack-', chip='gfx950', num_cu=256, num_chiplets=8, perfconfig='attn:v1:128,64,16,1,1,8,16,2,1,0,8')
----------------------------------------------------------------------------------------------------
PASS: GemmGemmConfiguration(datatype='f32', g=2, m=109, k=100, n=84, o=82, trans_a=False, trans_b=True, trans_c=True, trans_o=True, arch='gfx950:sramecc+:xnack-', chip='gfx950', num_cu=256, num_chiplets=8, perfconfig='attn:v1:128,32,128,2,1,4,0,4,3,0,1')
----------------------------------------------------------------------------------------------------
PASS: GemmGemmConfiguration(datatype='f16', g=1, m=14, k=31, n=58, o=61, trans_a=True, trans_b=True, trans_c=True, trans_o=True, arch='gfx950:sramecc+:xnack-', chip='gfx950', num_cu=256, num_chiplets=8, perfconfig='attn:v1:256,16,16,1,1,2,16,2,3,2,1')
----------------------------------------------------------------------------------------------------
PASS: GemmGemmConfiguration(datatype='f32', g=1, m=121, k=93, n=9, o=128, trans_a=True, trans_b=True, trans_c=True, trans_o=False, arch='gfx950:sramecc+:xnack-', chip='gfx950', num_cu=256, num_chiplets=8, perfconfig='attn:v1:64,64,16,2,1,2,32,1,3,8,8')
----------------------------------------------------------------------------------------------------
PASS: GemmGemmConfiguration(datatype='f16', g=2, m=29, k=45, n=37, o=44, trans_a=True, trans_b=False, trans_c=False, trans_o=True, arch='gfx950:sramecc+:xnack-', chip='gfx950', num_cu=256, num_chiplets=8, perfconfig='attn:v1:16,128,128,2,1,1,0,2,2,0,8')
----------------------------------------------------------------------------------------------------
PASS: GemmGemmConfiguration(datatype='f32', g=2, m=125, k=67, n=94, o=115, trans_a=False, trans_b=False, trans_c=False, trans_o=False, arch='gfx950:sramecc+:xnack-', chip='gfx950', num_cu=256, num_chiplets=8, perfconfig='attn:v1:64,16,16,1,1,4,0,2,1,8,8')
----------------------------------------------------------------------------------------------------
PASS: GemmGemmConfiguration(datatype='bf16', g=1, m=48, k=9, n=25, o=71, trans_a=True, trans_b=True, trans_c=True, trans_o=True, arch='gfx950:sramecc+:xnack-', chip='gfx950', num_cu=256, num_chiplets=8, perfconfig='attn:v1:64,64,16,1,1,4,16,1,3,8,8')
----------------------------------------------------------------------------------------------------
PASS: GemmGemmConfiguration(datatype='bf16', g=1, m=91, k=50, n=126, o=30, trans_a=False, trans_b=True, trans_c=False, trans_o=False, arch='gfx950:sramecc+:xnack-', chip='gfx950', num_cu=256, num_chiplets=8, perfconfig='attn:v1:16,32,64,1,1,16,0,3,2,1,8')
FAIL: Runner returned incorrect result
Config = GemmGemmConfiguration(datatype='f16', g=1, m=2, k=41, n=42, o=95, trans_a=False, trans_b=False, trans_c=False, trans_o=True, arch='gfx950:sramecc+:xnack-', chip='gfx950', num_cu=256, num_chiplets=8, perfconfig='attn:v1:16,16,16,2,1,8,32,1,3,4,1')
Command line = -operation gemm_gemm -t f16 --arch gfx950:sramecc+:xnack- --num_cu 256 --num_chiplets 8 -g 1 -m 2 -k 41 -n 42 -gemmO 95 -transA=False -transB=False -transC=False -transO=True --perf_config=attn:v1:16,16,16,2,1,8,32,1,3,4,1 -pv
Output = Number of elements: 190
maxAbsDiff info: maxAbsDiff = 83.093750 (valNum = 110.25000, gpuNum = 27.15625), average absDiff = 4.4e+01
maxRelDiff info: maxRelDiff = 7.9e-01 (valNum = -27.5625000000, gpuNum = -5.8750000000), average relDiff = 7.6e-01
RMS = 4.5e-01
Histogram of relDiff: 
        relDiff = 0     : 0/190 (0.000000%)
     0 < relDiff < 1e-06: 0/190 (0.000000%)
1e-06 < relDiff <= 1e-05: 0/190 (0.000000%)
1e-05 < relDiff <= 1e-04: 0/190 (0.000000%)
1e-04 < relDiff <= 1e-03: 0/190 (0.000000%)
1e-03 < relDiff <= 1e-02: 0/190 (0.000000%)
1e-02 < relDiff <= 1e-01: 0/190 (0.000000%)
1e-01 < relDiff <= 1e+00: 190/190 (100.000000%)
1e+00 < relDiff < inf   : 0/190 (0.000000%)
        relDiff = inf   : 0/190 (0.000000%)
[0 1 1]

FAIL: Runner returned incorrect result
Config = GemmGemmConfiguration(datatype='f16', g=2, m=68, k=40, n=77, o=51, trans_a=False, trans_b=True, trans_c=True, trans_o=True, arch='gfx950:sramecc+:xnack-', chip='gfx950', num_cu=256, num_chiplets=8, perfconfig='attn:v1:256,16,32,2,1,16,0,1,1,4,4')
Command line = -operation gemm_gemm -t f16 --arch gfx950:sramecc+:xnack- --num_cu 256 --num_chiplets 8 -g 2 -m 68 -k 40 -n 77 -gemmO 51 -transA=False -transB=True -transC=True -transO=True --perf_config=attn:v1:256,16,32,2,1,16,0,1,1,4,4 -pv
Output = Number of elements: 6936
maxAbsDiff info: maxAbsDiff = 793.625000 (valNum = -1020.50000, gpuNum = -226.87500), average absDiff = 5.2e+02
maxRelDiff info: maxRelDiff = 8.0e-01 (valNum = 351.0000000000, gpuNum = 70.5625000000), average relDiff = 7.8e-01
RMS = 5.4e-01
Histogram of relDiff: 
        relDiff = 0     : 0/6936 (0.000000%)
     0 < relDiff < 1e-06: 0/6936 (0.000000%)
1e-06 < relDiff <= 1e-05: 0/6936 (0.000000%)
1e-05 < relDiff <= 1e-04: 0/6936 (0.000000%)
1e-04 < relDiff <= 1e-03: 0/6936 (0.000000%)
1e-03 < relDiff <= 1e-02: 0/6936 (0.000000%)
1e-02 < relDiff <= 1e-01: 0/6936 (0.000000%)
1e-01 < relDiff <= 1e+00: 6936/6936 (100.000000%)
1e+00 < relDiff < inf   : 0/6936 (0.000000%)
        relDiff = inf   : 0/6936 (0.000000%)
[0 0 1]

----------------------------------------------------------------------------------------------------
PASS: GemmGemmConfiguration(datatype='f16', g=2, m=63, k=123, n=46, o=109, trans_a=True, trans_b=True, trans_c=True, trans_o=False, arch='gfx950:sramecc+:xnack-', chip='gfx950', num_cu=256, num_chiplets=8, perfconfig='attn:v1:64,64,16,1,1,4,32,1,2,0,0')
----------------------------------------------------------------------------------------------------
PASS: GemmGemmConfiguration(datatype='bf16', g=2, m=106, k=59, n=66, o=2, trans_a=True, trans_b=False, trans_c=True, trans_o=False, arch='gfx950:sramecc+:xnack-', chip='gfx950', num_cu=256, num_chiplets=8, perfconfig='attn:v1:256,16,128,1,1,2,16,2,3,2,0')
----------------------------------------------------------------------------------------------------
PASS: GemmGemmConfiguration(datatype='bf16', g=1, m=116, k=98, n=27, o=101, trans_a=False, trans_b=True, trans_c=False, trans_o=False, arch='gfx950:sramecc+:xnack-', chip='gfx950', num_cu=256, num_chiplets=8, perfconfig='attn:v1:256,128,128,2,1,2,0,1,1,2,0')
----------------------------------------------------------------------------------------------------
PASS: GemmGemmConfiguration(datatype='f32', g=1, m=31, k=103, n=85, o=76, trans_a=False, trans_b=True, trans_c=False, trans_o=True, arch='gfx950:sramecc+:xnack-', chip='gfx950', num_cu=256, num_chiplets=8, perfconfig='attn:v1:128,256,16,1,1,8,16,3,2,4,4')
----------------------------------------------------------------------------------------------------
PASS: GemmGemmConfiguration(datatype='bf16', g=1, m=24, k=115, n=117, o=65, trans_a=False, trans_b=True, trans_c=False, trans_o=False, arch='gfx950:sramecc+:xnack-', chip='gfx950', num_cu=256, num_chiplets=8, perfconfig='attn:v1:128,256,128,1,1,2,32,2,1,0,2')
----------------------------------------------------------------------------------------------------
PASS: GemmGemmConfiguration(datatype='bf16', g=1, m=22, k=36, n=8, o=113, trans_a=True, trans_b=False, trans_c=False, trans_o=False, arch='gfx950:sramecc+:xnack-', chip='gfx950', num_cu=256, num_chiplets=8, perfconfig='attn:v1:16,256,64,2,1,8,16,1,2,2,8')
----------------------------------------------------------------------------------------------------
PASS: GemmGemmConfiguration(datatype='bf16', g=1, m=40, k=23, n=69, o=38, trans_a=True, trans_b=False, trans_c=True, trans_o=False, arch='gfx950:sramecc+:xnack-', chip='gfx950', num_cu=256, num_chiplets=8, perfconfig='attn:v1:256,16,16,1,1,4,0,4,1,0,8')
----------------------------------------------------------------------------------------------------
FAIL: GemmGemmConfiguration(datatype='f16', g=1, m=2, k=41, n=42, o=95, trans_a=False, trans_b=False, trans_c=False, trans_o=True, arch='gfx950:sramecc+:xnack-', chip='gfx950', num_cu=256, num_chiplets=8, perfconfig='attn:v1:16,16,16,2,1,8,32,1,3,4,1')
----------------------------------------------------------------------------------------------------
PASS: GemmGemmConfiguration(datatype='bf16', g=1, m=91, k=2, n=114, o=118, trans_a=False, trans_b=True, trans_c=False, trans_o=False, arch='gfx950:sramecc+:xnack-', chip='gfx950', num_cu=256, num_chiplets=8, perfconfig='attn:v1:256,32,16,1,1,4,16,3,3,0,8')
----------------------------------------------------------------------------------------------------
PASS: GemmGemmConfiguration(datatype='f32', g=1, m=31, k=112, n=29, o=125, trans_a=False, trans_b=False, trans_c=True, trans_o=False, arch='gfx950:sramecc+:xnack-', chip='gfx950', num_cu=256, num_chiplets=8, perfconfig='attn:v1:16,128,64,1,1,16,0,3,2,0,0')
----------------------------------------------------------------------------------------------------
PASS: GemmGemmConfiguration(datatype='f16', g=1, m=5, k=121, n=102, o=98, trans_a=True, trans_b=False, trans_c=False, trans_o=False, arch='gfx950:sramecc+:xnack-', chip='gfx950', num_cu=256, num_chiplets=8, perfconfig='attn:v1:32,64,128,1,1,1,32,1,2,2,0')
----------------------------------------------------------------------------------------------------
PASS: GemmGemmConfiguration(datatype='bf16', g=2, m=15, k=63, n=128, o=107, trans_a=False, trans_b=False, trans_c=False, trans_o=True, arch='gfx950:sramecc+:xnack-', chip='gfx950', num_cu=256, num_chiplets=8, perfconfig='attn:v1:16,128,128,2,1,1,32,3,3,2,4')
----------------------------------------------------------------------------------------------------
PASS: GemmGemmConfiguration(datatype='bf16', g=1, m=89, k=25, n=10, o=118, trans_a=True, trans_b=True, trans_c=True, trans_o=True, arch='gfx950:sramecc+:xnack-', chip='gfx950', num_cu=256, num_chiplets=8, perfconfig='attn:v1:256,256,128,1,1,1,16,4,2,0,1')
----------------------------------------------------------------------------------------------------
PASS: GemmGemmConfiguration(datatype='bf16', g=1, m=90, k=59, n=67, o=47, trans_a=False, trans_b=True, trans_c=False, trans_o=True, arch='gfx950:sramecc+:xnack-', chip='gfx950', num_cu=256, num_chiplets=8, perfconfig='attn:v1:256,64,32,1,1,8,32,4,1,4,1')
----------------------------------------------------------------------------------------------------
PASS: GemmGemmConfiguration(datatype='bf16', g=1, m=71, k=22, n=44, o=11, trans_a=False, trans_b=True, trans_c=True, trans_o=True, arch='gfx950:sramecc+:xnack-', chip='gfx950', num_cu=256, num_chiplets=8, perfconfig='attn:v1:128,32,128,1,1,16,32,2,1,8,4')
----------------------------------------------------------------------------------------------------
PASS: GemmGemmConfiguration(datatype='f32', g=2, m=91, k=17, n=37, o=97, trans_a=True, trans_b=False, trans_c=True, trans_o=False, arch='gfx950:sramecc+:xnack-', chip='gfx950', num_cu=256, num_chiplets=8, perfconfig='attn:v1:64,64,32,1,1,8,0,4,2,2,2')
----------------------------------------------------------------------------------------------------
FAIL: GemmGemmConfiguration(datatype='f16', g=2, m=68, k=40, n=77, o=51, trans_a=False, trans_b=True, trans_c=True, trans_o=True, arch='gfx950:sramecc+:xnack-', chip='gfx950', num_cu=256, num_chiplets=8, perfconfig='attn:v1:256,16,32,2,1,16,0,1,1,4,4')
----------------------------------------------------------------------------------------------------
PASS: GemmGemmConfiguration(datatype='f16', g=1, m=12, k=61, n=25, o=35, trans_a=False, trans_b=False, trans_c=True, trans_o=False, arch='gfx950:sramecc+:xnack-', chip='gfx950', num_cu=256, num_chiplets=8, perfconfig='attn:v1:64,128,64,2,1,4,16,4,1,4,8')
----------------------------------------------------------------------------------------------------
PASS: GemmGemmConfiguration(datatype='bf16', g=1, m=65, k=16, n=5, o=29, trans_a=True, trans_b=False, trans_c=True, trans_o=True, arch='gfx950:sramecc+:xnack-', chip='gfx950', num_cu=256, num_chiplets=8, perfconfig='attn:v1:128,16,128,2,1,1,16,1,1,4,0')
----------------------------------------------------------------------------------------------------
PASS: GemmGemmConfiguration(datatype='f32', g=2, m=76, k=97, n=109, o=104, trans_a=False, trans_b=True, trans_c=True, trans_o=True, arch='gfx950:sramecc+:xnack-', chip='gfx950', num_cu=256, num_chiplets=8, perfconfig='attn:v1:128,16,16,1,1,1,16,1,1,8,1')
----------------------------------------------------------------------------------------------------
PASS: GemmGemmConfiguration(datatype='f16', g=2, m=99, k=89, n=106, o=106, trans_a=False, trans_b=False, trans_c=True, trans_o=True, arch='gfx950:sramecc+:xnack-', chip='gfx950', num_cu=256, num_chiplets=8, perfconfig='attn:v1:128,16,16,1,1,2,16,4,3,1,8')
Lowering rejected config as not applicable
Command line = -operation gemm_gemm -t f32 --arch gfx950:sramecc+:xnack- --num_cu 256 --num_chiplets 8 -g 2 -m 35 -k 74 -n 63 -gemmO 13 -transA=False -transB=False -transC=True -transO=True --perf_config=attn:v1:256,64,64,1,1,4,0,4,3,0,4 -pv -relDiff_threshold 1e-4
Errors = loc("<stdin>":10:1): error: ttg.shared (245760) exceeds LDS limit (163840) for amdgcn-amd-amdhsa:gfx950:sramecc+:xnack-
Lowering not applicable.

FAIL: Runner returned incorrect result
Config = GemmGemmConfiguration(datatype='bf16', g=2, m=27, k=122, n=38, o=82, trans_a=True, trans_b=False, trans_c=False, trans_o=True, arch='gfx950:sramecc+:xnack-', chip='gfx950', num_cu=256, num_chiplets=8, perfconfig='attn:v1:16,16,16,2,1,2,32,4,1,1,8')
Command line = -operation gemm_gemm -t bf16 --arch gfx950:sramecc+:xnack- --num_cu 256 --num_chiplets 8 -g 2 -m 27 -k 122 -n 38 -gemmO 82 -transA=True -transB=False -transC=False -transO=True --perf_config=attn:v1:16,16,16,2,1,2,32,4,1,1,8 -pv -RMS_threshold 1e-2
Output = Number of elements: 4428
maxAbsDiff info: maxAbsDiff = 36.703125 (valNum = -39.00000, gpuNum = -2.29688), average absDiff = 1.9e+01
maxRelDiff info: maxRelDiff = 2.5e+00 (valNum = 3.6562500000, gpuNum = -5.4062500000), average relDiff = 1.1e+00
RMS = 3.9e-01
Histogram of relDiff: 
        relDiff = 0     : 0/4428 (0.000000%)
     0 < relDiff < 1e-06: 0/4428 (0.000000%)
1e-06 < relDiff <= 1e-05: 0/4428 (0.000000%)
1e-05 < relDiff <= 1e-04: 0/4428 (0.000000%)
1e-04 < relDiff <= 1e-03: 0/4428 (0.000000%)
1e-03 < relDiff <= 1e-02: 0/4428 (0.000000%)
1e-02 < relDiff <= 1e-01: 0/4428 (0.000000%)
1e-01 < relDiff <= 1e+00: 2943/4428 (66.463415%)
1e+00 < relDiff < inf   : 1485/4428 (33.536585%)
        relDiff = inf   : 0/4428 (0.000000%)
[0 1 1]

FAIL: Runner returned incorrect result
Config = GemmGemmConfiguration(datatype='bf16', g=2, m=126, k=123, n=91, o=84, trans_a=True, trans_b=True, trans_c=True, trans_o=False, arch='gfx950:sramecc+:xnack-', chip='gfx950', num_cu=256, num_chiplets=8, perfconfig='attn:v1:16,16,64,2,1,16,32,1,2,1,0')
Command line = -operation gemm_gemm -t bf16 --arch gfx950:sramecc+:xnack- --num_cu 256 --num_chiplets 8 -g 2 -m 126 -k 123 -n 91 -gemmO 84 -transA=True -transB=True -transC=True -transO=False --perf_config=attn:v1:16,16,64,2,1,16,32,1,2,1,0 -pv -RMS_threshold 1e-2
Output = Number of elements: 21168
maxAbsDiff info: maxAbsDiff = 63.250000 (valNum = -84.50000, gpuNum = -21.25000), average absDiff = 4.1e+01
maxRelDiff info: maxRelDiff = 7.5e-01 (valNum = 42.2500000000, gpuNum = 10.6250000000), average relDiff = 7.1e-01
RMS = 5.1e-01
Histogram of relDiff: 
        relDiff = 0     : 0/21168 (0.000000%)
     0 < relDiff < 1e-06: 0/21168 (0.000000%)
1e-06 < relDiff <= 1e-05: 0/21168 (0.000000%)
1e-05 < relDiff <= 1e-04: 0/21168 (0.000000%)
1e-04 < relDiff <= 1e-03: 0/21168 (0.000000%)
1e-03 < relDiff <= 1e-02: 0/21168 (0.000000%)
1e-02 < relDiff <= 1e-01: 0/21168 (0.000000%)
1e-01 < relDiff <= 1e+00: 21168/21168 (100.000000%)
1e+00 < relDiff < inf   : 0/21168 (0.000000%)
        relDiff = inf   : 0/21168 (0.000000%)
[0 1 1]

FAIL: Runner returned incorrect result
Config = GemmGemmConfiguration(datatype='f16', g=2, m=101, k=51, n=35, o=68, trans_a=False, trans_b=True, trans_c=True, trans_o=False, arch='gfx950:sramecc+:xnack-', chip='gfx950', num_cu=256, num_chiplets=8, perfconfig='attn:v1:16,256,16,2,1,2,32,3,1,8,1')
Command line = -operation gemm_gemm -t f16 --arch gfx950:sramecc+:xnack- --num_cu 256 --num_chiplets 8 -g 2 -m 101 -k 51 -n 35 -gemmO 68 -transA=False -transB=True -transC=True -transO=False --perf_config=attn:v1:16,256,16,2,1,2,32,3,1,8,1 -pv
Output = Number of elements: 13736
maxAbsDiff info: maxAbsDiff = 82.031250 (valNum = 123.25000, gpuNum = 41.21875), average absDiff = 6.0e+01
maxRelDiff info: maxRelDiff = 6.7e-01 (valNum = 77.0000000000, gpuNum = 25.7500000000), average relDiff = 6.7e-01
RMS = 5.0e-01
Histogram of relDiff: 
        relDiff = 0     : 0/13736 (0.000000%)
     0 < relDiff < 1e-06: 0/13736 (0.000000%)
1e-06 < relDiff <= 1e-05: 0/13736 (0.000000%)
1e-05 < relDiff <= 1e-04: 0/13736 (0.000000%)
1e-04 < relDiff <= 1e-03: 0/13736 (0.000000%)
1e-03 < relDiff <= 1e-02: 0/13736 (0.000000%)
1e-02 < relDiff <= 1e-01: 0/13736 (0.000000%)
1e-01 < relDiff <= 1e+00: 13736/13736 (100.000000%)
1e+00 < relDiff < inf   : 0/13736 (0.000000%)
        relDiff = inf   : 0/13736 (0.000000%)
[0 1 1]

----------------------------------------------------------------------------------------------------
NOT_APPLICABLE: GemmGemmConfiguration(datatype='f32', g=2, m=35, k=74, n=63, o=13, trans_a=False, trans_b=False, trans_c=True, trans_o=True, arch='gfx950:sramecc+:xnack-', chip='gfx950', num_cu=256, num_chiplets=8, perfconfig='attn:v1:256,64,64,1,1,4,0,4,3,0,4')
----------------------------------------------------------------------------------------------------
PASS: GemmGemmConfiguration(datatype='f16', g=2, m=35, k=104, n=48, o=1, trans_a=True, trans_b=False, trans_c=True, trans_o=True, arch='gfx950:sramecc+:xnack-', chip='gfx950', num_cu=256, num_chiplets=8, perfconfig='attn:v1:16,128,128,1,1,16,0,4,3,4,4')
----------------------------------------------------------------------------------------------------
PASS: GemmGemmConfiguration(datatype='bf16', g=2, m=62, k=48, n=92, o=92, trans_a=True, trans_b=True, trans_c=True, trans_o=True, arch='gfx950:sramecc+:xnack-', chip='gfx950', num_cu=256, num_chiplets=8, perfconfig='attn:v1:128,16,16,1,1,16,32,3,2,4,4')
----------------------------------------------------------------------------------------------------
FAIL: GemmGemmConfiguration(datatype='bf16', g=2, m=27, k=122, n=38, o=82, trans_a=True, trans_b=False, trans_c=False, trans_o=True, arch='gfx950:sramecc+:xnack-', chip='gfx950', num_cu=256, num_chiplets=8, perfconfig='attn:v1:16,16,16,2,1,2,32,4,1,1,8')
----------------------------------------------------------------------------------------------------
PASS: GemmGemmConfiguration(datatype='bf16', g=2, m=44, k=104, n=3, o=27, trans_a=False, trans_b=False, trans_c=True, trans_o=True, arch='gfx950:sramecc+:xnack-', chip='gfx950', num_cu=256, num_chiplets=8, perfconfig='attn:v1:256,64,128,1,1,8,16,2,1,0,1')
----------------------------------------------------------------------------------------------------
PASS: GemmGemmConfiguration(datatype='bf16', g=2, m=110, k=37, n=111, o=103, trans_a=True, trans_b=True, trans_c=True, trans_o=False, arch='gfx950:sramecc+:xnack-', chip='gfx950', num_cu=256, num_chiplets=8, perfconfig='attn:v1:32,256,64,2,1,8,16,4,2,8,0')
----------------------------------------------------------------------------------------------------
PASS: GemmGemmConfiguration(datatype='f32', g=1, m=30, k=109, n=38, o=103, trans_a=True, trans_b=True, trans_c=False, trans_o=True, arch='gfx950:sramecc+:xnack-', chip='gfx950', num_cu=256, num_chiplets=8, perfconfig='attn:v1:256,32,16,2,1,4,0,1,3,2,4')
----------------------------------------------------------------------------------------------------
PASS: GemmGemmConfiguration(datatype='bf16', g=2, m=116, k=22, n=126, o=99, trans_a=True, trans_b=False, trans_c=False, trans_o=False, arch='gfx950:sramecc+:xnack-', chip='gfx950', num_cu=256, num_chiplets=8, perfconfig='attn:v1:128,256,128,1,1,16,32,2,3,2,4')
----------------------------------------------------------------------------------------------------
PASS: GemmGemmConfiguration(datatype='f16', g=1, m=24, k=56, n=87, o=36, trans_a=True, trans_b=True, trans_c=False, trans_o=False, arch='gfx950:sramecc+:xnack-', chip='gfx950', num_cu=256, num_chiplets=8, perfconfig='attn:v1:16,32,128,1,1,2,32,4,3,2,0')
----------------------------------------------------------------------------------------------------
PASS: GemmGemmConfiguration(datatype='f32', g=2, m=36, k=13, n=119, o=74, trans_a=False, trans_b=False, trans_c=True, trans_o=True, arch='gfx950:sramecc+:xnack-', chip='gfx950', num_cu=256, num_chiplets=8, perfconfig='attn:v1:16,128,32,2,1,16,16,2,1,0,2')
----------------------------------------------------------------------------------------------------
PASS: GemmGemmConfiguration(datatype='f32', g=1, m=123, k=13, n=84, o=60, trans_a=True, trans_b=True, trans_c=False, trans_o=True, arch='gfx950:sramecc+:xnack-', chip='gfx950', num_cu=256, num_chiplets=8, perfconfig='attn:v1:256,16,64,2,1,16,16,2,3,0,0')
----------------------------------------------------------------------------------------------------
FAIL: GemmGemmConfiguration(datatype='bf16', g=2, m=126, k=123, n=91, o=84, trans_a=True, trans_b=True, trans_c=True, trans_o=False, arch='gfx950:sramecc+:xnack-', chip='gfx950', num_cu=256, num_chiplets=8, perfconfig='attn:v1:16,16,64,2,1,16,32,1,2,1,0')
----------------------------------------------------------------------------------------------------
PASS: GemmGemmConfiguration(datatype='bf16', g=2, m=67, k=2, n=23, o=93, trans_a=True, trans_b=False, trans_c=False, trans_o=True, arch='gfx950:sramecc+:xnack-', chip='gfx950', num_cu=256, num_chiplets=8, perfconfig='attn:v1:16,128,128,2,1,8,16,2,2,1,4')
----------------------------------------------------------------------------------------------------
FAIL: GemmGemmConfiguration(datatype='f16', g=2, m=101, k=51, n=35, o=68, trans_a=False, trans_b=True, trans_c=True, trans_o=False, arch='gfx950:sramecc+:xnack-', chip='gfx950', num_cu=256, num_chiplets=8, perfconfig='attn:v1:16,256,16,2,1,2,32,3,1,8,1')
----------------------------------------------------------------------------------------------------
PASS: GemmGemmConfiguration(datatype='bf16', g=1, m=77, k=96, n=114, o=97, trans_a=False, trans_b=False, trans_c=False, trans_o=True, arch='gfx950:sramecc+:xnack-', chip='gfx950', num_cu=256, num_chiplets=8, perfconfig='attn:v1:256,64,128,2,1,2,16,2,1,1,2')
----------------------------------------------------------------------------------------------------
PASS: GemmGemmConfiguration(datatype='f32', g=2, m=33, k=7, n=66, o=78, trans_a=True, trans_b=True, trans_c=True, trans_o=False, arch='gfx950:sramecc+:xnack-', chip='gfx950', num_cu=256, num_chiplets=8, perfconfig='attn:v1:32,256,64,2,1,2,0,4,1,0,8')
----------------------------------------------------------------------------------------------------
PASS: GemmGemmConfiguration(datatype='f32', g=1, m=84, k=58, n=1, o=19, trans_a=False, trans_b=False, trans_c=True, trans_o=False, arch='gfx950:sramecc+:xnack-', chip='gfx950', num_cu=256, num_chiplets=8, perfconfig='attn:v1:128,32,64,2,1,4,32,2,3,1,4')
----------------------------------------------------------------------------------------------------
PASS: GemmGemmConfiguration(datatype='f32', g=1, m=73, k=78, n=72, o=88, trans_a=False, trans_b=False, trans_c=False, trans_o=False, arch='gfx950:sramecc+:xnack-', chip='gfx950', num_cu=256, num_chiplets=8, perfconfig='attn:v1:16,64,32,2,1,8,0,3,3,1,0')
----------------------------------------------------------------------------------------------------
PASS: GemmGemmConfiguration(datatype='bf16', g=1, m=126, k=2, n=120, o=64, trans_a=False, trans_b=False, trans_c=True, trans_o=True, arch='gfx950:sramecc+:xnack-', chip='gfx950', num_cu=256, num_chiplets=8, perfconfig='attn:v1:32,16,128,1,1,4,32,1,2,8,1')
----------------------------------------------------------------------------------------------------
PASS: GemmGemmConfiguration(datatype='bf16', g=1, m=56, k=97, n=11, o=122, trans_a=True, trans_b=True, trans_c=True, trans_o=False, arch='gfx950:sramecc+:xnack-', chip='gfx950', num_cu=256, num_chiplets=8, perfconfig='attn:v1:64,64,16,1,1,8,0,1,2,1,0')
----------------------------------------------------------------------------------------------------
PASS: GemmGemmConfiguration(datatype='f16', g=2, m=91, k=109, n=71, o=11, trans_a=True, trans_b=True, trans_c=True, trans_o=False, arch='gfx950:sramecc+:xnack-', chip='gfx950', num_cu=256, num_chiplets=8, perfconfig='attn:v1:32,128,128,2,1,1,32,4,1,8,4')
----------------------------------------------------------------------------------------------------
PASS: GemmGemmConfiguration(datatype='bf16', g=1, m=12, k=103, n=79, o=84, trans_a=False, trans_b=False, trans_c=False, trans_o=False, arch='gfx950:sramecc+:xnack-', chip='gfx950', num_cu=256, num_chiplets=8, perfconfig='attn:v1:16,256,32,1,1,1,16,4,3,4,2')
FAIL: Runner returned incorrect result
Config = GemmGemmConfiguration(datatype='bf16', g=2, m=111, k=63, n=54, o=50, trans_a=False, trans_b=True, trans_c=False, trans_o=True, arch='gfx950:sramecc+:xnack-', chip='gfx950', num_cu=256, num_chiplets=8, perfconfig='attn:v1:64,64,16,2,1,2,16,1,2,1,1')
Command line = -operation gemm_gemm -t bf16 --arch gfx950:sramecc+:xnack- --num_cu 256 --num_chiplets 8 -g 2 -m 111 -k 63 -n 54 -gemmO 50 -transA=False -transB=True -transC=False -transO=True --perf_config=attn:v1:64,64,16,2,1,2,16,1,2,1,1 -pv -RMS_threshold 1e-2
Output = Number of elements: 11100
maxAbsDiff info: maxAbsDiff = 92.000000 (valNum = 171.00000, gpuNum = 79.00000), average absDiff = 9.2e+01
maxRelDiff info: maxRelDiff = 5.4e-01 (valNum = 171.0000000000, gpuNum = 79.0000000000), average relDiff = 5.4e-01
RMS = 5.4e-01
Histogram of relDiff: 
        relDiff = 0     : 0/11100 (0.000000%)
     0 < relDiff < 1e-06: 0/11100 (0.000000%)
1e-06 < relDiff <= 1e-05: 0/11100 (0.000000%)
1e-05 < relDiff <= 1e-04: 0/11100 (0.000000%)
1e-04 < relDiff <= 1e-03: 0/11100 (0.000000%)
1e-03 < relDiff <= 1e-02: 0/11100 (0.000000%)
1e-02 < relDiff <= 1e-01: 0/11100 (0.000000%)
1e-01 < relDiff <= 1e+00: 11100/11100 (100.000000%)
1e+00 < relDiff < inf   : 0/11100 (0.000000%)
        relDiff = inf   : 0/11100 (0.000000%)
[0 1 1]

FAIL: Runner returned incorrect result
Config = GemmGemmConfiguration(datatype='f16', g=2, m=119, k=24, n=40, o=1, trans_a=True, trans_b=True, trans_c=True, trans_o=False, arch='gfx950:sramecc+:xnack-', chip='gfx950', num_cu=256, num_chiplets=8, perfconfig='attn:v1:64,128,16,2,1,1,0,4,3,4,8')
Command line = -operation gemm_gemm -t f16 --arch gfx950:sramecc+:xnack- --num_cu 256 --num_chiplets 8 -g 2 -m 119 -k 24 -n 40 -gemmO 1 -transA=True -transB=True -transC=True -transO=False --perf_config=attn:v1:64,128,16,2,1,1,0,4,3,4,8 -pv
Output = Number of elements: 238
maxAbsDiff info: maxAbsDiff = 17.125000 (valNum = 52.50000, gpuNum = 35.37500), average absDiff = 8.9e+00
maxRelDiff info: maxRelDiff = 3.8e-01 (valNum = -13.1250000000, gpuNum = -8.0859375000), average relDiff = 3.4e-01
RMS = 1.9e-01
Histogram of relDiff: 
        relDiff = 0     : 0/238 (0.000000%)
     0 < relDiff < 1e-06: 0/238 (0.000000%)
1e-06 < relDiff <= 1e-05: 0/238 (0.000000%)
1e-05 < relDiff <= 1e-04: 0/238 (0.000000%)
1e-04 < relDiff <= 1e-03: 0/238 (0.000000%)
1e-03 < relDiff <= 1e-02: 0/238 (0.000000%)
1e-02 < relDiff <= 1e-01: 0/238 (0.000000%)
1e-01 < relDiff <= 1e+00: 238/238 (100.000000%)
1e+00 < relDiff < inf   : 0/238 (0.000000%)
        relDiff = inf   : 0/238 (0.000000%)
[0 1 1]

FAIL: Runner returned incorrect result
Config = GemmGemmConfiguration(datatype='f16', g=2, m=54, k=82, n=80, o=83, trans_a=True, trans_b=True, trans_c=False, trans_o=True, arch='gfx950:sramecc+:xnack-', chip='gfx950', num_cu=256, num_chiplets=8, perfconfig='attn:v1:128,16,64,2,1,8,16,3,3,0,4')
Command line = -operation gemm_gemm -t f16 --arch gfx950:sramecc+:xnack- --num_cu 256 --num_chiplets 8 -g 2 -m 54 -k 82 -n 80 -gemmO 83 -transA=True -transB=True -transC=False -transO=True --perf_config=attn:v1:128,16,64,2,1,8,16,3,3,0,4 -pv
Output = Number of elements: 8964
maxAbsDiff info: maxAbsDiff = 33.937500 (valNum = -89.06250, gpuNum = -55.12500), average absDiff = 1.3e+01
maxRelDiff info: maxRelDiff = 1.1e+00 (valNum = 3.7500000000, gpuNum = 7.7343750000), average relDiff = 4.8e-01
RMS = 1.6e-01
Histogram of relDiff: 
        relDiff = 0     : 0/8964 (0.000000%)
     0 < relDiff < 1e-06: 0/8964 (0.000000%)
1e-06 < relDiff <= 1e-05: 0/8964 (0.000000%)
1e-05 < relDiff <= 1e-04: 0/8964 (0.000000%)
1e-04 < relDiff <= 1e-03: 0/8964 (0.000000%)
1e-03 < relDiff <= 1e-02: 0/8964 (0.000000%)
1e-02 < relDiff <= 1e-01: 1512/8964 (16.867470%)
1e-01 < relDiff <= 1e+00: 5940/8964 (66.265060%)
1e+00 < relDiff < inf   : 1512/8964 (16.867470%)
        relDiff = inf   : 0/8964 (0.000000%)
[0 1 1]

----------------------------------------------------------------------------------------------------
PASS: GemmGemmConfiguration(datatype='bf16', g=2, m=83, k=108, n=17, o=127, trans_a=True, trans_b=False, trans_c=True, trans_o=True, arch='gfx950:sramecc+:xnack-', chip='gfx950', num_cu=256, num_chiplets=8, perfconfig='attn:v1:256,256,128,2,1,16,0,3,2,2,8')
----------------------------------------------------------------------------------------------------
PASS: GemmGemmConfiguration(datatype='f32', g=1, m=6, k=3, n=93, o=22, trans_a=False, trans_b=True, trans_c=True, trans_o=False, arch='gfx950:sramecc+:xnack-', chip='gfx950', num_cu=256, num_chiplets=8, perfconfig='attn:v1:16,256,128,2,1,4,32,4,2,8,4')
----------------------------------------------------------------------------------------------------
PASS: GemmGemmConfiguration(datatype='f32', g=1, m=100, k=48, n=41, o=52, trans_a=False, trans_b=False, trans_c=True, trans_o=False, arch='gfx950:sramecc+:xnack-', chip='gfx950', num_cu=256, num_chiplets=8, perfconfig='attn:v1:64,16,64,2,1,8,0,2,1,4,0')
----------------------------------------------------------------------------------------------------
PASS: GemmGemmConfiguration(datatype='bf16', g=1, m=82, k=86, n=117, o=114, trans_a=False, trans_b=True, trans_c=False, trans_o=True, arch='gfx950:sramecc+:xnack-', chip='gfx950', num_cu=256, num_chiplets=8, perfconfig='attn:v1:32,32,128,2,1,8,16,4,2,1,0')
----------------------------------------------------------------------------------------------------
PASS: GemmGemmConfiguration(datatype='f16', g=1, m=56, k=18, n=34, o=54, trans_a=False, trans_b=False, trans_c=True, trans_o=True, arch='gfx950:sramecc+:xnack-', chip='gfx950', num_cu=256, num_chiplets=8, perfconfig='attn:v1:256,64,16,1,1,16,0,1,1,8,2')
----------------------------------------------------------------------------------------------------
PASS: GemmGemmConfiguration(datatype='bf16', g=1, m=101, k=120, n=71, o=38, trans_a=True, trans_b=True, trans_c=False, trans_o=False, arch='gfx950:sramecc+:xnack-', chip='gfx950', num_cu=256, num_chiplets=8, perfconfig='attn:v1:16,64,32,1,1,8,16,1,1,2,1')
----------------------------------------------------------------------------------------------------
FAIL: GemmGemmConfiguration(datatype='bf16', g=2, m=111, k=63, n=54, o=50, trans_a=False, trans_b=True, trans_c=False, trans_o=True, arch='gfx950:sramecc+:xnack-', chip='gfx950', num_cu=256, num_chiplets=8, perfconfig='attn:v1:64,64,16,2,1,2,16,1,2,1,1')
----------------------------------------------------------------------------------------------------
PASS: GemmGemmConfiguration(datatype='f16', g=2, m=8, k=98, n=10, o=45, trans_a=False, trans_b=False, trans_c=True, trans_o=True, arch='gfx950:sramecc+:xnack-', chip='gfx950', num_cu=256, num_chiplets=8, perfconfig='attn:v1:16,32,64,2,1,8,32,4,2,0,4')
----------------------------------------------------------------------------------------------------
PASS: GemmGemmConfiguration(datatype='f32', g=2, m=89, k=59, n=22, o=83, trans_a=False, trans_b=False, trans_c=False, trans_o=False, arch='gfx950:sramecc+:xnack-', chip='gfx950', num_cu=256, num_chiplets=8, perfconfig='attn:v1:16,256,32,2,1,2,0,3,2,4,1')
----------------------------------------------------------------------------------------------------
PASS: GemmGemmConfiguration(datatype='f32', g=1, m=97, k=76, n=27, o=31, trans_a=True, trans_b=True, trans_c=True, trans_o=False, arch='gfx950:sramecc+:xnack-', chip='gfx950', num_cu=256, num_chiplets=8, perfconfig='attn:v1:16,256,128,1,1,2,0,2,2,1,1')
----------------------------------------------------------------------------------------------------
PASS: GemmGemmConfiguration(datatype='f16', g=1, m=102, k=3, n=105, o=5, trans_a=True, trans_b=True, trans_c=False, trans_o=False, arch='gfx950:sramecc+:xnack-', chip='gfx950', num_cu=256, num_chiplets=8, perfconfig='attn:v1:16,256,64,2,1,8,16,3,3,8,2')
----------------------------------------------------------------------------------------------------
FAIL: GemmGemmConfiguration(datatype='f16', g=2, m=119, k=24, n=40, o=1, trans_a=True, trans_b=True, trans_c=True, trans_o=False, arch='gfx950:sramecc+:xnack-', chip='gfx950', num_cu=256, num_chiplets=8, perfconfig='attn:v1:64,128,16,2,1,1,0,4,3,4,8')
----------------------------------------------------------------------------------------------------
PASS: GemmGemmConfiguration(datatype='bf16', g=2, m=65, k=4, n=108, o=8, trans_a=False, trans_b=False, trans_c=False, trans_o=True, arch='gfx950:sramecc+:xnack-', chip='gfx950', num_cu=256, num_chiplets=8, perfconfig='attn:v1:256,16,128,2,1,16,32,2,3,1,1')
----------------------------------------------------------------------------------------------------
PASS: GemmGemmConfiguration(datatype='f32', g=2, m=2, k=62, n=89, o=11, trans_a=False, trans_b=False, trans_c=False, trans_o=False, arch='gfx950:sramecc+:xnack-', chip='gfx950', num_cu=256, num_chiplets=8, perfconfig='attn:v1:256,64,32,1,1,4,32,3,1,4,2')
----------------------------------------------------------------------------------------------------
PASS: GemmGemmConfiguration(datatype='f32', g=2, m=126, k=5, n=2, o=74, trans_a=True, trans_b=False, trans_c=False, trans_o=False, arch='gfx950:sramecc+:xnack-', chip='gfx950', num_cu=256, num_chiplets=8, perfconfig='attn:v1:64,128,32,2,1,8,0,4,1,0,2')
----------------------------------------------------------------------------------------------------
PASS: GemmGemmConfiguration(datatype='f16', g=2, m=121, k=18, n=93, o=49, trans_a=True, trans_b=False, trans_c=False, trans_o=True, arch='gfx950:sramecc+:xnack-', chip='gfx950', num_cu=256, num_chiplets=8, perfconfig='attn:v1:64,128,64,1,1,1,32,2,3,8,1')
----------------------------------------------------------------------------------------------------
PASS: GemmGemmConfiguration(datatype='bf16', g=2, m=94, k=85, n=44, o=46, trans_a=True, trans_b=False, trans_c=True, trans_o=False, arch='gfx950:sramecc+:xnack-', chip='gfx950', num_cu=256, num_chiplets=8, perfconfig='attn:v1:256,128,128,1,1,2,32,4,1,2,0')
----------------------------------------------------------------------------------------------------
PASS: GemmGemmConfiguration(datatype='f16', g=2, m=124, k=9, n=19, o=20, trans_a=True, trans_b=True, trans_c=True, trans_o=False, arch='gfx950:sramecc+:xnack-', chip='gfx950', num_cu=256, num_chiplets=8, perfconfig='attn:v1:128,256,128,1,1,1,16,3,3,8,0')
Lowering rejected config as not applicable
Command line = -operation gemm_gemm -t f32 --arch gfx950:sramecc+:xnack- --num_cu 256 --num_chiplets 8 -g 2 -m 87 -k 123 -n 67 -gemmO 2 -transA=False -transB=True -transC=True -transO=True --perf_config=attn:v1:128,128,64,2,1,2,32,3,3,8,1 -pv -relDiff_threshold 1e-4
Errors = loc("<stdin>":10:1): error: ttg.shared (196608) exceeds LDS limit (163840) for amdgcn-amd-amdhsa:gfx950:sramecc+:xnack-
Lowering not applicable.

----------------------------------------------------------------------------------------------------
NOT_APPLICABLE: GemmGemmConfiguration(datatype='f32', g=2, m=87, k=123, n=67, o=2, trans_a=False, trans_b=True, trans_c=True, trans_o=True, arch='gfx950:sramecc+:xnack-', chip='gfx950', num_cu=256, num_chiplets=8, perfconfig='attn:v1:128,128,64,2,1,2,32,3,3,8,1')
----------------------------------------------------------------------------------------------------
PASS: GemmGemmConfiguration(datatype='f32', g=1, m=60, k=33, n=112, o=60, trans_a=True, trans_b=False, trans_c=False, trans_o=True, arch='gfx950:sramecc+:xnack-', chip='gfx950', num_cu=256, num_chiplets=8, perfconfig='attn:v1:16,32,32,1,1,2,0,2,3,0,8')
----------------------------------------------------------------------------------------------------
PASS: GemmGemmConfiguration(datatype='f32', g=1, m=126, k=36, n=121, o=21, trans_a=True, trans_b=False, trans_c=False, trans_o=False, arch='gfx950:sramecc+:xnack-', chip='gfx950', num_cu=256, num_chiplets=8, perfconfig='attn:v1:32,256,16,1,1,1,0,3,1,1,2')
FAIL: Runner returned incorrect result
Config = GemmGemmConfiguration(datatype='bf16', g=1, m=84, k=119, n=107, o=19, trans_a=False, trans_b=True, trans_c=True, trans_o=True, arch='gfx950:sramecc+:xnack-', chip='gfx950', num_cu=256, num_chiplets=8, perfconfig='attn:v1:64,256,16,2,1,4,32,2,2,8,8')
Command line = -operation gemm_gemm -t bf16 --arch gfx950:sramecc+:xnack- --num_cu 256 --num_chiplets 8 -g 1 -m 84 -k 119 -n 107 -gemmO 19 -transA=False -transB=True -transC=True -transO=True --perf_config=attn:v1:64,256,16,2,1,4,32,2,2,8,8 -pv -RMS_threshold 1e-2
Output = Number of elements: 1596
maxAbsDiff info: maxAbsDiff = 3328.000000 (valNum = -4096.00000, gpuNum = -768.00000), average absDiff = 2.2e+03
maxRelDiff info: maxRelDiff = 8.2e-01 (valNum = 1568.0000000000, gpuNum = 280.0000000000), average relDiff = 8.1e-01
RMS = 5.7e-01
Histogram of relDiff: 
        relDiff = 0     : 0/1596 (0.000000%)
     0 < relDiff < 1e-06: 0/1596 (0.000000%)
1e-06 < relDiff <= 1e-05: 0/1596 (0.000000%)
1e-05 < relDiff <= 1e-04: 0/1596 (0.000000%)
1e-04 < relDiff <= 1e-03: 0/1596 (0.000000%)
1e-03 < relDiff <= 1e-02: 0/1596 (0.000000%)
1e-02 < relDiff <= 1e-01: 0/1596 (0.000000%)
1e-01 < relDiff <= 1e+00: 1596/1596 (100.000000%)
1e+00 < relDiff < inf   : 0/1596 (0.000000%)
        relDiff = inf   : 0/1596 (0.000000%)
[0 0 1]

FAIL: Runner returned incorrect result
Config = GemmGemmConfiguration(datatype='f16', g=2, m=128, k=101, n=116, o=80, trans_a=True, trans_b=True, trans_c=False, trans_o=False, arch='gfx950:sramecc+:xnack-', chip='gfx950', num_cu=256, num_chiplets=8, perfconfig='attn:v1:16,64,16,2,1,8,32,2,2,0,2')
Command line = -operation gemm_gemm -t f16 --arch gfx950:sramecc+:xnack- --num_cu 256 --num_chiplets 8 -g 2 -m 128 -k 101 -n 116 -gemmO 80 -transA=True -transB=True -transC=False -transO=False --perf_config=attn:v1:16,64,16,2,1,8,32,2,2,0,2 -pv
Output = Number of elements: 20480
maxAbsDiff info: maxAbsDiff = 3031.000000 (valNum = -3830.00000, gpuNum = -799.00000), average absDiff = 2.0e+03
maxRelDiff info: maxRelDiff = 8.0e-01 (valNum = 1414.0000000000, gpuNum = 277.7500000000), average relDiff = 7.9e-01
RMS = 5.6e-01
Histogram of relDiff: 
        relDiff = 0     : 0/20480 (0.000000%)
     0 < relDiff < 1e-06: 0/20480 (0.000000%)
1e-06 < relDiff <= 1e-05: 0/20480 (0.000000%)
1e-05 < relDiff <= 1e-04: 0/20480 (0.000000%)
1e-04 < relDiff <= 1e-03: 0/20480 (0.000000%)
1e-03 < relDiff <= 1e-02: 0/20480 (0.000000%)
1e-02 < relDiff <= 1e-01: 0/20480 (0.000000%)
1e-01 < relDiff <= 1e+00: 20480/20480 (100.000000%)
1e+00 < relDiff < inf   : 0/20480 (0.000000%)
        relDiff = inf   : 0/20480 (0.000000%)
[0 0 1]

----------------------------------------------------------------------------------------------------
FAIL: GemmGemmConfiguration(datatype='f16', g=2, m=54, k=82, n=80, o=83, trans_a=True, trans_b=True, trans_c=False, trans_o=True, arch='gfx950:sramecc+:xnack-', chip='gfx950', num_cu=256, num_chiplets=8, perfconfig='attn:v1:128,16,64,2,1,8,16,3,3,0,4')
----------------------------------------------------------------------------------------------------
PASS: GemmGemmConfiguration(datatype='f16', g=1, m=7, k=122, n=45, o=26, trans_a=True, trans_b=False, trans_c=True, trans_o=True, arch='gfx950:sramecc+:xnack-', chip='gfx950', num_cu=256, num_chiplets=8, perfconfig='attn:v1:256,16,16,1,1,8,0,2,1,2,0')
----------------------------------------------------------------------------------------------------
PASS: GemmGemmConfiguration(datatype='bf16', g=2, m=51, k=121, n=59, o=40, trans_a=False, trans_b=False, trans_c=True, trans_o=True, arch='gfx950:sramecc+:xnack-', chip='gfx950', num_cu=256, num_chiplets=8, perfconfig='attn:v1:32,256,128,2,1,1,32,2,3,0,4')
----------------------------------------------------------------------------------------------------
PASS: GemmGemmConfiguration(datatype='f32', g=2, m=57, k=4, n=114, o=49, trans_a=False, trans_b=False, trans_c=False, trans_o=False, arch='gfx950:sramecc+:xnack-', chip='gfx950', num_cu=256, num_chiplets=8, perfconfig='attn:v1:128,128,128,1,1,2,0,2,2,0,8')
----------------------------------------------------------------------------------------------------
PASS: GemmGemmConfiguration(datatype='f16', g=2, m=59, k=27, n=83, o=69, trans_a=False, trans_b=False, trans_c=True, trans_o=True, arch='gfx950:sramecc+:xnack-', chip='gfx950', num_cu=256, num_chiplets=8, perfconfig='attn:v1:256,16,32,2,1,1,16,1,3,8,8')
----------------------------------------------------------------------------------------------------
PASS: GemmGemmConfiguration(datatype='bf16', g=1, m=32, k=16, n=32, o=84, trans_a=True, trans_b=True, trans_c=False, trans_o=False, arch='gfx950:sramecc+:xnack-', chip='gfx950', num_cu=256, num_chiplets=8, perfconfig='attn:v1:16,128,32,2,1,2,32,3,1,8,8')
----------------------------------------------------------------------------------------------------
PASS: GemmGemmConfiguration(datatype='f16', g=1, m=95, k=112, n=104, o=77, trans_a=True, trans_b=False, trans_c=True, trans_o=True, arch='gfx950:sramecc+:xnack-', chip='gfx950', num_cu=256, num_chiplets=8, perfconfig='attn:v1:64,32,64,1,1,16,32,3,1,8,4')
----------------------------------------------------------------------------------------------------
PASS: GemmGemmConfiguration(datatype='f16', g=2, m=9, k=62, n=72, o=112, trans_a=False, trans_b=False, trans_c=True, trans_o=False, arch='gfx950:sramecc+:xnack-', chip='gfx950', num_cu=256, num_chiplets=8, perfconfig='attn:v1:128,32,64,2,1,16,0,2,2,2,2')
----------------------------------------------------------------------------------------------------
FAIL: GemmGemmConfiguration(datatype='bf16', g=1, m=84, k=119, n=107, o=19, trans_a=False, trans_b=True, trans_c=True, trans_o=True, arch='gfx950:sramecc+:xnack-', chip='gfx950', num_cu=256, num_chiplets=8, perfconfig='attn:v1:64,256,16,2,1,4,32,2,2,8,8')
----------------------------------------------------------------------------------------------------
PASS: GemmGemmConfiguration(datatype='bf16', g=1, m=39, k=19, n=52, o=76, trans_a=False, trans_b=True, trans_c=True, trans_o=True, arch='gfx950:sramecc+:xnack-', chip='gfx950', num_cu=256, num_chiplets=8, perfconfig='attn:v1:16,64,64,1,1,1,16,3,2,4,8')
----------------------------------------------------------------------------------------------------
PASS: GemmGemmConfiguration(datatype='f32', g=1, m=66, k=68, n=43, o=125, trans_a=False, trans_b=True, trans_c=True, trans_o=False, arch='gfx950:sramecc+:xnack-', chip='gfx950', num_cu=256, num_chiplets=8, perfconfig='attn:v1:32,128,64,2,1,8,32,3,1,8,2')
----------------------------------------------------------------------------------------------------
PASS: GemmGemmConfiguration(datatype='f32', g=1, m=44, k=8, n=116, o=14, trans_a=False, trans_b=False, trans_c=True, trans_o=True, arch='gfx950:sramecc+:xnack-', chip='gfx950', num_cu=256, num_chiplets=8, perfconfig='attn:v1:64,256,64,2,1,4,16,2,1,8,1')
----------------------------------------------------------------------------------------------------
PASS: GemmGemmConfiguration(datatype='bf16', g=1, m=107, k=110, n=56, o=76, trans_a=True, trans_b=True, trans_c=True, trans_o=False, arch='gfx950:sramecc+:xnack-', chip='gfx950', num_cu=256, num_chiplets=8, perfconfig='attn:v1:128,128,64,2,1,1,0,4,1,0,8')
----------------------------------------------------------------------------------------------------
PASS: GemmGemmConfiguration(datatype='f32', g=2, m=25, k=105, n=96, o=52, trans_a=False, trans_b=False, trans_c=True, trans_o=True, arch='gfx950:sramecc+:xnack-', chip='gfx950', num_cu=256, num_chiplets=8, perfconfig='attn:v1:64,64,32,2,1,16,32,2,3,4,2')
----------------------------------------------------------------------------------------------------
PASS: GemmGemmConfiguration(datatype='bf16', g=2, m=96, k=4, n=83, o=102, trans_a=False, trans_b=False, trans_c=True, trans_o=False, arch='gfx950:sramecc+:xnack-', chip='gfx950', num_cu=256, num_chiplets=8, perfconfig='attn:v1:32,16,32,2,1,4,0,4,2,0,1')
----------------------------------------------------------------------------------------------------
FAIL: GemmGemmConfiguration(datatype='f16', g=2, m=128, k=101, n=116, o=80, trans_a=True, trans_b=True, trans_c=False, trans_o=False, arch='gfx950:sramecc+:xnack-', chip='gfx950', num_cu=256, num_chiplets=8, perfconfig='attn:v1:16,64,16,2,1,8,32,2,2,0,2')
----------------------------------------------------------------------------------------------------
PASS: GemmGemmConfiguration(datatype='f32', g=1, m=63, k=19, n=6, o=88, trans_a=True, trans_b=True, trans_c=True, trans_o=True, arch='gfx950:sramecc+:xnack-', chip='gfx950', num_cu=256, num_chiplets=8, perfconfig='attn:v1:32,64,16,1,1,16,0,4,1,8,4')
----------------------------------------------------------------------------------------------------
PASS: GemmGemmConfiguration(datatype='f16', g=2, m=26, k=103, n=93, o=109, trans_a=False, trans_b=False, trans_c=False, trans_o=True, arch='gfx950:sramecc+:xnack-', chip='gfx950', num_cu=256, num_chiplets=8, perfconfig='attn:v1:32,32,16,1,1,2,32,3,2,8,8')
----------------------------------------------------------------------------------------------------
PASS: GemmGemmConfiguration(datatype='f16', g=1, m=78, k=80, n=7, o=91, trans_a=False, trans_b=True, trans_c=False, trans_o=False, arch='gfx950:sramecc+:xnack-', chip='gfx950', num_cu=256, num_chiplets=8, perfconfig='attn:v1:64,16,32,1,1,1,16,1,3,0,1')
----------------------------------------------------------------------------------------------------
PASS: GemmGemmConfiguration(datatype='f16', g=1, m=56, k=9, n=44, o=67, trans_a=True, trans_b=False, trans_c=True, trans_o=True, arch='gfx950:sramecc+:xnack-', chip='gfx950', num_cu=256, num_chiplets=8, perfconfig='attn:v1:256,128,16,2,1,2,16,1,1,1,1')
----------------------------------------------------------------------------------------------------
PASS: GemmGemmConfiguration(datatype='f16', g=2, m=71, k=87, n=54, o=116, trans_a=False, trans_b=False, trans_c=False, trans_o=True, arch='gfx950:sramecc+:xnack-', chip='gfx950', num_cu=256, num_chiplets=8, perfconfig='attn:v1:128,256,64,2,1,2,16,2,3,8,0')
----------------------------------------------------------------------------------------------------
PASS: GemmGemmConfiguration(datatype='f32', g=2, m=45, k=2, n=97, o=5, trans_a=False, trans_b=True, trans_c=False, trans_o=False, arch='gfx950:sramecc+:xnack-', chip='gfx950', num_cu=256, num_chiplets=8, perfconfig='attn:v1:32,64,16,1,1,16,0,4,1,1,2')
----------------------------------------------------------------------------------------------------
PASS: GemmGemmConfiguration(datatype='f16', g=1, m=116, k=109, n=122, o=25, trans_a=True, trans_b=False, trans_c=True, trans_o=False, arch='gfx950:sramecc+:xnack-', chip='gfx950', num_cu=256, num_chiplets=8, perfconfig='attn:v1:128,16,32,1,1,16,0,3,2,2,4')
----------------------------------------------------------------------------------------------------
PASS: GemmGemmConfiguration(datatype='f32', g=2, m=40, k=51, n=17, o=126, trans_a=True, trans_b=True, trans_c=True, trans_o=False, arch='gfx950:sramecc+:xnack-', chip='gfx950', num_cu=256, num_chiplets=8, perfconfig='attn:v1:16,64,64,1,1,4,32,2,2,0,8')
----------------------------------------------------------------------------------------------------
PASS: GemmGemmConfiguration(datatype='f16', g=1, m=39, k=15, n=14, o=83, trans_a=True, trans_b=False, trans_c=False, trans_o=True, arch='gfx950:sramecc+:xnack-', chip='gfx950', num_cu=256, num_chiplets=8, perfconfig='attn:v1:128,256,64,2,1,16,16,2,3,0,4')
----------------------------------------------------------------------------------------------------
PASS: GemmGemmConfiguration(datatype='f16', g=2, m=51, k=68, n=4, o=8, trans_a=True, trans_b=False, trans_c=True, trans_o=True, arch='gfx950:sramecc+:xnack-', chip='gfx950', num_cu=256, num_chiplets=8, perfconfig='attn:v1:16,128,128,1,1,2,0,2,1,8,8')
----------------------------------------------------------------------------------------------------
PASS: GemmGemmConfiguration(datatype='bf16', g=1, m=57, k=119, n=98, o=77, trans_a=True, trans_b=False, trans_c=False, trans_o=True, arch='gfx950:sramecc+:xnack-', chip='gfx950', num_cu=256, num_chiplets=8, perfconfig='attn:v1:128,128,128,1,1,4,16,2,1,4,2')
----------------------------------------------------------------------------------------------------
PASS: GemmGemmConfiguration(datatype='bf16', g=1, m=47, k=85, n=27, o=86, trans_a=True, trans_b=False, trans_c=False, trans_o=True, arch='gfx950:sramecc+:xnack-', chip='gfx950', num_cu=256, num_chiplets=8, perfconfig='attn:v1:16,256,32,1,1,1,16,2,3,4,8')
----------------------------------------------------------------------------------------------------
PASS: GemmGemmConfiguration(datatype='bf16', g=1, m=65, k=12, n=99, o=89, trans_a=True, trans_b=True, trans_c=False, trans_o=True, arch='gfx950:sramecc+:xnack-', chip='gfx950', num_cu=256, num_chiplets=8, perfconfig='attn:v1:256,256,128,2,1,4,16,2,2,1,4')
----------------------------------------------------------------------------------------------------
PASS: GemmGemmConfiguration(datatype='f32', g=1, m=21, k=21, n=106, o=121, trans_a=False, trans_b=False, trans_c=True, trans_o=True, arch='gfx950:sramecc+:xnack-', chip='gfx950', num_cu=256, num_chiplets=8, perfconfig='attn:v1:32,32,64,2,1,16,0,1,2,0,1')
----------------------------------------------------------------------------------------------------
PASS: GemmGemmConfiguration(datatype='f32', g=1, m=40, k=84, n=103, o=16, trans_a=True, trans_b=False, trans_c=False, trans_o=False, arch='gfx950:sramecc+:xnack-', chip='gfx950', num_cu=256, num_chiplets=8, perfconfig='attn:v1:64,32,16,2,1,8,32,2,3,4,0')
----------------------------------------------------------------------------------------------------
PASS: GemmGemmConfiguration(datatype='f32', g=1, m=106, k=7, n=90, o=49, trans_a=False, trans_b=True, trans_c=True, trans_o=True, arch='gfx950:sramecc+:xnack-', chip='gfx950', num_cu=256, num_chiplets=8, perfconfig='attn:v1:32,16,64,1,1,4,0,3,1,2,2')
----------------------------------------------------------------------------------------------------
PASS: GemmGemmConfiguration(datatype='f32', g=1, m=112, k=49, n=35, o=49, trans_a=True, trans_b=True, trans_c=True, trans_o=False, arch='gfx950:sramecc+:xnack-', chip='gfx950', num_cu=256, num_chiplets=8, perfconfig='attn:v1:64,128,16,2,1,4,0,4,1,1,2')
----------------------------------------------------------------------------------------------------
PASS: GemmGemmConfiguration(datatype='f16', g=1, m=122, k=46, n=30, o=66, trans_a=True, trans_b=False, trans_c=False, trans_o=False, arch='gfx950:sramecc+:xnack-', chip='gfx950', num_cu=256, num_chiplets=8, perfconfig='attn:v1:256,16,32,1,1,4,16,1,2,4,2')
----------------------------------------------------------------------------------------------------
PASS: GemmGemmConfiguration(datatype='bf16', g=1, m=46, k=83, n=20, o=98, trans_a=False, trans_b=True, trans_c=True, trans_o=True, arch='gfx950:sramecc+:xnack-', chip='gfx950', num_cu=256, num_chiplets=8, perfconfig='attn:v1:128,128,64,1,1,4,0,3,3,1,2')
----------------------------------------------------------------------------------------------------
PASS: GemmGemmConfiguration(datatype='bf16', g=2, m=61, k=108, n=15, o=82, trans_a=True, trans_b=True, trans_c=True, trans_o=False, arch='gfx950:sramecc+:xnack-', chip='gfx950', num_cu=256, num_chiplets=8, perfconfig='attn:v1:128,256,64,1,1,4,32,1,3,1,2')
----------------------------------------------------------------------------------------------------
PASS: GemmGemmConfiguration(datatype='f16', g=2, m=13, k=116, n=101, o=103, trans_a=True, trans_b=True, trans_c=True, trans_o=False, arch='gfx950:sramecc+:xnack-', chip='gfx950', num_cu=256, num_chiplets=8, perfconfig='attn:v1:64,256,32,2,1,1,32,1,1,4,0')
----------------------------------------------------------------------------------------------------
PASS: GemmGemmConfiguration(datatype='f32', g=1, m=40, k=26, n=80, o=111, trans_a=False, trans_b=False, trans_c=True, trans_o=True, arch='gfx950:sramecc+:xnack-', chip='gfx950', num_cu=256, num_chiplets=8, perfconfig='attn:v1:64,128,16,2,1,16,16,3,2,1,0')
----------------------------------------------------------------------------------------------------
PASS: GemmGemmConfiguration(datatype='bf16', g=1, m=1, k=73, n=57, o=26, trans_a=True, trans_b=False, trans_c=True, trans_o=True, arch='gfx950:sramecc+:xnack-', chip='gfx950', num_cu=256, num_chiplets=8, perfconfig='attn:v1:64,64,128,2,1,1,0,3,3,2,2')
----------------------------------------------------------------------------------------------------
PASS: GemmGemmConfiguration(datatype='f32', g=1, m=21, k=95, n=63, o=54, trans_a=True, trans_b=False, trans_c=True, trans_o=True, arch='gfx950:sramecc+:xnack-', chip='gfx950', num_cu=256, num_chiplets=8, perfconfig='attn:v1:128,128,64,2,1,16,0,1,1,8,0')
----------------------------------------------------------------------------------------------------
PASS: GemmGemmConfiguration(datatype='bf16', g=1, m=117, k=127, n=72, o=111, trans_a=True, trans_b=True, trans_c=True, trans_o=False, arch='gfx950:sramecc+:xnack-', chip='gfx950', num_cu=256, num_chiplets=8, perfconfig='attn:v1:128,128,128,1,1,16,32,1,3,1,2')
----------------------------------------------------------------------------------------------------
PASS: GemmGemmConfiguration(datatype='bf16', g=2, m=24, k=11, n=113, o=35, trans_a=False, trans_b=True, trans_c=True, trans_o=False, arch='gfx950:sramecc+:xnack-', chip='gfx950', num_cu=256, num_chiplets=8, perfconfig='attn:v1:64,32,16,1,1,8,0,3,2,8,2')
----------------------------------------------------------------------------------------------------
PASS: GemmGemmConfiguration(datatype='bf16', g=2, m=70, k=124, n=46, o=84, trans_a=True, trans_b=False, trans_c=True, trans_o=True, arch='gfx950:sramecc+:xnack-', chip='gfx950', num_cu=256, num_chiplets=8, perfconfig='attn:v1:16,32,16,1,1,1,32,2,3,2,1')
----------------------------------------------------------------------------------------------------
PASS: GemmGemmConfiguration(datatype='bf16', g=2, m=38, k=104, n=121, o=70, trans_a=True, trans_b=True, trans_c=True, trans_o=True, arch='gfx950:sramecc+:xnack-', chip='gfx950', num_cu=256, num_chiplets=8, perfconfig='attn:v1:64,128,128,2,1,4,32,3,2,1,2')
----------------------------------------------------------------------------------------------------
PASS: GemmGemmConfiguration(datatype='f16', g=1, m=20, k=36, n=38, o=36, trans_a=False, trans_b=True, trans_c=True, trans_o=True, arch='gfx950:sramecc+:xnack-', chip='gfx950', num_cu=256, num_chiplets=8, perfconfig='attn:v1:256,256,128,1,1,4,0,1,3,8,1')
FAIL: Runner returned incorrect result
Config = GemmGemmConfiguration(datatype='bf16', g=1, m=8, k=46, n=66, o=4, trans_a=False, trans_b=True, trans_c=False, trans_o=False, arch='gfx950:sramecc+:xnack-', chip='gfx950', num_cu=256, num_chiplets=8, perfconfig='attn:v1:64,64,32,2,1,2,0,3,3,0,4')
Command line = -operation gemm_gemm -t bf16 --arch gfx950:sramecc+:xnack- --num_cu 256 --num_chiplets 8 -g 1 -m 8 -k 46 -n 66 -gemmO 4 -transA=False -transB=True -transC=False -transO=False --perf_config=attn:v1:64,64,32,2,1,2,0,3,3,0,4 -pv -RMS_threshold 1e-2
Output = Number of elements: 32
maxAbsDiff info: maxAbsDiff = 1046.250000 (valNum = -1000.00000, gpuNum = 46.25000), average absDiff = 6.9e+02
maxRelDiff info: maxRelDiff = 1.0e+00 (valNum = -972.0000000000, gpuNum = 45.2500000000), average relDiff = 1.0e+00
RMS = 7.4e-01
Histogram of relDiff: 
        relDiff = 0     : 0/32 (0.000000%)
     0 < relDiff < 1e-06: 0/32 (0.000000%)
1e-06 < relDiff <= 1e-05: 0/32 (0.000000%)
1e-05 < relDiff <= 1e-04: 0/32 (0.000000%)
1e-04 < relDiff <= 1e-03: 0/32 (0.000000%)
1e-03 < relDiff <= 1e-02: 0/32 (0.000000%)
1e-02 < relDiff <= 1e-01: 0/32 (0.000000%)
1e-01 < relDiff <= 1e+00: 0/32 (0.000000%)
1e+00 < relDiff < inf   : 32/32 (100.000000%)
        relDiff = inf   : 0/32 (0.000000%)
[0 0 1]

Lowering rejected config as not applicable
Command line = -operation gemm_gemm -t f32 --arch gfx950:sramecc+:xnack- --num_cu 256 --num_chiplets 8 -g 1 -m 24 -k 73 -n 95 -gemmO 83 -transA=True -transB=False -transC=True -transO=False --perf_config=attn:v1:32,256,64,2,1,8,32,3,3,4,8 -pv -relDiff_threshold 1e-4
Errors = loc("<stdin>":9:1): error: ttg.shared (221184) exceeds LDS limit (163840) for amdgcn-amd-amdhsa:gfx950:sramecc+:xnack-
Lowering not applicable.

----------------------------------------------------------------------------------------------------
NOT_APPLICABLE: GemmGemmConfiguration(datatype='f32', g=1, m=24, k=73, n=95, o=83, trans_a=True, trans_b=False, trans_c=True, trans_o=False, arch='gfx950:sramecc+:xnack-', chip='gfx950', num_cu=256, num_chiplets=8, perfconfig='attn:v1:32,256,64,2,1,8,32,3,3,4,8')
----------------------------------------------------------------------------------------------------
PASS: GemmGemmConfiguration(datatype='f32', g=1, m=38, k=57, n=44, o=32, trans_a=True, trans_b=True, trans_c=False, trans_o=True, arch='gfx950:sramecc+:xnack-', chip='gfx950', num_cu=256, num_chiplets=8, perfconfig='attn:v1:64,16,32,1,1,4,16,3,1,8,1')
----------------------------------------------------------------------------------------------------
PASS: GemmGemmConfiguration(datatype='f16', g=1, m=60, k=32, n=116, o=68, trans_a=False, trans_b=False, trans_c=False, trans_o=True, arch='gfx950:sramecc+:xnack-', chip='gfx950', num_cu=256, num_chiplets=8, perfconfig='attn:v1:16,16,128,2,1,4,0,2,1,4,4')
----------------------------------------------------------------------------------------------------
PASS: GemmGemmConfiguration(datatype='f16', g=2, m=47, k=41, n=121, o=36, trans_a=False, trans_b=False, trans_c=True, trans_o=True, arch='gfx950:sramecc+:xnack-', chip='gfx950', num_cu=256, num_chiplets=8, perfconfig='attn:v1:64,32,128,1,1,16,0,4,3,8,4')
----------------------------------------------------------------------------------------------------
PASS: GemmGemmConfiguration(datatype='f16', g=2, m=49, k=32, n=69, o=40, trans_a=True, trans_b=True, trans_c=False, trans_o=True, arch='gfx950:sramecc+:xnack-', chip='gfx950', num_cu=256, num_chiplets=8, perfconfig='attn:v1:16,64,128,1,1,2,0,4,3,1,2')
----------------------------------------------------------------------------------------------------
PASS: GemmGemmConfiguration(datatype='f16', g=1, m=98, k=94, n=39, o=43, trans_a=False, trans_b=True, trans_c=False, trans_o=True, arch='gfx950:sramecc+:xnack-', chip='gfx950', num_cu=256, num_chiplets=8, perfconfig='attn:v1:32,256,32,2,1,16,0,3,3,2,2')
----------------------------------------------------------------------------------------------------
PASS: GemmGemmConfiguration(datatype='f16', g=1, m=68, k=49, n=58, o=91, trans_a=True, trans_b=True, trans_c=True, trans_o=True, arch='gfx950:sramecc+:xnack-', chip='gfx950', num_cu=256, num_chiplets=8, perfconfig='attn:v1:128,32,32,1,1,1,32,4,2,8,1')
----------------------------------------------------------------------------------------------------
PASS: GemmGemmConfiguration(datatype='bf16', g=1, m=106, k=1, n=93, o=116, trans_a=False, trans_b=False, trans_c=True, trans_o=True, arch='gfx950:sramecc+:xnack-', chip='gfx950', num_cu=256, num_chiplets=8, perfconfig='attn:v1:128,256,16,1,1,4,0,3,3,4,4')
----------------------------------------------------------------------------------------------------
PASS: GemmGemmConfiguration(datatype='bf16', g=2, m=89, k=14, n=64, o=94, trans_a=False, trans_b=False, trans_c=False, trans_o=False, arch='gfx950:sramecc+:xnack-', chip='gfx950', num_cu=256, num_chiplets=8, perfconfig='attn:v1:16,16,128,2,1,8,16,4,1,8,8')
----------------------------------------------------------------------------------------------------
PASS: GemmGemmConfiguration(datatype='bf16', g=2, m=4, k=44, n=16, o=17, trans_a=False, trans_b=False, trans_c=True, trans_o=False, arch='gfx950:sramecc+:xnack-', chip='gfx950', num_cu=256, num_chiplets=8, perfconfig='attn:v1:64,64,64,2,1,4,0,3,3,4,8')
----------------------------------------------------------------------------------------------------
PASS: GemmGemmConfiguration(datatype='f16', g=1, m=52, k=93, n=18, o=86, trans_a=True, trans_b=True, trans_c=False, trans_o=False, arch='gfx950:sramecc+:xnack-', chip='gfx950', num_cu=256, num_chiplets=8, perfconfig='attn:v1:64,128,128,2,1,16,16,2,2,8,0')
----------------------------------------------------------------------------------------------------
PASS: GemmGemmConfiguration(datatype='f16', g=2, m=2, k=101, n=96, o=90, trans_a=False, trans_b=False, trans_c=False, trans_o=True, arch='gfx950:sramecc+:xnack-', chip='gfx950', num_cu=256, num_chiplets=8, perfconfig='attn:v1:16,16,32,1,1,2,32,2,2,0,8')
----------------------------------------------------------------------------------------------------
PASS: GemmGemmConfiguration(datatype='f32', g=2, m=29, k=38, n=116, o=37, trans_a=True, trans_b=False, trans_c=False, trans_o=True, arch='gfx950:sramecc+:xnack-', chip='gfx950', num_cu=256, num_chiplets=8, perfconfig='attn:v1:256,128,32,2,1,16,32,1,2,4,8')
----------------------------------------------------------------------------------------------------
PASS: GemmGemmConfiguration(datatype='bf16', g=2, m=49, k=84, n=91, o=98, trans_a=False, trans_b=False, trans_c=True, trans_o=False, arch='gfx950:sramecc+:xnack-', chip='gfx950', num_cu=256, num_chiplets=8, perfconfig='attn:v1:16,256,32,1,1,8,16,3,2,2,1')
----------------------------------------------------------------------------------------------------
PASS: GemmGemmConfiguration(datatype='bf16', g=2, m=82, k=96, n=87, o=126, trans_a=True, trans_b=False, trans_c=True, trans_o=False, arch='gfx950:sramecc+:xnack-', chip='gfx950', num_cu=256, num_chiplets=8, perfconfig='attn:v1:32,64,64,2,1,2,32,2,2,0,8')
----------------------------------------------------------------------------------------------------
PASS: GemmGemmConfiguration(datatype='f16', g=2, m=59, k=120, n=115, o=125, trans_a=False, trans_b=True, trans_c=False, trans_o=False, arch='gfx950:sramecc+:xnack-', chip='gfx950', num_cu=256, num_chiplets=8, perfconfig='attn:v1:64,256,64,1,1,2,32,1,1,0,0')
Lowering rejected config as not applicable
Command line = -operation gemm_gemm -t f32 --arch gfx950:sramecc+:xnack- --num_cu 256 --num_chiplets 8 -g 2 -m 5 -k 26 -n 84 -gemmO 103 -transA=True -transB=False -transC=True -transO=True --perf_config=attn:v1:256,256,16,1,1,16,0,1,2,0,4 -pv -relDiff_threshold 1e-4
Errors = loc("<stdin>":10:1): error: ttg.shared (262144) exceeds LDS limit (163840) for amdgcn-amd-amdhsa:gfx950:sramecc+:xnack-
Lowering not applicable.

----------------------------------------------------------------------------------------------------
NOT_APPLICABLE: GemmGemmConfiguration(datatype='f32', g=2, m=5, k=26, n=84, o=103, trans_a=True, trans_b=False, trans_c=True, trans_o=True, arch='gfx950:sramecc+:xnack-', chip='gfx950', num_cu=256, num_chiplets=8, perfconfig='attn:v1:256,256,16,1,1,16,0,1,2,0,4')
----------------------------------------------------------------------------------------------------
PASS: GemmGemmConfiguration(datatype='f32', g=2, m=84, k=20, n=62, o=40, trans_a=False, trans_b=False, trans_c=False, trans_o=True, arch='gfx950:sramecc+:xnack-', chip='gfx950', num_cu=256, num_chiplets=8, perfconfig='attn:v1:16,64,32,1,1,8,32,3,1,1,1')
----------------------------------------------------------------------------------------------------
PASS: GemmGemmConfiguration(datatype='f32', g=2, m=52, k=96, n=3, o=9, trans_a=True, trans_b=True, trans_c=False, trans_o=False, arch='gfx950:sramecc+:xnack-', chip='gfx950', num_cu=256, num_chiplets=8, perfconfig='attn:v1:128,32,32,1,1,2,0,2,1,1,1')
----------------------------------------------------------------------------------------------------
FAIL: GemmGemmConfiguration(datatype='bf16', g=1, m=8, k=46, n=66, o=4, trans_a=False, trans_b=True, trans_c=False, trans_o=False, arch='gfx950:sramecc+:xnack-', chip='gfx950', num_cu=256, num_chiplets=8, perfconfig='attn:v1:64,64,32,2,1,2,0,3,3,0,4')
FAIL: Runner returned incorrect result
Config = GemmGemmConfiguration(datatype='f16', g=2, m=69, k=40, n=44, o=96, trans_a=True, trans_b=False, trans_c=True, trans_o=True, arch='gfx950:sramecc+:xnack-', chip='gfx950', num_cu=256, num_chiplets=8, perfconfig='attn:v1:64,16,32,2,1,4,0,2,1,8,0')
Command line = -operation gemm_gemm -t f16 --arch gfx950:sramecc+:xnack- --num_cu 256 --num_chiplets 8 -g 2 -m 69 -k 40 -n 44 -gemmO 96 -transA=True -transB=False -transC=True -transO=True --perf_config=attn:v1:64,16,32,2,1,4,0,2,1,8,0 -pv
Output = Number of elements: 13248
maxAbsDiff info: maxAbsDiff = 23.484375 (valNum = -41.62500, gpuNum = -18.14062), average absDiff = 9.2e+00
maxRelDiff info: maxRelDiff = 3.1e+00 (valNum = 1.5312500000, gpuNum = -3.2890625000), average relDiff = 2.1e+00
RMS = 2.6e-01
Histogram of relDiff: 
        relDiff = 0     : 0/13248 (0.000000%)
     0 < relDiff < 1e-06: 0/13248 (0.000000%)
1e-06 < relDiff <= 1e-05: 0/13248 (0.000000%)
1e-05 < relDiff <= 1e-04: 0/13248 (0.000000%)
1e-04 < relDiff <= 1e-03: 0/13248 (0.000000%)
1e-03 < relDiff <= 1e-02: 0/13248 (0.000000%)
1e-02 < relDiff <= 1e-01: 0/13248 (0.000000%)
1e-01 < relDiff <= 1e+00: 4416/13248 (33.333333%)
1e+00 < relDiff < inf   : 8832/13248 (66.666667%)
        relDiff = inf   : 0/13248 (0.000000%)
[0 1 1]

FAIL: Runner returned incorrect result
Config = GemmGemmConfiguration(datatype='bf16', g=1, m=116, k=86, n=11, o=26, trans_a=True, trans_b=True, trans_c=False, trans_o=True, arch='gfx950:sramecc+:xnack-', chip='gfx950', num_cu=256, num_chiplets=8, perfconfig='attn:v1:32,16,16,2,1,2,0,3,3,4,1')
Command line = -operation gemm_gemm -t bf16 --arch gfx950:sramecc+:xnack- --num_cu 256 --num_chiplets 8 -g 1 -m 116 -k 86 -n 11 -gemmO 26 -transA=True -transB=True -transC=False -transO=True --perf_config=attn:v1:32,16,16,2,1,2,0,3,3,4,1 -pv -RMS_threshold 1e-2
Output = Number of elements: 3016
maxAbsDiff info: maxAbsDiff = 243.000000 (valNum = -324.00000, gpuNum = -81.00000), average absDiff = 1.5e+02
maxRelDiff info: maxRelDiff = 7.6e-01 (valNum = 115.0000000000, gpuNum = 27.8750000000), average relDiff = 7.5e-01
RMS = 5.1e-01
Histogram of relDiff: 
        relDiff = 0     : 0/3016 (0.000000%)
     0 < relDiff < 1e-06: 0/3016 (0.000000%)
1e-06 < relDiff <= 1e-05: 0/3016 (0.000000%)
1e-05 < relDiff <= 1e-04: 0/3016 (0.000000%)
1e-04 < relDiff <= 1e-03: 0/3016 (0.000000%)
1e-03 < relDiff <= 1e-02: 0/3016 (0.000000%)
1e-02 < relDiff <= 1e-01: 0/3016 (0.000000%)
1e-01 < relDiff <= 1e+00: 3016/3016 (100.000000%)
1e+00 < relDiff < inf   : 0/3016 (0.000000%)
        relDiff = inf   : 0/3016 (0.000000%)
[0 0 1]

FAIL: Runner returned incorrect result
Config = GemmGemmConfiguration(datatype='f16', g=2, m=17, k=35, n=44, o=105, trans_a=False, trans_b=True, trans_c=False, trans_o=True, arch='gfx950:sramecc+:xnack-', chip='gfx950', num_cu=256, num_chiplets=8, perfconfig='attn:v1:32,64,16,2,1,16,16,4,3,8,4')
Command line = -operation gemm_gemm -t f16 --arch gfx950:sramecc+:xnack- --num_cu 256 --num_chiplets 8 -g 2 -m 17 -k 35 -n 44 -gemmO 105 -transA=False -transB=True -transC=False -transO=True --perf_config=attn:v1:32,64,16,2,1,16,16,4,3,8,4 -pv
Output = Number of elements: 3570
maxAbsDiff info: maxAbsDiff = 14.750000 (valNum = -25.00000, gpuNum = -10.25000), average absDiff = 7.5e+00
maxRelDiff info: maxRelDiff = 6.5e-01 (valNum = -6.0625000000, gpuNum = -2.1093750000), average relDiff = 5.8e-01
RMS = 3.3e-01
Histogram of relDiff: 
        relDiff = 0     : 0/3570 (0.000000%)
     0 < relDiff < 1e-06: 0/3570 (0.000000%)
1e-06 < relDiff <= 1e-05: 0/3570 (0.000000%)
1e-05 < relDiff <= 1e-04: 0/3570 (0.000000%)
1e-04 < relDiff <= 1e-03: 0/3570 (0.000000%)
1e-03 < relDiff <= 1e-02: 0/3570 (0.000000%)
1e-02 < relDiff <= 1e-01: 0/3570 (0.000000%)
1e-01 < relDiff <= 1e+00: 3570/3570 (100.000000%)
1e+00 < relDiff < inf   : 0/3570 (0.000000%)
        relDiff = inf   : 0/3570 (0.000000%)
[0 1 1]

FAIL: Runner returned incorrect result
Config = GemmGemmConfiguration(datatype='f16', g=1, m=95, k=73, n=22, o=125, trans_a=True, trans_b=False, trans_c=True, trans_o=True, arch='gfx950:sramecc+:xnack-', chip='gfx950', num_cu=256, num_chiplets=8, perfconfig='attn:v1:256,64,16,2,1,8,0,3,2,2,4')
Command line = -operation gemm_gemm -t f16 --arch gfx950:sramecc+:xnack- --num_cu 256 --num_chiplets 8 -g 1 -m 95 -k 73 -n 22 -gemmO 125 -transA=True -transB=False -transC=True -transO=True --perf_config=attn:v1:256,64,16,2,1,8,0,3,2,2,4 -pv
Output = Number of elements: 11875
maxAbsDiff info: maxAbsDiff = 359.750000 (valNum = -535.00000, gpuNum = -175.25000), average absDiff = 2.3e+02
maxRelDiff info: maxRelDiff = 6.7e-01 (valNum = 206.1250000000, gpuNum = 67.2500000000), average relDiff = 6.7e-01
RMS = 4.6e-01
Histogram of relDiff: 
        relDiff = 0     : 0/11875 (0.000000%)
     0 < relDiff < 1e-06: 0/11875 (0.000000%)
1e-06 < relDiff <= 1e-05: 0/11875 (0.000000%)
1e-05 < relDiff <= 1e-04: 0/11875 (0.000000%)
1e-04 < relDiff <= 1e-03: 0/11875 (0.000000%)
1e-03 < relDiff <= 1e-02: 0/11875 (0.000000%)
1e-02 < relDiff <= 1e-01: 0/11875 (0.000000%)
1e-01 < relDiff <= 1e+00: 11875/11875 (100.000000%)
1e+00 < relDiff < inf   : 0/11875 (0.000000%)
        relDiff = inf   : 0/11875 (0.000000%)
[0 0 1]

----------------------------------------------------------------------------------------------------
PASS: GemmGemmConfiguration(datatype='bf16', g=1, m=17, k=77, n=23, o=55, trans_a=False, trans_b=True, trans_c=False, trans_o=False, arch='gfx950:sramecc+:xnack-', chip='gfx950', num_cu=256, num_chiplets=8, perfconfig='attn:v1:16,128,64,1,1,4,32,2,1,8,1')
----------------------------------------------------------------------------------------------------
PASS: GemmGemmConfiguration(datatype='f32', g=1, m=111, k=121, n=25, o=23, trans_a=True, trans_b=False, trans_c=False, trans_o=False, arch='gfx950:sramecc+:xnack-', chip='gfx950', num_cu=256, num_chiplets=8, perfconfig='attn:v1:64,256,16,2,1,4,16,1,3,8,8')
----------------------------------------------------------------------------------------------------
FAIL: GemmGemmConfiguration(datatype='f16', g=2, m=69, k=40, n=44, o=96, trans_a=True, trans_b=False, trans_c=True, trans_o=True, arch='gfx950:sramecc+:xnack-', chip='gfx950', num_cu=256, num_chiplets=8, perfconfig='attn:v1:64,16,32,2,1,4,0,2,1,8,0')
----------------------------------------------------------------------------------------------------
PASS: GemmGemmConfiguration(datatype='f16', g=1, m=102, k=31, n=128, o=85, trans_a=False, trans_b=True, trans_c=False, trans_o=False, arch='gfx950:sramecc+:xnack-', chip='gfx950', num_cu=256, num_chiplets=8, perfconfig='attn:v1:128,128,128,2,1,1,16,1,1,8,2')
----------------------------------------------------------------------------------------------------
FAIL: GemmGemmConfiguration(datatype='bf16', g=1, m=116, k=86, n=11, o=26, trans_a=True, trans_b=True, trans_c=False, trans_o=True, arch='gfx950:sramecc+:xnack-', chip='gfx950', num_cu=256, num_chiplets=8, perfconfig='attn:v1:32,16,16,2,1,2,0,3,3,4,1')
----------------------------------------------------------------------------------------------------
PASS: GemmGemmConfiguration(datatype='f16', g=1, m=6, k=15, n=99, o=2, trans_a=False, trans_b=False, trans_c=False, trans_o=True, arch='gfx950:sramecc+:xnack-', chip='gfx950', num_cu=256, num_chiplets=8, perfconfig='attn:v1:128,128,16,2,1,1,32,3,3,1,4')
----------------------------------------------------------------------------------------------------
FAIL: GemmGemmConfiguration(datatype='f16', g=2, m=17, k=35, n=44, o=105, trans_a=False, trans_b=True, trans_c=False, trans_o=True, arch='gfx950:sramecc+:xnack-', chip='gfx950', num_cu=256, num_chiplets=8, perfconfig='attn:v1:32,64,16,2,1,16,16,4,3,8,4')
----------------------------------------------------------------------------------------------------
PASS: GemmGemmConfiguration(datatype='f16', g=1, m=69, k=92, n=113, o=32, trans_a=True, trans_b=True, trans_c=False, trans_o=False, arch='gfx950:sramecc+:xnack-', chip='gfx950', num_cu=256, num_chiplets=8, perfconfig='attn:v1:16,16,128,1,1,2,16,4,2,1,8')
----------------------------------------------------------------------------------------------------
PASS: GemmGemmConfiguration(datatype='bf16', g=2, m=80, k=24, n=95, o=17, trans_a=True, trans_b=True, trans_c=False, trans_o=True, arch='gfx950:sramecc+:xnack-', chip='gfx950', num_cu=256, num_chiplets=8, perfconfig='attn:v1:128,64,64,1,1,8,0,1,3,2,8')
----------------------------------------------------------------------------------------------------
PASS: GemmGemmConfiguration(datatype='f32', g=2, m=46, k=44, n=88, o=14, trans_a=True, trans_b=False, trans_c=True, trans_o=True, arch='gfx950:sramecc+:xnack-', chip='gfx950', num_cu=256, num_chiplets=8, perfconfig='attn:v1:16,16,64,1,1,16,32,3,1,0,1')
----------------------------------------------------------------------------------------------------
FAIL: GemmGemmConfiguration(datatype='f16', g=1, m=95, k=73, n=22, o=125, trans_a=True, trans_b=False, trans_c=True, trans_o=True, arch='gfx950:sramecc+:xnack-', chip='gfx950', num_cu=256, num_chiplets=8, perfconfig='attn:v1:256,64,16,2,1,8,0,3,2,2,4')
----------------------------------------------------------------------------------------------------
PASS: GemmGemmConfiguration(datatype='f32', g=2, m=33, k=14, n=96, o=38, trans_a=False, trans_b=False, trans_c=False, trans_o=False, arch='gfx950:sramecc+:xnack-', chip='gfx950', num_cu=256, num_chiplets=8, perfconfig='attn:v1:16,256,128,2,1,4,16,2,1,4,0')
----------------------------------------------------------------------------------------------------
PASS: GemmGemmConfiguration(datatype='f32', g=1, m=52, k=60, n=3, o=22, trans_a=True, trans_b=True, trans_c=False, trans_o=True, arch='gfx950:sramecc+:xnack-', chip='gfx950', num_cu=256, num_chiplets=8, perfconfig='attn:v1:64,16,32,2,1,16,0,3,3,8,1')
----------------------------------------------------------------------------------------------------
PASS: GemmGemmConfiguration(datatype='f32', g=1, m=62, k=116, n=112, o=77, trans_a=True, trans_b=False, trans_c=True, trans_o=False, arch='gfx950:sramecc+:xnack-', chip='gfx950', num_cu=256, num_chiplets=8, perfconfig='attn:v1:16,32,16,1,1,8,16,2,2,8,4')
----------------------------------------------------------------------------------------------------
PASS: GemmGemmConfiguration(datatype='f16', g=1, m=120, k=116, n=128, o=87, trans_a=True, trans_b=False, trans_c=True, trans_o=True, arch='gfx950:sramecc+:xnack-', chip='gfx950', num_cu=256, num_chiplets=8, perfconfig='attn:v1:256,32,32,2,1,16,32,4,3,0,1')
----------------------------------------------------------------------------------------------------
PASS: GemmGemmConfiguration(datatype='f32', g=2, m=80, k=14, n=100, o=12, trans_a=True, trans_b=False, trans_c=False, trans_o=True, arch='gfx950:sramecc+:xnack-', chip='gfx950', num_cu=256, num_chiplets=8, perfconfig='attn:v1:128,64,128,1,1,8,16,1,1,1,8')
----------------------------------------------------------------------------------------------------
PASS: GemmGemmConfiguration(datatype='f32', g=2, m=97, k=89, n=100, o=40, trans_a=True, trans_b=True, trans_c=False, trans_o=False, arch='gfx950:sramecc+:xnack-', chip='gfx950', num_cu=256, num_chiplets=8, perfconfig='attn:v1:32,16,128,1,1,2,16,4,2,8,1')
----------------------------------------------------------------------------------------------------
PASS: GemmGemmConfiguration(datatype='f32', g=1, m=106, k=41, n=100, o=14, trans_a=False, trans_b=True, trans_c=False, trans_o=False, arch='gfx950:sramecc+:xnack-', chip='gfx950', num_cu=256, num_chiplets=8, perfconfig='attn:v1:16,256,32,1,1,4,32,3,3,8,0')
----------------------------------------------------------------------------------------------------
PASS: GemmGemmConfiguration(datatype='f16', g=2, m=49, k=68, n=82, o=86, trans_a=True, trans_b=True, trans_c=True, trans_o=True, arch='gfx950:sramecc+:xnack-', chip='gfx950', num_cu=256, num_chiplets=8, perfconfig='attn:v1:64,64,64,2,1,16,0,3,2,1,4')
----------------------------------------------------------------------------------------------------
PASS: GemmGemmConfiguration(datatype='f32', g=1, m=38, k=104, n=104, o=45, trans_a=False, trans_b=False, trans_c=True, trans_o=True, arch='gfx950:sramecc+:xnack-', chip='gfx950', num_cu=256, num_chiplets=8, perfconfig='attn:v1:256,256,128,1,1,1,32,1,3,4,0')
----------------------------------------------------------------------------------------------------
PASS: GemmGemmConfiguration(datatype='f16', g=1, m=113, k=15, n=122, o=54, trans_a=False, trans_b=False, trans_c=False, trans_o=False, arch='gfx950:sramecc+:xnack-', chip='gfx950', num_cu=256, num_chiplets=8, perfconfig='attn:v1:64,32,32,2,1,4,32,2,1,0,2')
----------------------------------------------------------------------------------------------------
PASS: GemmGemmConfiguration(datatype='f32', g=1, m=128, k=86, n=54, o=64, trans_a=True, trans_b=True, trans_c=True, trans_o=True, arch='gfx950:sramecc+:xnack-', chip='gfx950', num_cu=256, num_chiplets=8, perfconfig='attn:v1:16,16,128,2,1,4,32,4,3,1,8')
----------------------------------------------------------------------------------------------------
PASS: GemmGemmConfiguration(datatype='f16', g=1, m=115, k=66, n=56, o=100, trans_a=True, trans_b=True, trans_c=False, trans_o=False, arch='gfx950:sramecc+:xnack-', chip='gfx950', num_cu=256, num_chiplets=8, perfconfig='attn:v1:32,32,128,2,1,2,0,3,1,4,2')
FAIL: Runner returned incorrect result
Config = GemmGemmConfiguration(datatype='bf16', g=1, m=48, k=47, n=76, o=49, trans_a=True, trans_b=True, trans_c=True, trans_o=True, arch='gfx950:sramecc+:xnack-', chip='gfx950', num_cu=256, num_chiplets=8, perfconfig='attn:v1:32,32,16,2,1,1,32,2,1,4,8')
Command line = -operation gemm_gemm -t bf16 --arch gfx950:sramecc+:xnack- --num_cu 256 --num_chiplets 8 -g 1 -m 48 -k 47 -n 76 -gemmO 49 -transA=True -transB=True -transC=True -transO=True --perf_config=attn:v1:32,32,16,2,1,1,32,2,1,4,8 -pv -RMS_threshold 1e-2
Output = Number of elements: 2352
maxAbsDiff info: maxAbsDiff = 28.125000 (valNum = -38.50000, gpuNum = -10.37500), average absDiff = 1.7e+01
maxRelDiff info: maxRelDiff = 1.1e+00 (valNum = -12.8750000000, gpuNum = 0.9765625000), average relDiff = 7.5e-01
RMS = 3.4e-01
Histogram of relDiff: 
        relDiff = 0     : 0/2352 (0.000000%)
     0 < relDiff < 1e-06: 0/2352 (0.000000%)
1e-06 < relDiff <= 1e-05: 0/2352 (0.000000%)
1e-05 < relDiff <= 1e-04: 0/2352 (0.000000%)
1e-04 < relDiff <= 1e-03: 0/2352 (0.000000%)
1e-03 < relDiff <= 1e-02: 0/2352 (0.000000%)
1e-02 < relDiff <= 1e-01: 0/2352 (0.000000%)
1e-01 < relDiff <= 1e+00: 1536/2352 (65.306122%)
1e+00 < relDiff < inf   : 816/2352 (34.693878%)
        relDiff = inf   : 0/2352 (0.000000%)
[0 1 1]

FAIL: Runner returned incorrect result
Config = GemmGemmConfiguration(datatype='f16', g=1, m=125, k=119, n=84, o=39, trans_a=False, trans_b=False, trans_c=True, trans_o=True, arch='gfx950:sramecc+:xnack-', chip='gfx950', num_cu=256, num_chiplets=8, perfconfig='attn:v1:16,128,32,2,1,4,16,3,2,0,1')
Command line = -operation gemm_gemm -t f16 --arch gfx950:sramecc+:xnack- --num_cu 256 --num_chiplets 8 -g 1 -m 125 -k 119 -n 84 -gemmO 39 -transA=False -transB=False -transC=True -transO=True --perf_config=attn:v1:16,128,32,2,1,4,16,3,2,0,1 -pv
Output = Number of elements: 4875
maxAbsDiff info: maxAbsDiff = 302.750000 (valNum = 558.00000, gpuNum = 255.25000), average absDiff = 2.9e+02
maxRelDiff info: maxRelDiff = 6.2e-01 (valNum = 469.5000000000, gpuNum = 180.7500000000), average relDiff = 5.7e-01
RMS = 5.2e-01
Histogram of relDiff: 
        relDiff = 0     : 0/4875 (0.000000%)
     0 < relDiff < 1e-06: 0/4875 (0.000000%)
1e-06 < relDiff <= 1e-05: 0/4875 (0.000000%)
1e-05 < relDiff <= 1e-04: 0/4875 (0.000000%)
1e-04 < relDiff <= 1e-03: 0/4875 (0.000000%)
1e-03 < relDiff <= 1e-02: 0/4875 (0.000000%)
1e-02 < relDiff <= 1e-01: 0/4875 (0.000000%)
1e-01 < relDiff <= 1e+00: 4875/4875 (100.000000%)
1e+00 < relDiff < inf   : 0/4875 (0.000000%)
        relDiff = inf   : 0/4875 (0.000000%)
[0 0 1]

FAIL: Runner returned incorrect result
Config = GemmGemmConfiguration(datatype='f16', g=2, m=89, k=48, n=29, o=65, trans_a=True, trans_b=False, trans_c=False, trans_o=False, arch='gfx950:sramecc+:xnack-', chip='gfx950', num_cu=256, num_chiplets=8, perfconfig='attn:v1:128,128,16,2,1,16,16,4,1,4,0')
Command line = -operation gemm_gemm -t f16 --arch gfx950:sramecc+:xnack- --num_cu 256 --num_chiplets 8 -g 2 -m 89 -k 48 -n 29 -gemmO 65 -transA=True -transB=False -transC=False -transO=False --perf_config=attn:v1:128,128,16,2,1,16,16,4,1,4,0 -pv
Output = Number of elements: 11570
maxAbsDiff info: maxAbsDiff = 192.750000 (valNum = -458.00000, gpuNum = -265.25000), average absDiff = 1.3e+02
maxRelDiff info: maxRelDiff = 4.6e-01 (valNum = 165.5000000000, gpuNum = 89.2500000000), average relDiff = 4.2e-01
RMS = 2.9e-01
Histogram of relDiff: 
        relDiff = 0     : 0/11570 (0.000000%)
     0 < relDiff < 1e-06: 0/11570 (0.000000%)
1e-06 < relDiff <= 1e-05: 0/11570 (0.000000%)
1e-05 < relDiff <= 1e-04: 0/11570 (0.000000%)
1e-04 < relDiff <= 1e-03: 0/11570 (0.000000%)
1e-03 < relDiff <= 1e-02: 0/11570 (0.000000%)
1e-02 < relDiff <= 1e-01: 0/11570 (0.000000%)
1e-01 < relDiff <= 1e+00: 11570/11570 (100.000000%)
1e+00 < relDiff < inf   : 0/11570 (0.000000%)
        relDiff = inf   : 0/11570 (0.000000%)
[0 0 1]

FAIL: Runner returned incorrect result
Config = GemmGemmConfiguration(datatype='f16', g=1, m=34, k=80, n=77, o=27, trans_a=True, trans_b=True, trans_c=False, trans_o=True, arch='gfx950:sramecc+:xnack-', chip='gfx950', num_cu=256, num_chiplets=8, perfconfig='attn:v1:64,32,64,2,1,1,16,2,1,8,0')
Command line = -operation gemm_gemm -t f16 --arch gfx950:sramecc+:xnack- --num_cu 256 --num_chiplets 8 -g 1 -m 34 -k 80 -n 77 -gemmO 27 -transA=True -transB=True -transC=False -transO=True --perf_config=attn:v1:64,32,64,2,1,1,16,2,1,8,0 -pv
Output = Number of elements: 918
maxAbsDiff info: maxAbsDiff = 44.437500 (valNum = -73.50000, gpuNum = -29.06250), average absDiff = 2.9e+01
maxRelDiff info: maxRelDiff = 3.9e+00 (valNum = -4.0312500000, gpuNum = 11.7187500000), average relDiff = 1.7e+00
RMS = 4.1e-01
Histogram of relDiff: 
        relDiff = 0     : 0/918 (0.000000%)
     0 < relDiff < 1e-06: 0/918 (0.000000%)
1e-06 < relDiff <= 1e-05: 0/918 (0.000000%)
1e-05 < relDiff <= 1e-04: 0/918 (0.000000%)
1e-04 < relDiff <= 1e-03: 0/918 (0.000000%)
1e-03 < relDiff <= 1e-02: 0/918 (0.000000%)
1e-02 < relDiff <= 1e-01: 0/918 (0.000000%)
1e-01 < relDiff <= 1e+00: 621/918 (67.647059%)
1e+00 < relDiff < inf   : 297/918 (32.352941%)
        relDiff = inf   : 0/918 (0.000000%)
[0 1 1]

FAIL: Runner returned incorrect result
Config = GemmGemmConfiguration(datatype='f16', g=2, m=3, k=56, n=38, o=61, trans_a=False, trans_b=False, trans_c=True, trans_o=False, arch='gfx950:sramecc+:xnack-', chip='gfx950', num_cu=256, num_chiplets=8, perfconfig='attn:v1:128,128,16,2,1,8,16,3,1,8,2')
Command line = -operation gemm_gemm -t f16 --arch gfx950:sramecc+:xnack- --num_cu 256 --num_chiplets 8 -g 2 -m 3 -k 56 -n 38 -gemmO 61 -transA=False -transB=False -transC=True -transO=False --perf_config=attn:v1:128,128,16,2,1,8,16,3,1,8,2 -pv
Output = Number of elements: 366
maxAbsDiff info: maxAbsDiff = 428.500000 (valNum = -708.00000, gpuNum = -279.50000), average absDiff = 2.8e+02
maxRelDiff info: maxRelDiff = 6.2e-01 (valNum = 258.2500000000, gpuNum = 98.3750000000), average relDiff = 6.1e-01
RMS = 4.2e-01
Histogram of relDiff: 
        relDiff = 0     : 0/366 (0.000000%)
     0 < relDiff < 1e-06: 0/366 (0.000000%)
1e-06 < relDiff <= 1e-05: 0/366 (0.000000%)
1e-05 < relDiff <= 1e-04: 0/366 (0.000000%)
1e-04 < relDiff <= 1e-03: 0/366 (0.000000%)
1e-03 < relDiff <= 1e-02: 0/366 (0.000000%)
1e-02 < relDiff <= 1e-01: 0/366 (0.000000%)
1e-01 < relDiff <= 1e+00: 366/366 (100.000000%)
1e+00 < relDiff < inf   : 0/366 (0.000000%)
        relDiff = inf   : 0/366 (0.000000%)
[0 0 1]

----------------------------------------------------------------------------------------------------
PASS: GemmGemmConfiguration(datatype='bf16', g=2, m=29, k=33, n=13, o=124, trans_a=False, trans_b=True, trans_c=False, trans_o=True, arch='gfx950:sramecc+:xnack-', chip='gfx950', num_cu=256, num_chiplets=8, perfconfig='attn:v1:32,16,128,2,1,2,32,1,3,2,4')
----------------------------------------------------------------------------------------------------
PASS: GemmGemmConfiguration(datatype='bf16', g=2, m=8, k=66, n=34, o=5, trans_a=False, trans_b=False, trans_c=True, trans_o=False, arch='gfx950:sramecc+:xnack-', chip='gfx950', num_cu=256, num_chiplets=8, perfconfig='attn:v1:128,64,128,1,1,2,0,1,3,1,2')
----------------------------------------------------------------------------------------------------
PASS: GemmGemmConfiguration(datatype='bf16', g=2, m=107, k=26, n=99, o=87, trans_a=True, trans_b=True, trans_c=False, trans_o=False, arch='gfx950:sramecc+:xnack-', chip='gfx950', num_cu=256, num_chiplets=8, perfconfig='attn:v1:64,32,32,2,1,4,0,2,1,4,8')
----------------------------------------------------------------------------------------------------
PASS: GemmGemmConfiguration(datatype='bf16', g=2, m=58, k=114, n=22, o=51, trans_a=False, trans_b=True, trans_c=False, trans_o=False, arch='gfx950:sramecc+:xnack-', chip='gfx950', num_cu=256, num_chiplets=8, perfconfig='attn:v1:32,256,32,2,1,1,32,4,1,2,4')
----------------------------------------------------------------------------------------------------
PASS: GemmGemmConfiguration(datatype='f16', g=2, m=12, k=85, n=127, o=106, trans_a=True, trans_b=True, trans_c=True, trans_o=False, arch='gfx950:sramecc+:xnack-', chip='gfx950', num_cu=256, num_chiplets=8, perfconfig='attn:v1:16,256,64,2,1,4,0,4,1,0,4')
----------------------------------------------------------------------------------------------------
PASS: GemmGemmConfiguration(datatype='f16', g=1, m=119, k=43, n=1, o=39, trans_a=False, trans_b=False, trans_c=True, trans_o=True, arch='gfx950:sramecc+:xnack-', chip='gfx950', num_cu=256, num_chiplets=8, perfconfig='attn:v1:64,128,64,2,1,16,16,2,2,0,0')
----------------------------------------------------------------------------------------------------
FAIL: GemmGemmConfiguration(datatype='bf16', g=1, m=48, k=47, n=76, o=49, trans_a=True, trans_b=True, trans_c=True, trans_o=True, arch='gfx950:sramecc+:xnack-', chip='gfx950', num_cu=256, num_chiplets=8, perfconfig='attn:v1:32,32,16,2,1,1,32,2,1,4,8')
----------------------------------------------------------------------------------------------------
PASS: GemmGemmConfiguration(datatype='bf16', g=1, m=125, k=70, n=52, o=42, trans_a=True, trans_b=False, trans_c=False, trans_o=False, arch='gfx950:sramecc+:xnack-', chip='gfx950', num_cu=256, num_chiplets=8, perfconfig='attn:v1:128,256,64,1,1,16,0,3,3,1,1')
----------------------------------------------------------------------------------------------------
FAIL: GemmGemmConfiguration(datatype='f16', g=1, m=125, k=119, n=84, o=39, trans_a=False, trans_b=False, trans_c=True, trans_o=True, arch='gfx950:sramecc+:xnack-', chip='gfx950', num_cu=256, num_chiplets=8, perfconfig='attn:v1:16,128,32,2,1,4,16,3,2,0,1')
----------------------------------------------------------------------------------------------------
PASS: GemmGemmConfiguration(datatype='bf16', g=2, m=119, k=91, n=96, o=38, trans_a=True, trans_b=False, trans_c=True, trans_o=True, arch='gfx950:sramecc+:xnack-', chip='gfx950', num_cu=256, num_chiplets=8, perfconfig='attn:v1:32,32,128,1,1,4,0,3,1,0,8')
----------------------------------------------------------------------------------------------------
PASS: GemmGemmConfiguration(datatype='f32', g=2, m=112, k=98, n=88, o=5, trans_a=True, trans_b=False, trans_c=True, trans_o=True, arch='gfx950:sramecc+:xnack-', chip='gfx950', num_cu=256, num_chiplets=8, perfconfig='attn:v1:64,32,128,2,1,4,16,2,2,4,0')
----------------------------------------------------------------------------------------------------
PASS: GemmGemmConfiguration(datatype='bf16', g=2, m=14, k=53, n=111, o=53, trans_a=True, trans_b=False, trans_c=True, trans_o=False, arch='gfx950:sramecc+:xnack-', chip='gfx950', num_cu=256, num_chiplets=8, perfconfig='attn:v1:32,16,128,2,1,1,0,3,2,8,2')
----------------------------------------------------------------------------------------------------
PASS: GemmGemmConfiguration(datatype='bf16', g=2, m=57, k=51, n=78, o=57, trans_a=False, trans_b=True, trans_c=True, trans_o=False, arch='gfx950:sramecc+:xnack-', chip='gfx950', num_cu=256, num_chiplets=8, perfconfig='attn:v1:256,64,32,2,1,4,0,2,1,4,4')
----------------------------------------------------------------------------------------------------
PASS: GemmGemmConfiguration(datatype='bf16', g=1, m=115, k=100, n=73, o=112, trans_a=False, trans_b=False, trans_c=False, trans_o=False, arch='gfx950:sramecc+:xnack-', chip='gfx950', num_cu=256, num_chiplets=8, perfconfig='attn:v1:16,16,128,2,1,8,32,1,2,4,1')
----------------------------------------------------------------------------------------------------
FAIL: GemmGemmConfiguration(datatype='f16', g=2, m=89, k=48, n=29, o=65, trans_a=True, trans_b=False, trans_c=False, trans_o=False, arch='gfx950:sramecc+:xnack-', chip='gfx950', num_cu=256, num_chiplets=8, perfconfig='attn:v1:128,128,16,2,1,16,16,4,1,4,0')
----------------------------------------------------------------------------------------------------
PASS: GemmGemmConfiguration(datatype='bf16', g=1, m=67, k=48, n=126, o=116, trans_a=True, trans_b=True, trans_c=False, trans_o=False, arch='gfx950:sramecc+:xnack-', chip='gfx950', num_cu=256, num_chiplets=8, perfconfig='attn:v1:256,128,128,2,1,16,32,1,1,2,0')
----------------------------------------------------------------------------------------------------
FAIL: GemmGemmConfiguration(datatype='f16', g=1, m=34, k=80, n=77, o=27, trans_a=True, trans_b=True, trans_c=False, trans_o=True, arch='gfx950:sramecc+:xnack-', chip='gfx950', num_cu=256, num_chiplets=8, perfconfig='attn:v1:64,32,64,2,1,1,16,2,1,8,0')
----------------------------------------------------------------------------------------------------
FAIL: GemmGemmConfiguration(datatype='f16', g=2, m=3, k=56, n=38, o=61, trans_a=False, trans_b=False, trans_c=True, trans_o=False, arch='gfx950:sramecc+:xnack-', chip='gfx950', num_cu=256, num_chiplets=8, perfconfig='attn:v1:128,128,16,2,1,8,16,3,1,8,2')
----------------------------------------------------------------------------------------------------
PASS: GemmGemmConfiguration(datatype='f16', g=1, m=106, k=7, n=60, o=127, trans_a=True, trans_b=True, trans_c=True, trans_o=False, arch='gfx950:sramecc+:xnack-', chip='gfx950', num_cu=256, num_chiplets=8, perfconfig='attn:v1:16,256,128,1,1,16,32,1,3,2,8')
----------------------------------------------------------------------------------------------------
PASS: GemmGemmConfiguration(datatype='f32', g=1, m=100, k=9, n=107, o=15, trans_a=False, trans_b=True, trans_c=False, trans_o=False, arch='gfx950:sramecc+:xnack-', chip='gfx950', num_cu=256, num_chiplets=8, perfconfig='attn:v1:64,128,128,1,1,16,32,2,1,1,8')
----------------------------------------------------------------------------------------------------
PASS: GemmGemmConfiguration(datatype='f16', g=2, m=44, k=126, n=28, o=67, trans_a=False, trans_b=False, trans_c=False, trans_o=False, arch='gfx950:sramecc+:xnack-', chip='gfx950', num_cu=256, num_chiplets=8, perfconfig='attn:v1:256,16,64,1,1,8,0,3,3,2,8')
----------------------------------------------------------------------------------------------------
PASS: GemmGemmConfiguration(datatype='f32', g=1, m=2, k=55, n=38, o=121, trans_a=True, trans_b=False, trans_c=False, trans_o=False, arch='gfx950:sramecc+:xnack-', chip='gfx950', num_cu=256, num_chiplets=8, perfconfig='attn:v1:16,16,64,1,1,8,0,3,2,2,1')
FAIL: Runner returned incorrect result
Config = GemmGemmConfiguration(datatype='bf16', g=1, m=29, k=54, n=37, o=22, trans_a=True, trans_b=False, trans_c=True, trans_o=False, arch='gfx950:sramecc+:xnack-', chip='gfx950', num_cu=256, num_chiplets=8, perfconfig='attn:v1:64,128,16,2,1,8,0,4,3,4,8')
Command line = -operation gemm_gemm -t bf16 --arch gfx950:sramecc+:xnack- --num_cu 256 --num_chiplets 8 -g 1 -m 29 -k 54 -n 37 -gemmO 22 -transA=True -transB=False -transC=True -transO=False --perf_config=attn:v1:64,128,16,2,1,8,0,4,3,4,8 -pv -RMS_threshold 1e-2
Output = Number of elements: 638
maxAbsDiff info: maxAbsDiff = 417.000000 (valNum = -660.00000, gpuNum = -243.00000), average absDiff = 2.7e+02
maxRelDiff info: maxRelDiff = 6.5e-01 (valNum = 251.0000000000, gpuNum = 89.0000000000), average relDiff = 6.3e-01
RMS = 4.4e-01
Histogram of relDiff: 
        relDiff = 0     : 0/638 (0.000000%)
     0 < relDiff < 1e-06: 0/638 (0.000000%)
1e-06 < relDiff <= 1e-05: 0/638 (0.000000%)
1e-05 < relDiff <= 1e-04: 0/638 (0.000000%)
1e-04 < relDiff <= 1e-03: 0/638 (0.000000%)
1e-03 < relDiff <= 1e-02: 0/638 (0.000000%)
1e-02 < relDiff <= 1e-01: 0/638 (0.000000%)
1e-01 < relDiff <= 1e+00: 638/638 (100.000000%)
1e+00 < relDiff < inf   : 0/638 (0.000000%)
        relDiff = inf   : 0/638 (0.000000%)
[0 0 1]

FAIL: Runner returned incorrect result
Config = GemmGemmConfiguration(datatype='bf16', g=2, m=122, k=46, n=75, o=5, trans_a=True, trans_b=False, trans_c=True, trans_o=True, arch='gfx950:sramecc+:xnack-', chip='gfx950', num_cu=256, num_chiplets=8, perfconfig='attn:v1:256,32,16,2,1,8,0,4,1,8,4')
Command line = -operation gemm_gemm -t bf16 --arch gfx950:sramecc+:xnack- --num_cu 256 --num_chiplets 8 -g 2 -m 122 -k 46 -n 75 -gemmO 5 -transA=True -transB=False -transC=True -transO=True --perf_config=attn:v1:256,32,16,2,1,8,0,4,1,8,4 -pv -RMS_threshold 1e-2
Output = Number of elements: 1220
maxAbsDiff info: maxAbsDiff = 105.500000 (valNum = 193.00000, gpuNum = 87.50000), average absDiff = 7.6e+01
maxRelDiff info: maxRelDiff = 5.5e-01 (valNum = 193.0000000000, gpuNum = 87.5000000000), average relDiff = 4.3e-01
RMS = 3.9e-01
Histogram of relDiff: 
        relDiff = 0     : 0/1220 (0.000000%)
     0 < relDiff < 1e-06: 0/1220 (0.000000%)
1e-06 < relDiff <= 1e-05: 0/1220 (0.000000%)
1e-05 < relDiff <= 1e-04: 0/1220 (0.000000%)
1e-04 < relDiff <= 1e-03: 0/1220 (0.000000%)
1e-03 < relDiff <= 1e-02: 0/1220 (0.000000%)
1e-02 < relDiff <= 1e-01: 0/1220 (0.000000%)
1e-01 < relDiff <= 1e+00: 1220/1220 (100.000000%)
1e+00 < relDiff < inf   : 0/1220 (0.000000%)
        relDiff = inf   : 0/1220 (0.000000%)
[0 0 1]

FAIL: Runner returned incorrect result
Config = GemmGemmConfiguration(datatype='f16', g=1, m=121, k=63, n=115, o=65, trans_a=False, trans_b=True, trans_c=False, trans_o=False, arch='gfx950:sramecc+:xnack-', chip='gfx950', num_cu=256, num_chiplets=8, perfconfig='attn:v1:64,16,16,2,1,8,0,3,1,1,4')
Command line = -operation gemm_gemm -t f16 --arch gfx950:sramecc+:xnack- --num_cu 256 --num_chiplets 8 -g 1 -m 121 -k 63 -n 115 -gemmO 65 -transA=False -transB=True -transC=False -transO=False --perf_config=attn:v1:64,16,16,2,1,8,0,3,1,1,4 -pv
Output = Number of elements: 7865
maxAbsDiff info: maxAbsDiff = 326.718750 (valNum = 380.50000, gpuNum = 53.78125), average absDiff = 2.8e+02
maxRelDiff info: maxRelDiff = 8.6e-01 (valNum = 380.5000000000, gpuNum = 53.7812500000), average relDiff = 7.8e-01
RMS = 7.4e-01
Histogram of relDiff: 
        relDiff = 0     : 0/7865 (0.000000%)
     0 < relDiff < 1e-06: 0/7865 (0.000000%)
1e-06 < relDiff <= 1e-05: 0/7865 (0.000000%)
1e-05 < relDiff <= 1e-04: 0/7865 (0.000000%)
1e-04 < relDiff <= 1e-03: 0/7865 (0.000000%)
1e-03 < relDiff <= 1e-02: 0/7865 (0.000000%)
1e-02 < relDiff <= 1e-01: 0/7865 (0.000000%)
1e-01 < relDiff <= 1e+00: 7865/7865 (100.000000%)
1e+00 < relDiff < inf   : 0/7865 (0.000000%)
        relDiff = inf   : 0/7865 (0.000000%)
[0 0 1]

----------------------------------------------------------------------------------------------------
PASS: GemmGemmConfiguration(datatype='bf16', g=2, m=30, k=42, n=86, o=13, trans_a=False, trans_b=False, trans_c=False, trans_o=False, arch='gfx950:sramecc+:xnack-', chip='gfx950', num_cu=256, num_chiplets=8, perfconfig='attn:v1:32,128,64,1,1,4,32,2,1,0,2')
----------------------------------------------------------------------------------------------------
FAIL: GemmGemmConfiguration(datatype='bf16', g=1, m=29, k=54, n=37, o=22, trans_a=True, trans_b=False, trans_c=True, trans_o=False, arch='gfx950:sramecc+:xnack-', chip='gfx950', num_cu=256, num_chiplets=8, perfconfig='attn:v1:64,128,16,2,1,8,0,4,3,4,8')
----------------------------------------------------------------------------------------------------
PASS: GemmGemmConfiguration(datatype='f32', g=1, m=73, k=1, n=73, o=51, trans_a=False, trans_b=True, trans_c=True, trans_o=False, arch='gfx950:sramecc+:xnack-', chip='gfx950', num_cu=256, num_chiplets=8, perfconfig='attn:v1:64,16,16,1,1,2,32,2,3,4,0')
----------------------------------------------------------------------------------------------------
FAIL: GemmGemmConfiguration(datatype='bf16', g=2, m=122, k=46, n=75, o=5, trans_a=True, trans_b=False, trans_c=True, trans_o=True, arch='gfx950:sramecc+:xnack-', chip='gfx950', num_cu=256, num_chiplets=8, perfconfig='attn:v1:256,32,16,2,1,8,0,4,1,8,4')
----------------------------------------------------------------------------------------------------
PASS: GemmGemmConfiguration(datatype='f32', g=2, m=104, k=123, n=84, o=43, trans_a=True, trans_b=False, trans_c=True, trans_o=False, arch='gfx950:sramecc+:xnack-', chip='gfx950', num_cu=256, num_chiplets=8, perfconfig='attn:v1:64,128,16,2,1,2,32,4,2,0,2')
----------------------------------------------------------------------------------------------------
PASS: GemmGemmConfiguration(datatype='bf16', g=2, m=28, k=21, n=86, o=50, trans_a=False, trans_b=True, trans_c=True, trans_o=True, arch='gfx950:sramecc+:xnack-', chip='gfx950', num_cu=256, num_chiplets=8, perfconfig='attn:v1:128,256,128,1,1,4,32,3,1,2,8')
----------------------------------------------------------------------------------------------------
PASS: GemmGemmConfiguration(datatype='f16', g=1, m=67, k=95, n=127, o=74, trans_a=False, trans_b=False, trans_c=True, trans_o=True, arch='gfx950:sramecc+:xnack-', chip='gfx950', num_cu=256, num_chiplets=8, perfconfig='attn:v1:64,256,16,1,1,1,32,2,1,4,2')
----------------------------------------------------------------------------------------------------
PASS: GemmGemmConfiguration(datatype='f32', g=1, m=61, k=19, n=7, o=39, trans_a=True, trans_b=True, trans_c=True, trans_o=True, arch='gfx950:sramecc+:xnack-', chip='gfx950', num_cu=256, num_chiplets=8, perfconfig='attn:v1:16,16,128,1,1,2,32,2,3,8,4')
----------------------------------------------------------------------------------------------------
PASS: GemmGemmConfiguration(datatype='f32', g=2, m=61, k=99, n=61, o=33, trans_a=True, trans_b=False, trans_c=True, trans_o=True, arch='gfx950:sramecc+:xnack-', chip='gfx950', num_cu=256, num_chiplets=8, perfconfig='attn:v1:16,64,16,1,1,2,0,1,2,1,0')
----------------------------------------------------------------------------------------------------
PASS: GemmGemmConfiguration(datatype='f16', g=2, m=14, k=28, n=68, o=93, trans_a=True, trans_b=False, trans_c=False, trans_o=True, arch='gfx950:sramecc+:xnack-', chip='gfx950', num_cu=256, num_chiplets=8, perfconfig='attn:v1:16,128,16,1,1,4,0,2,2,0,4')
Lowering rejected config as not applicable
Command line = -operation gemm_gemm -t f32 --arch gfx950:sramecc+:xnack- --num_cu 256 --num_chiplets 8 -g 2 -m 13 -k 111 -n 51 -gemmO 1 -transA=False -transB=True -transC=True -transO=True --perf_config=attn:v1:256,256,16,1,1,1,16,2,2,2,0 -pv -relDiff_threshold 1e-4
Errors = loc("<stdin>":10:1): error: ttg.shared (262144) exceeds LDS limit (163840) for amdgcn-amd-amdhsa:gfx950:sramecc+:xnack-
Lowering not applicable.

----------------------------------------------------------------------------------------------------
NOT_APPLICABLE: GemmGemmConfiguration(datatype='f32', g=2, m=13, k=111, n=51, o=1, trans_a=False, trans_b=True, trans_c=True, trans_o=True, arch='gfx950:sramecc+:xnack-', chip='gfx950', num_cu=256, num_chiplets=8, perfconfig='attn:v1:256,256,16,1,1,1,16,2,2,2,0')
----------------------------------------------------------------------------------------------------
PASS: GemmGemmConfiguration(datatype='f32', g=1, m=100, k=94, n=115, o=45, trans_a=True, trans_b=False, trans_c=True, trans_o=True, arch='gfx950:sramecc+:xnack-', chip='gfx950', num_cu=256, num_chiplets=8, perfconfig='attn:v1:128,128,32,1,1,8,32,2,3,0,0')
----------------------------------------------------------------------------------------------------
PASS: GemmGemmConfiguration(datatype='bf16', g=2, m=102, k=117, n=34, o=26, trans_a=False, trans_b=True, trans_c=True, trans_o=True, arch='gfx950:sramecc+:xnack-', chip='gfx950', num_cu=256, num_chiplets=8, perfconfig='attn:v1:256,128,128,1,1,16,16,4,3,2,2')
----------------------------------------------------------------------------------------------------
PASS: GemmGemmConfiguration(datatype='f32', g=2, m=7, k=2, n=92, o=12, trans_a=False, trans_b=False, trans_c=True, trans_o=False, arch='gfx950:sramecc+:xnack-', chip='gfx950', num_cu=256, num_chiplets=8, perfconfig='attn:v1:128,128,128,2,1,8,32,3,2,8,0')
----------------------------------------------------------------------------------------------------
PASS: GemmGemmConfiguration(datatype='f32', g=2, m=45, k=126, n=21, o=126, trans_a=True, trans_b=False, trans_c=True, trans_o=True, arch='gfx950:sramecc+:xnack-', chip='gfx950', num_cu=256, num_chiplets=8, perfconfig='attn:v1:16,256,16,1,1,2,16,1,1,0,1')
----------------------------------------------------------------------------------------------------
PASS: GemmGemmConfiguration(datatype='f32', g=2, m=74, k=111, n=1, o=27, trans_a=True, trans_b=True, trans_c=True, trans_o=True, arch='gfx950:sramecc+:xnack-', chip='gfx950', num_cu=256, num_chiplets=8, perfconfig='attn:v1:16,16,128,1,1,16,32,4,1,0,0')
----------------------------------------------------------------------------------------------------
PASS: GemmGemmConfiguration(datatype='f16', g=2, m=123, k=121, n=63, o=20, trans_a=False, trans_b=True, trans_c=True, trans_o=False, arch='gfx950:sramecc+:xnack-', chip='gfx950', num_cu=256, num_chiplets=8, perfconfig='attn:v1:256,64,32,1,1,8,16,3,1,8,8')
----------------------------------------------------------------------------------------------------
PASS: GemmGemmConfiguration(datatype='bf16', g=2, m=1, k=87, n=96, o=97, trans_a=False, trans_b=False, trans_c=False, trans_o=True, arch='gfx950:sramecc+:xnack-', chip='gfx950', num_cu=256, num_chiplets=8, perfconfig='attn:v1:128,16,128,2,1,8,16,4,3,1,8')
----------------------------------------------------------------------------------------------------
PASS: GemmGemmConfiguration(datatype='bf16', g=1, m=45, k=56, n=11, o=98, trans_a=False, trans_b=False, trans_c=True, trans_o=True, arch='gfx950:sramecc+:xnack-', chip='gfx950', num_cu=256, num_chiplets=8, perfconfig='attn:v1:256,64,32,2,1,8,0,1,1,2,8')
----------------------------------------------------------------------------------------------------
FAIL: GemmGemmConfiguration(datatype='f16', g=1, m=121, k=63, n=115, o=65, trans_a=False, trans_b=True, trans_c=False, trans_o=False, arch='gfx950:sramecc+:xnack-', chip='gfx950', num_cu=256, num_chiplets=8, perfconfig='attn:v1:64,16,16,2,1,8,0,3,1,1,4')
----------------------------------------------------------------------------------------------------
PASS: GemmGemmConfiguration(datatype='bf16', g=1, m=102, k=64, n=9, o=85, trans_a=False, trans_b=True, trans_c=True, trans_o=False, arch='gfx950:sramecc+:xnack-', chip='gfx950', num_cu=256, num_chiplets=8, perfconfig='attn:v1:32,32,16,1,1,1,0,2,1,8,8')
FAIL: Runner returned incorrect result
Config = GemmGemmConfiguration(datatype='bf16', g=1, m=82, k=65, n=51, o=11, trans_a=False, trans_b=False, trans_c=True, trans_o=True, arch='gfx950:sramecc+:xnack-', chip='gfx950', num_cu=256, num_chiplets=8, perfconfig='attn:v1:128,16,32,2,1,1,32,2,3,8,4')
Command line = -operation gemm_gemm -t bf16 --arch gfx950:sramecc+:xnack- --num_cu 256 --num_chiplets 8 -g 1 -m 82 -k 65 -n 51 -gemmO 11 -transA=False -transB=False -transC=True -transO=True --perf_config=attn:v1:128,16,32,2,1,1,32,2,3,8,4 -pv -RMS_threshold 1e-2
Output = Number of elements: 902
maxAbsDiff info: maxAbsDiff = 62.000000 (valNum = 200.00000, gpuNum = 138.00000), average absDiff = 5.1e+01
maxRelDiff info: maxRelDiff = 3.1e-01 (valNum = 200.0000000000, gpuNum = 138.0000000000), average relDiff = 3.1e-01
RMS = 2.6e-01
Histogram of relDiff: 
        relDiff = 0     : 0/902 (0.000000%)
     0 < relDiff < 1e-06: 0/902 (0.000000%)
1e-06 < relDiff <= 1e-05: 0/902 (0.000000%)
1e-05 < relDiff <= 1e-04: 0/902 (0.000000%)
1e-04 < relDiff <= 1e-03: 0/902 (0.000000%)
1e-03 < relDiff <= 1e-02: 0/902 (0.000000%)
1e-02 < relDiff <= 1e-01: 0/902 (0.000000%)
1e-01 < relDiff <= 1e+00: 902/902 (100.000000%)
1e+00 < relDiff < inf   : 0/902 (0.000000%)
        relDiff = inf   : 0/902 (0.000000%)
[0 1 1]

FAIL: Runner returned incorrect result
Config = GemmGemmConfiguration(datatype='f16', g=2, m=11, k=67, n=38, o=8, trans_a=True, trans_b=True, trans_c=False, trans_o=True, arch='gfx950:sramecc+:xnack-', chip='gfx950', num_cu=256, num_chiplets=8, perfconfig='attn:v1:16,64,16,2,1,1,0,3,2,4,4')
Command line = -operation gemm_gemm -t f16 --arch gfx950:sramecc+:xnack- --num_cu 256 --num_chiplets 8 -g 2 -m 11 -k 67 -n 38 -gemmO 8 -transA=True -transB=True -transC=False -transO=True --perf_config=attn:v1:16,64,16,2,1,1,0,3,2,4,4 -pv
Output = Number of elements: 176
maxAbsDiff info: maxAbsDiff = 570.625000 (valNum = -781.50000, gpuNum = -210.87500), average absDiff = 3.8e+02
maxRelDiff info: maxRelDiff = 7.4e-01 (valNum = 86.0000000000, gpuNum = 22.0625000000), average relDiff = 7.3e-01
RMS = 5.5e-01
Histogram of relDiff: 
        relDiff = 0     : 0/176 (0.000000%)
     0 < relDiff < 1e-06: 0/176 (0.000000%)
1e-06 < relDiff <= 1e-05: 0/176 (0.000000%)
1e-05 < relDiff <= 1e-04: 0/176 (0.000000%)
1e-04 < relDiff <= 1e-03: 0/176 (0.000000%)
1e-03 < relDiff <= 1e-02: 0/176 (0.000000%)
1e-02 < relDiff <= 1e-01: 0/176 (0.000000%)
1e-01 < relDiff <= 1e+00: 176/176 (100.000000%)
1e+00 < relDiff < inf   : 0/176 (0.000000%)
        relDiff = inf   : 0/176 (0.000000%)
[0 0 1]

----------------------------------------------------------------------------------------------------
PASS: GemmGemmConfiguration(datatype='f32', g=2, m=16, k=37, n=76, o=76, trans_a=False, trans_b=True, trans_c=True, trans_o=False, arch='gfx950:sramecc+:xnack-', chip='gfx950', num_cu=256, num_chiplets=8, perfconfig='attn:v1:16,256,32,1,1,2,0,2,2,2,4')
----------------------------------------------------------------------------------------------------
PASS: GemmGemmConfiguration(datatype='f32', g=2, m=34, k=83, n=109, o=83, trans_a=False, trans_b=True, trans_c=True, trans_o=True, arch='gfx950:sramecc+:xnack-', chip='gfx950', num_cu=256, num_chiplets=8, perfconfig='attn:v1:256,16,16,2,1,1,32,2,2,0,4')
----------------------------------------------------------------------------------------------------
PASS: GemmGemmConfiguration(datatype='f16', g=2, m=87, k=125, n=40, o=36, trans_a=True, trans_b=True, trans_c=False, trans_o=False, arch='gfx950:sramecc+:xnack-', chip='gfx950', num_cu=256, num_chiplets=8, perfconfig='attn:v1:32,64,32,2,1,8,32,3,2,8,0')
----------------------------------------------------------------------------------------------------
PASS: GemmGemmConfiguration(datatype='bf16', g=1, m=3, k=45, n=63, o=50, trans_a=True, trans_b=False, trans_c=False, trans_o=True, arch='gfx950:sramecc+:xnack-', chip='gfx950', num_cu=256, num_chiplets=8, perfconfig='attn:v1:32,16,64,1,1,2,0,4,2,1,8')
----------------------------------------------------------------------------------------------------
PASS: GemmGemmConfiguration(datatype='bf16', g=2, m=88, k=37, n=21, o=89, trans_a=True, trans_b=True, trans_c=False, trans_o=True, arch='gfx950:sramecc+:xnack-', chip='gfx950', num_cu=256, num_chiplets=8, perfconfig='attn:v1:32,32,16,1,1,2,16,2,1,8,1')
----------------------------------------------------------------------------------------------------
PASS: GemmGemmConfiguration(datatype='f32', g=1, m=116, k=70, n=93, o=81, trans_a=True, trans_b=False, trans_c=True, trans_o=True, arch='gfx950:sramecc+:xnack-', chip='gfx950', num_cu=256, num_chiplets=8, perfconfig='attn:v1:16,256,16,1,1,8,0,1,1,2,2')
----------------------------------------------------------------------------------------------------
FAIL: GemmGemmConfiguration(datatype='bf16', g=1, m=82, k=65, n=51, o=11, trans_a=False, trans_b=False, trans_c=True, trans_o=True, arch='gfx950:sramecc+:xnack-', chip='gfx950', num_cu=256, num_chiplets=8, perfconfig='attn:v1:128,16,32,2,1,1,32,2,3,8,4')
----------------------------------------------------------------------------------------------------
FAIL: GemmGemmConfiguration(datatype='f16', g=2, m=11, k=67, n=38, o=8, trans_a=True, trans_b=True, trans_c=False, trans_o=True, arch='gfx950:sramecc+:xnack-', chip='gfx950', num_cu=256, num_chiplets=8, perfconfig='attn:v1:16,64,16,2,1,1,0,3,2,4,4')
----------------------------------------------------------------------------------------------------
PASS: GemmGemmConfiguration(datatype='f16', g=1, m=103, k=64, n=60, o=105, trans_a=True, trans_b=False, trans_c=True, trans_o=True, arch='gfx950:sramecc+:xnack-', chip='gfx950', num_cu=256, num_chiplets=8, perfconfig='attn:v1:64,16,128,2,1,1,32,1,1,0,2')
----------------------------------------------------------------------------------------------------
PASS: GemmGemmConfiguration(datatype='bf16', g=2, m=78, k=106, n=101, o=79, trans_a=True, trans_b=True, trans_c=False, trans_o=False, arch='gfx950:sramecc+:xnack-', chip='gfx950', num_cu=256, num_chiplets=8, perfconfig='attn:v1:256,256,64,1,1,1,16,2,2,8,2')
----------------------------------------------------------------------------------------------------
PASS: GemmGemmConfiguration(datatype='f32', g=1, m=14, k=78, n=60, o=18, trans_a=True, trans_b=True, trans_c=True, trans_o=True, arch='gfx950:sramecc+:xnack-', chip='gfx950', num_cu=256, num_chiplets=8, perfconfig='attn:v1:64,16,128,1,1,2,32,3,1,2,2')
----------------------------------------------------------------------------------------------------
PASS: GemmGemmConfiguration(datatype='f32', g=2, m=11, k=43, n=119, o=58, trans_a=True, trans_b=False, trans_c=True, trans_o=False, arch='gfx950:sramecc+:xnack-', chip='gfx950', num_cu=256, num_chiplets=8, perfconfig='attn:v1:32,64,16,1,1,2,32,1,3,4,4')
----------------------------------------------------------------------------------------------------
PASS: GemmGemmConfiguration(datatype='f32', g=2, m=110, k=73, n=57, o=65, trans_a=True, trans_b=False, trans_c=True, trans_o=True, arch='gfx950:sramecc+:xnack-', chip='gfx950', num_cu=256, num_chiplets=8, perfconfig='attn:v1:256,32,32,1,1,8,16,4,1,8,1')
----------------------------------------------------------------------------------------------------
PASS: GemmGemmConfiguration(datatype='f32', g=2, m=106, k=27, n=106, o=47, trans_a=False, trans_b=False, trans_c=True, trans_o=False, arch='gfx950:sramecc+:xnack-', chip='gfx950', num_cu=256, num_chiplets=8, perfconfig='attn:v1:128,32,32,2,1,2,16,1,1,8,1')
----------------------------------------------------------------------------------------------------
PASS: GemmGemmConfiguration(datatype='f32', g=2, m=8, k=113, n=66, o=2, trans_a=False, trans_b=True, trans_c=True, trans_o=False, arch='gfx950:sramecc+:xnack-', chip='gfx950', num_cu=256, num_chiplets=8, perfconfig='attn:v1:16,128,128,1,1,16,32,2,2,0,2')
----------------------------------------------------------------------------------------------------
PASS: GemmGemmConfiguration(datatype='bf16', g=1, m=18, k=117, n=122, o=28, trans_a=True, trans_b=True, trans_c=True, trans_o=False, arch='gfx950:sramecc+:xnack-', chip='gfx950', num_cu=256, num_chiplets=8, perfconfig='attn:v1:256,64,32,1,1,2,0,1,2,1,2')
----------------------------------------------------------------------------------------------------
PASS: GemmGemmConfiguration(datatype='bf16', g=1, m=9, k=25, n=61, o=69, trans_a=True, trans_b=False, trans_c=True, trans_o=True, arch='gfx950:sramecc+:xnack-', chip='gfx950', num_cu=256, num_chiplets=8, perfconfig='attn:v1:256,64,16,1,1,4,32,2,3,0,0')
----------------------------------------------------------------------------------------------------
PASS: GemmGemmConfiguration(datatype='bf16', g=1, m=50, k=93, n=103, o=16, trans_a=True, trans_b=True, trans_c=True, trans_o=True, arch='gfx950:sramecc+:xnack-', chip='gfx950', num_cu=256, num_chiplets=8, perfconfig='attn:v1:256,256,64,1,1,1,32,3,1,8,0')
Lowering rejected config as not applicable
Command line = -operation gemm_gemm -t f32 --arch gfx950:sramecc+:xnack- --num_cu 256 --num_chiplets 8 -g 2 -m 128 -k 78 -n 107 -gemmO 72 -transA=False -transB=True -transC=False -transO=True --perf_config=attn:v1:128,256,64,2,1,2,0,4,2,1,8 -pv -relDiff_threshold 1e-4
Errors = loc("<stdin>":10:1): error: ttg.shared (196608) exceeds LDS limit (163840) for amdgcn-amd-amdhsa:gfx950:sramecc+:xnack-
Lowering not applicable.

----------------------------------------------------------------------------------------------------
NOT_APPLICABLE: GemmGemmConfiguration(datatype='f32', g=2, m=128, k=78, n=107, o=72, trans_a=False, trans_b=True, trans_c=False, trans_o=True, arch='gfx950:sramecc+:xnack-', chip='gfx950', num_cu=256, num_chiplets=8, perfconfig='attn:v1:128,256,64,2,1,2,0,4,2,1,8')
----------------------------------------------------------------------------------------------------
PASS: GemmGemmConfiguration(datatype='f16', g=1, m=110, k=121, n=108, o=36, trans_a=False, trans_b=False, trans_c=True, trans_o=False, arch='gfx950:sramecc+:xnack-', chip='gfx950', num_cu=256, num_chiplets=8, perfconfig='attn:v1:16,64,64,1,1,1,16,3,1,0,8')
----------------------------------------------------------------------------------------------------
PASS: GemmGemmConfiguration(datatype='bf16', g=1, m=70, k=101, n=79, o=112, trans_a=True, trans_b=False, trans_c=True, trans_o=False, arch='gfx950:sramecc+:xnack-', chip='gfx950', num_cu=256, num_chiplets=8, perfconfig='attn:v1:32,64,128,1,1,4,0,3,2,2,8')
FAIL: Runner returned incorrect result
Config = GemmGemmConfiguration(datatype='bf16', g=1, m=39, k=91, n=2, o=109, trans_a=True, trans_b=True, trans_c=True, trans_o=True, arch='gfx950:sramecc+:xnack-', chip='gfx950', num_cu=256, num_chiplets=8, perfconfig='attn:v1:32,32,16,2,1,8,32,1,3,1,8')
Command line = -operation gemm_gemm -t bf16 --arch gfx950:sramecc+:xnack- --num_cu 256 --num_chiplets 8 -g 1 -m 39 -k 91 -n 2 -gemmO 109 -transA=True -transB=True -transC=True -transO=True --perf_config=attn:v1:32,32,16,2,1,8,32,1,3,1,8 -pv -RMS_threshold 1e-2
Output = Number of elements: 4251
maxAbsDiff info: maxAbsDiff = 6.265625 (valNum = -9.25000, gpuNum = -2.98438), average absDiff = 2.5e+00
maxRelDiff info: maxRelDiff = 9.1e-01 (valNum = -1.2500000000, gpuNum = -0.1132812500), average relDiff = 6.9e-01
RMS = 3.3e-01
Histogram of relDiff: 
        relDiff = 0     : 0/4251 (0.000000%)
     0 < relDiff < 1e-06: 0/4251 (0.000000%)
1e-06 < relDiff <= 1e-05: 0/4251 (0.000000%)
1e-05 < relDiff <= 1e-04: 0/4251 (0.000000%)
1e-04 < relDiff <= 1e-03: 0/4251 (0.000000%)
1e-03 < relDiff <= 1e-02: 0/4251 (0.000000%)
1e-02 < relDiff <= 1e-01: 0/4251 (0.000000%)
1e-01 < relDiff <= 1e+00: 4251/4251 (100.000000%)
1e+00 < relDiff < inf   : 0/4251 (0.000000%)
        relDiff = inf   : 0/4251 (0.000000%)
[0 1 1]

FAIL: Runner returned incorrect result
Config = GemmGemmConfiguration(datatype='f16', g=2, m=34, k=91, n=104, o=62, trans_a=True, trans_b=True, trans_c=True, trans_o=True, arch='gfx950:sramecc+:xnack-', chip='gfx950', num_cu=256, num_chiplets=8, perfconfig='attn:v1:128,128,16,2,1,1,32,3,3,0,1')
Command line = -operation gemm_gemm -t f16 --arch gfx950:sramecc+:xnack- --num_cu 256 --num_chiplets 8 -g 2 -m 34 -k 91 -n 104 -gemmO 62 -transA=True -transB=True -transC=True -transO=True --perf_config=attn:v1:128,128,16,2,1,1,32,3,3,0,1 -pv
Output = Number of elements: 4216
maxAbsDiff info: maxAbsDiff = 2191.500000 (valNum = -3094.00000, gpuNum = -902.50000), average absDiff = 1.4e+03
maxRelDiff info: maxRelDiff = 7.2e-01 (valNum = 1186.0000000000, gpuNum = 333.5000000000), average relDiff = 7.1e-01
RMS = 5.0e-01
Histogram of relDiff: 
        relDiff = 0     : 0/4216 (0.000000%)
     0 < relDiff < 1e-06: 0/4216 (0.000000%)
1e-06 < relDiff <= 1e-05: 0/4216 (0.000000%)
1e-05 < relDiff <= 1e-04: 0/4216 (0.000000%)
1e-04 < relDiff <= 1e-03: 0/4216 (0.000000%)
1e-03 < relDiff <= 1e-02: 0/4216 (0.000000%)
1e-02 < relDiff <= 1e-01: 0/4216 (0.000000%)
1e-01 < relDiff <= 1e+00: 4216/4216 (100.000000%)
1e+00 < relDiff < inf   : 0/4216 (0.000000%)
        relDiff = inf   : 0/4216 (0.000000%)
[0 0 1]

----------------------------------------------------------------------------------------------------
PASS: GemmGemmConfiguration(datatype='f16', g=1, m=42, k=8, n=25, o=86, trans_a=False, trans_b=True, trans_c=True, trans_o=True, arch='gfx950:sramecc+:xnack-', chip='gfx950', num_cu=256, num_chiplets=8, perfconfig='attn:v1:16,32,128,1,1,1,32,2,1,1,4')
----------------------------------------------------------------------------------------------------
PASS: GemmGemmConfiguration(datatype='bf16', g=2, m=3, k=105, n=59, o=95, trans_a=True, trans_b=False, trans_c=False, trans_o=True, arch='gfx950:sramecc+:xnack-', chip='gfx950', num_cu=256, num_chiplets=8, perfconfig='attn:v1:16,16,128,2,1,16,0,3,2,2,8')
----------------------------------------------------------------------------------------------------
FAIL: GemmGemmConfiguration(datatype='bf16', g=1, m=39, k=91, n=2, o=109, trans_a=True, trans_b=True, trans_c=True, trans_o=True, arch='gfx950:sramecc+:xnack-', chip='gfx950', num_cu=256, num_chiplets=8, perfconfig='attn:v1:32,32,16,2,1,8,32,1,3,1,8')
----------------------------------------------------------------------------------------------------
PASS: GemmGemmConfiguration(datatype='f16', g=2, m=110, k=106, n=112, o=124, trans_a=False, trans_b=False, trans_c=True, trans_o=True, arch='gfx950:sramecc+:xnack-', chip='gfx950', num_cu=256, num_chiplets=8, perfconfig='attn:v1:256,256,32,1,1,4,32,4,3,4,2')
----------------------------------------------------------------------------------------------------
FAIL: GemmGemmConfiguration(datatype='f16', g=2, m=34, k=91, n=104, o=62, trans_a=True, trans_b=True, trans_c=True, trans_o=True, arch='gfx950:sramecc+:xnack-', chip='gfx950', num_cu=256, num_chiplets=8, perfconfig='attn:v1:128,128,16,2,1,1,32,3,3,0,1')
----------------------------------------------------------------------------------------------------
PASS: GemmGemmConfiguration(datatype='f16', g=1, m=18, k=24, n=50, o=29, trans_a=True, trans_b=False, trans_c=False, trans_o=True, arch='gfx950:sramecc+:xnack-', chip='gfx950', num_cu=256, num_chiplets=8, perfconfig='attn:v1:256,32,32,2,1,16,32,3,1,0,8')
----------------------------------------------------------------------------------------------------
PASS: GemmGemmConfiguration(datatype='f16', g=1, m=70, k=39, n=96, o=23, trans_a=False, trans_b=False, trans_c=False, trans_o=True, arch='gfx950:sramecc+:xnack-', chip='gfx950', num_cu=256, num_chiplets=8, perfconfig='attn:v1:32,32,128,1,1,2,16,4,3,4,4')
----------------------------------------------------------------------------------------------------
PASS: GemmGemmConfiguration(datatype='f32', g=1, m=2, k=45, n=50, o=84, trans_a=True, trans_b=True, trans_c=True, trans_o=True, arch='gfx950:sramecc+:xnack-', chip='gfx950', num_cu=256, num_chiplets=8, perfconfig='attn:v1:16,64,16,2,1,8,0,4,2,8,2')
----------------------------------------------------------------------------------------------------
PASS: GemmGemmConfiguration(datatype='bf16', g=1, m=114, k=71, n=81, o=37, trans_a=True, trans_b=True, trans_c=True, trans_o=False, arch='gfx950:sramecc+:xnack-', chip='gfx950', num_cu=256, num_chiplets=8, perfconfig='attn:v1:128,64,16,1,1,16,32,2,1,2,2')
----------------------------------------------------------------------------------------------------
PASS: GemmGemmConfiguration(datatype='f16', g=1, m=92, k=59, n=123, o=10, trans_a=True, trans_b=False, trans_c=False, trans_o=False, arch='gfx950:sramecc+:xnack-', chip='gfx950', num_cu=256, num_chiplets=8, perfconfig='attn:v1:128,16,32,1,1,2,32,1,2,8,4')
----------------------------------------------------------------------------------------------------
PASS: GemmGemmConfiguration(datatype='f16', g=2, m=79, k=17, n=125, o=120, trans_a=True, trans_b=False, trans_c=False, trans_o=True, arch='gfx950:sramecc+:xnack-', chip='gfx950', num_cu=256, num_chiplets=8, perfconfig='attn:v1:128,64,16,1,1,8,0,4,2,4,0')
----------------------------------------------------------------------------------------------------
PASS: GemmGemmConfiguration(datatype='f16', g=1, m=44, k=71, n=123, o=32, trans_a=True, trans_b=False, trans_c=True, trans_o=False, arch='gfx950:sramecc+:xnack-', chip='gfx950', num_cu=256, num_chiplets=8, perfconfig='attn:v1:32,256,128,2,1,2,16,2,2,4,8')
----------------------------------------------------------------------------------------------------
PASS: GemmGemmConfiguration(datatype='f32', g=2, m=58, k=74, n=123, o=50, trans_a=True, trans_b=True, trans_c=True, trans_o=True, arch='gfx950:sramecc+:xnack-', chip='gfx950', num_cu=256, num_chiplets=8, perfconfig='attn:v1:128,32,32,1,1,1,16,2,2,4,2')
----------------------------------------------------------------------------------------------------
PASS: GemmGemmConfiguration(datatype='f16', g=1, m=87, k=71, n=31, o=52, trans_a=False, trans_b=False, trans_c=False, trans_o=False, arch='gfx950:sramecc+:xnack-', chip='gfx950', num_cu=256, num_chiplets=8, perfconfig='attn:v1:128,16,128,2,1,8,0,4,2,2,4')
----------------------------------------------------------------------------------------------------
PASS: GemmGemmConfiguration(datatype='bf16', g=2, m=103, k=3, n=17, o=120, trans_a=True, trans_b=False, trans_c=False, trans_o=False, arch='gfx950:sramecc+:xnack-', chip='gfx950', num_cu=256, num_chiplets=8, perfconfig='attn:v1:32,32,64,2,1,4,0,1,2,4,8')
----------------------------------------------------------------------------------------------------
PASS: GemmGemmConfiguration(datatype='f32', g=1, m=38, k=83, n=77, o=80, trans_a=True, trans_b=False, trans_c=True, trans_o=True, arch='gfx950:sramecc+:xnack-', chip='gfx950', num_cu=256, num_chiplets=8, perfconfig='attn:v1:64,32,16,1,1,4,0,1,2,0,8')
----------------------------------------------------------------------------------------------------
PASS: GemmGemmConfiguration(datatype='bf16', g=1, m=16, k=68, n=97, o=127, trans_a=False, trans_b=True, trans_c=False, trans_o=False, arch='gfx950:sramecc+:xnack-', chip='gfx950', num_cu=256, num_chiplets=8, perfconfig='attn:v1:32,128,128,2,1,8,0,4,3,0,2')
----------------------------------------------------------------------------------------------------
PASS: GemmGemmConfiguration(datatype='f32', g=2, m=79, k=79, n=55, o=115, trans_a=True, trans_b=False, trans_c=True, trans_o=False, arch='gfx950:sramecc+:xnack-', chip='gfx950', num_cu=256, num_chiplets=8, perfconfig='attn:v1:16,128,32,2,1,16,0,4,1,1,1')
----------------------------------------------------------------------------------------------------
PASS: GemmGemmConfiguration(datatype='f16', g=1, m=58, k=10, n=104, o=83, trans_a=True, trans_b=True, trans_c=True, trans_o=True, arch='gfx950:sramecc+:xnack-', chip='gfx950', num_cu=256, num_chiplets=8, perfconfig='attn:v1:32,128,128,1,1,8,0,3,1,4,1')
----------------------------------------------------------------------------------------------------
PASS: GemmGemmConfiguration(datatype='f16', g=2, m=107, k=84, n=78, o=112, trans_a=True, trans_b=True, trans_c=True, trans_o=True, arch='gfx950:sramecc+:xnack-', chip='gfx950', num_cu=256, num_chiplets=8, perfconfig='attn:v1:16,128,128,1,1,4,0,4,1,0,2')
----------------------------------------------------------------------------------------------------
PASS: GemmGemmConfiguration(datatype='f16', g=2, m=75, k=25, n=124, o=90, trans_a=False, trans_b=False, trans_c=False, trans_o=False, arch='gfx950:sramecc+:xnack-', chip='gfx950', num_cu=256, num_chiplets=8, perfconfig='attn:v1:64,64,64,2,1,2,0,3,3,2,0')
----------------------------------------------------------------------------------------------------
PASS: GemmGemmConfiguration(datatype='bf16', g=1, m=42, k=123, n=109, o=36, trans_a=False, trans_b=False, trans_c=True, trans_o=True, arch='gfx950:sramecc+:xnack-', chip='gfx950', num_cu=256, num_chiplets=8, perfconfig='attn:v1:128,64,16,1,1,2,32,3,1,4,0')
----------------------------------------------------------------------------------------------------
PASS: GemmGemmConfiguration(datatype='bf16', g=2, m=36, k=1, n=33, o=88, trans_a=False, trans_b=True, trans_c=False, trans_o=True, arch='gfx950:sramecc+:xnack-', chip='gfx950', num_cu=256, num_chiplets=8, perfconfig='attn:v1:32,128,128,2,1,4,0,1,3,2,2')
FAIL: Runner returned incorrect result
Config = GemmGemmConfiguration(datatype='bf16', g=2, m=45, k=62, n=104, o=112, trans_a=True, trans_b=True, trans_c=True, trans_o=True, arch='gfx950:sramecc+:xnack-', chip='gfx950', num_cu=256, num_chiplets=8, perfconfig='attn:v1:32,16,16,2,1,2,16,3,3,4,1')
Command line = -operation gemm_gemm -t bf16 --arch gfx950:sramecc+:xnack- --num_cu 256 --num_chiplets 8 -g 2 -m 45 -k 62 -n 104 -gemmO 112 -transA=True -transB=True -transC=True -transO=True --perf_config=attn:v1:32,16,16,2,1,2,16,3,3,4,1 -pv -RMS_threshold 1e-2
Output = Number of elements: 10080
maxAbsDiff info: maxAbsDiff = 64.750000 (valNum = -87.50000, gpuNum = -22.75000), average absDiff = 3.0e+01
maxRelDiff info: maxRelDiff = 8.4e-01 (valNum = 43.5000000000, gpuNum = 6.8125000000), average relDiff = 6.7e-01
RMS = 4.2e-01
Histogram of relDiff: 
        relDiff = 0     : 0/10080 (0.000000%)
     0 < relDiff < 1e-06: 0/10080 (0.000000%)
1e-06 < relDiff <= 1e-05: 0/10080 (0.000000%)
1e-05 < relDiff <= 1e-04: 0/10080 (0.000000%)
1e-04 < relDiff <= 1e-03: 0/10080 (0.000000%)
1e-03 < relDiff <= 1e-02: 0/10080 (0.000000%)
1e-02 < relDiff <= 1e-01: 0/10080 (0.000000%)
1e-01 < relDiff <= 1e+00: 10080/10080 (100.000000%)
1e+00 < relDiff < inf   : 0/10080 (0.000000%)
        relDiff = inf   : 0/10080 (0.000000%)
[0 1 1]

FAIL: Runner returned incorrect result
Config = GemmGemmConfiguration(datatype='f16', g=2, m=36, k=73, n=9, o=9, trans_a=True, trans_b=False, trans_c=True, trans_o=False, arch='gfx950:sramecc+:xnack-', chip='gfx950', num_cu=256, num_chiplets=8, perfconfig='attn:v1:64,64,16,2,1,1,32,1,2,8,4')
Command line = -operation gemm_gemm -t f16 --arch gfx950:sramecc+:xnack- --num_cu 256 --num_chiplets 8 -g 2 -m 36 -k 73 -n 9 -gemmO 9 -transA=True -transB=False -transC=True -transO=False --perf_config=attn:v1:64,64,16,2,1,1,32,1,2,8,4 -pv
Output = Number of elements: 648
maxAbsDiff info: maxAbsDiff = 266.500000 (valNum = -397.00000, gpuNum = -130.50000), average absDiff = 2.0e+02
maxRelDiff info: maxRelDiff = 6.7e-01 (valNum = 198.5000000000, gpuNum = 65.2500000000), average relDiff = 6.7e-01
RMS = 5.2e-01
Histogram of relDiff: 
        relDiff = 0     : 0/648 (0.000000%)
     0 < relDiff < 1e-06: 0/648 (0.000000%)
1e-06 < relDiff <= 1e-05: 0/648 (0.000000%)
1e-05 < relDiff <= 1e-04: 0/648 (0.000000%)
1e-04 < relDiff <= 1e-03: 0/648 (0.000000%)
1e-03 < relDiff <= 1e-02: 0/648 (0.000000%)
1e-02 < relDiff <= 1e-01: 0/648 (0.000000%)
1e-01 < relDiff <= 1e+00: 648/648 (100.000000%)
1e+00 < relDiff < inf   : 0/648 (0.000000%)
        relDiff = inf   : 0/648 (0.000000%)
[0 0 1]

FAIL: Runner returned incorrect result
Config = GemmGemmConfiguration(datatype='f16', g=2, m=89, k=65, n=7, o=103, trans_a=True, trans_b=True, trans_c=False, trans_o=True, arch='gfx950:sramecc+:xnack-', chip='gfx950', num_cu=256, num_chiplets=8, perfconfig='attn:v1:32,64,16,2,1,1,32,4,2,4,8')
Command line = -operation gemm_gemm -t f16 --arch gfx950:sramecc+:xnack- --num_cu 256 --num_chiplets 8 -g 2 -m 89 -k 65 -n 7 -gemmO 103 -transA=True -transB=True -transC=False -transO=True --perf_config=attn:v1:32,64,16,2,1,1,32,4,2,4,8 -pv
Output = Number of elements: 18334
maxAbsDiff info: maxAbsDiff = 116.250000 (valNum = -153.00000, gpuNum = -36.75000), average absDiff = 6.9e+01
maxRelDiff info: maxRelDiff = 1.5e+00 (valNum = -1.6875000000, gpuNum = 0.8671875000), average relDiff = 7.8e-01
RMS = 5.1e-01
Histogram of relDiff: 
        relDiff = 0     : 0/18334 (0.000000%)
     0 < relDiff < 1e-06: 0/18334 (0.000000%)
1e-06 < relDiff <= 1e-05: 0/18334 (0.000000%)
1e-05 < relDiff <= 1e-04: 0/18334 (0.000000%)
1e-04 < relDiff <= 1e-03: 0/18334 (0.000000%)
1e-03 < relDiff <= 1e-02: 0/18334 (0.000000%)
1e-02 < relDiff <= 1e-01: 0/18334 (0.000000%)
1e-01 < relDiff <= 1e+00: 17314/18334 (94.436566%)
1e+00 < relDiff < inf   : 1020/18334 (5.563434%)
        relDiff = inf   : 0/18334 (0.000000%)
[0 0 1]

----------------------------------------------------------------------------------------------------
PASS: GemmGemmConfiguration(datatype='f16', g=2, m=109, k=33, n=106, o=6, trans_a=True, trans_b=True, trans_c=True, trans_o=True, arch='gfx950:sramecc+:xnack-', chip='gfx950', num_cu=256, num_chiplets=8, perfconfig='attn:v1:16,64,32,1,1,8,16,4,2,8,8')
----------------------------------------------------------------------------------------------------
PASS: GemmGemmConfiguration(datatype='f32', g=2, m=37, k=25, n=32, o=78, trans_a=True, trans_b=True, trans_c=True, trans_o=True, arch='gfx950:sramecc+:xnack-', chip='gfx950', num_cu=256, num_chiplets=8, perfconfig='attn:v1:32,64,32,2,1,1,0,1,3,1,8')
----------------------------------------------------------------------------------------------------
FAIL: GemmGemmConfiguration(datatype='bf16', g=2, m=45, k=62, n=104, o=112, trans_a=True, trans_b=True, trans_c=True, trans_o=True, arch='gfx950:sramecc+:xnack-', chip='gfx950', num_cu=256, num_chiplets=8, perfconfig='attn:v1:32,16,16,2,1,2,16,3,3,4,1')
----------------------------------------------------------------------------------------------------
FAIL: GemmGemmConfiguration(datatype='f16', g=2, m=36, k=73, n=9, o=9, trans_a=True, trans_b=False, trans_c=True, trans_o=False, arch='gfx950:sramecc+:xnack-', chip='gfx950', num_cu=256, num_chiplets=8, perfconfig='attn:v1:64,64,16,2,1,1,32,1,2,8,4')
----------------------------------------------------------------------------------------------------
PASS: GemmGemmConfiguration(datatype='f32', g=2, m=78, k=60, n=21, o=20, trans_a=False, trans_b=False, trans_c=False, trans_o=True, arch='gfx950:sramecc+:xnack-', chip='gfx950', num_cu=256, num_chiplets=8, perfconfig='attn:v1:128,64,128,2,1,1,0,2,3,4,1')
----------------------------------------------------------------------------------------------------
PASS: GemmGemmConfiguration(datatype='f16', g=2, m=42, k=35, n=99, o=94, trans_a=False, trans_b=True, trans_c=True, trans_o=False, arch='gfx950:sramecc+:xnack-', chip='gfx950', num_cu=256, num_chiplets=8, perfconfig='attn:v1:64,128,32,1,1,1,32,4,2,1,2')
----------------------------------------------------------------------------------------------------
PASS: GemmGemmConfiguration(datatype='f16', g=2, m=75, k=125, n=47, o=19, trans_a=True, trans_b=False, trans_c=False, trans_o=False, arch='gfx950:sramecc+:xnack-', chip='gfx950', num_cu=256, num_chiplets=8, perfconfig='attn:v1:32,128,64,1,1,4,0,1,1,2,2')
----------------------------------------------------------------------------------------------------
PASS: GemmGemmConfiguration(datatype='f16', g=1, m=89, k=71, n=108, o=71, trans_a=False, trans_b=False, trans_c=True, trans_o=True, arch='gfx950:sramecc+:xnack-', chip='gfx950', num_cu=256, num_chiplets=8, perfconfig='attn:v1:16,128,32,2,1,1,32,3,3,2,8')
----------------------------------------------------------------------------------------------------
FAIL: GemmGemmConfiguration(datatype='f16', g=2, m=89, k=65, n=7, o=103, trans_a=True, trans_b=True, trans_c=False, trans_o=True, arch='gfx950:sramecc+:xnack-', chip='gfx950', num_cu=256, num_chiplets=8, perfconfig='attn:v1:32,64,16,2,1,1,32,4,2,4,8')
----------------------------------------------------------------------------------------------------
PASS: GemmGemmConfiguration(datatype='bf16', g=1, m=116, k=65, n=50, o=31, trans_a=False, trans_b=False, trans_c=True, trans_o=False, arch='gfx950:sramecc+:xnack-', chip='gfx950', num_cu=256, num_chiplets=8, perfconfig='attn:v1:128,128,128,1,1,2,16,3,1,4,0')
----------------------------------------------------------------------------------------------------
PASS: GemmGemmConfiguration(datatype='f16', g=1, m=9, k=61, n=41, o=20, trans_a=False, trans_b=True, trans_c=False, trans_o=False, arch='gfx950:sramecc+:xnack-', chip='gfx950', num_cu=256, num_chiplets=8, perfconfig='attn:v1:32,256,128,2,1,1,32,2,3,0,2')
----------------------------------------------------------------------------------------------------
PASS: GemmGemmConfiguration(datatype='f32', g=2, m=69, k=44, n=46, o=76, trans_a=False, trans_b=True, trans_c=True, trans_o=False, arch='gfx950:sramecc+:xnack-', chip='gfx950', num_cu=256, num_chiplets=8, perfconfig='attn:v1:256,16,16,2,1,2,0,2,3,0,1')
----------------------------------------------------------------------------------------------------
PASS: GemmGemmConfiguration(datatype='f32', g=2, m=81, k=15, n=30, o=75, trans_a=True, trans_b=False, trans_c=False, trans_o=True, arch='gfx950:sramecc+:xnack-', chip='gfx950', num_cu=256, num_chiplets=8, perfconfig='attn:v1:256,64,64,1,1,2,16,4,2,4,0')
----------------------------------------------------------------------------------------------------
PASS: GemmGemmConfiguration(datatype='f32', g=2, m=96, k=3, n=76, o=87, trans_a=False, trans_b=False, trans_c=True, trans_o=False, arch='gfx950:sramecc+:xnack-', chip='gfx950', num_cu=256, num_chiplets=8, perfconfig='attn:v1:128,256,16,1,1,1,0,3,3,4,1')
----------------------------------------------------------------------------------------------------
PASS: GemmGemmConfiguration(datatype='f32', g=2, m=121, k=57, n=60, o=106, trans_a=True, trans_b=True, trans_c=True, trans_o=True, arch='gfx950:sramecc+:xnack-', chip='gfx950', num_cu=256, num_chiplets=8, perfconfig='attn:v1:16,32,128,2,1,16,0,3,3,2,4')
----------------------------------------------------------------------------------------------------
PASS: GemmGemmConfiguration(datatype='f16', g=1, m=44, k=26, n=91, o=85, trans_a=False, trans_b=False, trans_c=True, trans_o=True, arch='gfx950:sramecc+:xnack-', chip='gfx950', num_cu=256, num_chiplets=8, perfconfig='attn:v1:128,64,64,2,1,16,32,4,2,1,8')
----------------------------------------------------------------------------------------------------
PASS: GemmGemmConfiguration(datatype='f16', g=1, m=92, k=108, n=83, o=65, trans_a=False, trans_b=False, trans_c=False, trans_o=True, arch='gfx950:sramecc+:xnack-', chip='gfx950', num_cu=256, num_chiplets=8, perfconfig='attn:v1:16,16,32,1,1,8,0,2,2,0,8')
----------------------------------------------------------------------------------------------------
PASS: GemmGemmConfiguration(datatype='f32', g=2, m=47, k=21, n=67, o=60, trans_a=True, trans_b=False, trans_c=False, trans_o=True, arch='gfx950:sramecc+:xnack-', chip='gfx950', num_cu=256, num_chiplets=8, perfconfig='attn:v1:32,128,32,2,1,2,16,1,1,1,4')
----------------------------------------------------------------------------------------------------
PASS: GemmGemmConfiguration(datatype='f32', g=1, m=46, k=78, n=93, o=106, trans_a=True, trans_b=True, trans_c=False, trans_o=False, arch='gfx950:sramecc+:xnack-', chip='gfx950', num_cu=256, num_chiplets=8, perfconfig='attn:v1:128,64,16,1,1,4,0,4,3,2,4')
----------------------------------------------------------------------------------------------------
PASS: GemmGemmConfiguration(datatype='f32', g=1, m=68, k=62, n=118, o=73, trans_a=False, trans_b=True, trans_c=False, trans_o=True, arch='gfx950:sramecc+:xnack-', chip='gfx950', num_cu=256, num_chiplets=8, perfconfig='attn:v1:128,32,64,1,1,2,0,4,1,4,8')
----------------------------------------------------------------------------------------------------
PASS: GemmGemmConfiguration(datatype='f32', g=1, m=71, k=53, n=36, o=116, trans_a=True, trans_b=False, trans_c=True, trans_o=False, arch='gfx950:sramecc+:xnack-', chip='gfx950', num_cu=256, num_chiplets=8, perfconfig='attn:v1:128,64,64,1,1,1,0,2,1,2,0')
----------------------------------------------------------------------------------------------------
PASS: GemmGemmConfiguration(datatype='bf16', g=2, m=3, k=14, n=126, o=69, trans_a=False, trans_b=True, trans_c=True, trans_o=False, arch='gfx950:sramecc+:xnack-', chip='gfx950', num_cu=256, num_chiplets=8, perfconfig='attn:v1:256,128,128,2,1,2,32,3,1,4,4')
----------------------------------------------------------------------------------------------------
PASS: GemmGemmConfiguration(datatype='f32', g=1, m=63, k=39, n=10, o=8, trans_a=False, trans_b=True, trans_c=False, trans_o=True, arch='gfx950:sramecc+:xnack-', chip='gfx950', num_cu=256, num_chiplets=8, perfconfig='attn:v1:64,32,64,2,1,4,32,4,1,1,1')
FAIL: Runner returned incorrect result
Config = GemmGemmConfiguration(datatype='f16', g=1, m=60, k=28, n=128, o=63, trans_a=False, trans_b=True, trans_c=False, trans_o=True, arch='gfx950:sramecc+:xnack-', chip='gfx950', num_cu=256, num_chiplets=8, perfconfig='attn:v1:256,32,16,2,1,8,0,2,3,0,1')
Command line = -operation gemm_gemm -t f16 --arch gfx950:sramecc+:xnack- --num_cu 256 --num_chiplets 8 -g 1 -m 60 -k 28 -n 128 -gemmO 63 -transA=False -transB=True -transC=False -transO=True --perf_config=attn:v1:256,32,16,2,1,8,0,2,3,0,1 -pv
Output = Number of elements: 3780
maxAbsDiff info: maxAbsDiff = 11.406250 (valNum = -37.06250, gpuNum = -25.65625), average absDiff = 5.3e+00
maxRelDiff info: maxRelDiff = 3.9e-01 (valNum = 7.6875000000, gpuNum = 4.7187500000), average relDiff = 2.9e-01
RMS = 1.6e-01
Histogram of relDiff: 
        relDiff = 0     : 0/3780 (0.000000%)
     0 < relDiff < 1e-06: 0/3780 (0.000000%)
1e-06 < relDiff <= 1e-05: 0/3780 (0.000000%)
1e-05 < relDiff <= 1e-04: 0/3780 (0.000000%)
1e-04 < relDiff <= 1e-03: 0/3780 (0.000000%)
1e-03 < relDiff <= 1e-02: 0/3780 (0.000000%)
1e-02 < relDiff <= 1e-01: 0/3780 (0.000000%)
1e-01 < relDiff <= 1e+00: 3780/3780 (100.000000%)
1e+00 < relDiff < inf   : 0/3780 (0.000000%)
        relDiff = inf   : 0/3780 (0.000000%)
[0 1 1]

FAIL: Runner returned incorrect result
Config = GemmGemmConfiguration(datatype='f16', g=1, m=51, k=112, n=68, o=10, trans_a=True, trans_b=True, trans_c=True, trans_o=True, arch='gfx950:sramecc+:xnack-', chip='gfx950', num_cu=256, num_chiplets=8, perfconfig='attn:v1:128,32,16,2,1,1,0,4,1,1,4')
Command line = -operation gemm_gemm -t f16 --arch gfx950:sramecc+:xnack- --num_cu 256 --num_chiplets 8 -g 1 -m 51 -k 112 -n 68 -gemmO 10 -transA=True -transB=True -transC=True -transO=True --perf_config=attn:v1:128,32,16,2,1,1,0,4,1,1,4 -pv
Output = Number of elements: 510
maxAbsDiff info: maxAbsDiff = 44.750000 (valNum = -87.37500, gpuNum = -42.62500), average absDiff = 2.9e+01
maxRelDiff info: maxRelDiff = 1.3e+00 (valNum = 21.0468750000, gpuNum = -7.3359375000), average relDiff = 8.3e-01
RMS = 3.5e-01
Histogram of relDiff: 
        relDiff = 0     : 0/510 (0.000000%)
     0 < relDiff < 1e-06: 0/510 (0.000000%)
1e-06 < relDiff <= 1e-05: 0/510 (0.000000%)
1e-05 < relDiff <= 1e-04: 0/510 (0.000000%)
1e-04 < relDiff <= 1e-03: 0/510 (0.000000%)
1e-03 < relDiff <= 1e-02: 0/510 (0.000000%)
1e-02 < relDiff <= 1e-01: 0/510 (0.000000%)
1e-01 < relDiff <= 1e+00: 357/510 (70.000000%)
1e+00 < relDiff < inf   : 153/510 (30.000000%)
        relDiff = inf   : 0/510 (0.000000%)
[0 1 1]

FAIL: Runner returned incorrect result
Config = GemmGemmConfiguration(datatype='f16', g=2, m=67, k=69, n=100, o=73, trans_a=False, trans_b=False, trans_c=False, trans_o=False, arch='gfx950:sramecc+:xnack-', chip='gfx950', num_cu=256, num_chiplets=8, perfconfig='attn:v1:256,16,32,2,1,16,0,3,1,0,4')
Command line = -operation gemm_gemm -t f16 --arch gfx950:sramecc+:xnack- --num_cu 256 --num_chiplets 8 -g 2 -m 67 -k 69 -n 100 -gemmO 73 -transA=False -transB=False -transC=False -transO=False --perf_config=attn:v1:256,16,32,2,1,16,0,3,1,0,4 -pv
Output = Number of elements: 9782
maxAbsDiff info: maxAbsDiff = 1862.500000 (valNum = -2248.00000, gpuNum = -385.50000), average absDiff = 1.2e+03
maxRelDiff info: maxRelDiff = 8.4e-01 (valNum = 874.5000000000, gpuNum = 143.3750000000), average relDiff = 8.3e-01
RMS = 5.9e-01
Histogram of relDiff: 
        relDiff = 0     : 0/9782 (0.000000%)
     0 < relDiff < 1e-06: 0/9782 (0.000000%)
1e-06 < relDiff <= 1e-05: 0/9782 (0.000000%)
1e-05 < relDiff <= 1e-04: 0/9782 (0.000000%)
1e-04 < relDiff <= 1e-03: 0/9782 (0.000000%)
1e-03 < relDiff <= 1e-02: 0/9782 (0.000000%)
1e-02 < relDiff <= 1e-01: 0/9782 (0.000000%)
1e-01 < relDiff <= 1e+00: 9782/9782 (100.000000%)
1e+00 < relDiff < inf   : 0/9782 (0.000000%)
        relDiff = inf   : 0/9782 (0.000000%)
[0 0 1]

----------------------------------------------------------------------------------------------------
PASS: GemmGemmConfiguration(datatype='f32', g=1, m=112, k=30, n=40, o=25, trans_a=True, trans_b=True, trans_c=True, trans_o=True, arch='gfx950:sramecc+:xnack-', chip='gfx950', num_cu=256, num_chiplets=8, perfconfig='attn:v1:128,16,64,1,1,4,32,3,3,1,2')
----------------------------------------------------------------------------------------------------
PASS: GemmGemmConfiguration(datatype='f32', g=1, m=92, k=26, n=52, o=45, trans_a=True, trans_b=False, trans_c=True, trans_o=False, arch='gfx950:sramecc+:xnack-', chip='gfx950', num_cu=256, num_chiplets=8, perfconfig='attn:v1:32,64,32,2,1,4,0,2,2,0,1')
----------------------------------------------------------------------------------------------------
PASS: GemmGemmConfiguration(datatype='f32', g=1, m=6, k=113, n=59, o=15, trans_a=True, trans_b=True, trans_c=True, trans_o=False, arch='gfx950:sramecc+:xnack-', chip='gfx950', num_cu=256, num_chiplets=8, perfconfig='attn:v1:16,64,64,1,1,16,0,1,2,1,0')
----------------------------------------------------------------------------------------------------
PASS: GemmGemmConfiguration(datatype='bf16', g=2, m=3, k=76, n=80, o=89, trans_a=True, trans_b=False, trans_c=True, trans_o=False, arch='gfx950:sramecc+:xnack-', chip='gfx950', num_cu=256, num_chiplets=8, perfconfig='attn:v1:16,32,32,2,1,16,32,3,3,4,1')
----------------------------------------------------------------------------------------------------
PASS: GemmGemmConfiguration(datatype='bf16', g=1, m=48, k=66, n=94, o=109, trans_a=True, trans_b=True, trans_c=False, trans_o=False, arch='gfx950:sramecc+:xnack-', chip='gfx950', num_cu=256, num_chiplets=8, perfconfig='attn:v1:256,32,16,1,1,4,0,4,2,4,1')
----------------------------------------------------------------------------------------------------
PASS: GemmGemmConfiguration(datatype='f16', g=1, m=56, k=59, n=95, o=106, trans_a=False, trans_b=False, trans_c=True, trans_o=False, arch='gfx950:sramecc+:xnack-', chip='gfx950', num_cu=256, num_chiplets=8, perfconfig='attn:v1:32,128,128,1,1,2,16,2,1,2,2')
----------------------------------------------------------------------------------------------------
PASS: GemmGemmConfiguration(datatype='f32', g=1, m=22, k=126, n=119, o=66, trans_a=False, trans_b=True, trans_c=False, trans_o=False, arch='gfx950:sramecc+:xnack-', chip='gfx950', num_cu=256, num_chiplets=8, perfconfig='attn:v1:32,256,128,1,1,1,16,2,2,4,0')
Lowering rejected config as not applicable
Command line = -operation gemm_gemm -t f32 --arch gfx950:sramecc+:xnack- --num_cu 256 --num_chiplets 8 -g 1 -m 106 -k 37 -n 63 -gemmO 26 -transA=False -transB=True -transC=True -transO=False --perf_config=attn:v1:256,256,16,1,1,16,16,3,2,8,8 -pv -relDiff_threshold 1e-4
Errors = loc("<stdin>":9:1): error: ttg.shared (262144) exceeds LDS limit (163840) for amdgcn-amd-amdhsa:gfx950:sramecc+:xnack-
Lowering not applicable.

----------------------------------------------------------------------------------------------------
NOT_APPLICABLE: GemmGemmConfiguration(datatype='f32', g=1, m=106, k=37, n=63, o=26, trans_a=False, trans_b=True, trans_c=True, trans_o=False, arch='gfx950:sramecc+:xnack-', chip='gfx950', num_cu=256, num_chiplets=8, perfconfig='attn:v1:256,256,16,1,1,16,16,3,2,8,8')
----------------------------------------------------------------------------------------------------
FAIL: GemmGemmConfiguration(datatype='f16', g=1, m=60, k=28, n=128, o=63, trans_a=False, trans_b=True, trans_c=False, trans_o=True, arch='gfx950:sramecc+:xnack-', chip='gfx950', num_cu=256, num_chiplets=8, perfconfig='attn:v1:256,32,16,2,1,8,0,2,3,0,1')
----------------------------------------------------------------------------------------------------
PASS: GemmGemmConfiguration(datatype='f16', g=1, m=102, k=4, n=57, o=4, trans_a=True, trans_b=True, trans_c=True, trans_o=False, arch='gfx950:sramecc+:xnack-', chip='gfx950', num_cu=256, num_chiplets=8, perfconfig='attn:v1:64,16,16,1,1,2,32,2,2,1,1')
----------------------------------------------------------------------------------------------------
PASS: GemmGemmConfiguration(datatype='f32', g=2, m=4, k=69, n=12, o=127, trans_a=False, trans_b=True, trans_c=True, trans_o=True, arch='gfx950:sramecc+:xnack-', chip='gfx950', num_cu=256, num_chiplets=8, perfconfig='attn:v1:128,32,32,1,1,16,32,3,1,1,4')
----------------------------------------------------------------------------------------------------
PASS: GemmGemmConfiguration(datatype='bf16', g=2, m=74, k=118, n=76, o=70, trans_a=True, trans_b=False, trans_c=True, trans_o=False, arch='gfx950:sramecc+:xnack-', chip='gfx950', num_cu=256, num_chiplets=8, perfconfig='attn:v1:64,32,16,1,1,8,0,1,1,2,1')
----------------------------------------------------------------------------------------------------
FAIL: GemmGemmConfiguration(datatype='f16', g=1, m=51, k=112, n=68, o=10, trans_a=True, trans_b=True, trans_c=True, trans_o=True, arch='gfx950:sramecc+:xnack-', chip='gfx950', num_cu=256, num_chiplets=8, perfconfig='attn:v1:128,32,16,2,1,1,0,4,1,1,4')
----------------------------------------------------------------------------------------------------
PASS: GemmGemmConfiguration(datatype='f32', g=2, m=89, k=125, n=41, o=9, trans_a=True, trans_b=True, trans_c=True, trans_o=True, arch='gfx950:sramecc+:xnack-', chip='gfx950', num_cu=256, num_chiplets=8, perfconfig='attn:v1:256,128,64,1,1,16,32,1,1,4,1')
----------------------------------------------------------------------------------------------------
PASS: GemmGemmConfiguration(datatype='f16', g=1, m=42, k=86, n=116, o=69, trans_a=False, trans_b=True, trans_c=True, trans_o=True, arch='gfx950:sramecc+:xnack-', chip='gfx950', num_cu=256, num_chiplets=8, perfconfig='attn:v1:32,256,32,2,1,1,0,3,1,0,4')
----------------------------------------------------------------------------------------------------
PASS: GemmGemmConfiguration(datatype='f32', g=2, m=13, k=67, n=74, o=62, trans_a=False, trans_b=True, trans_c=True, trans_o=False, arch='gfx950:sramecc+:xnack-', chip='gfx950', num_cu=256, num_chiplets=8, perfconfig='attn:v1:16,32,16,1,1,1,0,1,1,2,0')
----------------------------------------------------------------------------------------------------
PASS: GemmGemmConfiguration(datatype='f32', g=1, m=98, k=120, n=64, o=45, trans_a=False, trans_b=True, trans_c=True, trans_o=True, arch='gfx950:sramecc+:xnack-', chip='gfx950', num_cu=256, num_chiplets=8, perfconfig='attn:v1:256,16,16,2,1,8,0,3,1,2,0')
----------------------------------------------------------------------------------------------------
PASS: GemmGemmConfiguration(datatype='bf16', g=2, m=24, k=38, n=81, o=20, trans_a=False, trans_b=True, trans_c=False, trans_o=True, arch='gfx950:sramecc+:xnack-', chip='gfx950', num_cu=256, num_chiplets=8, perfconfig='attn:v1:32,64,16,1,1,4,32,2,1,1,2')
----------------------------------------------------------------------------------------------------
PASS: GemmGemmConfiguration(datatype='bf16', g=1, m=50, k=67, n=63, o=20, trans_a=True, trans_b=False, trans_c=False, trans_o=False, arch='gfx950:sramecc+:xnack-', chip='gfx950', num_cu=256, num_chiplets=8, perfconfig='attn:v1:128,32,32,2,1,2,0,1,2,4,1')
----------------------------------------------------------------------------------------------------
PASS: GemmGemmConfiguration(datatype='bf16', g=1, m=40, k=78, n=76, o=65, trans_a=True, trans_b=True, trans_c=False, trans_o=True, arch='gfx950:sramecc+:xnack-', chip='gfx950', num_cu=256, num_chiplets=8, perfconfig='attn:v1:64,32,64,2,1,16,32,1,3,8,0')
----------------------------------------------------------------------------------------------------
PASS: GemmGemmConfiguration(datatype='bf16', g=2, m=94, k=78, n=120, o=31, trans_a=True, trans_b=True, trans_c=True, trans_o=False, arch='gfx950:sramecc+:xnack-', chip='gfx950', num_cu=256, num_chiplets=8, perfconfig='attn:v1:32,64,128,1,1,16,0,2,3,4,4')
FAIL: Runner returned incorrect result
Config = GemmGemmConfiguration(datatype='bf16', g=1, m=78, k=31, n=50, o=74, trans_a=False, trans_b=False, trans_c=False, trans_o=True, arch='gfx950:sramecc+:xnack-', chip='gfx950', num_cu=256, num_chiplets=8, perfconfig='attn:v1:256,32,16,2,1,8,0,1,1,2,8')
Command line = -operation gemm_gemm -t bf16 --arch gfx950:sramecc+:xnack- --num_cu 256 --num_chiplets 8 -g 1 -m 78 -k 31 -n 50 -gemmO 74 -transA=False -transB=False -transC=False -transO=True --perf_config=attn:v1:256,32,16,2,1,8,0,1,1,2,8 -pv -RMS_threshold 1e-2
Output = Number of elements: 5772
maxAbsDiff info: maxAbsDiff = 128.000000 (valNum = -482.00000, gpuNum = -354.00000), average absDiff = 8.0e+01
maxRelDiff info: maxRelDiff = 3.0e-01 (valNum = 69.5000000000, gpuNum = 48.5000000000), average relDiff = 2.5e-01
RMS = 1.9e-01
Histogram of relDiff: 
        relDiff = 0     : 0/5772 (0.000000%)
     0 < relDiff < 1e-06: 0/5772 (0.000000%)
1e-06 < relDiff <= 1e-05: 0/5772 (0.000000%)
1e-05 < relDiff <= 1e-04: 0/5772 (0.000000%)
1e-04 < relDiff <= 1e-03: 0/5772 (0.000000%)
1e-03 < relDiff <= 1e-02: 0/5772 (0.000000%)
1e-02 < relDiff <= 1e-01: 0/5772 (0.000000%)
1e-01 < relDiff <= 1e+00: 5772/5772 (100.000000%)
1e+00 < relDiff < inf   : 0/5772 (0.000000%)
        relDiff = inf   : 0/5772 (0.000000%)
[0 0 1]

FAIL: Runner returned incorrect result
Config = GemmGemmConfiguration(datatype='f16', g=1, m=50, k=114, n=56, o=34, trans_a=True, trans_b=False, trans_c=False, trans_o=True, arch='gfx950:sramecc+:xnack-', chip='gfx950', num_cu=256, num_chiplets=8, perfconfig='attn:v1:64,64,16,2,1,4,0,4,1,4,4')
Command line = -operation gemm_gemm -t f16 --arch gfx950:sramecc+:xnack- --num_cu 256 --num_chiplets 8 -g 1 -m 50 -k 114 -n 56 -gemmO 34 -transA=True -transB=False -transC=False -transO=True --perf_config=attn:v1:64,64,16,2,1,4,0,4,1,4,4 -pv
Output = Number of elements: 1700
maxAbsDiff info: maxAbsDiff = 1758.500000 (valNum = -2074.00000, gpuNum = -315.50000), average absDiff = 1.2e+03
maxRelDiff info: maxRelDiff = 8.5e-01 (valNum = 779.0000000000, gpuNum = 114.3750000000), average relDiff = 8.4e-01
RMS = 6.0e-01
Histogram of relDiff: 
        relDiff = 0     : 0/1700 (0.000000%)
     0 < relDiff < 1e-06: 0/1700 (0.000000%)
1e-06 < relDiff <= 1e-05: 0/1700 (0.000000%)
1e-05 < relDiff <= 1e-04: 0/1700 (0.000000%)
1e-04 < relDiff <= 1e-03: 0/1700 (0.000000%)
1e-03 < relDiff <= 1e-02: 0/1700 (0.000000%)
1e-02 < relDiff <= 1e-01: 0/1700 (0.000000%)
1e-01 < relDiff <= 1e+00: 1700/1700 (100.000000%)
1e+00 < relDiff < inf   : 0/1700 (0.000000%)
        relDiff = inf   : 0/1700 (0.000000%)
[0 0 1]

FAIL: Runner returned incorrect result
Config = GemmGemmConfiguration(datatype='f16', g=2, m=66, k=78, n=2, o=61, trans_a=True, trans_b=False, trans_c=False, trans_o=True, arch='gfx950:sramecc+:xnack-', chip='gfx950', num_cu=256, num_chiplets=8, perfconfig='attn:v1:64,32,32,2,1,2,16,1,2,2,2')
Command line = -operation gemm_gemm -t f16 --arch gfx950:sramecc+:xnack- --num_cu 256 --num_chiplets 8 -g 2 -m 66 -k 78 -n 2 -gemmO 61 -transA=True -transB=False -transC=False -transO=True --perf_config=attn:v1:64,32,32,2,1,2,16,1,2,2,2 -pv
Output = Number of elements: 8052
maxAbsDiff info: maxAbsDiff = 4.171875 (valNum = -8.12500, gpuNum = -3.95312), average absDiff = 1.7e+00
maxRelDiff info: maxRelDiff = 1.1e+00 (valNum = -0.8125000000, gpuNum = 0.1093750000), average relDiff = 6.2e-01
RMS = 2.6e-01
Histogram of relDiff: 
        relDiff = 0     : 0/8052 (0.000000%)
     0 < relDiff < 1e-06: 0/8052 (0.000000%)
1e-06 < relDiff <= 1e-05: 0/8052 (0.000000%)
1e-05 < relDiff <= 1e-04: 0/8052 (0.000000%)
1e-04 < relDiff <= 1e-03: 0/8052 (0.000000%)
1e-03 < relDiff <= 1e-02: 0/8052 (0.000000%)
1e-02 < relDiff <= 1e-01: 0/8052 (0.000000%)
1e-01 < relDiff <= 1e+00: 5412/8052 (67.213115%)
1e+00 < relDiff < inf   : 2640/8052 (32.786885%)
        relDiff = inf   : 0/8052 (0.000000%)
[0 1 1]

----------------------------------------------------------------------------------------------------
FAIL: GemmGemmConfiguration(datatype='f16', g=2, m=67, k=69, n=100, o=73, trans_a=False, trans_b=False, trans_c=False, trans_o=False, arch='gfx950:sramecc+:xnack-', chip='gfx950', num_cu=256, num_chiplets=8, perfconfig='attn:v1:256,16,32,2,1,16,0,3,1,0,4')
----------------------------------------------------------------------------------------------------
PASS: GemmGemmConfiguration(datatype='f16', g=1, m=15, k=4, n=35, o=72, trans_a=True, trans_b=True, trans_c=True, trans_o=False, arch='gfx950:sramecc+:xnack-', chip='gfx950', num_cu=256, num_chiplets=8, perfconfig='attn:v1:256,32,128,1,1,4,32,1,3,1,0')
----------------------------------------------------------------------------------------------------
PASS: GemmGemmConfiguration(datatype='bf16', g=1, m=97, k=41, n=64, o=43, trans_a=True, trans_b=True, trans_c=True, trans_o=False, arch='gfx950:sramecc+:xnack-', chip='gfx950', num_cu=256, num_chiplets=8, perfconfig='attn:v1:32,64,64,1,1,4,32,1,2,4,0')
----------------------------------------------------------------------------------------------------
PASS: GemmGemmConfiguration(datatype='bf16', g=1, m=69, k=61, n=65, o=47, trans_a=True, trans_b=True, trans_c=True, trans_o=True, arch='gfx950:sramecc+:xnack-', chip='gfx950', num_cu=256, num_chiplets=8, perfconfig='attn:v1:32,64,64,2,1,8,32,3,1,8,2')
----------------------------------------------------------------------------------------------------
PASS: GemmGemmConfiguration(datatype='f32', g=1, m=103, k=20, n=4, o=2, trans_a=False, trans_b=True, trans_c=False, trans_o=False, arch='gfx950:sramecc+:xnack-', chip='gfx950', num_cu=256, num_chiplets=8, perfconfig='attn:v1:64,128,16,1,1,4,16,1,2,2,0')
----------------------------------------------------------------------------------------------------
PASS: GemmGemmConfiguration(datatype='f16', g=1, m=121, k=44, n=125, o=73, trans_a=True, trans_b=False, trans_c=True, trans_o=True, arch='gfx950:sramecc+:xnack-', chip='gfx950', num_cu=256, num_chiplets=8, perfconfig='attn:v1:16,16,16,1,1,1,0,4,1,4,0')
----------------------------------------------------------------------------------------------------
PASS: GemmGemmConfiguration(datatype='f32', g=2, m=2, k=66, n=38, o=22, trans_a=True, trans_b=True, trans_c=True, trans_o=False, arch='gfx950:sramecc+:xnack-', chip='gfx950', num_cu=256, num_chiplets=8, perfconfig='attn:v1:256,128,32,1,1,16,16,4,3,4,0')
----------------------------------------------------------------------------------------------------
PASS: GemmGemmConfiguration(datatype='f32', g=2, m=47, k=45, n=54, o=36, trans_a=False, trans_b=False, trans_c=True, trans_o=False, arch='gfx950:sramecc+:xnack-', chip='gfx950', num_cu=256, num_chiplets=8, perfconfig='attn:v1:32,256,64,1,1,1,0,3,2,4,8')
----------------------------------------------------------------------------------------------------
PASS: GemmGemmConfiguration(datatype='f32', g=1, m=95, k=111, n=10, o=53, trans_a=True, trans_b=False, trans_c=True, trans_o=False, arch='gfx950:sramecc+:xnack-', chip='gfx950', num_cu=256, num_chiplets=8, perfconfig='attn:v1:64,128,128,1,1,1,0,1,3,4,0')
----------------------------------------------------------------------------------------------------
PASS: GemmGemmConfiguration(datatype='f32', g=2, m=25, k=122, n=95, o=24, trans_a=False, trans_b=False, trans_c=False, trans_o=True, arch='gfx950:sramecc+:xnack-', chip='gfx950', num_cu=256, num_chiplets=8, perfconfig='attn:v1:128,256,128,1,1,2,16,3,3,0,8')
----------------------------------------------------------------------------------------------------
PASS: GemmGemmConfiguration(datatype='bf16', g=1, m=102, k=23, n=126, o=24, trans_a=True, trans_b=False, trans_c=False, trans_o=False, arch='gfx950:sramecc+:xnack-', chip='gfx950', num_cu=256, num_chiplets=8, perfconfig='attn:v1:64,32,64,2,1,1,32,3,1,1,4')
----------------------------------------------------------------------------------------------------
FAIL: GemmGemmConfiguration(datatype='bf16', g=1, m=78, k=31, n=50, o=74, trans_a=False, trans_b=False, trans_c=False, trans_o=True, arch='gfx950:sramecc+:xnack-', chip='gfx950', num_cu=256, num_chiplets=8, perfconfig='attn:v1:256,32,16,2,1,8,0,1,1,2,8')
----------------------------------------------------------------------------------------------------
PASS: GemmGemmConfiguration(datatype='bf16', g=2, m=86, k=126, n=2, o=109, trans_a=True, trans_b=False, trans_c=True, trans_o=False, arch='gfx950:sramecc+:xnack-', chip='gfx950', num_cu=256, num_chiplets=8, perfconfig='attn:v1:16,16,128,1,1,16,32,4,3,4,0')
----------------------------------------------------------------------------------------------------
PASS: GemmGemmConfiguration(datatype='f32', g=2, m=59, k=120, n=118, o=72, trans_a=False, trans_b=True, trans_c=False, trans_o=True, arch='gfx950:sramecc+:xnack-', chip='gfx950', num_cu=256, num_chiplets=8, perfconfig='attn:v1:128,64,16,2,1,8,32,2,2,0,8')
----------------------------------------------------------------------------------------------------
PASS: GemmGemmConfiguration(datatype='bf16', g=1, m=101, k=118, n=68, o=46, trans_a=False, trans_b=False, trans_c=True, trans_o=False, arch='gfx950:sramecc+:xnack-', chip='gfx950', num_cu=256, num_chiplets=8, perfconfig='attn:v1:256,16,16,1,1,2,16,3,3,8,4')
----------------------------------------------------------------------------------------------------
PASS: GemmGemmConfiguration(datatype='f32', g=2, m=98, k=6, n=123, o=111, trans_a=False, trans_b=True, trans_c=False, trans_o=True, arch='gfx950:sramecc+:xnack-', chip='gfx950', num_cu=256, num_chiplets=8, perfconfig='attn:v1:256,32,32,1,1,8,32,1,2,1,0')
----------------------------------------------------------------------------------------------------
PASS: GemmGemmConfiguration(datatype='f32', g=1, m=6, k=113, n=100, o=43, trans_a=False, trans_b=True, trans_c=True, trans_o=False, arch='gfx950:sramecc+:xnack-', chip='gfx950', num_cu=256, num_chiplets=8, perfconfig='attn:v1:16,256,32,2,1,2,32,3,3,4,0')
----------------------------------------------------------------------------------------------------
PASS: GemmGemmConfiguration(datatype='bf16', g=1, m=63, k=93, n=6, o=21, trans_a=False, trans_b=True, trans_c=True, trans_o=True, arch='gfx950:sramecc+:xnack-', chip='gfx950', num_cu=256, num_chiplets=8, perfconfig='attn:v1:256,256,128,1,1,2,0,4,1,4,0')
----------------------------------------------------------------------------------------------------
PASS: GemmGemmConfiguration(datatype='f32', g=1, m=70, k=123, n=108, o=58, trans_a=True, trans_b=False, trans_c=True, trans_o=False, arch='gfx950:sramecc+:xnack-', chip='gfx950', num_cu=256, num_chiplets=8, perfconfig='attn:v1:16,64,16,2,1,16,0,4,1,2,4')
----------------------------------------------------------------------------------------------------
PASS: GemmGemmConfiguration(datatype='bf16', g=1, m=70, k=83, n=36, o=99, trans_a=True, trans_b=True, trans_c=False, trans_o=True, arch='gfx950:sramecc+:xnack-', chip='gfx950', num_cu=256, num_chiplets=8, perfconfig='attn:v1:256,32,128,1,1,16,32,2,2,1,2')
----------------------------------------------------------------------------------------------------
FAIL: GemmGemmConfiguration(datatype='f16', g=1, m=50, k=114, n=56, o=34, trans_a=True, trans_b=False, trans_c=False, trans_o=True, arch='gfx950:sramecc+:xnack-', chip='gfx950', num_cu=256, num_chiplets=8, perfconfig='attn:v1:64,64,16,2,1,4,0,4,1,4,4')
----------------------------------------------------------------------------------------------------
PASS: GemmGemmConfiguration(datatype='f16', g=2, m=39, k=126, n=31, o=19, trans_a=False, trans_b=False, trans_c=False, trans_o=False, arch='gfx950:sramecc+:xnack-', chip='gfx950', num_cu=256, num_chiplets=8, perfconfig='attn:v1:256,32,16,1,1,2,32,1,2,8,1')
----------------------------------------------------------------------------------------------------
FAIL: GemmGemmConfiguration(datatype='f16', g=2, m=66, k=78, n=2, o=61, trans_a=True, trans_b=False, trans_c=False, trans_o=True, arch='gfx950:sramecc+:xnack-', chip='gfx950', num_cu=256, num_chiplets=8, perfconfig='attn:v1:64,32,32,2,1,2,16,1,2,2,2')
FAIL: Runner returned incorrect result
Config = GemmGemmConfiguration(datatype='f16', g=1, m=96, k=100, n=37, o=52, trans_a=False, trans_b=False, trans_c=False, trans_o=False, arch='gfx950:sramecc+:xnack-', chip='gfx950', num_cu=256, num_chiplets=8, perfconfig='attn:v1:256,128,32,2,1,1,16,2,2,8,8')
Command line = -operation gemm_gemm -t f16 --arch gfx950:sramecc+:xnack- --num_cu 256 --num_chiplets 8 -g 1 -m 96 -k 100 -n 37 -gemmO 52 -transA=False -transB=False -transC=False -transO=False --perf_config=attn:v1:256,128,32,2,1,1,16,2,2,8,8 -pv
Output = Number of elements: 4992
maxAbsDiff info: maxAbsDiff = 830.000000 (valNum = -1216.00000, gpuNum = -386.00000), average absDiff = 5.4e+02
maxRelDiff info: maxRelDiff = 6.9e-01 (valNum = 466.0000000000, gpuNum = 144.2500000000), average relDiff = 6.8e-01
RMS = 4.8e-01
Histogram of relDiff: 
        relDiff = 0     : 0/4992 (0.000000%)
     0 < relDiff < 1e-06: 0/4992 (0.000000%)
1e-06 < relDiff <= 1e-05: 0/4992 (0.000000%)
1e-05 < relDiff <= 1e-04: 0/4992 (0.000000%)
1e-04 < relDiff <= 1e-03: 0/4992 (0.000000%)
1e-03 < relDiff <= 1e-02: 0/4992 (0.000000%)
1e-02 < relDiff <= 1e-01: 0/4992 (0.000000%)
1e-01 < relDiff <= 1e+00: 4992/4992 (100.000000%)
1e+00 < relDiff < inf   : 0/4992 (0.000000%)
        relDiff = inf   : 0/4992 (0.000000%)
[0 0 1]

FAIL: Runner returned incorrect result
Config = GemmGemmConfiguration(datatype='f16', g=1, m=55, k=123, n=83, o=1, trans_a=False, trans_b=False, trans_c=True, trans_o=True, arch='gfx950:sramecc+:xnack-', chip='gfx950', num_cu=256, num_chiplets=8, perfconfig='attn:v1:128,256,32,2,1,2,16,2,1,8,0')
Command line = -operation gemm_gemm -t f16 --arch gfx950:sramecc+:xnack- --num_cu 256 --num_chiplets 8 -g 1 -m 55 -k 123 -n 83 -gemmO 1 -transA=False -transB=False -transC=True -transO=True --perf_config=attn:v1:128,256,32,2,1,2,16,2,1,8,0 -pv
Output = Number of elements: 55
maxAbsDiff info: maxAbsDiff = 691.500000 (valNum = 1238.00000, gpuNum = 546.50000), average absDiff = 6.9e+02
maxRelDiff info: maxRelDiff = 5.6e-01 (valNum = 1238.0000000000, gpuNum = 546.5000000000), average relDiff = 5.6e-01
RMS = 5.6e-01
Histogram of relDiff: 
        relDiff = 0     : 0/55 (0.000000%)
     0 < relDiff < 1e-06: 0/55 (0.000000%)
1e-06 < relDiff <= 1e-05: 0/55 (0.000000%)
1e-05 < relDiff <= 1e-04: 0/55 (0.000000%)
1e-04 < relDiff <= 1e-03: 0/55 (0.000000%)
1e-03 < relDiff <= 1e-02: 0/55 (0.000000%)
1e-02 < relDiff <= 1e-01: 0/55 (0.000000%)
1e-01 < relDiff <= 1e+00: 55/55 (100.000000%)
1e+00 < relDiff < inf   : 0/55 (0.000000%)
        relDiff = inf   : 0/55 (0.000000%)
[0 0 1]

FAIL: Runner returned incorrect result
Config = GemmGemmConfiguration(datatype='f16', g=2, m=39, k=69, n=46, o=115, trans_a=False, trans_b=True, trans_c=False, trans_o=True, arch='gfx950:sramecc+:xnack-', chip='gfx950', num_cu=256, num_chiplets=8, perfconfig='attn:v1:64,128,16,2,1,1,16,4,2,1,4')
Command line = -operation gemm_gemm -t f16 --arch gfx950:sramecc+:xnack- --num_cu 256 --num_chiplets 8 -g 2 -m 39 -k 69 -n 46 -gemmO 115 -transA=False -transB=True -transC=False -transO=True --perf_config=attn:v1:64,128,16,2,1,1,16,4,2,1,4 -pv
Output = Number of elements: 8970
maxAbsDiff info: maxAbsDiff = 132.343750 (valNum = 187.62500, gpuNum = 55.28125), average absDiff = 1.1e+02
maxRelDiff info: maxRelDiff = 7.1e-01 (valNum = 177.1250000000, gpuNum = 52.1875000000), average relDiff = 7.1e-01
RMS = 6.1e-01
Histogram of relDiff: 
        relDiff = 0     : 0/8970 (0.000000%)
     0 < relDiff < 1e-06: 0/8970 (0.000000%)
1e-06 < relDiff <= 1e-05: 0/8970 (0.000000%)
1e-05 < relDiff <= 1e-04: 0/8970 (0.000000%)
1e-04 < relDiff <= 1e-03: 0/8970 (0.000000%)
1e-03 < relDiff <= 1e-02: 0/8970 (0.000000%)
1e-02 < relDiff <= 1e-01: 0/8970 (0.000000%)
1e-01 < relDiff <= 1e+00: 8970/8970 (100.000000%)
1e+00 < relDiff < inf   : 0/8970 (0.000000%)
        relDiff = inf   : 0/8970 (0.000000%)
[0 0 1]

FAIL: Runner returned incorrect result
Config = GemmGemmConfiguration(datatype='f16', g=2, m=82, k=127, n=71, o=126, trans_a=False, trans_b=False, trans_c=False, trans_o=True, arch='gfx950:sramecc+:xnack-', chip='gfx950', num_cu=256, num_chiplets=8, perfconfig='attn:v1:16,32,32,2,1,4,16,1,3,8,1')
Command line = -operation gemm_gemm -t f16 --arch gfx950:sramecc+:xnack- --num_cu 256 --num_chiplets 8 -g 2 -m 82 -k 127 -n 71 -gemmO 126 -transA=False -transB=False -transC=False -transO=True --perf_config=attn:v1:16,32,32,2,1,4,16,1,3,8,1 -pv
Output = Number of elements: 20664
maxAbsDiff info: maxAbsDiff = 83.843750 (valNum = -120.75000, gpuNum = -36.90625), average absDiff = 4.3e+01
maxRelDiff info: maxRelDiff = 1.1e+00 (valNum = -3.9375000000, gpuNum = 0.4101562500), average relDiff = 8.8e-01
RMS = 4.2e-01
Histogram of relDiff: 
        relDiff = 0     : 0/20664 (0.000000%)
     0 < relDiff < 1e-06: 0/20664 (0.000000%)
1e-06 < relDiff <= 1e-05: 0/20664 (0.000000%)
1e-05 < relDiff <= 1e-04: 0/20664 (0.000000%)
1e-04 < relDiff <= 1e-03: 0/20664 (0.000000%)
1e-03 < relDiff <= 1e-02: 0/20664 (0.000000%)
1e-02 < relDiff <= 1e-01: 0/20664 (0.000000%)
1e-01 < relDiff <= 1e+00: 17136/20664 (82.926829%)
1e+00 < relDiff < inf   : 3528/20664 (17.073171%)
        relDiff = inf   : 0/20664 (0.000000%)
[0 1 1]

----------------------------------------------------------------------------------------------------
PASS: GemmGemmConfiguration(datatype='bf16', g=2, m=97, k=4, n=19, o=22, trans_a=True, trans_b=False, trans_c=True, trans_o=True, arch='gfx950:sramecc+:xnack-', chip='gfx950', num_cu=256, num_chiplets=8, perfconfig='attn:v1:64,256,16,1,1,1,0,2,2,4,2')
----------------------------------------------------------------------------------------------------
PASS: GemmGemmConfiguration(datatype='f32', g=2, m=81, k=13, n=4, o=97, trans_a=False, trans_b=False, trans_c=True, trans_o=False, arch='gfx950:sramecc+:xnack-', chip='gfx950', num_cu=256, num_chiplets=8, perfconfig='attn:v1:64,256,64,2,1,16,32,2,2,0,0')
----------------------------------------------------------------------------------------------------
FAIL: GemmGemmConfiguration(datatype='f16', g=1, m=96, k=100, n=37, o=52, trans_a=False, trans_b=False, trans_c=False, trans_o=False, arch='gfx950:sramecc+:xnack-', chip='gfx950', num_cu=256, num_chiplets=8, perfconfig='attn:v1:256,128,32,2,1,1,16,2,2,8,8')
----------------------------------------------------------------------------------------------------
PASS: GemmGemmConfiguration(datatype='f32', g=1, m=60, k=45, n=39, o=51, trans_a=False, trans_b=True, trans_c=False, trans_o=True, arch='gfx950:sramecc+:xnack-', chip='gfx950', num_cu=256, num_chiplets=8, perfconfig='attn:v1:64,16,16,1,1,2,32,1,1,8,2')
----------------------------------------------------------------------------------------------------
PASS: GemmGemmConfiguration(datatype='f32', g=1, m=79, k=49, n=38, o=38, trans_a=False, trans_b=False, trans_c=True, trans_o=False, arch='gfx950:sramecc+:xnack-', chip='gfx950', num_cu=256, num_chiplets=8, perfconfig='attn:v1:32,64,16,1,1,8,32,4,2,0,0')
----------------------------------------------------------------------------------------------------
PASS: GemmGemmConfiguration(datatype='f16', g=2, m=78, k=14, n=127, o=70, trans_a=True, trans_b=False, trans_c=False, trans_o=False, arch='gfx950:sramecc+:xnack-', chip='gfx950', num_cu=256, num_chiplets=8, perfconfig='attn:v1:256,128,64,2,1,4,16,2,1,1,0')
----------------------------------------------------------------------------------------------------
PASS: GemmGemmConfiguration(datatype='f32', g=1, m=104, k=10, n=3, o=63, trans_a=False, trans_b=True, trans_c=False, trans_o=False, arch='gfx950:sramecc+:xnack-', chip='gfx950', num_cu=256, num_chiplets=8, perfconfig='attn:v1:128,64,128,1,1,2,32,2,3,4,1')
----------------------------------------------------------------------------------------------------
FAIL: GemmGemmConfiguration(datatype='f16', g=1, m=55, k=123, n=83, o=1, trans_a=False, trans_b=False, trans_c=True, trans_o=True, arch='gfx950:sramecc+:xnack-', chip='gfx950', num_cu=256, num_chiplets=8, perfconfig='attn:v1:128,256,32,2,1,2,16,2,1,8,0')
----------------------------------------------------------------------------------------------------
PASS: GemmGemmConfiguration(datatype='f32', g=1, m=93, k=95, n=16, o=73, trans_a=False, trans_b=False, trans_c=False, trans_o=True, arch='gfx950:sramecc+:xnack-', chip='gfx950', num_cu=256, num_chiplets=8, perfconfig='attn:v1:64,128,64,2,1,1,32,1,2,8,1')
----------------------------------------------------------------------------------------------------
PASS: GemmGemmConfiguration(datatype='f32', g=1, m=25, k=85, n=7, o=46, trans_a=False, trans_b=False, trans_c=True, trans_o=True, arch='gfx950:sramecc+:xnack-', chip='gfx950', num_cu=256, num_chiplets=8, perfconfig='attn:v1:128,64,64,1,1,1,0,1,3,4,8')
----------------------------------------------------------------------------------------------------
FAIL: GemmGemmConfiguration(datatype='f16', g=2, m=39, k=69, n=46, o=115, trans_a=False, trans_b=True, trans_c=False, trans_o=True, arch='gfx950:sramecc+:xnack-', chip='gfx950', num_cu=256, num_chiplets=8, perfconfig='attn:v1:64,128,16,2,1,1,16,4,2,1,4')
----------------------------------------------------------------------------------------------------
FAIL: GemmGemmConfiguration(datatype='f16', g=2, m=82, k=127, n=71, o=126, trans_a=False, trans_b=False, trans_c=False, trans_o=True, arch='gfx950:sramecc+:xnack-', chip='gfx950', num_cu=256, num_chiplets=8, perfconfig='attn:v1:16,32,32,2,1,4,16,1,3,8,1')
----------------------------------------------------------------------------------------------------
PASS: GemmGemmConfiguration(datatype='f32', g=2, m=71, k=101, n=86, o=35, trans_a=False, trans_b=False, trans_c=True, trans_o=True, arch='gfx950:sramecc+:xnack-', chip='gfx950', num_cu=256, num_chiplets=8, perfconfig='attn:v1:32,128,16,1,1,8,32,2,3,0,0')
----------------------------------------------------------------------------------------------------
PASS: GemmGemmConfiguration(datatype='f32', g=1, m=27, k=120, n=57, o=120, trans_a=True, trans_b=True, trans_c=True, trans_o=False, arch='gfx950:sramecc+:xnack-', chip='gfx950', num_cu=256, num_chiplets=8, perfconfig='attn:v1:256,64,32,2,1,16,16,2,3,2,8')
----------------------------------------------------------------------------------------------------
PASS: GemmGemmConfiguration(datatype='bf16', g=1, m=5, k=87, n=96, o=82, trans_a=True, trans_b=True, trans_c=True, trans_o=True, arch='gfx950:sramecc+:xnack-', chip='gfx950', num_cu=256, num_chiplets=8, perfconfig='attn:v1:16,32,64,2,1,1,16,4,3,0,8')
----------------------------------------------------------------------------------------------------
PASS: GemmGemmConfiguration(datatype='bf16', g=2, m=124, k=31, n=112, o=86, trans_a=True, trans_b=True, trans_c=True, trans_o=True, arch='gfx950:sramecc+:xnack-', chip='gfx950', num_cu=256, num_chiplets=8, perfconfig='attn:v1:128,64,32,1,1,2,16,2,3,4,2')
----------------------------------------------------------------------------------------------------
PASS: GemmGemmConfiguration(datatype='f16', g=2, m=110, k=120, n=49, o=79, trans_a=False, trans_b=False, trans_c=False, trans_o=True, arch='gfx950:sramecc+:xnack-', chip='gfx950', num_cu=256, num_chiplets=8, perfconfig='attn:v1:256,256,128,2,1,8,16,1,1,8,1')
----------------------------------------------------------------------------------------------------
PASS: GemmGemmConfiguration(datatype='bf16', g=2, m=63, k=52, n=103, o=117, trans_a=True, trans_b=False, trans_c=False, trans_o=False, arch='gfx950:sramecc+:xnack-', chip='gfx950', num_cu=256, num_chiplets=8, perfconfig='attn:v1:256,64,64,1,1,2,0,1,2,1,1')
----------------------------------------------------------------------------------------------------
PASS: GemmGemmConfiguration(datatype='f32', g=2, m=83, k=109, n=124, o=67, trans_a=False, trans_b=True, trans_c=False, trans_o=False, arch='gfx950:sramecc+:xnack-', chip='gfx950', num_cu=256, num_chiplets=8, perfconfig='attn:v1:256,128,16,1,1,2,32,3,1,4,2')
----------------------------------------------------------------------------------------------------
PASS: GemmGemmConfiguration(datatype='f32', g=1, m=28, k=34, n=13, o=44, trans_a=False, trans_b=True, trans_c=False, trans_o=True, arch='gfx950:sramecc+:xnack-', chip='gfx950', num_cu=256, num_chiplets=8, perfconfig='attn:v1:256,128,64,1,1,16,16,1,1,1,4')
----------------------------------------------------------------------------------------------------
PASS: GemmGemmConfiguration(datatype='f32', g=2, m=47, k=121, n=63, o=106, trans_a=False, trans_b=False, trans_c=True, trans_o=True, arch='gfx950:sramecc+:xnack-', chip='gfx950', num_cu=256, num_chiplets=8, perfconfig='attn:v1:16,32,16,2,1,1,0,1,1,8,0')
----------------------------------------------------------------------------------------------------
PASS: GemmGemmConfiguration(datatype='f16', g=2, m=101, k=106, n=111, o=36, trans_a=False, trans_b=True, trans_c=True, trans_o=True, arch='gfx950:sramecc+:xnack-', chip='gfx950', num_cu=256, num_chiplets=8, perfconfig='attn:v1:64,64,64,2,1,16,16,2,3,1,1')
FAIL: Runner returned incorrect result
Config = GemmGemmConfiguration(datatype='f16', g=1, m=8, k=107, n=70, o=64, trans_a=False, trans_b=False, trans_c=True, trans_o=True, arch='gfx950:sramecc+:xnack-', chip='gfx950', num_cu=256, num_chiplets=8, perfconfig='attn:v1:16,128,16,2,1,8,0,4,3,2,2')
Command line = -operation gemm_gemm -t f16 --arch gfx950:sramecc+:xnack- --num_cu 256 --num_chiplets 8 -g 1 -m 8 -k 107 -n 70 -gemmO 64 -transA=False -transB=False -transC=True -transO=True --perf_config=attn:v1:16,128,16,2,1,8,0,4,3,2,2 -pv
Output = Number of elements: 512
maxAbsDiff info: maxAbsDiff = 1837.000000 (valNum = -2456.00000, gpuNum = -619.00000), average absDiff = 1.2e+03
maxRelDiff info: maxRelDiff = 7.6e-01 (valNum = 887.0000000000, gpuNum = 214.0000000000), average relDiff = 7.5e-01
RMS = 5.3e-01
Histogram of relDiff: 
        relDiff = 0     : 0/512 (0.000000%)
     0 < relDiff < 1e-06: 0/512 (0.000000%)
1e-06 < relDiff <= 1e-05: 0/512 (0.000000%)
1e-05 < relDiff <= 1e-04: 0/512 (0.000000%)
1e-04 < relDiff <= 1e-03: 0/512 (0.000000%)
1e-03 < relDiff <= 1e-02: 0/512 (0.000000%)
1e-02 < relDiff <= 1e-01: 0/512 (0.000000%)
1e-01 < relDiff <= 1e+00: 512/512 (100.000000%)
1e+00 < relDiff < inf   : 0/512 (0.000000%)
        relDiff = inf   : 0/512 (0.000000%)
[0 0 1]

----------------------------------------------------------------------------------------------------
PASS: GemmGemmConfiguration(datatype='bf16', g=2, m=91, k=115, n=63, o=19, trans_a=False, trans_b=False, trans_c=False, trans_o=True, arch='gfx950:sramecc+:xnack-', chip='gfx950', num_cu=256, num_chiplets=8, perfconfig='attn:v1:16,128,64,2,1,4,32,4,2,2,4')
----------------------------------------------------------------------------------------------------
PASS: GemmGemmConfiguration(datatype='f32', g=1, m=4, k=121, n=119, o=38, trans_a=True, trans_b=True, trans_c=False, trans_o=False, arch='gfx950:sramecc+:xnack-', chip='gfx950', num_cu=256, num_chiplets=8, perfconfig='attn:v1:128,32,32,1,1,8,0,4,2,0,2')
----------------------------------------------------------------------------------------------------
PASS: GemmGemmConfiguration(datatype='f16', g=1, m=26, k=28, n=128, o=96, trans_a=False, trans_b=False, trans_c=True, trans_o=True, arch='gfx950:sramecc+:xnack-', chip='gfx950', num_cu=256, num_chiplets=8, perfconfig='attn:v1:64,256,64,1,1,2,16,1,3,4,0')
----------------------------------------------------------------------------------------------------
PASS: GemmGemmConfiguration(datatype='f16', g=2, m=75, k=118, n=121, o=102, trans_a=False, trans_b=False, trans_c=False, trans_o=True, arch='gfx950:sramecc+:xnack-', chip='gfx950', num_cu=256, num_chiplets=8, perfconfig='attn:v1:128,32,64,1,1,4,0,3,3,8,8')
----------------------------------------------------------------------------------------------------
PASS: GemmGemmConfiguration(datatype='f32', g=2, m=41, k=44, n=13, o=19, trans_a=True, trans_b=True, trans_c=False, trans_o=True, arch='gfx950:sramecc+:xnack-', chip='gfx950', num_cu=256, num_chiplets=8, perfconfig='attn:v1:256,128,16,1,1,1,0,3,3,2,4')
----------------------------------------------------------------------------------------------------
PASS: GemmGemmConfiguration(datatype='f16', g=2, m=16, k=108, n=22, o=28, trans_a=False, trans_b=False, trans_c=True, trans_o=True, arch='gfx950:sramecc+:xnack-', chip='gfx950', num_cu=256, num_chiplets=8, perfconfig='attn:v1:16,32,64,2,1,2,16,4,3,0,0')
----------------------------------------------------------------------------------------------------
PASS: GemmGemmConfiguration(datatype='f16', g=2, m=2, k=102, n=62, o=4, trans_a=True, trans_b=False, trans_c=False, trans_o=False, arch='gfx950:sramecc+:xnack-', chip='gfx950', num_cu=256, num_chiplets=8, perfconfig='attn:v1:256,32,128,1,1,16,32,4,1,4,4')
----------------------------------------------------------------------------------------------------
PASS: GemmGemmConfiguration(datatype='f16', g=2, m=11, k=17, n=81, o=20, trans_a=False, trans_b=False, trans_c=True, trans_o=False, arch='gfx950:sramecc+:xnack-', chip='gfx950', num_cu=256, num_chiplets=8, perfconfig='attn:v1:128,32,64,2,1,2,0,4,1,8,4')
----------------------------------------------------------------------------------------------------
FAIL: GemmGemmConfiguration(datatype='f16', g=1, m=8, k=107, n=70, o=64, trans_a=False, trans_b=False, trans_c=True, trans_o=True, arch='gfx950:sramecc+:xnack-', chip='gfx950', num_cu=256, num_chiplets=8, perfconfig='attn:v1:16,128,16,2,1,8,0,4,3,2,2')
----------------------------------------------------------------------------------------------------
PASS: GemmGemmConfiguration(datatype='f16', g=1, m=40, k=106, n=128, o=84, trans_a=True, trans_b=False, trans_c=False, trans_o=True, arch='gfx950:sramecc+:xnack-', chip='gfx950', num_cu=256, num_chiplets=8, perfconfig='attn:v1:256,16,16,1,1,4,16,4,1,2,4')
----------------------------------------------------------------------------------------------------
PASS: GemmGemmConfiguration(datatype='f16', g=1, m=96, k=77, n=62, o=2, trans_a=True, trans_b=True, trans_c=True, trans_o=True, arch='gfx950:sramecc+:xnack-', chip='gfx950', num_cu=256, num_chiplets=8, perfconfig='attn:v1:256,32,16,1,1,1,16,1,2,2,2')
----------------------------------------------------------------------------------------------------
PASS: GemmGemmConfiguration(datatype='f32', g=1, m=68, k=74, n=67, o=39, trans_a=True, trans_b=False, trans_c=False, trans_o=False, arch='gfx950:sramecc+:xnack-', chip='gfx950', num_cu=256, num_chiplets=8, perfconfig='attn:v1:256,128,128,1,1,4,32,2,1,8,1')
----------------------------------------------------------------------------------------------------
PASS: GemmGemmConfiguration(datatype='bf16', g=1, m=6, k=128, n=127, o=16, trans_a=True, trans_b=False, trans_c=False, trans_o=True, arch='gfx950:sramecc+:xnack-', chip='gfx950', num_cu=256, num_chiplets=8, perfconfig='attn:v1:32,256,128,1,1,2,32,4,3,2,0')
----------------------------------------------------------------------------------------------------
PASS: GemmGemmConfiguration(datatype='f32', g=2, m=20, k=110, n=1, o=75, trans_a=False, trans_b=False, trans_c=True, trans_o=False, arch='gfx950:sramecc+:xnack-', chip='gfx950', num_cu=256, num_chiplets=8, perfconfig='attn:v1:64,16,128,2,1,4,16,2,1,2,2')
----------------------------------------------------------------------------------------------------
PASS: GemmGemmConfiguration(datatype='f32', g=2, m=57, k=96, n=104, o=22, trans_a=False, trans_b=False, trans_c=True, trans_o=True, arch='gfx950:sramecc+:xnack-', chip='gfx950', num_cu=256, num_chiplets=8, perfconfig='attn:v1:16,64,16,1,1,2,0,2,2,4,1')
----------------------------------------------------------------------------------------------------
PASS: GemmGemmConfiguration(datatype='bf16', g=2, m=49, k=46, n=104, o=89, trans_a=False, trans_b=True, trans_c=True, trans_o=False, arch='gfx950:sramecc+:xnack-', chip='gfx950', num_cu=256, num_chiplets=8, perfconfig='attn:v1:16,32,32,1,1,8,16,3,3,2,4')
----------------------------------------------------------------------------------------------------
PASS: GemmGemmConfiguration(datatype='f32', g=1, m=101, k=54, n=24, o=68, trans_a=False, trans_b=True, trans_c=False, trans_o=False, arch='gfx950:sramecc+:xnack-', chip='gfx950', num_cu=256, num_chiplets=8, perfconfig='attn:v1:128,32,16,1,1,2,0,4,1,8,8')
----------------------------------------------------------------------------------------------------
PASS: GemmGemmConfiguration(datatype='f32', g=1, m=122, k=27, n=84, o=32, trans_a=False, trans_b=True, trans_c=True, trans_o=False, arch='gfx950:sramecc+:xnack-', chip='gfx950', num_cu=256, num_chiplets=8, perfconfig='attn:v1:128,64,128,1,1,4,0,4,3,1,0')
----------------------------------------------------------------------------------------------------
PASS: GemmGemmConfiguration(datatype='f32', g=1, m=33, k=123, n=6, o=76, trans_a=True, trans_b=False, trans_c=True, trans_o=False, arch='gfx950:sramecc+:xnack-', chip='gfx950', num_cu=256, num_chiplets=8, perfconfig='attn:v1:16,256,32,2,1,4,0,2,2,4,0')
----------------------------------------------------------------------------------------------------
PASS: GemmGemmConfiguration(datatype='f32', g=2, m=28, k=4, n=109, o=57, trans_a=True, trans_b=True, trans_c=True, trans_o=True, arch='gfx950:sramecc+:xnack-', chip='gfx950', num_cu=256, num_chiplets=8, perfconfig='attn:v1:32,256,32,1,1,2,0,1,2,2,0')
----------------------------------------------------------------------------------------------------
PASS: GemmGemmConfiguration(datatype='f16', g=2, m=40, k=69, n=119, o=85, trans_a=False, trans_b=False, trans_c=False, trans_o=False, arch='gfx950:sramecc+:xnack-', chip='gfx950', num_cu=256, num_chiplets=8, perfconfig='attn:v1:16,64,64,2,1,1,0,4,2,0,2')
----------------------------------------------------------------------------------------------------
PASS: GemmGemmConfiguration(datatype='f32', g=2, m=128, k=42, n=46, o=16, trans_a=False, trans_b=False, trans_c=True, trans_o=True, arch='gfx950:sramecc+:xnack-', chip='gfx950', num_cu=256, num_chiplets=8, perfconfig='attn:v1:16,64,64,1,1,8,0,2,3,2,4')
----------------------------------------------------------------------------------------------------
PASS: GemmGemmConfiguration(datatype='f32', g=2, m=54, k=36, n=23, o=34, trans_a=True, trans_b=True, trans_c=False, trans_o=True, arch='gfx950:sramecc+:xnack-', chip='gfx950', num_cu=256, num_chiplets=8, perfconfig='attn:v1:16,32,16,1,1,4,32,4,3,1,8')
FAIL: Runner returned incorrect result
Config = GemmGemmConfiguration(datatype='f16', g=2, m=26, k=119, n=111, o=76, trans_a=True, trans_b=True, trans_c=False, trans_o=False, arch='gfx950:sramecc+:xnack-', chip='gfx950', num_cu=256, num_chiplets=8, perfconfig='attn:v1:128,256,32,2,1,16,16,1,2,2,8')
Command line = -operation gemm_gemm -t f16 --arch gfx950:sramecc+:xnack- --num_cu 256 --num_chiplets 8 -g 2 -m 26 -k 119 -n 111 -gemmO 76 -transA=True -transB=True -transC=False -transO=False --perf_config=attn:v1:128,256,32,2,1,16,16,1,2,2,8 -pv
Output = Number of elements: 3952
maxAbsDiff info: maxAbsDiff = 2277.000000 (valNum = -3988.00000, gpuNum = -1711.00000), average absDiff = 1.5e+03
maxRelDiff info: maxRelDiff = 5.9e-01 (valNum = 539.0000000000, gpuNum = 218.8750000000), average relDiff = 5.7e-01
RMS = 4.4e-01
Histogram of relDiff: 
        relDiff = 0     : 0/3952 (0.000000%)
     0 < relDiff < 1e-06: 0/3952 (0.000000%)
1e-06 < relDiff <= 1e-05: 0/3952 (0.000000%)
1e-05 < relDiff <= 1e-04: 0/3952 (0.000000%)
1e-04 < relDiff <= 1e-03: 0/3952 (0.000000%)
1e-03 < relDiff <= 1e-02: 0/3952 (0.000000%)
1e-02 < relDiff <= 1e-01: 0/3952 (0.000000%)
1e-01 < relDiff <= 1e+00: 3952/3952 (100.000000%)
1e+00 < relDiff < inf   : 0/3952 (0.000000%)
        relDiff = inf   : 0/3952 (0.000000%)
[0 0 1]

FAIL: Runner returned incorrect result
Config = GemmGemmConfiguration(datatype='bf16', g=2, m=26, k=54, n=27, o=105, trans_a=True, trans_b=True, trans_c=True, trans_o=False, arch='gfx950:sramecc+:xnack-', chip='gfx950', num_cu=256, num_chiplets=8, perfconfig='attn:v1:64,16,16,2,1,2,0,2,3,4,1')
Command line = -operation gemm_gemm -t bf16 --arch gfx950:sramecc+:xnack- --num_cu 256 --num_chiplets 8 -g 2 -m 26 -k 54 -n 27 -gemmO 105 -transA=True -transB=True -transC=True -transO=False --perf_config=attn:v1:64,16,16,2,1,2,0,2,3,4,1 -pv -RMS_threshold 1e-2
Output = Number of elements: 5460
maxAbsDiff info: maxAbsDiff = 44.750000 (valNum = 71.00000, gpuNum = 26.25000), average absDiff = 2.9e+01
maxRelDiff info: maxRelDiff = 6.6e-01 (valNum = -17.7500000000, gpuNum = -6.0312500000), average relDiff = 6.4e-01
RMS = 4.5e-01
Histogram of relDiff: 
        relDiff = 0     : 0/5460 (0.000000%)
     0 < relDiff < 1e-06: 0/5460 (0.000000%)
1e-06 < relDiff <= 1e-05: 0/5460 (0.000000%)
1e-05 < relDiff <= 1e-04: 0/5460 (0.000000%)
1e-04 < relDiff <= 1e-03: 0/5460 (0.000000%)
1e-03 < relDiff <= 1e-02: 0/5460 (0.000000%)
1e-02 < relDiff <= 1e-01: 0/5460 (0.000000%)
1e-01 < relDiff <= 1e+00: 5460/5460 (100.000000%)
1e+00 < relDiff < inf   : 0/5460 (0.000000%)
        relDiff = inf   : 0/5460 (0.000000%)
[0 1 1]

----------------------------------------------------------------------------------------------------
PASS: GemmGemmConfiguration(datatype='f32', g=2, m=76, k=65, n=37, o=80, trans_a=False, trans_b=False, trans_c=True, trans_o=False, arch='gfx950:sramecc+:xnack-', chip='gfx950', num_cu=256, num_chiplets=8, perfconfig='attn:v1:64,16,64,1,1,4,32,4,1,4,2')
----------------------------------------------------------------------------------------------------
PASS: GemmGemmConfiguration(datatype='f32', g=1, m=35, k=61, n=70, o=76, trans_a=False, trans_b=False, trans_c=True, trans_o=True, arch='gfx950:sramecc+:xnack-', chip='gfx950', num_cu=256, num_chiplets=8, perfconfig='attn:v1:32,64,16,1,1,4,32,4,2,2,0')
----------------------------------------------------------------------------------------------------
PASS: GemmGemmConfiguration(datatype='f16', g=1, m=22, k=82, n=115, o=5, trans_a=True, trans_b=False, trans_c=False, trans_o=False, arch='gfx950:sramecc+:xnack-', chip='gfx950', num_cu=256, num_chiplets=8, perfconfig='attn:v1:32,32,64,1,1,16,32,2,3,8,4')
----------------------------------------------------------------------------------------------------
FAIL: GemmGemmConfiguration(datatype='f16', g=2, m=26, k=119, n=111, o=76, trans_a=True, trans_b=True, trans_c=False, trans_o=False, arch='gfx950:sramecc+:xnack-', chip='gfx950', num_cu=256, num_chiplets=8, perfconfig='attn:v1:128,256,32,2,1,16,16,1,2,2,8')
----------------------------------------------------------------------------------------------------
PASS: GemmGemmConfiguration(datatype='bf16', g=1, m=75, k=44, n=17, o=24, trans_a=False, trans_b=True, trans_c=True, trans_o=True, arch='gfx950:sramecc+:xnack-', chip='gfx950', num_cu=256, num_chiplets=8, perfconfig='attn:v1:256,16,64,1,1,2,16,3,2,8,1')
----------------------------------------------------------------------------------------------------
FAIL: GemmGemmConfiguration(datatype='bf16', g=2, m=26, k=54, n=27, o=105, trans_a=True, trans_b=True, trans_c=True, trans_o=False, arch='gfx950:sramecc+:xnack-', chip='gfx950', num_cu=256, num_chiplets=8, perfconfig='attn:v1:64,16,16,2,1,2,0,2,3,4,1')
----------------------------------------------------------------------------------------------------
PASS: GemmGemmConfiguration(datatype='f32', g=1, m=93, k=125, n=7, o=81, trans_a=False, trans_b=True, trans_c=False, trans_o=True, arch='gfx950:sramecc+:xnack-', chip='gfx950', num_cu=256, num_chiplets=8, perfconfig='attn:v1:32,32,32,1,1,1,0,2,1,4,2')
----------------------------------------------------------------------------------------------------
PASS: GemmGemmConfiguration(datatype='f16', g=2, m=63, k=58, n=46, o=17, trans_a=False, trans_b=False, trans_c=False, trans_o=True, arch='gfx950:sramecc+:xnack-', chip='gfx950', num_cu=256, num_chiplets=8, perfconfig='attn:v1:128,16,128,2,1,8,32,4,1,2,4')
----------------------------------------------------------------------------------------------------
PASS: GemmGemmConfiguration(datatype='f32', g=2, m=26, k=117, n=69, o=94, trans_a=True, trans_b=False, trans_c=True, trans_o=False, arch='gfx950:sramecc+:xnack-', chip='gfx950', num_cu=256, num_chiplets=8, perfconfig='attn:v1:64,16,64,1,1,1,0,1,1,2,8')
----------------------------------------------------------------------------------------------------
PASS: GemmGemmConfiguration(datatype='bf16', g=2, m=111, k=84, n=26, o=41, trans_a=True, trans_b=False, trans_c=True, trans_o=True, arch='gfx950:sramecc+:xnack-', chip='gfx950', num_cu=256, num_chiplets=8, perfconfig='attn:v1:64,256,32,2,1,8,32,1,2,2,1')
----------------------------------------------------------------------------------------------------
PASS: GemmGemmConfiguration(datatype='bf16', g=2, m=81, k=61, n=118, o=39, trans_a=False, trans_b=True, trans_c=True, trans_o=False, arch='gfx950:sramecc+:xnack-', chip='gfx950', num_cu=256, num_chiplets=8, perfconfig='attn:v1:128,128,64,1,1,4,32,2,1,0,1')
----------------------------------------------------------------------------------------------------
PASS: GemmGemmConfiguration(datatype='f16', g=1, m=30, k=42, n=71, o=21, trans_a=True, trans_b=False, trans_c=True, trans_o=True, arch='gfx950:sramecc+:xnack-', chip='gfx950', num_cu=256, num_chiplets=8, perfconfig='attn:v1:256,256,64,2,1,1,0,3,3,8,4')
----------------------------------------------------------------------------------------------------
PASS: GemmGemmConfiguration(datatype='f32', g=2, m=99, k=116, n=63, o=75, trans_a=True, trans_b=True, trans_c=True, trans_o=True, arch='gfx950:sramecc+:xnack-', chip='gfx950', num_cu=256, num_chiplets=8, perfconfig='attn:v1:256,128,128,2,1,8,0,3,3,0,0')
----------------------------------------------------------------------------------------------------
PASS: GemmGemmConfiguration(datatype='bf16', g=2, m=76, k=87, n=105, o=17, trans_a=True, trans_b=False, trans_c=True, trans_o=False, arch='gfx950:sramecc+:xnack-', chip='gfx950', num_cu=256, num_chiplets=8, perfconfig='attn:v1:128,256,128,2,1,2,16,3,1,8,2')
----------------------------------------------------------------------------------------------------
PASS: GemmGemmConfiguration(datatype='bf16', g=1, m=100, k=16, n=114, o=88, trans_a=False, trans_b=False, trans_c=False, trans_o=False, arch='gfx950:sramecc+:xnack-', chip='gfx950', num_cu=256, num_chiplets=8, perfconfig='attn:v1:256,32,32,1,1,4,32,4,3,4,1')
----------------------------------------------------------------------------------------------------
PASS: GemmGemmConfiguration(datatype='f16', g=1, m=19, k=31, n=52, o=114, trans_a=True, trans_b=False, trans_c=False, trans_o=False, arch='gfx950:sramecc+:xnack-', chip='gfx950', num_cu=256, num_chiplets=8, perfconfig='attn:v1:16,64,32,1,1,2,0,4,2,2,0')
----------------------------------------------------------------------------------------------------
PASS: GemmGemmConfiguration(datatype='bf16', g=2, m=98, k=89, n=101, o=26, trans_a=False, trans_b=True, trans_c=False, trans_o=False, arch='gfx950:sramecc+:xnack-', chip='gfx950', num_cu=256, num_chiplets=8, perfconfig='attn:v1:32,16,16,1,1,4,32,3,2,2,4')
----------------------------------------------------------------------------------------------------
PASS: GemmGemmConfiguration(datatype='f32', g=2, m=94, k=53, n=47, o=103, trans_a=False, trans_b=True, trans_c=False, trans_o=True, arch='gfx950:sramecc+:xnack-', chip='gfx950', num_cu=256, num_chiplets=8, perfconfig='attn:v1:128,32,32,1,1,8,0,3,3,2,2')
----------------------------------------------------------------------------------------------------
PASS: GemmGemmConfiguration(datatype='f32', g=1, m=99, k=78, n=11, o=121, trans_a=True, trans_b=True, trans_c=False, trans_o=False, arch='gfx950:sramecc+:xnack-', chip='gfx950', num_cu=256, num_chiplets=8, perfconfig='attn:v1:32,16,128,2,1,2,16,3,1,0,1')
----------------------------------------------------------------------------------------------------
PASS: GemmGemmConfiguration(datatype='bf16', g=2, m=56, k=69, n=71, o=28, trans_a=True, trans_b=True, trans_c=False, trans_o=True, arch='gfx950:sramecc+:xnack-', chip='gfx950', num_cu=256, num_chiplets=8, perfconfig='attn:v1:128,32,64,1,1,2,16,3,2,0,1')
----------------------------------------------------------------------------------------------------
PASS: GemmGemmConfiguration(datatype='f32', g=2, m=106, k=105, n=68, o=13, trans_a=False, trans_b=False, trans_c=True, trans_o=False, arch='gfx950:sramecc+:xnack-', chip='gfx950', num_cu=256, num_chiplets=8, perfconfig='attn:v1:128,128,64,2,1,4,32,2,2,1,2')
----------------------------------------------------------------------------------------------------
PASS: GemmGemmConfiguration(datatype='f32', g=2, m=56, k=83, n=73, o=108, trans_a=False, trans_b=True, trans_c=True, trans_o=True, arch='gfx950:sramecc+:xnack-', chip='gfx950', num_cu=256, num_chiplets=8, perfconfig='attn:v1:128,128,128,2,1,8,16,3,3,0,4')
FAIL: Runner returned incorrect result
Config = GemmGemmConfiguration(datatype='f16', g=1, m=65, k=93, n=38, o=127, trans_a=True, trans_b=True, trans_c=False, trans_o=False, arch='gfx950:sramecc+:xnack-', chip='gfx950', num_cu=256, num_chiplets=8, perfconfig='attn:v1:128,32,16,2,1,2,0,4,1,8,8')
Command line = -operation gemm_gemm -t f16 --arch gfx950:sramecc+:xnack- --num_cu 256 --num_chiplets 8 -g 1 -m 65 -k 93 -n 38 -gemmO 127 -transA=True -transB=True -transC=False -transO=False --perf_config=attn:v1:128,32,16,2,1,2,0,4,1,8,8 -pv
Output = Number of elements: 8255
maxAbsDiff info: maxAbsDiff = 160.125000 (valNum = 230.50000, gpuNum = 70.37500), average absDiff = 7.7e+01
maxRelDiff info: maxRelDiff = 7.3e-01 (valNum = -37.3125000000, gpuNum = -10.0625000000), average relDiff = 7.0e-01
RMS = 3.8e-01
Histogram of relDiff: 
        relDiff = 0     : 0/8255 (0.000000%)
     0 < relDiff < 1e-06: 0/8255 (0.000000%)
1e-06 < relDiff <= 1e-05: 0/8255 (0.000000%)
1e-05 < relDiff <= 1e-04: 0/8255 (0.000000%)
1e-04 < relDiff <= 1e-03: 0/8255 (0.000000%)
1e-03 < relDiff <= 1e-02: 0/8255 (0.000000%)
1e-02 < relDiff <= 1e-01: 0/8255 (0.000000%)
1e-01 < relDiff <= 1e+00: 8255/8255 (100.000000%)
1e+00 < relDiff < inf   : 0/8255 (0.000000%)
        relDiff = inf   : 0/8255 (0.000000%)
[0 0 1]

FAIL: Runner returned incorrect result
Config = GemmGemmConfiguration(datatype='f16', g=2, m=10, k=67, n=107, o=91, trans_a=False, trans_b=False, trans_c=True, trans_o=True, arch='gfx950:sramecc+:xnack-', chip='gfx950', num_cu=256, num_chiplets=8, perfconfig='attn:v1:32,32,16,2,1,1,32,1,2,8,8')
Command line = -operation gemm_gemm -t f16 --arch gfx950:sramecc+:xnack- --num_cu 256 --num_chiplets 8 -g 2 -m 10 -k 67 -n 107 -gemmO 91 -transA=False -transB=False -transC=True -transO=True --perf_config=attn:v1:32,32,16,2,1,1,32,1,2,8,8 -pv
Output = Number of elements: 1820
maxAbsDiff info: maxAbsDiff = 1713.000000 (valNum = -2346.00000, gpuNum = -633.00000), average absDiff = 1.1e+03
maxRelDiff info: maxRelDiff = 7.4e-01 (valNum = 858.5000000000, gpuNum = 226.6250000000), average relDiff = 7.3e-01
RMS = 5.2e-01
Histogram of relDiff: 
        relDiff = 0     : 0/1820 (0.000000%)
     0 < relDiff < 1e-06: 0/1820 (0.000000%)
1e-06 < relDiff <= 1e-05: 0/1820 (0.000000%)
1e-05 < relDiff <= 1e-04: 0/1820 (0.000000%)
1e-04 < relDiff <= 1e-03: 0/1820 (0.000000%)
1e-03 < relDiff <= 1e-02: 0/1820 (0.000000%)
1e-02 < relDiff <= 1e-01: 0/1820 (0.000000%)
1e-01 < relDiff <= 1e+00: 1820/1820 (100.000000%)
1e+00 < relDiff < inf   : 0/1820 (0.000000%)
        relDiff = inf   : 0/1820 (0.000000%)
[0 0 1]

Lowering rejected config as not applicable
Command line = -operation gemm_gemm -t f32 --arch gfx950:sramecc+:xnack- --num_cu 256 --num_chiplets 8 -g 2 -m 119 -k 99 -n 62 -gemmO 41 -transA=False -transB=False -transC=False -transO=False --perf_config=attn:v1:256,256,64,2,1,16,0,3,1,8,8 -pv -relDiff_threshold 1e-4
Errors = loc("<stdin>":10:1): error: ttg.shared (262144) exceeds LDS limit (163840) for amdgcn-amd-amdhsa:gfx950:sramecc+:xnack-
Lowering not applicable.

----------------------------------------------------------------------------------------------------
NOT_APPLICABLE: GemmGemmConfiguration(datatype='f32', g=2, m=119, k=99, n=62, o=41, trans_a=False, trans_b=False, trans_c=False, trans_o=False, arch='gfx950:sramecc+:xnack-', chip='gfx950', num_cu=256, num_chiplets=8, perfconfig='attn:v1:256,256,64,2,1,16,0,3,1,8,8')
----------------------------------------------------------------------------------------------------
PASS: GemmGemmConfiguration(datatype='f16', g=2, m=55, k=72, n=66, o=39, trans_a=True, trans_b=False, trans_c=False, trans_o=True, arch='gfx950:sramecc+:xnack-', chip='gfx950', num_cu=256, num_chiplets=8, perfconfig='attn:v1:32,128,32,1,1,4,16,4,2,8,2')
----------------------------------------------------------------------------------------------------
PASS: GemmGemmConfiguration(datatype='bf16', g=2, m=79, k=5, n=106, o=3, trans_a=True, trans_b=False, trans_c=True, trans_o=False, arch='gfx950:sramecc+:xnack-', chip='gfx950', num_cu=256, num_chiplets=8, perfconfig='attn:v1:256,32,16,2,1,4,0,4,3,0,8')
----------------------------------------------------------------------------------------------------
PASS: GemmGemmConfiguration(datatype='f16', g=1, m=13, k=114, n=104, o=99, trans_a=True, trans_b=False, trans_c=True, trans_o=True, arch='gfx950:sramecc+:xnack-', chip='gfx950', num_cu=256, num_chiplets=8, perfconfig='attn:v1:32,128,128,1,1,1,16,1,2,0,2')
----------------------------------------------------------------------------------------------------
PASS: GemmGemmConfiguration(datatype='bf16', g=1, m=58, k=14, n=115, o=55, trans_a=False, trans_b=True, trans_c=True, trans_o=True, arch='gfx950:sramecc+:xnack-', chip='gfx950', num_cu=256, num_chiplets=8, perfconfig='attn:v1:256,256,32,1,1,1,0,3,3,1,8')
----------------------------------------------------------------------------------------------------
PASS: GemmGemmConfiguration(datatype='f16', g=2, m=88, k=85, n=51, o=105, trans_a=True, trans_b=True, trans_c=False, trans_o=True, arch='gfx950:sramecc+:xnack-', chip='gfx950', num_cu=256, num_chiplets=8, perfconfig='attn:v1:256,256,16,1,1,2,16,4,1,4,4')
----------------------------------------------------------------------------------------------------
PASS: GemmGemmConfiguration(datatype='f32', g=1, m=63, k=39, n=25, o=7, trans_a=False, trans_b=False, trans_c=True, trans_o=False, arch='gfx950:sramecc+:xnack-', chip='gfx950', num_cu=256, num_chiplets=8, perfconfig='attn:v1:256,128,128,1,1,2,0,4,3,8,0')
----------------------------------------------------------------------------------------------------
PASS: GemmGemmConfiguration(datatype='f32', g=2, m=70, k=60, n=28, o=124, trans_a=True, trans_b=False, trans_c=True, trans_o=False, arch='gfx950:sramecc+:xnack-', chip='gfx950', num_cu=256, num_chiplets=8, perfconfig='attn:v1:128,256,32,2,1,2,0,4,2,0,0')
----------------------------------------------------------------------------------------------------
PASS: GemmGemmConfiguration(datatype='f16', g=1, m=67, k=33, n=72, o=120, trans_a=True, trans_b=False, trans_c=False, trans_o=False, arch='gfx950:sramecc+:xnack-', chip='gfx950', num_cu=256, num_chiplets=8, perfconfig='attn:v1:256,16,16,1,1,16,32,4,1,2,1')
----------------------------------------------------------------------------------------------------
PASS: GemmGemmConfiguration(datatype='f32', g=2, m=32, k=111, n=26, o=121, trans_a=False, trans_b=True, trans_c=False, trans_o=True, arch='gfx950:sramecc+:xnack-', chip='gfx950', num_cu=256, num_chiplets=8, perfconfig='attn:v1:16,32,128,1,1,8,16,2,3,0,0')
----------------------------------------------------------------------------------------------------
PASS: GemmGemmConfiguration(datatype='f32', g=2, m=54, k=67, n=5, o=20, trans_a=False, trans_b=True, trans_c=False, trans_o=True, arch='gfx950:sramecc+:xnack-', chip='gfx950', num_cu=256, num_chiplets=8, perfconfig='attn:v1:32,32,64,2,1,16,32,1,1,0,1')
----------------------------------------------------------------------------------------------------
PASS: GemmGemmConfiguration(datatype='bf16', g=2, m=37, k=11, n=24, o=90, trans_a=True, trans_b=False, trans_c=False, trans_o=True, arch='gfx950:sramecc+:xnack-', chip='gfx950', num_cu=256, num_chiplets=8, perfconfig='attn:v1:128,32,16,2,1,8,0,1,3,8,2')
----------------------------------------------------------------------------------------------------
PASS: GemmGemmConfiguration(datatype='f16', g=1, m=88, k=37, n=52, o=94, trans_a=False, trans_b=True, trans_c=False, trans_o=True, arch='gfx950:sramecc+:xnack-', chip='gfx950', num_cu=256, num_chiplets=8, perfconfig='attn:v1:32,64,32,1,1,2,16,4,1,0,1')
----------------------------------------------------------------------------------------------------
PASS: GemmGemmConfiguration(datatype='f16', g=2, m=53, k=21, n=124, o=116, trans_a=False, trans_b=False, trans_c=False, trans_o=True, arch='gfx950:sramecc+:xnack-', chip='gfx950', num_cu=256, num_chiplets=8, perfconfig='attn:v1:16,32,64,1,1,4,16,4,3,4,4')
----------------------------------------------------------------------------------------------------
PASS: GemmGemmConfiguration(datatype='f32', g=2, m=109, k=86, n=96, o=16, trans_a=False, trans_b=True, trans_c=True, trans_o=False, arch='gfx950:sramecc+:xnack-', chip='gfx950', num_cu=256, num_chiplets=8, perfconfig='attn:v1:64,256,64,1,1,16,32,1,2,4,4')
----------------------------------------------------------------------------------------------------
FAIL: GemmGemmConfiguration(datatype='f16', g=1, m=65, k=93, n=38, o=127, trans_a=True, trans_b=True, trans_c=False, trans_o=False, arch='gfx950:sramecc+:xnack-', chip='gfx950', num_cu=256, num_chiplets=8, perfconfig='attn:v1:128,32,16,2,1,2,0,4,1,8,8')
----------------------------------------------------------------------------------------------------
PASS: GemmGemmConfiguration(datatype='f32', g=2, m=36, k=94, n=91, o=110, trans_a=False, trans_b=False, trans_c=True, trans_o=False, arch='gfx950:sramecc+:xnack-', chip='gfx950', num_cu=256, num_chiplets=8, perfconfig='attn:v1:16,16,64,2,1,8,0,1,2,4,2')
----------------------------------------------------------------------------------------------------
PASS: GemmGemmConfiguration(datatype='bf16', g=1, m=13, k=20, n=5, o=102, trans_a=False, trans_b=True, trans_c=False, trans_o=False, arch='gfx950:sramecc+:xnack-', chip='gfx950', num_cu=256, num_chiplets=8, perfconfig='attn:v1:64,64,16,1,1,2,0,2,3,1,1')
----------------------------------------------------------------------------------------------------
PASS: GemmGemmConfiguration(datatype='f16', g=1, m=63, k=110, n=70, o=22, trans_a=True, trans_b=False, trans_c=True, trans_o=True, arch='gfx950:sramecc+:xnack-', chip='gfx950', num_cu=256, num_chiplets=8, perfconfig='attn:v1:128,128,128,2,1,16,32,1,1,8,1')
----------------------------------------------------------------------------------------------------
FAIL: GemmGemmConfiguration(datatype='f16', g=2, m=10, k=67, n=107, o=91, trans_a=False, trans_b=False, trans_c=True, trans_o=True, arch='gfx950:sramecc+:xnack-', chip='gfx950', num_cu=256, num_chiplets=8, perfconfig='attn:v1:32,32,16,2,1,1,32,1,2,8,8')
----------------------------------------------------------------------------------------------------
PASS: GemmGemmConfiguration(datatype='f16', g=1, m=61, k=52, n=90, o=93, trans_a=False, trans_b=False, trans_c=True, trans_o=True, arch='gfx950:sramecc+:xnack-', chip='gfx950', num_cu=256, num_chiplets=8, perfconfig='attn:v1:128,16,16,1,1,4,0,2,1,8,0')
FAIL: Runner returned incorrect result
Config = GemmGemmConfiguration(datatype='f16', g=2, m=126, k=105, n=107, o=97, trans_a=True, trans_b=True, trans_c=True, trans_o=False, arch='gfx950:sramecc+:xnack-', chip='gfx950', num_cu=256, num_chiplets=8, perfconfig='attn:v1:64,64,32,2,1,4,16,4,2,2,8')
Command line = -operation gemm_gemm -t f16 --arch gfx950:sramecc+:xnack- --num_cu 256 --num_chiplets 8 -g 2 -m 126 -k 105 -n 107 -gemmO 97 -transA=True -transB=True -transC=True -transO=False --perf_config=attn:v1:64,64,32,2,1,4,16,4,2,2,8 -pv
Output = Number of elements: 24444
maxAbsDiff info: maxAbsDiff = 56.875000 (valNum = -87.50000, gpuNum = -30.62500), average absDiff = 3.8e+01
maxRelDiff info: maxRelDiff = 6.5e-01 (valNum = 55.7812500000, gpuNum = 19.5156250000), average relDiff = 6.5e-01
RMS = 4.5e-01
Histogram of relDiff: 
        relDiff = 0     : 0/24444 (0.000000%)
     0 < relDiff < 1e-06: 0/24444 (0.000000%)
1e-06 < relDiff <= 1e-05: 0/24444 (0.000000%)
1e-05 < relDiff <= 1e-04: 0/24444 (0.000000%)
1e-04 < relDiff <= 1e-03: 0/24444 (0.000000%)
1e-03 < relDiff <= 1e-02: 0/24444 (0.000000%)
1e-02 < relDiff <= 1e-01: 0/24444 (0.000000%)
1e-01 < relDiff <= 1e+00: 24444/24444 (100.000000%)
1e+00 < relDiff < inf   : 0/24444 (0.000000%)
        relDiff = inf   : 0/24444 (0.000000%)
[0 1 1]

FAIL: Runner returned incorrect result
Config = GemmGemmConfiguration(datatype='f32', g=2, m=49, k=61, n=12, o=5, trans_a=True, trans_b=False, trans_c=True, trans_o=False, arch='gfx950:sramecc+:xnack-', chip='gfx950', num_cu=256, num_chiplets=8, perfconfig='attn:v1:64,256,32,2,1,8,0,1,3,2,1')
Command line = -operation gemm_gemm -t f32 --arch gfx950:sramecc+:xnack- --num_cu 256 --num_chiplets 8 -g 2 -m 49 -k 61 -n 12 -gemmO 5 -transA=True -transB=False -transC=True -transO=False --perf_config=attn:v1:64,256,32,2,1,8,0,1,3,2,1 -pv -relDiff_threshold 1e-4
Output = Number of elements: 490
maxAbsDiff info: maxAbsDiff = 56.062500 (valNum = 41.68750, gpuNum = -14.37500), average absDiff = 4.9e+01
maxRelDiff info: maxRelDiff = 1.3e+00 (valNum = 39.8750000000, gpuNum = -13.7500000000), average relDiff = 1.3e+00
RMS = 1.2e+00
Histogram of relDiff: 
        relDiff = 0     : 0/490 (0.000000%)
     0 < relDiff < 1e-06: 0/490 (0.000000%)
1e-06 < relDiff <= 1e-05: 0/490 (0.000000%)
1e-05 < relDiff <= 1e-04: 0/490 (0.000000%)
1e-04 < relDiff <= 1e-03: 0/490 (0.000000%)
1e-03 < relDiff <= 1e-02: 0/490 (0.000000%)
1e-02 < relDiff <= 1e-01: 0/490 (0.000000%)
1e-01 < relDiff <= 1e+00: 0/490 (0.000000%)
1e+00 < relDiff < inf   : 490/490 (100.000000%)
        relDiff = inf   : 0/490 (0.000000%)
[0 1 0]

----------------------------------------------------------------------------------------------------
PASS: GemmGemmConfiguration(datatype='bf16', g=1, m=67, k=8, n=28, o=75, trans_a=True, trans_b=False, trans_c=True, trans_o=False, arch='gfx950:sramecc+:xnack-', chip='gfx950', num_cu=256, num_chiplets=8, perfconfig='attn:v1:32,256,64,1,1,2,16,2,3,0,0')
----------------------------------------------------------------------------------------------------
PASS: GemmGemmConfiguration(datatype='f16', g=1, m=15, k=85, n=101, o=77, trans_a=False, trans_b=True, trans_c=False, trans_o=False, arch='gfx950:sramecc+:xnack-', chip='gfx950', num_cu=256, num_chiplets=8, perfconfig='attn:v1:32,128,64,1,1,1,16,4,1,0,0')
----------------------------------------------------------------------------------------------------
PASS: GemmGemmConfiguration(datatype='f32', g=1, m=31, k=4, n=73, o=4, trans_a=False, trans_b=False, trans_c=False, trans_o=False, arch='gfx950:sramecc+:xnack-', chip='gfx950', num_cu=256, num_chiplets=8, perfconfig='attn:v1:32,256,128,1,1,8,0,2,1,2,4')
----------------------------------------------------------------------------------------------------
PASS: GemmGemmConfiguration(datatype='f32', g=1, m=57, k=34, n=118, o=41, trans_a=False, trans_b=False, trans_c=False, trans_o=False, arch='gfx950:sramecc+:xnack-', chip='gfx950', num_cu=256, num_chiplets=8, perfconfig='attn:v1:32,32,16,1,1,8,16,2,1,4,8')
----------------------------------------------------------------------------------------------------
PASS: GemmGemmConfiguration(datatype='bf16', g=1, m=91, k=72, n=103, o=95, trans_a=False, trans_b=False, trans_c=False, trans_o=False, arch='gfx950:sramecc+:xnack-', chip='gfx950', num_cu=256, num_chiplets=8, perfconfig='attn:v1:32,64,64,2,1,8,32,3,2,1,8')
----------------------------------------------------------------------------------------------------
PASS: GemmGemmConfiguration(datatype='bf16', g=2, m=78, k=28, n=4, o=3, trans_a=True, trans_b=True, trans_c=True, trans_o=True, arch='gfx950:sramecc+:xnack-', chip='gfx950', num_cu=256, num_chiplets=8, perfconfig='attn:v1:128,64,16,1,1,1,32,2,1,1,2')
----------------------------------------------------------------------------------------------------
PASS: GemmGemmConfiguration(datatype='f16', g=2, m=89, k=72, n=98, o=45, trans_a=True, trans_b=True, trans_c=True, trans_o=True, arch='gfx950:sramecc+:xnack-', chip='gfx950', num_cu=256, num_chiplets=8, perfconfig='attn:v1:256,64,64,2,1,8,32,3,1,0,8')
----------------------------------------------------------------------------------------------------
FAIL: GemmGemmConfiguration(datatype='f16', g=2, m=126, k=105, n=107, o=97, trans_a=True, trans_b=True, trans_c=True, trans_o=False, arch='gfx950:sramecc+:xnack-', chip='gfx950', num_cu=256, num_chiplets=8, perfconfig='attn:v1:64,64,32,2,1,4,16,4,2,2,8')
----------------------------------------------------------------------------------------------------
PASS: GemmGemmConfiguration(datatype='bf16', g=1, m=66, k=111, n=91, o=5, trans_a=True, trans_b=True, trans_c=True, trans_o=True, arch='gfx950:sramecc+:xnack-', chip='gfx950', num_cu=256, num_chiplets=8, perfconfig='attn:v1:128,128,64,1,1,1,16,3,3,2,2')
----------------------------------------------------------------------------------------------------
PASS: GemmGemmConfiguration(datatype='bf16', g=2, m=55, k=5, n=102, o=35, trans_a=True, trans_b=True, trans_c=True, trans_o=True, arch='gfx950:sramecc+:xnack-', chip='gfx950', num_cu=256, num_chiplets=8, perfconfig='attn:v1:128,64,32,2,1,1,32,2,2,8,0')
----------------------------------------------------------------------------------------------------
PASS: GemmGemmConfiguration(datatype='f32', g=1, m=99, k=36, n=77, o=128, trans_a=False, trans_b=False, trans_c=False, trans_o=False, arch='gfx950:sramecc+:xnack-', chip='gfx950', num_cu=256, num_chiplets=8, perfconfig='attn:v1:256,32,64,2,1,1,0,2,2,1,2')
----------------------------------------------------------------------------------------------------
PASS: GemmGemmConfiguration(datatype='f32', g=2, m=77, k=61, n=8, o=17, trans_a=False, trans_b=True, trans_c=True, trans_o=False, arch='gfx950:sramecc+:xnack-', chip='gfx950', num_cu=256, num_chiplets=8, perfconfig='attn:v1:16,16,64,1,1,8,16,1,3,1,1')
----------------------------------------------------------------------------------------------------
PASS: GemmGemmConfiguration(datatype='bf16', g=1, m=102, k=90, n=14, o=40, trans_a=True, trans_b=True, trans_c=False, trans_o=False, arch='gfx950:sramecc+:xnack-', chip='gfx950', num_cu=256, num_chiplets=8, perfconfig='attn:v1:128,32,16,1,1,16,16,4,1,2,1')
----------------------------------------------------------------------------------------------------
PASS: GemmGemmConfiguration(datatype='bf16', g=2, m=120, k=95, n=70, o=64, trans_a=True, trans_b=False, trans_c=True, trans_o=True, arch='gfx950:sramecc+:xnack-', chip='gfx950', num_cu=256, num_chiplets=8, perfconfig='attn:v1:16,64,16,1,1,2,32,1,2,8,0')
----------------------------------------------------------------------------------------------------
PASS: GemmGemmConfiguration(datatype='f32', g=2, m=71, k=26, n=112, o=28, trans_a=False, trans_b=True, trans_c=True, trans_o=False, arch='gfx950:sramecc+:xnack-', chip='gfx950', num_cu=256, num_chiplets=8, perfconfig='attn:v1:128,32,128,2,1,2,16,2,3,8,8')
----------------------------------------------------------------------------------------------------
PASS: GemmGemmConfiguration(datatype='f16', g=2, m=69, k=66, n=76, o=64, trans_a=True, trans_b=True, trans_c=True, trans_o=False, arch='gfx950:sramecc+:xnack-', chip='gfx950', num_cu=256, num_chiplets=8, perfconfig='attn:v1:32,256,128,1,1,4,0,2,1,4,4')
----------------------------------------------------------------------------------------------------
PASS: GemmGemmConfiguration(datatype='f32', g=2, m=114, k=27, n=14, o=68, trans_a=False, trans_b=True, trans_c=True, trans_o=False, arch='gfx950:sramecc+:xnack-', chip='gfx950', num_cu=256, num_chiplets=8, perfconfig='attn:v1:16,256,128,1,1,16,0,1,1,8,8')
----------------------------------------------------------------------------------------------------
PASS: GemmGemmConfiguration(datatype='f32', g=2, m=109, k=100, n=106, o=92, trans_a=True, trans_b=False, trans_c=True, trans_o=True, arch='gfx950:sramecc+:xnack-', chip='gfx950', num_cu=256, num_chiplets=8, perfconfig='attn:v1:256,32,16,1,1,2,32,4,3,1,0')
----------------------------------------------------------------------------------------------------
PASS: GemmGemmConfiguration(datatype='f16', g=1, m=15, k=67, n=9, o=63, trans_a=False, trans_b=False, trans_c=True, trans_o=False, arch='gfx950:sramecc+:xnack-', chip='gfx950', num_cu=256, num_chiplets=8, perfconfig='attn:v1:128,32,32,2,1,1,0,2,3,2,4')
----------------------------------------------------------------------------------------------------
PASS: GemmGemmConfiguration(datatype='bf16', g=1, m=110, k=57, n=112, o=56, trans_a=False, trans_b=False, trans_c=True, trans_o=False, arch='gfx950:sramecc+:xnack-', chip='gfx950', num_cu=256, num_chiplets=8, perfconfig='attn:v1:32,64,64,1,1,2,16,1,1,1,8')
----------------------------------------------------------------------------------------------------
PASS: GemmGemmConfiguration(datatype='bf16', g=1, m=48, k=63, n=1, o=4, trans_a=True, trans_b=False, trans_c=False, trans_o=True, arch='gfx950:sramecc+:xnack-', chip='gfx950', num_cu=256, num_chiplets=8, perfconfig='attn:v1:16,128,32,1,1,4,16,1,2,1,0')
----------------------------------------------------------------------------------------------------
PASS: GemmGemmConfiguration(datatype='bf16', g=2, m=101, k=8, n=51, o=9, trans_a=False, trans_b=False, trans_c=False, trans_o=False, arch='gfx950:sramecc+:xnack-', chip='gfx950', num_cu=256, num_chiplets=8, perfconfig='attn:v1:128,64,64,2,1,4,0,1,1,1,0')
----------------------------------------------------------------------------------------------------
PASS: GemmGemmConfiguration(datatype='f32', g=2, m=77, k=123, n=102, o=11, trans_a=True, trans_b=False, trans_c=False, trans_o=True, arch='gfx950:sramecc+:xnack-', chip='gfx950', num_cu=256, num_chiplets=8, perfconfig='attn:v1:128,16,16,1,1,8,16,1,1,0,2')
FAIL: Runner returned incorrect result
Config = GemmGemmConfiguration(datatype='f16', g=1, m=53, k=99, n=48, o=89, trans_a=True, trans_b=False, trans_c=True, trans_o=False, arch='gfx950:sramecc+:xnack-', chip='gfx950', num_cu=256, num_chiplets=8, perfconfig='attn:v1:64,16,16,2,1,4,16,1,3,8,4')
Command line = -operation gemm_gemm -t f16 --arch gfx950:sramecc+:xnack- --num_cu 256 --num_chiplets 8 -g 1 -m 53 -k 99 -n 48 -gemmO 89 -transA=True -transB=False -transC=True -transO=False --perf_config=attn:v1:64,16,16,2,1,4,16,1,3,8,4 -pv
Output = Number of elements: 4717
maxAbsDiff info: maxAbsDiff = 218.875000 (valNum = 239.25000, gpuNum = 20.37500), average absDiff = 2.1e+02
maxRelDiff info: maxRelDiff = 9.1e-01 (valNum = 239.2500000000, gpuNum = 20.3750000000), average relDiff = 8.9e-01
RMS = 8.9e-01
Histogram of relDiff: 
        relDiff = 0     : 0/4717 (0.000000%)
     0 < relDiff < 1e-06: 0/4717 (0.000000%)
1e-06 < relDiff <= 1e-05: 0/4717 (0.000000%)
1e-05 < relDiff <= 1e-04: 0/4717 (0.000000%)
1e-04 < relDiff <= 1e-03: 0/4717 (0.000000%)
1e-03 < relDiff <= 1e-02: 0/4717 (0.000000%)
1e-02 < relDiff <= 1e-01: 0/4717 (0.000000%)
1e-01 < relDiff <= 1e+00: 4717/4717 (100.000000%)
1e+00 < relDiff < inf   : 0/4717 (0.000000%)
        relDiff = inf   : 0/4717 (0.000000%)
[0 0 1]

----------------------------------------------------------------------------------------------------
FAIL: GemmGemmConfiguration(datatype='f32', g=2, m=49, k=61, n=12, o=5, trans_a=True, trans_b=False, trans_c=True, trans_o=False, arch='gfx950:sramecc+:xnack-', chip='gfx950', num_cu=256, num_chiplets=8, perfconfig='attn:v1:64,256,32,2,1,8,0,1,3,2,1')
----------------------------------------------------------------------------------------------------
PASS: GemmGemmConfiguration(datatype='f16', g=1, m=65, k=16, n=85, o=106, trans_a=True, trans_b=False, trans_c=False, trans_o=False, arch='gfx950:sramecc+:xnack-', chip='gfx950', num_cu=256, num_chiplets=8, perfconfig='attn:v1:256,128,16,2,1,1,0,1,2,0,2')
----------------------------------------------------------------------------------------------------
PASS: GemmGemmConfiguration(datatype='f16', g=2, m=39, k=106, n=10, o=110, trans_a=False, trans_b=True, trans_c=True, trans_o=False, arch='gfx950:sramecc+:xnack-', chip='gfx950', num_cu=256, num_chiplets=8, perfconfig='attn:v1:128,64,128,1,1,1,0,2,2,2,2')
----------------------------------------------------------------------------------------------------
PASS: GemmGemmConfiguration(datatype='f32', g=1, m=120, k=42, n=80, o=33, trans_a=True, trans_b=True, trans_c=True, trans_o=True, arch='gfx950:sramecc+:xnack-', chip='gfx950', num_cu=256, num_chiplets=8, perfconfig='attn:v1:64,256,32,2,1,1,32,3,2,4,1')
----------------------------------------------------------------------------------------------------
PASS: GemmGemmConfiguration(datatype='f32', g=1, m=31, k=57, n=1, o=17, trans_a=True, trans_b=False, trans_c=True, trans_o=True, arch='gfx950:sramecc+:xnack-', chip='gfx950', num_cu=256, num_chiplets=8, perfconfig='attn:v1:16,64,64,1,1,2,32,2,2,2,8')
----------------------------------------------------------------------------------------------------
PASS: GemmGemmConfiguration(datatype='f32', g=1, m=98, k=103, n=34, o=89, trans_a=False, trans_b=True, trans_c=True, trans_o=True, arch='gfx950:sramecc+:xnack-', chip='gfx950', num_cu=256, num_chiplets=8, perfconfig='attn:v1:64,64,32,2,1,16,32,3,1,2,2')
----------------------------------------------------------------------------------------------------
PASS: GemmGemmConfiguration(datatype='bf16', g=1, m=51, k=72, n=93, o=44, trans_a=True, trans_b=True, trans_c=True, trans_o=True, arch='gfx950:sramecc+:xnack-', chip='gfx950', num_cu=256, num_chiplets=8, perfconfig='attn:v1:128,128,64,2,1,16,0,2,3,0,4')
----------------------------------------------------------------------------------------------------
PASS: GemmGemmConfiguration(datatype='bf16', g=2, m=114, k=38, n=68, o=2, trans_a=False, trans_b=True, trans_c=False, trans_o=True, arch='gfx950:sramecc+:xnack-', chip='gfx950', num_cu=256, num_chiplets=8, perfconfig='attn:v1:128,64,16,1,1,4,16,4,2,4,2')
----------------------------------------------------------------------------------------------------
PASS: GemmGemmConfiguration(datatype='bf16', g=1, m=35, k=111, n=70, o=43, trans_a=False, trans_b=True, trans_c=False, trans_o=True, arch='gfx950:sramecc+:xnack-', chip='gfx950', num_cu=256, num_chiplets=8, perfconfig='attn:v1:64,32,128,1,1,2,16,4,3,0,4')
Lowering rejected config as not applicable
Command line = -operation gemm_gemm -t f32 --arch gfx950:sramecc+:xnack- --num_cu 256 --num_chiplets 8 -g 2 -m 74 -k 61 -n 104 -gemmO 23 -transA=False -transB=True -transC=True -transO=True --perf_config=attn:v1:256,256,16,1,1,1,16,2,3,2,2 -pv -relDiff_threshold 1e-4
Errors = loc("<stdin>":10:1): error: ttg.shared (262144) exceeds LDS limit (163840) for amdgcn-amd-amdhsa:gfx950:sramecc+:xnack-
Lowering not applicable.

----------------------------------------------------------------------------------------------------
NOT_APPLICABLE: GemmGemmConfiguration(datatype='f32', g=2, m=74, k=61, n=104, o=23, trans_a=False, trans_b=True, trans_c=True, trans_o=True, arch='gfx950:sramecc+:xnack-', chip='gfx950', num_cu=256, num_chiplets=8, perfconfig='attn:v1:256,256,16,1,1,1,16,2,3,2,2')
----------------------------------------------------------------------------------------------------
PASS: GemmGemmConfiguration(datatype='f16', g=1, m=121, k=90, n=119, o=16, trans_a=False, trans_b=True, trans_c=True, trans_o=True, arch='gfx950:sramecc+:xnack-', chip='gfx950', num_cu=256, num_chiplets=8, perfconfig='attn:v1:32,256,128,2,1,1,16,3,2,4,4')
----------------------------------------------------------------------------------------------------
PASS: GemmGemmConfiguration(datatype='f32', g=2, m=25, k=125, n=70, o=87, trans_a=False, trans_b=True, trans_c=False, trans_o=True, arch='gfx950:sramecc+:xnack-', chip='gfx950', num_cu=256, num_chiplets=8, perfconfig='attn:v1:32,256,32,1,1,16,0,4,1,1,1')
----------------------------------------------------------------------------------------------------
PASS: GemmGemmConfiguration(datatype='f32', g=1, m=101, k=28, n=79, o=27, trans_a=False, trans_b=True, trans_c=False, trans_o=False, arch='gfx950:sramecc+:xnack-', chip='gfx950', num_cu=256, num_chiplets=8, perfconfig='attn:v1:32,32,128,1,1,16,0,3,3,1,0')
----------------------------------------------------------------------------------------------------
FAIL: GemmGemmConfiguration(datatype='f16', g=1, m=53, k=99, n=48, o=89, trans_a=True, trans_b=False, trans_c=True, trans_o=False, arch='gfx950:sramecc+:xnack-', chip='gfx950', num_cu=256, num_chiplets=8, perfconfig='attn:v1:64,16,16,2,1,4,16,1,3,8,4')
----------------------------------------------------------------------------------------------------
PASS: GemmGemmConfiguration(datatype='bf16', g=1, m=81, k=117, n=38, o=80, trans_a=True, trans_b=False, trans_c=False, trans_o=True, arch='gfx950:sramecc+:xnack-', chip='gfx950', num_cu=256, num_chiplets=8, perfconfig='attn:v1:64,128,64,2,1,8,32,3,1,1,0')
----------------------------------------------------------------------------------------------------
PASS: GemmGemmConfiguration(datatype='bf16', g=2, m=117, k=47, n=118, o=128, trans_a=True, trans_b=False, trans_c=False, trans_o=True, arch='gfx950:sramecc+:xnack-', chip='gfx950', num_cu=256, num_chiplets=8, perfconfig='attn:v1:32,16,16,1,1,4,32,4,1,4,8')
----------------------------------------------------------------------------------------------------
PASS: GemmGemmConfiguration(datatype='f16', g=2, m=64, k=48, n=78, o=59, trans_a=True, trans_b=True, trans_c=False, trans_o=True, arch='gfx950:sramecc+:xnack-', chip='gfx950', num_cu=256, num_chiplets=8, perfconfig='attn:v1:16,256,32,1,1,16,0,1,2,2,2')
----------------------------------------------------------------------------------------------------
PASS: GemmGemmConfiguration(datatype='f16', g=2, m=96, k=125, n=16, o=118, trans_a=True, trans_b=False, trans_c=False, trans_o=False, arch='gfx950:sramecc+:xnack-', chip='gfx950', num_cu=256, num_chiplets=8, perfconfig='attn:v1:256,64,128,1,1,4,0,3,3,1,0')
----------------------------------------------------------------------------------------------------
PASS: GemmGemmConfiguration(datatype='f32', g=1, m=13, k=95, n=99, o=21, trans_a=True, trans_b=False, trans_c=True, trans_o=True, arch='gfx950:sramecc+:xnack-', chip='gfx950', num_cu=256, num_chiplets=8, perfconfig='attn:v1:256,128,32,2,1,8,32,4,2,4,8')
----------------------------------------------------------------------------------------------------
PASS: GemmGemmConfiguration(datatype='f16', g=2, m=67, k=96, n=44, o=50, trans_a=True, trans_b=False, trans_c=True, trans_o=False, arch='gfx950:sramecc+:xnack-', chip='gfx950', num_cu=256, num_chiplets=8, perfconfig='attn:v1:256,256,32,2,1,1,0,3,1,0,0')
----------------------------------------------------------------------------------------------------
PASS: GemmGemmConfiguration(datatype='f32', g=2, m=94, k=53, n=7, o=117, trans_a=False, trans_b=False, trans_c=True, trans_o=False, arch='gfx950:sramecc+:xnack-', chip='gfx950', num_cu=256, num_chiplets=8, perfconfig='attn:v1:32,16,128,2,1,16,32,2,2,2,4')
FAIL: Runner returned incorrect result
Config = GemmGemmConfiguration(datatype='bf16', g=1, m=84, k=34, n=29, o=114, trans_a=False, trans_b=False, trans_c=False, trans_o=True, arch='gfx950:sramecc+:xnack-', chip='gfx950', num_cu=256, num_chiplets=8, perfconfig='attn:v1:256,256,32,2,1,8,16,1,1,2,8')
Command line = -operation gemm_gemm -t bf16 --arch gfx950:sramecc+:xnack- --num_cu 256 --num_chiplets 8 -g 1 -m 84 -k 34 -n 29 -gemmO 114 -transA=False -transB=False -transC=False -transO=True --perf_config=attn:v1:256,256,32,2,1,8,16,1,1,2,8 -pv -RMS_threshold 1e-2
Output = Number of elements: 9576
maxAbsDiff info: maxAbsDiff = 9.812500 (valNum = -18.87500, gpuNum = -9.06250), average absDiff = 5.9e+00
maxRelDiff info: maxRelDiff = 6.0e-01 (valNum = -5.7500000000, gpuNum = -2.2812500000), average relDiff = 5.5e-01
RMS = 3.3e-01
Histogram of relDiff: 
        relDiff = 0     : 0/9576 (0.000000%)
     0 < relDiff < 1e-06: 0/9576 (0.000000%)
1e-06 < relDiff <= 1e-05: 0/9576 (0.000000%)
1e-05 < relDiff <= 1e-04: 0/9576 (0.000000%)
1e-04 < relDiff <= 1e-03: 0/9576 (0.000000%)
1e-03 < relDiff <= 1e-02: 0/9576 (0.000000%)
1e-02 < relDiff <= 1e-01: 0/9576 (0.000000%)
1e-01 < relDiff <= 1e+00: 9576/9576 (100.000000%)
1e+00 < relDiff < inf   : 0/9576 (0.000000%)
        relDiff = inf   : 0/9576 (0.000000%)
[0 1 1]

----------------------------------------------------------------------------------------------------
PASS: GemmGemmConfiguration(datatype='bf16', g=2, m=100, k=34, n=23, o=13, trans_a=False, trans_b=False, trans_c=False, trans_o=True, arch='gfx950:sramecc+:xnack-', chip='gfx950', num_cu=256, num_chiplets=8, perfconfig='attn:v1:64,64,32,2,1,8,0,3,1,1,1')
----------------------------------------------------------------------------------------------------
PASS: GemmGemmConfiguration(datatype='bf16', g=1, m=39, k=102, n=8, o=42, trans_a=False, trans_b=False, trans_c=True, trans_o=False, arch='gfx950:sramecc+:xnack-', chip='gfx950', num_cu=256, num_chiplets=8, perfconfig='attn:v1:128,32,64,2,1,2,16,4,1,8,4')
----------------------------------------------------------------------------------------------------
PASS: GemmGemmConfiguration(datatype='bf16', g=1, m=44, k=104, n=9, o=23, trans_a=False, trans_b=False, trans_c=False, trans_o=False, arch='gfx950:sramecc+:xnack-', chip='gfx950', num_cu=256, num_chiplets=8, perfconfig='attn:v1:256,16,32,2,1,4,32,3,2,8,2')
----------------------------------------------------------------------------------------------------
PASS: GemmGemmConfiguration(datatype='f16', g=2, m=54, k=67, n=83, o=33, trans_a=True, trans_b=True, trans_c=True, trans_o=True, arch='gfx950:sramecc+:xnack-', chip='gfx950', num_cu=256, num_chiplets=8, perfconfig='attn:v1:128,32,16,1,1,2,0,4,2,1,0')
----------------------------------------------------------------------------------------------------
PASS: GemmGemmConfiguration(datatype='f16', g=2, m=70, k=8, n=14, o=97, trans_a=False, trans_b=False, trans_c=True, trans_o=True, arch='gfx950:sramecc+:xnack-', chip='gfx950', num_cu=256, num_chiplets=8, perfconfig='attn:v1:64,32,128,2,1,16,32,3,1,8,1')
----------------------------------------------------------------------------------------------------
PASS: GemmGemmConfiguration(datatype='bf16', g=1, m=42, k=96, n=76, o=42, trans_a=False, trans_b=False, trans_c=True, trans_o=True, arch='gfx950:sramecc+:xnack-', chip='gfx950', num_cu=256, num_chiplets=8, perfconfig='attn:v1:256,256,128,1,1,4,16,2,1,0,1')
----------------------------------------------------------------------------------------------------
PASS: GemmGemmConfiguration(datatype='f16', g=1, m=73, k=126, n=123, o=44, trans_a=True, trans_b=True, trans_c=True, trans_o=True, arch='gfx950:sramecc+:xnack-', chip='gfx950', num_cu=256, num_chiplets=8, perfconfig='attn:v1:256,256,16,1,1,8,32,4,3,8,1')
----------------------------------------------------------------------------------------------------
PASS: GemmGemmConfiguration(datatype='f32', g=2, m=94, k=34, n=27, o=51, trans_a=True, trans_b=False, trans_c=True, trans_o=False, arch='gfx950:sramecc+:xnack-', chip='gfx950', num_cu=256, num_chiplets=8, perfconfig='attn:v1:16,16,64,1,1,16,32,1,3,4,0')
----------------------------------------------------------------------------------------------------
PASS: GemmGemmConfiguration(datatype='f16', g=1, m=27, k=96, n=79, o=81, trans_a=False, trans_b=False, trans_c=False, trans_o=False, arch='gfx950:sramecc+:xnack-', chip='gfx950', num_cu=256, num_chiplets=8, perfconfig='attn:v1:16,16,64,1,1,4,32,2,1,1,8')
----------------------------------------------------------------------------------------------------
PASS: GemmGemmConfiguration(datatype='f32', g=1, m=84, k=1, n=65, o=87, trans_a=False, trans_b=False, trans_c=False, trans_o=False, arch='gfx950:sramecc+:xnack-', chip='gfx950', num_cu=256, num_chiplets=8, perfconfig='attn:v1:64,64,128,1,1,16,0,1,1,4,8')
----------------------------------------------------------------------------------------------------
PASS: GemmGemmConfiguration(datatype='f16', g=2, m=59, k=48, n=50, o=65, trans_a=False, trans_b=False, trans_c=False, trans_o=False, arch='gfx950:sramecc+:xnack-', chip='gfx950', num_cu=256, num_chiplets=8, perfconfig='attn:v1:16,64,128,1,1,8,0,2,3,8,4')
----------------------------------------------------------------------------------------------------
FAIL: GemmGemmConfiguration(datatype='bf16', g=1, m=84, k=34, n=29, o=114, trans_a=False, trans_b=False, trans_c=False, trans_o=True, arch='gfx950:sramecc+:xnack-', chip='gfx950', num_cu=256, num_chiplets=8, perfconfig='attn:v1:256,256,32,2,1,8,16,1,1,2,8')
----------------------------------------------------------------------------------------------------
PASS: GemmGemmConfiguration(datatype='f32', g=2, m=31, k=112, n=125, o=70, trans_a=True, trans_b=True, trans_c=True, trans_o=True, arch='gfx950:sramecc+:xnack-', chip='gfx950', num_cu=256, num_chiplets=8, perfconfig='attn:v1:16,128,16,1,1,16,32,1,2,0,8')
----------------------------------------------------------------------------------------------------
PASS: GemmGemmConfiguration(datatype='bf16', g=2, m=3, k=128, n=105, o=105, trans_a=True, trans_b=True, trans_c=False, trans_o=True, arch='gfx950:sramecc+:xnack-', chip='gfx950', num_cu=256, num_chiplets=8, perfconfig='attn:v1:32,256,64,1,1,16,0,1,1,1,0')
----------------------------------------------------------------------------------------------------
PASS: GemmGemmConfiguration(datatype='f16', g=2, m=97, k=64, n=79, o=65, trans_a=True, trans_b=True, trans_c=False, trans_o=True, arch='gfx950:sramecc+:xnack-', chip='gfx950', num_cu=256, num_chiplets=8, perfconfig='attn:v1:32,16,128,1,1,1,16,2,3,0,2')
----------------------------------------------------------------------------------------------------
PASS: GemmGemmConfiguration(datatype='f32', g=1, m=42, k=128, n=6, o=9, trans_a=False, trans_b=False, trans_c=False, trans_o=True, arch='gfx950:sramecc+:xnack-', chip='gfx950', num_cu=256, num_chiplets=8, perfconfig='attn:v1:16,16,128,1,1,16,0,1,3,4,1')
----------------------------------------------------------------------------------------------------
PASS: GemmGemmConfiguration(datatype='f16', g=1, m=2, k=60, n=48, o=16, trans_a=False, trans_b=False, trans_c=True, trans_o=True, arch='gfx950:sramecc+:xnack-', chip='gfx950', num_cu=256, num_chiplets=8, perfconfig='attn:v1:256,128,128,2,1,8,16,4,2,1,1')
----------------------------------------------------------------------------------------------------
PASS: GemmGemmConfiguration(datatype='f32', g=2, m=54, k=8, n=21, o=72, trans_a=False, trans_b=False, trans_c=False, trans_o=True, arch='gfx950:sramecc+:xnack-', chip='gfx950', num_cu=256, num_chiplets=8, perfconfig='attn:v1:32,64,32,1,1,4,0,3,1,8,2')
----------------------------------------------------------------------------------------------------
PASS: GemmGemmConfiguration(datatype='bf16', g=1, m=68, k=92, n=92, o=76, trans_a=False, trans_b=True, trans_c=False, trans_o=False, arch='gfx950:sramecc+:xnack-', chip='gfx950', num_cu=256, num_chiplets=8, perfconfig='attn:v1:16,16,128,2,1,8,16,2,2,0,0')
----------------------------------------------------------------------------------------------------
PASS: GemmGemmConfiguration(datatype='f16', g=2, m=20, k=11, n=54, o=37, trans_a=True, trans_b=False, trans_c=False, trans_o=True, arch='gfx950:sramecc+:xnack-', chip='gfx950', num_cu=256, num_chiplets=8, perfconfig='attn:v1:256,64,128,2,1,16,16,4,3,8,4')
----------------------------------------------------------------------------------------------------
PASS: GemmGemmConfiguration(datatype='bf16', g=1, m=52, k=52, n=47, o=31, trans_a=True, trans_b=False, trans_c=False, trans_o=True, arch='gfx950:sramecc+:xnack-', chip='gfx950', num_cu=256, num_chiplets=8, perfconfig='attn:v1:256,32,32,1,1,2,16,4,1,1,0')
----------------------------------------------------------------------------------------------------
PASS: GemmGemmConfiguration(datatype='bf16', g=1, m=8, k=41, n=99, o=4, trans_a=True, trans_b=False, trans_c=False, trans_o=True, arch='gfx950:sramecc+:xnack-', chip='gfx950', num_cu=256, num_chiplets=8, perfconfig='attn:v1:32,128,128,2,1,1,0,3,2,1,1')
----------------------------------------------------------------------------------------------------
PASS: GemmGemmConfiguration(datatype='f32', g=1, m=112, k=38, n=88, o=112, trans_a=True, trans_b=True, trans_c=False, trans_o=False, arch='gfx950:sramecc+:xnack-', chip='gfx950', num_cu=256, num_chiplets=8, perfconfig='attn:v1:128,128,64,1,1,4,16,4,3,0,4')
FAIL: Runner returned incorrect result
Config = GemmGemmConfiguration(datatype='bf16', g=2, m=121, k=73, n=31, o=7, trans_a=False, trans_b=True, trans_c=True, trans_o=True, arch='gfx950:sramecc+:xnack-', chip='gfx950', num_cu=256, num_chiplets=8, perfconfig='attn:v1:128,16,16,2,1,1,0,1,1,4,4')
Command line = -operation gemm_gemm -t bf16 --arch gfx950:sramecc+:xnack- --num_cu 256 --num_chiplets 8 -g 2 -m 121 -k 73 -n 31 -gemmO 7 -transA=False -transB=True -transC=True -transO=True --perf_config=attn:v1:128,16,16,2,1,1,0,1,1,4,4 -pv -RMS_threshold 1e-2
Output = Number of elements: 1694
maxAbsDiff info: maxAbsDiff = 510.000000 (valNum = -760.00000, gpuNum = -250.00000), average absDiff = 3.3e+02
maxRelDiff info: maxRelDiff = 6.7e-01 (valNum = 284.0000000000, gpuNum = 92.5000000000), average relDiff = 6.7e-01
RMS = 4.6e-01
Histogram of relDiff: 
        relDiff = 0     : 0/1694 (0.000000%)
     0 < relDiff < 1e-06: 0/1694 (0.000000%)
1e-06 < relDiff <= 1e-05: 0/1694 (0.000000%)
1e-05 < relDiff <= 1e-04: 0/1694 (0.000000%)
1e-04 < relDiff <= 1e-03: 0/1694 (0.000000%)
1e-03 < relDiff <= 1e-02: 0/1694 (0.000000%)
1e-02 < relDiff <= 1e-01: 0/1694 (0.000000%)
1e-01 < relDiff <= 1e+00: 1694/1694 (100.000000%)
1e+00 < relDiff < inf   : 0/1694 (0.000000%)
        relDiff = inf   : 0/1694 (0.000000%)
[0 0 1]

Lowering rejected config as not applicable
Command line = -operation gemm_gemm -t f32 --arch gfx950:sramecc+:xnack- --num_cu 256 --num_chiplets 8 -g 2 -m 99 -k 1 -n 57 -gemmO 78 -transA=True -transB=True -transC=True -transO=True --perf_config=attn:v1:256,256,16,2,1,4,16,2,3,4,2 -pv -relDiff_threshold 1e-4
Errors = loc("<stdin>":10:1): error: ttg.shared (262144) exceeds LDS limit (163840) for amdgcn-amd-amdhsa:gfx950:sramecc+:xnack-
Lowering not applicable.

----------------------------------------------------------------------------------------------------
NOT_APPLICABLE: GemmGemmConfiguration(datatype='f32', g=2, m=99, k=1, n=57, o=78, trans_a=True, trans_b=True, trans_c=True, trans_o=True, arch='gfx950:sramecc+:xnack-', chip='gfx950', num_cu=256, num_chiplets=8, perfconfig='attn:v1:256,256,16,2,1,4,16,2,3,4,2')
----------------------------------------------------------------------------------------------------
PASS: GemmGemmConfiguration(datatype='f16', g=1, m=54, k=119, n=105, o=22, trans_a=True, trans_b=False, trans_c=True, trans_o=True, arch='gfx950:sramecc+:xnack-', chip='gfx950', num_cu=256, num_chiplets=8, perfconfig='attn:v1:128,16,128,2,1,8,0,2,2,2,8')
----------------------------------------------------------------------------------------------------
PASS: GemmGemmConfiguration(datatype='f32', g=1, m=117, k=76, n=82, o=31, trans_a=True, trans_b=False, trans_c=True, trans_o=False, arch='gfx950:sramecc+:xnack-', chip='gfx950', num_cu=256, num_chiplets=8, perfconfig='attn:v1:64,128,16,1,1,8,0,4,2,1,1')
----------------------------------------------------------------------------------------------------
PASS: GemmGemmConfiguration(datatype='f16', g=1, m=93, k=1, n=8, o=61, trans_a=False, trans_b=False, trans_c=True, trans_o=True, arch='gfx950:sramecc+:xnack-', chip='gfx950', num_cu=256, num_chiplets=8, perfconfig='attn:v1:64,16,128,1,1,8,16,1,1,2,1')
----------------------------------------------------------------------------------------------------
PASS: GemmGemmConfiguration(datatype='f32', g=1, m=107, k=62, n=110, o=121, trans_a=True, trans_b=True, trans_c=True, trans_o=False, arch='gfx950:sramecc+:xnack-', chip='gfx950', num_cu=256, num_chiplets=8, perfconfig='attn:v1:128,32,32,2,1,8,16,3,2,8,8')
----------------------------------------------------------------------------------------------------
PASS: GemmGemmConfiguration(datatype='f16', g=2, m=46, k=114, n=90, o=53, trans_a=True, trans_b=True, trans_c=True, trans_o=True, arch='gfx950:sramecc+:xnack-', chip='gfx950', num_cu=256, num_chiplets=8, perfconfig='attn:v1:64,16,32,1,1,2,32,1,3,8,0')
----------------------------------------------------------------------------------------------------
PASS: GemmGemmConfiguration(datatype='f32', g=2, m=119, k=19, n=58, o=70, trans_a=False, trans_b=True, trans_c=False, trans_o=True, arch='gfx950:sramecc+:xnack-', chip='gfx950', num_cu=256, num_chiplets=8, perfconfig='attn:v1:128,256,32,1,1,16,16,4,2,8,8')
----------------------------------------------------------------------------------------------------
PASS: GemmGemmConfiguration(datatype='f32', g=2, m=63, k=125, n=34, o=16, trans_a=False, trans_b=False, trans_c=False, trans_o=True, arch='gfx950:sramecc+:xnack-', chip='gfx950', num_cu=256, num_chiplets=8, perfconfig='attn:v1:64,256,128,1,1,2,32,1,2,1,1')
----------------------------------------------------------------------------------------------------
PASS: GemmGemmConfiguration(datatype='f32', g=2, m=39, k=27, n=1, o=126, trans_a=True, trans_b=True, trans_c=False, trans_o=False, arch='gfx950:sramecc+:xnack-', chip='gfx950', num_cu=256, num_chiplets=8, perfconfig='attn:v1:16,32,64,2,1,4,32,1,3,2,8')
----------------------------------------------------------------------------------------------------
PASS: GemmGemmConfiguration(datatype='f16', g=2, m=86, k=25, n=64, o=41, trans_a=True, trans_b=True, trans_c=False, trans_o=False, arch='gfx950:sramecc+:xnack-', chip='gfx950', num_cu=256, num_chiplets=8, perfconfig='attn:v1:16,16,32,2,1,8,0,1,2,1,0')
----------------------------------------------------------------------------------------------------
PASS: GemmGemmConfiguration(datatype='bf16', g=2, m=34, k=86, n=62, o=44, trans_a=True, trans_b=True, trans_c=False, trans_o=False, arch='gfx950:sramecc+:xnack-', chip='gfx950', num_cu=256, num_chiplets=8, perfconfig='attn:v1:32,256,128,2,1,16,32,4,3,8,8')
----------------------------------------------------------------------------------------------------
PASS: GemmGemmConfiguration(datatype='bf16', g=2, m=68, k=17, n=78, o=13, trans_a=False, trans_b=False, trans_c=False, trans_o=True, arch='gfx950:sramecc+:xnack-', chip='gfx950', num_cu=256, num_chiplets=8, perfconfig='attn:v1:16,128,16,1,1,4,32,2,3,4,0')
----------------------------------------------------------------------------------------------------
FAIL: GemmGemmConfiguration(datatype='bf16', g=2, m=121, k=73, n=31, o=7, trans_a=False, trans_b=True, trans_c=True, trans_o=True, arch='gfx950:sramecc+:xnack-', chip='gfx950', num_cu=256, num_chiplets=8, perfconfig='attn:v1:128,16,16,2,1,1,0,1,1,4,4')
----------------------------------------------------------------------------------------------------
PASS: GemmGemmConfiguration(datatype='f32', g=2, m=124, k=92, n=49, o=126, trans_a=False, trans_b=False, trans_c=False, trans_o=False, arch='gfx950:sramecc+:xnack-', chip='gfx950', num_cu=256, num_chiplets=8, perfconfig='attn:v1:16,128,32,1,1,1,0,3,2,2,4')
----------------------------------------------------------------------------------------------------
PASS: GemmGemmConfiguration(datatype='f32', g=2, m=55, k=66, n=39, o=126, trans_a=False, trans_b=False, trans_c=True, trans_o=False, arch='gfx950:sramecc+:xnack-', chip='gfx950', num_cu=256, num_chiplets=8, perfconfig='attn:v1:16,64,128,1,1,2,0,4,2,0,4')
----------------------------------------------------------------------------------------------------
PASS: GemmGemmConfiguration(datatype='bf16', g=1, m=44, k=118, n=12, o=79, trans_a=False, trans_b=False, trans_c=True, trans_o=True, arch='gfx950:sramecc+:xnack-', chip='gfx950', num_cu=256, num_chiplets=8, perfconfig='attn:v1:128,128,32,1,1,1,32,1,3,1,8')
----------------------------------------------------------------------------------------------------
PASS: GemmGemmConfiguration(datatype='f16', g=1, m=20, k=53, n=58, o=38, trans_a=False, trans_b=False, trans_c=False, trans_o=True, arch='gfx950:sramecc+:xnack-', chip='gfx950', num_cu=256, num_chiplets=8, perfconfig='attn:v1:64,32,16,1,1,4,16,2,2,4,2')
----------------------------------------------------------------------------------------------------
PASS: GemmGemmConfiguration(datatype='f16', g=2, m=24, k=20, n=93, o=119, trans_a=True, trans_b=False, trans_c=False, trans_o=True, arch='gfx950:sramecc+:xnack-', chip='gfx950', num_cu=256, num_chiplets=8, perfconfig='attn:v1:32,32,128,1,1,16,32,3,1,0,1')
----------------------------------------------------------------------------------------------------
PASS: GemmGemmConfiguration(datatype='f16', g=1, m=92, k=119, n=72, o=43, trans_a=False, trans_b=True, trans_c=False, trans_o=True, arch='gfx950:sramecc+:xnack-', chip='gfx950', num_cu=256, num_chiplets=8, perfconfig='attn:v1:32,32,16,1,1,8,0,2,1,1,8')
----------------------------------------------------------------------------------------------------
PASS: GemmGemmConfiguration(datatype='f16', g=1, m=99, k=64, n=50, o=103, trans_a=False, trans_b=False, trans_c=True, trans_o=True, arch='gfx950:sramecc+:xnack-', chip='gfx950', num_cu=256, num_chiplets=8, perfconfig='attn:v1:128,16,64,2,1,8,32,1,2,8,4')
----------------------------------------------------------------------------------------------------
PASS: GemmGemmConfiguration(datatype='f16', g=2, m=69, k=80, n=26, o=22, trans_a=True, trans_b=True, trans_c=False, trans_o=True, arch='gfx950:sramecc+:xnack-', chip='gfx950', num_cu=256, num_chiplets=8, perfconfig='attn:v1:128,16,64,1,1,4,0,3,2,1,1')
FAIL: Runner returned incorrect result
Config = GemmGemmConfiguration(datatype='bf16', g=1, m=64, k=108, n=28, o=118, trans_a=False, trans_b=False, trans_c=True, trans_o=True, arch='gfx950:sramecc+:xnack-', chip='gfx950', num_cu=256, num_chiplets=8, perfconfig='attn:v1:128,256,16,2,1,16,32,2,2,1,2')
Command line = -operation gemm_gemm -t bf16 --arch gfx950:sramecc+:xnack- --num_cu 256 --num_chiplets 8 -g 1 -m 64 -k 108 -n 28 -gemmO 118 -transA=False -transB=False -transC=True -transO=True --perf_config=attn:v1:128,256,16,2,1,16,32,2,2,1,2 -pv -RMS_threshold 1e-2
Output = Number of elements: 7552
maxAbsDiff info: maxAbsDiff = 746.000000 (valNum = -1004.00000, gpuNum = -258.00000), average absDiff = 5.0e+02
maxRelDiff info: maxRelDiff = 7.5e-01 (valNum = 396.0000000000, gpuNum = 98.5000000000), average relDiff = 7.4e-01
RMS = 5.3e-01
Histogram of relDiff: 
        relDiff = 0     : 0/7552 (0.000000%)
     0 < relDiff < 1e-06: 0/7552 (0.000000%)
1e-06 < relDiff <= 1e-05: 0/7552 (0.000000%)
1e-05 < relDiff <= 1e-04: 0/7552 (0.000000%)
1e-04 < relDiff <= 1e-03: 0/7552 (0.000000%)
1e-03 < relDiff <= 1e-02: 0/7552 (0.000000%)
1e-02 < relDiff <= 1e-01: 0/7552 (0.000000%)
1e-01 < relDiff <= 1e+00: 7552/7552 (100.000000%)
1e+00 < relDiff < inf   : 0/7552 (0.000000%)
        relDiff = inf   : 0/7552 (0.000000%)
[0 0 1]

FAIL: Runner returned incorrect result
Config = GemmGemmConfiguration(datatype='f16', g=1, m=111, k=34, n=51, o=76, trans_a=False, trans_b=True, trans_c=True, trans_o=False, arch='gfx950:sramecc+:xnack-', chip='gfx950', num_cu=256, num_chiplets=8, perfconfig='attn:v1:256,32,16,2,1,4,16,3,3,2,8')
Command line = -operation gemm_gemm -t f16 --arch gfx950:sramecc+:xnack- --num_cu 256 --num_chiplets 8 -g 1 -m 111 -k 34 -n 51 -gemmO 76 -transA=False -transB=True -transC=True -transO=False --perf_config=attn:v1:256,32,16,2,1,4,16,3,3,2,8 -pv
Output = Number of elements: 8436
maxAbsDiff info: maxAbsDiff = 337.750000 (valNum = -574.50000, gpuNum = -236.75000), average absDiff = 2.3e+02
maxRelDiff info: maxRelDiff = 6.1e-01 (valNum = 225.7500000000, gpuNum = 87.2500000000), average relDiff = 5.9e-01
RMS = 4.2e-01
Histogram of relDiff: 
        relDiff = 0     : 0/8436 (0.000000%)
     0 < relDiff < 1e-06: 0/8436 (0.000000%)
1e-06 < relDiff <= 1e-05: 0/8436 (0.000000%)
1e-05 < relDiff <= 1e-04: 0/8436 (0.000000%)
1e-04 < relDiff <= 1e-03: 0/8436 (0.000000%)
1e-03 < relDiff <= 1e-02: 0/8436 (0.000000%)
1e-02 < relDiff <= 1e-01: 0/8436 (0.000000%)
1e-01 < relDiff <= 1e+00: 8436/8436 (100.000000%)
1e+00 < relDiff < inf   : 0/8436 (0.000000%)
        relDiff = inf   : 0/8436 (0.000000%)
[0 0 1]

FAIL: Runner returned incorrect result
Config = GemmGemmConfiguration(datatype='bf16', g=1, m=106, k=76, n=72, o=79, trans_a=False, trans_b=True, trans_c=False, trans_o=True, arch='gfx950:sramecc+:xnack-', chip='gfx950', num_cu=256, num_chiplets=8, perfconfig='attn:v1:16,16,32,2,1,8,16,2,2,2,0')
Command line = -operation gemm_gemm -t bf16 --arch gfx950:sramecc+:xnack- --num_cu 256 --num_chiplets 8 -g 1 -m 106 -k 76 -n 72 -gemmO 79 -transA=False -transB=True -transC=False -transO=True --perf_config=attn:v1:16,16,32,2,1,8,16,2,2,2,0 -pv -RMS_threshold 1e-2
Output = Number of elements: 8374
maxAbsDiff info: maxAbsDiff = 1410.000000 (valNum = -1784.00000, gpuNum = -374.00000), average absDiff = 9.3e+02
maxRelDiff info: maxRelDiff = 8.1e-01 (valNum = 696.0000000000, gpuNum = 129.0000000000), average relDiff = 7.9e-01
RMS = 5.6e-01
Histogram of relDiff: 
        relDiff = 0     : 0/8374 (0.000000%)
     0 < relDiff < 1e-06: 0/8374 (0.000000%)
1e-06 < relDiff <= 1e-05: 0/8374 (0.000000%)
1e-05 < relDiff <= 1e-04: 0/8374 (0.000000%)
1e-04 < relDiff <= 1e-03: 0/8374 (0.000000%)
1e-03 < relDiff <= 1e-02: 0/8374 (0.000000%)
1e-02 < relDiff <= 1e-01: 0/8374 (0.000000%)
1e-01 < relDiff <= 1e+00: 8374/8374 (100.000000%)
1e+00 < relDiff < inf   : 0/8374 (0.000000%)
        relDiff = inf   : 0/8374 (0.000000%)
[0 0 1]

----------------------------------------------------------------------------------------------------
PASS: GemmGemmConfiguration(datatype='f32', g=2, m=118, k=7, n=70, o=55, trans_a=False, trans_b=False, trans_c=True, trans_o=False, arch='gfx950:sramecc+:xnack-', chip='gfx950', num_cu=256, num_chiplets=8, perfconfig='attn:v1:64,32,16,1,1,2,16,2,3,0,4')
----------------------------------------------------------------------------------------------------
PASS: GemmGemmConfiguration(datatype='f32', g=2, m=42, k=21, n=41, o=75, trans_a=False, trans_b=False, trans_c=True, trans_o=True, arch='gfx950:sramecc+:xnack-', chip='gfx950', num_cu=256, num_chiplets=8, perfconfig='attn:v1:64,32,32,1,1,1,16,1,3,0,2')
----------------------------------------------------------------------------------------------------
PASS: GemmGemmConfiguration(datatype='f32', g=1, m=90, k=37, n=1, o=97, trans_a=False, trans_b=False, trans_c=False, trans_o=True, arch='gfx950:sramecc+:xnack-', chip='gfx950', num_cu=256, num_chiplets=8, perfconfig='attn:v1:128,128,64,1,1,1,16,4,2,2,4')
----------------------------------------------------------------------------------------------------
PASS: GemmGemmConfiguration(datatype='f32', g=1, m=125, k=8, n=25, o=17, trans_a=True, trans_b=True, trans_c=True, trans_o=True, arch='gfx950:sramecc+:xnack-', chip='gfx950', num_cu=256, num_chiplets=8, perfconfig='attn:v1:16,16,32,1,1,16,32,4,3,2,8')
----------------------------------------------------------------------------------------------------
PASS: GemmGemmConfiguration(datatype='f32', g=2, m=75, k=64, n=47, o=7, trans_a=True, trans_b=True, trans_c=True, trans_o=False, arch='gfx950:sramecc+:xnack-', chip='gfx950', num_cu=256, num_chiplets=8, perfconfig='attn:v1:16,64,32,2,1,2,32,2,1,0,2')
----------------------------------------------------------------------------------------------------
PASS: GemmGemmConfiguration(datatype='f16', g=2, m=87, k=80, n=75, o=12, trans_a=True, trans_b=True, trans_c=False, trans_o=False, arch='gfx950:sramecc+:xnack-', chip='gfx950', num_cu=256, num_chiplets=8, perfconfig='attn:v1:128,16,64,1,1,16,0,2,2,4,1')
----------------------------------------------------------------------------------------------------
FAIL: GemmGemmConfiguration(datatype='bf16', g=1, m=64, k=108, n=28, o=118, trans_a=False, trans_b=False, trans_c=True, trans_o=True, arch='gfx950:sramecc+:xnack-', chip='gfx950', num_cu=256, num_chiplets=8, perfconfig='attn:v1:128,256,16,2,1,16,32,2,2,1,2')
----------------------------------------------------------------------------------------------------
FAIL: GemmGemmConfiguration(datatype='f16', g=1, m=111, k=34, n=51, o=76, trans_a=False, trans_b=True, trans_c=True, trans_o=False, arch='gfx950:sramecc+:xnack-', chip='gfx950', num_cu=256, num_chiplets=8, perfconfig='attn:v1:256,32,16,2,1,4,16,3,3,2,8')
----------------------------------------------------------------------------------------------------
PASS: GemmGemmConfiguration(datatype='bf16', g=2, m=117, k=121, n=128, o=50, trans_a=False, trans_b=False, trans_c=True, trans_o=False, arch='gfx950:sramecc+:xnack-', chip='gfx950', num_cu=256, num_chiplets=8, perfconfig='attn:v1:32,32,128,1,1,1,0,1,1,1,8')
----------------------------------------------------------------------------------------------------
PASS: GemmGemmConfiguration(datatype='f32', g=2, m=15, k=122, n=74, o=81, trans_a=False, trans_b=False, trans_c=True, trans_o=True, arch='gfx950:sramecc+:xnack-', chip='gfx950', num_cu=256, num_chiplets=8, perfconfig='attn:v1:32,64,64,2,1,2,32,3,3,4,1')
----------------------------------------------------------------------------------------------------
PASS: GemmGemmConfiguration(datatype='f32', g=2, m=64, k=94, n=70, o=81, trans_a=False, trans_b=True, trans_c=True, trans_o=True, arch='gfx950:sramecc+:xnack-', chip='gfx950', num_cu=256, num_chiplets=8, perfconfig='attn:v1:16,32,128,1,1,2,0,2,3,8,1')
----------------------------------------------------------------------------------------------------
FAIL: GemmGemmConfiguration(datatype='bf16', g=1, m=106, k=76, n=72, o=79, trans_a=False, trans_b=True, trans_c=False, trans_o=True, arch='gfx950:sramecc+:xnack-', chip='gfx950', num_cu=256, num_chiplets=8, perfconfig='attn:v1:16,16,32,2,1,8,16,2,2,2,0')
----------------------------------------------------------------------------------------------------
PASS: GemmGemmConfiguration(datatype='f32', g=2, m=14, k=17, n=113, o=92, trans_a=False, trans_b=True, trans_c=True, trans_o=False, arch='gfx950:sramecc+:xnack-', chip='gfx950', num_cu=256, num_chiplets=8, perfconfig='attn:v1:64,32,16,2,1,4,32,3,1,4,8')
----------------------------------------------------------------------------------------------------
PASS: GemmGemmConfiguration(datatype='bf16', g=1, m=4, k=23, n=111, o=30, trans_a=True, trans_b=False, trans_c=True, trans_o=True, arch='gfx950:sramecc+:xnack-', chip='gfx950', num_cu=256, num_chiplets=8, perfconfig='attn:v1:128,128,64,2,1,16,16,2,3,4,1')
----------------------------------------------------------------------------------------------------
PASS: GemmGemmConfiguration(datatype='f32', g=2, m=115, k=97, n=84, o=89, trans_a=True, trans_b=True, trans_c=True, trans_o=True, arch='gfx950:sramecc+:xnack-', chip='gfx950', num_cu=256, num_chiplets=8, perfconfig='attn:v1:16,64,16,2,1,2,16,4,3,0,1')
----------------------------------------------------------------------------------------------------
PASS: GemmGemmConfiguration(datatype='bf16', g=2, m=1, k=41, n=5, o=65, trans_a=False, trans_b=False, trans_c=False, trans_o=True, arch='gfx950:sramecc+:xnack-', chip='gfx950', num_cu=256, num_chiplets=8, perfconfig='attn:v1:16,256,16,1,1,8,32,1,1,2,1')
----------------------------------------------------------------------------------------------------
PASS: GemmGemmConfiguration(datatype='bf16', g=1, m=28, k=108, n=94, o=75, trans_a=False, trans_b=True, trans_c=True, trans_o=False, arch='gfx950:sramecc+:xnack-', chip='gfx950', num_cu=256, num_chiplets=8, perfconfig='attn:v1:64,32,128,2,1,4,0,2,2,1,1')
----------------------------------------------------------------------------------------------------
PASS: GemmGemmConfiguration(datatype='f32', g=2, m=93, k=24, n=105, o=87, trans_a=False, trans_b=True, trans_c=False, trans_o=False, arch='gfx950:sramecc+:xnack-', chip='gfx950', num_cu=256, num_chiplets=8, perfconfig='attn:v1:16,256,128,1,1,8,16,1,2,8,0')
----------------------------------------------------------------------------------------------------
PASS: GemmGemmConfiguration(datatype='f16', g=2, m=53, k=123, n=73, o=112, trans_a=False, trans_b=True, trans_c=False, trans_o=True, arch='gfx950:sramecc+:xnack-', chip='gfx950', num_cu=256, num_chiplets=8, perfconfig='attn:v1:128,64,64,1,1,1,16,3,1,8,2')
----------------------------------------------------------------------------------------------------
PASS: GemmGemmConfiguration(datatype='bf16', g=2, m=8, k=30, n=41, o=63, trans_a=False, trans_b=False, trans_c=False, trans_o=False, arch='gfx950:sramecc+:xnack-', chip='gfx950', num_cu=256, num_chiplets=8, perfconfig='attn:v1:256,16,32,2,1,16,32,4,2,2,0')
----------------------------------------------------------------------------------------------------
PASS: GemmGemmConfiguration(datatype='f32', g=1, m=18, k=85, n=21, o=9, trans_a=False, trans_b=False, trans_c=True, trans_o=False, arch='gfx950:sramecc+:xnack-', chip='gfx950', num_cu=256, num_chiplets=8, perfconfig='attn:v1:16,128,64,2,1,16,16,2,3,0,0')
----------------------------------------------------------------------------------------------------
PASS: GemmGemmConfiguration(datatype='bf16', g=2, m=90, k=123, n=79, o=88, trans_a=False, trans_b=True, trans_c=False, trans_o=False, arch='gfx950:sramecc+:xnack-', chip='gfx950', num_cu=256, num_chiplets=8, perfconfig='attn:v1:16,64,64,1,1,16,32,1,3,4,2')
----------------------------------------------------------------------------------------------------
PASS: GemmGemmConfiguration(datatype='f32', g=2, m=75, k=33, n=94, o=82, trans_a=True, trans_b=False, trans_c=True, trans_o=True, arch='gfx950:sramecc+:xnack-', chip='gfx950', num_cu=256, num_chiplets=8, perfconfig='attn:v1:32,16,128,1,1,4,0,2,2,2,2')
FAIL: Runner returned incorrect result
Config = GemmGemmConfiguration(datatype='f16', g=2, m=82, k=115, n=56, o=79, trans_a=False, trans_b=True, trans_c=True, trans_o=False, arch='gfx950:sramecc+:xnack-', chip='gfx950', num_cu=256, num_chiplets=8, perfconfig='attn:v1:32,32,16,2,1,8,0,3,2,4,2')
Command line = -operation gemm_gemm -t f16 --arch gfx950:sramecc+:xnack- --num_cu 256 --num_chiplets 8 -g 2 -m 82 -k 115 -n 56 -gemmO 79 -transA=False -transB=True -transC=True -transO=False --perf_config=attn:v1:32,32,16,2,1,8,0,3,2,4,2 -pv
Output = Number of elements: 12956
maxAbsDiff info: maxAbsDiff = 1759.500000 (valNum = -2108.00000, gpuNum = -348.50000), average absDiff = 1.2e+03
maxRelDiff info: maxRelDiff = 8.4e-01 (valNum = 765.0000000000, gpuNum = 121.6250000000), average relDiff = 8.4e-01
RMS = 5.9e-01
Histogram of relDiff: 
        relDiff = 0     : 0/12956 (0.000000%)
     0 < relDiff < 1e-06: 0/12956 (0.000000%)
1e-06 < relDiff <= 1e-05: 0/12956 (0.000000%)
1e-05 < relDiff <= 1e-04: 0/12956 (0.000000%)
1e-04 < relDiff <= 1e-03: 0/12956 (0.000000%)
1e-03 < relDiff <= 1e-02: 0/12956 (0.000000%)
1e-02 < relDiff <= 1e-01: 0/12956 (0.000000%)
1e-01 < relDiff <= 1e+00: 12956/12956 (100.000000%)
1e+00 < relDiff < inf   : 0/12956 (0.000000%)
        relDiff = inf   : 0/12956 (0.000000%)
[0 0 1]

FAIL: Runner returned incorrect result
Config = GemmGemmConfiguration(datatype='bf16', g=2, m=56, k=121, n=22, o=117, trans_a=False, trans_b=True, trans_c=False, trans_o=True, arch='gfx950:sramecc+:xnack-', chip='gfx950', num_cu=256, num_chiplets=8, perfconfig='attn:v1:16,32,32,2,1,1,0,2,1,8,0')
Command line = -operation gemm_gemm -t bf16 --arch gfx950:sramecc+:xnack- --num_cu 256 --num_chiplets 8 -g 2 -m 56 -k 121 -n 22 -gemmO 117 -transA=False -transB=True -transC=False -transO=True --perf_config=attn:v1:16,32,32,2,1,1,0,2,1,8,0 -pv -RMS_threshold 1e-2
Output = Number of elements: 13104
maxAbsDiff info: maxAbsDiff = 53.500000 (valNum = -94.00000, gpuNum = -40.50000), average absDiff = 1.7e+01
maxRelDiff info: maxRelDiff = 5.7e-01 (valNum = 47.0000000000, gpuNum = 20.2500000000), average relDiff = 5.5e-01
RMS = 2.5e-01
Histogram of relDiff: 
        relDiff = 0     : 0/13104 (0.000000%)
     0 < relDiff < 1e-06: 0/13104 (0.000000%)
1e-06 < relDiff <= 1e-05: 0/13104 (0.000000%)
1e-05 < relDiff <= 1e-04: 0/13104 (0.000000%)
1e-04 < relDiff <= 1e-03: 0/13104 (0.000000%)
1e-03 < relDiff <= 1e-02: 0/13104 (0.000000%)
1e-02 < relDiff <= 1e-01: 0/13104 (0.000000%)
1e-01 < relDiff <= 1e+00: 13104/13104 (100.000000%)
1e+00 < relDiff < inf   : 0/13104 (0.000000%)
        relDiff = inf   : 0/13104 (0.000000%)
[0 1 1]

----------------------------------------------------------------------------------------------------
PASS: GemmGemmConfiguration(datatype='f32', g=2, m=17, k=128, n=30, o=40, trans_a=False, trans_b=True, trans_c=True, trans_o=True, arch='gfx950:sramecc+:xnack-', chip='gfx950', num_cu=256, num_chiplets=8, perfconfig='attn:v1:32,128,16,2,1,2,16,3,3,4,2')
----------------------------------------------------------------------------------------------------
PASS: GemmGemmConfiguration(datatype='f16', g=2, m=35, k=116, n=104, o=34, trans_a=True, trans_b=True, trans_c=False, trans_o=False, arch='gfx950:sramecc+:xnack-', chip='gfx950', num_cu=256, num_chiplets=8, perfconfig='attn:v1:256,16,128,1,1,16,32,1,3,2,8')
----------------------------------------------------------------------------------------------------
PASS: GemmGemmConfiguration(datatype='f32', g=2, m=116, k=9, n=70, o=100, trans_a=False, trans_b=True, trans_c=True, trans_o=False, arch='gfx950:sramecc+:xnack-', chip='gfx950', num_cu=256, num_chiplets=8, perfconfig='attn:v1:32,16,128,2,1,8,32,1,3,2,2')
----------------------------------------------------------------------------------------------------
PASS: GemmGemmConfiguration(datatype='f16', g=1, m=111, k=44, n=49, o=109, trans_a=True, trans_b=True, trans_c=True, trans_o=True, arch='gfx950:sramecc+:xnack-', chip='gfx950', num_cu=256, num_chiplets=8, perfconfig='attn:v1:32,128,16,1,1,4,16,2,3,4,4')
----------------------------------------------------------------------------------------------------
PASS: GemmGemmConfiguration(datatype='f16', g=1, m=56, k=49, n=91, o=3, trans_a=True, trans_b=False, trans_c=True, trans_o=False, arch='gfx950:sramecc+:xnack-', chip='gfx950', num_cu=256, num_chiplets=8, perfconfig='attn:v1:32,32,128,2,1,8,0,1,1,2,8')
----------------------------------------------------------------------------------------------------
PASS: GemmGemmConfiguration(datatype='bf16', g=1, m=63, k=27, n=8, o=68, trans_a=True, trans_b=False, trans_c=True, trans_o=True, arch='gfx950:sramecc+:xnack-', chip='gfx950', num_cu=256, num_chiplets=8, perfconfig='attn:v1:128,16,16,1,1,16,16,1,2,1,8')
----------------------------------------------------------------------------------------------------
PASS: GemmGemmConfiguration(datatype='bf16', g=1, m=28, k=83, n=106, o=48, trans_a=True, trans_b=True, trans_c=True, trans_o=True, arch='gfx950:sramecc+:xnack-', chip='gfx950', num_cu=256, num_chiplets=8, perfconfig='attn:v1:64,32,128,2,1,8,16,1,1,8,4')
----------------------------------------------------------------------------------------------------
PASS: GemmGemmConfiguration(datatype='f32', g=1, m=117, k=48, n=125, o=114, trans_a=True, trans_b=True, trans_c=False, trans_o=True, arch='gfx950:sramecc+:xnack-', chip='gfx950', num_cu=256, num_chiplets=8, perfconfig='attn:v1:128,16,64,1,1,8,16,2,2,1,4')
----------------------------------------------------------------------------------------------------
PASS: GemmGemmConfiguration(datatype='f16', g=2, m=126, k=119, n=73, o=68, trans_a=True, trans_b=True, trans_c=False, trans_o=False, arch='gfx950:sramecc+:xnack-', chip='gfx950', num_cu=256, num_chiplets=8, perfconfig='attn:v1:128,64,128,2,1,8,32,4,3,1,1')
----------------------------------------------------------------------------------------------------
PASS: GemmGemmConfiguration(datatype='f16', g=1, m=68, k=108, n=53, o=35, trans_a=True, trans_b=False, trans_c=False, trans_o=False, arch='gfx950:sramecc+:xnack-', chip='gfx950', num_cu=256, num_chiplets=8, perfconfig='attn:v1:16,128,32,2,1,1,32,4,1,1,0')
----------------------------------------------------------------------------------------------------
PASS: GemmGemmConfiguration(datatype='f32', g=1, m=15, k=123, n=23, o=89, trans_a=True, trans_b=True, trans_c=False, trans_o=True, arch='gfx950:sramecc+:xnack-', chip='gfx950', num_cu=256, num_chiplets=8, perfconfig='attn:v1:128,32,32,2,1,1,16,1,2,8,1')
----------------------------------------------------------------------------------------------------
PASS: GemmGemmConfiguration(datatype='f16', g=1, m=100, k=77, n=60, o=72, trans_a=False, trans_b=True, trans_c=False, trans_o=False, arch='gfx950:sramecc+:xnack-', chip='gfx950', num_cu=256, num_chiplets=8, perfconfig='attn:v1:32,256,64,2,1,1,32,1,2,4,1')
----------------------------------------------------------------------------------------------------
PASS: GemmGemmConfiguration(datatype='f32', g=1, m=73, k=20, n=47, o=78, trans_a=False, trans_b=True, trans_c=False, trans_o=True, arch='gfx950:sramecc+:xnack-', chip='gfx950', num_cu=256, num_chiplets=8, perfconfig='attn:v1:64,16,64,1,1,8,16,3,2,1,2')
----------------------------------------------------------------------------------------------------
PASS: GemmGemmConfiguration(datatype='f16', g=2, m=68, k=90, n=13, o=22, trans_a=True, trans_b=True, trans_c=False, trans_o=True, arch='gfx950:sramecc+:xnack-', chip='gfx950', num_cu=256, num_chiplets=8, perfconfig='attn:v1:32,64,16,1,1,16,16,2,3,2,8')
----------------------------------------------------------------------------------------------------
PASS: GemmGemmConfiguration(datatype='f32', g=2, m=125, k=41, n=119, o=59, trans_a=True, trans_b=False, trans_c=False, trans_o=True, arch='gfx950:sramecc+:xnack-', chip='gfx950', num_cu=256, num_chiplets=8, perfconfig='attn:v1:32,32,32,1,1,8,32,1,1,1,2')
----------------------------------------------------------------------------------------------------
PASS: GemmGemmConfiguration(datatype='bf16', g=1, m=128, k=71, n=58, o=23, trans_a=False, trans_b=True, trans_c=True, trans_o=True, arch='gfx950:sramecc+:xnack-', chip='gfx950', num_cu=256, num_chiplets=8, perfconfig='attn:v1:16,256,32,2,1,8,32,3,3,4,4')
----------------------------------------------------------------------------------------------------
PASS: GemmGemmConfiguration(datatype='f32', g=2, m=23, k=20, n=31, o=52, trans_a=True, trans_b=True, trans_c=False, trans_o=True, arch='gfx950:sramecc+:xnack-', chip='gfx950', num_cu=256, num_chiplets=8, perfconfig='attn:v1:64,32,64,1,1,1,0,2,2,8,0')
----------------------------------------------------------------------------------------------------
FAIL: GemmGemmConfiguration(datatype='f16', g=2, m=82, k=115, n=56, o=79, trans_a=False, trans_b=True, trans_c=True, trans_o=False, arch='gfx950:sramecc+:xnack-', chip='gfx950', num_cu=256, num_chiplets=8, perfconfig='attn:v1:32,32,16,2,1,8,0,3,2,4,2')
----------------------------------------------------------------------------------------------------
PASS: GemmGemmConfiguration(datatype='bf16', g=2, m=58, k=19, n=10, o=38, trans_a=True, trans_b=True, trans_c=True, trans_o=False, arch='gfx950:sramecc+:xnack-', chip='gfx950', num_cu=256, num_chiplets=8, perfconfig='attn:v1:128,256,128,2,1,4,32,1,3,0,4')
----------------------------------------------------------------------------------------------------
PASS: GemmGemmConfiguration(datatype='bf16', g=1, m=46, k=70, n=18, o=76, trans_a=False, trans_b=True, trans_c=False, trans_o=False, arch='gfx950:sramecc+:xnack-', chip='gfx950', num_cu=256, num_chiplets=8, perfconfig='attn:v1:256,128,64,1,1,1,16,2,1,0,2')
----------------------------------------------------------------------------------------------------
PASS: GemmGemmConfiguration(datatype='f16', g=1, m=22, k=76, n=113, o=128, trans_a=True, trans_b=True, trans_c=True, trans_o=False, arch='gfx950:sramecc+:xnack-', chip='gfx950', num_cu=256, num_chiplets=8, perfconfig='attn:v1:16,64,16,1,1,8,0,3,2,2,4')
----------------------------------------------------------------------------------------------------
PASS: GemmGemmConfiguration(datatype='bf16', g=2, m=76, k=70, n=24, o=62, trans_a=True, trans_b=False, trans_c=False, trans_o=False, arch='gfx950:sramecc+:xnack-', chip='gfx950', num_cu=256, num_chiplets=8, perfconfig='attn:v1:128,32,64,2,1,16,32,1,3,0,1')
----------------------------------------------------------------------------------------------------
PASS: GemmGemmConfiguration(datatype='bf16', g=1, m=80, k=22, n=80, o=59, trans_a=False, trans_b=False, trans_c=False, trans_o=False, arch='gfx950:sramecc+:xnack-', chip='gfx950', num_cu=256, num_chiplets=8, perfconfig='attn:v1:32,128,64,1,1,1,0,1,3,2,4')
FAIL: Runner returned incorrect result
Config = GemmGemmConfiguration(datatype='f16', g=1, m=5, k=112, n=33, o=114, trans_a=False, trans_b=False, trans_c=False, trans_o=True, arch='gfx950:sramecc+:xnack-', chip='gfx950', num_cu=256, num_chiplets=8, perfconfig='attn:v1:64,256,32,2,1,16,16,3,2,0,2')
Command line = -operation gemm_gemm -t f16 --arch gfx950:sramecc+:xnack- --num_cu 256 --num_chiplets 8 -g 1 -m 5 -k 112 -n 33 -gemmO 114 -transA=False -transB=False -transC=False -transO=True --perf_config=attn:v1:64,256,32,2,1,16,16,3,2,0,2 -pv
Output = Number of elements: 570
maxAbsDiff info: maxAbsDiff = 16.414062 (valNum = -27.50000, gpuNum = -11.08594), average absDiff = 1.2e+01
maxRelDiff info: maxRelDiff = 6.5e-01 (valNum = 17.0156250000, gpuNum = 5.9921875000), average relDiff = 6.1e-01
RMS = 4.4e-01
Histogram of relDiff: 
        relDiff = 0     : 0/570 (0.000000%)
     0 < relDiff < 1e-06: 0/570 (0.000000%)
1e-06 < relDiff <= 1e-05: 0/570 (0.000000%)
1e-05 < relDiff <= 1e-04: 0/570 (0.000000%)
1e-04 < relDiff <= 1e-03: 0/570 (0.000000%)
1e-03 < relDiff <= 1e-02: 0/570 (0.000000%)
1e-02 < relDiff <= 1e-01: 0/570 (0.000000%)
1e-01 < relDiff <= 1e+00: 570/570 (100.000000%)
1e+00 < relDiff < inf   : 0/570 (0.000000%)
        relDiff = inf   : 0/570 (0.000000%)
[0 1 1]

FAIL: Runner returned incorrect result
Config = GemmGemmConfiguration(datatype='bf16', g=1, m=112, k=98, n=76, o=67, trans_a=False, trans_b=False, trans_c=False, trans_o=False, arch='gfx950:sramecc+:xnack-', chip='gfx950', num_cu=256, num_chiplets=8, perfconfig='attn:v1:16,16,32,2,1,1,32,4,2,2,2')
Command line = -operation gemm_gemm -t bf16 --arch gfx950:sramecc+:xnack- --num_cu 256 --num_chiplets 8 -g 1 -m 112 -k 98 -n 76 -gemmO 67 -transA=False -transB=False -transC=False -transO=False --perf_config=attn:v1:16,16,32,2,1,1,32,4,2,2,2 -pv -RMS_threshold 1e-2
Output = Number of elements: 7504
maxAbsDiff info: maxAbsDiff = 1040.000000 (valNum = -2448.00000, gpuNum = -1408.00000), average absDiff = 6.8e+02
maxRelDiff info: maxRelDiff = 4.3e-01 (valNum = 976.0000000000, gpuNum = 560.0000000000), average relDiff = 4.2e-01
RMS = 3.0e-01
Histogram of relDiff: 
        relDiff = 0     : 0/7504 (0.000000%)
     0 < relDiff < 1e-06: 0/7504 (0.000000%)
1e-06 < relDiff <= 1e-05: 0/7504 (0.000000%)
1e-05 < relDiff <= 1e-04: 0/7504 (0.000000%)
1e-04 < relDiff <= 1e-03: 0/7504 (0.000000%)
1e-03 < relDiff <= 1e-02: 0/7504 (0.000000%)
1e-02 < relDiff <= 1e-01: 0/7504 (0.000000%)
1e-01 < relDiff <= 1e+00: 7504/7504 (100.000000%)
1e+00 < relDiff < inf   : 0/7504 (0.000000%)
        relDiff = inf   : 0/7504 (0.000000%)
[0 0 1]

----------------------------------------------------------------------------------------------------
FAIL: GemmGemmConfiguration(datatype='bf16', g=2, m=56, k=121, n=22, o=117, trans_a=False, trans_b=True, trans_c=False, trans_o=True, arch='gfx950:sramecc+:xnack-', chip='gfx950', num_cu=256, num_chiplets=8, perfconfig='attn:v1:16,32,32,2,1,1,0,2,1,8,0')
----------------------------------------------------------------------------------------------------
PASS: GemmGemmConfiguration(datatype='f16', g=1, m=49, k=103, n=18, o=62, trans_a=True, trans_b=True, trans_c=True, trans_o=True, arch='gfx950:sramecc+:xnack-', chip='gfx950', num_cu=256, num_chiplets=8, perfconfig='attn:v1:128,256,64,2,1,8,16,2,2,8,2')
----------------------------------------------------------------------------------------------------
PASS: GemmGemmConfiguration(datatype='f32', g=2, m=61, k=102, n=23, o=81, trans_a=False, trans_b=True, trans_c=False, trans_o=False, arch='gfx950:sramecc+:xnack-', chip='gfx950', num_cu=256, num_chiplets=8, perfconfig='attn:v1:32,256,32,1,1,4,16,2,1,4,1')
----------------------------------------------------------------------------------------------------
PASS: GemmGemmConfiguration(datatype='f16', g=2, m=33, k=122, n=88, o=52, trans_a=False, trans_b=False, trans_c=False, trans_o=True, arch='gfx950:sramecc+:xnack-', chip='gfx950', num_cu=256, num_chiplets=8, perfconfig='attn:v1:128,32,32,1,1,2,0,4,2,2,1')
----------------------------------------------------------------------------------------------------
PASS: GemmGemmConfiguration(datatype='f32', g=1, m=123, k=19, n=90, o=125, trans_a=False, trans_b=True, trans_c=False, trans_o=False, arch='gfx950:sramecc+:xnack-', chip='gfx950', num_cu=256, num_chiplets=8, perfconfig='attn:v1:128,64,128,2,1,4,0,3,2,0,8')
Lowering rejected config as not applicable
Command line = -operation gemm_gemm -t f32 --arch gfx950:sramecc+:xnack- --num_cu 256 --num_chiplets 8 -g 2 -m 114 -k 116 -n 19 -gemmO 107 -transA=False -transB=False -transC=False -transO=True --perf_config=attn:v1:256,256,32,2,1,8,16,2,1,2,0 -pv -relDiff_threshold 1e-4
Errors = loc("<stdin>":10:1): error: ttg.shared (262144) exceeds LDS limit (163840) for amdgcn-amd-amdhsa:gfx950:sramecc+:xnack-
Lowering not applicable.

----------------------------------------------------------------------------------------------------
NOT_APPLICABLE: GemmGemmConfiguration(datatype='f32', g=2, m=114, k=116, n=19, o=107, trans_a=False, trans_b=False, trans_c=False, trans_o=True, arch='gfx950:sramecc+:xnack-', chip='gfx950', num_cu=256, num_chiplets=8, perfconfig='attn:v1:256,256,32,2,1,8,16,2,1,2,0')
----------------------------------------------------------------------------------------------------
PASS: GemmGemmConfiguration(datatype='f16', g=1, m=82, k=57, n=37, o=100, trans_a=True, trans_b=False, trans_c=False, trans_o=False, arch='gfx950:sramecc+:xnack-', chip='gfx950', num_cu=256, num_chiplets=8, perfconfig='attn:v1:16,32,16,1,1,8,0,4,2,4,8')
----------------------------------------------------------------------------------------------------
PASS: GemmGemmConfiguration(datatype='f32', g=2, m=117, k=20, n=14, o=96, trans_a=True, trans_b=False, trans_c=True, trans_o=False, arch='gfx950:sramecc+:xnack-', chip='gfx950', num_cu=256, num_chiplets=8, perfconfig='attn:v1:16,64,32,2,1,8,16,3,2,0,0')
----------------------------------------------------------------------------------------------------
PASS: GemmGemmConfiguration(datatype='bf16', g=1, m=120, k=128, n=76, o=72, trans_a=True, trans_b=True, trans_c=False, trans_o=True, arch='gfx950:sramecc+:xnack-', chip='gfx950', num_cu=256, num_chiplets=8, perfconfig='attn:v1:128,128,128,1,1,4,0,3,2,4,2')
----------------------------------------------------------------------------------------------------
FAIL: GemmGemmConfiguration(datatype='f16', g=1, m=5, k=112, n=33, o=114, trans_a=False, trans_b=False, trans_c=False, trans_o=True, arch='gfx950:sramecc+:xnack-', chip='gfx950', num_cu=256, num_chiplets=8, perfconfig='attn:v1:64,256,32,2,1,16,16,3,2,0,2')
----------------------------------------------------------------------------------------------------
PASS: GemmGemmConfiguration(datatype='f32', g=2, m=19, k=7, n=98, o=85, trans_a=False, trans_b=True, trans_c=False, trans_o=True, arch='gfx950:sramecc+:xnack-', chip='gfx950', num_cu=256, num_chiplets=8, perfconfig='attn:v1:128,128,16,1,1,8,32,1,1,0,1')
----------------------------------------------------------------------------------------------------
FAIL: GemmGemmConfiguration(datatype='bf16', g=1, m=112, k=98, n=76, o=67, trans_a=False, trans_b=False, trans_c=False, trans_o=False, arch='gfx950:sramecc+:xnack-', chip='gfx950', num_cu=256, num_chiplets=8, perfconfig='attn:v1:16,16,32,2,1,1,32,4,2,2,2')
----------------------------------------------------------------------------------------------------
PASS: GemmGemmConfiguration(datatype='f16', g=2, m=128, k=25, n=60, o=102, trans_a=False, trans_b=False, trans_c=True, trans_o=True, arch='gfx950:sramecc+:xnack-', chip='gfx950', num_cu=256, num_chiplets=8, perfconfig='attn:v1:32,128,16,1,1,2,16,4,3,8,0')
----------------------------------------------------------------------------------------------------
PASS: GemmGemmConfiguration(datatype='bf16', g=1, m=56, k=102, n=56, o=96, trans_a=False, trans_b=False, trans_c=False, trans_o=False, arch='gfx950:sramecc+:xnack-', chip='gfx950', num_cu=256, num_chiplets=8, perfconfig='attn:v1:16,128,128,1,1,16,32,1,2,8,0')
----------------------------------------------------------------------------------------------------
PASS: GemmGemmConfiguration(datatype='f16', g=1, m=71, k=88, n=54, o=117, trans_a=True, trans_b=False, trans_c=False, trans_o=False, arch='gfx950:sramecc+:xnack-', chip='gfx950', num_cu=256, num_chiplets=8, perfconfig='attn:v1:64,256,64,1,1,16,16,1,1,1,8')
----------------------------------------------------------------------------------------------------
PASS: GemmGemmConfiguration(datatype='bf16', g=1, m=98, k=103, n=105, o=81, trans_a=True, trans_b=True, trans_c=True, trans_o=False, arch='gfx950:sramecc+:xnack-', chip='gfx950', num_cu=256, num_chiplets=8, perfconfig='attn:v1:64,64,64,2,1,8,32,3,1,1,1')
----------------------------------------------------------------------------------------------------
PASS: GemmGemmConfiguration(datatype='bf16', g=1, m=64, k=124, n=13, o=71, trans_a=False, trans_b=False, trans_c=True, trans_o=True, arch='gfx950:sramecc+:xnack-', chip='gfx950', num_cu=256, num_chiplets=8, perfconfig='attn:v1:128,32,16,1,1,4,0,4,3,4,1')
----------------------------------------------------------------------------------------------------
PASS: GemmGemmConfiguration(datatype='bf16', g=2, m=10, k=12, n=41, o=115, trans_a=True, trans_b=True, trans_c=True, trans_o=True, arch='gfx950:sramecc+:xnack-', chip='gfx950', num_cu=256, num_chiplets=8, perfconfig='attn:v1:128,16,128,1,1,16,0,4,3,1,4')
----------------------------------------------------------------------------------------------------
PASS: GemmGemmConfiguration(datatype='f32', g=1, m=117, k=90, n=44, o=65, trans_a=False, trans_b=True, trans_c=True, trans_o=True, arch='gfx950:sramecc+:xnack-', chip='gfx950', num_cu=256, num_chiplets=8, perfconfig='attn:v1:16,128,64,1,1,16,16,1,1,2,2')
----------------------------------------------------------------------------------------------------
PASS: GemmGemmConfiguration(datatype='f32', g=1, m=105, k=65, n=43, o=41, trans_a=False, trans_b=False, trans_c=False, trans_o=True, arch='gfx950:sramecc+:xnack-', chip='gfx950', num_cu=256, num_chiplets=8, perfconfig='attn:v1:32,256,128,2,1,16,16,1,2,1,8')
----------------------------------------------------------------------------------------------------
PASS: GemmGemmConfiguration(datatype='f32', g=2, m=85, k=100, n=94, o=102, trans_a=False, trans_b=False, trans_c=False, trans_o=True, arch='gfx950:sramecc+:xnack-', chip='gfx950', num_cu=256, num_chiplets=8, perfconfig='attn:v1:256,128,128,2,1,16,0,4,3,1,4')
FAIL: Runner returned incorrect result
Config = GemmGemmConfiguration(datatype='bf16', g=1, m=104, k=116, n=117, o=16, trans_a=False, trans_b=True, trans_c=False, trans_o=False, arch='gfx950:sramecc+:xnack-', chip='gfx950', num_cu=256, num_chiplets=8, perfconfig='attn:v1:32,256,16,2,1,4,32,2,1,0,1')
Command line = -operation gemm_gemm -t bf16 --arch gfx950:sramecc+:xnack- --num_cu 256 --num_chiplets 8 -g 1 -m 104 -k 116 -n 117 -gemmO 16 -transA=False -transB=True -transC=False -transO=False --perf_config=attn:v1:32,256,16,2,1,4,32,2,1,0,1 -pv -RMS_threshold 1e-2
Output = Number of elements: 1664
maxAbsDiff info: maxAbsDiff = 3656.000000 (valNum = -4416.00000, gpuNum = -760.00000), average absDiff = 2.4e+03
maxRelDiff info: maxRelDiff = 8.4e-01 (valNum = 1680.0000000000, gpuNum = 268.0000000000), average relDiff = 8.3e-01
RMS = 5.9e-01
Histogram of relDiff: 
        relDiff = 0     : 0/1664 (0.000000%)
     0 < relDiff < 1e-06: 0/1664 (0.000000%)
1e-06 < relDiff <= 1e-05: 0/1664 (0.000000%)
1e-05 < relDiff <= 1e-04: 0/1664 (0.000000%)
1e-04 < relDiff <= 1e-03: 0/1664 (0.000000%)
1e-03 < relDiff <= 1e-02: 0/1664 (0.000000%)
1e-02 < relDiff <= 1e-01: 0/1664 (0.000000%)
1e-01 < relDiff <= 1e+00: 1664/1664 (100.000000%)
1e+00 < relDiff < inf   : 0/1664 (0.000000%)
        relDiff = inf   : 0/1664 (0.000000%)
[0 0 1]

FAIL: Runner returned incorrect result
Config = GemmGemmConfiguration(datatype='f16', g=2, m=20, k=98, n=24, o=71, trans_a=False, trans_b=False, trans_c=False, trans_o=True, arch='gfx950:sramecc+:xnack-', chip='gfx950', num_cu=256, num_chiplets=8, perfconfig='attn:v1:64,128,16,2,1,4,0,2,1,0,1')
Command line = -operation gemm_gemm -t f16 --arch gfx950:sramecc+:xnack- --num_cu 256 --num_chiplets 8 -g 2 -m 20 -k 98 -n 24 -gemmO 71 -transA=False -transB=False -transC=False -transO=True --perf_config=attn:v1:64,128,16,2,1,4,0,2,1,0,1 -pv
Output = Number of elements: 2840
maxAbsDiff info: maxAbsDiff = 99.203125 (valNum = 129.50000, gpuNum = 30.29688), average absDiff = 6.1e+01
maxRelDiff info: maxRelDiff = 8.7e-01 (valNum = -75.0000000000, gpuNum = -9.4140625000), average relDiff = 8.2e-01
RMS = 5.2e-01
Histogram of relDiff: 
        relDiff = 0     : 0/2840 (0.000000%)
     0 < relDiff < 1e-06: 0/2840 (0.000000%)
1e-06 < relDiff <= 1e-05: 0/2840 (0.000000%)
1e-05 < relDiff <= 1e-04: 0/2840 (0.000000%)
1e-04 < relDiff <= 1e-03: 0/2840 (0.000000%)
1e-03 < relDiff <= 1e-02: 0/2840 (0.000000%)
1e-02 < relDiff <= 1e-01: 0/2840 (0.000000%)
1e-01 < relDiff <= 1e+00: 2840/2840 (100.000000%)
1e+00 < relDiff < inf   : 0/2840 (0.000000%)
        relDiff = inf   : 0/2840 (0.000000%)
[0 1 1]

----------------------------------------------------------------------------------------------------
PASS: GemmGemmConfiguration(datatype='f32', g=1, m=61, k=110, n=35, o=81, trans_a=False, trans_b=False, trans_c=False, trans_o=True, arch='gfx950:sramecc+:xnack-', chip='gfx950', num_cu=256, num_chiplets=8, perfconfig='attn:v1:16,32,64,2,1,2,16,2,1,8,8')
----------------------------------------------------------------------------------------------------
PASS: GemmGemmConfiguration(datatype='f16', g=2, m=60, k=79, n=54, o=12, trans_a=False, trans_b=False, trans_c=False, trans_o=False, arch='gfx950:sramecc+:xnack-', chip='gfx950', num_cu=256, num_chiplets=8, perfconfig='attn:v1:16,256,16,1,1,4,0,3,2,1,0')
----------------------------------------------------------------------------------------------------
PASS: GemmGemmConfiguration(datatype='f32', g=1, m=14, k=81, n=38, o=28, trans_a=True, trans_b=False, trans_c=False, trans_o=True, arch='gfx950:sramecc+:xnack-', chip='gfx950', num_cu=256, num_chiplets=8, perfconfig='attn:v1:16,64,32,2,1,2,16,2,2,0,1')
----------------------------------------------------------------------------------------------------
PASS: GemmGemmConfiguration(datatype='bf16', g=1, m=81, k=32, n=118, o=19, trans_a=True, trans_b=False, trans_c=True, trans_o=False, arch='gfx950:sramecc+:xnack-', chip='gfx950', num_cu=256, num_chiplets=8, perfconfig='attn:v1:256,32,128,1,1,8,32,2,2,4,0')
----------------------------------------------------------------------------------------------------
PASS: GemmGemmConfiguration(datatype='f32', g=2, m=72, k=75, n=28, o=89, trans_a=False, trans_b=True, trans_c=True, trans_o=False, arch='gfx950:sramecc+:xnack-', chip='gfx950', num_cu=256, num_chiplets=8, perfconfig='attn:v1:64,64,64,2,1,8,16,4,1,0,1')
----------------------------------------------------------------------------------------------------
PASS: GemmGemmConfiguration(datatype='f32', g=1, m=57, k=112, n=121, o=121, trans_a=True, trans_b=False, trans_c=True, trans_o=False, arch='gfx950:sramecc+:xnack-', chip='gfx950', num_cu=256, num_chiplets=8, perfconfig='attn:v1:64,32,128,1,1,2,0,4,1,8,0')
----------------------------------------------------------------------------------------------------
PASS: GemmGemmConfiguration(datatype='f16', g=2, m=53, k=22, n=99, o=26, trans_a=False, trans_b=False, trans_c=False, trans_o=True, arch='gfx950:sramecc+:xnack-', chip='gfx950', num_cu=256, num_chiplets=8, perfconfig='attn:v1:128,128,64,1,1,1,16,3,2,1,2')
----------------------------------------------------------------------------------------------------
PASS: GemmGemmConfiguration(datatype='f32', g=2, m=35, k=111, n=55, o=31, trans_a=True, trans_b=True, trans_c=True, trans_o=False, arch='gfx950:sramecc+:xnack-', chip='gfx950', num_cu=256, num_chiplets=8, perfconfig='attn:v1:32,256,32,1,1,1,0,3,3,0,4')
----------------------------------------------------------------------------------------------------
FAIL: GemmGemmConfiguration(datatype='bf16', g=1, m=104, k=116, n=117, o=16, trans_a=False, trans_b=True, trans_c=False, trans_o=False, arch='gfx950:sramecc+:xnack-', chip='gfx950', num_cu=256, num_chiplets=8, perfconfig='attn:v1:32,256,16,2,1,4,32,2,1,0,1')
----------------------------------------------------------------------------------------------------
PASS: GemmGemmConfiguration(datatype='bf16', g=2, m=101, k=48, n=80, o=30, trans_a=True, trans_b=False, trans_c=False, trans_o=False, arch='gfx950:sramecc+:xnack-', chip='gfx950', num_cu=256, num_chiplets=8, perfconfig='attn:v1:16,16,128,1,1,1,0,4,1,0,0')
----------------------------------------------------------------------------------------------------
FAIL: GemmGemmConfiguration(datatype='f16', g=2, m=20, k=98, n=24, o=71, trans_a=False, trans_b=False, trans_c=False, trans_o=True, arch='gfx950:sramecc+:xnack-', chip='gfx950', num_cu=256, num_chiplets=8, perfconfig='attn:v1:64,128,16,2,1,4,0,2,1,0,1')
----------------------------------------------------------------------------------------------------
PASS: GemmGemmConfiguration(datatype='bf16', g=1, m=120, k=105, n=76, o=15, trans_a=True, trans_b=False, trans_c=False, trans_o=False, arch='gfx950:sramecc+:xnack-', chip='gfx950', num_cu=256, num_chiplets=8, perfconfig='attn:v1:16,128,64,2,1,16,32,1,3,0,8')
----------------------------------------------------------------------------------------------------
PASS: GemmGemmConfiguration(datatype='f16', g=2, m=88, k=106, n=40, o=44, trans_a=True, trans_b=False, trans_c=True, trans_o=False, arch='gfx950:sramecc+:xnack-', chip='gfx950', num_cu=256, num_chiplets=8, perfconfig='attn:v1:32,16,64,1,1,4,32,1,2,1,8')
----------------------------------------------------------------------------------------------------
PASS: GemmGemmConfiguration(datatype='f32', g=2, m=25, k=56, n=52, o=37, trans_a=False, trans_b=False, trans_c=True, trans_o=True, arch='gfx950:sramecc+:xnack-', chip='gfx950', num_cu=256, num_chiplets=8, perfconfig='attn:v1:128,128,32,2,1,8,32,3,3,1,4')
----------------------------------------------------------------------------------------------------
PASS: GemmGemmConfiguration(datatype='f32', g=2, m=90, k=98, n=42, o=88, trans_a=False, trans_b=False, trans_c=False, trans_o=True, arch='gfx950:sramecc+:xnack-', chip='gfx950', num_cu=256, num_chiplets=8, perfconfig='attn:v1:32,32,32,1,1,1,16,3,2,0,8')
----------------------------------------------------------------------------------------------------
PASS: GemmGemmConfiguration(datatype='bf16', g=2, m=72, k=27, n=68, o=72, trans_a=False, trans_b=False, trans_c=True, trans_o=False, arch='gfx950:sramecc+:xnack-', chip='gfx950', num_cu=256, num_chiplets=8, perfconfig='attn:v1:128,128,128,1,1,4,32,4,3,4,8')
----------------------------------------------------------------------------------------------------
PASS: GemmGemmConfiguration(datatype='f32', g=1, m=104, k=120, n=38, o=14, trans_a=False, trans_b=False, trans_c=False, trans_o=False, arch='gfx950:sramecc+:xnack-', chip='gfx950', num_cu=256, num_chiplets=8, perfconfig='attn:v1:64,128,16,1,1,16,16,2,1,4,4')
----------------------------------------------------------------------------------------------------
PASS: GemmGemmConfiguration(datatype='f32', g=1, m=11, k=84, n=50, o=25, trans_a=True, trans_b=True, trans_c=True, trans_o=False, arch='gfx950:sramecc+:xnack-', chip='gfx950', num_cu=256, num_chiplets=8, perfconfig='attn:v1:32,16,16,1,1,4,0,1,1,2,0')
----------------------------------------------------------------------------------------------------
PASS: GemmGemmConfiguration(datatype='f32', g=2, m=33, k=119, n=17, o=3, trans_a=True, trans_b=True, trans_c=True, trans_o=True, arch='gfx950:sramecc+:xnack-', chip='gfx950', num_cu=256, num_chiplets=8, perfconfig='attn:v1:16,32,128,2,1,8,16,3,2,1,0')
----------------------------------------------------------------------------------------------------
PASS: GemmGemmConfiguration(datatype='bf16', g=1, m=46, k=36, n=75, o=13, trans_a=True, trans_b=False, trans_c=True, trans_o=False, arch='gfx950:sramecc+:xnack-', chip='gfx950', num_cu=256, num_chiplets=8, perfconfig='attn:v1:32,64,64,2,1,2,0,3,1,0,4')
----------------------------------------------------------------------------------------------------
PASS: GemmGemmConfiguration(datatype='f32', g=2, m=49, k=74, n=110, o=119, trans_a=False, trans_b=False, trans_c=False, trans_o=False, arch='gfx950:sramecc+:xnack-', chip='gfx950', num_cu=256, num_chiplets=8, perfconfig='attn:v1:32,64,32,1,1,16,0,2,1,1,0')
----------------------------------------------------------------------------------------------------
PASS: GemmGemmConfiguration(datatype='bf16', g=2, m=90, k=124, n=63, o=100, trans_a=False, trans_b=True, trans_c=True, trans_o=True, arch='gfx950:sramecc+:xnack-', chip='gfx950', num_cu=256, num_chiplets=8, perfconfig='attn:v1:256,32,128,1,1,8,16,3,2,8,1')
FAIL: Runner returned incorrect result
Config = GemmGemmConfiguration(datatype='f16', g=1, m=108, k=76, n=9, o=26, trans_a=True, trans_b=False, trans_c=True, trans_o=True, arch='gfx950:sramecc+:xnack-', chip='gfx950', num_cu=256, num_chiplets=8, perfconfig='attn:v1:32,128,32,2,1,2,16,1,2,2,2')
Command line = -operation gemm_gemm -t f16 --arch gfx950:sramecc+:xnack- --num_cu 256 --num_chiplets 8 -g 1 -m 108 -k 76 -n 9 -gemmO 26 -transA=True -transB=False -transC=True -transO=True --perf_config=attn:v1:32,128,32,2,1,2,16,1,2,2,2 -pv
Output = Number of elements: 2808
maxAbsDiff info: maxAbsDiff = 217.500000 (valNum = -413.25000, gpuNum = -195.75000), average absDiff = 1.6e+02
maxRelDiff info: maxRelDiff = 5.3e-01 (valNum = 310.0000000000, gpuNum = 146.7500000000), average relDiff = 5.3e-01
RMS = 4.1e-01
Histogram of relDiff: 
        relDiff = 0     : 0/2808 (0.000000%)
     0 < relDiff < 1e-06: 0/2808 (0.000000%)
1e-06 < relDiff <= 1e-05: 0/2808 (0.000000%)
1e-05 < relDiff <= 1e-04: 0/2808 (0.000000%)
1e-04 < relDiff <= 1e-03: 0/2808 (0.000000%)
1e-03 < relDiff <= 1e-02: 0/2808 (0.000000%)
1e-02 < relDiff <= 1e-01: 0/2808 (0.000000%)
1e-01 < relDiff <= 1e+00: 2808/2808 (100.000000%)
1e+00 < relDiff < inf   : 0/2808 (0.000000%)
        relDiff = inf   : 0/2808 (0.000000%)
[0 0 1]

----------------------------------------------------------------------------------------------------
PASS: GemmGemmConfiguration(datatype='f32', g=2, m=57, k=96, n=21, o=75, trans_a=False, trans_b=True, trans_c=False, trans_o=False, arch='gfx950:sramecc+:xnack-', chip='gfx950', num_cu=256, num_chiplets=8, perfconfig='attn:v1:128,64,64,1,1,2,32,1,2,8,0')
----------------------------------------------------------------------------------------------------
PASS: GemmGemmConfiguration(datatype='f16', g=2, m=122, k=53, n=21, o=81, trans_a=True, trans_b=False, trans_c=True, trans_o=False, arch='gfx950:sramecc+:xnack-', chip='gfx950', num_cu=256, num_chiplets=8, perfconfig='attn:v1:256,32,64,1,1,1,0,3,1,8,0')
----------------------------------------------------------------------------------------------------
PASS: GemmGemmConfiguration(datatype='f32', g=1, m=122, k=72, n=28, o=10, trans_a=True, trans_b=False, trans_c=False, trans_o=True, arch='gfx950:sramecc+:xnack-', chip='gfx950', num_cu=256, num_chiplets=8, perfconfig='attn:v1:64,32,32,2,1,16,32,3,2,0,1')
----------------------------------------------------------------------------------------------------
PASS: GemmGemmConfiguration(datatype='bf16', g=1, m=40, k=45, n=75, o=122, trans_a=False, trans_b=False, trans_c=False, trans_o=True, arch='gfx950:sramecc+:xnack-', chip='gfx950', num_cu=256, num_chiplets=8, perfconfig='attn:v1:64,128,32,1,1,16,16,4,2,4,1')
----------------------------------------------------------------------------------------------------
PASS: GemmGemmConfiguration(datatype='f32', g=1, m=104, k=81, n=81, o=93, trans_a=True, trans_b=True, trans_c=True, trans_o=True, arch='gfx950:sramecc+:xnack-', chip='gfx950', num_cu=256, num_chiplets=8, perfconfig='attn:v1:256,64,64,2,1,16,32,4,2,8,8')
----------------------------------------------------------------------------------------------------
PASS: GemmGemmConfiguration(datatype='bf16', g=2, m=90, k=124, n=64, o=14, trans_a=True, trans_b=False, trans_c=False, trans_o=True, arch='gfx950:sramecc+:xnack-', chip='gfx950', num_cu=256, num_chiplets=8, perfconfig='attn:v1:16,128,128,1,1,2,32,2,3,0,4')
----------------------------------------------------------------------------------------------------
PASS: GemmGemmConfiguration(datatype='f32', g=1, m=61, k=68, n=44, o=85, trans_a=True, trans_b=True, trans_c=True, trans_o=True, arch='gfx950:sramecc+:xnack-', chip='gfx950', num_cu=256, num_chiplets=8, perfconfig='attn:v1:64,128,32,2,1,16,0,1,3,8,2')
----------------------------------------------------------------------------------------------------
PASS: GemmGemmConfiguration(datatype='bf16', g=1, m=48, k=34, n=53, o=61, trans_a=True, trans_b=False, trans_c=True, trans_o=True, arch='gfx950:sramecc+:xnack-', chip='gfx950', num_cu=256, num_chiplets=8, perfconfig='attn:v1:64,128,32,2,1,2,0,4,2,4,8')
----------------------------------------------------------------------------------------------------
PASS: GemmGemmConfiguration(datatype='bf16', g=1, m=93, k=17, n=27, o=119, trans_a=True, trans_b=True, trans_c=True, trans_o=False, arch='gfx950:sramecc+:xnack-', chip='gfx950', num_cu=256, num_chiplets=8, perfconfig='attn:v1:128,128,128,2,1,4,32,3,2,2,0')
----------------------------------------------------------------------------------------------------
PASS: GemmGemmConfiguration(datatype='bf16', g=1, m=102, k=9, n=46, o=85, trans_a=False, trans_b=True, trans_c=False, trans_o=False, arch='gfx950:sramecc+:xnack-', chip='gfx950', num_cu=256, num_chiplets=8, perfconfig='attn:v1:64,256,128,1,1,1,32,3,3,1,1')
----------------------------------------------------------------------------------------------------
PASS: GemmGemmConfiguration(datatype='f32', g=2, m=48, k=60, n=116, o=75, trans_a=True, trans_b=True, trans_c=False, trans_o=False, arch='gfx950:sramecc+:xnack-', chip='gfx950', num_cu=256, num_chiplets=8, perfconfig='attn:v1:16,32,16,2,1,8,16,4,3,4,4')
----------------------------------------------------------------------------------------------------
PASS: GemmGemmConfiguration(datatype='f32', g=2, m=86, k=86, n=120, o=78, trans_a=True, trans_b=False, trans_c=False, trans_o=False, arch='gfx950:sramecc+:xnack-', chip='gfx950', num_cu=256, num_chiplets=8, perfconfig='attn:v1:64,16,32,1,1,8,0,2,1,2,0')
----------------------------------------------------------------------------------------------------
PASS: GemmGemmConfiguration(datatype='f16', g=1, m=104, k=7, n=12, o=80, trans_a=False, trans_b=False, trans_c=True, trans_o=True, arch='gfx950:sramecc+:xnack-', chip='gfx950', num_cu=256, num_chiplets=8, perfconfig='attn:v1:32,16,128,2,1,8,32,4,3,8,8')
----------------------------------------------------------------------------------------------------
PASS: GemmGemmConfiguration(datatype='bf16', g=2, m=30, k=57, n=64, o=51, trans_a=False, trans_b=True, trans_c=False, trans_o=True, arch='gfx950:sramecc+:xnack-', chip='gfx950', num_cu=256, num_chiplets=8, perfconfig='attn:v1:128,16,32,1,1,8,16,2,2,4,1')
----------------------------------------------------------------------------------------------------
PASS: GemmGemmConfiguration(datatype='bf16', g=2, m=10, k=87, n=10, o=19, trans_a=True, trans_b=False, trans_c=True, trans_o=True, arch='gfx950:sramecc+:xnack-', chip='gfx950', num_cu=256, num_chiplets=8, perfconfig='attn:v1:32,32,64,2,1,8,32,1,1,2,8')
----------------------------------------------------------------------------------------------------
PASS: GemmGemmConfiguration(datatype='f16', g=1, m=111, k=81, n=23, o=124, trans_a=False, trans_b=False, trans_c=True, trans_o=False, arch='gfx950:sramecc+:xnack-', chip='gfx950', num_cu=256, num_chiplets=8, perfconfig='attn:v1:32,32,32,1,1,2,16,3,3,4,0')
----------------------------------------------------------------------------------------------------
PASS: GemmGemmConfiguration(datatype='bf16', g=2, m=74, k=115, n=30, o=26, trans_a=True, trans_b=True, trans_c=False, trans_o=False, arch='gfx950:sramecc+:xnack-', chip='gfx950', num_cu=256, num_chiplets=8, perfconfig='attn:v1:128,64,128,1,1,16,0,2,2,8,1')
----------------------------------------------------------------------------------------------------
PASS: GemmGemmConfiguration(datatype='f16', g=2, m=96, k=112, n=95, o=83, trans_a=False, trans_b=True, trans_c=True, trans_o=True, arch='gfx950:sramecc+:xnack-', chip='gfx950', num_cu=256, num_chiplets=8, perfconfig='attn:v1:32,32,128,2,1,1,16,3,3,0,0')
----------------------------------------------------------------------------------------------------
PASS: GemmGemmConfiguration(datatype='f32', g=2, m=119, k=88, n=35, o=58, trans_a=False, trans_b=False, trans_c=False, trans_o=False, arch='gfx950:sramecc+:xnack-', chip='gfx950', num_cu=256, num_chiplets=8, perfconfig='attn:v1:16,128,16,2,1,16,16,4,3,2,4')
----------------------------------------------------------------------------------------------------
FAIL: GemmGemmConfiguration(datatype='f16', g=1, m=108, k=76, n=9, o=26, trans_a=True, trans_b=False, trans_c=True, trans_o=True, arch='gfx950:sramecc+:xnack-', chip='gfx950', num_cu=256, num_chiplets=8, perfconfig='attn:v1:32,128,32,2,1,2,16,1,2,2,2')
----------------------------------------------------------------------------------------------------
PASS: GemmGemmConfiguration(datatype='bf16', g=2, m=16, k=21, n=83, o=102, trans_a=True, trans_b=True, trans_c=False, trans_o=True, arch='gfx950:sramecc+:xnack-', chip='gfx950', num_cu=256, num_chiplets=8, perfconfig='attn:v1:128,16,64,1,1,4,32,4,2,4,2')
----------------------------------------------------------------------------------------------------
PASS: GemmGemmConfiguration(datatype='bf16', g=2, m=16, k=116, n=119, o=42, trans_a=True, trans_b=True, trans_c=True, trans_o=True, arch='gfx950:sramecc+:xnack-', chip='gfx950', num_cu=256, num_chiplets=8, perfconfig='attn:v1:16,64,128,2,1,16,16,1,3,4,0')
----------------------------------------------------------------------------------------------------
PASS: GemmGemmConfiguration(datatype='bf16', g=2, m=119, k=100, n=27, o=79, trans_a=True, trans_b=True, trans_c=True, trans_o=False, arch='gfx950:sramecc+:xnack-', chip='gfx950', num_cu=256, num_chiplets=8, perfconfig='attn:v1:64,64,32,2,1,8,32,3,3,8,8')
FAIL: Runner returned incorrect result
Config = GemmGemmConfiguration(datatype='bf16', g=2, m=94, k=81, n=80, o=78, trans_a=False, trans_b=True, trans_c=True, trans_o=True, arch='gfx950:sramecc+:xnack-', chip='gfx950', num_cu=256, num_chiplets=8, perfconfig='attn:v1:128,32,16,2,1,1,16,3,2,4,4')
Command line = -operation gemm_gemm -t bf16 --arch gfx950:sramecc+:xnack- --num_cu 256 --num_chiplets 8 -g 2 -m 94 -k 81 -n 80 -gemmO 78 -transA=False -transB=True -transC=True -transO=True --perf_config=attn:v1:128,32,16,2,1,1,16,3,2,4,4 -pv -RMS_threshold 1e-2
Output = Number of elements: 14664
maxAbsDiff info: maxAbsDiff = 302.000000 (valNum = 380.00000, gpuNum = 78.00000), average absDiff = 2.6e+02
maxRelDiff info: maxRelDiff = 7.9e-01 (valNum = 380.0000000000, gpuNum = 78.0000000000), average relDiff = 7.9e-01
RMS = 6.9e-01
Histogram of relDiff: 
        relDiff = 0     : 0/14664 (0.000000%)
     0 < relDiff < 1e-06: 0/14664 (0.000000%)
1e-06 < relDiff <= 1e-05: 0/14664 (0.000000%)
1e-05 < relDiff <= 1e-04: 0/14664 (0.000000%)
1e-04 < relDiff <= 1e-03: 0/14664 (0.000000%)
1e-03 < relDiff <= 1e-02: 0/14664 (0.000000%)
1e-02 < relDiff <= 1e-01: 0/14664 (0.000000%)
1e-01 < relDiff <= 1e+00: 14664/14664 (100.000000%)
1e+00 < relDiff < inf   : 0/14664 (0.000000%)
        relDiff = inf   : 0/14664 (0.000000%)
[0 0 1]

----------------------------------------------------------------------------------------------------
PASS: GemmGemmConfiguration(datatype='f16', g=1, m=78, k=62, n=30, o=45, trans_a=False, trans_b=False, trans_c=True, trans_o=False, arch='gfx950:sramecc+:xnack-', chip='gfx950', num_cu=256, num_chiplets=8, perfconfig='attn:v1:64,128,32,1,1,2,32,4,3,1,8')
----------------------------------------------------------------------------------------------------
FAIL: GemmGemmConfiguration(datatype='bf16', g=2, m=94, k=81, n=80, o=78, trans_a=False, trans_b=True, trans_c=True, trans_o=True, arch='gfx950:sramecc+:xnack-', chip='gfx950', num_cu=256, num_chiplets=8, perfconfig='attn:v1:128,32,16,2,1,1,16,3,2,4,4')
----------------------------------------------------------------------------------------------------
PASS: GemmGemmConfiguration(datatype='f32', g=1, m=69, k=124, n=31, o=119, trans_a=True, trans_b=True, trans_c=False, trans_o=True, arch='gfx950:sramecc+:xnack-', chip='gfx950', num_cu=256, num_chiplets=8, perfconfig='attn:v1:64,32,16,2,1,1,32,3,2,2,4')
----------------------------------------------------------------------------------------------------
PASS: GemmGemmConfiguration(datatype='bf16', g=1, m=31, k=57, n=10, o=9, trans_a=True, trans_b=True, trans_c=True, trans_o=False, arch='gfx950:sramecc+:xnack-', chip='gfx950', num_cu=256, num_chiplets=8, perfconfig='attn:v1:32,256,32,1,1,16,16,2,3,8,4')
----------------------------------------------------------------------------------------------------
PASS: GemmGemmConfiguration(datatype='f16', g=1, m=56, k=67, n=71, o=30, trans_a=True, trans_b=False, trans_c=True, trans_o=True, arch='gfx950:sramecc+:xnack-', chip='gfx950', num_cu=256, num_chiplets=8, perfconfig='attn:v1:64,16,128,1,1,16,32,1,1,1,4')
----------------------------------------------------------------------------------------------------
PASS: GemmGemmConfiguration(datatype='f16', g=2, m=99, k=75, n=118, o=47, trans_a=True, trans_b=True, trans_c=False, trans_o=False, arch='gfx950:sramecc+:xnack-', chip='gfx950', num_cu=256, num_chiplets=8, perfconfig='attn:v1:64,128,64,2,1,8,16,3,1,1,2')
----------------------------------------------------------------------------------------------------
PASS: GemmGemmConfiguration(datatype='bf16', g=1, m=61, k=76, n=2, o=52, trans_a=True, trans_b=False, trans_c=True, trans_o=False, arch='gfx950:sramecc+:xnack-', chip='gfx950', num_cu=256, num_chiplets=8, perfconfig='attn:v1:256,256,32,1,1,8,0,4,1,2,2')
----------------------------------------------------------------------------------------------------
PASS: GemmGemmConfiguration(datatype='f16', g=1, m=77, k=117, n=69, o=121, trans_a=True, trans_b=True, trans_c=False, trans_o=True, arch='gfx950:sramecc+:xnack-', chip='gfx950', num_cu=256, num_chiplets=8, perfconfig='attn:v1:16,128,64,1,1,4,32,1,2,2,0')
----------------------------------------------------------------------------------------------------
PASS: GemmGemmConfiguration(datatype='bf16', g=2, m=114, k=76, n=62, o=57, trans_a=False, trans_b=True, trans_c=True, trans_o=False, arch='gfx950:sramecc+:xnack-', chip='gfx950', num_cu=256, num_chiplets=8, perfconfig='attn:v1:256,32,128,2,1,8,16,3,2,2,0')
----------------------------------------------------------------------------------------------------
PASS: GemmGemmConfiguration(datatype='bf16', g=2, m=94, k=4, n=55, o=27, trans_a=True, trans_b=True, trans_c=False, trans_o=True, arch='gfx950:sramecc+:xnack-', chip='gfx950', num_cu=256, num_chiplets=8, perfconfig='attn:v1:256,256,128,1,1,16,0,4,2,8,1')
----------------------------------------------------------------------------------------------------
PASS: GemmGemmConfiguration(datatype='f16', g=2, m=25, k=48, n=118, o=116, trans_a=True, trans_b=False, trans_c=False, trans_o=False, arch='gfx950:sramecc+:xnack-', chip='gfx950', num_cu=256, num_chiplets=8, perfconfig='attn:v1:128,64,32,2,1,1,0,4,3,0,1')
----------------------------------------------------------------------------------------------------
PASS: GemmGemmConfiguration(datatype='f32', g=1, m=126, k=33, n=101, o=17, trans_a=False, trans_b=False, trans_c=True, trans_o=False, arch='gfx950:sramecc+:xnack-', chip='gfx950', num_cu=256, num_chiplets=8, perfconfig='attn:v1:16,16,32,1,1,8,32,3,2,1,8')
----------------------------------------------------------------------------------------------------
PASS: GemmGemmConfiguration(datatype='f16', g=1, m=15, k=41, n=41, o=100, trans_a=False, trans_b=True, trans_c=True, trans_o=True, arch='gfx950:sramecc+:xnack-', chip='gfx950', num_cu=256, num_chiplets=8, perfconfig='attn:v1:16,32,32,1,1,8,0,3,1,1,8')
----------------------------------------------------------------------------------------------------
PASS: GemmGemmConfiguration(datatype='bf16', g=2, m=127, k=11, n=123, o=96, trans_a=False, trans_b=True, trans_c=False, trans_o=False, arch='gfx950:sramecc+:xnack-', chip='gfx950', num_cu=256, num_chiplets=8, perfconfig='attn:v1:16,16,128,2,1,8,32,1,2,8,4')
----------------------------------------------------------------------------------------------------
PASS: GemmGemmConfiguration(datatype='f16', g=2, m=101, k=88, n=105, o=45, trans_a=False, trans_b=True, trans_c=True, trans_o=True, arch='gfx950:sramecc+:xnack-', chip='gfx950', num_cu=256, num_chiplets=8, perfconfig='attn:v1:16,256,128,2,1,16,16,2,3,0,1')
----------------------------------------------------------------------------------------------------
PASS: GemmGemmConfiguration(datatype='bf16', g=2, m=109, k=25, n=34, o=104, trans_a=False, trans_b=False, trans_c=True, trans_o=True, arch='gfx950:sramecc+:xnack-', chip='gfx950', num_cu=256, num_chiplets=8, perfconfig='attn:v1:256,256,64,1,1,16,0,4,1,4,8')
----------------------------------------------------------------------------------------------------
PASS: GemmGemmConfiguration(datatype='bf16', g=1, m=120, k=93, n=33, o=127, trans_a=True, trans_b=False, trans_c=True, trans_o=True, arch='gfx950:sramecc+:xnack-', chip='gfx950', num_cu=256, num_chiplets=8, perfconfig='attn:v1:256,32,64,1,1,1,32,4,2,8,8')
----------------------------------------------------------------------------------------------------
PASS: GemmGemmConfiguration(datatype='f32', g=1, m=93, k=46, n=85, o=116, trans_a=False, trans_b=True, trans_c=False, trans_o=True, arch='gfx950:sramecc+:xnack-', chip='gfx950', num_cu=256, num_chiplets=8, perfconfig='attn:v1:128,128,32,2,1,1,16,4,1,8,0')
----------------------------------------------------------------------------------------------------
PASS: GemmGemmConfiguration(datatype='f16', g=1, m=117, k=40, n=39, o=125, trans_a=True, trans_b=True, trans_c=False, trans_o=False, arch='gfx950:sramecc+:xnack-', chip='gfx950', num_cu=256, num_chiplets=8, perfconfig='attn:v1:128,128,64,2,1,1,32,4,2,0,0')
Lowering rejected config as not applicable
Command line = -operation gemm_gemm -t f32 --arch gfx950:sramecc+:xnack- --num_cu 256 --num_chiplets 8 -g 1 -m 11 -k 103 -n 33 -gemmO 114 -transA=False -transB=False -transC=False -transO=True --perf_config=attn:v1:256,256,128,1,1,2,16,3,1,0,1 -pv -relDiff_threshold 1e-4
Errors = loc("<stdin>":10:1): error: ttg.shared (262144) exceeds LDS limit (163840) for amdgcn-amd-amdhsa:gfx950:sramecc+:xnack-
Lowering not applicable.

----------------------------------------------------------------------------------------------------
NOT_APPLICABLE: GemmGemmConfiguration(datatype='f32', g=1, m=11, k=103, n=33, o=114, trans_a=False, trans_b=False, trans_c=False, trans_o=True, arch='gfx950:sramecc+:xnack-', chip='gfx950', num_cu=256, num_chiplets=8, perfconfig='attn:v1:256,256,128,1,1,2,16,3,1,0,1')
----------------------------------------------------------------------------------------------------
PASS: GemmGemmConfiguration(datatype='bf16', g=2, m=86, k=6, n=115, o=1, trans_a=False, trans_b=False, trans_c=True, trans_o=False, arch='gfx950:sramecc+:xnack-', chip='gfx950', num_cu=256, num_chiplets=8, perfconfig='attn:v1:16,64,16,1,1,2,16,2,3,1,2')
FAIL: Runner returned incorrect result
Config = GemmGemmConfiguration(datatype='bf16', g=1, m=50, k=69, n=81, o=67, trans_a=True, trans_b=True, trans_c=True, trans_o=True, arch='gfx950:sramecc+:xnack-', chip='gfx950', num_cu=256, num_chiplets=8, perfconfig='attn:v1:16,32,16,2,1,16,16,1,2,1,1')
Command line = -operation gemm_gemm -t bf16 --arch gfx950:sramecc+:xnack- --num_cu 256 --num_chiplets 8 -g 1 -m 50 -k 69 -n 81 -gemmO 67 -transA=True -transB=True -transC=True -transO=True --perf_config=attn:v1:16,32,16,2,1,16,16,1,2,1,1 -pv -RMS_threshold 1e-2
Output = Number of elements: 3350
maxAbsDiff info: maxAbsDiff = 232.250000 (valNum = 272.00000, gpuNum = 39.75000), average absDiff = 1.5e+02
maxRelDiff info: maxRelDiff = 8.7e-01 (valNum = -68.0000000000, gpuNum = -8.8750000000), average relDiff = 8.6e-01
RMS = 6.1e-01
Histogram of relDiff: 
        relDiff = 0     : 0/3350 (0.000000%)
     0 < relDiff < 1e-06: 0/3350 (0.000000%)
1e-06 < relDiff <= 1e-05: 0/3350 (0.000000%)
1e-05 < relDiff <= 1e-04: 0/3350 (0.000000%)
1e-04 < relDiff <= 1e-03: 0/3350 (0.000000%)
1e-03 < relDiff <= 1e-02: 0/3350 (0.000000%)
1e-02 < relDiff <= 1e-01: 0/3350 (0.000000%)
1e-01 < relDiff <= 1e+00: 3350/3350 (100.000000%)
1e+00 < relDiff < inf   : 0/3350 (0.000000%)
        relDiff = inf   : 0/3350 (0.000000%)
[0 0 1]

----------------------------------------------------------------------------------------------------
PASS: GemmGemmConfiguration(datatype='f16', g=2, m=10, k=90, n=11, o=5, trans_a=False, trans_b=True, trans_c=True, trans_o=False, arch='gfx950:sramecc+:xnack-', chip='gfx950', num_cu=256, num_chiplets=8, perfconfig='attn:v1:128,32,128,2,1,8,32,4,3,8,8')
----------------------------------------------------------------------------------------------------
PASS: GemmGemmConfiguration(datatype='f16', g=2, m=91, k=60, n=89, o=102, trans_a=False, trans_b=True, trans_c=False, trans_o=False, arch='gfx950:sramecc+:xnack-', chip='gfx950', num_cu=256, num_chiplets=8, perfconfig='attn:v1:16,256,64,2,1,2,16,1,3,8,0')
----------------------------------------------------------------------------------------------------
PASS: GemmGemmConfiguration(datatype='f32', g=2, m=61, k=16, n=62, o=81, trans_a=True, trans_b=True, trans_c=False, trans_o=False, arch='gfx950:sramecc+:xnack-', chip='gfx950', num_cu=256, num_chiplets=8, perfconfig='attn:v1:256,128,64,1,1,16,0,3,3,2,0')
----------------------------------------------------------------------------------------------------
PASS: GemmGemmConfiguration(datatype='f32', g=2, m=50, k=54, n=70, o=40, trans_a=False, trans_b=False, trans_c=False, trans_o=True, arch='gfx950:sramecc+:xnack-', chip='gfx950', num_cu=256, num_chiplets=8, perfconfig='attn:v1:128,16,64,1,1,1,32,1,3,2,1')
----------------------------------------------------------------------------------------------------
PASS: GemmGemmConfiguration(datatype='f32', g=2, m=6, k=12, n=83, o=66, trans_a=False, trans_b=True, trans_c=False, trans_o=True, arch='gfx950:sramecc+:xnack-', chip='gfx950', num_cu=256, num_chiplets=8, perfconfig='attn:v1:128,16,16,1,1,1,16,1,2,0,4')
----------------------------------------------------------------------------------------------------
PASS: GemmGemmConfiguration(datatype='bf16', g=2, m=73, k=47, n=1, o=96, trans_a=False, trans_b=False, trans_c=False, trans_o=True, arch='gfx950:sramecc+:xnack-', chip='gfx950', num_cu=256, num_chiplets=8, perfconfig='attn:v1:256,256,16,1,1,4,16,3,3,2,1')
----------------------------------------------------------------------------------------------------
PASS: GemmGemmConfiguration(datatype='bf16', g=1, m=123, k=54, n=99, o=20, trans_a=False, trans_b=False, trans_c=True, trans_o=True, arch='gfx950:sramecc+:xnack-', chip='gfx950', num_cu=256, num_chiplets=8, perfconfig='attn:v1:32,128,64,1,1,4,0,2,1,0,8')
----------------------------------------------------------------------------------------------------
PASS: GemmGemmConfiguration(datatype='f16', g=1, m=41, k=21, n=96, o=117, trans_a=False, trans_b=True, trans_c=True, trans_o=True, arch='gfx950:sramecc+:xnack-', chip='gfx950', num_cu=256, num_chiplets=8, perfconfig='attn:v1:32,16,16,1,1,2,16,1,3,8,2')
----------------------------------------------------------------------------------------------------
PASS: GemmGemmConfiguration(datatype='f16', g=2, m=119, k=16, n=122, o=34, trans_a=True, trans_b=True, trans_c=False, trans_o=True, arch='gfx950:sramecc+:xnack-', chip='gfx950', num_cu=256, num_chiplets=8, perfconfig='attn:v1:128,64,32,2,1,4,32,2,1,0,2')
----------------------------------------------------------------------------------------------------
PASS: GemmGemmConfiguration(datatype='f32', g=2, m=28, k=105, n=97, o=71, trans_a=False, trans_b=False, trans_c=False, trans_o=True, arch='gfx950:sramecc+:xnack-', chip='gfx950', num_cu=256, num_chiplets=8, perfconfig='attn:v1:256,128,64,2,1,8,0,2,1,1,2')
----------------------------------------------------------------------------------------------------
PASS: GemmGemmConfiguration(datatype='f32', g=2, m=84, k=21, n=28, o=98, trans_a=True, trans_b=False, trans_c=True, trans_o=False, arch='gfx950:sramecc+:xnack-', chip='gfx950', num_cu=256, num_chiplets=8, perfconfig='attn:v1:128,128,64,2,1,8,32,1,1,2,2')
----------------------------------------------------------------------------------------------------
PASS: GemmGemmConfiguration(datatype='bf16', g=2, m=64, k=96, n=97, o=125, trans_a=True, trans_b=False, trans_c=False, trans_o=False, arch='gfx950:sramecc+:xnack-', chip='gfx950', num_cu=256, num_chiplets=8, perfconfig='attn:v1:128,128,128,1,1,4,16,1,2,1,1')
----------------------------------------------------------------------------------------------------
PASS: GemmGemmConfiguration(datatype='f16', g=2, m=54, k=111, n=86, o=113, trans_a=True, trans_b=True, trans_c=True, trans_o=False, arch='gfx950:sramecc+:xnack-', chip='gfx950', num_cu=256, num_chiplets=8, perfconfig='attn:v1:128,256,16,1,1,2,16,2,2,1,2')
----------------------------------------------------------------------------------------------------
PASS: GemmGemmConfiguration(datatype='bf16', g=1, m=105, k=109, n=113, o=71, trans_a=True, trans_b=False, trans_c=True, trans_o=False, arch='gfx950:sramecc+:xnack-', chip='gfx950', num_cu=256, num_chiplets=8, perfconfig='attn:v1:256,256,128,1,1,4,0,4,2,4,1')
----------------------------------------------------------------------------------------------------
PASS: GemmGemmConfiguration(datatype='f32', g=2, m=103, k=56, n=89, o=5, trans_a=False, trans_b=False, trans_c=False, trans_o=True, arch='gfx950:sramecc+:xnack-', chip='gfx950', num_cu=256, num_chiplets=8, perfconfig='attn:v1:32,32,128,2,1,16,16,3,3,2,0')
----------------------------------------------------------------------------------------------------
PASS: GemmGemmConfiguration(datatype='f16', g=1, m=107, k=47, n=115, o=128, trans_a=False, trans_b=True, trans_c=True, trans_o=True, arch='gfx950:sramecc+:xnack-', chip='gfx950', num_cu=256, num_chiplets=8, perfconfig='attn:v1:64,64,128,2,1,16,32,3,2,8,1')
----------------------------------------------------------------------------------------------------
FAIL: GemmGemmConfiguration(datatype='bf16', g=1, m=50, k=69, n=81, o=67, trans_a=True, trans_b=True, trans_c=True, trans_o=True, arch='gfx950:sramecc+:xnack-', chip='gfx950', num_cu=256, num_chiplets=8, perfconfig='attn:v1:16,32,16,2,1,16,16,1,2,1,1')
----------------------------------------------------------------------------------------------------
PASS: GemmGemmConfiguration(datatype='f32', g=2, m=88, k=89, n=87, o=106, trans_a=True, trans_b=False, trans_c=False, trans_o=False, arch='gfx950:sramecc+:xnack-', chip='gfx950', num_cu=256, num_chiplets=8, perfconfig='attn:v1:16,128,128,1,1,16,16,3,1,2,0')
----------------------------------------------------------------------------------------------------
PASS: GemmGemmConfiguration(datatype='bf16', g=1, m=62, k=81, n=10, o=61, trans_a=True, trans_b=False, trans_c=True, trans_o=True, arch='gfx950:sramecc+:xnack-', chip='gfx950', num_cu=256, num_chiplets=8, perfconfig='attn:v1:128,32,64,2,1,2,0,3,2,1,0')
----------------------------------------------------------------------------------------------------
PASS: GemmGemmConfiguration(datatype='f16', g=1, m=44, k=53, n=56, o=26, trans_a=False, trans_b=True, trans_c=False, trans_o=False, arch='gfx950:sramecc+:xnack-', chip='gfx950', num_cu=256, num_chiplets=8, perfconfig='attn:v1:16,128,128,2,1,1,0,1,3,2,1')
----------------------------------------------------------------------------------------------------
PASS: GemmGemmConfiguration(datatype='f32', g=2, m=31, k=67, n=100, o=101, trans_a=False, trans_b=False, trans_c=False, trans_o=True, arch='gfx950:sramecc+:xnack-', chip='gfx950', num_cu=256, num_chiplets=8, perfconfig='attn:v1:128,64,64,1,1,2,32,2,1,0,4')
----------------------------------------------------------------------------------------------------
PASS: GemmGemmConfiguration(datatype='f32', g=1, m=5, k=49, n=24, o=26, trans_a=True, trans_b=False, trans_c=False, trans_o=False, arch='gfx950:sramecc+:xnack-', chip='gfx950', num_cu=256, num_chiplets=8, perfconfig='attn:v1:128,256,16,2,1,2,0,2,2,4,1')
FAIL: Runner returned incorrect result
Config = GemmGemmConfiguration(datatype='f16', g=1, m=69, k=36, n=82, o=66, trans_a=False, trans_b=True, trans_c=False, trans_o=False, arch='gfx950:sramecc+:xnack-', chip='gfx950', num_cu=256, num_chiplets=8, perfconfig='attn:v1:256,32,16,2,1,8,0,1,1,0,8')
Command line = -operation gemm_gemm -t f16 --arch gfx950:sramecc+:xnack- --num_cu 256 --num_chiplets 8 -g 1 -m 69 -k 36 -n 82 -gemmO 66 -transA=False -transB=True -transC=False -transO=False --perf_config=attn:v1:256,32,16,2,1,8,0,1,1,0,8 -pv
Output = Number of elements: 4554
maxAbsDiff info: maxAbsDiff = 986.000000 (valNum = -1784.00000, gpuNum = -798.00000), average absDiff = 7.4e+02
maxRelDiff info: maxRelDiff = 5.5e-01 (valNum = 892.0000000000, gpuNum = 399.0000000000), average relDiff = 5.5e-01
RMS = 4.3e-01
Histogram of relDiff: 
        relDiff = 0     : 0/4554 (0.000000%)
     0 < relDiff < 1e-06: 0/4554 (0.000000%)
1e-06 < relDiff <= 1e-05: 0/4554 (0.000000%)
1e-05 < relDiff <= 1e-04: 0/4554 (0.000000%)
1e-04 < relDiff <= 1e-03: 0/4554 (0.000000%)
1e-03 < relDiff <= 1e-02: 0/4554 (0.000000%)
1e-02 < relDiff <= 1e-01: 0/4554 (0.000000%)
1e-01 < relDiff <= 1e+00: 4554/4554 (100.000000%)
1e+00 < relDiff < inf   : 0/4554 (0.000000%)
        relDiff = inf   : 0/4554 (0.000000%)
[0 0 1]

----------------------------------------------------------------------------------------------------
PASS: GemmGemmConfiguration(datatype='bf16', g=1, m=35, k=24, n=87, o=18, trans_a=False, trans_b=True, trans_c=True, trans_o=False, arch='gfx950:sramecc+:xnack-', chip='gfx950', num_cu=256, num_chiplets=8, perfconfig='attn:v1:64,128,16,1,1,16,0,4,3,4,1')
----------------------------------------------------------------------------------------------------
PASS: GemmGemmConfiguration(datatype='f32', g=1, m=56, k=111, n=55, o=21, trans_a=True, trans_b=False, trans_c=True, trans_o=False, arch='gfx950:sramecc+:xnack-', chip='gfx950', num_cu=256, num_chiplets=8, perfconfig='attn:v1:64,16,32,2,1,1,0,3,2,8,0')
----------------------------------------------------------------------------------------------------
PASS: GemmGemmConfiguration(datatype='bf16', g=1, m=95, k=32, n=67, o=7, trans_a=True, trans_b=True, trans_c=True, trans_o=True, arch='gfx950:sramecc+:xnack-', chip='gfx950', num_cu=256, num_chiplets=8, perfconfig='attn:v1:32,64,16,1,1,4,32,4,3,1,2')
----------------------------------------------------------------------------------------------------
PASS: GemmGemmConfiguration(datatype='f16', g=2, m=94, k=37, n=114, o=25, trans_a=False, trans_b=True, trans_c=True, trans_o=False, arch='gfx950:sramecc+:xnack-', chip='gfx950', num_cu=256, num_chiplets=8, perfconfig='attn:v1:128,128,128,1,1,8,16,1,2,8,8')
----------------------------------------------------------------------------------------------------
PASS: GemmGemmConfiguration(datatype='bf16', g=1, m=125, k=38, n=2, o=61, trans_a=True, trans_b=False, trans_c=False, trans_o=False, arch='gfx950:sramecc+:xnack-', chip='gfx950', num_cu=256, num_chiplets=8, perfconfig='attn:v1:128,32,32,1,1,4,32,2,2,4,0')
----------------------------------------------------------------------------------------------------
PASS: GemmGemmConfiguration(datatype='f16', g=2, m=98, k=23, n=101, o=49, trans_a=True, trans_b=True, trans_c=False, trans_o=False, arch='gfx950:sramecc+:xnack-', chip='gfx950', num_cu=256, num_chiplets=8, perfconfig='attn:v1:32,64,128,2,1,4,32,2,2,8,0')
----------------------------------------------------------------------------------------------------
PASS: GemmGemmConfiguration(datatype='f32', g=2, m=84, k=78, n=24, o=72, trans_a=True, trans_b=False, trans_c=False, trans_o=True, arch='gfx950:sramecc+:xnack-', chip='gfx950', num_cu=256, num_chiplets=8, perfconfig='attn:v1:128,16,16,2,1,1,0,1,1,0,2')
----------------------------------------------------------------------------------------------------
PASS: GemmGemmConfiguration(datatype='f32', g=1, m=109, k=61, n=48, o=100, trans_a=True, trans_b=False, trans_c=True, trans_o=False, arch='gfx950:sramecc+:xnack-', chip='gfx950', num_cu=256, num_chiplets=8, perfconfig='attn:v1:128,256,64,1,1,4,0,3,1,4,4')
----------------------------------------------------------------------------------------------------
PASS: GemmGemmConfiguration(datatype='f16', g=2, m=23, k=84, n=51, o=7, trans_a=False, trans_b=True, trans_c=False, trans_o=False, arch='gfx950:sramecc+:xnack-', chip='gfx950', num_cu=256, num_chiplets=8, perfconfig='attn:v1:32,32,16,1,1,2,32,4,1,2,4')
----------------------------------------------------------------------------------------------------
PASS: GemmGemmConfiguration(datatype='f16', g=2, m=99, k=24, n=115, o=85, trans_a=False, trans_b=True, trans_c=True, trans_o=True, arch='gfx950:sramecc+:xnack-', chip='gfx950', num_cu=256, num_chiplets=8, perfconfig='attn:v1:256,16,128,2,1,16,32,1,1,0,0')
----------------------------------------------------------------------------------------------------
PASS: GemmGemmConfiguration(datatype='f16', g=2, m=101, k=57, n=59, o=126, trans_a=False, trans_b=False, trans_c=False, trans_o=False, arch='gfx950:sramecc+:xnack-', chip='gfx950', num_cu=256, num_chiplets=8, perfconfig='attn:v1:128,256,64,1,1,8,16,4,2,0,8')
----------------------------------------------------------------------------------------------------
PASS: GemmGemmConfiguration(datatype='f32', g=2, m=110, k=28, n=71, o=124, trans_a=False, trans_b=False, trans_c=True, trans_o=False, arch='gfx950:sramecc+:xnack-', chip='gfx950', num_cu=256, num_chiplets=8, perfconfig='attn:v1:16,128,16,2,1,2,16,3,2,2,2')
----------------------------------------------------------------------------------------------------
PASS: GemmGemmConfiguration(datatype='f16', g=2, m=70, k=55, n=83, o=74, trans_a=False, trans_b=True, trans_c=True, trans_o=False, arch='gfx950:sramecc+:xnack-', chip='gfx950', num_cu=256, num_chiplets=8, perfconfig='attn:v1:64,256,128,2,1,4,16,3,3,1,0')
----------------------------------------------------------------------------------------------------
PASS: GemmGemmConfiguration(datatype='f16', g=2, m=51, k=108, n=11, o=35, trans_a=False, trans_b=False, trans_c=True, trans_o=False, arch='gfx950:sramecc+:xnack-', chip='gfx950', num_cu=256, num_chiplets=8, perfconfig='attn:v1:256,32,64,1,1,2,32,4,3,1,2')
----------------------------------------------------------------------------------------------------
PASS: GemmGemmConfiguration(datatype='bf16', g=2, m=61, k=127, n=18, o=112, trans_a=False, trans_b=False, trans_c=True, trans_o=False, arch='gfx950:sramecc+:xnack-', chip='gfx950', num_cu=256, num_chiplets=8, perfconfig='attn:v1:256,64,16,1,1,1,32,3,3,2,4')
----------------------------------------------------------------------------------------------------
PASS: GemmGemmConfiguration(datatype='f16', g=1, m=43, k=93, n=122, o=63, trans_a=False, trans_b=True, trans_c=True, trans_o=False, arch='gfx950:sramecc+:xnack-', chip='gfx950', num_cu=256, num_chiplets=8, perfconfig='attn:v1:256,256,64,1,1,2,32,3,1,1,0')
----------------------------------------------------------------------------------------------------
PASS: GemmGemmConfiguration(datatype='f32', g=1, m=67, k=17, n=78, o=18, trans_a=False, trans_b=False, trans_c=False, trans_o=True, arch='gfx950:sramecc+:xnack-', chip='gfx950', num_cu=256, num_chiplets=8, perfconfig='attn:v1:32,64,64,2,1,4,32,3,3,0,2')
----------------------------------------------------------------------------------------------------
PASS: GemmGemmConfiguration(datatype='bf16', g=1, m=15, k=20, n=6, o=44, trans_a=True, trans_b=False, trans_c=False, trans_o=False, arch='gfx950:sramecc+:xnack-', chip='gfx950', num_cu=256, num_chiplets=8, perfconfig='attn:v1:128,16,16,1,1,8,32,3,2,4,8')
----------------------------------------------------------------------------------------------------
FAIL: GemmGemmConfiguration(datatype='f16', g=1, m=69, k=36, n=82, o=66, trans_a=False, trans_b=True, trans_c=False, trans_o=False, arch='gfx950:sramecc+:xnack-', chip='gfx950', num_cu=256, num_chiplets=8, perfconfig='attn:v1:256,32,16,2,1,8,0,1,1,0,8')
----------------------------------------------------------------------------------------------------
PASS: GemmGemmConfiguration(datatype='f32', g=1, m=127, k=97, n=122, o=75, trans_a=False, trans_b=False, trans_c=True, trans_o=True, arch='gfx950:sramecc+:xnack-', chip='gfx950', num_cu=256, num_chiplets=8, perfconfig='attn:v1:32,32,64,2,1,4,0,4,3,0,8')
----------------------------------------------------------------------------------------------------
PASS: GemmGemmConfiguration(datatype='bf16', g=2, m=74, k=114, n=8, o=3, trans_a=True, trans_b=True, trans_c=True, trans_o=False, arch='gfx950:sramecc+:xnack-', chip='gfx950', num_cu=256, num_chiplets=8, perfconfig='attn:v1:16,64,128,1,1,2,0,2,3,0,0')
Lowering rejected config as not applicable
Command line = -operation gemm_gemm -t f32 --arch gfx950:sramecc+:xnack- --num_cu 256 --num_chiplets 8 -g 1 -m 55 -k 71 -n 34 -gemmO 116 -transA=False -transB=True -transC=True -transO=False --perf_config=attn:v1:256,256,64,1,1,1,16,3,3,0,4 -pv -relDiff_threshold 1e-4
Errors = loc("<stdin>":9:1): error: ttg.shared (393216) exceeds LDS limit (163840) for amdgcn-amd-amdhsa:gfx950:sramecc+:xnack-
Lowering not applicable.

FAIL: Runner returned incorrect result
Config = GemmGemmConfiguration(datatype='f16', g=1, m=112, k=84, n=52, o=2, trans_a=True, trans_b=False, trans_c=True, trans_o=False, arch='gfx950:sramecc+:xnack-', chip='gfx950', num_cu=256, num_chiplets=8, perfconfig='attn:v1:32,128,16,2,1,4,16,4,2,1,2')
Command line = -operation gemm_gemm -t f16 --arch gfx950:sramecc+:xnack- --num_cu 256 --num_chiplets 8 -g 1 -m 112 -k 84 -n 52 -gemmO 2 -transA=True -transB=False -transC=True -transO=False --perf_config=attn:v1:32,128,16,2,1,4,16,4,2,1,2 -pv
Output = Number of elements: 224
maxAbsDiff info: maxAbsDiff = 1101.500000 (valNum = -1434.00000, gpuNum = -332.50000), average absDiff = 7.3e+02
maxRelDiff info: maxRelDiff = 7.9e-01 (valNum = 561.0000000000, gpuNum = 117.8125000000), average relDiff = 7.7e-01
RMS = 5.4e-01
Histogram of relDiff: 
        relDiff = 0     : 0/224 (0.000000%)
     0 < relDiff < 1e-06: 0/224 (0.000000%)
1e-06 < relDiff <= 1e-05: 0/224 (0.000000%)
1e-05 < relDiff <= 1e-04: 0/224 (0.000000%)
1e-04 < relDiff <= 1e-03: 0/224 (0.000000%)
1e-03 < relDiff <= 1e-02: 0/224 (0.000000%)
1e-02 < relDiff <= 1e-01: 0/224 (0.000000%)
1e-01 < relDiff <= 1e+00: 224/224 (100.000000%)
1e+00 < relDiff < inf   : 0/224 (0.000000%)
        relDiff = inf   : 0/224 (0.000000%)
[0 0 1]

----------------------------------------------------------------------------------------------------
NOT_APPLICABLE: GemmGemmConfiguration(datatype='f32', g=1, m=55, k=71, n=34, o=116, trans_a=False, trans_b=True, trans_c=True, trans_o=False, arch='gfx950:sramecc+:xnack-', chip='gfx950', num_cu=256, num_chiplets=8, perfconfig='attn:v1:256,256,64,1,1,1,16,3,3,0,4')
----------------------------------------------------------------------------------------------------
PASS: GemmGemmConfiguration(datatype='bf16', g=2, m=123, k=24, n=21, o=64, trans_a=False, trans_b=True, trans_c=True, trans_o=True, arch='gfx950:sramecc+:xnack-', chip='gfx950', num_cu=256, num_chiplets=8, perfconfig='attn:v1:256,128,32,2,1,4,16,2,1,4,0')
----------------------------------------------------------------------------------------------------
PASS: GemmGemmConfiguration(datatype='f32', g=2, m=64, k=61, n=76, o=65, trans_a=True, trans_b=True, trans_c=True, trans_o=True, arch='gfx950:sramecc+:xnack-', chip='gfx950', num_cu=256, num_chiplets=8, perfconfig='attn:v1:32,256,64,1,1,8,32,2,1,4,1')
----------------------------------------------------------------------------------------------------
FAIL: GemmGemmConfiguration(datatype='f16', g=1, m=112, k=84, n=52, o=2, trans_a=True, trans_b=False, trans_c=True, trans_o=False, arch='gfx950:sramecc+:xnack-', chip='gfx950', num_cu=256, num_chiplets=8, perfconfig='attn:v1:32,128,16,2,1,4,16,4,2,1,2')
----------------------------------------------------------------------------------------------------
PASS: GemmGemmConfiguration(datatype='f32', g=2, m=58, k=43, n=40, o=28, trans_a=False, trans_b=False, trans_c=True, trans_o=True, arch='gfx950:sramecc+:xnack-', chip='gfx950', num_cu=256, num_chiplets=8, perfconfig='attn:v1:128,16,16,1,1,4,32,3,1,8,4')
----------------------------------------------------------------------------------------------------
PASS: GemmGemmConfiguration(datatype='bf16', g=2, m=90, k=98, n=20, o=13, trans_a=True, trans_b=True, trans_c=False, trans_o=False, arch='gfx950:sramecc+:xnack-', chip='gfx950', num_cu=256, num_chiplets=8, perfconfig='attn:v1:64,256,64,1,1,8,32,3,1,2,0')
----------------------------------------------------------------------------------------------------
PASS: GemmGemmConfiguration(datatype='bf16', g=2, m=98, k=24, n=87, o=118, trans_a=False, trans_b=True, trans_c=True, trans_o=True, arch='gfx950:sramecc+:xnack-', chip='gfx950', num_cu=256, num_chiplets=8, perfconfig='attn:v1:128,32,32,1,1,2,16,3,3,1,8')
----------------------------------------------------------------------------------------------------
PASS: GemmGemmConfiguration(datatype='f32', g=1, m=39, k=77, n=73, o=41, trans_a=False, trans_b=True, trans_c=True, trans_o=True, arch='gfx950:sramecc+:xnack-', chip='gfx950', num_cu=256, num_chiplets=8, perfconfig='attn:v1:16,256,32,1,1,16,16,1,1,4,1')
----------------------------------------------------------------------------------------------------
PASS: GemmGemmConfiguration(datatype='f32', g=2, m=109, k=101, n=89, o=20, trans_a=True, trans_b=False, trans_c=False, trans_o=False, arch='gfx950:sramecc+:xnack-', chip='gfx950', num_cu=256, num_chiplets=8, perfconfig='attn:v1:128,32,128,1,1,2,32,2,2,0,8')
----------------------------------------------------------------------------------------------------
PASS: GemmGemmConfiguration(datatype='f16', g=2, m=30, k=83, n=59, o=64, trans_a=True, trans_b=True, trans_c=False, trans_o=False, arch='gfx950:sramecc+:xnack-', chip='gfx950', num_cu=256, num_chiplets=8, perfconfig='attn:v1:128,256,128,1,1,2,0,4,2,1,8')
----------------------------------------------------------------------------------------------------
PASS: GemmGemmConfiguration(datatype='f32', g=1, m=6, k=47, n=50, o=85, trans_a=True, trans_b=True, trans_c=True, trans_o=False, arch='gfx950:sramecc+:xnack-', chip='gfx950', num_cu=256, num_chiplets=8, perfconfig='attn:v1:16,256,64,2,1,1,0,1,2,1,4')
----------------------------------------------------------------------------------------------------
PASS: GemmGemmConfiguration(datatype='bf16', g=2, m=4, k=19, n=95, o=4, trans_a=True, trans_b=False, trans_c=True, trans_o=False, arch='gfx950:sramecc+:xnack-', chip='gfx950', num_cu=256, num_chiplets=8, perfconfig='attn:v1:16,64,128,1,1,8,0,2,2,8,8')
----------------------------------------------------------------------------------------------------
PASS: GemmGemmConfiguration(datatype='f16', g=2, m=53, k=89, n=54, o=13, trans_a=True, trans_b=False, trans_c=False, trans_o=False, arch='gfx950:sramecc+:xnack-', chip='gfx950', num_cu=256, num_chiplets=8, perfconfig='attn:v1:256,128,32,2,1,8,32,1,1,8,2')
----------------------------------------------------------------------------------------------------
PASS: GemmGemmConfiguration(datatype='f16', g=1, m=11, k=104, n=53, o=11, trans_a=False, trans_b=False, trans_c=False, trans_o=True, arch='gfx950:sramecc+:xnack-', chip='gfx950', num_cu=256, num_chiplets=8, perfconfig='attn:v1:16,256,64,1,1,2,16,1,2,4,8')
----------------------------------------------------------------------------------------------------
PASS: GemmGemmConfiguration(datatype='f16', g=1, m=93, k=35, n=20, o=82, trans_a=True, trans_b=False, trans_c=True, trans_o=True, arch='gfx950:sramecc+:xnack-', chip='gfx950', num_cu=256, num_chiplets=8, perfconfig='attn:v1:256,16,64,2,1,8,0,4,2,0,4')
----------------------------------------------------------------------------------------------------
PASS: GemmGemmConfiguration(datatype='f32', g=1, m=26, k=67, n=107, o=112, trans_a=False, trans_b=False, trans_c=False, trans_o=True, arch='gfx950:sramecc+:xnack-', chip='gfx950', num_cu=256, num_chiplets=8, perfconfig='attn:v1:64,256,16,2,1,16,0,1,3,4,8')
----------------------------------------------------------------------------------------------------
PASS: GemmGemmConfiguration(datatype='f32', g=2, m=82, k=102, n=123, o=15, trans_a=True, trans_b=False, trans_c=True, trans_o=True, arch='gfx950:sramecc+:xnack-', chip='gfx950', num_cu=256, num_chiplets=8, perfconfig='attn:v1:64,128,32,1,1,1,32,1,3,1,1')
----------------------------------------------------------------------------------------------------
PASS: GemmGemmConfiguration(datatype='bf16', g=2, m=5, k=74, n=33, o=10, trans_a=True, trans_b=True, trans_c=False, trans_o=False, arch='gfx950:sramecc+:xnack-', chip='gfx950', num_cu=256, num_chiplets=8, perfconfig='attn:v1:256,128,64,1,1,2,32,3,3,4,2')
----------------------------------------------------------------------------------------------------
PASS: GemmGemmConfiguration(datatype='f16', g=2, m=40, k=6, n=73, o=71, trans_a=False, trans_b=True, trans_c=False, trans_o=False, arch='gfx950:sramecc+:xnack-', chip='gfx950', num_cu=256, num_chiplets=8, perfconfig='attn:v1:64,256,16,1,1,2,32,4,1,2,0')
Lowering rejected config as not applicable
Command line = -operation gemm_gemm -t f32 --arch gfx950:sramecc+:xnack- --num_cu 256 --num_chiplets 8 -g 2 -m 107 -k 111 -n 77 -gemmO 113 -transA=True -transB=False -transC=False -transO=False --perf_config=attn:v1:256,256,16,2,1,16,0,1,3,4,2 -pv -relDiff_threshold 1e-4
Errors = loc("<stdin>":10:1): error: ttg.shared (262144) exceeds LDS limit (163840) for amdgcn-amd-amdhsa:gfx950:sramecc+:xnack-
Lowering not applicable.

----------------------------------------------------------------------------------------------------
NOT_APPLICABLE: GemmGemmConfiguration(datatype='f32', g=2, m=107, k=111, n=77, o=113, trans_a=True, trans_b=False, trans_c=False, trans_o=False, arch='gfx950:sramecc+:xnack-', chip='gfx950', num_cu=256, num_chiplets=8, perfconfig='attn:v1:256,256,16,2,1,16,0,1,3,4,2')
----------------------------------------------------------------------------------------------------
PASS: GemmGemmConfiguration(datatype='f32', g=2, m=65, k=65, n=1, o=103, trans_a=False, trans_b=True, trans_c=True, trans_o=True, arch='gfx950:sramecc+:xnack-', chip='gfx950', num_cu=256, num_chiplets=8, perfconfig='attn:v1:16,16,64,2,1,4,16,2,1,0,2')
FAIL: Runner returned incorrect result
Config = GemmGemmConfiguration(datatype='f16', g=2, m=43, k=83, n=119, o=56, trans_a=False, trans_b=True, trans_c=False, trans_o=False, arch='gfx950:sramecc+:xnack-', chip='gfx950', num_cu=256, num_chiplets=8, perfconfig='attn:v1:256,256,16,2,1,1,32,3,1,4,8')
Command line = -operation gemm_gemm -t f16 --arch gfx950:sramecc+:xnack- --num_cu 256 --num_chiplets 8 -g 2 -m 43 -k 83 -n 119 -gemmO 56 -transA=False -transB=True -transC=False -transO=False --perf_config=attn:v1:256,256,16,2,1,1,32,3,1,4,8 -pv
Output = Number of elements: 4816
maxAbsDiff info: maxAbsDiff = 2507.000000 (valNum = -3220.00000, gpuNum = -713.00000), average absDiff = 1.7e+03
maxRelDiff info: maxRelDiff = 7.9e-01 (valNum = 1198.0000000000, gpuNum = 257.0000000000), average relDiff = 7.8e-01
RMS = 5.5e-01
Histogram of relDiff: 
        relDiff = 0     : 0/4816 (0.000000%)
     0 < relDiff < 1e-06: 0/4816 (0.000000%)
1e-06 < relDiff <= 1e-05: 0/4816 (0.000000%)
1e-05 < relDiff <= 1e-04: 0/4816 (0.000000%)
1e-04 < relDiff <= 1e-03: 0/4816 (0.000000%)
1e-03 < relDiff <= 1e-02: 0/4816 (0.000000%)
1e-02 < relDiff <= 1e-01: 0/4816 (0.000000%)
1e-01 < relDiff <= 1e+00: 4816/4816 (100.000000%)
1e+00 < relDiff < inf   : 0/4816 (0.000000%)
        relDiff = inf   : 0/4816 (0.000000%)
[0 0 1]

FAIL: Runner returned incorrect result
Config = GemmGemmConfiguration(datatype='f16', g=1, m=105, k=89, n=90, o=45, trans_a=True, trans_b=True, trans_c=True, trans_o=False, arch='gfx950:sramecc+:xnack-', chip='gfx950', num_cu=256, num_chiplets=8, perfconfig='attn:v1:64,16,64,2,1,8,0,4,3,4,2')
Command line = -operation gemm_gemm -t f16 --arch gfx950:sramecc+:xnack- --num_cu 256 --num_chiplets 8 -g 1 -m 105 -k 89 -n 90 -gemmO 45 -transA=True -transB=True -transC=True -transO=False --perf_config=attn:v1:64,16,64,2,1,8,0,4,3,4,2 -pv
Output = Number of elements: 4725
maxAbsDiff info: maxAbsDiff = 3.000000 (valNum = -3.75000, gpuNum = -0.75000), average absDiff = 2.2e+00
maxRelDiff info: maxRelDiff = 8.0e-01 (valNum = 1.8750000000, gpuNum = 0.3750000000), average relDiff = 8.0e-01
RMS = 6.2e-01
Histogram of relDiff: 
        relDiff = 0     : 0/4725 (0.000000%)
     0 < relDiff < 1e-06: 0/4725 (0.000000%)
1e-06 < relDiff <= 1e-05: 0/4725 (0.000000%)
1e-05 < relDiff <= 1e-04: 0/4725 (0.000000%)
1e-04 < relDiff <= 1e-03: 0/4725 (0.000000%)
1e-03 < relDiff <= 1e-02: 0/4725 (0.000000%)
1e-02 < relDiff <= 1e-01: 0/4725 (0.000000%)
1e-01 < relDiff <= 1e+00: 4725/4725 (100.000000%)
1e+00 < relDiff < inf   : 0/4725 (0.000000%)
        relDiff = inf   : 0/4725 (0.000000%)
[0 1 1]

FAIL: Runner returned incorrect result
Config = GemmGemmConfiguration(datatype='bf16', g=2, m=45, k=31, n=39, o=20, trans_a=False, trans_b=False, trans_c=True, trans_o=False, arch='gfx950:sramecc+:xnack-', chip='gfx950', num_cu=256, num_chiplets=8, perfconfig='attn:v1:32,256,16,2,1,16,0,2,2,2,8')
Command line = -operation gemm_gemm -t bf16 --arch gfx950:sramecc+:xnack- --num_cu 256 --num_chiplets 8 -g 2 -m 45 -k 31 -n 39 -gemmO 20 -transA=False -transB=False -transC=True -transO=False --perf_config=attn:v1:32,256,16,2,1,16,0,2,2,2,8 -pv -RMS_threshold 1e-2
Output = Number of elements: 1800
maxAbsDiff info: maxAbsDiff = 23.500000 (valNum = 76.50000, gpuNum = 53.00000), average absDiff = 1.6e+01
maxRelDiff info: maxRelDiff = 3.1e-01 (valNum = 76.5000000000, gpuNum = 53.0000000000), average relDiff = 2.3e-01
RMS = 2.4e-01
Histogram of relDiff: 
        relDiff = 0     : 0/1800 (0.000000%)
     0 < relDiff < 1e-06: 0/1800 (0.000000%)
1e-06 < relDiff <= 1e-05: 0/1800 (0.000000%)
1e-05 < relDiff <= 1e-04: 0/1800 (0.000000%)
1e-04 < relDiff <= 1e-03: 0/1800 (0.000000%)
1e-03 < relDiff <= 1e-02: 0/1800 (0.000000%)
1e-02 < relDiff <= 1e-01: 600/1800 (33.333333%)
1e-01 < relDiff <= 1e+00: 1200/1800 (66.666667%)
1e+00 < relDiff < inf   : 0/1800 (0.000000%)
        relDiff = inf   : 0/1800 (0.000000%)
[0 1 1]

----------------------------------------------------------------------------------------------------
PASS: GemmGemmConfiguration(datatype='f16', g=1, m=88, k=36, n=18, o=15, trans_a=True, trans_b=True, trans_c=True, trans_o=False, arch='gfx950:sramecc+:xnack-', chip='gfx950', num_cu=256, num_chiplets=8, perfconfig='attn:v1:128,64,32,2,1,8,32,1,2,8,4')
----------------------------------------------------------------------------------------------------
PASS: GemmGemmConfiguration(datatype='f16', g=2, m=72, k=83, n=55, o=7, trans_a=False, trans_b=False, trans_c=False, trans_o=False, arch='gfx950:sramecc+:xnack-', chip='gfx950', num_cu=256, num_chiplets=8, perfconfig='attn:v1:128,32,64,1,1,4,0,3,2,2,0')
----------------------------------------------------------------------------------------------------
PASS: GemmGemmConfiguration(datatype='f32', g=2, m=122, k=119, n=108, o=45, trans_a=True, trans_b=False, trans_c=True, trans_o=True, arch='gfx950:sramecc+:xnack-', chip='gfx950', num_cu=256, num_chiplets=8, perfconfig='attn:v1:32,128,128,1,1,8,0,3,1,2,2')
----------------------------------------------------------------------------------------------------
PASS: GemmGemmConfiguration(datatype='f16', g=1, m=111, k=86, n=20, o=117, trans_a=False, trans_b=True, trans_c=True, trans_o=True, arch='gfx950:sramecc+:xnack-', chip='gfx950', num_cu=256, num_chiplets=8, perfconfig='attn:v1:128,32,64,2,1,2,0,2,3,4,8')
----------------------------------------------------------------------------------------------------
PASS: GemmGemmConfiguration(datatype='f16', g=1, m=98, k=26, n=75, o=121, trans_a=True, trans_b=True, trans_c=True, trans_o=True, arch='gfx950:sramecc+:xnack-', chip='gfx950', num_cu=256, num_chiplets=8, perfconfig='attn:v1:128,128,128,1,1,1,0,3,2,4,8')
----------------------------------------------------------------------------------------------------
FAIL: GemmGemmConfiguration(datatype='f16', g=2, m=43, k=83, n=119, o=56, trans_a=False, trans_b=True, trans_c=False, trans_o=False, arch='gfx950:sramecc+:xnack-', chip='gfx950', num_cu=256, num_chiplets=8, perfconfig='attn:v1:256,256,16,2,1,1,32,3,1,4,8')
----------------------------------------------------------------------------------------------------
PASS: GemmGemmConfiguration(datatype='bf16', g=1, m=103, k=64, n=99, o=114, trans_a=False, trans_b=False, trans_c=False, trans_o=False, arch='gfx950:sramecc+:xnack-', chip='gfx950', num_cu=256, num_chiplets=8, perfconfig='attn:v1:64,16,64,2,1,16,0,2,3,1,8')
----------------------------------------------------------------------------------------------------
PASS: GemmGemmConfiguration(datatype='bf16', g=1, m=76, k=28, n=67, o=5, trans_a=True, trans_b=True, trans_c=True, trans_o=False, arch='gfx950:sramecc+:xnack-', chip='gfx950', num_cu=256, num_chiplets=8, perfconfig='attn:v1:32,64,64,1,1,2,16,1,2,4,2')
----------------------------------------------------------------------------------------------------
FAIL: GemmGemmConfiguration(datatype='f16', g=1, m=105, k=89, n=90, o=45, trans_a=True, trans_b=True, trans_c=True, trans_o=False, arch='gfx950:sramecc+:xnack-', chip='gfx950', num_cu=256, num_chiplets=8, perfconfig='attn:v1:64,16,64,2,1,8,0,4,3,4,2')
----------------------------------------------------------------------------------------------------
FAIL: GemmGemmConfiguration(datatype='bf16', g=2, m=45, k=31, n=39, o=20, trans_a=False, trans_b=False, trans_c=True, trans_o=False, arch='gfx950:sramecc+:xnack-', chip='gfx950', num_cu=256, num_chiplets=8, perfconfig='attn:v1:32,256,16,2,1,16,0,2,2,2,8')
----------------------------------------------------------------------------------------------------
PASS: GemmGemmConfiguration(datatype='f16', g=1, m=89, k=18, n=105, o=36, trans_a=True, trans_b=False, trans_c=False, trans_o=False, arch='gfx950:sramecc+:xnack-', chip='gfx950', num_cu=256, num_chiplets=8, perfconfig='attn:v1:256,32,128,2,1,4,0,2,1,8,8')
----------------------------------------------------------------------------------------------------
PASS: GemmGemmConfiguration(datatype='bf16', g=1, m=68, k=28, n=119, o=99, trans_a=True, trans_b=False, trans_c=False, trans_o=True, arch='gfx950:sramecc+:xnack-', chip='gfx950', num_cu=256, num_chiplets=8, perfconfig='attn:v1:64,128,16,1,1,4,32,2,2,8,8')
----------------------------------------------------------------------------------------------------
PASS: GemmGemmConfiguration(datatype='f32', g=2, m=11, k=93, n=61, o=100, trans_a=True, trans_b=False, trans_c=False, trans_o=True, arch='gfx950:sramecc+:xnack-', chip='gfx950', num_cu=256, num_chiplets=8, perfconfig='attn:v1:16,128,32,1,1,1,32,4,1,8,1')
----------------------------------------------------------------------------------------------------
PASS: GemmGemmConfiguration(datatype='f16', g=2, m=70, k=2, n=78, o=92, trans_a=True, trans_b=True, trans_c=False, trans_o=False, arch='gfx950:sramecc+:xnack-', chip='gfx950', num_cu=256, num_chiplets=8, perfconfig='attn:v1:128,32,128,1,1,1,32,3,2,2,4')
*** Summary of failures ***
-operation gemm_gemm -t bf16 --arch gfx950:sramecc+:xnack- --num_cu 256 --num_chiplets 8 -g 2 -m 35 -k 83 -n 67 -gemmO 79 -transA=True -transB=True -transC=True -transO=False --perf_config=attn:v1:32,32,16,2,1,16,32,1,2,4,4 -pv -RMS_threshold 1e-2
-operation gemm_gemm -t bf16 --arch gfx950:sramecc+:xnack- --num_cu 256 --num_chiplets 8 -g 2 -m 7 -k 58 -n 80 -gemmO 63 -transA=False -transB=True -transC=True -transO=False --perf_config=attn:v1:256,32,32,2,1,16,16,1,2,4,4 -pv -RMS_threshold 1e-2
-operation gemm_gemm -t f16 --arch gfx950:sramecc+:xnack- --num_cu 256 --num_chiplets 8 -g 1 -m 123 -k 102 -n 95 -gemmO 28 -transA=True -transB=False -transC=False -transO=False --perf_config=attn:v1:128,32,64,2,1,2,16,2,2,2,2 -pv
-operation gemm_gemm -t f16 --arch gfx950:sramecc+:xnack- --num_cu 256 --num_chiplets 8 -g 1 -m 9 -k 70 -n 3 -gemmO 96 -transA=False -transB=True -transC=False -transO=False --perf_config=attn:v1:64,64,128,2,1,2,16,4,2,8,2 -pv
-operation gemm_gemm -t bf16 --arch gfx950:sramecc+:xnack- --num_cu 256 --num_chiplets 8 -g 1 -m 81 -k 85 -n 33 -gemmO 122 -transA=False -transB=True -transC=True -transO=False --perf_config=attn:v1:16,64,16,2,1,1,16,1,2,4,2 -pv -RMS_threshold 1e-2
-operation gemm_gemm -t f16 --arch gfx950:sramecc+:xnack- --num_cu 256 --num_chiplets 8 -g 2 -m 106 -k 68 -n 107 -gemmO 38 -transA=True -transB=True -transC=False -transO=True --perf_config=attn:v1:32,128,16,2,1,8,16,4,3,1,8 -pv
-operation gemm_gemm -t f16 --arch gfx950:sramecc+:xnack- --num_cu 256 --num_chiplets 8 -g 2 -m 75 -k 52 -n 58 -gemmO 62 -transA=True -transB=True -transC=True -transO=True --perf_config=attn:v1:32,16,16,2,1,2,32,2,3,1,0 -pv
-operation gemm_gemm -t f16 --arch gfx950:sramecc+:xnack- --num_cu 256 --num_chiplets 8 -g 1 -m 115 -k 79 -n 4 -gemmO 85 -transA=False -transB=False -transC=False -transO=True --perf_config=attn:v1:32,64,32,2,1,2,16,4,2,2,4 -pv
-operation gemm_gemm -t bf16 --arch gfx950:sramecc+:xnack- --num_cu 256 --num_chiplets 8 -g 2 -m 113 -k 121 -n 105 -gemmO 14 -transA=True -transB=True -transC=True -transO=False --perf_config=attn:v1:16,64,16,2,1,16,0,2,1,2,1 -pv -RMS_threshold 1e-2
-operation gemm_gemm -t f16 --arch gfx950:sramecc+:xnack- --num_cu 256 --num_chiplets 8 -g 1 -m 56 -k 127 -n 23 -gemmO 33 -transA=False -transB=True -transC=False -transO=True --perf_config=attn:v1:32,32,16,2,1,16,0,3,1,8,2 -pv
-operation gemm_gemm -t f16 --arch gfx950:sramecc+:xnack- --num_cu 256 --num_chiplets 8 -g 2 -m 67 -k 79 -n 41 -gemmO 64 -transA=False -transB=True -transC=False -transO=True --perf_config=attn:v1:16,16,32,2,1,2,16,1,3,4,2 -pv
-operation gemm_gemm -t f16 --arch gfx950:sramecc+:xnack- --num_cu 256 --num_chiplets 8 -g 1 -m 62 -k 128 -n 80 -gemmO 39 -transA=True -transB=True -transC=False -transO=True --perf_config=attn:v1:16,16,32,2,1,2,16,3,1,4,1 -pv
-operation gemm_gemm -t f16 --arch gfx950:sramecc+:xnack- --num_cu 256 --num_chiplets 8 -g 2 -m 119 -k 46 -n 53 -gemmO 6 -transA=False -transB=True -transC=False -transO=True --perf_config=attn:v1:256,128,16,2,1,4,16,1,3,1,0 -pv
-operation gemm_gemm -t f16 --arch gfx950:sramecc+:xnack- --num_cu 256 --num_chiplets 8 -g 2 -m 44 -k 36 -n 63 -gemmO 43 -transA=False -transB=True -transC=True -transO=True --perf_config=attn:v1:64,32,16,2,1,2,16,4,3,1,0 -pv
-operation gemm_gemm -t bf16 --arch gfx950:sramecc+:xnack- --num_cu 256 --num_chiplets 8 -g 2 -m 120 -k 56 -n 30 -gemmO 74 -transA=True -transB=False -transC=False -transO=True --perf_config=attn:v1:32,32,16,2,1,4,0,4,1,4,0 -pv -RMS_threshold 1e-2
-operation gemm_gemm -t f16 --arch gfx950:sramecc+:xnack- --num_cu 256 --num_chiplets 8 -g 2 -m 94 -k 113 -n 25 -gemmO 105 -transA=True -transB=True -transC=False -transO=False --perf_config=attn:v1:128,64,16,2,1,2,16,3,1,1,1 -pv
-operation gemm_gemm -t f16 --arch gfx950:sramecc+:xnack- --num_cu 256 --num_chiplets 8 -g 2 -m 104 -k 109 -n 85 -gemmO 42 -transA=True -transB=False -transC=True -transO=False --perf_config=attn:v1:16,128,16,2,1,1,32,3,2,8,0 -pv
-operation gemm_gemm -t f16 --arch gfx950:sramecc+:xnack- --num_cu 256 --num_chiplets 8 -g 1 -m 40 -k 36 -n 71 -gemmO 124 -transA=True -transB=True -transC=True -transO=True --perf_config=attn:v1:64,16,16,2,1,16,32,4,3,8,8 -pv
-operation gemm_gemm -t f16 --arch gfx950:sramecc+:xnack- --num_cu 256 --num_chiplets 8 -g 2 -m 23 -k 29 -n 18 -gemmO 73 -transA=True -transB=True -transC=True -transO=True --perf_config=attn:v1:64,32,16,2,1,16,32,4,2,8,1 -pv
-operation gemm_gemm -t f16 --arch gfx950:sramecc+:xnack- --num_cu 256 --num_chiplets 8 -g 1 -m 30 -k 112 -n 59 -gemmO 18 -transA=False -transB=False -transC=False -transO=True --perf_config=attn:v1:64,16,32,2,1,16,16,4,1,0,2 -pv
-operation gemm_gemm -t f16 --arch gfx950:sramecc+:xnack- --num_cu 256 --num_chiplets 8 -g 2 -m 62 -k 34 -n 58 -gemmO 27 -transA=True -transB=True -transC=True -transO=False --perf_config=attn:v1:128,32,16,2,1,8,32,3,3,2,2 -pv
-operation gemm_gemm -t f16 --arch gfx950:sramecc+:xnack- --num_cu 256 --num_chiplets 8 -g 1 -m 113 -k 22 -n 96 -gemmO 20 -transA=True -transB=False -transC=False -transO=True --perf_config=attn:v1:64,256,16,2,1,2,16,1,3,0,2 -pv
-operation gemm_gemm -t bf16 --arch gfx950:sramecc+:xnack- --num_cu 256 --num_chiplets 8 -g 1 -m 21 -k 53 -n 59 -gemmO 94 -transA=False -transB=True -transC=False -transO=False --perf_config=attn:v1:64,16,16,2,1,1,32,3,3,4,2 -pv -RMS_threshold 1e-2
-operation gemm_gemm -t bf16 --arch gfx950:sramecc+:xnack- --num_cu 256 --num_chiplets 8 -g 1 -m 41 -k 46 -n 100 -gemmO 17 -transA=False -transB=True -transC=False -transO=False --perf_config=attn:v1:32,64,32,2,1,16,16,2,2,4,2 -pv -RMS_threshold 1e-2
-operation gemm_gemm -t f16 --arch gfx950:sramecc+:xnack- --num_cu 256 --num_chiplets 8 -g 1 -m 68 -k 34 -n 60 -gemmO 22 -transA=False -transB=False -transC=False -transO=False --perf_config=attn:v1:16,128,32,2,1,2,16,3,2,0,2 -pv
-operation gemm_gemm -t bf16 --arch gfx950:sramecc+:xnack- --num_cu 256 --num_chiplets 8 -g 1 -m 79 -k 62 -n 19 -gemmO 91 -transA=False -transB=True -transC=False -transO=False --perf_config=attn:v1:128,128,16,2,1,4,32,2,1,4,0 -pv -RMS_threshold 1e-2
-operation gemm_gemm -t bf16 --arch gfx950:sramecc+:xnack- --num_cu 256 --num_chiplets 8 -g 2 -m 32 -k 32 -n 122 -gemmO 78 -transA=False -transB=True -transC=False -transO=False --perf_config=attn:v1:32,256,16,2,1,8,16,4,2,2,2 -pv -RMS_threshold 1e-2
-operation gemm_gemm -t f16 --arch gfx950:sramecc+:xnack- --num_cu 256 --num_chiplets 8 -g 2 -m 39 -k 115 -n 49 -gemmO 113 -transA=False -transB=False -transC=True -transO=True --perf_config=attn:v1:128,128,16,2,1,1,0,3,1,1,1 -pv
-operation gemm_gemm -t bf16 --arch gfx950:sramecc+:xnack- --num_cu 256 --num_chiplets 8 -g 2 -m 103 -k 24 -n 3 -gemmO 69 -transA=True -transB=True -transC=False -transO=False --perf_config=attn:v1:32,32,16,2,1,4,32,3,3,2,8 -pv -RMS_threshold 1e-2
-operation gemm_gemm -t f16 --arch gfx950:sramecc+:xnack- --num_cu 256 --num_chiplets 8 -g 2 -m 66 -k 71 -n 4 -gemmO 5 -transA=True -transB=False -transC=False -transO=False --perf_config=attn:v1:16,128,16,2,1,2,0,1,3,8,0 -pv
-operation gemm_gemm -t bf16 --arch gfx950:sramecc+:xnack- --num_cu 256 --num_chiplets 8 -g 1 -m 76 -k 64 -n 64 -gemmO 126 -transA=False -transB=False -transC=True -transO=True --perf_config=attn:v1:256,64,16,2,1,8,16,3,3,1,4 -pv -RMS_threshold 1e-2
-operation gemm_gemm -t bf16 --arch gfx950:sramecc+:xnack- --num_cu 256 --num_chiplets 8 -g 1 -m 20 -k 128 -n 108 -gemmO 126 -transA=True -transB=True -transC=False -transO=True --perf_config=attn:v1:256,64,16,2,1,8,16,3,2,8,4 -pv -RMS_threshold 1e-2
-operation gemm_gemm -t bf16 --arch gfx950:sramecc+:xnack- --num_cu 256 --num_chiplets 8 -g 2 -m 72 -k 113 -n 115 -gemmO 76 -transA=True -transB=True -transC=True -transO=True --perf_config=attn:v1:16,256,32,2,1,16,0,2,2,0,4 -pv -RMS_threshold 1e-2
-operation gemm_gemm -t f16 --arch gfx950:sramecc+:xnack- --num_cu 256 --num_chiplets 8 -g 2 -m 87 -k 39 -n 118 -gemmO 69 -transA=True -transB=True -transC=True -transO=True --perf_config=attn:v1:16,32,16,2,1,16,0,1,1,8,8 -pv
-operation gemm_gemm -t f16 --arch gfx950:sramecc+:xnack- --num_cu 256 --num_chiplets 8 -g 2 -m 16 -k 127 -n 94 -gemmO 27 -transA=False -transB=False -transC=False -transO=True --perf_config=attn:v1:64,32,16,2,1,8,0,4,2,2,1 -pv
-operation gemm_gemm -t bf16 --arch gfx950:sramecc+:xnack- --num_cu 256 --num_chiplets 8 -g 2 -m 61 -k 39 -n 92 -gemmO 5 -transA=True -transB=True -transC=True -transO=False --perf_config=attn:v1:128,256,16,1,1,1,32,1,3,4,8 -pv -RMS_threshold 1e-2
-operation gemm_gemm -t bf16 --arch gfx950:sramecc+:xnack- --num_cu 256 --num_chiplets 8 -g 2 -m 99 -k 107 -n 88 -gemmO 5 -transA=True -transB=False -transC=False -transO=False --perf_config=attn:v1:32,64,32,2,1,16,32,1,1,4,4 -pv -RMS_threshold 1e-2
-operation gemm_gemm -t bf16 --arch gfx950:sramecc+:xnack- --num_cu 256 --num_chiplets 8 -g 2 -m 4 -k 95 -n 124 -gemmO 27 -transA=False -transB=True -transC=True -transO=True --perf_config=attn:v1:16,16,64,2,1,8,0,3,2,8,8 -pv -RMS_threshold 1e-2
-operation gemm_gemm -t f16 --arch gfx950:sramecc+:xnack- --num_cu 256 --num_chiplets 8 -g 1 -m 23 -k 87 -n 48 -gemmO 58 -transA=True -transB=False -transC=True -transO=False --perf_config=attn:v1:128,16,32,2,1,4,32,2,2,1,4 -pv
-operation gemm_gemm -t bf16 --arch gfx950:sramecc+:xnack- --num_cu 256 --num_chiplets 8 -g 2 -m 3 -k 79 -n 113 -gemmO 93 -transA=False -transB=False -transC=False -transO=True --perf_config=attn:v1:64,256,32,2,1,4,16,4,3,2,0 -pv -RMS_threshold 1e-2
-operation gemm_gemm -t f16 --arch gfx950:sramecc+:xnack- --num_cu 256 --num_chiplets 8 -g 1 -m 90 -k 95 -n 6 -gemmO 101 -transA=True -transB=True -transC=True -transO=True --perf_config=attn:v1:16,256,32,2,1,1,16,4,1,2,0 -pv
-operation gemm_gemm -t bf16 --arch gfx950:sramecc+:xnack- --num_cu 256 --num_chiplets 8 -g 2 -m 45 -k 98 -n 42 -gemmO 83 -transA=False -transB=False -transC=True -transO=False --perf_config=attn:v1:64,32,16,2,1,1,32,4,1,8,8 -pv -RMS_threshold 1e-2
-operation gemm_gemm -t bf16 --arch gfx950:sramecc+:xnack- --num_cu 256 --num_chiplets 8 -g 2 -m 33 -k 115 -n 125 -gemmO 28 -transA=True -transB=False -transC=True -transO=False --perf_config=attn:v1:64,256,32,2,1,4,16,1,3,1,0 -pv -RMS_threshold 1e-2
-operation gemm_gemm -t bf16 --arch gfx950:sramecc+:xnack- --num_cu 256 --num_chiplets 8 -g 1 -m 12 -k 79 -n 124 -gemmO 7 -transA=False -transB=False -transC=True -transO=True --perf_config=attn:v1:32,64,32,2,1,4,32,1,2,0,8 -pv -RMS_threshold 1e-2
-operation gemm_gemm -t f16 --arch gfx950:sramecc+:xnack- --num_cu 256 --num_chiplets 8 -g 1 -m 61 -k 88 -n 40 -gemmO 18 -transA=True -transB=True -transC=False -transO=False --perf_config=attn:v1:32,16,16,2,1,8,0,4,2,0,0 -pv
-operation gemm_gemm -t bf16 --arch gfx950:sramecc+:xnack- --num_cu 256 --num_chiplets 8 -g 2 -m 59 -k 116 -n 49 -gemmO 65 -transA=True -transB=False -transC=True -transO=True --perf_config=attn:v1:256,32,16,2,1,4,0,4,3,8,4 -pv -RMS_threshold 1e-2
-operation gemm_gemm -t f16 --arch gfx950:sramecc+:xnack- --num_cu 256 --num_chiplets 8 -g 2 -m 75 -k 22 -n 120 -gemmO 26 -transA=True -transB=True -transC=False -transO=True --perf_config=attn:v1:32,256,16,2,1,4,16,1,2,4,0 -pv
-operation gemm_gemm -t f16 --arch gfx950:sramecc+:xnack- --num_cu 256 --num_chiplets 8 -g 1 -m 2 -k 41 -n 42 -gemmO 95 -transA=False -transB=False -transC=False -transO=True --perf_config=attn:v1:16,16,16,2,1,8,32,1,3,4,1 -pv
-operation gemm_gemm -t f16 --arch gfx950:sramecc+:xnack- --num_cu 256 --num_chiplets 8 -g 2 -m 68 -k 40 -n 77 -gemmO 51 -transA=False -transB=True -transC=True -transO=True --perf_config=attn:v1:256,16,32,2,1,16,0,1,1,4,4 -pv
-operation gemm_gemm -t bf16 --arch gfx950:sramecc+:xnack- --num_cu 256 --num_chiplets 8 -g 2 -m 27 -k 122 -n 38 -gemmO 82 -transA=True -transB=False -transC=False -transO=True --perf_config=attn:v1:16,16,16,2,1,2,32,4,1,1,8 -pv -RMS_threshold 1e-2
-operation gemm_gemm -t f16 --arch gfx950:sramecc+:xnack- --num_cu 256 --num_chiplets 8 -g 2 -m 101 -k 51 -n 35 -gemmO 68 -transA=False -transB=True -transC=True -transO=False --perf_config=attn:v1:16,256,16,2,1,2,32,3,1,8,1 -pv
-operation gemm_gemm -t bf16 --arch gfx950:sramecc+:xnack- --num_cu 256 --num_chiplets 8 -g 2 -m 126 -k 123 -n 91 -gemmO 84 -transA=True -transB=True -transC=True -transO=False --perf_config=attn:v1:16,16,64,2,1,16,32,1,2,1,0 -pv -RMS_threshold 1e-2
-operation gemm_gemm -t bf16 --arch gfx950:sramecc+:xnack- --num_cu 256 --num_chiplets 8 -g 2 -m 111 -k 63 -n 54 -gemmO 50 -transA=False -transB=True -transC=False -transO=True --perf_config=attn:v1:64,64,16,2,1,2,16,1,2,1,1 -pv -RMS_threshold 1e-2
-operation gemm_gemm -t f16 --arch gfx950:sramecc+:xnack- --num_cu 256 --num_chiplets 8 -g 2 -m 119 -k 24 -n 40 -gemmO 1 -transA=True -transB=True -transC=True -transO=False --perf_config=attn:v1:64,128,16,2,1,1,0,4,3,4,8 -pv
-operation gemm_gemm -t f16 --arch gfx950:sramecc+:xnack- --num_cu 256 --num_chiplets 8 -g 2 -m 54 -k 82 -n 80 -gemmO 83 -transA=True -transB=True -transC=False -transO=True --perf_config=attn:v1:128,16,64,2,1,8,16,3,3,0,4 -pv
-operation gemm_gemm -t bf16 --arch gfx950:sramecc+:xnack- --num_cu 256 --num_chiplets 8 -g 1 -m 84 -k 119 -n 107 -gemmO 19 -transA=False -transB=True -transC=True -transO=True --perf_config=attn:v1:64,256,16,2,1,4,32,2,2,8,8 -pv -RMS_threshold 1e-2
-operation gemm_gemm -t f16 --arch gfx950:sramecc+:xnack- --num_cu 256 --num_chiplets 8 -g 2 -m 128 -k 101 -n 116 -gemmO 80 -transA=True -transB=True -transC=False -transO=False --perf_config=attn:v1:16,64,16,2,1,8,32,2,2,0,2 -pv
-operation gemm_gemm -t bf16 --arch gfx950:sramecc+:xnack- --num_cu 256 --num_chiplets 8 -g 1 -m 8 -k 46 -n 66 -gemmO 4 -transA=False -transB=True -transC=False -transO=False --perf_config=attn:v1:64,64,32,2,1,2,0,3,3,0,4 -pv -RMS_threshold 1e-2
-operation gemm_gemm -t f16 --arch gfx950:sramecc+:xnack- --num_cu 256 --num_chiplets 8 -g 2 -m 69 -k 40 -n 44 -gemmO 96 -transA=True -transB=False -transC=True -transO=True --perf_config=attn:v1:64,16,32,2,1,4,0,2,1,8,0 -pv
-operation gemm_gemm -t bf16 --arch gfx950:sramecc+:xnack- --num_cu 256 --num_chiplets 8 -g 1 -m 116 -k 86 -n 11 -gemmO 26 -transA=True -transB=True -transC=False -transO=True --perf_config=attn:v1:32,16,16,2,1,2,0,3,3,4,1 -pv -RMS_threshold 1e-2
-operation gemm_gemm -t f16 --arch gfx950:sramecc+:xnack- --num_cu 256 --num_chiplets 8 -g 2 -m 17 -k 35 -n 44 -gemmO 105 -transA=False -transB=True -transC=False -transO=True --perf_config=attn:v1:32,64,16,2,1,16,16,4,3,8,4 -pv
-operation gemm_gemm -t f16 --arch gfx950:sramecc+:xnack- --num_cu 256 --num_chiplets 8 -g 1 -m 95 -k 73 -n 22 -gemmO 125 -transA=True -transB=False -transC=True -transO=True --perf_config=attn:v1:256,64,16,2,1,8,0,3,2,2,4 -pv
-operation gemm_gemm -t bf16 --arch gfx950:sramecc+:xnack- --num_cu 256 --num_chiplets 8 -g 1 -m 48 -k 47 -n 76 -gemmO 49 -transA=True -transB=True -transC=True -transO=True --perf_config=attn:v1:32,32,16,2,1,1,32,2,1,4,8 -pv -RMS_threshold 1e-2
-operation gemm_gemm -t f16 --arch gfx950:sramecc+:xnack- --num_cu 256 --num_chiplets 8 -g 1 -m 125 -k 119 -n 84 -gemmO 39 -transA=False -transB=False -transC=True -transO=True --perf_config=attn:v1:16,128,32,2,1,4,16,3,2,0,1 -pv
-operation gemm_gemm -t f16 --arch gfx950:sramecc+:xnack- --num_cu 256 --num_chiplets 8 -g 2 -m 89 -k 48 -n 29 -gemmO 65 -transA=True -transB=False -transC=False -transO=False --perf_config=attn:v1:128,128,16,2,1,16,16,4,1,4,0 -pv
-operation gemm_gemm -t f16 --arch gfx950:sramecc+:xnack- --num_cu 256 --num_chiplets 8 -g 1 -m 34 -k 80 -n 77 -gemmO 27 -transA=True -transB=True -transC=False -transO=True --perf_config=attn:v1:64,32,64,2,1,1,16,2,1,8,0 -pv
-operation gemm_gemm -t f16 --arch gfx950:sramecc+:xnack- --num_cu 256 --num_chiplets 8 -g 2 -m 3 -k 56 -n 38 -gemmO 61 -transA=False -transB=False -transC=True -transO=False --perf_config=attn:v1:128,128,16,2,1,8,16,3,1,8,2 -pv
-operation gemm_gemm -t bf16 --arch gfx950:sramecc+:xnack- --num_cu 256 --num_chiplets 8 -g 2 -m 122 -k 46 -n 75 -gemmO 5 -transA=True -transB=False -transC=True -transO=True --perf_config=attn:v1:256,32,16,2,1,8,0,4,1,8,4 -pv -RMS_threshold 1e-2
-operation gemm_gemm -t bf16 --arch gfx950:sramecc+:xnack- --num_cu 256 --num_chiplets 8 -g 1 -m 29 -k 54 -n 37 -gemmO 22 -transA=True -transB=False -transC=True -transO=False --perf_config=attn:v1:64,128,16,2,1,8,0,4,3,4,8 -pv -RMS_threshold 1e-2
-operation gemm_gemm -t f16 --arch gfx950:sramecc+:xnack- --num_cu 256 --num_chiplets 8 -g 1 -m 121 -k 63 -n 115 -gemmO 65 -transA=False -transB=True -transC=False -transO=False --perf_config=attn:v1:64,16,16,2,1,8,0,3,1,1,4 -pv
-operation gemm_gemm -t bf16 --arch gfx950:sramecc+:xnack- --num_cu 256 --num_chiplets 8 -g 1 -m 82 -k 65 -n 51 -gemmO 11 -transA=False -transB=False -transC=True -transO=True --perf_config=attn:v1:128,16,32,2,1,1,32,2,3,8,4 -pv -RMS_threshold 1e-2
-operation gemm_gemm -t f16 --arch gfx950:sramecc+:xnack- --num_cu 256 --num_chiplets 8 -g 2 -m 11 -k 67 -n 38 -gemmO 8 -transA=True -transB=True -transC=False -transO=True --perf_config=attn:v1:16,64,16,2,1,1,0,3,2,4,4 -pv
-operation gemm_gemm -t f16 --arch gfx950:sramecc+:xnack- --num_cu 256 --num_chiplets 8 -g 2 -m 34 -k 91 -n 104 -gemmO 62 -transA=True -transB=True -transC=True -transO=True --perf_config=attn:v1:128,128,16,2,1,1,32,3,3,0,1 -pv
-operation gemm_gemm -t bf16 --arch gfx950:sramecc+:xnack- --num_cu 256 --num_chiplets 8 -g 1 -m 39 -k 91 -n 2 -gemmO 109 -transA=True -transB=True -transC=True -transO=True --perf_config=attn:v1:32,32,16,2,1,8,32,1,3,1,8 -pv -RMS_threshold 1e-2
-operation gemm_gemm -t f16 --arch gfx950:sramecc+:xnack- --num_cu 256 --num_chiplets 8 -g 2 -m 36 -k 73 -n 9 -gemmO 9 -transA=True -transB=False -transC=True -transO=False --perf_config=attn:v1:64,64,16,2,1,1,32,1,2,8,4 -pv
-operation gemm_gemm -t bf16 --arch gfx950:sramecc+:xnack- --num_cu 256 --num_chiplets 8 -g 2 -m 45 -k 62 -n 104 -gemmO 112 -transA=True -transB=True -transC=True -transO=True --perf_config=attn:v1:32,16,16,2,1,2,16,3,3,4,1 -pv -RMS_threshold 1e-2
-operation gemm_gemm -t f16 --arch gfx950:sramecc+:xnack- --num_cu 256 --num_chiplets 8 -g 2 -m 89 -k 65 -n 7 -gemmO 103 -transA=True -transB=True -transC=False -transO=True --perf_config=attn:v1:32,64,16,2,1,1,32,4,2,4,8 -pv
-operation gemm_gemm -t f16 --arch gfx950:sramecc+:xnack- --num_cu 256 --num_chiplets 8 -g 1 -m 60 -k 28 -n 128 -gemmO 63 -transA=False -transB=True -transC=False -transO=True --perf_config=attn:v1:256,32,16,2,1,8,0,2,3,0,1 -pv
-operation gemm_gemm -t f16 --arch gfx950:sramecc+:xnack- --num_cu 256 --num_chiplets 8 -g 1 -m 51 -k 112 -n 68 -gemmO 10 -transA=True -transB=True -transC=True -transO=True --perf_config=attn:v1:128,32,16,2,1,1,0,4,1,1,4 -pv
-operation gemm_gemm -t f16 --arch gfx950:sramecc+:xnack- --num_cu 256 --num_chiplets 8 -g 2 -m 67 -k 69 -n 100 -gemmO 73 -transA=False -transB=False -transC=False -transO=False --perf_config=attn:v1:256,16,32,2,1,16,0,3,1,0,4 -pv
-operation gemm_gemm -t bf16 --arch gfx950:sramecc+:xnack- --num_cu 256 --num_chiplets 8 -g 1 -m 78 -k 31 -n 50 -gemmO 74 -transA=False -transB=False -transC=False -transO=True --perf_config=attn:v1:256,32,16,2,1,8,0,1,1,2,8 -pv -RMS_threshold 1e-2
-operation gemm_gemm -t f16 --arch gfx950:sramecc+:xnack- --num_cu 256 --num_chiplets 8 -g 1 -m 50 -k 114 -n 56 -gemmO 34 -transA=True -transB=False -transC=False -transO=True --perf_config=attn:v1:64,64,16,2,1,4,0,4,1,4,4 -pv
-operation gemm_gemm -t f16 --arch gfx950:sramecc+:xnack- --num_cu 256 --num_chiplets 8 -g 1 -m 96 -k 100 -n 37 -gemmO 52 -transA=False -transB=False -transC=False -transO=False --perf_config=attn:v1:256,128,32,2,1,1,16,2,2,8,8 -pv
-operation gemm_gemm -t f16 --arch gfx950:sramecc+:xnack- --num_cu 256 --num_chiplets 8 -g 2 -m 66 -k 78 -n 2 -gemmO 61 -transA=True -transB=False -transC=False -transO=True --perf_config=attn:v1:64,32,32,2,1,2,16,1,2,2,2 -pv
-operation gemm_gemm -t f16 --arch gfx950:sramecc+:xnack- --num_cu 256 --num_chiplets 8 -g 2 -m 39 -k 69 -n 46 -gemmO 115 -transA=False -transB=True -transC=False -transO=True --perf_config=attn:v1:64,128,16,2,1,1,16,4,2,1,4 -pv
-operation gemm_gemm -t f16 --arch gfx950:sramecc+:xnack- --num_cu 256 --num_chiplets 8 -g 1 -m 55 -k 123 -n 83 -gemmO 1 -transA=False -transB=False -transC=True -transO=True --perf_config=attn:v1:128,256,32,2,1,2,16,2,1,8,0 -pv
-operation gemm_gemm -t f16 --arch gfx950:sramecc+:xnack- --num_cu 256 --num_chiplets 8 -g 2 -m 82 -k 127 -n 71 -gemmO 126 -transA=False -transB=False -transC=False -transO=True --perf_config=attn:v1:16,32,32,2,1,4,16,1,3,8,1 -pv
-operation gemm_gemm -t f16 --arch gfx950:sramecc+:xnack- --num_cu 256 --num_chiplets 8 -g 1 -m 8 -k 107 -n 70 -gemmO 64 -transA=False -transB=False -transC=True -transO=True --perf_config=attn:v1:16,128,16,2,1,8,0,4,3,2,2 -pv
-operation gemm_gemm -t bf16 --arch gfx950:sramecc+:xnack- --num_cu 256 --num_chiplets 8 -g 2 -m 26 -k 54 -n 27 -gemmO 105 -transA=True -transB=True -transC=True -transO=False --perf_config=attn:v1:64,16,16,2,1,2,0,2,3,4,1 -pv -RMS_threshold 1e-2
-operation gemm_gemm -t f16 --arch gfx950:sramecc+:xnack- --num_cu 256 --num_chiplets 8 -g 2 -m 26 -k 119 -n 111 -gemmO 76 -transA=True -transB=True -transC=False -transO=False --perf_config=attn:v1:128,256,32,2,1,16,16,1,2,2,8 -pv
-operation gemm_gemm -t f16 --arch gfx950:sramecc+:xnack- --num_cu 256 --num_chiplets 8 -g 1 -m 65 -k 93 -n 38 -gemmO 127 -transA=True -transB=True -transC=False -transO=False --perf_config=attn:v1:128,32,16,2,1,2,0,4,1,8,8 -pv
-operation gemm_gemm -t f16 --arch gfx950:sramecc+:xnack- --num_cu 256 --num_chiplets 8 -g 2 -m 10 -k 67 -n 107 -gemmO 91 -transA=False -transB=False -transC=True -transO=True --perf_config=attn:v1:32,32,16,2,1,1,32,1,2,8,8 -pv
-operation gemm_gemm -t f16 --arch gfx950:sramecc+:xnack- --num_cu 256 --num_chiplets 8 -g 2 -m 126 -k 105 -n 107 -gemmO 97 -transA=True -transB=True -transC=True -transO=False --perf_config=attn:v1:64,64,32,2,1,4,16,4,2,2,8 -pv
-operation gemm_gemm -t f32 --arch gfx950:sramecc+:xnack- --num_cu 256 --num_chiplets 8 -g 2 -m 49 -k 61 -n 12 -gemmO 5 -transA=True -transB=False -transC=True -transO=False --perf_config=attn:v1:64,256,32,2,1,8,0,1,3,2,1 -pv -relDiff_threshold 1e-4
-operation gemm_gemm -t f16 --arch gfx950:sramecc+:xnack- --num_cu 256 --num_chiplets 8 -g 1 -m 53 -k 99 -n 48 -gemmO 89 -transA=True -transB=False -transC=True -transO=False --perf_config=attn:v1:64,16,16,2,1,4,16,1,3,8,4 -pv
-operation gemm_gemm -t bf16 --arch gfx950:sramecc+:xnack- --num_cu 256 --num_chiplets 8 -g 1 -m 84 -k 34 -n 29 -gemmO 114 -transA=False -transB=False -transC=False -transO=True --perf_config=attn:v1:256,256,32,2,1,8,16,1,1,2,8 -pv -RMS_threshold 1e-2
-operation gemm_gemm -t bf16 --arch gfx950:sramecc+:xnack- --num_cu 256 --num_chiplets 8 -g 2 -m 121 -k 73 -n 31 -gemmO 7 -transA=False -transB=True -transC=True -transO=True --perf_config=attn:v1:128,16,16,2,1,1,0,1,1,4,4 -pv -RMS_threshold 1e-2
-operation gemm_gemm -t bf16 --arch gfx950:sramecc+:xnack- --num_cu 256 --num_chiplets 8 -g 1 -m 64 -k 108 -n 28 -gemmO 118 -transA=False -transB=False -transC=True -transO=True --perf_config=attn:v1:128,256,16,2,1,16,32,2,2,1,2 -pv -RMS_threshold 1e-2
-operation gemm_gemm -t f16 --arch gfx950:sramecc+:xnack- --num_cu 256 --num_chiplets 8 -g 1 -m 111 -k 34 -n 51 -gemmO 76 -transA=False -transB=True -transC=True -transO=False --perf_config=attn:v1:256,32,16,2,1,4,16,3,3,2,8 -pv
-operation gemm_gemm -t bf16 --arch gfx950:sramecc+:xnack- --num_cu 256 --num_chiplets 8 -g 1 -m 106 -k 76 -n 72 -gemmO 79 -transA=False -transB=True -transC=False -transO=True --perf_config=attn:v1:16,16,32,2,1,8,16,2,2,2,0 -pv -RMS_threshold 1e-2
-operation gemm_gemm -t f16 --arch gfx950:sramecc+:xnack- --num_cu 256 --num_chiplets 8 -g 2 -m 82 -k 115 -n 56 -gemmO 79 -transA=False -transB=True -transC=True -transO=False --perf_config=attn:v1:32,32,16,2,1,8,0,3,2,4,2 -pv
-operation gemm_gemm -t bf16 --arch gfx950:sramecc+:xnack- --num_cu 256 --num_chiplets 8 -g 2 -m 56 -k 121 -n 22 -gemmO 117 -transA=False -transB=True -transC=False -transO=True --perf_config=attn:v1:16,32,32,2,1,1,0,2,1,8,0 -pv -RMS_threshold 1e-2
-operation gemm_gemm -t bf16 --arch gfx950:sramecc+:xnack- --num_cu 256 --num_chiplets 8 -g 1 -m 112 -k 98 -n 76 -gemmO 67 -transA=False -transB=False -transC=False -transO=False --perf_config=attn:v1:16,16,32,2,1,1,32,4,2,2,2 -pv -RMS_threshold 1e-2
-operation gemm_gemm -t f16 --arch gfx950:sramecc+:xnack- --num_cu 256 --num_chiplets 8 -g 1 -m 5 -k 112 -n 33 -gemmO 114 -transA=False -transB=False -transC=False -transO=True --perf_config=attn:v1:64,256,32,2,1,16,16,3,2,0,2 -pv
-operation gemm_gemm -t f16 --arch gfx950:sramecc+:xnack- --num_cu 256 --num_chiplets 8 -g 2 -m 20 -k 98 -n 24 -gemmO 71 -transA=False -transB=False -transC=False -transO=True --perf_config=attn:v1:64,128,16,2,1,4,0,2,1,0,1 -pv
-operation gemm_gemm -t bf16 --arch gfx950:sramecc+:xnack- --num_cu 256 --num_chiplets 8 -g 1 -m 104 -k 116 -n 117 -gemmO 16 -transA=False -transB=True -transC=False -transO=False --perf_config=attn:v1:32,256,16,2,1,4,32,2,1,0,1 -pv -RMS_threshold 1e-2
-operation gemm_gemm -t f16 --arch gfx950:sramecc+:xnack- --num_cu 256 --num_chiplets 8 -g 1 -m 108 -k 76 -n 9 -gemmO 26 -transA=True -transB=False -transC=True -transO=True --perf_config=attn:v1:32,128,32,2,1,2,16,1,2,2,2 -pv
-operation gemm_gemm -t bf16 --arch gfx950:sramecc+:xnack- --num_cu 256 --num_chiplets 8 -g 2 -m 94 -k 81 -n 80 -gemmO 78 -transA=False -transB=True -transC=True -transO=True --perf_config=attn:v1:128,32,16,2,1,1,16,3,2,4,4 -pv -RMS_threshold 1e-2
-operation gemm_gemm -t bf16 --arch gfx950:sramecc+:xnack- --num_cu 256 --num_chiplets 8 -g 1 -m 50 -k 69 -n 81 -gemmO 67 -transA=True -transB=True -transC=True -transO=True --perf_config=attn:v1:16,32,16,2,1,16,16,1,2,1,1 -pv -RMS_threshold 1e-2
-operation gemm_gemm -t f16 --arch gfx950:sramecc+:xnack- --num_cu 256 --num_chiplets 8 -g 1 -m 69 -k 36 -n 82 -gemmO 66 -transA=False -transB=True -transC=False -transO=False --perf_config=attn:v1:256,32,16,2,1,8,0,1,1,0,8 -pv
-operation gemm_gemm -t f16 --arch gfx950:sramecc+:xnack- --num_cu 256 --num_chiplets 8 -g 1 -m 112 -k 84 -n 52 -gemmO 2 -transA=True -transB=False -transC=True -transO=False --perf_config=attn:v1:32,128,16,2,1,4,16,4,2,1,2 -pv
-operation gemm_gemm -t f16 --arch gfx950:sramecc+:xnack- --num_cu 256 --num_chiplets 8 -g 2 -m 43 -k 83 -n 119 -gemmO 56 -transA=False -transB=True -transC=False -transO=False --perf_config=attn:v1:256,256,16,2,1,1,32,3,1,4,8 -pv
-operation gemm_gemm -t bf16 --arch gfx950:sramecc+:xnack- --num_cu 256 --num_chiplets 8 -g 2 -m 45 -k 31 -n 39 -gemmO 20 -transA=False -transB=False -transC=True -transO=False --perf_config=attn:v1:32,256,16,2,1,16,0,2,2,2,8 -pv -RMS_threshold 1e-2
-operation gemm_gemm -t f16 --arch gfx950:sramecc+:xnack- --num_cu 256 --num_chiplets 8 -g 1 -m 105 -k 89 -n 90 -gemmO 45 -transA=True -transB=True -transC=True -transO=False --perf_config=attn:v1:64,16,64,2,1,8,0,4,3,4,2 -pv
Passed: 866, Not applicable: 20, Failed: 114
